Glottocode,Family_ID,GPGLMM_3D_Mean,GPGLMM_3D_SE,Isolate_Flag,Verkerk_BRMS_Mean,Verkerk_BRMS_SE
abad1241,aust1307,-1.5184125456812465,0.0802143253743769,0,0.211290860965,3.012020317380515
abee1242,atla1278,1.224216472701384,0.0867677079107582,0,2.2366609696275,3.252720127986665
abkh1244,abkh1242,-7.116414399252642,2.129270388123275,0,-9.23388243815,5.2682554625349
abua1245,nucl1708,2.1328027694434066,0.676554293628035,0,0.39497226453574996,3.5783698176464647
abun1252,abun1252,1.382637852894125,0.5272601572956723,1,-1.2339163569612501,3.683740539227745
achi1257,aust1307,-2.7721044354377202,0.15177506616517936,0,-1.3574099641675001,3.098961173416105
acha1250,araw1281,-6.3722955260976555,2.085498605317925,0,-11.201677811525,4.843040842366765
ache1245,narr1279,3.1709009333122333,0.3223079414911442,0,1.58256435578,3.9714286235813097
achi1256,maya1287,-7.634380072083341,1.8656510818608953,0,-10.4559519693,4.667762446772866
achu1248,jiva1245,-7.847984833877833,1.8607733787311609,0,-11.104087180025001,4.857145146291694
acol1236,nilo1247,2.9085090655379116,0.5610845684145735,0,4.83909494340375,3.60735066746537
adan1251,timo1261,-2.181872810548934,1.8750728214217518,0,-4.7565889530100005,3.884557268464885
adon1237,aust1307,2.00705148375684,0.14550801947660144,0,1.8261312540177501,3.1018369829130847
adze1240,aust1307,0.820954921066352,0.08766109139425976,0,1.68335241497075,3.0511500315027797
afar1241,afro1255,-3.373712959172658,0.08142746399835464,0,-2.6191653409824998,3.174087892763925
aghe1239,atla1278,2.9789285740311158,0.08846283476214904,0,1.925332972501,3.319783014511085
aghu1255,nucl1709,-3.5171102749928576,0.16730178027444265,0,-4.80483812378,3.634098918980415
agob1244,paho1240,-4.494919341887691,1.6079045513566579,0,-3.6569940618884997,3.96316105845896
agua1253,jiva1245,-6.225235437251482,2.170490750029631,0,-11.11849937117,4.841831527938091
agut1237,aust1307,-5.890851925715021,0.1897444733352221,0,-1.4104014605975,3.1712313555727203
aime1238,bosa1245,-3.0956523665176117,1.8802091062706308,0,-4.2499162591515,3.88926644687059
musa1266,nucl1709,-4.015033991092138,0.24127600678570918,0,-4.9001715686795,3.7892963221122002
ayiw1239,aust1307,2.1862822745002495,0.03662232675573401,0,0.87555509129025,3.074959990291865
ajab1235,atla1278,2.097529311477534,0.08258829874633433,0,2.694717727735,3.279669017356075
ajas1235,kres1240,-2.1790684476023583,1.3959786921310644,0,-1.6623811995622502,3.9126531169796896
ajie1238,aust1307,-1.7259432590605595,0.10010997338596105,0,0.3410969627325,3.064674667016305
ajyi1238,araw1281,-7.836691305153161,1.8711723668932827,0,-11.2122293396,4.805938745346065
west2635,maya1287,-7.633663629792162,1.8571624635870858,0,-10.413893223832499,4.6972571105929095
akei1237,aust1307,3.126438128467126,0.05371845341688961,0,1.39169403736075,3.0632999317034
akha1245,sino1245,-2.246629329923991,0.17627612863886333,0,-4.36488701625,3.2662575645839897
akoo1248,atla1278,0.9670868745407128,0.08804324114378088,0,2.75332597505475,3.16484560355401
akun1241,tupi1275,-6.176866055334136,2.1525884339238854,0,-11.11897838425,4.83521595704428
alab1254,afro1255,-4.010897956109445,0.13966184629519585,0,-2.68886079165,3.196200538375825
alab1237,musk1252,-4.902793988492117,2.2452047848701713,0,-10.134805967225,4.667618639345484
alac1244,otom1299,-6.287302356472873,1.9759476111118566,0,-10.580541532249999,4.649446133138965
alag1248,afro1255,1.9094488880472809,0.16331866262548914,0,-1.7468729813572499,3.14787158820388
aleu1260,eski1264,-5.068289029831233,2.5399901007220906,0,-9.737328536275001,4.685316444309295
alor1247,aust1307,1.8176184990908353,0.13164723648448526,0,1.8631884038207,3.08272255400809
aluk1238,drav1251,-6.999199622495152,2.2366039672426337,0,-7.2763388424725,4.875759581887975
alya1239,pama1250,-3.7878769844055413,0.1885816075644267,0,-5.082803737957,3.76145722298964
amah1246,pano1259,-6.347617010638977,2.1027030079044686,0,-11.250515151125,4.807268287321911
amam1246,kuni1270,-3.8091075939475805,2.076849058916225,0,-4.265274407698,3.916007584129395
amap1240,left1242,-3.914726340237724,1.8540226660826142,0,-4.022703779374975,3.916881106548045
amar1272,aust1307,2.1940260696092073,0.13249791408073783,0,1.04062865132,3.056065445711705
amar1274,hara1260,-7.700726024649402,1.9291965315836404,0,-11.111259760500001,4.8818538644057
amas1236,nyim1244,-1.2404765504542703,1.561597246666836,0,-3.3082318482149997,4.001356292322355
amdo1237,sino1245,-5.721486299441566,0.1200804404906348,0,-4.7463673432724995,3.47181454145435
amii1238,west2434,-0.2403880985706852,0.12598485791478575,0,-1.03719976163925,3.585322584660935
amis1246,aust1307,-5.351822919975227,0.24409574552390642,0,-0.809496240845,3.296338252860525
hoaa1235,kxaa1236,1.5983969577099435,0.47749815663804845,0,0.9206555016215,3.93382913811041
amri1238,sino1245,-5.525197520645755,0.3108802420126823,0,-4.4731342450225,3.5088520112124097
gily1242,nivk1234,-6.683054616983689,2.3192976965058754,0,-7.727900451663,5.644592262179655
anei1239,aust1307,0.8353748333835456,0.028987019362472277,0,1.549298656547,3.04948816076811
anfi1235,gong1255,-3.82072699545751,2.059165604536367,0,-3.20028309812825,3.65901347684001
anga1290,anga1289,0.9467670125228924,0.6823016213059814,0,-0.654346462725,3.54674397194138
anga1288,sino1245,-6.346837739018714,0.16711815201593905,0,-4.4772153690300005,3.51359216207705
ango1257,chib1249,-6.4292387770310775,2.0312290042782544,0,-11.243549447774999,4.79021015905141
wara1294,more1255,-4.5417769606612595,1.544883893957657,0,-3.97041932199275,3.96738836228198
anta1255,aust1307,-1.7017895856250917,0.21126011194835145,0,-0.1436959822825,2.98126992755542
anua1242,nilo1247,3.1021680308010526,0.5312442098305324,0,4.839349599165,3.601813733047305
anuu1241,sino1245,-3.505053439484477,0.20586605234888392,0,-3.8531494356225,3.43856872397228
anut1237,aust1307,2.7660135486280035,0.10350505538959705,0,1.241120396613,2.94683479000053
aoua1234,taik1256,-5.814071360604759,1.9065495161415347,0,-4.65182883531,3.916413199687025
apma1240,aust1307,2.3931056648281146,0.17578216122025267,0,1.54315867348725,3.053236453638735
apma1241,kera1258,-3.3524458102104697,2.2402303473228433,0,-3.9026682508199997,3.90507489165692
arak1252,aust1307,3.2293131459293622,0.05708320219406844,0,1.360766663364,3.051882542691485
arao1248,pano1259,-6.316218963042674,2.107494859308691,0,-11.246338788502499,4.80771485939251
arap1274,algi1248,-6.734888292518375,2.4239366381758183,0,-10.063156701825001,4.625953375616055
arbo1245,afro1255,-1.5537699343180593,0.18570764694204758,0,-2.6768436432845,3.1125347485033297
arch1244,nakh1245,-7.20391818220996,2.08769169713951,0,-9.353662393,5.231654987299175
aree1239,aust1307,-1.015371258875494,0.01731054625467522,0,0.43963326548,3.04548388386347
area1240,aust1307,-1.6845424954257875,0.09194785999842658,0,0.8811710861575,3.03536601786432
argo1244,afro1255,-3.7890121910371826,0.11365712170875511,0,-3.402288360315,3.45358585868069
arhu1242,chib1249,-6.306390086975025,2.0644241682654108,0,-11.25406431275,4.8026723798793
arig1246,atla1278,0.3179859101712061,0.11220000368331698,0,2.244921642175,3.2483885585521852
arom1237,indo1319,-7.552885606397676,1.965435615906953,0,-10.137115515675,5.0435240982603
arop1243,aust1307,0.8355344363746293,0.02127904192897631,0,1.31761388340075,3.02816902209811
arop1242,aust1307,0.8026714726633544,0.15429138224150069,0,1.00038522508325,3.0576600632120003
aros1241,aust1307,-0.8782623344922229,0.044770453827647196,0,0.5964127927675,3.040701320658055
arta1239,aust1307,-5.900394830203208,0.23146213243426889,0,-1.58700961810175,3.147562849596235
ashe1272,araw1281,-7.790608639803313,1.8902732908184168,0,-11.212724222975,4.80377358472414
asoa1238,cent2225,1.608331830313816,0.04003539066435971,0,1.238347936037,3.1672324500315447
assi1247,siou1252,-2.4821920247397324,0.09136425547326747,0,-6.56438600575,4.010253026865589
asur1254,aust1305,-4.6984662576406135,0.10904381702137082,0,-1.02228475378525,3.236115014751525
asut1235,atla1278,4.202437625922219,0.28511193507192434,0,3.8092560173625003,3.142143505408065
athp1241,sino1245,-7.358021577564198,0.13499139270557287,0,-4.425078678035,3.5109243571135798
aton1241,sino1245,-5.595398336133599,0.3136422931713044,0,-4.182617286539999,3.4485017350906952
auuu1241,nucl1708,2.3061655459213433,0.8296377328038181,0,0.768022495445,3.545970080145135
aulu1238,aust1307,3.166286089078909,0.057711143985046585,0,1.343015927797,3.0593580704313803
auye1238,nucl1709,-3.18049874198382,0.1363323807149957,0,-4.712335400604999,3.6189685231642548
avac1239,tupi1275,-5.62116784536842,2.290634697851746,0,-11.131778770699999,4.84748837916362
avat1244,atla1278,1.5604537739171227,0.042443486302877836,0,2.8168170732401,3.2783706960237353
katb1237,aust1307,3.0969354231835013,0.053223408990536035,0,0.82799348675675,3.0419118110172496
avok1242,cent2225,0.5010647897369476,0.12429547828946436,0,-0.2455001519825,3.174321954363895
awac1239,barb1265,-7.805611895926891,1.884090414785218,0,-11.005149645925,4.83986866420877
awad1244,aust1307,-0.38672308097405844,0.08884852635074278,0,0.27946141057,3.0267533729818448
awad1243,indo1319,-8.124133628091233,2.1077597626196622,0,-10.08222922766575,5.110896470884875
awap1236,nucl1709,-3.967029812130577,0.14877076954928042,0,-4.8261087857117495,3.60645305521517
awar1249,ramu1234,-3.5857324276508957,2.424778678961277,0,-4.00675495145925,3.96117350721502
awar1248,nucl1709,-3.1126353902756048,0.25193823489049477,0,-5.03830135186675,3.62720650234755
awet1244,tupi1275,-7.629490100887391,1.9439427141833998,0,-11.12649514135,4.840855081964235
awji1241,afro1255,-3.897216369870498,0.33495365937597205,0,-3.343903837045,3.3552321325692303
awtu1239,sepi1257,-4.0903782356304585,1.7942637645372632,0,-4.572724932055,3.89709601106205
axam1237,aust1307,3.064553111809714,0.0591733975346623,0,1.3878040510475,3.0348233402952447
axiy1235,sino1245,-2.6687815246898206,0.10164714513227333,0,-4.8921797708,3.34003791528711
ayac1239,quec1387,-7.598723678316894,1.9744158136864296,0,-11.09011848125,4.814091972203681
azha1235,sino1245,-2.618432258285646,0.06803732470403268,0,-4.89611339649775,3.3424727831033803
baba1264,atla1278,2.046073629319228,0.15014666657540768,0,0.38806410241837497,3.32120383426942
baba1266,atla1278,2.4837975081161003,0.12418327684212715,0,1.9985408483550002,3.29407563547156
bada1257,drav1251,-6.996415576670831,2.235976627013454,0,-7.287243944555,4.8391323758136195
bafa1247,atla1278,0.38060708402489674,0.057394760469351096,0,2.2613679117625,3.164952669775775
bafi1243,atla1278,2.97223805350463,0.13484749324640646,0,3.3143083536315,3.242645206613105
bafu1246,atla1278,2.7551774664644135,0.09508515579059838,0,0.96306232409425,3.2977844886349903
baga1273,atla1278,1.2361124098438365,0.025092699564648647,0,2.7100998089745003,3.1835341209217054
baga1272,atla1278,1.3054368972251282,0.019228750425035836,0,2.7179825787794,3.2037497276034452
bagi1246,cent2225,3.671888430201686,0.17479591714055048,0,2.1409006355924998,3.131783906497835
bagv1239,nakh1245,-7.220894136680178,2.0848898067971704,0,-9.36846890475,5.264646310001066
bahn1262,aust1305,-1.9949710916466143,0.15940071053881738,0,0.21946944700499998,3.06008337051278
baim1244,sino1245,-3.9373361987291595,0.16343731440330814,0,-4.7714077321240005,3.46221300171756
baka1272,atla1278,2.1477228914858792,0.1910664893889439,0,4.829953037405,3.13920730196822
baka1274,cent2225,-0.27005512218270983,0.14490422568078037,0,2.24333348693,3.14747693927836
baki1244,aust1307,3.3186989762063193,0.06813522019100762,0,1.65211188324075,3.05712568543916
bala1316,aust1307,-2.426528033208642,0.12654417016950592,0,0.6840789922925,3.0714432118861
bala1311,aust1307,-4.224229656242779,0.29269063829620834,0,-1.046874362975825,3.0977333977461052
bala1315,aust1307,-1.4738719640733176,0.19337681569214982,0,-0.866595867915,3.101282442223125
bali1278,aust1307,-2.9436623257232246,0.169285505116887,0,-1.4649394790225,3.076576191946125
liki1240,atla1278,5.31636647806293,0.10635313903324049,0,4.36194646861425,3.19828221625424
bamb1270,aust1307,0.0870340618478762,0.13099083489906277,0,-0.4060061077075,3.07764520555855
bamb1262,maoo1243,-2.9556066897295428,2.0830976071586393,0,-3.005916863154,4.001466417651835
bamu1253,atla1278,0.24842787326100785,0.08779665667196107,0,0.55266239172225,3.288684035454765
bamw1238,atla1278,5.404314100324573,0.12274138657898719,0,4.331120714887501,3.20939003799784
band1344,atla1278,3.865312204116907,0.4173203039554409,0,4.8935245921675,3.1884692112058453
bang1363,bang1363,-2.614625097823224,2.074420910112244,1,-2.32384426437,4.042492004719065
bang1369,sino1245,-5.117661020872706,0.2714496233423618,0,-3.816090025395,3.413613755317905
bant1281,sino1245,-7.362813839091883,0.14147683476231435,0,-4.4055825116600005,3.494818994013775
bant1288,aust1307,-5.882697831258717,0.21926150201319136,0,-1.84664380811,3.15793908942271
bara1357,sino1245,-7.322997167993705,0.1703948494724834,0,-4.43220348549,3.4928310460620597
nucl1630,koia1260,-4.555578602085585,2.19149995797798,0,-4.220507178915,3.91176205198896
bare1279,afro1255,-0.1088610454262779,0.1259879423273402,0,-0.8617605564855,3.2464696029728604
bara1369,aust1307,1.382333182122995,0.20182865884524984,0,0.051559265605500004,2.9714594571552846
bara1370,aust1307,-4.1734936784320995,0.19892687817001403,0,-1.2432280135375,3.15000165570357
bara1380,tuca1253,-7.959070861751513,1.8048557254833963,0,-11.1816194249,4.84286582544221
bare1276,araw1281,-6.316736111772035,2.1041057612777565,0,-11.2072067169,4.805116970600174
barg1252,nucl1709,-4.534618833705663,0.4221148373523293,0,-4.8073746336035,3.7985236992493396
bari1286,aust1307,2.1984039819509573,0.1303495971078576,0,1.044395706955,3.0663697517193347
baro1253,aust1307,-1.1052925071065356,0.19679278073436013,0,-0.0824383224899975,3.0600999155241846
basa1282,atla1278,3.2859868806258508,0.08288065519445521,0,3.20577813274,3.3076550103797002
bash1264,turk1311,-6.956166913626683,2.189471564011365,0,-9.2800518757765,5.148304421965335
basq1248,basq1248,-5.151624976696426,2.491635755959732,1,-4.71895339696,4.432490211914785
bata1289,aust1307,-3.4166964558204747,0.1677331633239037,0,-1.16169761108925,3.094331897222065
bata1285,atla1278,-0.465830507805415,0.18740980902071655,0,2.1107242930070003,3.1716659562255547
bats1242,nakh1245,-7.219935645392352,2.0844454341717253,0,-9.38228943023825,5.29352831908634
baur1253,araw1281,-7.781125922905504,1.8763387089000674,0,-11.22169642825,4.783598749471485
bawm1236,sino1245,-4.026670675627565,0.21903964341560936,0,-4.5423018988475,3.50467272683278
bayb1234,aust1307,-5.5018068743373325,0.20797541995110178,0,-1.8620747504700002,3.148924381263715
bebe1248,atla1278,3.62846592878878,0.09559620907887237,0,3.4607521149975,3.224345569960885
beja1238,afro1255,-3.856606325324894,0.11000698352206512,0,-2.6464536417159996,3.2567228861221
bekw1241,atla1278,3.185406662668136,0.10135269987457791,0,3.1777039836495,3.35046681504393
bela1256,nilo1247,4.18278328964351,1.0954239229261193,0,4.835486177300005,3.62675226492603
bela1254,indo1319,-7.452522315257514,1.9865861502722735,0,-10.13072306688935,5.0783244398691245
beli1257,cent2225,2.4832692677064157,0.12499749577116595,0,2.0593234220257504,3.15675387049314
bell1243,sali1255,-7.140463909103515,2.3030180287994693,0,-9.8041804173925,4.612207718726415
belu1239,atla1278,2.822055463005193,0.15652890170507328,0,3.732418053185,3.23776176096337
bemb1257,atla1278,2.315083937519971,0.10896024384491197,0,3.1623507207259998,3.103213373726125
benc1235,gong1255,-5.238892924827935,2.0695281196714075,0,-3.0479285052375,3.682818453298365
beng1282,atla1278,-0.4918376894116121,0.18894152029904038,0,2.1069031122385,3.1755195382093353
bent1238,dogo1299,-3.205190728748711,1.873016114563074,0,-2.913197895055,3.85826447282337
zagh1240,saha1256,-2.723494133009901,0.09038241466289283,0,-2.1861150480075002,3.59260612231055
bert1248,bert1248,1.6378079925026099,0.4248916313531089,1,2.1266106967139997,4.2471326065164305
bezh1248,nakh1245,-7.217493858785565,2.0856182226701643,0,-9.3460880533625,5.25302783239756
bhoj1244,indo1319,-8.226221407862058,2.1139162662289044,0,-10.113799493950001,5.090241834315011
biao1254,hmon1336,-7.618837158415126,1.8518164483806212,0,-4.79951171475925,3.8521475605653848
biao1256,hmon1336,-6.397741792892639,2.1622490552776124,0,-4.82778347697,3.81269453225276
bier1244,aust1307,2.282175067578767,0.20311221866126886,0,1.663702517238,3.051403885613075
bign1238,aust1307,3.1968800867905705,0.048386692533041176,0,1.090980857553,3.0498008397977303
biha1246,aust1307,-1.8715333963853396,0.13989322989270483,0,-1.4009541164715,3.078706298590555
bilb1241,aust1307,-1.0399451894206486,0.11665106038111334,0,0.27353689142475,3.0532427410353202
bili1260,afro1255,-2.1622532824304583,0.13818279625421565,0,-2.8738599053150002,3.188078454664825
bimi1240,nucl1709,-3.447232646176232,0.08045503334049056,0,-4.826898488727499,3.618629803173175
bina1277,nucl1709,-4.3251912692595464,0.31952811500701556,0,-4.6394382341650005,3.60905442191998
bini1246,atla1278,2.1863884677555063,0.04740855803874791,0,3.58677211794875,3.2667207746790297
gunw1252,gunw1250,-4.550138602906446,1.4874830084079451,0,-3.9041137131825003,3.9656583152892297
bisu1244,sino1245,-2.7107198525735576,0.22658784677995464,0,-4.5377312136075005,3.29745367532172
bitt1240,aust1305,0.06756636363540555,0.03056689588997075,0,-0.3134109098375,3.0301847512769697
biwa1243,yuat1252,-3.2355218768906284,2.228329903673078,0,-3.9342534245375003,3.88901103432909
blab1237,aust1307,-2.2166782783230294,0.13418490230917096,0,-0.13794815379925,3.06632367641106
bang1354,atla1278,4.3509451160356925,0.1287483961669458,0,4.359490503075,3.1973329508582147
bodo1272,atla1278,5.139630055852612,0.3567452285715923,0,3.6977921682675,3.217180765777555
bodo1267,aust1305,-4.436268753695671,0.10307595273841755,0,-1.025599531125,3.223114423170935
bodo1269,sino1245,-6.996364531196319,0.13879237920623197,0,-4.152183174499999,3.461105240628
bola1250,aust1307,1.5351014591169774,0.0824982876198963,0,0.19088607606027502,3.05180059790565
bolg1251,atla1278,4.070879783784736,0.3430997331792256,0,3.9068268054375,3.2754180898123453
chim1302,quec1387,-7.800509364858391,1.891298443793266,0,-11.070785605175,4.82797053265151
bolo1262,atla1278,4.968833406350594,0.11512071156438125,0,4.3650272812455,3.197811611033675
boly1239,aust1305,-0.8289259533240201,0.03868329134073614,0,0.8411705596415,3.01808077330878
bomb1262,atla1278,5.462904804931302,0.12672793731167292,0,4.3286435490875,3.18684614226769
bomk1234,atla1278,1.5141877832445165,0.08294646496693775,0,2.8175490735424997,3.204425709324185
bona1250,mong1349,-4.686322952622217,2.3702779076963623,0,-8.08619301349,5.136126258227405
bond1247,atla1278,3.8021225891540076,0.21997685593541005,0,3.8970732440914997,3.147487244211475
bond1245,aust1305,-4.457245957690481,0.09226005351461418,0,-1.021881180955,3.2289134589138246
bong1289,aust1307,-4.675250469448922,0.2838603229659713,0,-1.23207407531025,3.13259173752241
bong1284,atla1278,4.559932253588254,0.11132707342270254,0,3.8890992679950003,3.231319489984335
bong1285,cent2225,1.4039215741875886,0.3138438296747142,0,1.989364382162,3.150131999099915
bora1263,bora1262,-6.32597165831727,2.127939414156079,0,-11.07412895265,4.852300128454295
bord1248,chib1249,-6.450861264286225,2.0219281192157044,0,-11.2842248735,4.754207086504195
bori1243,sino1245,-6.311083957161184,0.14210948020092812,0,-3.5417379746,3.3593113577217046
boro1277,gong1255,-3.62528241764205,2.0325885313222902,0,-3.21632208678,3.6466951794667253
boro1282,boro1281,-7.43464620844655,2.019600980166141,0,-11.040289132525,4.882007965718126
boto1242,aust1307,-5.931377794534754,0.22598226443854763,0,-1.548924293776,3.17046197452747
boun1245,nucl1709,-3.319821850822902,0.08508726368086489,0,-4.1728196132425,3.4877309165943
brah1256,drav1251,-6.968678691250029,2.182535375255007,0,-7.21131996008,4.824189663293669
lave1249,aust1305,0.8914156075361701,0.11463249039429982,0,0.7558338748805,3.043543077324655
bret1244,indo1319,-7.336095727298139,2.0571041167517836,0,-10.0812098105325,5.061995461013
brib1243,chib1249,-6.305224450954683,2.060636944711481,0,-11.2634899416,4.7736019274690005
budu1248,nakh1245,-7.1815301554359845,2.0957623844754383,0,-9.383336949478249,5.233721036729715
budu1265,afro1255,2.9200493037833404,0.1368188551460218,0,0.1273179626995,3.238650340363815
budz1238,atla1278,4.556098758140271,0.07395453325113142,0,4.334395344195,3.211925279805115
buga1247,aust1305,-0.0656085318414856,0.118095613811272,0,0.96460737793525,3.01724004377102
buga1250,aust1307,1.077197058796738,0.03155524970691744,0,1.527456226719,3.039286082474475
bugi1244,aust1307,-0.9711943606234614,0.08150723532412119,0,-1.02739063412,3.10637920633621
bugl1243,chib1249,-6.30619440359258,2.063354765838222,0,-11.2880856827,4.771779203055755
buhu1237,aust1307,-0.2140925735444696,0.14179972939000726,0,1.06337217410325,3.0506345544052698
bujh1238,sino1245,-7.330316781572176,0.17714064468227667,0,-4.4462919027425,3.4822741011505
buku1249,atla1278,3.7010568449150725,0.17018278455536676,0,3.58094925491225,3.120183472462595
bull1247,atla1278,1.515369274948906,0.06982446051470588,0,2.808903583726,3.20228881678996
bulo1242,aust1305,0.0336596666146391,0.07486468675005434,0,0.5510791952727501,3.037001388101075
bumt1240,sino1245,-5.60649929089235,0.31493769003123384,0,-4.679876956096249,3.47711422524697
buna1276,aust1307,-1.1675901368741983,0.03930524181200163,0,0.1052639720025,3.0563091755144898
gahr1239,sino1245,-6.9006153418362075,0.248437862345948,0,-4.60132895785,3.520531528339445
bund1253,indo1319,-7.921977427801087,2.1262343490117246,0,-10.097874739769999,5.06906418364801
buol1237,aust1307,-2.6555697774974183,0.20180365906828304,0,-1.6621663759477499,3.159316371493505
bura1292,afro1255,3.3818222720967954,0.10871767310217928,0,0.20120429705925,3.2656126359093847
bure1242,afro1255,3.0834967380300764,0.12236099952728159,0,-0.22834557077075,3.211242724894915
burj1242,afro1255,-3.34275160974582,0.11598400297602156,0,-2.670903942471,3.1880221403771403
nucl1310,sino1245,-2.545990985254624,0.15859280274902915,0,-4.7711603104625,3.382938339257035
buru1320,afro1255,1.649795374681446,0.15641592646655905,0,-1.7147351137875,3.1433580158352648
buru1296,buru1296,-7.004390935292863,2.2770064119258673,1,-7.07269340838525,5.56211619115393
busa1253,mand1469,2.0103950749070956,0.09266806835950875,0,0.1531708067275,3.303073003327585
bush1247,atla1278,3.139231773055515,0.11902131588139679,0,4.287023358002751,3.211866679982525
buwa1243,afro1255,3.4621171554322903,0.11069352835507959,0,0.2189625427775,3.305533531578755
bwai1242,aust1307,-1.4612196471813368,0.07695814128582953,0,0.1182567509845,3.058486510133825
bwat1240,aust1307,-2.718170262066005,0.14113928241032056,0,0.956510221755,3.045142953753915
byan1241,sino1245,-7.088276426918951,0.2289144926636237,0,-4.5804792623228,3.49939864747058
caac1237,aust1307,-2.310814163441504,0.13795825362382047,0,0.62809988239725,3.046448081246135
cabe1245,chib1249,-6.298457377806568,2.0611224120262257,0,-11.264917168775,4.7707883786316145
cahu1264,utoa1244,-5.4414903917633435,2.3354495711755034,0,-10.299016577795001,4.578683488105745
cakf1236,afro1255,2.623008982578523,0.07139097562568995,0,0.202766112315,3.2655092329767204
cald1236,quec1387,-7.829663303481096,1.8781723342395986,0,-11.07792404715,4.824988639275115
camp1261,indo1319,-7.424747313134931,2.0190752053317564,0,-10.1315185877775,5.009891115383265
cams1241,cams1241,-7.853992485972235,1.8707888704200464,1,-11.096815122959999,4.902204758221226
cane1242,nucl1710,-5.521137516486171,2.3034245498140695,0,-11.16076189575,4.844674161964765
caom1238,taik1256,-5.093008271106791,2.2022024033187053,0,-4.647423606265001,3.8771088561027396
capa1241,pano1259,-7.969259375060274,1.8060155529398914,0,-11.23669567265,4.781455615311581
carn1240,aust1305,-2.703871036182944,0.14320241955252047,0,0.1053022212585,3.0859048596420102
caro1242,aust1307,-3.550421875219088,0.3148186690182752,0,-0.5850816653149999,2.988352773596925
cash1251,pano1259,-7.898435049228386,1.8393505362515976,0,-11.2364448199125,4.77083764687149
casi1235,aust1307,-5.900091805387751,0.23495466678593332,0,-1.61348370963725,3.17075745519094
stan1289,indo1319,-7.40649230672642,2.042188312493272,0,-10.116156003025,5.00609267658544
cavi1250,pano1259,-6.2868544903057835,2.117556546187609,0,-11.234333957575,4.809197280375585
cayu1262,cayu1262,-7.689957815676559,1.9218460084436544,1,-11.022753907775,4.871819093773185
cemu1238,aust1307,-0.9715907079786967,0.054499477129128664,0,1.40458556802895,3.040165333267855
cent2127,eski1264,-7.040496223654031,2.2704401733067967,0,-9.7636983095,4.682909599208376
cent2142,ayma1253,-7.543772056008299,1.9882087748675072,0,-11.061693820675,4.868976977878095
cent2004,sino1245,-1.7577324221541906,0.36893060232940905,0,-1.597264866142,3.215041388673005
cent2292,aust1307,-5.894471106618622,0.2264475143646942,0,-1.6323531889965,3.1570802527159403
cent2084,aust1307,-5.8154601773032475,0.24210473543498887,0,-1.6233220577525,3.14838525057454
cent2314,aust1305,2.50238716552733,0.14345409237524434,0,0.85834355161525,3.025396611142855
cent2050,saha1256,0.8662138585367098,0.13242168062307236,0,-1.57627837547875,3.457859929259495
cent1989,aust1305,1.6933889554741253,0.1537900553231399,0,0.8256803785525,3.033705502266175
cent2058,aust1307,1.6824674396617223,0.12480323055448682,0,1.05314104439225,3.018807920064215
mala1479,aust1307,-3.460895215428098,0.20408709298766908,0,-1.46282404704,3.005853678821495
cent2322,ural1272,-7.018482995643752,2.1753399666941955,0,-9.4526173429,5.15042400901478
cent1992,aust1305,-0.9478491374524594,0.06507355647771602,0,0.31887285883175,3.04966139216764
cent1990,aust1305,-2.835426592779176,0.1387728203211328,0,0.10996097104,3.08246227365739
cent2126,japo1237,-7.569107843912639,2.330625559773966,0,-4.186703889074125,4.00036762306209
cent2090,aust1307,-5.894885652065409,0.1921331510111848,0,-1.6161318629635,3.16258472654866
cent2131,utoa1244,-7.419188506976903,1.9265153858386075,0,-10.3067876698,4.5617231967003296
cent2150,chib1249,-6.42466815502198,2.0331488990887223,0,-11.24424579375,4.77332767275224
chac1251,pano1259,-6.32079803824864,2.103708338117325,0,-11.244893923867501,4.787466078109495
chad1249,afro1255,1.888458752299172,0.11299389062268846,0,-2.9949903582650004,3.04608133134974
chak1270,sino1245,-5.302443558383753,0.17835151029553822,0,-4.2320285738025,3.45578017219476
chak1271,atla1278,-0.0198856804929632,0.07920435581188764,0,2.30592749643,3.20194061227815
chal1275,afro1255,-4.96943079661115,0.36471337691286465,0,-3.6734855504594996,3.303855902051635
cham1309,nakh1245,-7.2129662587083025,2.0848237122216635,0,-9.374350533225,5.260663732845855
cham1312,aust1307,-4.529992296062092,0.15148227591142122,0,-0.48425163063724996,3.15992636134717
chan1313,sino1245,-5.965492423201971,0.1646340683150205,0,-4.172552801525001,3.4868154673173652
chas1234,sino1245,-1.748136299895519,0.08251758003839733,0,-4.8968119041425,3.3670503981313953
chec1245,nakh1245,-7.198262578413056,2.090098194742137,0,-9.376226311895,5.283569408692185
chek1238,aust1307,-3.369014954238427,0.16080935608568217,0,-0.0885471464775,3.08926720080533
chen1255,drav1251,-7.204826726331587,2.2570225431599287,0,-7.29327491047,4.83775035550853
chep1245,sino1245,-7.335708998503324,0.16984125507908085,0,-4.4326075270725,3.487369270706435
cher1273,iroq1247,-6.513356108934704,2.1715962683878405,0,-10.0770162077675,4.702572246647415
chey1247,algi1248,-6.703684609503538,2.5393112829082867,0,-10.049357319156,4.641812948217645
chil1280,atha1245,-5.3577146542530105,2.5580001381809714,0,-9.932545328175,4.641987415526565
chim1309,chib1249,-6.341861479404133,2.0531602419812427,0,-11.2537614067775,4.788976842850655
chhi1245,sino1245,-7.361938654908315,0.13740690129802097,0,-4.4420919785215,3.503936864008385
chip1261,atha1245,-5.104423096440467,2.635215623101666,0,-9.96778752154725,4.664853243361755
chip1241,algi1248,-5.813522978473609,2.4308779190267282,0,-10.067804641825,4.63528216681765
choc1276,musk1252,-4.825465369146716,2.2867727650673033,0,-10.137414511075,4.678378416458025
chon1284,aust1305,2.524367721636165,0.14833071836362324,0,0.8518983528865001,3.031814280419355
chot1239,sino1245,-5.750901826595915,0.18668272596928412,0,-4.5391419461375,3.5050497487186503
chra1242,aust1305,-1.4573531080164437,0.08206253358441387,0,0.3315641646205,3.04495933480615
chuj1250,maya1287,-7.627516571729711,1.8569388080743847,0,-10.431899098625,4.697027790941565
chuk1273,chuk1271,-6.608108033340791,2.360303208575762,0,-9.3615303858675,5.499407237185094
chuu1238,aust1307,-3.6613611256367857,0.11013452194996283,0,-0.5897851003425,2.974605411836605
chuv1255,turk1311,-7.000389387717112,2.16943645231218,0,-9.245651821225,5.1244050940884005
chuw1238,atla1278,2.6977126412954964,0.11313620345802232,0,2.44928505550601,3.057619107600495
cici1237,atla1278,3.9992459374433915,0.15912402941448395,0,3.1930350389775,3.3031708606527648
cent2087,aust1307,-5.8637039058239635,0.24129015536322998,0,-1.836361706382,3.15348830198691
sout2912,aust1307,-5.766098151636466,0.2532175485339699,0,-1.8340468759805,3.150945504717405
coat1243,otom1299,-6.35399997288388,1.964515690490961,0,-10.58052288075,4.620755023191555
coca1259,tupi1275,-7.990337578841284,1.8012198968251276,0,-11.099757461500001,4.8594194119859555
cogu1240,chib1249,-6.298569566818507,2.0658564729531395,0,-11.25033877525,4.7993622153310795
inga1252,quec1387,-7.874874487308543,1.856906555180246,0,-11.0626739803,4.83569267077036
colu1241,sali1255,-7.108857389976983,2.3821736185453095,0,-9.77536055396,4.62325600408291
coma1245,utoa1244,-6.763369622804312,1.9947484205730135,0,-10.28990450635,4.56552172619102
como1259,sali1255,-7.133848030056054,2.31463229770424,0,-9.791605099024999,4.642849235379065
cong1236,atla1278,1.775998910112429,0.0537671099263257,0,4.0034603098725,3.113064107260585
copa1237,otom1299,-6.317789322120643,1.9636259618613132,0,-10.557292633125,4.64428831884011
cors1241,indo1319,-5.733451882593836,2.2617364915014098,0,-10.13932040315,5.01867366133744
cosa1234,sino1245,-2.4330095654159374,0.16781333875202062,0,-4.4697094114475,3.29064202660713
cree1270,musk1252,-4.956463588203807,2.2744144537315174,0,-10.117960419774999,4.65697042219809
crim1257,turk1311,-7.119513073416057,2.1262462737420647,0,-9.26871830463,5.1424268432798
cros1244,atla1278,2.1143472914539707,0.11671637728773698,0,2.082675732977,3.2793602604366097
crow1244,siou1252,-4.004598040519774,0.3947719853575443,0,-6.798979210035,4.07399266261548
cube1242,tuca1253,-7.939516068700591,1.809602096669629,0,-11.1934441580125,4.822504560145625
culi1244,araw1282,-6.253513809876541,2.1595378624783708,0,-11.100858084175,4.84200384110457
cusc1236,quec1387,-7.647098174035891,1.9517868087266868,0,-11.082812003775,4.82731321579274
czec1258,indo1319,-5.961381578532803,2.2510365063008924,0,-10.1456255697925,5.0819190424175495
daai1236,sino1245,-2.669574890077982,0.16558199843311489,0,-4.5813695380325,3.483228673278685
daas1238,afro1255,-0.9933465051181023,0.2369266321237497,0,-2.7141134329580003,3.106676410805045
dadi1250,tebe1251,-3.7917588017674486,1.7832861819075807,0,-4.1743579167650005,3.950161691774035
dagb1246,atla1278,0.812717661113139,0.021277733748285663,0,2.70351340946,3.15154991493784
dagi1241,narr1279,3.264740044842889,0.3515092576620178,0,1.61010287336675,3.95121177467603
daur1238,mong1349,-6.8485581557102115,2.24190947973637,0,-8.083827690067249,5.139002018136445
daka1243,aust1307,3.4497911098898615,0.0684129598483665,0,1.371254962396,3.05824220192781
damp1237,aust1307,-3.6891906354804194,0.11394952919177347,0,-1.05707958345725,3.106590676902485
dana1252,aust1305,3.0719397797081545,0.22948271231409756,0,-0.0202437978475,3.04844615067626
dand1238,drav1251,-7.448733222545638,2.2808027594417237,0,-7.299664280422499,4.84999713332152
dani1285,indo1319,-7.356972744168159,2.0219565805814605,0,-10.11204818137975,5.05501997605209
dara1250,indo1319,-8.18178851875144,2.1024551931967475,0,-10.116433345632501,5.08066478430956
darm1243,sino1245,-7.097454505425008,0.2287352711529259,0,-4.59116640265,3.49713531444048
daww1239,nada1235,-6.2814529008959,2.1257472047901005,0,-11.210857694275,4.828682855275355
dawr1236,gong1255,-5.551746367986136,1.9736586013868296,0,-3.0308318825200002,3.72547054160047
daza1242,saha1256,-1.3356400195572737,0.19832886560675977,0,-2.3666305521025,3.4647784197583498
dege1246,atla1278,1.443394829355067,0.08365219152713166,0,3.5488228877675,3.2942682395000347
dera1248,afro1255,1.3495039269780027,0.1013748268677329,0,0.25909372862975,3.239804572474635
desa1247,tuca1253,-7.935329711020577,1.8094701998932858,0,-11.190907644805,4.83171440623608
dhao1237,aust1307,1.4648116780109999,0.13593392383369068,0,1.39938834837925,3.081969029611225
dhar1247,pama1250,-6.530295190990657,0.3385797184010844,0,-5.129622610185,3.77211795684567
dhim1246,sino1245,-7.343205372487107,0.12500982831297622,0,-3.8027730426075,3.44480969850277
dhuw1249,pama1250,-3.768663134689076,0.3493649259088007,0,-4.72317707084,3.8089274795394097
dier1241,pama1250,-4.665446864041668,0.39083021794367,0,-5.056835505729749,3.767478268278685
digo1243,atla1278,3.742790628032222,0.20992480252747958,0,3.887041736007,3.129040906792425
dima1251,sino1245,-5.018329347186702,0.25514102653193077,0,-4.159395748850001,3.460465739058645
djee1236,mani1293,-4.364994264582982,1.5338211124906866,0,-3.832395662573,3.982523131771715
djeo1235,nucl1710,-6.381867815391471,2.0852191669841558,0,-11.14989270315,4.848081807959555
djin1253,pama1250,-3.752149857768557,0.3543655747366163,0,-4.69112905256,3.786386372155485
dobe1238,aust1307,1.94789079641462,0.26231629041361004,0,1.57092365654,3.075821913573365
dobu1241,aust1307,-1.5461111600002806,0.0959022499512899,0,0.133612800859,3.070136322920595
domm1246,nucl1709,-2.7536924867053956,0.10852340815466947,0,-2.8411421792295,3.393446675982295
doma1260,indo1319,-7.529521155409109,2.064545401811408,0,-10.08892138825,5.07889719560727
dong1285,mong1349,-6.406566145924097,2.121596299810237,0,-8.084670795400001,5.14405057098629
doro1266,manu1261,-4.221939994231976,2.30506069774698,0,-4.0436605571,3.96654774568111
drun1238,sino1245,-4.295472223185612,0.19307036575357617,0,-4.0973497285535,3.4305455388164248
dual1243,atla1278,2.086061046181161,0.12230678756580304,0,2.822149483755,3.178372140761965
chug1252,sino1245,-5.334781289079244,0.2961362440222165,0,-3.7631390190075003,3.39937496938051
dumb1241,aust1307,-2.094327600932912,0.17119761834208794,0,0.4303533609345,3.067082342229555
dumi1241,sino1245,-5.966395670996176,0.40269903175650745,0,-4.46199785705375,3.48277245531929
dupa1235,aust1307,-5.842328131564976,0.24457156848287154,0,-1.61417225350405,3.1740045024183248
duru1236,drav1251,-7.4831288313977,2.2908428063043753,0,-7.2245904331125,4.88227395358466
dusn1237,aust1307,0.5821223706929048,0.17918509615944966,0,0.01150960094425,3.09441360830491
dutc1256,indo1319,-7.363446794703719,2.0261076781592546,0,-10.090081274125,5.025826658715539
dyir1250,pama1250,-3.2833176611073274,0.21465004034907503,0,-4.66395674305,3.789562699008
dzao1238,hmon1336,-7.845364135129753,1.8786187058850228,0,-4.770753652005125,3.840357440136025
dzon1239,sino1245,-5.706882738612233,0.35268178911042397,0,-4.76825977058,3.47011522539722
east2443,aust1307,3.0824185035577174,0.09003776738895347,0,1.2121990431385,3.0463036587612047
tang1336,sino1245,-5.949194020955872,0.1807540369326319,0,-4.48553462551,3.51423891573651
nucl1235,indo1319,-7.640184834702586,1.9314576852730974,0,-10.03327400891,5.067233378362834
east2379,pama1250,-4.258074384075401,0.2589008515840995,0,-5.093342628295,3.767814399262175
sout2896,aust1307,2.0497951216976174,0.14656695379373455,0,1.77023488511775,3.09818722588411
east2555,tupi1275,-5.966500394485086,2.2381584242349835,0,-11.1274648576,4.847553826872556
east2332,aust1305,-0.1266328932992464,0.08843059114123995,0,0.29614873815975,3.0394916808588253
east2690,afro1255,-4.552972578144805,0.18671943902174354,0,-3.2036610904473752,3.0707514499385153
east2556,otom1299,-7.9634644393356355,1.7256324241630698,0,-10.531745950200001,4.633315008797805
east1236,aust1305,-2.291693422794853,0.218485452478532,0,0.2602620642725,3.0707453603001653
east2342,sino1245,0.9378182132473953,0.1064626802702989,0,-2.4908434203275,3.23422907058441
east2782,atla1278,3.2645578830615394,0.14878627656867993,0,4.077061870590001,3.229334689273885
east2328,ural1272,-7.101564699334521,2.1264798926657758,0,-9.4748700794525,5.1608743163257795
east2773,sino1245,-7.36152437533266,0.15157159590333055,0,-4.4299831579675,3.49715193788149
panj1256,indo1319,-7.700191829067508,2.0869282217384977,0,-10.088084463625,5.113054662532615
east2485,aust1307,-4.409179607635781,0.20706328418261202,0,-1.2290211708075,3.1538254116799003
fina1242,aust1307,-5.034575235350046,0.3995956311672597,0,-1.6373340031149999,3.16741914185775
east2694,aust1307,-4.405913430199603,0.34071225034638714,0,-1.76211228533,3.153566636717275
east2516,nucl1709,-4.227541848247171,0.19872440751487053,0,-4.890954599477499,3.6060675679587098
huaa1248,tuuu1241,1.6653776212970954,0.46009674448905963,0,1.2766173623400001,4.078954132915535
wall1257,aust1307,1.1277309649408176,0.24177936091540367,0,1.5221285466925,2.95341618218109
egyp1253,afro1255,-4.093983988442085,0.381743313203359,0,-3.22730277647325,3.0767888002943202
eipo1242,nucl1709,-4.356747393242404,0.25402035489022634,0,-4.69262983417125,3.63145204065877
ekar1243,nucl1709,-3.2370234846572075,0.15004049857279722,0,-4.71323568817,3.605142149957905
elem1253,atla1278,-0.5526951184079687,0.08355500990756011,0,1.7430951773252499,3.27816992774592
emae1237,aust1307,3.0678784634357905,0.05507057905075984,0,1.0778282721605001,2.953590155166305
emai1241,atla1278,2.2169179207944048,0.07347195846520722,0,3.59166693597,3.273935317008975
embe1260,choc1280,-6.294216648223918,2.1037149257944407,0,-11.197191138,4.81349462475516
embe1262,choc1280,-6.3288824897061975,2.101221333281307,0,-11.229290069825,4.8124634273377005
stan1293,indo1319,-7.32549061989687,2.049739116722238,0,-10.109099519325,5.065470084497125
enuu1235,sino1245,-1.3309411430396372,0.05600469248554391,0,-4.578215884135,3.2670374633640904
epen1239,choc1280,-6.322509116200894,2.1071816834691868,0,-11.208933060925,4.8016781163597955
ersu1241,sino1245,-1.309730964610574,0.14752072622919982,0,-3.2300453968375002,3.2777941199769103
erzy1239,ural1272,-7.137420286591939,2.111616919839431,0,-9.498939871507499,5.155440437224855
esan1238,atla1278,2.158665166566541,0.0575731192572251,0,3.5962518277375,3.273996995993235
esee1247,koia1260,-4.413925319495345,2.2112433396436844,0,-4.2307202338565,3.897986462544435
esee1248,pano1259,-6.336859799309837,2.1003736341176613,0,-11.226779363475,4.808110792804535
esim1238,atla1278,3.1975431490203903,0.0978827210375863,0,2.80123504026,3.429963683959355
esto1258,ural1272,-7.097310813609683,2.1272315890288485,0,-9.465453345975,5.143454742405275
eton1253,atla1278,1.4544884592733598,0.13696594028454276,0,3.4872342151025,3.2213087599614747
even1260,tung1282,-6.705720643440928,2.3069273595134097,0,-8.921198558970001,5.26882063220624
even1259,tung1282,-6.806292826543585,2.269112441069737,0,-8.9290603856825,5.24054038343232
ewee1241,atla1278,1.864784664636899,0.08093268821003932,0,2.7228752524499997,3.296478003992685
fare1241,atla1278,0.24579540146427264,0.08810992242046253,0,2.34326905513,3.1841496360553503
faro1244,indo1319,-7.234182533354424,2.0923603742934884,0,-10.114000765975,5.058631582439199
fasu1242,fasu1242,0.7231370449034884,0.7690043679017458,1,-0.3341948428275,3.6184928620559953
fiji1243,aust1307,-1.1084599445390024,0.18515611945614882,0,0.8687898415640001,2.98318824158564
fili1244,aust1307,-5.770011150997903,0.22165558133294663,0,-1.7844732855154999,3.15400773236931
finn1318,ural1272,-7.0404651193674015,2.1595296979466103,0,-9.487167222175,5.1373354012885155
fipa1238,atla1278,1.9118098198300617,0.055209123239304936,0,2.8747028870475,3.10910233113496
fonn1241,atla1278,2.086735702242808,0.08237296102817852,0,2.68386197281,3.288045642580265
fore1265,ural1272,-6.8978275863260485,2.2271457627127385,0,-9.4098195171175,5.18379816885936
fran1266,mixe1284,-7.52869778836531,1.8791994761214474,0,-10.50495722255,4.732588070828825
stan1290,indo1319,-7.39390160063477,2.031296587930835,0,-10.126923315300001,5.016124588059455
fuln1247,fuln1247,-5.1425946663418305,2.46908611521286,1,-11.0196298075,4.879629125594979
furr1244,fura1235,2.000495757626116,0.4212189790721574,0,1.2734458321725,3.98962563548368
furu1242,cent2225,2.0777383858278866,0.23298169852244635,0,2.236372463005,3.12501969921186
futu1245,aust1307,0.48769012525736866,0.0972629777473104,0,0.82700940339,2.92988748487367
fuyu1242,fuyu1242,-4.192946753712922,2.3361947779000167,1,-4.1649763705880005,3.92918613381073
gaam1241,east2386,1.7891421225263922,0.38327001781537906,0,1.24843261165175,3.96535213491574
gaan1243,afro1255,3.2912107319641004,0.10296965276483809,0,0.2535864830675,3.2766748631217153
gade1242,atla1278,4.009402113606167,0.13641541786464542,0,3.14675876431,3.2887103084738447
gaga1249,turk1311,-7.099168959018396,2.1324110915278474,0,-9.263354156386235,5.13608198929227
gale1259,nort2923,-0.8112918712026227,0.07137748464190982,0,-1.5984111347305001,3.5179376551470654
gali1262,cari1283,-7.495802904933501,2.0039159075444273,0,-11.1888070846775,4.82879556349189
gali1258,indo1319,-7.316967837511059,2.0901791567237225,0,-10.111840569275,5.008500039302965
galo1242,sino1245,-6.185020248282531,0.14218970671976428,0,-3.55617358059625,3.35822420176692
gamo1243,gong1255,-5.573880426502861,1.9143688047269685,0,-3.03056719948375,3.728633240448815
gand1255,atla1278,2.8242788028739816,0.10948430622415832,0,3.68588496031,3.1040906684501
gant1244,nucl1709,-3.7720811023463368,0.19463415683703045,0,-4.9029447524975005,3.7745171857309554
gapa1238,aust1307,-0.6931186196924783,0.053165044991340456,0,1.06389857189875,3.0372292414522697
gata1239,aust1305,-4.457945195801278,0.0982507919015559,0,-1.052813313427,3.248653696527075
gayo1244,aust1307,-2.527002043377415,0.11763654982380148,0,-1.1512154823177498,3.1019006477208997
geba1237,sino1245,1.1584753117073476,0.13111344606748374,0,-2.4838170648425,3.2356163052895397
gebe1237,aust1307,2.190759609410539,0.09780641282940274,0,1.102192006019125,3.1111482611158703
geda1237,aust1307,-1.0724274753041239,0.12860174697637286,0,0.27328691347875,3.056936020340795
gela1263,aust1307,-2.514338440120575,0.1566382592972756,0,0.49349665370205,3.0745770065626896
nucl1302,kart1248,-7.116920028313153,2.1349596656097707,0,-8.5470063464175,5.13069784209258
gese1240,aust1307,2.890733828711614,0.12911675633476255,0,1.47563987236,3.11124363771182
ghad1239,afro1255,-5.412086394616998,0.2325577408534642,0,-3.1767686214782502,3.402984296235595
ghan1242,aust1307,-2.468302877435004,0.15233143982592387,0,-0.0217257833425,3.07562139920777
ghar1239,aust1307,-2.5318785860810493,0.15077540874847645,0,0.467428681945,3.069324634305125
gheg1238,indo1319,-5.952158758653049,2.2262166297418275,0,-10.023074373175,5.12274866182317
ghom1257,afro1255,-4.082933640634831,0.41114504302190574,0,-3.108725189367725,3.38861872001823
gida1247,afro1255,3.3623686779602195,0.09480534609844578,0,-0.03180852539475,3.256872465231875
gilb1244,aust1307,-1.1833265532366937,0.21176214202527788,0,-0.0333278013,3.04017717626764
gira1247,nucl1709,-4.25868931509844,0.2993432599809437,0,-4.7713153445637495,3.80538823205653
giry1241,atla1278,3.7633435991554176,0.2337629665931264,0,3.8908023119525,3.138177556749865
glav1244,afro1255,3.8126707787326293,0.11336860930185967,0,0.215101719354,3.281751859198435
gobu1238,atla1278,4.129977778497603,0.3380562169335693,0,4.9070381895685,3.190505418749955
ghod1238,nakh1245,-7.209828588439956,2.0870701264020073,0,-9.3732578564175,5.2726483445832955
goem1240,afro1255,2.286929882654081,0.09502573075785858,0,0.22174102398,3.252325611822725
gofa1235,gong1255,-5.558728738603155,1.941424943932782,0,-3.0235664536830003,3.72430430018602
gogo1265,suki1244,-4.285527887909298,1.6873078185210235,0,-4.0878474135200005,4.039401410088519
gola1255,atla1278,-0.07869310291940976,0.12986358521602492,0,1.8999070863925,3.2455794047921653
pare1266,aust1305,-4.452604834149593,0.08836097502108997,0,-1.02392066622,3.23861642149042
guah1255,guah1252,-7.720877714838466,1.89191039517371,0,-11.027344577175,4.848848748982385
guat1253,guat1253,-5.846171392535323,2.2801239960417825,1,-11.06165056175,4.8393403180788255
gube1234,atla1278,2.2100116019218534,0.1370613246140388,0,2.496441542104,3.28128693124388
gude1246,afro1255,1.6096845802577384,0.09703919430312352,0,0.3497979831345,3.252970766355375
guer1243,otom1299,-6.316059733663879,1.9690345940432143,0,-10.580128600775002,4.65254625227295
guhu1244,nucl1709,-3.984425752928127,0.28748037920500774,0,-4.645885411042499,3.60770890611588
guiq1238,sino1245,-3.9230551240411318,0.26955774246362707,0,-3.9750917110075,3.3528199018797897
gulf1241,afro1255,-4.486870640580481,0.24066737451104026,0,-3.1331520763059997,3.08997951147572
guma1254,aust1307,-1.6820902821743995,0.1282277370363665,0,0.24062277238325,3.063810284264255
gura1251,indo1319,-5.8949608687150565,2.2035879256094053,0,-10.093961118225,5.069825106890255
guru1261,sino1245,-7.363008860106432,0.14926202267332705,0,-4.6175904647125,3.49032614386787
guru1271,afro1255,1.2199561060158532,0.10635622447116215,0,0.24630387124199998,3.27472028336424
gusi1247,atla1278,3.9685873015013335,0.181225652003708,0,3.5477916806675,3.12553281457639
gugu1255,pama1250,-2.6975122676772,0.14545109824732255,0,-4.84104426130475,3.77907135633658
kwam1249,koma1264,2.2042705366384476,0.49499265537995946,0,2.034755775122,3.8433941391712
gyel1242,atla1278,1.2119777387085486,0.0959691259298834,0,3.5987290382325,3.203887049135555
haaa1252,atla1278,0.3498232507464105,0.1644649384536794,0,2.8015878447149998,3.09808893665671
hadi1240,afro1255,-3.9458552137377985,0.15089995669282674,0,-2.6746354871415,3.1840415972749403
hadz1240,hadz1240,2.323470127960395,0.3006256342740162,1,1.591546784615,4.35429572702995
haka1240,sino1245,-4.265461408085558,0.23141473250571082,0,-4.54835711664375,3.49394773999732
hala1252,aust1305,0.19806776542729748,0.0600529114883525,0,0.53784555281325,3.049104603502745
halh1238,mong1349,-6.808435956524061,2.2198803422547484,0,-8.0758357731,5.159609073231355
hali1244,aust1307,-1.13757254398252,0.16030266901932239,0,-0.0297949554725,3.076883519033735
halk1245,sali1255,-7.133949517792784,2.334279098437393,0,-9.79685364815,4.63744773133737
hame1242,sout2845,-2.6310156335475496,2.172550072186151,0,-2.093451262825,3.893467842221515
hang1263,nduu1242,-4.054843933039128,1.9787299588553198,0,-4.2401872973245,3.82407624621497
hani1248,sino1245,-3.373610263493924,0.24955362926751531,0,-4.376000218874999,3.25871358486441
hano1246,aust1307,3.1971236339265836,0.07988333989120358,0,1.139415313985,3.052045739617145
haru1245,piaw1238,-3.419932965632677,2.1200482465429595,0,-4.178938327825,3.90951280020683
hass1238,afro1255,-2.605834786016308,0.29240963218920496,0,-3.3295409437625,3.09274742462029
haus1257,afro1255,0.9721309007582146,0.0879010572043622,0,0.54306500588025,3.24612681731103
nige1253,atla1278,5.556030652014432,0.2981901288932614,0,3.1866589777404997,3.278120809905425
hawa1245,aust1307,-3.2109319444943125,0.32183624521768384,0,0.53903917586625,2.942736536710375
hdii1240,afro1255,3.589482145025692,0.11353925759253393,0,0.095086495779,3.2524306250152852
hehe1240,atla1278,2.017973904301951,0.03520908793542829,0,4.073556258435,3.132974381045475
here1253,atla1278,1.8549229560982732,0.07279390077464458,0,3.6359348842849997,3.19431714138585
hida1246,siou1252,-3.4859647964917224,0.3504670405326616,0,-6.80003939428925,4.075413576425024
hind1269,indo1319,-7.807865892792503,2.1173226731303796,0,-10.0898251442,5.097902157502364
hixk1239,cari1283,-5.974742306208573,2.209391072534408,0,-11.1651312478,4.81602903737066
hooo1248,aust1305,-4.757349174583282,0.09405128048481953,0,-1.0472116298265002,3.235348860155305
hoav1238,aust1307,-1.714468961549631,0.052999343297763166,0,0.05124210940425,3.05395171754106
ainu1240,ainu1252,-6.708960924693859,2.3289646423706474,0,-8.1493115562125,5.501625684231975
holo1240,atla1278,0.2385999627375525,0.15522254997053184,0,2.3902996927549998,3.087617069130795
hone1235,atla1278,4.891368460743889,0.23043164314015427,0,3.39495658245,3.26535397166169
honi1244,sino1245,-2.4048658071027185,0.34268430952424694,0,-3.9106494971875003,3.21483577005597
hopi1249,utoa1244,-7.182432124117689,2.0655672614763922,0,-10.29273585225,4.582780090183935
hote1245,aust1307,1.147364395370531,0.0750477666132504,0,1.4028792223195001,3.049456790504255
hozo1236,maoo1243,-3.083666513350101,2.095955935325065,0,-2.948491292205,4.02435256656492
huuu1240,aust1305,-0.3138334463760914,0.1078875067337244,0,-0.18951873631675,3.030229168749675
hual1241,quec1387,-7.72353620502315,1.9265306826965785,0,-11.094111059625,4.840518730979586
huam1247,jiva1245,-6.241149649571694,2.161835288300122,0,-11.105406705625,4.84703467228324
huar1255,utoa1244,-5.512785042229382,2.215734996028007,0,-10.336171970725001,4.581831497394161
huas1242,maya1287,-7.464970247591438,1.8923494227861697,0,-10.412434645800001,4.708934903298125
huba1236,afro1255,3.28039848693831,0.11285418841641917,0,0.23620724693599998,3.27652667148642
huic1243,utoa1244,-7.624750867371976,1.8566182320437696,0,-10.33379643614,4.574883186869865
hula1239,aust1307,-0.8820953775843892,0.06092604202959063,0,0.653328819653,2.999112153765665
hula1244,afro1255,-6.1504107475611125,0.18029968604738905,0,-3.6726748680625,3.284897239494325
huli1244,nucl1709,-3.3664633060120885,0.08896565920780185,0,-4.90560887785,3.61681052532139
humb1243,song1307,2.4991895120837597,0.6785073040216797,0,3.1743613376975,3.4559924775671096
hung1275,aust1305,-0.45503526595920674,0.098967784211445,0,0.01138572811475,3.08001047531544
hung1274,ural1272,-7.17958748105794,2.0998279581392176,0,-9.433472368522999,5.204891620295835
hunz1247,nakh1245,-7.216628972605979,2.08495684274741,0,-9.33776087053,5.241527708043515
hupd1244,nada1235,-6.343760231715412,2.1038294317925113,0,-11.201315634250001,4.840274887538855
hyam1245,atla1278,4.685415511744912,0.19060377904169085,0,3.088150691028,3.334290757533895
iaai1238,aust1307,-1.3868917239334109,0.13175475314555674,0,0.5217764919400001,3.07411248539252
iatm1242,nduu1242,-4.308308987342021,1.9702558638357501,0,-4.0931515765499995,3.8753147961145347
ibal1244,aust1307,-5.924520435390114,0.2233519251801475,0,-1.6145187036625,3.146582903004745
iban1264,aust1307,-4.031778534641161,0.1917880870376095,0,-1.53933040867,3.048327416515265
iban1267,aust1307,-5.854473741639859,0.23927165288259541,0,-1.6209091131625,3.1652103477541598
ibat1238,aust1307,-5.710280037110913,0.2531536656028516,0,-1.615086492635975,3.138033992533585
ibib1240,atla1278,0.1903346725856152,0.07908686629215807,0,3.021144699476,3.268449377242405
icel1247,indo1319,-7.182661514394324,2.1245259669449665,0,-10.1088651831,5.05557086756741
idii1243,paho1240,-4.4735560846838265,1.597001945032023,0,-3.6547877223449996,3.96174300041662
idum1241,sino1245,-5.918931775529248,0.1326558996286145,0,-3.5848818673575,3.3730621030973253
idun1242,aust1307,-1.4878493393958219,0.09014332419535669,0,0.12261455101249999,3.057700218348175
nucl1417,atla1278,1.2707550323818295,0.13252000110988296,0,3.3208823555900002,3.285625204778455
ikkk1242,kuli1252,2.0248692033113533,0.48195994359845046,0,1.55133487854425,3.8841048451570748
iliu1237,aust1307,2.0722308762526467,0.08766404282523571,0,1.788416153895,3.096435313543195
ilon1239,aust1307,-5.91365328368572,0.2301663819788022,0,-1.6036017024325,3.160058669252585
imba1240,quec1387,-7.831804701679184,1.876475425560893,0,-11.0586006791,4.825703973158831
ingr1248,ural1272,-7.0794330822008975,2.132235749503623,0,-9.482620609049999,5.125504474837324
ingu1240,nakh1245,-7.2072545238052115,2.087332322515118,0,-9.3960925828225,5.29936448960002
alba1269,aust1307,-5.786975665822526,0.23434033065348925,0,-1.8154292195922501,3.1493459629615748
iqui1243,zapa1251,-7.86564796275753,1.8625165925053315,0,-11.04245400595,4.86775578459091
iraq1241,afro1255,1.9557701489473747,0.1320838177144576,0,-1.7476455339874999,3.151025319869165
irar1238,aust1307,1.4125137618307728,0.07660194666739575,0,1.2494859823634998,3.080606225972475
iray1237,aust1307,-5.045417540089983,0.3988401354096285,0,-1.0482400572712498,3.1333497267983
iris1253,indo1319,-5.617025375857564,2.3342048490828753,0,-10.111864848349999,5.079974795902235
irul1243,drav1251,-7.024593464512957,2.252137077477255,0,-7.2997084509575,4.806506260500855
isco1239,pano1259,-7.940290635670404,1.8177439021050708,0,-11.244065055025,4.77623823974575
isin1239,aust1307,-5.9265907898571655,0.2267315396310696,0,-1.598761844342285,3.16177752658251
isir1237,kwer1242,-2.793646281586354,1.7122628718687163,0,-4.77943517696625,3.841427198544265
isna1241,aust1307,-5.78864172463315,0.23736213221747252,0,-1.614601677496375,3.15546555920143
isth1240,utoa1244,-7.930279875823469,1.7221392296460354,0,-10.3178505836,4.582725360265515
ital1282,indo1319,-7.476453982966962,1.9903990524957118,0,-10.126316985925001,5.048592114013095
iton1250,iton1250,-6.1293913159992925,2.195223059720761,1,-11.07049319095,4.860505006684175
itza1241,maya1287,-7.568386268839098,1.8737267197023333,0,-10.42867454225,4.709212439389045
iumi1238,hmon1336,-3.086362546587515,2.02136022788421,0,-4.8597502442825,3.821603566520305
iwal1237,aust1307,0.992286176863117,0.06860610216368586,0,1.4134597854883,3.045219511158945
iwam1256,sepi1257,-3.190032837864778,1.8889512697649522,0,-4.5391092397024995,3.925325610527075
iyoo1238,nucl1709,-3.706191570237495,0.2951210634644093,0,-4.93982088329575,3.661519319079475
jahh1242,aust1305,-3.009384963182395,0.15943761802684553,0,-0.31841505965325,3.1145061383251447
jalk1242,mand1469,-1.344245004415929,0.10235814488100545,0,-0.3220347043425,3.230363986377495
jamb1236,aust1307,-4.214066972615271,0.2830096890763218,0,-1.4956257585350001,3.0065984159561303
djam1255,mirn1241,-4.961122403044401,1.6399541743494703,0,-4.022529568845,3.9380151723300347
jams1239,dogo1299,-3.3143953731689137,1.8649389526034934,0,-3.006815590875,3.8059639402037853
nucl1643,japo1237,-6.932030152780582,2.31744887208058,0,-4.18439306803825,4.039450340589905
japh1234,sino1245,-3.523776053578655,0.1409600877871708,0,-4.330308257984,3.42063445677237
jaqa1244,ayma1253,-7.579243987817657,1.9834247552660733,0,-11.06842030735,4.879767384343715
jara1266,aust1307,-2.56806965737286,0.21707504071160477,0,-1.3750559123925,3.08600420369742
jaru1254,pama1250,-3.5780418241607417,0.17356715252617078,0,-5.190713809215,3.7640048410974
java1254,aust1307,-3.950070053100191,0.24171150119966828,0,-0.8854146521925,3.130886678611475
jede1239,aust1305,-1.7683961369062307,0.08796884438014743,0,-0.31928357700275,3.101142325831065
jeha1242,aust1305,-2.6693428060591993,0.2719938178281851,0,-0.31814859525,3.100645350645455
jina1244,afro1255,3.6174085003220355,0.10286972614969392,0,0.1055258893055,3.258167542246735
jjuu1238,atla1278,4.733028308541899,0.20613082121221687,0,3.0765651218375,3.33898473414162
juan1238,aust1305,-4.544970688883729,0.08536317500979364,0,-1.0429282157525002,3.24399317636626
juku1254,atla1278,3.358188954917047,0.10730819156025324,0,3.3882438674550004,3.266833297712595
jurm1239,cent2225,2.224614556499681,0.1089624929507406,0,2.07598257889,3.161740748233025
kaba1281,cent2225,1.8558319483815477,0.21540968137248273,0,2.2101885815775,3.1270512649387703
kaba1278,abkh1242,-5.635022310901192,2.391750272894113,0,-9.236012100475,5.29422731285423
cent2100,aust1307,-4.558506135015019,0.25037392145856724,0,-1.2559160564387502,3.143763875791305
kado1242,sino1245,-1.9177055344384355,0.14884910434045243,0,-4.2457516922764995,3.4505317635439097
kafa1242,gong1255,-5.3192050718146895,2.0458022613474216,0,-3.19105554318275,3.6690403306770047
kaga1256,aust1307,-5.878432197388969,0.1888809967620283,0,-1.7613656994025,3.15928370741454
kagu1239,atla1278,3.3570995938854846,0.19312107753024188,0,3.85709074382625,3.14416826987117
kaik1246,sino1245,-7.235670332924103,0.19873826703047412,0,-4.604104019935,3.49433991511231
kaki1249,kaki1249,-3.470056997366963,2.091044993565738,1,-3.8629208866,3.947222357336285
kala1399,eski1264,-5.061703193613296,2.540470457402967,0,-9.759820415385,4.650156446166735
kala1388,aust1307,-4.803681097417604,0.16705423348111845,0,-1.82698183693825,3.1582550075055753
kala1384,atla1278,1.5067382274743228,0.07464023987000126,0,2.4081994639655,3.1024945362805854
kamm1249,atla1278,3.0504256625211985,0.1391385089338382,0,3.9557074017742497,3.25504484436892
kamb1316,afro1255,-3.988238197795299,0.1417922991890565,0,-2.682699109921,3.17990812187301
kamb1297,atla1278,4.175043397652072,0.28121893460936764,0,3.595049376545,3.13997195695391
kamb1299,aust1307,-0.7896912794663364,0.08932325828852761,0,0.86653170369,3.076353398521995
kamu1260,kamu1264,-3.194185764735139,1.8303078784707691,0,-4.3444735230025,3.92365764708744
kana1286,aust1307,-4.370852332858196,0.3814626308618804,0,-0.9767865136206999,3.336558226753135
kani1286,nucl1709,-4.1034755703737,0.1539858506114716,0,-4.82501255811525,3.64057108854863
nucl1305,drav1251,-7.058674729895746,2.2374293433212182,0,-7.281888573050001,4.8560500632379195
bidy1244,atla1278,2.0832157503122186,0.10135608628277425,0,2.9760217046525,3.30791360396758
kaon1241,atla1278,1.7152923504534416,0.10491817141901878,0,3.9120740041325,3.21674688446955
kapi1249,aust1307,0.1546759231612404,0.22560898310377064,0,1.2393157449137502,2.949214486182175
kaqc1270,maya1287,-7.6443861231783625,1.8680902363493586,0,-10.452022209719999,4.691663204498729
kara1482,cent2225,2.172759199715261,0.48746331055153663,0,2.1022105198607504,3.126447842620065
kara1476,pama1250,-3.823164898007338,0.35401372891606364,0,-5.1774869947325,3.773153268128455
kara1500,nucl1710,-7.631779796644137,1.9494349230330017,0,-11.159575106290749,4.837359652727265
kara1487,aust1307,-5.926177229055666,0.2223977411100016,0,-1.6131393035252501,3.17209835875138
kara1486,aust1307,0.0043120280582642,0.03738389065382991,0,-0.1366910772605,3.071737502257095
kare1338,atla1278,3.406152893494147,0.21082991210377874,0,4.4485047846425,3.222526201438845
kare1335,ural1272,-7.0302575044820035,2.1621871186937267,0,-9.4905910272,5.106792436795946
kari1306,atla1278,5.007060807388972,0.27165103860598244,0,3.72717237193,3.220283010893435
kari1311,tupi1275,-6.2900487371620795,2.120164867519562,0,-11.1216988118,4.87166842931876
kark1258,pauw1244,-3.895820878815024,1.819672880315386,0,-3.906608270775,3.8956280353163146
karn1252,aust1307,1.706812362987295,0.08637029018211898,0,1.221972714088,3.02999152961735
kash1277,indo1319,-7.5652847756131,2.0695701473363783,0,-10.048674231025,5.078259366089835
newa1246,sino1245,-7.340894658041577,0.16580841135139193,0,-4.4353174367624995,3.48860569754145
kats1235,sino1245,-2.0659795989402854,0.07371016000253022,0,-4.905203791622499,3.34787888011458
kana1291,katu1274,-6.267157143012632,2.1521545369431068,0,-11.015363042650002,4.865764649474935
kava1241,aust1307,-5.138237043565086,0.2670876590133608,0,-0.82255681727525,3.294347885121735
kaya1315,sino1245,1.28195076393864,0.13773974410089818,0,-2.52560578191475,3.2327541990331
keap1239,aust1307,-1.0509281284309573,0.04773594632963121,0,0.47967909889475,3.0028867987058048
keda1252,aust1307,1.9653574662805444,0.1394900866822204,0,1.6333930173125,3.112242885643135
kera1248,atla1278,2.3091212402731753,0.13284494179904904,0,2.9157566171625,3.323071354523055
keig1242,kadu1256,1.6756311806241664,0.5181513712641289,0,1.8001718836825,3.798135979293125
kele1255,atla1278,2.9099841246369884,0.0883115142980543,0,4.232918264449999,3.2378633711624447
kele1258,aust1307,1.102226935374857,0.03365279468103411,0,0.6733520251525,3.06519904159414
keng1240,cent2225,1.745230343058417,0.1345570152169719,0,2.18143264052225,3.13306982048256
kens1248,aust1305,-0.4171002474050769,0.06338399242635173,0,-0.182395121657,3.07924728908788
kenu1236,nubi1251,-3.396740932493918,2.0796666826272885,0,-2.2778238710950003,3.8796601388486
keoo1238,aust1307,0.9181568469856902,0.09628923542485256,0,1.4795041218183749,3.0912222110926297
kera1255,afro1255,3.6435327757738403,0.08401333611813729,0,-0.24589468906075002,3.30344491739273
keri1250,aust1307,-4.1749251577747035,0.2682843902412206,0,-1.523992434715,3.022116494787295
kesa1244,nucl1709,-3.7678726459971035,0.2217643920363888,0,-4.849413005125,3.7815869447409503
kett1243,yeni1252,-6.750409417284519,2.2956623391289503,0,-7.96364431683575,5.6814051798834
kgal1244,atla1278,2.4830605306874842,0.14745372249335478,0,2.201955329433475,3.0555215986355453
khak1248,turk1311,-6.772624054267403,2.2463663718735614,0,-9.2766432661025,5.15200464120144
khal1275,sino1245,-7.344536826412304,0.13571046519219954,0,-4.469895119445001,3.479078679473555
kham1282,sino1245,-5.279385635262697,0.33912240795609855,0,-4.77313964235175,3.472787442806065
khan1278,atla1278,-0.5761055429087087,0.07469247451125365,0,1.7417112242625001,3.27128774047359
khan1274,aust1305,-0.31744330150448397,0.032039930156847564,0,-0.2901512829635,3.02933097991328
khar1288,sino1245,-6.187582322419977,0.17464834804775164,0,-4.588670448005001,3.496667159524945
khar1287,aust1305,-4.730482865894311,0.10616695395226501,0,-1.01058079829075,3.23074047155878
khas1269,aust1305,-2.904550034352666,0.16881475991269534,0,-0.21533402232275,3.092033272398015
khez1235,sino1245,-4.551038517041109,0.23982472597014529,0,-4.47267872344725,3.51610375955407
khin1240,nakh1245,-7.187134057060968,2.0947008812306427,0,-9.3524106642025,5.2646557509666145
khmu1256,aust1305,1.1205254473972306,0.07749458636814699,0,1.22568450523675,3.000617544260245
guan1266,sino1245,-4.679164033841408,0.20276697145466374,0,-4.363716914435,3.4217251591651703
khum1248,sino1245,-4.195428131669184,0.21960236119727994,0,-4.5517707863,3.5203834550774
khva1239,nakh1245,-7.216330087715837,2.084994525553015,0,-9.3603693308925,5.243656427085915
kich1262,maya1287,-7.646264409058657,1.8648525233163236,0,-10.4567168235025,4.685430217167561
kiku1240,atla1278,4.09844663415789,0.2444543683343036,0,3.5797154393849997,3.1353873266009797
kile1243,tung1282,-6.812259200992111,2.2708672095725033,0,-8.9546623594175,5.232586517892015
kili1267,aust1307,-1.5328336867885126,0.13974525063777107,0,0.2735930453284,3.0063598489843697
kima1246,kolo1268,-3.564322773218703,1.5470790610077954,0,-4.1629698531725,3.94222760066181
kimm1245,hmon1336,-4.0122329361184885,1.9412020053417303,0,-4.840469612662501,3.821988620572725
kina1250,aust1307,-4.904345320661359,0.3710332549814661,0,-1.85991886848975,3.151283959497135
kinn1249,sino1245,-6.927760901231103,0.24368370959798025,0,-4.571949497165001,3.49450778046867
kiow1266,kiow1265,-4.329964194597685,2.359655180838541,0,-9.684389150289,4.57105940756482
kips1239,nilo1247,4.798187275461578,0.8075289980384219,0,4.57462886209,3.712713665000205
miju1243,sino1245,-5.225837609807316,0.16068328462532516,0,-3.8551672070525003,3.426297854598775
koda1255,drav1251,-7.008308564351409,2.235550392765429,0,-7.2915674168475,4.82271302314554
koho1244,aust1305,-2.105713861478205,0.12142471452012159,0,0.34343359987575,3.056457016596925
koir1240,sino1245,-4.51166090114565,0.23559935778869445,0,-4.5436048771975,3.505252982147145
koit1244,koia1260,-4.773722918798405,2.191151346511394,0,-4.193015929553,3.9161414718656
koka1244,pama1250,-4.792839236034342,0.4361778638201664,0,-5.1883390754725,3.7599466962738104
koko1269,aust1307,-2.2134300139854686,0.13087813542333215,0,-0.13458812726325,3.07870290435178
kola1285,aust1307,1.9583875075604054,0.19405100110654225,0,1.5710418398575001,3.089709071872355
kolb1240,atla1278,4.082439652421323,0.10746201037005321,0,4.52814003141375,3.21729356170529
kolc1235,atla1278,2.047483268827786,0.1516071838910635,0,3.5656980225825,3.215269160050895
kolu1245,aust1307,-1.596101723257739,0.10501119033531615,0,0.170611191695,3.066841432134435
komb1274,nucl1709,-3.3933752024010717,0.1190981796926697,0,-4.794724713755,3.601427067066845
komc1235,atla1278,2.56738646903301,0.10399869722438236,0,1.99746963014725,3.290541474294775
komi1270,sino1245,-4.218924343368105,0.20840106963911895,0,-4.53672408194525,3.50868808407364
komi1269,ural1272,-7.034428862727731,2.156099324720179,0,-9.4216623947375,5.16069508638524
komi1268,ural1272,-7.002393286985731,2.1759212163372106,0,-9.431301330625,5.159052963356485
kona1242,east2433,-3.1783078196949806,1.9250125160973295,0,-3.9984403982680004,3.8813673560197097
konk1267,indo1319,-7.49404388775428,2.115745697887855,0,-10.110682433125,5.052197600286055
kony1248,sino1245,-5.9503292581980824,0.16607300303530878,0,-4.1670605413045,3.4682201083769852
koor1239,gong1255,-3.6834835052567967,2.013648689445571,0,-3.05339581823075,3.68198012772066
kore1280,kore1284,-6.889242731180763,2.3028696526798798,0,-7.13330205938,5.198089696782565
kore1283,tuca1253,-6.363890370613605,2.105073096297652,0,-11.183692672749999,4.818565863569525
kork1243,aust1305,-4.523796635663039,0.16518161958523425,0,-1.004446225747295,3.235492195784945
koro1298,atla1278,1.3568630810897124,0.12606828670405856,0,2.8780050349625,3.18307212742783
korr1238,drav1251,-7.013212303500263,2.2365408973012673,0,-7.30561369087125,4.825610946120685
kosa1249,nucl1709,-3.130599954003499,0.08301830375166248,0,-4.7169769169624995,3.6057636863835096
kosr1238,aust1307,-0.9736041893880287,0.15019846181232663,0,0.05788165022,3.06389160518437
kota1263,drav1251,-7.005416935178271,2.2360075256495655,0,-7.2957434387425,4.8554059379256795
koti1238,atla1278,3.0250053227608653,0.12038183418241677,0,2.4575328815975,3.050604229145825
guan1269,tuca1253,-7.9318578372432675,1.8106008464707133,0,-11.174726621400001,4.822502000804235
kova1243,nucl1709,-3.0606887625804884,0.18824098415745388,0,-5.0142822433525,3.59712829836191
kove1237,aust1307,1.9394551701507337,0.11910052432619819,0,1.052588408285,3.06574126864694
koya1251,drav1251,-7.353189117527775,2.275321995164642,0,-7.300120870484999,4.856192824140665
koyr1242,song1307,2.6734066851164084,0.6095480448222136,0,3.19099072218,3.469344351825895
koyr1240,song1307,2.134238883510414,0.6639152293861588,0,3.15393245880675,3.4688015393158347
koys1242,afro1255,-4.940360359303517,0.34614452712999716,0,-3.67515227949825,3.281015624109195
kren1239,nucl1710,-5.511758180783076,2.343587449215123,0,-11.1995331433,4.81457890435276
gbay1288,kres1240,-2.187244085984687,1.3864167550273172,0,-1.67312249161,3.920294781512165
kryt1240,nakh1245,-7.182821929885626,2.0949070084168766,0,-9.3691386226275,5.236634756976695
puoc1238,aust1305,0.23595234756674485,0.05942221354059743,0,1.2787276846809998,3.0000359785751103
kuan1248,aust1307,-2.1128300228035,0.1598871583568821,0,-0.212856264621,3.0823311931490203
kuii1252,drav1251,-7.463098066625966,2.2945460809392197,0,-7.28492262555,4.855072789879506
kuik1246,cari1283,-7.584253636836449,1.9606928816543814,0,-11.168434284932498,4.831664449596126
kuku1280,pama1250,-0.8868234045592722,0.1154939491702154,0,-3.2991781814675,3.58176133466172
kuku1273,pama1250,-2.97976200416014,0.1749546113792609,0,-4.8366475756225,3.77556697475612
fait1240,nucl1709,-4.978485993551509,0.15214715902143736,0,-4.893080212179726,3.77028341432286
kuma1280,nucl1709,-3.083681838057495,0.0785344728714962,0,-3.13863144513,3.39503984110206
kumb1268,pama1250,-4.576447968835517,0.5486531117315929,0,-4.8885499695500005,3.789793008766615
kumz1235,indo1319,-5.116937851753988,2.2472093689484858,0,-10.141416306450001,5.042604919529451
kuna1268,kuna1268,-3.008175936386645,2.190402446293725,1,-3.1419167305155,4.53494816984016
kunb1251,gunw1250,-4.482562455459826,1.4876070418228085,0,-3.8940851367975,3.972790496249925
kuni1267,kuni1270,-4.1381829485743875,2.0969243865398273,0,-4.198947069375275,3.945360414937345
kuot1243,kuot1243,-3.3826496147543432,2.2772512067763033,1,-4.2896483310899995,4.002229283517075
kusa1251,aust1307,-1.6532797049764074,0.06003307720685457,0,0.05094983161,3.0540786920539498
kusu1250,kusu1250,-7.551588021256999,2.3139579234255114,1,-6.7365554719675,5.608324408095315
kute1248,atla1278,1.6353930311675056,0.1596666847923064,0,3.3670847467637497,3.282405408735095
kuyy1240,aust1305,2.3349241380773726,0.17960919358385918,0,0.4019495024075,3.03252177959368
kwai1243,aust1307,-1.9882762935178597,0.12018650886455806,0,0.6171149234575,3.040394941786455
kwam1252,aust1307,1.4200737308108011,0.06706100019584332,0,1.693948614365,3.066206050896855
kwar1239,aust1307,-2.1371868000765906,0.13530480236783557,0,0.60884236058325,3.054299500834335
kwaz1243,kwaz1243,-7.62771137383652,1.937650391322122,1,-11.1029581835,4.85492074827494
kweg1241,surm1244,-0.0282719445433783,0.1664624071796648,0,1.4564114780375,3.3302108680901448
nucl1595,kwer1242,-2.8111967814419065,1.6873179355696186,0,-4.7673952692175,3.846950133221505
kwin1241,worr1236,-4.79752405256273,1.7059363568404788,0,-4.2135521470890005,3.96604729550297
kwom1262,sepi1257,-4.3302777429011865,1.8607524513170597,0,-4.5423703495175,3.90629865311136
nucl1593,kwom1263,-3.7960759553244925,1.8632948966384923,0,-4.045826385421,4.0201171330914995
kxoe1243,khoe1240,-5.605762709056889,2.391048958386339,0,-0.785190010624,3.94197819344024
kyer1238,sino1245,-5.9879454968635715,0.4240986342785121,0,-4.7644909864125005,3.4611853317959103
cori1240,atla1278,4.744287763528531,0.20193099589679933,0,3.078425597759625,3.336756864821225
laal1242,laal1242,2.7775396680770448,0.18820307710677436,1,1.711173899294,4.103305045079814
labe1239,aust1307,-2.342748929863025,0.1542750630972244,0,0.00030509740299999996,3.07153013640791
labu1248,aust1307,1.1868454207081287,0.056311744929276764,0,1.66747036143975,3.0436986925079204
labu1249,aust1307,-4.481104782316233,0.2401221153421089,0,-1.2592704508797499,3.140789987422755
lach1248,taik1256,-3.5664963609887628,2.0916179081314743,0,-4.65854743109,3.904594638655535
lagw1237,afro1255,3.5444725456338855,0.10868878685255234,0,0.0735853847705,3.26101749020722
zaye1235,sino1245,0.9456885440820249,0.1235803574797564,0,-2.5067295014875,3.23862149166786
lahu1252,sino1245,-3.759391862586483,0.21597949444446513,0,-4.64109142648925,3.35197061667091
laiy1246,aust1307,-1.2457426265468818,0.12528380795722094,0,-1.0772013640675,3.0894863273060853
lakk1252,nakh1245,-7.2012093265743715,2.0887416168689352,0,-9.3633968415425,5.23543899381709
lala1268,aust1307,-1.5071167061637887,0.07953201849325549,0,0.1878639209675,3.0006746811614553
lala1264,atla1278,2.164804932082531,0.09874718004203134,0,3.1630904608375,3.10369411439019
lama1277,aust1307,1.909897415924126,0.1426688114110011,0,1.84032207296775,3.0833166049941596
lama1288,afro1255,1.9302791895317442,0.13502858916275043,0,0.13123198597,3.2515932568652097
lamb1272,atla1278,1.0893522725465816,0.12656417158836997,0,2.136645978369275,3.11022471752477
lame1260,aust1307,2.3164696117573245,0.20311346379353812,0,1.6658627796375,3.05074746058073
hela1238,sino1245,-6.017589075408311,0.4153053604557769,0,-4.757550142117,3.45841951079852
lamo1244,aust1307,1.9813549075604584,0.12039000415374505,0,1.08409686661775,3.059623270450945
land1256,atla1278,0.6662740095545931,0.08778002920201487,0,2.47288789495825,3.1842707865002797
lang1324,nilo1247,3.4433818928667863,0.5895707746487842,0,4.841433225789,3.6322298624598153
lash1243,sino1245,-3.4102836739329474,0.23141985267410622,0,-4.871100091050749,3.36750429063451
teke1275,atla1278,3.654639760883188,0.11329110628446493,0,3.970995485523475,3.2344207422030697
latv1249,indo1319,-7.421855502201494,1.9969714983484352,0,-10.080601528374999,5.041202249318205
lauu1247,aust1307,-1.9269260285634071,0.12133849962702244,0,0.5984764067885,3.044322142585345
lave1248,aust1305,1.5179654451511841,0.12975038076397882,0,0.730202028586,3.04653730431871
lavu1241,lavu1241,-5.300603395712877,2.4516531368316103,1,-3.96234935862575,4.089826221324206
lazz1240,kart1248,-7.099279373263916,2.1405811712573684,0,-8.520271508267125,5.04831104306381
lega1250,atla1278,1.522818981205924,0.018871828611879048,0,2.646546104994325,3.0892508967502
lega1249,atla1278,1.7627172713143402,0.031656697348505215,0,2.6323917166950004,3.089227798462885
lele1276,afro1255,3.51298078510066,0.0755498468836762,0,-0.18289675307,3.29436678701364
lele1267,aust1307,2.571654056708775,0.04068879859233095,0,1.66265227243275,3.034847044352835
lele1270,aust1307,1.2890574287885217,0.04982170876451963,0,0.50272836295275,3.055028959145355
lemb1266,nucl1709,-3.5949336848393965,0.19456441160494933,0,-4.902815647595,3.62306256227986
leme1238,aust1307,3.1317618379347727,0.0415494547391318,0,1.460244624735,3.0533015259836302
lena1238,aust1307,1.4980341136017081,0.07115138405139076,0,1.697892340050325,3.0630107994572597
lend1245,cent2225,-2.4372734148296686,0.16295799106057388,0,0.93949084814275,3.207469907222
leng1259,aust1307,-2.357384540734637,0.1444057149881383,0,0.46566952381275,3.06815470338817
lepc1244,sino1245,-5.808518584493438,0.3690504182007852,0,-4.4122456344575,3.5057699929588
lese1243,cent2225,0.5273665181155076,0.033150128276626424,0,1.0573188077055,3.1849650025379947
leti1246,aust1307,2.617038835981719,0.1586622739471695,0,1.808186697185,3.12233599088378
lewo1242,aust1307,2.2300631488774423,0.2114490347119422,0,1.6573157427075,3.059648803448995
lewo1244,aust1307,1.935256042596484,0.14721974400706384,0,1.843315072636875,3.0876349388791198
lezg1247,nakh1245,-7.1900817068451754,2.0928739460898225,0,-9.38216373828425,5.253045141919885
libi1244,atla1278,5.362361171811132,0.11679854329842564,0,4.363755353425,3.196611389413245
liby1240,afro1255,-2.7793765701587585,0.14778855867508367,0,-3.33334991456225,3.072373372248295
lihi1237,aust1307,-1.0331346566811361,0.16810737265154413,0,0.36998948175650004,3.02707968419644
liji1238,atla1278,2.507062352474614,0.2533930863440183,0,3.17926676418385,3.325662158918125
lika1243,atla1278,3.494136362758059,0.14794670260088882,0,3.678929264995,3.22221172655887
lill1248,sali1255,-7.14285667359297,2.3391426160336044,0,-9.787578052925,4.64988281431474
limb1266,sino1245,-7.36142750644318,0.12783000665421806,0,-4.427716729117501,3.473456693699875
nucl1327,limi1242,-2.7846136709933527,1.6587031705061186,0,-3.8578111647649997,3.99332618385413
lipo1242,sino1245,-1.6124526893019715,0.06829112924429645,0,-4.962405120365,3.3607108981218
lish1245,afro1255,-6.439980716593146,0.24012202151336204,0,-3.66160633306,3.29108694733762
lisu1250,sino1245,-2.011964430703606,0.08070755194066552,0,-4.97033226189,3.345421592137475
lith1251,indo1319,-7.427684423387161,1.9927368777154433,0,-10.087374210075,5.047302570742615
lito1235,atla1278,5.57158837768917,0.13033262867925585,0,4.36400794529875,3.19350976223595
livv1243,ural1272,-7.062600078610567,2.141296233304317,0,-9.479336762025,5.120005438991756
loba1239,atla1278,5.3388757596678245,0.11960510224118352,0,4.3376643298975,3.2058152031082
logo1259,cent2225,-0.5289324407559786,0.1874024136753459,0,-0.1161315744525,3.20565642328584
balo1261,atla1278,4.9809734146130875,0.11840941491191119,0,4.3421975853724994,3.19019890268698
loka1252,atla1278,1.6461999149161946,0.17105778871033553,0,1.514753636989,3.2895714944592847
araw1276,araw1281,-7.495766931415925,1.9984067841648934,0,-11.200804374925,4.8044557233131755
lolo1259,sino1245,-1.5714091488371964,0.06003596012135942,0,-4.9804708838075005,3.34784472151656
loma1260,mand1469,0.20360529950439776,0.088115231438665,0,0.18246989692925,3.19218994605186
lomb1257,indo1319,-7.442815326864826,1.9996448561297824,0,-10.1304520058575,5.01885908069638
chiq1248,chiq1253,-7.531266734766727,1.98043202605195,0,-11.0631341685,4.89724355503029
acha1249,sino1245,-2.467915620529525,0.15734567049775564,0,-4.87392743537,3.370964454120775
long1395,aust1307,-2.072691144627129,0.12128941167792016,0,0.5645280563974999,3.065037798725
loni1238,aust1307,1.3957879105006348,0.07061520883706275,0,0.65198961706,3.0541301957115703
lonw1238,aust1307,3.4603028437805152,0.06674583024943374,0,1.36819679245475,3.0632629462146896
lote1237,aust1307,0.6367955582471376,0.031758647514976854,0,1.191914722625615,3.025369097894315
loth1237,sino1245,-4.754016228044701,0.24024403937373343,0,-4.4761404955025,3.495916756066955
louu1245,aust1307,0.47775935425520233,0.2355637060468891,0,1.047320590495,3.0657107646869752
vano1237,aust1307,2.6080177821878334,0.03752865211026155,0,1.0720144762524,3.08957710965115
lowl1260,tequ1244,-7.5884673442463555,1.8668845139680248,0,-10.293526252374999,4.74488150576029
lowl1265,utoa1244,-7.431284427857686,1.9314468370032936,0,-10.30825373965,4.557794064485365
lozi1239,atla1278,-0.5435969538027372,0.1227462745820501,0,1.8986434381800001,3.046412385574325
luan1263,aust1307,2.6543727422978254,0.1690417949143257,0,1.80398273931775,3.117892407407925
onto1237,aust1307,0.7328654073124783,0.12302124921477386,0,1.432972270115,2.9457439259505946
lubu1243,aust1307,-4.998350850840225,0.3995598535643053,0,-1.6300669975685,3.145139427102065
luch1239,atla1278,-0.841480653013611,0.15246614355244198,0,3.036842114473,3.161199703858355
ludi1246,ural1272,-7.082649281504539,2.1354745645571014,0,-9.4820034566075,5.118208545709525
lugb1240,cent2225,-0.8760813412006236,0.21463989853177362,0,-0.1467075360257,3.1824532020797296
lugu1238,atla1278,1.4198927281592297,0.2634508808185776,0,3.9680803958700004,3.13946741707773
lule1254,ural1272,-6.96187086730536,2.184051811040899,0,-9.499466967,5.13902738106132
lumb1249,atla1278,2.287956151430157,0.09264956621972821,0,4.0613953171695005,3.227580976808455
lumu1239,narr1279,3.1853701123429747,0.32968592338041447,0,1.53020087940875,3.991719889002335
lund1266,atla1278,1.7268299419036812,0.0988704053556715,0,3.4838225509325,3.1926217912162302
lund1271,aust1307,-4.304103856312805,0.20863954809346966,0,-1.2575854496212502,3.15591439927375
luok1236,nilo1247,4.679231697999496,0.8156974546618759,0,4.8298673697275,3.62603170669223
luse1252,atla1278,4.745413699328596,0.11682636510053573,0,4.3248238200774995,3.20779208891618
lusi1240,aust1307,2.184310137749959,0.13789739139051121,0,1.0580078545617502,3.059729185841805
luya1241,atla1278,-1.050019775694778,0.1600161743831271,0,3.0180119217324997,3.191711585882025
maan1238,aust1307,-2.844488695261027,0.11901578756911363,0,-0.667179961334875,3.057202131643465
maas1239,atla1278,0.7434327565159924,0.04604944653078764,0,3.385739185741,3.23761704462109
maba1270,atla1278,5.136921339563264,0.10963595259319157,0,4.360048706625,3.1970530717925403
maba1277,maba1274,-2.74504761419227,1.4443110881464312,0,-2.620569162846925,3.75482311564753
maca1259,guah1252,-7.758366342654982,1.8797517135995656,0,-11.025692240849999,4.878611474735051
mace1250,indo1319,-7.551318182425552,1.963231690789836,0,-10.1261986228,5.08853784099329
maco1239,sali1297,-6.130718707051355,2.17535922676238,0,-11.099133219955,4.888817395662905
macu1260,tuca1253,-6.3852651592816985,2.0898227395879574,0,-11.18749023717,4.831317536090101
macu1259,cari1283,-7.608262859426604,1.9366495738090466,0,-11.15998003025,4.83705155260575
mada1285,aust1307,-0.8528122473543334,0.15536807563615057,0,-0.1018565468,3.0578069867135653
madi1260,cent2225,-0.5384512685878731,0.23171706828350402,0,0.03547422804,3.206161437593825
madn1237,east2374,-2.988041241157389,1.7519574732186107,0,-4.2688800044825,3.95310571845686
mafe1237,aust1307,3.2885688997885643,0.05681230756951214,0,1.41568680802425,3.06604626747673
maga1260,indo1319,-8.210231465915978,2.127230791444862,0,-10.0963710265625,5.075527194099365
magd1235,otom1299,-8.145893486281249,1.677276429433939,0,-10.591812357,4.632724350765165
maia1254,nucl1709,-4.205033106513312,0.4037193189534453,0,-4.78743605164361,3.79513726031203
mail1248,mail1249,-3.64883900907057,2.146372588946705,0,-4.19481928551625,3.846165759405725
mais1250,aust1307,-2.1057879078212816,0.18495418578867875,0,0.42036323511,3.0544778849279552
mait1250,indo1319,-8.263186739147837,2.1080510722535006,0,-10.1052337761475,5.0728109154830445
maja1242,surm1244,-0.25332833674717836,0.07844282829496267,0,0.6244508903992501,3.420519759547565
maka1304,atla1278,3.9292031814348842,0.1032257312131791,0,3.52971165851,3.19804241918383
makc1235,taik1256,-4.688956628389352,2.17357857345396,0,-4.66085684571675,3.86819424207574
makh1264,atla1278,2.965114821273356,0.11558477573987386,0,2.4797487379825,3.0465225947250802
makh1266,atla1278,2.8213395665558743,0.1010300799235576,0,2.46966399639325,3.04592859272754
mako1251,atla1278,2.003968516769872,0.020375095712238857,0,2.80314374049475,3.080032265971305
makw1236,atla1278,1.9349668129486215,0.019175258669345236,0,2.7982844346622002,3.083591336867345
mala1463,drav1251,-6.919953081746787,2.251153409743878,0,-7.301962233619999,4.848492771018645
mala1534,aust1307,-5.8349353487084645,0.2357169946242168,0,-1.622455391791,3.17989712882121
mala1464,drav1251,-6.939350859652574,2.2452923412014636,0,-7.281880988564749,4.838166658089955
mala1522,chib1249,-6.288072188945552,2.0699924602402784,0,-11.24215353445,4.809251386168411
male1284,gong1255,-5.4373561111656015,1.8981257644343958,0,-2.9975198288750002,3.7189097407603597
male1297,chib1249,-6.258634104960552,2.0663907765098255,0,-11.225147530274999,4.7623267358847
male1289,aust1307,2.08386767971313,0.12205865777896846,0,0.9103228758924999,3.0193792886779747
malg1251,afro1255,3.8746749954513175,0.1522476968944108,0,0.235241688285,3.2723327966685396
mali1285,otom1299,-6.281142499290059,1.9789022810263366,0,-10.536845894025,4.653569468515735
malt1254,afro1255,-4.843034475598557,0.34050416192365046,0,-3.304236871095,3.086781203747425
malu1245,aust1307,3.250966916084594,0.05142080767235164,0,1.24089543334725,3.061122582435905
mamm1241,maya1287,-7.641078864600811,1.8628830151471971,0,-10.465512336975,4.709345166886405
sauk1252,nucl1709,-2.759233588781881,0.259668851519261,0,-5.0011552321,3.621194962325815
mama1275,aust1307,-5.26193330220266,0.18866658385258567,0,-1.832655989225,3.1577438134337603
mamb1306,aust1307,0.8744692190350771,0.0944402069483286,0,0.646415833825,3.072812958491445
mamb1294,atla1278,5.545752202308377,0.23379690500283645,0,4.37722596586425,3.2604684513910502
mamb1296,atla1278,1.9848946739299427,0.051678793445305474,0,2.88615707749,3.105143530884765
mamv1243,cent2225,-0.09892613141411649,0.1541351286845965,0,0.9134491181062501,3.1859299280220297
mana1295,aust1307,-0.6556140781639526,0.19555985507331264,0,0.24627176262095501,3.0761118448060047
mana1298,nduu1242,-4.164776983883534,1.9302523676247985,0,-4.183258014670001,3.84342637225966
mana1288,sino1245,-5.947067651715674,0.44171439875943824,0,-4.621208608994675,3.4995082360129803
payn1244,nucl1709,-4.04399139760131,0.2974957640940354,0,-4.8836375528505,3.762258718685805
mand1440,aust1307,-0.9605392208932102,0.17765096453617654,0,0.7119554730665,3.03382624816805
mand1415,sino1245,-6.373785179775263,0.20125880819989153,0,-4.102639480292501,3.4643409121453947
mand1436,mand1469,0.8084584883168429,0.11826830699541724,0,-0.016459562290749997,3.206633726742915
mang1378,aust1305,0.3433994061693175,0.019199884250170444,0,1.0346650164389999,3.0223062603187048
rapa1245,aust1307,-2.32669565961573,0.1798525347261213,0,0.5456459710577499,2.95563188724818
mang1401,aust1307,0.6977735364751467,0.13718840517567643,0,0.91611705947,2.9398484304831998
mang1381,mang1423,-4.973172337509469,1.5646577153001155,0,-3.951443436585425,4.01880852355106
mang1394,cent2225,1.7220870798470078,0.040203485842489055,0,1.2356572838450002,3.177775980889855
mang1404,aust1307,1.2427679097005413,0.08463059737785365,0,1.109711701535,3.014044336152735
mang1405,aust1307,-0.6362300740185032,0.07086625650482772,0,0.96276629442575,3.06241711505331
mang1403,aust1307,0.8943701593192186,0.03794594876461808,0,1.15429442714,3.049523624445385
moni1237,otom1299,-6.359104184036473,2.0091220432401857,0,-10.545083266235,4.62912465618594
tong1308,aust1305,-0.36944673269562184,0.04328664126713775,0,-0.296901775780675,3.093704302587605
manm1238,aust1305,-0.286662119654522,0.10489077703765805,0,-0.191076092365,3.03053643040123
mann1248,mand1469,-0.8163279545234547,0.051812664788951746,0,-0.27447209530975003,3.26771566075198
manu1258,aust1307,3.046324682325709,0.12770998805664768,0,1.507075205145,3.117780302653075
maor1246,aust1307,-2.878804926307806,0.25141900582550814,0,0.52963199191625,2.9482983165283
mapo1242,aust1307,1.082019200381608,0.06542892899214177,0,0.6728691221995,3.029308009883515
mapu1245,arau1255,-7.046677463407587,2.259625363772453,0,-10.9961066402525,4.88655165864218
mara1382,sino1245,-5.375187574846704,0.1867400207360431,0,-4.53113289426625,3.50935215857192
mara1399,aust1307,3.2566877819009363,0.05195861460295629,0,1.0889497881549999,3.0574064408933097
mara1379,sino1245,-4.549256762475116,0.23830190098348406,0,-4.475075258115,3.50725623083435
mara1386,west2434,-0.4911610646818527,0.12246827713978728,0,-2.0580225130912497,3.61684052624293
mara1378,indo1319,-7.618795493332835,2.1267713541060305,0,-10.115759337124999,5.039447261869145
marg1265,afro1255,3.5983894794809785,0.10687585273698615,0,0.227794914465,3.266961367244515
mari1414,drav1251,-7.481062398754078,2.272825992755083,0,-7.294544525145,4.85171289735829
mari1440,coch1271,-5.02597059937483,2.419876015872071,0,-10.026825161000001,4.680947681836695
mari1428,aust1307,-0.9213164246096684,0.08224965872339346,0,0.2511860348925,3.04312415441208
nucl1622,anim1240,-4.319458857677719,1.55929380381861,0,-3.7039513763849996,3.90828354301566
mari1416,sino1245,-5.815461567513438,0.19011159287900695,0,-4.4829792007550004,3.50680445870708
maro1244,aust1307,-1.7668731190412017,0.05161644124620219,0,0.1542438655467,3.06696112232532
mars1254,aust1307,1.080971169611496,0.10733999298902297,0,0.38656739527425,2.989514644097715
mart1255,pama1250,-6.358881516851481,0.30445889886906685,0,-5.149785852675,3.7553813632527504
maru1249,sino1245,-2.486431787701094,0.2661161138443091,0,-4.877329751589,3.385571383787895
masa1322,afro1255,1.8560744543986805,0.1604451666579463,0,0.13853465732325,3.3055902841616147
masb1238,aust1307,-5.751068129648751,0.22270305067083845,0,-1.85534983630875,3.148334556009115
mask1242,aust1307,2.173861154114883,0.1836315663741392,0,1.42501187722075,3.042893593048825
matb1237,aust1307,2.780732444108952,0.11481110585358457,0,1.15413426521225,3.10160701784826
kemb1249,aust1307,-4.185569546766642,0.20016884091542395,0,-1.0561920307295,3.11969537329799
mati1250,aust1307,-5.058713242037204,0.16426210727462023,0,-1.763725996419,3.15100088461075
mato1252,aust1307,0.2983208379017639,0.046966877994429466,0,0.1370362321065,3.04324483149826
matu1261,aust1307,-1.0351998511164378,0.1450526507610582,0,0.2803874164775,3.0599745102212603
matu1259,atla1278,1.950821694995048,0.014698582724816712,0,3.1303607194455,3.0868925022974647
maun1240,iwai1246,-4.184725255299327,1.5350483247942275,0,-3.763184510485,3.970509073432035
maxa1247,nucl1710,-5.512516917323046,2.3401299507783127,0,-11.204731976225,4.839789674261605
maya1285,misu1242,-6.01084447580268,2.1614756575112786,0,-10.752666469962499,4.759359443992215
maib1239,mayb1237,-2.031690252269181,1.9913985941966088,0,-4.839760108979,3.9865540425656203
mayo1264,utoa1244,-7.451875056387905,1.9407830937690653,0,-10.29920162862,4.58764735771856
mayo1261,atla1278,1.754700924476556,0.23174990929657943,0,4.909613170285249,3.1225740904928996
maza1304,afro1255,3.319839448424373,0.10854689833989056,0,0.2251496364775,3.2943492771470098
mbaa1245,atla1278,0.4821221523460344,0.12523510583747227,0,4.17145836357025,3.0862353841640946
mban1263,atla1278,4.072651813431072,0.2879042459063223,0,4.79695681799,3.20454290621175
mbar1260,afro1255,3.462519954498771,0.09096008869674728,0,-0.012498730495,3.2703308632293453
mbay1241,cent2225,3.4556173868787696,0.05982683079203463,0,2.155753000735,3.14120474469252
mboc1235,atla1278,1.081569706652461,0.09187934738450242,0,2.7512001694535,3.1605676231948348
mbol1247,atla1278,3.0137236172085515,0.0384626697755696,0,4.2037850941647505,3.223788552269335
mbug1242,atla1278,4.3509948043638325,0.3492039093530871,0,2.9493215092025,3.1395025298625496
mbul1263,aust1307,1.827096258712396,0.09812852512515932,0,1.00157742053625,3.02927524506374
mbya1239,tupi1275,-5.598957888698605,2.336954032190041,0,-11.112427945324999,4.852533835333935
meen1242,surm1244,-0.654790518867254,0.05645250707783307,0,1.0721921817825,3.3394807175239603
meke1243,aust1307,-0.8756848757966713,0.058962653391500544,0,0.16468553507,2.998046029505375
mele1250,aust1307,2.5044794877157184,0.03817700475341517,0,0.9158407363375,2.92934069370449
melo1242,gong1255,-5.50909323200988,1.950671788883611,0,-3.0302936928435,3.717518743163935
melp1238,nucl1709,-3.3904832143876025,0.10075570706784631,0,-4.1744915247000005,3.483960037816985
mend1266,mand1469,-0.901048491283077,0.0789089945607113,0,-0.1313266383715,3.20625023896933
mere1242,aust1307,2.170569444700676,0.20987108760418033,0,1.4515984166895,3.060497321935715
meta1238,atla1278,1.1715221261255633,0.11636085457113546,0,1.563842368832,3.28128803730064
mezo1235,otom1299,-6.297786623239265,1.962425983077265,0,-10.56843760425,4.639630022622245
mezq1235,otom1299,-7.9703224221373565,1.736478537417406,0,-10.5331339287075,4.66049321572522
mich1245,utoa1244,-7.703876742704139,1.8421108514807816,0,-10.330596375270002,4.5495784060823095
midd1327,aust1307,1.214104423252409,0.11267989887061661,0,1.5689879346555,3.071310463428365
mids1243,atla1278,3.625125450094283,0.4436344750618776,0,4.9083792384625,3.1894960891691353
mikm1235,algi1248,-6.902495461253464,2.2605606023706457,0,-10.065424564075,4.647190187687135
mila1245,sino1245,-6.041059568674072,0.13814498042695103,0,-3.5473054817575003,3.38325725210339
mina1276,afro1255,3.392670274002748,0.11037063603816795,0,0.230591038965,3.289856768980885
mina1268,aust1307,-4.052270776373861,0.25358104887947425,0,-1.5303230552392502,3.02489032210069
mini1256,huit1251,-7.878750965248611,1.8534314933310672,0,-11.068821729,4.876333206183521
mini1251,aust1307,-0.9128350434693784,0.29729252072655005,0,-0.30231541825249997,3.087953141126955
minn1241,sino1245,-7.465697552092537,0.17694027394807005,0,-4.072629943615,3.47098857141583
miri1266,jarr1235,-3.6086555513211858,1.8767906683125208,0,-4.2425098344675,4.0397605933892695
misi1243,aust1307,0.278942770038042,0.14700427574018624,0,0.546727828454,3.01887093058527
misk1235,misu1242,-5.9781351952108,2.1686984770572058,0,-10.7324826668,4.766188954653205
mixt1426,otom1299,-6.362813405655556,1.9608039805557385,0,-10.610015169299999,4.626324625265815
miya1266,afro1255,1.1458528193336113,0.07475508668913596,0,0.0394314940125,3.2565815541402348
miya1259,japo1237,-7.813203136883448,2.3328644917113426,0,-4.19407816012,3.991851266454745
lush1249,sino1245,-4.234820795355983,0.23903158294657476,0,-4.543194788745,3.5034479004630548
mlab1235,aust1305,1.994881913892721,0.0948793866198358,0,1.2009161585419998,3.002697819151525
moba1244,atla1278,1.289102065513823,0.03355074881024243,0,2.766516200855,3.17714931355749
moch1257,maya1287,-7.6369422623193834,1.856880221193646,0,-10.44279751125,4.705717179699575
moco1246,guai1249,-7.2641112817061915,2.1266115894873336,0,-11.0969008185,4.84442431654425
mode1248,indo1319,-7.565484402096099,1.9672028913468067,0,-10.024052700224999,5.11964312959208
hebr1245,afro1255,-4.7470704139965605,0.21978865738216313,0,-3.571551404801,3.31240994863123
moha1258,iroq1247,-6.626691594099866,2.2813173433622302,0,-10.091066695275,4.69281399456135
moii1235,west1493,-1.928489626290105,1.8790570338367372,0,-4.718041929942499,3.888542737046315
moke1242,aust1307,1.839101459660844,0.10552124630134208,0,-0.10710391518875,3.035307630665635
moki1238,aust1307,0.7455483951529098,0.07800205622907702,0,0.19847460102,2.994418169555975
mokl1243,aust1307,1.2884280302453335,0.10181124235260462,0,-0.1223400780771,3.0399871225466253
mokp1239,atla1278,1.9972808928317427,0.12526061148133533,0,2.97822170248775,3.1884327193646653
moks1248,ural1272,-7.136550945066542,2.113843014645037,0,-9.49331564095,5.15920541800092
nucl1452,momb1255,-3.228315771771661,1.6402358301109756,0,-3.8404716209050003,3.9922839243200903
fass1245,baib1250,-2.8425313291837795,1.9820753897099808,0,-4.2207453708100005,3.854884901385695
mong1338,atla1278,4.015478194072347,0.10806262347332592,0,4.2698038419525,3.190895828816385
mono1273,aust1307,-2.002494983952225,0.12221179260859834,0,-0.17526079091750002,3.069590008104825
mono1270,atla1278,4.15065097759663,0.31389299234994167,0,4.8953149189075,3.1766068205009503
mono1275,utoa1244,-7.363216819811608,2.1211808675771544,0,-10.277442220025,4.605846332947181
mont1268,algi1248,-6.8417465000575906,2.2697879902950513,0,-10.071465058945,4.6528990267885195
monz1249,atla1278,3.8175719793417002,0.2736739953951033,0,4.796956797910751,3.142392882980955
mopa1243,maya1287,-7.580351808506266,1.87556006901062,0,-10.428883326395749,4.72138633768225
morm1235,aust1307,1.670684003185896,0.12178061456458177,0,1.14489232507175,3.092684912912165
moro1285,heib1242,3.229052980275279,0.38673598989824565,0,1.2127155022125,3.8922684538459
moro1287,aust1307,-0.7561257215173307,0.20221340319740963,0,-0.019237758628949997,3.0409024455043
mort1237,aust1307,-2.017581794900293,0.17140112725187456,0,-0.5966138751300001,2.98765802735131
mose1249,mose1249,-7.64910928160478,1.9454084202972735,1,-11.043311101575,4.86232020743768
temb1272,atla1278,5.223928149447849,0.10806892104337812,0,4.328270361342501,3.21767100892846
motu1246,aust1307,-1.331410922504313,0.03798659944001419,0,0.182498606455,3.009605232231525
mouk1239,aust1307,2.1360386807488143,0.13297677577867378,0,1.07197022710835,3.0648032103796803
moun1252,koia1260,-4.682276992461503,2.2110731806095565,0,-4.19224203996,3.91122401949798
movi1243,movi1243,-7.675982256208801,1.9299566843963325,1,-11.105618953050001,4.879359966361
mpad1242,afro1255,3.284452872961453,0.1365754640544352,0,0.08469759009700001,3.2617043666224452
mpii1239,sino1245,-0.5752449370170698,0.10010240876442482,0,-4.5162334221825,3.263665586190755
mpot1240,atla1278,2.3766638162944784,0.05137732793175438,0,3.1024921186750003,3.09459949942889
mpur1239,mpur1239,1.333790556577601,0.5336520475320986,1,-1.47754030687525,3.671416976833905
mual1241,aust1307,-4.0505775643707445,0.20034771372704063,0,-1.53052760407125,3.046347543848555
mudu1242,aust1307,1.7944381873659436,0.09150555467071257,0,0.504198098955,3.060472255379925
mudu1239,drav1251,-6.986457235543368,2.237373935700142,0,-7.30929330202,4.8515460670743895
mull1237,nort1547,-2.8396333777082603,1.7207282556854016,0,-4.2647039037295,3.903563240510035
nucl1240,atla1278,1.9694275166999562,0.10021393978779973,0,4.5405286601425,3.24636393060595
munc1235,sino1245,-3.298112768167235,0.23419932976723692,0,-4.57668230282125,3.48935159674146
mund1328,atla1278,2.970691733737568,0.08571686937302778,0,3.1926953042725,3.3240502248348047
mund1325,atla1278,5.783791222652498,0.2660067761343918,0,4.3823320596262505,3.251989321048535
mund1320,aust1305,-4.731256074767437,0.09371951757142694,0,-1.0396164724174999,3.2243178236228847
mund1326,atla1278,0.8496556777416293,0.1323603782759276,0,4.94807550827975,3.12392800818593
mund1330,tupi1275,-6.061372244046029,2.180147382067952,0,-11.103277977875,4.88838502463137
abar1238,atla1278,3.0001321321462866,0.08771310047050762,0,3.1511600970372253,3.361281564444865
murl1244,surm1244,1.1680871018561096,0.06412234629902927,0,1.488298870127225,3.356875564607005
muru1274,huit1251,-7.873055529925583,1.8563717035363603,0,-11.062217254551001,4.8818227699374805
muso1238,aust1307,1.12970997426121,0.053403423779924374,0,1.67381432181425,3.05072085423146
muth1236,drav1251,-6.964066280660087,2.240219909893582,0,-7.30539483049,4.825564088021736
muyu1244,aust1307,-1.1811714546105136,0.08569869134078813,0,0.26567726537125,3.0107140350782053
mwag1236,afro1255,2.8391758636425592,0.07845974771729888,0,0.21070936300249998,3.2544707143313847
mwan1250,mand1469,-0.5205304358223595,0.04178622573924331,0,0.05018701206425,3.231265676258735
mwan1247,atla1278,2.566520824490672,0.0847442527397732,0,3.9701271438875,3.127701224586845
mwer1248,atla1278,0.8869107245352845,0.1658985701526141,0,2.4971205768224998,3.07047495197714
motl1237,aust1307,3.1153112330125126,0.03796621340965486,0,1.4258374535299998,3.057276549675025
nade1244,nada1235,-6.252517722324682,2.138508180771384,0,-11.176077377024999,4.8456669555851
sout2857,aust1307,2.635002273002203,0.0843472518463598,0,0.3431829475635,3.0531854351705503
naka1262,aust1307,0.3308727323275025,0.06732203181770438,0,-0.28112523267425,3.0668946161903197
nalc1240,nucl1709,-4.316871019698972,0.25596263810625663,0,-4.7065862599725,3.61154976170004
nali1244,aust1307,0.1163906482701344,0.047957960620923466,0,0.8366828405962501,3.054236611363505
nalo1235,aust1307,1.376703737976297,0.1018969540472066,0,-0.11825337286275,3.066696914580985
nama1268,aust1307,3.142104524716264,0.05538911095819274,0,1.50458376399,3.05142051478886
litz1237,aust1307,3.236032051044512,0.05026057306367187,0,1.15638326165025,3.0633537687725
namb1293,more1255,-4.55326555762894,1.5572219972390402,0,-3.9926990713725,3.948083441040475
namu1246,sino1245,-3.2916310219308005,0.29942889546967816,0,-4.0838700127585,3.358701345661745
nana1257,tung1282,-6.806033145163195,2.2727471688863434,0,-8.9609226359225,5.23999323169208
nand1266,nilo1247,4.509953022268253,0.7251337995877006,0,4.5625254002182505,3.714070328044
nang1262,aust1307,1.5819873088859415,0.09179046275733559,0,0.6739073923850001,3.04860895647617
nant1250,araw1281,-7.8146650747225355,1.8783716860598367,0,-11.209033583,4.7942073739137
naro1251,aust1307,-4.320572445797026,0.2121501238510126,0,-1.252659925797305,3.1260137199246953
nati1243,atla1278,0.0418743639312788,0.05147406690621908,0,1.6318671907475,3.2117040785196247
naue1237,aust1307,2.1550379632131174,0.10506325925259875,0,1.87665217585175,3.100465313510525
naur1243,aust1307,1.515758632138458,0.12739743557824715,0,0.7239845041599999,3.0577409346435998
nava1243,atha1245,-6.848146909055727,2.162528211087898,0,-9.923656949200002,4.63497477889923
nawu1242,atla1278,0.23272881369009465,0.11422102305598088,0,1.4371068172500001,3.26253886815562
ndam1239,atla1278,1.1048698575056246,0.14986659166124977,0,1.861176003555,3.1289355112183648
ndob1238,atla1278,5.1317637488465895,0.12116495958041508,0,4.359582999275,3.1981650962312447
ndog1248,atla1278,3.4893061675626322,0.5024135078640132,0,4.707879614825,3.159063952798995
ndom1245,kolo1268,-3.4671084534717176,1.5615494671108554,0,-4.1830970796686255,3.92684143259749
ndun1249,atla1278,5.024917820908369,0.11389317939501942,0,4.274714017135,3.099147428465245
negi1245,tung1282,-6.771756342862646,2.283093694293719,0,-8.933191060215,5.26064937655667
neha1247,aust1307,-2.2522016211588696,0.10168787727224186,0,0.7829183590575,3.0243679884348946
kuma1276,aust1307,-1.4774031190642578,0.12441133181296879,0,0.6072226359374999,3.042870469466905
nenn1238,more1255,-4.55046756726192,1.5641179487691939,0,-4.0155304515275,3.949284819685945
nend1239,nucl1709,-4.001302753003555,0.2747155134691313,0,-4.88396985353025,3.76478202873087
neng1238,aust1307,-2.2756222028278312,0.12907470536216475,0,0.530085801981,3.086108759660685
nucl1706,afro1255,-4.617664468579544,0.27389826183860977,0,-3.6700093272325,3.30873715638818
nepa1254,indo1319,-8.210774328839534,2.098504266329025,0,-10.099816012675,5.069904857883355
nese1235,aust1307,3.2763309581847766,0.05490611088054149,0,1.22566103681,3.06220315567806
vinm1237,aust1307,3.1287853726277923,0.04862187360821452,0,1.1567728722675001,3.0653738730274798
ling1265,aust1307,3.193619209585475,0.049775202381986024,0,1.1695932710574999,3.0533527317403
nezp1238,saha1239,-7.085049621874227,2.398005990286151,0,-9.732050202825,4.63465139784143
ngaa1240,pama1250,-4.5981037400150155,0.3860050440150754,0,-5.23180018443075,3.737718251971315
ngab1239,chib1249,-6.29942127022384,2.064014725442716,0,-11.2805872763,4.777896544719655
ngal1292,gunw1250,-5.004787725599062,1.4998756588967777,0,-3.8971670298125,3.968761741530035
ngam1268,cent2225,3.4221291561376077,0.06465906410907496,0,2.1734913289575,3.137209365530865
ngan1291,ural1272,-6.915843366389087,2.2264643409325062,0,-9.416049895182251,5.196863523026985
ngar1235,pama1250,-4.401007333812115,0.2867876317226923,0,-5.18636801283,3.754446992031875
ngar1284,worr1236,-3.6927019031100112,1.9299938043289016,0,-4.2604398745225005,3.97456109234964
ngar1283,mirn1241,-5.51049176275133,1.6233281232845915,0,-4.0185712895525,3.96001507177495
ngas1240,afro1255,2.8281440537773896,0.0873842729688864,0,0.19911630149124998,3.253788896941105
ngba1284,atla1278,3.9146365865307162,0.27555617481626465,0,4.7962577082125,3.139012629615855
ngba1285,atla1278,5.6725215745147,0.12485416865114826,0,3.9680839698982497,3.2819662438204
ngit1239,cent2225,-1.9181963608728045,0.15459430133442725,0,0.87522638498225,3.213542218228405
ngom1268,atla1278,5.044811598784682,0.10375440137913076,0,4.3313744531675,3.194367408783245
nhen1239,tupi1275,-7.93113883280165,1.8038111369341945,0,-11.10365585524,4.851040396064175
niha1238,niha1238,-7.186031646561016,2.3396790975310147,1,-6.5082485133117505,5.266292925156025
nila1242,atla1278,3.4795280386216962,0.2783834727679721,0,2.9706595325925,3.1209627386109
nucl1633,nimb1257,-2.911515678658913,1.8708376919037448,0,-4.08403051415725,3.959171759171425
nina1238,yano1268,-7.541329357784923,1.9513317864153858,0,-11.1018738557775,4.882290331317829
labo1244,aust1307,2.822782139968915,0.07295058323026374,0,1.0775855557595,3.056534704936175
nisg1240,tsim1258,-7.079394655947042,2.3136081560916137,0,-9.5929536767525,4.6626434112751145
niua1240,aust1307,1.9347685645452422,0.09180193411775886,0,1.4821997898250001,2.95411870518023
niue1239,aust1307,-1.1589526525066423,0.149303898128853,0,1.09138327887825,2.9612244166049404
niva1238,mata1289,-7.348596644658597,2.066768936181966,0,-11.08468884225,4.860276141885166
njan1240,atla1278,1.9881624270187999,0.17105450737847447,0,1.26887546578375,3.30921051325531
nkon1248,atla1278,1.0208003024586838,0.025268903119974193,0,1.281344489579375,3.263130186076555
noct1238,sino1245,-4.271358403938983,0.23053304670717423,0,-4.1737431838825,3.45926267903962
noku1237,aust1307,3.0437315913538647,0.04682022395828432,0,1.40402194339125,3.057180214572085
noma1260,atla1278,1.2310295142050398,0.1028811104287792,0,3.8571945351475,3.2241467945927598
noon1242,atla1278,1.3071465024059306,0.06468197261291594,0,3.0015231208674997,3.3086703929544
noon1243,atla1278,2.4678969803270245,0.12224626679255864,0,3.23109872117145,3.361131718434535
nopa1235,otom1299,-6.354873455644849,1.9632670592820312,0,-10.583283260424999,4.62377494159349
nort2839,aust1307,3.4920495063947383,0.0695417865121232,0,1.374843390761,3.05995687817741
nort2697,turk1311,-7.186625992976181,2.096973796889526,0,-9.293755493075,5.15285034364734
darg1241,nakh1245,-7.200610417930854,2.0911936431265628,0,-9.348189377099999,5.259188329837515
nort2930,kiwa1251,-3.9996839981438517,1.803414803635666,0,-4.0733038432945,3.9277752594967748
nort2836,aust1307,2.6167326835511266,0.041687640405039694,0,1.6719167087955,3.01610491122303
nort2972,choc1280,-6.30121612446302,2.1037677802696786,0,-11.1971863577,4.80568014172832
nort2702,drav1251,-7.39950857285109,2.2800671958923897,0,-7.28379979472,4.8550181709815
gumu1244,gumu1250,-1.5361304773840652,0.1896535227298884,0,-0.03150168111,3.66286322290995
nort2938,haid1248,-5.291644139650369,2.5358254158335694,0,-9.82716188087,4.714712942888655
sing1264,sino1245,-5.752083015147195,0.15839603258694235,0,-4.24306633970975,3.45189141606994
nort2877,aust1307,-5.8958653888580805,0.2221721909749903,0,-1.6346873780325,3.161035699524165
nort2684,aust1305,2.6506794115228005,0.16793946538677643,0,0.82630922377,3.035492701112835
nort2774,atla1278,3.6514658531344457,0.26533242076353053,0,4.7515124077825,3.20326571937
nort2954,utoa1244,-7.361858583076573,2.1610039649855466,0,-10.28149115255,4.581820436195775
nort2957,utoa1244,-7.8494834173669155,1.7458702694596826,0,-10.306147039775,4.56261905610193
nort2723,sino1245,-2.066663962244447,0.041014540298196185,0,-4.4833446038750004,3.39970712905657
nort2747,hmon1336,-5.1330764305029675,2.0310078749117175,0,-4.77258667408,3.8697372229768803
nort2722,sino1245,-3.6045836233427364,0.14316010574241092,0,-4.4395868160725005,3.398604869876565
nort2994,aust1307,-2.6397072005614897,0.17602489646890712,0,-1.37046229248975,3.08263385445069
tosk1239,indo1319,-5.905819215714143,2.226787666139418,0,-10.018650090925,5.0942187354449455
nort2732,sino1245,-4.3616255493578695,0.2040390042474113,0,-3.8320160577725,3.35110843118579
nort2690,turk1311,-6.972766936919142,2.218411031588055,0,-9.2818747773425,5.1400425802792
yoku1256,yoku1255,-6.977591715184814,2.2569723136587436,0,-9.7876292044025,4.67057926286034
nort2745,yuka1259,-6.614009096235825,2.3548217682328545,0,-9.245736770819999,5.50594965975672
nort3047,afro1255,3.7014709860618833,0.09707178290357928,0,-0.03875551413175,3.2685831141853097
nort2980,quec1387,-7.659723116753433,1.9516451052283432,0,-11.08826518145,4.851325028896195
nort3139,afro1255,-4.95462120619967,0.2914768638819034,0,-3.241813537985,3.09376534273493
nort2845,aust1307,-3.527529274256189,0.13205400713790316,0,0.7463434977165,2.954065525906625
nort2671,ural1272,-6.944930182383033,2.188097277527742,0,-9.500647710725001,5.13596887968059
nort2942,atha1245,-7.118838863696244,2.2816767792765402,0,-9.96314757781,4.6377788592449445
nort2847,aust1307,1.4974790862576581,0.05829336042091627,0,1.71572357062325,3.070501754602395
nort2961,algi1248,-6.491050305959994,2.360333330481377,0,-10.06242670935,4.64326932078685
nort2775,atla1278,3.2519528710610706,0.19534054757744498,0,4.0261541469575,3.240640655517315
yaki1237,saha1239,-5.194614722974237,2.6094603985397056,0,-9.7434119138575,4.625341517892415
nots1237,aust1307,-1.3067441942028086,0.14509984688001756,0,0.3628921101355,3.0284597126298403
nsen1242,atla1278,1.7357430138474461,0.0632597430866916,0,3.1483731457450004,3.129334574495065
nuer1246,nilo1247,4.4910509523505056,0.6496976547389363,0,4.7399901471325,3.66350297452597
nukn1238,nucl1709,-2.974065728654351,0.292879940965596,0,-5.02528406684875,3.61096332416042
nuku1260,aust1307,-1.1556962806275473,0.13632832160605604,0,1.1625231624965,2.951408091828805
nung1282,sino1245,-2.437242565150018,0.10197670066430578,0,-4.1181154031075,3.43215874336331
nupe1254,atla1278,3.352102938626679,0.07900439532356066,0,3.23011420379,3.29131712480595
nyah1249,aust1305,1.430067742903261,0.13861174460072648,0,0.76120702577925,3.0432205154737098
nyah1250,aust1305,2.31213899767257,0.11071983717703372,0,0.8581626808575,3.037585075792225
nyak1260,atla1278,1.802381011066327,0.033183866228805155,0,2.929477919235075,3.11153237884671
nyam1285,afro1255,-0.1270393925309063,0.1284030519661171,0,-0.31766664354624996,3.184828805378725
nyan1301,pama1250,-6.0467843587305135,0.22178147876443613,0,-5.1655821857275,3.7463448286077803
nyan1307,atla1278,2.4893987763648826,0.09074253482097965,0,3.748314067065,3.1029818943806
nyat1246,atla1278,3.4096183538888303,0.31614568556286315,0,2.9737131409575,3.12754802097559
nyis1236,sino1245,-4.976020949911774,0.2575775741238377,0,-3.57369179801075,3.360412026145005
nyor1246,atla1278,2.4918183117040735,0.10442258342825814,0,3.740590776505,3.09409266966247
nzad1234,atla1278,3.459623393071928,0.13165205096167165,0,4.0323437366845,3.216545250114915
nzak1246,atla1278,5.599069232608322,0.1900158842281506,0,4.4402250407575,3.220668966452945
nzak1247,atla1278,3.5929797200083904,0.34294981122684715,0,4.89123342167,3.191646128180535
obok1239,lake1255,-2.4663820488576933,1.7797524378524996,0,-4.27775068327125,3.873821601231675
occi1239,indo1319,-7.4333176601929924,2.010645853933073,0,-10.119722511742498,5.017329374486365
ocot1244,otom1299,-6.361491631493655,1.9519231224876867,0,-10.59775016315,4.637253530974525
oriy1255,indo1319,-7.8862270851098035,2.158961529042969,0,-10.1099108027,5.0865018579210695
ofay1240,nucl1710,-5.840438904450846,2.249849011274591,0,-11.200105658125,4.8366101543466655
kalm1243,mong1349,-7.158116994747905,2.1040129642662793,0,-8.08234221639,5.15059960935988
okan1243,sali1255,-7.125059496171588,2.3728653434413216,0,-9.7756547342975,4.636415494811086
okin1246,japo1237,-7.452509343454862,2.3237421246589944,0,-4.19167027807,4.016126627912435
okoe1238,atla1278,2.3915175883924373,0.1082668662476056,0,3.32031360601475,3.2955869078794047
oksa1245,nucl1709,-4.51962335644256,0.1778083645238786,0,-4.782446983865,3.6306182809250354
okuu1243,atla1278,2.3456661715713834,0.1357393288337219,0,2.0203078455775,3.279071977915515
oloo1241,nucl1708,2.3554176600794565,0.8050816224878289,0,0.73012602778375,3.5508235418656646
olut1240,mixe1284,-7.5483969972920155,1.8662802797578129,0,-10.49436845185,4.749139587211435
omah1247,siou1252,0.5576087632875333,0.28301941319449647,0,-5.665860423835,3.910819075992615
omie1241,koia1260,-5.663223322296268,2.029389767527677,0,-4.2082662671125,3.887017612112245
bira1253,bira1253,-4.400305740478122,2.246685165766111,1,-1.910642586953,4.533871147799335
onon1246,iroq1247,-6.574363078456447,2.2754894726582617,0,-10.07089522197,4.7344372759170845
orma1241,afro1255,1.5870734111693023,0.08345889646553936,0,-2.340847735905,3.119529583528005
oroc1248,tung1282,-6.7900782706223435,2.2773280491525187,0,-8.953638605475,5.22773264285569
oroh1237,aust1307,-0.6582880298962452,0.030300143260687133,0,1.064399623128,3.030076418530315
orok1265,tung1282,-6.7730019387920954,2.289288511269308,0,-8.953498788832501,5.24305698395243
orok1269,nucl1709,-4.591879958953753,0.3239902518044054,0,-4.644020479242499,3.608864901316295
orok1266,atla1278,0.7568860277011598,0.09660601709741232,0,3.0837717313375,3.175056104648725
orok1267,nucl1580,-3.4424633226555987,1.9335841549757635,0,-4.136808042725001,3.876251871016295
orow1242,aust1307,-1.9788919282155675,0.13372237309920731,0,0.3593788295315,3.0713899861026697
otor1240,heib1242,3.106287261690647,0.35449995623463604,0,1.187956363415,3.91614936381806
otta1242,algi1248,-6.284142124096347,2.2723655652200474,0,-10.0721135699,4.6380166544408805
owaa1237,aust1307,-0.2090408414638802,0.2354668907173027,0,0.8824358611305,3.03277710292436
paaa1242,afro1255,0.6587372314878204,0.06446919882156951,0,-0.6655651085825,3.2350060197527197
darl1243,pama1250,-6.522630978841666,0.29228307335109466,0,-5.006027691551999,3.79614068146766
paam1238,aust1307,3.4375215318957544,0.07216190812713556,0,1.35453082743,3.061897735146305
paas1238,atla1278,0.34638068277012746,0.008031133415695729,0,2.6426975396875,3.19222487208571
paco1243,aust1305,-0.7148118322884569,0.1151874670699361,0,0.22405879950399998,3.05459965360839
pagi1243,atla1278,5.219448437389897,0.12091010201923653,0,3.6791152206335003,3.236851181301955
pagu1249,nort2923,0.6993429512330196,0.08499829869469067,0,-1.2142172849025,3.549989657611195
pahn1237,hmon1336,-4.1282883019721535,1.9536749490209926,0,-4.7809019585425,3.85708259712524
pala1344,aust1307,-3.6346064381435212,0.10068467084083169,0,-0.468272309965,3.174951973278895
pali1279,araw1281,-7.364550960206002,2.0657973897352937,0,-11.191573079775,4.80833296909104
balu1257,aust1307,1.425922290513622,0.0597470597180736,0,0.9996065462750001,3.069329813131995
pamb1243,atla1278,2.6328953412421265,0.2813390128132958,0,4.8471317452800005,3.186034187312565
pamo1252,aust1307,-1.2154551021145137,0.11308656721449288,0,-0.9190976035075,3.0932448574177
pamp1243,aust1307,-5.935464750341808,0.225162890586105,0,-1.5245715574504999,3.1564967351644153
pana1305,utoa1244,-7.358810046615036,2.099783649225137,0,-10.27733131455,4.583532657944994
pana1307,nucl1710,-5.9680909709566645,2.185863440189384,0,-11.177787157665001,4.83343503057619
enap1235,cari1283,-7.707434394278278,1.8862476116766633,0,-11.164656468525,4.851216267039961
pang1290,aust1307,-5.919194301073561,0.2244329440508115,0,-1.60823204248875,3.15616614231604
pang1287,atla1278,0.6227574876128603,0.18362827005001608,0,4.109113830425001,3.1354134150450452
pano1254,pano1259,-6.40630475357476,2.0774369129560557,0,-11.247097120525,4.781539618477675
pany1241,pama1250,-6.358452346091657,0.27260664879353214,0,-5.1558651161025,3.7432058361216196
papa1238,toto1251,-7.442549217464153,1.894612169211411,0,-10.29928107565,4.7193986231002
papa1265,aust1307,-1.228529009404198,0.18891727486444093,0,0.9860824402324999,3.0166797200484003
para1302,sino1245,-4.230925367973948,0.22636742751077057,0,-4.463406788372501,3.507373901038785
pare1272,araw1281,-6.025735259717324,2.2036165209594913,0,-11.18779531415,4.788819488752836
pate1247,aust1307,0.229861493758186,0.24791363750584955,0,1.396143867335,3.024307012453615
patp1243,aust1307,-2.3851905541851677,0.1300568514615108,0,-0.115840112055,3.0994768700876554
patt1248,sino1245,-6.826286392752336,0.25274003537659084,0,-4.5968115806175,3.5078340908755097
paul1238,aust1307,2.954079787432782,0.11495936076860389,0,1.4691031968815,3.12432082128236
pawa1255,pawa1255,-3.8089567829437576,1.8192024968840728,1,-4.210857654205,4.003097167741465
pawn1254,cadd1255,-4.04750165377966,2.3740057124723504,0,-9.8534162344225,4.6392518227443595
pech1241,chib1249,-6.115287555886725,2.0777704222450337,0,-11.22616518775,4.772558960750645
peer1241,atla1278,2.689510301983121,0.18085277402263789,0,4.522643200145,3.224370626538625
pela1242,sino1245,-2.429877285603771,0.14781824277702343,0,-4.8679692993699994,3.38906645275807
pemo1248,cari1283,-5.985264325661471,2.2019968425771665,0,-11.15884158758,4.819269996309335
pend1242,aust1307,-2.0753540507105432,0.11312928226819749,0,-1.08409391044,3.1072527825358502
peng1244,drav1251,-7.471547991842186,2.29491891139177,0,-7.2856074343625,4.86050197772756
peri1253,mong1349,-6.788003384809057,2.199504513479703,0,-8.0840667116475,5.15421463892146
piap1246,araw1281,-6.309975844072554,2.1036252740250108,0,-11.197672143824999,4.82479592976004
pich1237,araw1281,-7.817141006467672,1.879915432722398,0,-11.2078990649225,4.80492460835793
pila1245,guai1249,-5.659146656881766,2.356921010438153,0,-11.086118559700001,4.86871590943333
pima1248,utoa1244,-7.39004767703714,1.9452507859605677,0,-10.274840657925001,4.5832318161638455
pina1252,piaw1238,-4.526625716714099,1.9161939306759819,0,-4.1321766548325005,3.932984275035685
ping1243,aust1307,1.0296290737953155,0.08023986023845149,0,0.11998632519249999,2.973217054642225
pipi1250,utoa1244,-7.9217078696169665,1.7593520870656396,0,-10.3344495933,4.569572127498815
pite1240,ural1272,-6.962478085099274,2.1792655452961402,0,-9.5051247804725,5.141815543576451
plai1258,algi1248,-7.191918579268833,2.464970375288309,0,-10.059749059000001,4.641465904092129
pnar1238,aust1305,-4.237669941854833,0.18555571971804288,0,-0.18892517138582499,3.09129784526387
pohn1238,aust1307,-0.8421780395622722,0.10324930893100619,0,-0.023219724825,2.987849009734505
poko1263,nilo1247,2.558143309602884,0.8021668128653088,0,4.6123526144925,3.69075582982475
poli1260,indo1319,-5.98699530668894,2.2512677598982984,0,-10.140381154509999,5.068595452213341
popt1235,maya1287,-6.006139500440881,2.1438992421691903,0,-10.42096509511,4.689954511939154
port1285,aust1307,3.154283268430577,0.059098199787618315,0,1.3878345663875,3.034004999224495
port1283,indo1319,-7.3054462832421025,2.104230155400043,0,-10.110168368875,5.00620602915976
phai1238,aust1305,1.8932545695549772,0.09818232643153979,0,1.2316493256625,3.0144302799430847
psik1239,afro1255,1.4362150368491804,0.08471106537049893,0,-0.964802357153,3.23484381691029
puka1242,aust1307,-2.1464501661527287,0.19146619710735485,0,1.147155870593,2.94679103862772
pula1263,atla1278,1.1883737935254346,0.05594750844549597,0,3.3785910098825003,3.23831521267251
pula1262,atla1278,1.2212634623962462,0.040846952432528776,0,3.3826738743775,3.239379011529325
pulu1242,aust1307,-2.840569048404049,0.20329755536584768,0,-0.5878699065199999,2.9838603199428952
puma1239,sino1245,-7.386563140640991,0.13739070188995128,0,-4.4186914634108945,3.5120874442433303
pume1238,pume1238,-6.066295665868184,2.194693607060399,1,-11.10528130105,4.849824648734445
pura1257,pura1257,-4.1260690367490795,1.8429387084439837,1,-3.7699887332375,3.99101761993594
pure1242,tara1323,-7.370885215792137,1.9504113267670018,0,-10.026950778275,4.7597452194590595
puri1258,sino1245,-6.807328898062034,0.26002814958939513,0,-4.72802457186,3.46537458607751
qanj1241,maya1287,-7.625039817988217,1.8597273380425265,0,-10.418359097975,4.690361157917705
qawa1238,kawe1237,-5.165061431406498,2.5483828484440423,0,-11.02525946175,4.882444271785385
qima1242,afro1255,-1.7775657103387759,0.2629666259396627,0,-2.8700671103502504,3.1960623450326002
quer1236,otom1299,-7.956208316047375,1.7458303411503027,0,-10.532184096625,4.64456633804955
quio1240,otom1299,-6.3372574308875365,1.9528284040654147,0,-10.537492528925,4.6433161562186545
rabh1238,sino1245,-5.588161505598569,0.3071443961691957,0,-4.181008488399,3.46511290325334
rade1240,aust1307,-2.1642400627810088,0.1691471445080916,0,-1.391814632318,3.091271296184
raji1240,sino1245,-7.180260069054856,0.21382714810082237,0,-3.88830572867625,3.4150079950296
rama1270,chib1249,-6.255050505662535,2.062133380972159,0,-11.22915609585,4.770387541772885
rapa1244,aust1307,-2.9562270666064667,0.2693191052316323,0,0.6674112885154999,2.940660964758065
rapo1238,nort2933,-5.075855522283014,2.213214751823513,0,-3.99755589420225,3.981077361707475
rata1244,aust1307,-1.5849389468284798,0.24077884372904212,0,-0.990242793128,3.140962749513025
remb1250,aust1307,0.5494945415958101,0.0657632532860206,0,1.31606406499255,3.0722599228413348
reng1252,aust1305,-1.15153310366198,0.08933741850815785,0,0.1528674264255,3.0674936677383
renn1242,aust1307,-1.4537825181772517,0.1010837873728964,0,1.0836279526800001,2.94919201675695
reye1240,pano1259,-6.231100761381873,2.1397476568393645,0,-11.239343692999999,4.81485036357099
rian1263,kolo1268,-3.5641579590935772,1.5793149522725816,0,-4.1625040950385,3.95828891200295
rikb1245,nucl1710,-6.200833395492021,2.131105349471319,0,-11.13505048013,4.83629804739404
beka1241,aust1307,-4.185434075187245,0.2028503430958442,0,-1.07859652123625,3.12115212718684
roma1326,indo1319,-7.454786570740229,1.9988871801478025,0,-10.126367119575,5.037197659210525
romb1245,aust1307,-5.845061220769118,0.21852742780347514,0,-1.846333267355,3.145266988351095
ronn1241,afro1255,2.7855091186509187,0.07299468502658173,0,0.15833095347475,3.295292820230835
rong1266,sino1245,-6.246987658329236,0.1709456674755814,0,-4.47817232634,3.51278828397766
rong1264,sino1245,-7.017383295569568,0.23772590062518228,0,-4.6033352646250005,3.501640824318705
roto1249,nort2933,-4.636255496627012,2.136556132736379,0,-4.00425973323675,3.944119253397795
rotu1241,aust1307,1.6799077466051187,0.11857622550885831,0,1.29897792332175,3.0001593969896847
rovi1238,aust1307,-1.5907466437039535,0.04076024754018592,0,0.0746320196775,3.05063596898604
ruch1235,aust1305,2.0210767145207633,0.1284816284838886,0,-0.0877922173975,3.0256771477495503
ruka1240,aust1307,-5.3839347320567015,0.23585399296445675,0,-0.867622675442925,3.3234798850328398
ruma1248,aust1305,0.37754801575276353,0.030869518942447584,0,0.11908902072375001,3.01281365527318
rung1258,maba1274,-1.3813525311763921,1.4330367262836856,0,-2.7473251087549997,3.757598388980575
russ1264,mong1349,-6.8176788644689825,2.2266510394925714,0,-8.09019675215,5.13891704493995
russ1263,indo1319,-7.37131448736595,2.022141989327932,0,-10.126313063649999,5.06706411258783
rutu1240,nakh1245,-7.201376014813902,2.088846543119164,0,-9.366688337307501,5.205429813402249
saaa1241,aust1307,2.416441120126317,0.18207255798483155,0,1.54089217073425,3.04222542273105
saaa1240,aust1307,-0.9651433164934846,0.018886357714563134,0,0.44227142993949997,3.0452160474237
saar1237,aust1307,-4.375819843710902,0.37763900329941885,0,-0.9888808411835,3.327267938819625
saga1262,atla1278,4.140412559334123,0.26803293943485934,0,3.5573381797175,3.13959685125102
sais1237,aust1307,-5.140455699539753,0.25861417703629497,0,-0.81980706838575,3.347239299356075
yaku1245,turk1311,-6.747057738055407,2.289948487566108,0,-9.292309623875,5.131311205220105
tsis1238,atla1278,3.7300421957038328,0.1323164693772351,0,3.1896490892,3.297689136780895
samb1311,atla1278,2.212772754735153,0.234676669289637,0,0.6578405295952501,3.2720772324610348
samb1305,atla1278,2.532522901720098,0.21128841803530615,0,4.5431408277,3.2159099571166454
samo1305,aust1307,1.1732051862174018,0.07692444967853335,0,1.2769476108650002,2.939963444827465
wara1292,atla1278,-0.017723328153562652,0.06364439938030672,0,1.6523698322625,3.20113464358475
sana1295,afro1255,-0.0034299264528128504,0.16909285925157516,0,-2.775340321045,3.062582795878945
sanb1242,chib1249,-6.4224197571614745,2.029031323878233,0,-11.273076530400001,4.7604585936774
sand1273,sand1273,-1.3620980525063966,1.6050821387601044,1,-4.685386570917499,4.083731507903575
sand1278,huav1256,-7.576549071464672,1.869855744711649,0,-10.45345327265,4.77741838729338
sang1331,atla1278,2.3194884293538136,0.1284461458573743,0,3.913091537605,3.207297956331285
sang1321,sino1245,-6.0483720795495515,0.1737308734768592,0,-4.46781210469575,3.49868818338302
sang1330,atla1278,1.984640392033839,0.0415704337239926,0,4.081489937684999,3.109578007215605
sanm1301,otom1299,-6.262411923393654,1.9697969393286323,0,-10.564610931655,4.63140257475523
sanm1289,quec1387,-7.76447568473846,1.910135224687089,0,-11.0645438079,4.81992281820606
sanm1295,otom1299,-6.340336308996653,1.9575650839212826,0,-10.5884000377475,4.62870260995635
sant1410,aust1305,-4.837256345737121,0.10102041325966118,0,-1.01894154078325,3.21764745094816
sant1451,otom1299,-6.359953434214435,1.9635315686058843,0,-10.605229484115,4.6380594643157895
sant1436,otom1299,-6.330754227950036,1.9652887802884653,0,-10.585712900375,4.638381494676105
sapo1253,aust1307,-2.0630949653235326,0.10415245697611321,0,0.0230530920175,3.083335537728715
sapu1248,aust1305,0.9329221022656085,0.09125186230730173,0,0.7592765485140001,3.044492812900355
sara1321,cent2225,2.5619435623935405,0.2368754462352316,0,2.2325076860225,3.12404614753283
sara1327,aust1307,-4.477856496961928,0.16555691950253257,0,-1.7748747898250001,3.1517077368472552
sars1236,atha1245,-7.21791724786396,2.411711174181032,0,-9.9321727281,4.650125269671015
sasa1249,aust1307,-2.6971992764541013,0.15409520770512455,0,-1.4556039707189998,3.081907928836645
sata1237,aust1307,-2.9118186006276723,0.2039017667367751,0,-0.5884659997449999,2.979551650532695
saur1249,drav1251,-7.813321094095612,2.239719704955926,0,-7.2194551397249995,4.846915334336295
savo1255,savo1255,-6.643884172575991,2.3133960662962676,1,-3.772812268038,4.17269353332874
saya1246,afro1255,1.2507395759673883,0.1289349693542206,0,0.2274547765235,3.28061267655207
seda1262,aust1305,-1.1678572819106137,0.10035162879581784,0,0.14823680457775001,3.060190111490585
seim1238,aust1307,-0.9287624094298861,0.19958608714628526,0,0.110742075163,3.08981863754277
seke1241,aust1307,2.4059720518245897,0.17704018882019532,0,1.5389054134400002,3.04918045921872
sela1259,aust1307,2.375520178109321,0.2713313117119211,0,1.5252071587105,3.0938248386093647
sela1260,aust1307,-1.2489094304631547,0.13384450172506665,0,-0.9461457038725,3.1251808429772154
sele1249,atla1278,1.2826172207702156,0.016068693769378892,0,2.6506395078025,3.27412683546207
selk1253,ural1272,-6.974578636586983,2.200821742506358,0,-9.398597389675,5.17720272267536
sema1265,aust1305,-2.8362706305462355,0.14811951385943764,0,-0.32247088695250004,3.137992116485645
seme1247,aust1305,-3.3731941341434557,0.1821047496934292,0,-0.32554969709,3.1259532368058647
sene1264,iroq1247,-6.531836324133874,2.2696160876358986,0,-10.089636274077499,4.710966228835505
nucl1632,sent1261,-2.953271016574797,1.8970647876519309,0,-3.9753562576942496,3.9414595481055
sout1528,indo1319,-7.513049604812286,1.9735103218687908,0,-10.128464233825,5.083936248766685
seri1257,seri1257,-5.1919424821578355,2.387553012148268,1,-9.894442105035,4.67446182822989
seve1240,algi1248,-6.647093535700071,2.37139406714867,0,-10.0821876799025,4.6340026245193
shab1252,shab1252,-3.962005028658056,2.451239330949343,1,-1.8161978636165,4.488222647374085
sham1280,atla1278,3.9542706836913757,0.24306099259855965,0,3.8949145901450004,3.139711539464315
shan1283,pano1259,-7.960697977104614,1.8086462853006902,0,-11.245155948325,4.783110913977016
shaw1249,algi1248,-6.359232826749781,2.2018887171429142,0,-10.049685215575,4.630089278812305
shee1238,hmon1336,-8.419230027685026,1.946618963228538,0,-4.777532974785,3.836625587813505
biao1253,taik1256,-7.75836324206156,2.060545341733125,0,-4.611478297245,3.880392437277245
shil1265,nilo1247,5.061936308459204,0.729079175926532,0,4.8354204031825,3.61657199823359
ship1254,pano1259,-7.947121615980361,1.8152659008179635,0,-11.243874944075,4.793938118488565
shix1238,sino1245,-2.3118022007918553,0.08433855784371162,0,-4.0819363929575,3.357734985980885
shol1240,drav1251,-7.021239374172842,2.2374429329596133,0,-7.26249465259,4.81823334898675
shon1251,atla1278,0.00067261169190935,0.1308152979155568,0,2.065607598822,3.111495348906275
shor1247,turk1311,-6.8553008914034965,2.246586773238628,0,-9.2747025021575,5.151387255972756
shos1248,utoa1244,-7.300876784849482,2.1931735960706322,0,-10.2850382925,4.575630816872636
shua1257,jiva1245,-6.243050998985597,2.1611046169505213,0,-11.108171176325,4.84504036339536
shwe1236,aust1305,0.07038673756142524,0.04344367983211806,0,-0.120345062110775,3.02427694353669
siam1242,siam1242,-2.818412127048089,2.153420196547356,1,-1.966201280895,4.033137010005156
siaw1243,amto1249,-3.9063326893741666,1.8348912272542428,0,-3.7426550023375,3.940189688014615
sich1238,sino1245,-1.9929416736095789,0.036311630467398125,0,-4.91092846953,3.354480886479375
sici1248,indo1319,-7.475974023507227,2.001546703373003,0,-10.12343148923,5.021601668650964
sici1249,atla1278,0.7830506798498562,0.061265157298044166,0,3.80723133950225,3.142559669482825
sida1246,afro1255,-4.004004615040152,0.11738067530264615,0,-2.6750761744175,3.190489350518225
siee1239,aust1307,1.2839601418556645,0.04806508858730972,0,1.036399749177,3.0477473261522148
sier1250,otom1299,-6.345597678092723,1.9522386340172413,0,-10.613071682625,4.6376496022071745
sier1248,utoa1244,-7.959967274924736,1.714464624565282,0,-10.3157076464,4.565946536071145
sika1261,aust1307,0.74496618702163,0.09901191737969751,0,1.3178711442125,2.952597278165925
siks1238,algi1248,-7.186532775080419,2.4285206267440635,0,-10.0662152741775,4.626001821853145
siku1242,aust1307,-3.1664040988328255,0.1971436189620241,0,-1.16879951081325,3.10685077664689
simb1256,aust1307,-1.4972118002180643,0.07331102413235256,0,-0.08025601076075001,3.06875473220661
sina1266,aust1307,-1.1705152126988447,0.032389921093166095,0,0.3880108007275,3.001799377144915
sioo1240,aust1307,1.1503264805165716,0.03810258201625383,0,1.05638836783,3.017091868693985
sion1247,tuca1253,-7.924653968952427,1.8274000884204897,0,-11.174192844075,4.825332804375595
siri1274,tuca1253,-6.377344074366975,2.0901429223520553,0,-11.193542810475,4.824913987461425
sile1255,nucl1709,-4.276636046140844,0.34392574980553675,0,-4.894903707265,3.75646971158583
situ1238,sino1245,-3.292446048693325,0.1130023711925403,0,-4.3688753830669995,3.421258824706035
siwi1239,afro1255,-3.8909408335594597,0.3325040388091419,0,-3.3021104643875,3.3698836457880352
skol1241,ural1272,-6.977684552700161,2.18747681528353,0,-9.500348530775,5.15823346481527
slov1268,indo1319,-7.457886177410739,1.984744757255631,0,-10.114529229710001,5.079486884371995
sooo1254,aust1305,1.1545856259587182,0.05287069086930129,0,0.447428240825,3.02901687036727
sobe1238,aust1307,1.2369645437999992,0.3120485996985481,0,1.4628890701875,3.04814707276927
soch1239,otom1299,-6.32544639923144,1.9548637280632364,0,-10.54665040345,4.647743802900225
soga1242,atla1278,3.337369376247554,0.13218762416680513,0,3.6725177278550003,3.105716436531725
soni1259,mand1469,-0.9048588059807248,0.06725753999037273,0,-0.6066075870800001,3.2915065850049547
sons1242,aust1307,-2.0094348729517675,0.2703053334442592,0,-0.5509209950875,2.98694549640945
sooo1256,kuli1252,2.4123617680783243,0.5144710463740049,0,1.5303545676825,3.90215463868976
mani1235,east1459,1.1648572845333343,0.5801330291927203,0,-1.2992180034255,3.633289207051885
koon1244,atla1278,3.075927788639932,0.1443888306488299,0,4.06197323757,3.2209596136708702
sout2859,aust1307,3.475923974801459,0.06883733016326014,0,1.3646613534149998,3.0554185319221
sout2976,utoa1244,-5.7747925384787475,2.139766587858335,0,-10.297255713125,4.582313948045815
sout2856,aust1307,2.4871583323675472,0.035629163178105897,0,1.662478637945,3.046090330628715
sout2954,japo1237,-7.365367906944955,2.324264809338094,0,-4.187171605965,3.9959701565073305
sout2996,ayma1253,-7.51355015614311,2.002701137356381,0,-11.056333976649999,4.874786506226226
sout2730,sino1245,-1.6919250316532373,0.35282553116573123,0,-1.6057062357274998,3.219122090271605
raro1241,aust1307,-2.797971689280747,0.21551554844747403,0,0.5613890014852501,2.94847804903357
sout2826,krua1234,-4.514933360360617,2.297997833328882,0,2.0037574136625,3.3182540666212548
sout3236,gumu1250,0.8656374289339204,0.08788951576458205,0,0.7664336625177499,3.64756654360879
sout2956,haid1248,-5.296894742090851,2.534424902904748,0,-9.8480635318325,4.7134215475138905
kach1280,sino1245,-2.8805060321711657,0.13839437959796047,0,-4.2380668077075,3.44247734673262
sout2994,namb1299,-5.9900092221053685,2.233807331839783,0,-11.07392483189,4.84795394242907
sout2649,indo1319,-7.336158159489841,2.04553495769595,0,-10.0768217893885,5.0757067720484255
sout2729,sino1245,-2.0520581969256577,0.0685681037665678,0,-4.467328765514999,3.4037826075283553
sout2728,sino1245,-4.693334060517202,0.212717475674483,0,-4.42289695459325,3.411004724997465
sout2918,aust1307,-4.146218501006175,0.24281761798758322,0,-1.0494428852165,3.0850672669151153
sout2807,atla1278,-2.0648114926568484,0.13430353365794206,0,1.945670868074,3.046292131419265
sout2797,atla1278,0.9538077713975954,0.09582249177651485,0,3.008577946791,3.208143717626045
sout2679,ural1272,-7.102644525776666,2.124020600855014,0,-9.486166285425,5.134710833402204
sout2782,atla1278,5.346041764315454,0.20655548517156896,0,2.5192132021824998,3.375724560612595
sout2895,aust1307,3.0368599821604674,0.12530697550324116,0,1.5000881877232501,3.1066039093807847
sout2674,ural1272,-7.03151547907998,2.1570137164744847,0,-9.507201365525,5.1408559215616805
sout2959,atha1245,-7.149286425131785,2.315658954920189,0,-9.962412265415,4.62345987031883
para1301,aust1305,1.0913387755638468,0.064180154623198,0,0.0178911855105,3.0156037255539
sout3261,nakh1245,-7.2034803442812825,2.0906353561106834,0,-9.328803343625001,5.24182793931353
sout2869,aust1307,1.4626898009812268,0.07554945307410746,0,1.68122751400375,3.06709492960784
stan1318,afro1255,-4.104147399956565,0.18232821927499449,0,-3.2508469077899997,3.09456091919132
indo1316,aust1307,-3.8144604134865343,0.24994866278173608,0,-1.4889293176435001,3.002589597343125
stan1306,aust1307,-3.0765738549849475,0.17281047436067612,0,-1.48589161041,3.0056608147891053
horp1239,sino1245,-3.0163815843169655,0.09765424991273602,0,-4.3737519077249996,3.42124218813793
suba1238,atla1278,3.7432052636653816,0.16207733879492264,0,3.5478656486449998,3.121276477395715
sude1239,aust1307,0.5342256895742215,0.19896097422617,0,0.8011838452055,3.0380789498690604
sumi1235,sino1245,-6.150285521576049,0.16424619298871895,0,-4.4684442680675005,3.51329486070986
sund1252,aust1307,-4.016716895362926,0.28785764474994413,0,-1.29396062849175,3.10558894201363
mari1426,aust1307,2.542400007158191,0.16857212884269235,0,0.486662990681,3.029038938882485
sunw1242,sino1245,-7.3567678764714985,0.14873423199281308,0,-4.4579988198,3.4779308290027
supy1237,atla1278,1.063981015272137,0.10156391067161231,0,3.7949414397425,3.1555257151660348
surg1248,ural1272,-6.980546971057073,2.193071842677033,0,-9.45770904218,5.158855697948955
surs1246,aust1307,-2.4274452857178987,0.13772410173401686,0,-0.0076664485845,3.084542771031765
susu1250,mand1469,-0.6113113433563675,0.07833542826462057,0,-0.5055744101625,3.2270429639593603
swah1253,atla1278,2.076442297131868,0.02642259478388199,0,4.022808424542999,3.118499651707825
swed1254,indo1319,-7.361937434784377,2.022409546305324,0,-10.109340994085,5.07406309995179
taba1263,nort2923,-0.0024115802180379496,0.03538476816741407,0,-1.69063091684425,3.51989388074987
tabo1241,tabo1241,-4.253324306977754,1.7186071381912986,1,-3.8469382587125,4.025106414434886
tafi1243,atla1278,1.5911613977710206,0.04904816608641721,0,2.8059076212982497,3.28595262280647
taga1272,aust1307,-3.833797389082484,0.3514148208218901,0,-1.7641485430269,3.15669530699936
tagi1241,sino1245,-6.356226498540131,0.13450258652503405,0,-3.55716505075375,3.36106260275052
tagw1240,atla1278,-0.17812267734645856,0.10626481982770605,0,3.2014961504725,3.16154205960791
taha1241,afro1255,-2.5550224994460082,0.2114276292630706,0,-3.03875428949125,3.283819265813655
tahi1242,aust1307,-2.859505447391979,0.21252158336038585,0,0.52780637582125,2.941063890290275
taia1239,taia1239,0.222326243023839,0.9033787577523409,1,1.00305145589,3.57655531674173
taji1246,aust1307,-1.9054796442962794,0.10371856391839968,0,-1.0953579354482499,3.11796665385717
taku1257,aust1307,0.7314989349505581,0.11881599796472656,0,1.4318214956375002,2.9398561323654953
tali1259,aust1307,-2.3698714465790482,0.14227925719345094,0,0.4742177980925,3.07582584280927
tama1331,tama1329,-2.058042643704038,1.5453878367571108,0,-2.1841082678525003,4.022946307351329
malo1243,aust1307,3.3065090813148994,0.054468303699354036,0,1.40032845534625,3.0680878529733047
tama1365,afro1255,-1.2329410887899852,0.11117314742566513,0,-2.85008152183,3.23306717792879
tami1290,aust1307,0.6353498780012874,0.04821904223087061,0,0.546739476025,3.0024654292750848
tami1289,drav1251,-6.964855092448772,2.2478258627650702,0,-7.292967734615,4.849302124101104
tane1237,aust1307,2.707233897706261,0.04371282343265532,0,1.0753203175365,3.091216292793915
tang1377,sino1245,-4.562840152795356,0.25096900119010224,0,-3.5760887461174997,3.3632553707649553
tang1373,sino1245,-5.901512266906553,0.1224785809922874,0,-4.1210041929425,3.4692678762724096
tani1257,tuca1253,-7.955753785178713,1.8081647881239449,0,-11.191919632375,4.837025617168165
tara1313,sino1245,-4.225274935711152,0.2154942955928477,0,-4.54786163862,3.49646147329848
tari1256,araw1281,-7.970535730184899,1.7962402969820739,0,-11.197730755725,4.820141774379341
tari1263,afro1255,-4.092566786797499,0.4119363476192535,0,-3.10251787674125,3.3770506189609453
tata1258,otom1299,-6.344309762276054,1.9646896720398095,0,-10.582455903795001,4.63357860386934
tata1257,aust1307,-4.505186718538445,0.2306296967427644,0,-1.2307929772525,3.139616913790995
tata1255,turk1311,-6.989650570057705,2.1741637285938937,0,-9.2770964574675,5.16220789714375
taul1251,taul1250,0.3401164198540103,0.8309527489159684,0,0.8702475330799999,3.56385647467311
taus1253,taus1253,-7.836191182843489,1.876521414227987,1,-11.0914800905,4.877629034339205
taus1251,aust1307,-4.363817606137837,0.2333404084230211,0,-1.8574122890225,3.14817335651037
tawa1286,afro1255,1.3830168212339657,0.05533354036845416,0,-2.6529397093402753,3.208967883261295
diga1241,sino1245,-3.7500858799006576,0.2090309513403723,0,-3.6035161488825,3.360292389802445
taya1257,afro1255,-2.0158461914319163,0.1474370382209819,0,-2.8175293055825,3.2355415274318853
tean1237,aust1307,2.667513789030456,0.041625063335927845,0,1.05272362057175,3.08863579403697
teda1241,saha1256,-2.389413202359478,0.2600259073596745,0,-2.33443812223,3.47236308453313
tedi1235,sino1245,-4.207396379022254,0.2246589413979245,0,-4.585374323231,3.5067693340633
tega1236,rash1249,2.2444870272214383,0.2690027164513266,0,1.5900034221345,3.96749989806427
tekt1235,maya1287,-7.637069026636093,1.8566026923637045,0,-10.468070157775,4.717121738015675
telu1262,drav1251,-7.238895577333571,2.255882105582666,0,-7.2914605261325,4.824741650869905
temi1246,aust1305,-1.9487746670202086,0.09675441828096512,0,-0.33200747143675,3.1120894020421996
temp1235,aust1307,-5.724194633110121,0.11356924691603679,0,-1.266523862805,3.133058826979285
tene1248,dogo1299,-3.40596833037771,1.8254755167091923,0,-2.9955933018775003,3.8145630212688504
tenn1246,surm1244,1.520580219318163,0.10401512611646324,0,1.4662216661474998,3.3512053805876647
teop1238,aust1307,-0.8576348953857196,0.10743827016397935,0,-0.13477935558575,3.077288852599525
tera1251,afro1255,3.467391411250376,0.11051778658546745,0,0.2734256194325,3.28566380768729
tere1279,araw1281,-7.5386671982928455,1.9990607120058075,0,-11.21805012087,4.8064666312258
teri1250,chib1249,-6.292140759883935,2.064018901141784,0,-11.269040362475,4.76700162062369
term1237,aust1307,1.610874389096859,0.14106300031243418,0,1.7262882417675,3.112199000256695
tern1247,nort2923,0.9445973642646264,0.14161731230148106,0,-1.12004900595175,3.565672028288355
tete1251,utoa1244,-6.170306054980089,2.023702111848702,0,-10.3085057959,4.569122488586335
tezo1238,otom1299,-6.310182402168709,1.9632724290520036,0,-10.614966642525001,4.61975818991789
thad1238,sino1245,-4.319140696288311,0.22899958473660784,0,-4.5865349421,3.4925884438635
thak1245,sino1245,-7.269569942133835,0.19228669822223682,0,-4.6183966445125,3.48605493170596
than1259,sino1245,-7.298865760663906,0.16395598285829183,0,-4.43202831417975,3.49951889356006
aheu1239,aust1305,1.1136785291867204,0.06344640933293173,0,0.31791426028750003,3.065153788758565
thul1246,sino1245,-7.340141758344971,0.1333252852846599,0,-4.4620663789999995,3.47755307677508
tibe1272,sino1245,-5.640348321288643,0.3381123337107754,0,-4.768290161187499,3.465166410659795
tief1242,atla1278,0.9415932020166147,0.07683898084395129,0,3.20391898901,3.1947504968388447
tief1244,atla1278,0.9914901483218862,0.08618864359994334,0,3.2008359548727503,3.19768161220645
tien1242,atla1278,3.7953428637308915,0.14167801590856313,0,4.0167045328675,3.22917183004706
tiga1245,aust1307,0.26715309833409684,0.02808343325802038,0,0.8744851928324999,3.047322440402895
tigo1236,atla1278,1.128833463215674,0.10640396192194981,0,3.5054373928739997,3.25479070598618
tika1246,atla1278,2.300135266723475,0.1440913891364908,0,1.270064166675,3.29995323981027
tiko1237,aust1307,2.972486804034366,0.06054770282280952,0,1.1926882079465,2.94305091691092
tilu1238,sino1245,-5.955545805861874,0.40705657952857877,0,-4.4651605629475,3.4779751195645696
timn1235,atla1278,1.4930964173403432,0.0788811526593871,0,2.65061825657,3.19399552874063
tina1248,aust1307,-5.925779781522938,0.22699144666035478,0,-1.5420769611925,3.160820504135605
tira1254,heib1242,3.039827879174398,0.3351305457039518,0,1.233118608692,3.89755903177258
maee1241,aust1307,3.2898163660001667,0.0539425682305204,0,1.0919398803715,3.0396330905270847
tiri1258,aust1307,-3.1763317076274813,0.12008647096633558,0,0.369394738658,3.073680752011255
tita1241,aust1307,0.6845742291530001,0.06185718178843382,0,0.406299279215,3.0572600078103997
tivv1240,atla1278,1.6703045028949588,0.16997276107928977,0,2.899370953635,3.39119628092702
toab1237,aust1307,-3.1086011062794423,0.1690129692764605,0,0.609312772095,3.041146770163775
toar1246,nucl1580,-3.836062144016473,2.0972030271721223,0,-4.104135651702499,3.8913104215025847
toba1268,leng1261,-7.355466502819549,2.0586547259521173,0,-11.073940403529999,4.85688986212564
tobe1252,nort2923,1.0327086415244353,0.1289245708433495,0,-1.3584388854375,3.52970562129348
toda1252,drav1251,-7.00337032857043,2.236632795556557,0,-7.29300204751,4.848851476984844
toho1245,utoa1244,-7.35754822491729,2.002175598757258,0,-10.2852253294,4.58599423446374
tojo1241,maya1287,-7.615905247417288,1.8575191227977914,0,-10.427290140650001,4.70859960239323
toke1240,aust1307,-1.8994024599298458,0.14660307622627622,0,1.2460611728217499,2.93426277748855
toll1241,jica1245,-5.949228232927018,2.182844326115123,0,-10.68465212125,4.859621948348845
toma1245,mand1469,0.3974391116152307,0.11717814970814792,0,0.17749382941000003,3.2066403115331603
tomb1244,aust1307,-4.588838317400382,0.25533307563709706,0,-1.2423699879424999,3.139872912503855
tomm1242,dogo1299,-3.2988282635356008,1.8520256011242096,0,-2.83659010388,3.853100657458225
tond1249,song1307,2.1668380344705014,0.7195697643608188,0,3.1987089164855247,3.450805843419425
tong1325,aust1307,0.4646989040042242,0.2118556665606646,0,1.2646211972999999,2.9450227189073903
tong1318,atla1278,0.8260013723495336,0.05638943734960121,0,2.8036051646401248,3.126832173306405
toto1302,sino1245,-7.325967904491735,0.11872742278563794,0,-3.7748185193725003,3.447633803404925
touo1238,touo1238,-5.498855980093296,2.141675143796655,1,-4.000432107045,4.125605369729305
trin1274,araw1281,-7.7494570685435775,1.8953261857651587,0,-11.211717658525,4.77218321683838
trio1238,cari1283,-7.495656356475193,1.9923856763411867,0,-11.155979986925,4.825776499785335
trum1247,trum1247,-5.791385603487547,2.2764008253211503,1,-10.9541152587375,4.887031836822805
colo1256,barb1265,-7.768179561136318,1.9021593000565329,0,-11.014282384825,4.839617547034245
tsam1247,afro1255,-1.706108727783315,0.19368948186837767,0,-2.4677368507775,3.127775249755585
tsat1238,aust1307,-2.5319346306917527,0.21027651545098053,0,-1.400269654079,3.08121447551141
dido1241,nakh1245,-7.218103382606141,2.084734720054294,0,-9.366538478815,5.23410739539853
tsha1245,sino1245,-7.022334941601212,0.12103934345329052,0,-4.6670391261574995,3.48689673272915
tsix1234,khoe1240,-4.611725839405409,2.32618828407577,0,-0.7973026487,3.962732319083065
tsog1243,atla1278,1.9766151286680367,0.04812752359179805,0,3.499681216215,3.287181843747775
tson1249,atla1278,-0.009197547099698701,0.125225630524567,0,1.8827194083871,3.06035077939469
tswa1255,atla1278,0.7549146200770691,0.021840495846879554,0,2.031008982967,3.05847711180693
tswa1253,atla1278,2.387763691693321,0.15253268721498267,0,2.2021714938440002,3.0553804923450247
tuca1252,tuca1253,-6.367775067299464,2.0915225884244633,0,-11.1701576076175,4.8329671521016255
tugu1245,aust1307,2.439674689635558,0.11859501305516189,0,1.7741094942525,3.1009522220420402
tuka1248,aust1307,-0.3599414852348617,0.13855602728603725,0,-0.7988698248017501,3.082532756813885
tuki1240,atla1278,1.4694446457473749,0.11235717950790039,0,3.855572563205,3.2306977764181397
tula1252,atla1278,4.989640205632464,0.23024268177330715,0,2.6980303975325,3.2438888342745997
tulu1258,drav1251,-7.01203814210859,2.2367402833876304,0,-7.2961477863925,4.836436252611875
nene1249,ural1272,-6.972312575341069,2.2006235129718115,0,-9.411854547874999,5.168812935699675
tung1290,aust1307,0.0197802059728755,0.0807843498843976,0,0.07452794970225,3.07964190076486
tunn1238,afro1255,-1.6153056487385087,0.18067377538851456,0,-2.6721302044475,3.1270033021332
turk1308,nilo1247,2.425928341175601,0.6164169068210822,0,4.58305544798,3.687146060392145
turk1303,turk1311,-7.002065026907772,2.133705053241322,0,-9.28734922936,5.1322318282671
nucl1301,turk1311,-7.175358582339931,2.1258253441495056,0,-9.252126025868499,5.135785853761821
turk1304,turk1311,-6.927986563949064,2.1746190421643834,0,-9.2769899872,5.147065754694385
tusc1257,iroq1247,-6.433025646886766,2.2808091133498514,0,-10.0710563942975,4.722994382924355
tutu1241,aust1307,3.3240373270889965,0.0573312882580142,0,1.419035273121,3.0640797291465196
tuwa1243,aust1307,-5.918158322987751,0.22414664731511205,0,-1.6216606457965002,3.154913252993595
tuwu1238,atla1278,1.1683611029639343,0.025460425370381075,0,2.8371260376375,3.26576793991128
uuuu1243,aust1305,0.91924827355616,0.10625241935254585,0,-0.1215035959375,3.0232731764246203
udii1243,nakh1245,-7.193900942681405,2.093525941251392,0,-9.382370637225,5.228051266896944
udih1248,tung1282,-6.8156380334344675,2.275631610815829,0,-8.95799659916625,5.2265317250780345
uduk1239,koma1264,2.0854142746613515,0.4843390915980094,0,2.0340685321525,3.82512904484277
ughe1237,aust1307,-1.2629065202146847,0.0422967436386804,0,0.73529419221625,3.03556939947618
ugon1239,sino1245,-0.864996942864888,0.14459427654252074,0,-4.69026061509,3.38778008572573
ukra1253,indo1319,-7.474448132660488,1.9760810945644205,0,-10.1370774039175,5.073096533228365
ulch1241,tung1282,-6.776948664898217,2.282499426593178,0,-8.96955088342,5.22949901897333
ulit1238,aust1307,-3.267721572607579,0.27891346784682314,0,-0.5586409565399271,2.983334444470955
ulwa1239,misu1242,-6.0402953387607665,2.1596123068139166,0,-10.754854534445,4.761293287005834
yaul1241,kera1258,-4.554202512046551,2.0339701289851444,0,-3.70400066812,3.956742236716685
umaa1242,aust1307,-1.0251149055875128,0.26189596631396433,0,-0.23732403479824998,3.063986254981495
umbu1257,atla1278,1.9123572350025917,0.11486449532703226,0,3.63458646015525,3.19991309184404
umbu1258,nucl1709,-3.297199791532046,0.08541478026574353,0,-4.1569639299125,3.47424009715791
umes1235,ural1272,-7.0553420977532735,2.154753311355022,0,-9.502574627449999,5.14837491768227
unua1237,aust1307,3.180268853041161,0.052984751429411815,0,1.343976485015,3.04598732370017
uppe1275,toto1251,-7.476380286980717,1.8890293392243065,0,-10.312199799697499,4.666578876075315
urak1238,aust1307,0.9325211270608396,0.08231132665303326,0,-1.38598940677975,2.99984791545901
urar1246,urar1246,-6.262861421375469,2.158283989267374,1,-11.0749065648,4.8457177189289595
urav1235,aust1307,1.124585544279257,0.07853973136651461,0,0.6434318814537501,3.04459443433023
urim1252,nucl1708,2.24524506470617,0.720068367389217,0,0.44063208787499997,3.605583815848055
urip1239,aust1307,2.257751011427101,0.20709560587779371,0,1.34529929770075,3.046270369935185
utes1238,utoa1244,-5.087701192476503,2.472941229452159,0,-10.2889082081,4.5863479386096895
kagf1238,atla1278,3.793007489614265,0.16547616279132693,0,3.1824098630449997,3.31905338636445
pile1238,aust1307,1.18978823029736,0.21435110273803143,0,1.3364975322275,2.940989314243925
veps1250,ural1272,-7.090510858729901,2.1291044388283074,0,-9.485014472525,5.11419809751638
vera1241,aust1307,3.1529535008343745,0.046539517571527196,0,1.461000371875,3.047037877361235
viem1243,atla1278,0.38628570742103374,0.02675433926344134,0,1.7846500850395501,3.2174752760958247
viet1252,aust1305,-1.3308131078490457,0.10068254037167752,0,0.045583138492499994,3.08001918680884
voti1245,ural1272,-7.097907902848477,2.1292294583242577,0,-9.479067829775,5.15312059311644
vunj1238,atla1278,4.342296983263166,0.2992178938308935,0,3.5758727834575,3.14270683905265
vure1239,aust1307,2.1109049968466747,0.19920292295084965,0,1.476045198454,3.041702669620805
vwan1235,atla1278,1.941106612303634,0.031346463021587306,0,4.0814820959024996,3.1094406077838803
waig1244,aust1307,2.1616651659101667,0.10303512508102647,0,1.1593789097839502,3.09728662808084
waim1251,aust1307,-1.3292366572345755,0.07223917195746524,0,0.17135185359275,3.01239241575571
waim1252,aust1307,2.028742339421172,0.07963922952222109,0,1.88360698225375,3.0953481974155848
waim1253,cari1283,-7.663550053266713,1.907491405137511,0,-11.163930322125001,4.829096195970266
waja1257,pama1250,-4.820086513766308,0.5757391247550725,0,-5.11141902786,3.734511390478575
waka1274,pama1250,-6.165469874005711,0.28649360021994547,0,-4.832014997765,3.8200422017893247
wala1266,aust1307,-2.207791762697579,0.14056654433166052,0,0.611253100391,3.0355850693646502
wamb1257,sino1245,-7.366267983752456,0.14618349260269753,0,-4.4567072260785,3.475871118550145
wann1242,mand1469,-0.6949057468201012,0.018263303819840867,0,-0.11078310285500001,3.241034540250685
wand1278,afro1255,2.044920679783101,0.18372205945916387,0,0.2359092522725,3.2763980916077253
wand1267,aust1307,-0.2666429738286187,0.09638067640616793,0,0.19671626890875,3.07811507112825
saka1289,aust1307,3.194301837630073,0.05205038909320034,0,1.417126234595,3.07406433967643
wara1303,wara1303,-5.693507753413059,2.3005621581976463,1,-11.040529886975001,4.874471865851975
ward1246,yang1287,-5.115646297200451,1.5897127739272463,0,-3.7650281869424997,4.0738728660749
ware1255,araw1281,-7.878160447531608,1.8251939351761948,0,-11.209252070649999,4.8279428824406
ware1253,aust1307,1.6628651154157135,0.2451167905253812,0,1.1950535846035,3.07030011911111
wari1268,chap1271,-7.723853279897929,1.9094133136378615,0,-11.0798759867,4.88527866340959
warj1242,aust1305,-2.994730178593212,0.1786282621830337,0,-0.20944624597325,3.099339735674395
waro1242,aust1307,0.797628241543014,0.35083656820121945,0,1.2502068536175,3.07567531213012
warr1255,pama1250,-5.29849683077896,0.23676210322082342,0,-4.658649399085,3.7786061927910053
waru1265,pama1250,-5.550627116171441,0.20726805594170233,0,-5.1692986171849995,3.76269321038995
wawa1246,atla1278,1.6533416592255117,0.2552331608815135,0,0.6567133951795,3.344934122724695
waya1269,cari1283,-5.654719466253713,2.2864992642308755,0,-11.177444192262499,4.83749564012702
wayu1241,sino1245,-7.358501066585533,0.1516148957681437,0,-4.4520784446775,3.46792410095148
wayu1243,araw1281,-7.713756958601405,1.8788736538978394,0,-11.189174195935,4.82378695571053
wels1247,indo1319,-7.319670888199568,2.0589096743411424,0,-10.08788507335,5.06456645700492
nort2864,aust1307,2.9545531565877567,0.1146040458669048,0,1.48183375514175,3.118905188404995
weri1253,kuni1270,-3.4774611024217075,2.0620311580448485,0,-4.2754629845525,3.8777053324249353
west2560,aust1307,-4.564976455057992,0.243120884474666,0,-1.00498649605575,3.089689831555885
west2548,aust1307,2.8523482268324063,0.1712137908962995,0,1.439502240995,3.0987245605598996
west2615,atha1245,-6.998401773011075,2.103418197683603,0,-9.926238513375,4.638600507859025
west2397,aust1305,1.6922946279607505,0.1005506790837672,0,0.438179424145,3.030198797146215
west2555,aust1307,-5.126538937103941,0.1607632176711035,0,-1.753312651914875,3.1493913277409
west2650,aust1307,2.4225397126532235,0.16429469309853922,0,-1.01748226963725,3.04039147542519
west2594,nucl1709,-3.7167528254092814,0.2601302664425262,0,-4.6521375839450005,3.61042519790065
west2778,utoa1244,-5.785410116729935,2.150657491187432,0,-10.3441768554075,4.556345946230495
west2369,indo1319,-5.568383414983417,2.2303469040670034,0,-10.110695144875,5.020703599044969
west2519,aust1307,-1.1230234682264026,0.1898508850650866,0,0.91328088935,2.99207776505706
west2354,indo1319,-7.361652219337226,2.0265064082293462,0,-10.097199732575,5.06725119764452
west2644,otom1299,-6.350881925755057,1.96218977459174,0,-10.584184849149999,4.612137382416625
west2624,utoa1244,-6.002319159568742,2.05517451279237,0,-10.348839925650001,4.56399614046357
west2466,atla1278,0.7249004001855872,0.05052088480642705,0,3.6496430839125003,3.1667822734165947
west2632,kere1287,-6.652304707186298,2.1857021742981986,0,-9.9560653037425,4.73430356002928
west2396,aust1305,2.6015919315700784,0.14457142111001742,0,-0.00725392929525,3.032405865548835
west2418,sino1245,-7.276804217858777,0.19074481101052485,0,-4.443778072055,3.49780142930023
west2392,ural1272,-7.099654813811615,2.125752157075957,0,-9.48790714815,5.1693050714435
west2763,afro1255,-4.935708564725783,0.28322818944219985,0,-3.62773247136,3.314191319822715
west2386,indo1319,-7.684439654229324,2.0852321642295353,0,-10.102619286525,5.072980600495445
west2557,aust1307,-5.519549762854993,0.14529658043115803,0,-1.7457096728005,3.14861882595544
west2415,sino1245,-7.340818853010383,0.16638901262057362,0,-4.6260784662,3.50199656315238
sanj1284,otom1299,-6.355796185336959,1.9515304904677242,0,-10.60092105815,4.622180937377695
west2600,nort2923,1.4096853522377981,0.19471554658990353,0,-1.190108837982,3.613076679561755
saka1291,aust1307,1.6033615246478323,0.2244563034704278,0,0.0650020587125,2.952519488232225
west2516,aust1307,-1.2128126653048537,0.12382078676281276,0,0.9237973063610001,2.955468797464155
whit1269,aust1307,1.493394398511367,0.07213803135615725,0,1.71259823508225,3.070156667922655
wikm1247,pama1250,-1.0804265410438598,0.10084881707059597,0,-3.6231618747149996,3.58734034566814
wiru1244,wiru1244,-3.820835166537004,1.8109871629832535,1,-3.9137841688225,3.961874409258625
babi1235,atha1245,-7.23050930414311,2.26528380410661,0,-9.956552846409998,4.6365789468558845
woii1237,aust1307,1.6327900723027997,0.08425814927263223,0,0.61985391526775,3.0744935292906197
wola1253,afro1255,-3.890884835060474,0.15402831770057832,0,-3.3887418058695,3.446940195917295
wola1242,gong1255,-5.6926335034971425,1.8998211274185393,0,-3.02561586876625,3.7113072142871752
wole1240,aust1307,-2.8589345943704,0.20928254419691436,0,-0.57276096005175,2.97391551776685
woli1241,aust1307,-0.4816322376518864,0.1166145115469963,0,-1.18611838524,3.0972531391147102
nucl1347,atla1278,0.0150876640667294,0.11230526720649385,0,2.1366661091275,3.264105157771845
wood1236,algi1248,-6.937811553645206,2.383845356707277,0,-10.06865176681,4.644232661668456
wotu1240,aust1307,-1.6110899706408586,0.1316085323154887,0,-1.143032860825,3.110808254068735
woun1238,choc1280,-6.268827439353144,2.1089215713686524,0,-11.204345834849999,4.83636315419979
wuch1236,sino1245,-6.916351230436785,0.20744135479317471,0,-4.0901193903349995,3.462991225633835
wudi1238,sino1245,-2.296837123448393,0.10307797029647182,0,-4.8971248732385,3.36125426305743
wusa1235,sino1245,-2.241492657356784,0.09592764487475654,0,-4.9066722883075,3.35873883677218
wutu1241,sino1245,-5.817986631661216,0.1201691300211008,0,-4.099829235037751,3.447736473732175
wuvu1239,aust1307,-1.5040043208973635,0.09217935684395681,0,0.15040544936,3.05611570761805
xamt1239,afro1255,-3.7505075594031156,0.10141583768878006,0,-2.85961827591775,3.195586273643115
xara1244,aust1307,-3.119433999308988,0.1251118808889077,0,0.38869221728500003,3.07764986536941
xava1240,nucl1710,-5.951925213773388,2.1979344625100814,0,-11.153209138475,4.8112609496718655
xhos1239,atla1278,-2.397548251963369,0.16586972255848015,0,1.9425955956052499,3.07868558303986
xish1235,sino1245,-1.2827738951388625,0.060849703393251506,0,-5.003636435635,3.338336441757675
xokl1240,nucl1710,-5.58590459096207,2.3273420929406834,0,-11.168099623375,4.81630353009411
yaak1241,afro1255,1.6169843135961686,0.05644738416035934,0,-2.32282159541975,3.11705852952708
yaey1239,japo1237,-7.962816010247954,2.332233228928657,0,-4.16866716970435,3.9635024458531998
yagu1244,peba1241,-6.315381640646561,2.135566523281427,0,-11.092721489759999,4.849711528214865
yaka1272,atla1278,5.486684417761001,0.12837008690647458,0,3.8889582599550003,3.22129081958506
yaka1277,aust1307,-4.279208694306471,0.30317291312670314,0,-0.9593571412074999,3.09566378597975
yakk1236,sino1245,-7.338510887753053,0.13035254755934056,0,-4.428397530219749,3.49874689164421
yako1252,atla1278,3.7124408362194576,0.2940356087714749,0,4.7629959658675,3.206464732415135
yale1246,yale1246,-3.832684925098466,1.8607838709254285,1,-3.87820399587425,3.94493205236579
yami1254,aust1307,-4.5124129204614345,0.3996566599643854,0,-1.6254445901025,3.1369205550387047
yami1256,pano1259,-6.364995538770005,2.093673819245426,0,-11.2571083059,4.77190899421125
yand1253,pama1250,-4.620244950053197,0.41223500457873075,0,-5.0419822346315,3.790441822151605
yane1238,araw1281,-7.793519763476099,1.8899629247660175,0,-11.2008763153,4.832275957399815
yank1247,pama1250,-4.611288700661019,0.3489146274325885,0,-5.2183724149075,3.7226739555114152
yaoo1241,atla1278,2.5589643728914258,0.10055481271259359,0,2.6177763425,3.077815068384925
yape1248,aust1307,-4.16824393221364,0.11499729002579263,0,0.2492089563705,3.09041831211264
yaqu1251,utoa1244,-7.383052154641868,1.975367923047419,0,-10.316645063374999,4.59746194351977
yare1248,yare1250,-5.226592606272062,2.1650895959074625,0,-3.9339884367025,4.09815052060919
yasa1242,atla1278,-0.8526953711389216,0.1006052763929165,0,2.1911152053975,3.169886683983335
yatz1235,otom1299,-6.351793653783735,1.9525465276179614,0,-10.5934649093,4.63763485307576
yaum1237,nucl1709,-3.06663842351268,0.29184216628703663,0,-5.02004499844775,3.60003917066744
nucl1454,yawa1259,-2.176857649606855,1.8787522568274146,0,-4.9756221026035,3.84078115198568
yawa1261,araw1281,-7.599226325831887,1.9581040762840773,0,-11.180564373292,4.80195266574284
yawa1260,pano1259,-6.390649743350367,2.0845839414232588,0,-11.24388845745,4.786792893376434
yawu1244,nyul1248,-5.9971734270457215,1.939763597810107,0,-4.16346149497325,4.113163490726775
yecu1235,toto1251,-7.483686059967463,1.885196771100278,0,-10.29820431135,4.697211175369195
maqu1238,cari1283,-6.131070918521155,2.1583548316297625,0,-11.1732315883,4.817118207410415
yele1255,yele1255,-3.1960208705212416,2.04373930161637,1,-4.312280873892,3.9617440741414596
yems1235,gong1255,-5.559985367656577,1.9896380641788511,0,-2.9995721093555,3.7105227717983746
yapu1240,nucl1708,2.3105094713278924,0.7535018915343381,0,0.4937371015975,3.60061019304915
yidi1250,pama1250,-3.279930156443852,0.21712164070927203,0,-4.81574641276325,3.781013379825675
yinc1238,aust1305,3.384810790024869,0.2500925961118313,0,-0.01153565058775005,3.02449115074329
yind1247,pama1250,-6.364018598108912,0.2969312892871946,0,-5.1503166544625,3.75125724470478
yoga1237,aust1307,-5.890717707220772,0.23199444305291259,0,-1.6260646819375002,3.15228608228822
yong1280,nucl1709,-3.554168453701551,0.14223522563224822,0,-4.8257551949825,3.607477594465175
yora1241,pano1259,-6.308906880937837,2.1165398924687895,0,-11.2516783124,4.79037368052206
youl1235,sino1245,-2.6126143472351275,0.20837132412922826,0,-4.597898918135,3.305321529597175
youn1235,hmon1336,-7.437894543048223,1.8321467974976962,0,-4.7794077156675,3.8673577271332453
yuca1254,maya1287,-7.483648875981861,1.8974227902019767,0,-10.429417501175,4.7038817187444995
yuch1247,yuch1247,-6.272130896880917,2.187316672763868,1,-10.024317843799999,4.687091723995955
yucu1253,araw1281,-8.01301820865848,1.788221324725681,0,-11.202310189824999,4.826449893506441
yuec1235,sino1245,-6.969965269034063,0.13420361329984926,0,-4.10630333982325,3.4525210145822802
yulp1239,pama1250,-5.7608422590613815,0.21528512699435443,0,-5.1723085608775,3.748422163617255
yulu1243,cent2225,2.7353119902658753,0.4087352131142018,0,2.05575631835175,3.1588624614396004
yura1255,yura1255,-7.559419285653946,1.9772583511613626,1,-11.00155792615,4.91037219997072
gami1243,pama1250,-6.392499898819324,0.29457341157073735,0,-4.85817195716,3.81996649757965
zaba1237,aust1307,-2.8411707222420475,0.15935696584995424,0,-0.1488514289075,3.0747190285262302
zaca1242,otom1299,-6.35260273041795,1.965492567228984,0,-10.579700880125,4.6257986006234155
zaca1241,utoa1244,-6.120956953328669,2.0259731670148886,0,-10.318964248275,4.562927420055805
zaiw1241,sino1245,-2.1671035160445324,0.1367676077111505,0,-4.8744968927275,3.378357563485115
zakh1243,sino1245,-5.166808720026193,0.16683101372183715,0,-3.85182936011,3.40734402334092
zamb1245,atla1278,5.093050496156762,0.11628711886976327,0,4.320210193805,3.19554017049825
zand1248,atla1278,2.904615802231575,0.3231992670691835,0,4.8847413498185,3.182698378265075
zani1235,otom1299,-6.335214184152269,1.9610242865119503,0,-10.599075979175,4.6142137843748205
zapa1253,zapa1251,-7.834809603672971,1.875658493578542,0,-11.0665952455775,4.87180163427799
zarm1239,song1307,3.7383220626165743,0.7876647142100125,0,3.1757647572914998,3.44176161026827
zays1235,gong1255,-5.542643528805766,1.8816805527044287,0,-3.0450575879299997,3.73170892157
zeme1240,sino1245,-4.80765971636342,0.2477178085806704,0,-4.464974619702501,3.517026432495165
zenz1235,otom1299,-6.349432428116929,1.960236511588209,0,-10.580213871449999,4.63706938240171
zhab1238,sino1245,-4.296144191914247,0.22147453140417825,0,-4.436302700935,3.403526198868005
zinz1238,atla1278,2.425840908866855,0.07427321076294485,0,3.7157436009650002,3.1036450172028447
zoog1238,otom1299,-6.351776235152567,1.9524367148048987,0,-10.60317989424,4.60150138167786
zulg1242,afro1255,1.9438131574253412,0.13686749657081573,0,0.2407261864325,3.26140124989614
zuni1245,zuni1245,-4.8544567992410155,2.43027821347742,1,-9.90606912275,4.675776249930995
