Glottocode,Family_ID,GPGLMM_3D_Mean,GPGLMM_3D_SE,Isolate_Flag,Verkerk_BRMS_Mean,Verkerk_BRMS_SE
abee1242,atla1278,1.7067390017337347,0.07033055246974552,0,1.129756445629,1.655969837599505
abkh1244,abkh1242,0.4985722727939894,0.033959270591838675,0,0.45261285812275,1.8215409305950399
abua1245,nucl1708,0.8549421995391133,0.07451500782747664,0,0.34213690416450004,1.86011008096835
abun1252,abun1252,1.3757232842281772,0.07388752605969616,1,0.6015444734212501,1.94155086077128
achi1257,aust1307,0.797346284622737,0.06072917991977128,0,0.17606162279249998,1.610896456968435
acha1250,araw1281,1.4681283385474972,0.06325385786500543,0,0.53464561006725,1.77844949165436
ache1245,narr1279,1.7471211424709505,0.04713156580132272,0,0.7420972307,1.9234674682754451
achi1256,maya1287,2.2773009117863086,0.07806192335420116,0,1.5547950821277499,1.893205014160615
achu1248,jiva1245,-0.3927777453178104,0.05136054307076425,0,-0.3841980748275,1.820539958091695
acol1236,nilo1247,0.7963206856211908,0.048972680524567797,0,-0.23997442471525,1.694704918582745
adan1251,timo1261,-0.00342161280836455,0.06021496041542158,0,-0.46005050651150003,1.916583008106615
adon1237,aust1307,0.24570470370628966,0.01958016766896328,0,0.24051295582749999,1.64133079419368
adze1240,aust1307,1.3152817243667831,0.0735077710114835,0,0.37906259598250003,1.648895236386065
aeky1238,kamu1264,1.2080837571392364,0.050575019146511226,0,0.717429855410675,1.94569281482581
afar1241,afro1255,-0.07971300389933031,0.04435095858994629,0,-1.14874615513525,1.615439046577695
aghu1255,nucl1709,0.22102386894042853,0.04827019386138995,0,-0.7099267747745,1.71243028847999
agob1244,paho1240,-0.6957207278625632,0.09877189979696815,0,-0.3579469476309,1.85630249611293
agua1253,jiva1245,-0.2169605182110207,0.05222623308089766,0,-0.38633651619575,1.826075405705235
agut1237,aust1307,-0.28221627111993386,0.11627498774345597,0,-0.13343775796250001,1.62015484660906
aime1238,bosa1245,1.0101054730563885,0.08986819209287321,0,0.5605216056275,1.93157685056499
musa1266,nucl1709,0.04603369372751395,0.0592705037717675,0,-0.73930204881375,1.73718391369421
ayiw1239,aust1307,0.7786320155080699,0.0520731022524387,0,-0.011174665331589999,1.62186402760029
ajas1235,kres1240,2.1066251144875685,0.047115491870578424,0,0.9112712074775,1.969800442229585
ajyi1238,araw1281,-0.2794396528396682,0.0562635640175044,0,0.4970613066995,1.784315587928845
west2635,maya1287,2.068910964344962,0.06606984731836432,0,1.54623740804625,1.8842745307913749
akei1237,aust1307,2.258251271008373,0.050521885968831684,0,0.47443657615,1.66298226939062
akha1245,sino1245,0.8502167389065349,0.05930833982936355,0,-0.06802051179775001,1.54305709881862
akoo1248,atla1278,1.6989794926169255,0.04993565717074768,0,0.5637532418725,1.62213575088587
akun1241,tupi1275,0.7935454010917473,0.05453738997821601,0,0.6298505628935,1.8216456285266052
alab1254,afro1255,0.16704324992143735,0.0390920861474437,0,-1.04309940832525,1.598485638342515
alab1237,musk1252,-0.0354021694912749,0.06026119034651869,0,-0.5585178630400001,1.795645807539245
alac1244,otom1299,0.46048672919609246,0.03520141080507696,0,0.083001612572,1.794430373522665
alag1248,afro1255,-0.42014810330345514,0.0407926048393787,0,-0.9416195720130001,1.609661009350285
aleu1260,eski1264,0.4175769531232848,0.05340880003554224,0,-0.2407700295765,1.8783505656742951
alor1247,aust1307,0.3294721809056568,0.04827426363696162,0,0.235018852926,1.640867683042235
alya1239,pama1250,0.0618446723439042,0.09074123789231031,0,1.5014306964975,1.93889860392141
amah1246,pano1259,-0.1022050493684929,0.056516540338134434,0,-0.57637024955175,1.7495645940976852
amam1246,kuni1270,1.301407999235329,0.09213402484167812,0,0.9404221914397499,1.90975464066301
amap1240,left1242,-0.08382495238104906,0.06776417771304147,0,-0.272823782335,1.87968185550068
amar1272,aust1307,1.8100922062273375,0.04125249923557344,0,0.432217392009,1.65424248603702
amdo1237,sino1245,-0.302089943756435,0.05089046506588275,0,-0.57168110543,1.571826747465845
amii1238,west2434,-0.8970263870733444,0.11110260044976608,0,0.0843245462018,1.8981336476337
amis1246,aust1307,-0.13967538973744115,0.05905789083972637,0,0.07221364493925,1.6764939854795
hoaa1235,kxaa1236,1.1330875983662043,0.057411428779476706,0,-0.04039378506775,2.031526275922375
amri1238,sino1245,-0.27107869699394627,0.03062407956393514,0,-0.24902241678425,1.605607642345765
gily1242,nivk1234,0.14545922808695644,0.02590660863709223,0,0.6965655566425,2.1091036570168997
anei1239,aust1307,1.7985962952277799,0.04170470823226144,0,0.418260437812,1.6423311445730349
anfi1235,gong1255,1.121358822318188,0.05621221648287263,0,0.862854679932725,1.69739706011516
anga1288,sino1245,0.2720245225601669,0.04358437327389635,0,-0.21480340141124998,1.5982212669765499
ango1257,chib1249,2.1071698120425824,0.06106945725493043,0,1.80932415559725,1.8695195099106101
wara1294,more1255,-0.7563878989813382,0.05667760143211327,0,-0.363777677566,1.854963505711475
anuf1239,atla1278,1.898696880480724,0.05278670798745465,0,1.1320132472047502,1.652392935714875
anuu1241,sino1245,0.328593762077741,0.04624543892842577,0,0.1300504003125,1.599873694501605
aoua1234,taik1256,0.9640763578953728,0.05900270534299725,0,0.43554405791825,1.7265030606670848
apat1240,sino1245,0.10551952279542395,0.05357954138105681,0,0.2165615332488,1.5679117406988898
apin1244,nucl1710,1.3906085350830826,0.059969589076462056,0,1.2175679024792498,1.863619297834425
apma1240,aust1307,1.5882567751150223,0.0481227428421133,0,0.4478010125045,1.639341838472895
apma1241,kera1258,1.279949953598695,0.07146237879911302,0,0.62137445644625,1.93546590636939
arak1252,aust1307,2.2865807428867813,0.04158817265970513,0,0.466042219883,1.649900112718345
arao1248,pano1259,-0.39301706712450246,0.051677932801004633,0,-1.01836954276,1.785670201371075
arap1274,algi1248,-1.4502618910861775,0.07055118686801537,0,-2.04480810539025,1.861769859844975
araw1273,tupi1275,0.4522510275990639,0.04103843454088966,0,-0.033504230599749996,1.78029604655376
arbo1245,afro1255,0.050610164609384944,0.04827908249087651,0,-1.02187650487675,1.60429976631617
arch1244,nakh1245,0.17264652145330175,0.03753985818017039,0,0.118624429685,1.711192837956335
aree1239,aust1307,0.36125273655711726,0.05707823103637039,0,-0.00721175487775,1.630022758716855
area1240,aust1307,0.4880031074111846,0.05060532528314007,0,0.1415754152665,1.618066792370215
argo1244,afro1255,0.2967117027881597,0.04441291171350041,0,-0.6596663038605,1.64849551354382
arhu1242,chib1249,2.1816077775772316,0.05724471384906417,0,1.8357858011443349,1.86263847039874
arig1246,atla1278,2.0012996112463672,0.05750863085395779,0,1.2383849092085,1.6567278041353148
arom1237,indo1319,-0.33798285677207196,0.04028404080759942,0,-0.0584982950705,1.60890766247568
arop1243,aust1307,1.6026699852674866,0.05531674876849708,0,0.49739099955175,1.657616223686155
arop1242,aust1307,1.1058859812163897,0.05085531221370493,0,0.4018953008377,1.6524005082383848
aros1241,aust1307,0.6862265378427265,0.04999215246551022,0,0.212877016368,1.63285271379939
arta1239,aust1307,0.33639801898991983,0.11294179247464738,0,-0.078669196783,1.62347902912262
ashe1272,araw1281,-0.5154978980316118,0.07600303131742511,0,0.4635433812955,1.78194466361976
asoa1238,cent2225,2.1323165644089865,0.05982291708922481,0,1.05132276348,1.679133149375495
assi1247,siou1252,0.18670515550267885,0.05036493517549513,0,0.050411288008,1.863765799556575
asut1235,atla1278,0.33767686776474626,0.06052673996127684,0,0.1474289780445,1.58117122808845
atam1240,aust1307,-0.13368526443787093,0.06574930713056755,0,-0.033416199655,1.61949573778761
atay1247,aust1307,-0.19343295848853026,0.05732855404850179,0,0.11332579511749999,1.70558323623756
athp1241,sino1245,-0.3680259555034602,0.05504996958514236,0,-0.5398947952637501,1.59208346442658
aton1241,sino1245,-0.3059246593659555,0.07171916981711605,0,-0.070564790579125,1.56468209971147
auuu1241,nucl1708,0.8191370445004236,0.08878121351690466,0,0.146959063339,1.81498178123829
aulu1238,aust1307,2.3714550385308923,0.05376109452128609,0,0.40838840029175,1.65324801895755
auye1238,nucl1709,-0.3099562064624235,0.06100616218659009,0,-0.9818948230555,1.70109800084817
avac1239,tupi1275,0.29914587874966037,0.042504049630794155,0,-0.024419908469999998,1.803317338897865
avat1244,atla1278,1.9261936823755703,0.053566175645072586,0,1.128368613598775,1.655888573755855
katb1237,aust1307,2.36219335698559,0.019398799921512878,0,0.43656400507000004,1.65080261459651
awac1239,barb1265,0.8611344828521279,0.057624186622407626,0,1.15743876305125,1.905365131230885
awad1244,aust1307,1.4018852163810265,0.0506142466648527,0,0.44230792390015,1.64607156680152
awad1243,indo1319,-0.292938778854986,0.03906086101804523,0,-0.593067363555,1.62332102650775
awar1249,ramu1234,1.2551419070590304,0.06576379695840227,0,0.5511727453305,1.9318739774023
awar1248,nucl1709,0.43297936390698843,0.06147570698875957,0,-0.874362118753,1.71589474384382
awet1244,tupi1275,0.09530306674961225,0.04330823237619253,0,-0.00149417228175,1.80874413768171
awji1241,afro1255,-0.4514775443000715,0.03281872098569819,0,-0.73701253102275,1.64980464348253
awtu1239,sepi1257,-0.02883411440629495,0.08132757757767477,0,0.017755147305,1.8299184538859201
axam1237,aust1307,2.3656880788780095,0.046484468075022586,0,0.4199898653535,1.6464517458710302
axiy1235,sino1245,0.7941186105315248,0.05045246921844918,0,0.018590470719,1.551867466473345
ayac1239,quec1387,-0.45917789390773434,0.05652128142900362,0,-0.09472324706825,1.789046593046955
azha1235,sino1245,0.7800078853948509,0.04717363375685658,0,0.01231844072305,1.565504017330255
baba1266,atla1278,1.9582725468724758,0.05340364475945535,0,1.120531951649,1.70608180004444
baba1268,aust1307,1.016344263294084,0.05752435315952998,0,0.36322973457125,1.6452924537765
bafi1243,atla1278,1.4513045293453133,0.058786182819464294,0,0.322930690458,1.6242876453629451
bafu1246,atla1278,2.0883975191891726,0.051921855659025254,0,1.1609602766725,1.682527401542305
baga1272,atla1278,1.2180554320180965,0.0609060381591333,0,0.41293659845205,1.640993382946975
bagi1246,cent2225,2.0564780534574947,0.05411961423694875,0,1.2521334986569999,1.653772450307545
bahi1252,sino1245,-0.3000901956541744,0.04924730799393661,0,-0.34463054122174996,1.58387786582117
baim1244,sino1245,-0.33851120393691614,0.05726916345250589,0,-0.5581422179835,1.5627547826962451
baka1272,atla1278,1.7698819695863175,0.05973747817852956,0,1.4977701430325001,1.6215628928897101
baka1274,cent2225,1.8094024093433112,0.05219253203201982,0,1.2049940776082502,1.658369574904385
baki1244,aust1307,2.3216790065842505,0.048729218334977224,0,0.4258555149455,1.637294578420045
bala1316,aust1307,0.811115977055245,0.04334215761266197,0,0.36187482803675,1.6407191069292701
bala1311,aust1307,0.3298796611347501,0.05103678751848704,0,-0.36821040664725,1.610868098829005
bala1315,aust1307,-0.21638293323399216,0.048108321959860846,0,-0.5423903634889999,1.625146656248605
bali1278,aust1307,0.2565522912994215,0.045065493442397755,0,0.159101210627125,1.6211499840177699
liki1240,atla1278,2.538515217543017,0.053556578510496444,0,0.9124718273975,1.5894230193346899
bamb1270,aust1307,-0.15300155230385465,0.067173642148015,0,-0.117925339491,1.62243302819634
bamb1269,mand1469,1.6585975883462307,0.0556716881501289,0,1.44944787776275,1.7201383506828352
bamb1262,maoo1243,0.8287832618683093,0.05373361234178038,0,1.03966012845925,1.95078873613449
bamu1253,atla1278,1.8150531890819976,0.05165581183241559,0,1.158120939268775,1.67714528839912
bamw1238,atla1278,2.676425979229539,0.05573191213583924,0,0.87382191426625,1.58678889793786
band1344,atla1278,2.6302710647723018,0.06616488511934406,0,1.4525096994295001,1.630236907178935
bang1363,bang1363,1.5609961309184242,0.06643902626107058,1,1.1086760450400002,2.0474471192222747
bang1369,sino1245,-0.12178621928790481,0.056242500212534186,0,-0.1207600043245,1.599145508405075
bant1281,sino1245,-0.3394423723608218,0.055991321750912044,0,-0.39688006313,1.602994953942975
bara1357,sino1245,0.06946444757522355,0.05888968016416724,0,0.1980831844275,1.589986702217965
bare1279,afro1255,1.1755706229895848,0.04444968345962529,0,-0.41597897808625,1.61273075134105
bara1361,atla1278,2.215998980298943,0.053743869250300634,0,1.4833425078162499,1.627113162578465
bara1370,aust1307,0.2570140002251866,0.0655935421904041,0,-0.276327749910537,1.61760170115263
bara1380,tuca1253,0.5903623548599252,0.0520970148060169,0,0.29063366456325,1.7892328357821201
bare1276,araw1281,1.1774690802405652,0.057244307695211404,0,0.5243009303799999,1.790752495970045
barg1252,nucl1709,0.24975232570474026,0.050249775825164794,0,-0.6901438600345,1.7658972767485999
bari1286,aust1307,1.8201928012752675,0.04625852346801689,0,0.41076013887218,1.65323169918624
baro1253,aust1307,1.864511394235278,0.048993121225756206,0,0.368898080982325,1.6572598432130299
basa1282,atla1278,2.1373425191663733,0.0562871148398836,0,1.27726549519525,1.6525936886245849
basq1248,basq1248,-0.314967411942891,0.0361613765848993,1,-1.2046035518175,1.97831517028609
bata1289,aust1307,0.6238232982527918,0.08078037284791505,0,-0.1813786730005,1.61168738948796
baur1253,araw1281,-0.0257957028442369,0.0741228266747607,0,0.43514846984775,1.78455552682935
bawm1236,sino1245,0.03559114396298815,0.03174970885460953,0,-0.276851931908,1.581842203241355
bayb1234,aust1307,-0.1222468251479429,0.06700002197417411,0,0.01834937966215,1.60362815357793
bebe1248,atla1278,1.6382588289570088,0.05223946035065462,0,0.323793762865,1.6179470808512049
beja1238,afro1255,-0.2968083751778132,0.0401350727080375,0,-1.1261873107842502,1.62830469333662
bekw1241,atla1278,2.03813058523276,0.0629666416248956,0,0.8127659447205,1.668758141939045
bekw1242,atla1278,1.9594132782223672,0.05411415983781044,0,0.67586241347525,1.6030646018190051
bela1256,nilo1247,1.8417752546253099,0.05920200559301001,0,-0.16151981364,1.702172619408535
bela1254,indo1319,-0.6516618409080432,0.03987609724616241,0,-1.25132949144375,1.6210388383345151
belh1239,sino1245,-0.35841474923035277,0.06209435339690194,0,-0.53897261992025,1.587025753092755
bell1243,sali1255,0.4528788088828058,0.04937963089813586,0,-0.08400795093800001,1.8341922094269951
bemb1257,atla1278,0.8729873439325873,0.04761625915938726,0,0.192043914248975,1.58973739761513
benc1235,gong1255,1.1822933064822583,0.06284045090667943,0,0.832396321776,1.715168591854225
beng1282,atla1278,1.616146006305101,0.04614531703009577,0,0.5390743856485001,1.6010549581251698
bent1238,dogo1299,1.3052140555775869,0.0648445038270521,0,0.28170219408975,1.89561156589568
zagh1240,saha1256,1.2595569050544682,0.061098819222344544,0,0.26133874963625,1.8501985055792751
bert1248,bert1248,0.3545003681805643,0.05988143306097324,1,-1.176540261605,2.06742843999226
bhoj1244,indo1319,-0.4346142690140171,0.04638475881803722,0,-0.5348997949941925,1.607307275809795
biaf1240,atla1278,1.169348392555238,0.03813065388977865,0,0.5474448088802835,1.66340119622194
biao1254,hmon1336,-0.4473129322697119,0.03137075333569024,0,-0.791274231224,1.65061187959849
biao1256,hmon1336,-0.6013772037526952,0.035666432928093385,0,-0.8058189899193775,1.65259516919444
biha1246,aust1307,0.47095070981958276,0.05578217112711626,0,0.07752120431825,1.588452242227325
bila1255,atla1278,1.568396067707893,0.04234900468406762,0,0.6987212273625001,1.6118236450629548
bilb1241,aust1307,1.2551028573707406,0.05700565859232603,0,0.42456435965399997,1.642164860953955
bili1260,afro1255,-0.12831429903390013,0.04019459586419874,0,-0.938570277385,1.5918539863189398
bimi1240,nucl1709,0.18987560352313354,0.07413034580759521,0,-0.720219781168,1.70496317896058
bina1277,nucl1709,0.0867854930106961,0.07152524449093295,0,-0.7850764691025001,1.71647231571117
bini1246,atla1278,1.7687159503217504,0.05128652425824136,0,1.05409602503,1.6376436951278
gunw1252,gunw1250,-1.5243859846405137,0.08976112620047938,0,-0.10700379256,1.9167152521307451
birr1240,cent2225,2.5567534232420437,0.06866087855478459,0,0.9885067634156925,1.6806534435810199
bisu1244,sino1245,1.009502016058558,0.055706576116610694,0,-0.09665842265225,1.55562554807439
bitt1240,aust1305,0.8156530131376241,0.03262857029446521,0,0.18168291470325,1.55022099711725
biwa1243,yuat1252,1.1647374751141983,0.051855194779276706,0,0.49768458012899996,1.928085054121585
blab1237,aust1307,0.5451392003760467,0.03364160148636423,0,0.22124526518874998,1.62826045313777
bang1354,atla1278,2.1387047595845656,0.051939040664853754,0,0.8972733448086501,1.59380961743892
bodo1269,sino1245,-0.1479343724178071,0.05130998052197839,0,-0.13937210779975,1.556399003223885
boka1249,sino1245,0.12500206668773461,0.04682414261029505,0,0.21799564429,1.5581759975085099
bola1250,aust1307,1.774203563324265,0.014405598106775386,0,0.329010074251475,1.655278379063865
bolg1251,atla1278,2.182976154173054,0.051750971466150666,0,1.3399979213052902,1.642703662149505
chim1302,quec1387,-0.22510415171193235,0.05465549310867612,0,-0.26078847552387496,1.770543312404465
bolo1262,atla1278,2.423644973278284,0.05836872622242161,0,0.9147883137945,1.5922002543448501
boly1239,aust1305,0.7501558026202981,0.026666012300328775,0,0.08389306244525,1.550769289288945
bomb1262,atla1278,2.6705668878272375,0.05427529010663652,0,0.87968083339575,1.5895340472752348
bomk1234,atla1278,0.8629223796745314,0.04482803876037278,0,0.29604951913235,1.6488979061764049
bona1250,mong1349,-0.4482589451685806,0.01979904189943751,0,-0.810101090239,1.73272203033113
bong1289,aust1307,0.5614566158836389,0.07281804277320564,0,-0.2404093274935,1.616407884544905
bong1284,atla1278,2.0822065988154916,0.06290793172773806,0,0.71435021768125,1.601522059198025
bora1263,bora1262,0.44916942472211163,0.039288581466157955,0,-0.128785485433,1.88844425121318
bord1248,chib1249,2.479278035535321,0.06606598232116949,0,1.8395049507002499,1.862742223933775
bori1243,sino1245,0.265293445731157,0.046283062248123,0,0.20575475584335,1.56710599573923
boro1277,gong1255,1.032499509990982,0.05911179104918571,0,0.87553357063075,1.70292803631521
boro1282,boro1281,-0.25321270303512433,0.045429364801210306,0,-0.12598960693575,1.9082393084989149
boto1242,aust1307,0.30349574034786564,0.06743689283336451,0,-0.16513672823324999,1.6290359938184649
boun1243,atla1278,1.3260155191589664,0.07830202947460825,0,0.7434052787425001,1.6395399931466201
brah1256,drav1251,0.14591076016730956,0.0598530306324998,0,-1.2893477804225002,1.7029381892868098
lave1249,aust1305,0.5026495538752223,0.028759134630008565,0,0.053233565615499995,1.5574970564099049
bret1244,indo1319,-0.25132484504090447,0.04977327736203834,0,-0.722233061086475,1.65522814016287
brib1243,chib1249,2.4382764398645422,0.06487863883554229,0,1.8283140393625001,1.863631678285635
budu1265,afro1255,1.2968510640856583,0.051043915880312665,0,-0.0038571713305,1.5971867641625899
buga1247,aust1305,0.7020687052655468,0.023571703528273643,0,0.07996951719775,1.5530525181439652
buga1250,aust1307,1.439457735243436,0.04699808106501618,0,0.3565739259015,1.65073993161382
bugh1239,aust1307,0.5263374592457154,0.04732443934979329,0,-0.08270470060099999,1.618915329612265
bugi1244,aust1307,-0.4524022141899202,0.059248075196277776,0,-0.308535822467,1.6224251043725348
bugl1243,chib1249,2.3243834757353117,0.06822176357449085,0,1.84562486235,1.8590439003427601
buhu1237,aust1307,0.24025822152133192,0.05095766860232481,0,0.1308630996415,1.629601582723295
bujh1238,sino1245,0.033526638206275355,0.0691415249692128,0,0.08746006773500001,1.58092674304642
bull1247,atla1278,0.7855645873343888,0.037985832108025495,0,0.29651265075275,1.651255176684845
bulo1242,aust1305,0.25459898730480146,0.030323332052297074,0,-0.04799877369075,1.545476730249885
bumt1240,sino1245,-0.3048043750761321,0.04851919025950854,0,-0.57956158149775,1.591937401030435
buna1276,aust1307,0.05368719991065825,0.06973177161029255,0,-0.15774516416435,1.63414397987386
gahr1239,sino1245,-0.10473492881346605,0.05272966478779207,0,-0.36344025740215,1.591045282445965
bund1253,indo1319,-0.49643660255301736,0.05364628255790915,0,-0.55132554755125,1.6161793759381
buol1237,aust1307,0.0338304074587545,0.06713625831751387,0,0.07501787427250001,1.635425328726325
bura1292,afro1255,1.345918330195636,0.03149793308858446,0,-0.04785393812,1.6021742295700752
burj1242,afro1255,0.027087809069630202,0.050020234315318136,0,-0.97320811687275,1.5973845669358848
nucl1310,sino1245,0.5714988415286515,0.06686796770337289,0,-0.12945004850425001,1.557249822475185
burm1264,burm1264,1.44420916711687,0.07793486645561948,1,0.5059207470143,1.95982602221453
buru1320,afro1255,-0.49254504904402224,0.05154326931305645,0,-1.0367850977212352,1.613074649985995
buru1296,buru1296,0.32769622434652734,0.058927246759502235,1,0.675438633907275,2.09364065914186
bush1247,atla1278,1.6913747592165342,0.051092101195279876,0,0.8463711278124999,1.59033434668144
buwa1243,afro1255,1.2473776679996766,0.041674722237885375,0,0.00627104511119995,1.5952552453341249
byan1241,sino1245,0.3081947716328626,0.02596335416852232,0,-0.2272931261585,1.601583192746605
caac1237,aust1307,0.8394863591257975,0.05620357445340854,0,0.3249159546242,1.642832713238735
cabe1245,chib1249,2.475797166580217,0.05525436848877376,0,1.8269139113325,1.870778881263465
cahu1264,utoa1244,1.1695058947519952,0.06301630339532446,0,1.19896955034625,1.7927827663008649
cald1236,quec1387,-0.09934154762091141,0.05371182487812578,0,-0.25923622840250005,1.76926514108612
camp1261,indo1319,-0.6016640072072965,0.04041275723547815,0,-0.202110710242,1.58696360817814
cams1241,cams1241,0.16695291866731343,0.05963659094152324,1,-0.11312849179099999,1.8854168720524451
cane1242,nucl1710,1.4443103467387077,0.04796969570681396,0,1.2199341405325,1.8549706438872948
caom1238,taik1256,0.4888850361498035,0.06174258907917736,0,0.28833493740405003,1.70094230065949
capa1241,pano1259,-0.9267064819014654,0.0675577713935753,0,-0.66330024061075,1.769869280162725
carn1240,aust1305,0.38965372631275474,0.03799345214276102,0,-0.008180532302275001,1.5995706752093901
caro1242,aust1307,1.149567801365588,0.04409390568312997,0,0.45069050292775,1.625882931853395
cash1251,pano1259,-1.1012372186785866,0.05730733540432365,0,-0.70549680120525,1.775891836120935
stan1289,indo1319,0.04048509465991975,0.03277390513445452,0,0.013579213235,1.5844887676185349
cavi1250,pano1259,-0.36546023714633735,0.05187665672552802,0,-0.9327531755777501,1.7971809870699649
cayu1262,cayu1262,-0.4145037330713501,0.058833037811334726,1,-0.130410101116,1.8819815808606
cemu1238,aust1307,1.607146181378835,0.051455366595520684,0,0.339347891325,1.6482761939902648
cent2127,eski1264,-0.3826113123841897,0.0480504492836047,0,-0.5655114531826999,1.8685685093292501
cent2142,ayma1253,-0.780646764827277,0.05594642461053134,0,-0.60361003184025,1.8632388803406
cent2004,sino1245,0.6948398733993149,0.021336482838650812,0,0.2683349437565,1.58565087307984
cent2292,aust1307,0.3189011331336645,0.0680911323676377,0,-0.0345589682265,1.624284400069275
cent2084,aust1307,0.3229354416342845,0.07256635448488089,0,0.03730184646175,1.61660117037792
cent2314,aust1305,0.3592220128523056,0.026912508249432962,0,-0.15108561382625002,1.5607851904953352
cent2050,saha1256,1.4343710311678133,0.058583544963909655,0,0.0325386516675,1.811358526919335
cent1989,aust1305,0.12604310803303415,0.028929827445258332,0,-0.36228552385625,1.560526085227945
mala1479,aust1307,-0.2460451933691845,0.0538337965788841,0,0.07714168450655,1.56911650610141
cent2322,ural1272,0.1479416369576368,0.03193190176447756,0,-0.09658499121,1.65671625510201
cent1992,aust1305,0.44625074288610067,0.04632152443196384,0,-0.0066142684475,1.5512245555784299
cent1990,aust1305,0.35698759465945834,0.03576528247796255,0,-0.01486744800925,1.59571811476917
cent2140,miwo1274,-0.5295524718619298,0.048626846304809276,0,-0.8257390187325,1.889304748348335
cent2131,utoa1244,1.0491074365474007,0.07022929217911841,0,0.957003761975,1.774778844604295
cent2150,chib1249,1.988902512967949,0.09447580630096658,0,1.8144828068265,1.864082833816635
chac1251,pano1259,-0.1371289140298126,0.06207283675410855,0,-0.548970577722,1.7471386017507449
chad1249,afro1255,1.2315815443054925,0.041752563586945186,0,-1.052627269246925,1.550825958391415
chak1270,sino1245,0.3909896159616021,0.04610256467235319,0,0.0826024435785,1.563193943911
cham1315,zamu1243,0.0276405717227693,0.057911428455634566,0,-0.13869869150262498,1.872912895755525
cham1309,nakh1245,-0.08083694634632495,0.04549844521307918,0,-0.296964172134225,1.69092332147708
cham1312,aust1307,0.2474508925708799,0.047594356111623694,0,-0.0911065862825,1.65116232796596
chan1313,sino1245,0.3722304104253037,0.049872905348500265,0,0.06771318927175,1.568667924782845
char1269,gong1255,1.2391026664646754,0.053539919531228435,0,0.61603780340525,1.7133135372180348
chas1234,sino1245,0.3479775277810748,0.02640481854314015,0,-0.24117878161175,1.55635088762645
chec1245,nakh1245,0.294751827770737,0.045804574134282905,0,0.302486254669225,1.744957783273275
chek1238,aust1307,-0.0818450358384562,0.04899470396290302,0,0.3590104324852,1.642487904421515
chep1245,sino1245,0.01667404744500555,0.023347809171640813,0,0.08891119137424999,1.5864153801854401
cher1273,iroq1247,-1.278619129312033,0.06919728925274439,0,-1.39289610099,1.891528180055785
chey1247,algi1248,-1.3918607096248987,0.07419552943967946,0,-2.0415669026265,1.8578365199180449
chic1270,musk1252,-0.45089534329294995,0.0503402426548102,0,-0.50941588156525,1.80307572548205
chil1280,atha1245,0.4506576680253739,0.05202199070723698,0,0.21151965434,1.795565976386485
chim1309,chib1249,2.2066144442634195,0.0579035650224118,0,1.831372459268,1.8607502256555049
chim1312,atla1278,0.07910368851083721,0.04633715592499422,0,-0.0147362372915,1.579796445637945
chhi1245,sino1245,-0.3616632787253361,0.04988077044108502,0,-0.53095728794725,1.594974061877635
chip1261,atha1245,0.5924772971830916,0.056050458136936335,0,0.42495289346525,1.7896851362744401
chip1241,algi1248,-1.5922268860137738,0.06400354157292704,0,-2.05635077493,1.861175655206245
chir1283,sino1245,0.40145494406905785,0.04420000465370191,0,-0.185147290504,1.59488527909978
choc1276,musk1252,-0.09612733554016409,0.05462595310323472,0,-0.4841489585785,1.804026623964445
chot1239,sino1245,0.14905230099262445,0.04902406903444932,0,-0.2881949355231,1.591253980110015
chra1242,aust1305,0.37864770054573194,0.040552674594275945,0,-0.0113203662835,1.55028236160707
chuj1250,maya1287,2.1409630654730103,0.05384736968536485,0,1.5362801918125,1.89630409995316
chuk1273,chuk1271,-0.6972559681292679,0.028411312093815626,0,-1.351900858005,2.0686963001142598
chuv1255,turk1311,1.0233121041797606,0.04665523902340819,0,1.2658291952037501,1.71033385304559
chuw1238,atla1278,0.11281940768413376,0.05413808481740257,0,0.03771233906625,1.57629855634551
cici1237,atla1278,2.1615607136078894,0.055186676457972185,0,1.2927924181825001,1.662068921594305
chin1286,chin1490,-0.806327924972644,0.07090502305749403,0,-0.595704883675,1.896846233637735
coat1243,otom1299,0.00814051103058965,0.04681859940419961,0,-0.21814264427975,1.7966688062029998
coca1259,tupi1275,0.120397904397458,0.055005080696835004,0,0.19632664485025,1.768277938778775
cofa1242,cofa1242,0.4808092939245653,0.05153604365982476,1,0.7970834283467501,1.916038347966205
cogu1240,chib1249,2.198293139812577,0.054892176845726656,0,1.82347343759225,1.86019943717418
inga1252,quec1387,0.1836059541584567,0.06869974749992966,0,-0.222750987456475,1.773906356139775
colu1241,sali1255,-0.5818828423794853,0.05635261352025432,0,-0.42694905344125,1.844826093832235
coma1245,utoa1244,0.830770700770811,0.048392082074344686,0,1.19928934283825,1.7739832977858199
como1259,sali1255,0.1490001370700561,0.04909691361247746,0,-0.05881512564500001,1.82482862826003
cong1236,atla1278,1.2872958273947441,0.04498048783558691,0,0.044341469687274995,1.576145070098725
copa1237,otom1299,0.310390531892053,0.0687497844449468,0,0.1040878564585,1.8051940415869798
cors1241,indo1319,-0.5709706498071572,0.03154013762615705,0,-0.20682300337499998,1.584783924070255
cosa1234,sino1245,0.663974796090362,0.05384915016721994,0,-0.20138658858025,1.5502852709926151
cree1270,musk1252,0.0582467770437014,0.04671303565731832,0,-0.42337499590024996,1.80093201893486
crim1257,turk1311,0.7137723228303121,0.05463487510481299,0,1.28692698445,1.70262303203436
cros1244,atla1278,1.7641046719776765,0.04772541448848866,0,0.95380134508975,1.66506109047613
crow1244,siou1252,-0.5243023412566665,0.051716410547404675,0,-0.1454869826925,1.8318960955731751
cube1242,tuca1253,0.3875250244889154,0.05287894805391359,0,0.1409361438975,1.78391659812008
culi1244,araw1282,0.5984195086762963,0.0470429052663211,0,0.087895591981,1.84404572037711
cusc1236,quec1387,-0.39236093912248143,0.05395779898327562,0,-0.09424780194825,1.782072425508665
czec1258,indo1319,-0.7360304391569927,0.04079050728384825,0,-1.24640098151725,1.6212732502953848
daai1236,sino1245,0.5797016097174048,0.025646790973859263,0,-0.0447376811415,1.58481226201295
daas1238,afro1255,-0.014568009767788749,0.058197845294358376,0,-1.07266636720625,1.60656793332824
dadi1250,tebe1251,0.2760758041805884,0.06945905206994443,0,0.77103842317675,1.942516475759645
dagb1246,atla1278,1.8443469177549972,0.05588668957407718,0,1.0770029833499999,1.63706861922518
dagi1241,narr1279,1.8075717617625697,0.04568062588589521,0,0.742274453407,1.9279080035464
daka1243,aust1307,2.3686634931225186,0.0559539521540589,0,0.443145663028,1.6474305429921698
damp1237,aust1307,-0.9503395073518013,0.06298163357076049,0,-0.61678817829075,1.61405903501836
dana1252,aust1305,0.8701622339123769,0.035705753879759355,0,0.132849234639,1.55827684713153
dand1238,drav1251,-0.7169368173513436,0.06412595825037908,0,-1.62174359368575,1.668392690679605
dani1285,indo1319,-0.26649215861179404,0.03938068160742494,0,-0.209530867145,1.6022721177669
dara1250,indo1319,-0.1151672211770311,0.07547942248583991,0,-0.42064683117355,1.595277570059275
darm1243,sino1245,0.3161940170699955,0.03922058488444574,0,-0.23176664482874998,1.60228615314081
daww1239,nada1235,1.392809991532994,0.06443861281503756,0,0.866033999261,1.8821055397610351
dawr1236,gong1255,1.2997629645351716,0.0558543887257017,0,0.69180174517925,1.70328733226992
daza1242,saha1256,1.5999055940206768,0.04065215670519905,0,0.240905622075,1.7949806383597249
dege1246,atla1278,1.8307451373792212,0.04732156166431988,0,1.1647864770495,1.643865120742455
dehu1237,aust1307,0.7108071624691208,0.05516140911521407,0,0.09508345208999999,1.638094117091575
dera1248,afro1255,1.366026089540878,0.04481225072768753,0,0.076349677949,1.624221107294435
desa1247,tuca1253,0.38752896804800396,0.052136676010189294,0,0.15510437369625,1.78937499732576
dhao1237,aust1307,-0.0546971269569401,0.04873322190561724,0,-0.0958660062606275,1.6388005488103699
dhar1247,pama1250,-0.5492186142894432,0.07494487855527131,0,1.4095306948075002,1.94954921211353
dhim1246,sino1245,-0.07186950168312614,0.05573438479348624,0,0.19869764652075,1.60374549336682
dibo1245,atla1278,2.364621378005401,0.043130279450148225,0,0.7215768720825,1.614407465051635
dier1241,pama1250,0.9390901439710744,0.08214422065276182,0,1.6550231114285001,1.9703716302882501
digo1243,atla1278,0.0907812441446214,0.04810453357732617,0,-0.04898709641975,1.582750704814925
dima1251,sino1245,-0.07324954915209031,0.05745405653104066,0,-0.15169202247925,1.566958341127265
diri1252,atla1278,1.1646427371567096,0.049780376972137635,0,0.6958668891925,1.603633702368655
djee1236,mani1293,-1.3328122415187487,0.054379373602085085,0,0.06442556387000001,1.96995751343642
djeo1235,nucl1710,1.1979751484692718,0.05568282852852734,0,1.132731458627,1.88363237434035
djin1253,pama1250,-0.5692582885459804,0.08053827168878108,0,1.89817718324,2.012030814425945
dobu1241,aust1307,0.14082496503685316,0.052687659742494175,0,-0.16598323340975002,1.630064208714325
domm1246,nucl1709,-0.18332457840518315,0.0413239428951907,0,-1.2099512071745,1.715723703559225
doro1266,manu1261,0.6543114670209789,0.04516961797675451,0,0.68569421005635,1.909379300059335
drun1238,sino1245,0.3766326905475892,0.0483198049153358,0,-0.0727189686525,1.576603628698165
dual1243,atla1278,1.6512476012118662,0.05131835805992428,0,0.5489484159017499,1.62088605295129
chug1252,sino1245,-0.24723136729477652,0.03383658720416225,0,-0.12130929608749999,1.5850533422563249
dumb1241,aust1307,1.4991136485110725,0.04540072905872618,0,0.3576941470702,1.6475592560010548
dumi1241,sino1245,-0.2630403670385544,0.05415948256784879,0,-0.161406687485,1.58757658838269
dupa1235,aust1307,0.3440471271577182,0.09947252332654583,0,0.1031506816985,1.62942768014121
duru1236,drav1251,-0.6055428788968042,0.061410762572809016,0,-1.31546954043,1.7076626730876399
dusn1237,aust1307,1.5175908567876704,0.014081796674087281,0,0.399794118845775,1.6555099638298851
dutc1256,indo1319,0.22721877584412786,0.02991167187255295,0,-0.08448154996,1.613901236385415
dyir1250,pama1250,0.13863962977766864,0.08156171656872091,0,1.8292510127,1.98457156843174
dyul1238,mand1469,1.504167432778179,0.05297131028249525,0,1.4021476177118,1.718918347854
dzao1238,hmon1336,-0.5039011290302622,0.031781011006459615,0,-0.8111456634159999,1.64386379882918
dzon1239,sino1245,-0.10298607113161964,0.02552436840706088,0,-0.49391649061349996,1.561763945519365
east2443,aust1307,2.3096370196081972,0.048525632233515574,0,0.466921885266825,1.65576532961594
tang1336,sino1245,0.3604386767034996,0.03831036873810491,0,-0.0907963336605,1.6065676248690148
nucl1235,indo1319,-0.3260043822048584,0.04589394801644023,0,-0.7198056581882499,1.690512253174325
east2379,pama1250,0.47182071324082414,0.08325810441748105,0,1.596304661991,1.94951101097363
sout2896,aust1307,0.2926077959181402,0.0451594924448214,0,0.24777508669725,1.638632594670985
east2555,tupi1275,0.1657570040261272,0.06814907494333473,0,0.09015459434345,1.76764457640488
east2332,aust1305,0.3645119886978627,0.02905430270500652,0,-0.134022232837,1.56968730938736
east2690,afro1255,-1.101533319717373,0.03897087397897826,0,-1.1233415449350002,1.55919591900975
east2556,otom1299,-0.15248286533497374,0.05642184381554998,0,-0.27488703883724996,1.783916046729485
east2342,sino1245,0.8657576559041735,0.04884538625535661,0,0.15484239159925,1.59070776697588
east2782,atla1278,1.2429495645651583,0.05454793025114094,0,0.4897001744775,1.60458037269995
east2328,ural1272,0.2500406726363095,0.029120434617458998,0,-0.088408635172,1.636259615340095
east2773,sino1245,-0.0675734717168148,0.052125309235530985,0,0.2007318796625,1.594532112156195
panj1256,indo1319,-0.28311044304265415,0.0449211626916705,0,-0.6960012613084,1.63635132508998
east2485,aust1307,0.33652538282658173,0.06849502832427239,0,-0.2702770624795,1.6045471758854202
fina1242,aust1307,1.2692550351247194,0.06195431140752818,0,0.0039341972339249996,1.617161769028645
east2694,aust1307,0.6807889513959685,0.06510844645508164,0,-0.03340205968025,1.61984779857855
east2516,nucl1709,-0.8936746904703561,0.06402996703398156,0,-1.0703472144027502,1.7189285514861998
huaa1248,tuuu1241,1.0988799185453133,0.049393326107484634,0,-0.33516820972,2.004185750189155
wall1257,aust1307,-0.6078196549117758,0.04572798362394546,0,0.100283106082,1.593208490932225
egyp1253,afro1255,-0.7419289475473911,0.0439764966969749,0,-1.1323420683049998,1.552548098819245
eipo1242,nucl1709,-0.6208143920367123,0.06699375354322484,0,-1.00591722862725,1.701165781384705
ekar1243,nucl1709,-0.2557446101605711,0.06544740346631675,0,-0.8866841847945,1.709720764705335
elem1253,atla1278,1.8056883819779381,0.05075893000096861,0,1.1688714881955,1.64652794710444
elna1235,utoa1244,1.6376750748403932,0.05757291578656792,0,1.24858018800225,1.777363608581595
emae1237,aust1307,2.2533995540130354,0.04832275861111147,0,0.23093394056875,1.605350491137155
emai1241,atla1278,2.034824438354077,0.07080698293062636,0,1.084833723065,1.638051791772765
embe1260,choc1280,2.0417117069001396,0.049342142763229756,0,1.1849683814475,1.887592306459325
embe1262,choc1280,1.9038559821495653,0.05576651873704133,0,1.18428155880325,1.892522384246365
stan1293,indo1319,0.1206486297675202,0.038770137274800776,0,-0.0481457552925,1.61781164733921
enuu1235,sino1245,0.8108108179523889,0.04064594340790172,0,-0.0943091850234,1.54195606535542
epen1239,choc1280,1.833051499563319,0.0649913543004286,0,1.17693175417075,1.886743096026795
ersu1241,sino1245,0.2958307153907699,0.04993827224439376,0,-0.064954597994825,1.59457575272795
erzy1239,ural1272,0.19461295828630076,0.030331123682994753,0,-0.1978840009875,1.61404098982194
esan1238,atla1278,1.9318459351224195,0.07127894826235961,0,1.0892259482545001,1.635937802420685
esee1247,koia1260,0.8688383556034788,0.05116563019282557,0,0.35038505395749997,1.853372984952835
esee1248,pano1259,-0.29796111381266616,0.04629851505478925,0,-1.005819520936,1.780206246564155
esim1238,atla1278,2.1032463525427083,0.05931433583019777,0,1.0870447830545,1.7102444963525651
esto1258,ural1272,0.36873167213445157,0.03955569527847177,0,0.08230538973000001,1.58677101896771
eton1253,atla1278,1.4278613067393642,0.052270857287134105,0,0.4418295013675,1.618622801831335
even1260,tung1282,-0.9180559649892777,0.04777946462677397,0,-1.52541907478675,1.7210001654315201
even1259,tung1282,-0.569398418664159,0.03825949460950095,0,-1.531133153905,1.7281256648872798
ewee1241,atla1278,1.7096027220909753,0.05686278429013476,0,1.050353807544,1.657422714623025
fare1241,atla1278,1.8515842278550634,0.05493551664203858,0,1.0809683277225,1.63763820797036
faro1244,indo1319,-0.12359164554511926,0.04138708792265077,0,-0.15772424388925,1.59585993035245
fiji1243,aust1307,0.3154505477425036,0.04872758704344309,0,0.0612086630945,1.61413830409024
fili1244,aust1307,0.1739937622298418,0.07045371166708815,0,0.084316187837,1.61948069959523
finn1318,ural1272,0.09908698834404539,0.035911828983477556,0,0.09468736884035,1.59108595796655
fipa1238,atla1278,0.48169740338080175,0.03729470057605533,0,-0.031207736764899997,1.591388202587575
foii1241,east2499,0.25478960106155524,0.05896097866087991,0,0.68842157377605,1.9236318908646202
fonn1241,atla1278,1.6595154644081773,0.0567700771470538,0,0.840809896318225,1.65112371770684
fore1265,ural1272,-0.01111526044063015,0.029222019671249447,0,-0.4127782478475,1.680808369770755
fran1266,mixe1284,1.4181826883561357,0.05154161912640818,0,0.87895906313075,1.85955983039257
stan1290,indo1319,0.2312539688959525,0.03709985507661593,0,-0.00886758917675,1.58646872170987
fuln1247,fuln1247,0.811862880080383,0.053828726128874356,1,0.6241705007985,1.940216996620195
furr1244,fura1235,1.8882877184180515,0.06806589652053242,0,0.5469991617975001,1.97438329381092
furu1242,cent2225,2.6305167824083258,0.06493248144101706,0,1.24579187276,1.65940005114297
futu1245,aust1307,1.8568311210888089,0.04727914329878637,0,0.2421371447315,1.60433338490223
fuyu1242,fuyu1242,0.9858413041023103,0.05544999878133155,1,0.861385886241,1.9069318176847099
gaaa1245,atla1278,2.1866328257466243,0.04746804443047167,0,1.2736978623975,1.68993772727304
gaan1243,afro1255,1.1695395279157061,0.02609322286502767,0,-0.16739893822399998,1.597441091984475
gade1242,atla1278,2.270715949289851,0.05672478765195627,0,1.28372093135025,1.65418980890935
gaga1249,turk1311,0.22577243068565425,0.051984971254135995,0,1.12376035580415,1.6775233948859651
gale1259,nort2923,0.16229823678625155,0.13166659035160896,0,-0.3718753403125,1.801727514382285
gali1262,cari1283,0.033015374388927904,0.06283069029367427,0,0.35946002774275,1.77269513257715
gali1258,indo1319,0.25842433115791774,0.03976104126324804,0,0.031200748974999998,1.5921824585042499
galo1242,sino1245,0.1188625817287984,0.053366168308205314,0,0.1560940230245,1.565726180361255
gamo1243,gong1255,1.2147213208620884,0.05694448075237698,0,0.6904943477325001,1.70935916888208
gand1255,atla1278,0.8062345288020198,0.049870735886473665,0,0.0242835620105,1.585419125875585
gang1266,sino1245,0.21751626746186334,0.03599547822240973,0,-0.09401070253075,1.57481818924676
gant1244,nucl1709,0.18517775349251342,0.0802045735738587,0,-0.6830217326465,1.74473864270883
gapa1238,aust1307,0.2609162485960896,0.05262908795899834,0,-0.126745583934975,1.6247181247564302
garo1247,sino1245,-0.07940894037858301,0.05177669721483436,0,0.0175816575731,1.5652940349045248
gata1239,aust1305,-0.23374196098646455,0.03530680537864765,0,-0.49619642386100005,1.5796623410626651
gayo1244,aust1307,0.6318355761480499,0.0760924473681197,0,-0.29015763050007504,1.62141430063338
geba1237,sino1245,0.8352415099985536,0.05072222513395516,0,0.157190218724525,1.590018892848335
gebe1237,aust1307,0.9756015308370114,0.04568483938897455,0,0.38644731668375,1.66300258394293
geda1237,aust1307,1.2746899544410821,0.05339802926939817,0,0.448819900665875,1.64141607297672
gela1263,aust1307,0.4986714085549841,0.04747154400570462,0,-0.08758320479199999,1.6187423221582948
nucl1302,kart1248,0.021695282871377702,0.05323291361973603,0,-0.24721999177,1.8031984656834852
gheg1238,indo1319,-0.4660095166305942,0.04985743317292853,0,-0.47118631734225,1.6691672779731799
ghom1257,afro1255,-0.4682798024010233,0.034946134817391825,0,-0.93014733995,1.65380789047946
gilb1244,aust1307,0.8903487594875645,0.04877843872848413,0,0.40649906215625,1.633259877934115
gira1247,nucl1709,0.23165586101096605,0.057014149455542985,0,-0.5132646786365,1.7741439787592501
glav1244,afro1255,1.0639019993774195,0.03353887556793954,0,-0.248202821425525,1.6019760468454
ghod1238,nakh1245,-0.07784617501217794,0.04166418813719297,0,-0.2977467501325,1.69752254457139
gofa1235,gong1255,1.2192331708861763,0.0682138857343317,0,0.68777664489225,1.70122861825507
gogo1265,suki1244,-0.3813350893758637,0.04935259584921087,0,-0.285806196612,1.89239063130708
gola1255,atla1278,1.2633865386479068,0.04413504100468854,0,0.58435597177475,1.657389098159705
pare1266,aust1305,-0.3521855688193381,0.04235801473393818,0,-0.54049689749075,1.57627368899329
guah1255,guah1252,0.9523707296594341,0.04782160134382275,0,0.9257031625245,1.8946168176562401
guam1248,barb1265,1.0663173462214859,0.051063190404382945,0,1.14794772032325,1.888622792569135
guat1253,guat1253,0.7194284357506897,0.05241133075434262,1,0.5585093397425,1.90383288998068
gube1234,atla1278,1.4508736396261281,0.034076585613829,0,0.7895710948202499,1.66242877362922
gude1246,afro1255,1.2169645722415,0.03361124876173956,0,-0.018679082617,1.596197011896005
guer1243,otom1299,0.3869520735870997,0.05325055000700979,0,0.107105917197775,1.82333543182154
guhu1244,nucl1709,0.0402652011013097,0.05582928428439046,0,-0.9523542455325,1.6955774234940448
guiq1238,sino1245,0.32812519043685495,0.049211749833789294,0,0.13190639450775,1.6007724663196101
gulf1241,afro1255,-0.6360847427396434,0.04487866808195559,0,-1.0984631319284999,1.554475210471665
guma1254,aust1307,0.39043229658790984,0.06313641336958296,0,-0.0085901582135,1.6305368225895749
guny1241,pama1250,0.42970285576538736,0.07231107506521893,0,1.894489702275,2.00096627083119
gura1251,indo1319,-0.6119240267559083,0.04772196213862261,0,-0.4753341503035,1.6406378202855398
guro1248,mand1469,1.7323134209181257,0.04700095702940899,0,1.6222833177475,1.77669406538654
guru1271,afro1255,1.5830130917203715,0.049316162591859766,0,0.03773007621715,1.6235797204255351
gugu1255,pama1250,0.10048509317773975,0.08196082458345204,0,1.532658908995,1.953620290800135
kwam1249,koma1264,0.16648064984715616,0.04913609517969635,0,-1.04177324574375,1.942586392345545
gyel1242,atla1278,1.60963259707011,0.059469492888198285,0,0.64789063897275,1.60706080474989
haaa1252,atla1278,0.6518497750037237,0.05925324376268861,0,-0.0947659614005,1.60238728717402
hadi1240,afro1255,0.2518564626173116,0.058782054610400945,0,-1.0013075460075,1.599567912531115
hadz1240,hadz1240,-0.32077577435431837,0.057560671996078346,1,-1.20441765562,2.092600966067995
haka1240,sino1245,0.0053599457172191,0.032822714428843436,0,-0.2193615303950125,1.5781362835936048
hala1252,aust1305,0.45835582232337546,0.023750289857589788,0,-0.064976658343425,1.55846380944166
halh1238,mong1349,0.523859995172866,0.04670118714061859,0,-0.7199509791265251,1.732013770757445
hali1244,aust1307,1.2354101745754824,0.043173124216176986,0,0.27975025511749996,1.63759254132655
halk1245,sali1255,-0.23386748749290714,0.07635693666404009,0,-0.17597936852274998,1.831342009902895
hame1242,sout2845,0.2176543250404979,0.058411804934886284,0,-0.7785166697372501,1.9420044375514949
hang1263,nduu1242,-0.07430297398633655,0.08233029202160617,0,-0.24588293490125002,1.8431603443236302
hani1248,sino1245,0.9200874517902347,0.02291033313156558,0,-0.06328059849199999,1.54477653363193
hano1246,aust1307,2.3184268121379534,0.048144423098531806,0,0.45833855639725,1.65372746707357
haru1245,piaw1238,0.7778904145533503,0.05209220624942815,0,-0.075959130525,1.8487082532275898
hass1238,afro1255,0.8211598846230374,0.04671648991349977,0,-1.07024177243525,1.559200371879895
remo1247,aust1307,0.4030631288731804,0.0603038721773908,0,-0.0017979075057499997,1.61497088301497
haus1257,afro1255,1.5705256345960419,0.03984388323621523,0,0.0505556209565,1.634509508460725
nige1253,atla1278,2.3043268326860344,0.0429332048275812,0,0.821649458015025,1.6657054060782999
hava1248,coch1271,0.2516416311378703,0.058743355929615146,0,-0.06522476037450001,1.861528734643195
hawa1245,aust1307,1.170237397167233,0.04055152340955319,0,0.21814978275425,1.601103831799855
hehe1240,atla1278,0.31034029875514435,0.04824203926163475,0,0.2926204281685,1.5858407800259249
heil1246,waka1280,0.5067340504840795,0.05897775501432522,0,0.031959322436,1.89245733108404
here1253,atla1278,1.363618069793346,0.040464547824500006,0,0.70455650115075,1.59536702306993
hida1246,siou1252,-0.11912612977558246,0.05995695443435902,0,-0.0198950761525,1.829110237411445
high1276,mixe1284,1.0941815566109918,0.0398291071159445,0,0.8792970400135001,1.8622862259782549
hind1269,indo1319,-0.32192986232101717,0.04493102635814879,0,-0.431689062905025,1.62629471545732
hixk1239,cari1283,1.031057804845195,0.07178643599756084,0,0.47757561979499996,1.78225278775788
hooo1248,aust1305,-0.6555465216923715,0.02050934346947011,0,-0.6391524619125,1.58759966738037
hoav1238,aust1307,0.9526411301804556,0.05350893991182374,0,0.4029727932885,1.645539636164965
ainu1240,ainu1252,0.2914245588011909,0.02961007028110672,0,0.50595895156125,2.1019418673599253
holo1240,atla1278,1.210567535329191,0.052862888992439676,0,0.30839705248,1.585273355338995
hone1235,atla1278,2.2939189516232608,0.056857908847450074,0,1.3136706550050001,1.649254865949135
honi1244,sino1245,0.9176584690645673,0.05517326206176633,0,-0.0688525410875,1.55143194836976
hopi1249,utoa1244,0.7930973652549593,0.05957719491217417,0,1.199650420419675,1.78430014625552
hote1245,aust1307,1.291645912580845,0.07331793492832667,0,0.34017683828125,1.64473423697251
hozo1236,maoo1243,0.8362608809453487,0.053529330728732345,0,1.0385183665639999,1.946994871896325
hrus1242,hrus1242,0.2564047003948101,0.03289709596302787,1,0.5073414740447499,1.917180917619425
huuu1240,aust1305,0.6758103714045294,0.0377503756310545,0,0.12624400292475002,1.541901402291435
hual1241,quec1387,-0.9173739716446558,0.0666150265539006,0,-0.23954324313725,1.78305931399353
huam1247,jiva1245,-0.0387232116934338,0.049931865257059525,0,-0.37934008076500003,1.81371431182129
huar1255,utoa1244,1.4676126978648525,0.07295303636355024,0,1.099416437810675,1.788609264679995
huas1242,maya1287,1.1135016626883814,0.06968790945395233,0,1.35919542533,1.916974395323345
huba1236,afro1255,1.3178372298510288,0.05171460144688904,0,-0.01525872800875,1.598085047901875
huic1243,utoa1244,1.6398308062886953,0.06869510182795906,0,1.24654822283,1.779059277998735
hula1239,aust1307,0.30681342672003453,0.026913399035007578,0,-0.5046246211000001,1.6211488105057899
hula1244,afro1255,-0.8682511240180735,0.04912226319354808,0,-1.3429370759219998,1.612194175119425
humb1243,song1307,1.4800785445538192,0.08070460785187013,0,0.6705549664354999,1.750598032849385
hung1275,aust1305,0.09858375974574834,0.033529269916914704,0,-0.3092881727105,1.56415356233535
hung1274,ural1272,-0.5986449354126306,0.05303014238569773,0,-0.43570012093125,1.66649899854953
hunz1247,nakh1245,0.1616299995525757,0.038914902029034096,0,-0.017020867204999998,1.6969999445633102
hupd1244,nada1235,1.4135108125269338,0.04917546126453879,0,0.86298001722425,1.881566711646065
wyan1247,iroq1247,-1.5463199270799395,0.07548988504871745,0,-1.5148153574249998,1.871919094255885
hyam1245,atla1278,2.3931216813128673,0.05804093154944577,0,1.23814273253,1.66232688646152
iaai1238,aust1307,1.6773983339803302,0.04974746878566543,0,0.32185794061774997,1.64323475530639
iama1237,aust1307,0.1943963854277114,0.0627312654727978,0,-0.21050914507274998,1.638208582278945
iatm1242,nduu1242,0.04860533173793055,0.08492954753798242,0,0.1439032605295,1.844284358813725
ibal1244,aust1307,0.5535327164520416,0.06755191758734683,0,0.14351127250175,1.61415583180099
iban1264,aust1307,0.30700503858488826,0.051811779858593476,0,0.03137876639775,1.5899876315847101
iban1267,aust1307,0.40496695688969514,0.07860485459785799,0,0.14060989050675,1.626116023278805
ibat1238,aust1307,-0.00942950146884915,0.0519010960279024,0,-0.241574565751,1.62191555535126
ibib1240,atla1278,1.7642187957271962,0.050578776329971355,0,1.18988099717475,1.664410181795235
icel1247,indo1319,-0.49645847823388056,0.05099865540051804,0,-0.1884216210947,1.592215277099685
idii1243,paho1240,-0.6494281120151345,0.09022836536448622,0,-0.35687103062000003,1.864911457444205
idun1242,aust1307,0.26881082793632816,0.024275972140017837,0,-0.22114899318075,1.63259066811385
nucl1417,atla1278,1.8946241990396806,0.04995562088897517,0,1.2920082786967502,1.653651706249685
ikkk1242,kuli1252,0.8125672847743237,0.05448941406842685,0,0.82375867304175,1.9457716323505
ilaa1246,atla1278,0.8602115438891611,0.04616627148985356,0,0.13740488490625,1.574670335031555
iliu1237,aust1307,0.5089514821969037,0.051848151273334746,0,0.3429864036375,1.64648000186657
ilon1239,aust1307,0.5617951624954014,0.05944151345474852,0,0.12055920190899999,1.621252741660345
imba1240,quec1387,-0.00421391215309465,0.049454299225165456,0,-0.25559417422075,1.76892561874793
ingr1248,ural1272,0.457662609760247,0.045977167002531925,0,0.106940949865,1.5713253668490599
ingu1240,nakh1245,0.2974005114245706,0.03899226994539289,0,0.30879249923624996,1.73745540966613
alba1269,aust1307,0.1291590565593505,0.07553763224974609,0,-0.03407581495775,1.6102650548958648
iqui1243,zapa1251,0.04091344370701065,0.05238117236722477,0,0.25885789442,1.861564042358405
irar1238,aust1307,1.4440351516169747,0.047000393553240156,0,0.298279582552,1.647381489587895
iris1253,indo1319,-0.48861494422261154,0.035851524011538,0,-0.6803818665300001,1.649908518762595
irul1243,drav1251,-1.315533890187786,0.05026720860133334,0,-1.88470682134985,1.6708925416727252
isco1239,pano1259,-0.8878870653114,0.0623128703869976,0,-0.67294243692,1.7538853192605899
isir1237,kwer1242,1.495399452914401,0.0843529680510531,0,0.6367265597105001,1.9155125500810648
isna1241,aust1307,0.3208658343623598,0.06789197748162856,0,0.1208372175875,1.63402999026433
isth1241,utoa1244,1.643937811876524,0.07038183182053101,0,1.1973148506862499,1.76825312674242
ital1282,indo1319,-0.20989251448398144,0.03714260563731043,0,-0.08532670267675,1.60032710436617
ivat1242,aust1307,-0.26494997027949774,0.06039961169660557,0,-0.24584807709450002,1.6216363208113749
iton1250,iton1250,0.2229912135205815,0.05648529084518515,1,-0.22154319965925,1.8988526429195751
itza1241,maya1287,2.1838309592320346,0.060562395347847006,0,1.5858487150725,1.88652945084758
iumi1238,hmon1336,0.4337408163044878,0.04741604204909878,0,-0.758004372868925,1.641485937198015
iwam1256,sepi1257,0.8340289017001332,0.0834703980059435,0,0.2778260169865,1.84967517540779
iyoo1238,nucl1709,0.380791492693182,0.08169898120423877,0,-0.82493333728375,1.6989978770699201
jahh1242,aust1305,-0.3245248340502705,0.029319125610916617,0,-0.3213955350405,1.56541955350522
jalk1242,mand1469,1.5871439256127275,0.059491151535766854,0,1.5336013253875,1.74593168026325
jamb1236,aust1307,-0.09863489612426535,0.04884973476655058,0,0.0403027207475,1.5711958923766352
djam1255,mirn1241,-1.7726759333215603,0.0649148729473684,0,-0.15421513427099998,1.916788485124415
jams1239,dogo1299,1.3689954014316978,0.06718895725269726,0,0.2489165270901,1.9067147810113299
nucl1643,japo1237,-0.6421024054906121,0.03726992205876949,0,-0.8310679463925,1.766588298572485
japh1234,sino1245,-0.33844596174598723,0.0354173215983707,0,-0.21773025766425,1.585160534178065
jaqa1244,ayma1253,-0.9134818454415627,0.060975504730071406,0,-0.589310309307175,1.852441872214225
jara1266,aust1307,0.6443739459840472,0.07139370232046618,0,0.17465120513525,1.593813559663805
java1254,aust1307,0.1085351432587899,0.055141317153024894,0,-0.32274213731325,1.6346429123818802
jede1239,aust1305,0.13562265802671136,0.04736168045444871,0,-0.24763403019475,1.56655442269342
jeha1242,aust1305,0.2979207897619385,0.03492295545435528,0,-0.248429851737275,1.568668959440495
jiba1237,atla1278,2.1988565151353714,0.0471570565586102,0,1.3105626865525,1.65022361127448
jina1244,afro1255,1.2963515397713117,0.04197958185907799,0,-0.00811162866575,1.5983429813407102
djin1251,mirn1241,-1.6858420580437175,0.06362727017080878,0,-0.15678375864575,1.92076194811241
jjuu1238,atla1278,2.3625474331099507,0.05455579179703597,0,1.2309085388375,1.6732741460731
juan1238,aust1305,-0.6508854107935869,0.042461321317769564,0,-0.5452366164695,1.573163268094525
juku1254,atla1278,2.131990717956257,0.04671413041218663,0,1.3144993394425,1.6479941543990648
jurm1239,cent2225,1.8226486142382294,0.05550046902334676,0,1.21288435983025,1.65478808094793
kaba1281,cent2225,2.18053409772021,0.05953291885600907,0,1.249059711779275,1.65661313118615
kaba1278,abkh1242,0.4028422029387937,0.03147486631764086,0,0.4519177097625,1.8201477212285
kaby1243,afro1255,-0.6670019891452461,0.03811290813033388,0,-0.92413124182325,1.64712210436301
kach1284,gong1255,1.1314231939126937,0.06523942078798514,0,0.585658695494,1.696296917680705
cent2100,aust1307,0.6171334090478939,0.07580186683573271,0,0.09322521448224999,1.62196073535484
kado1242,sino1245,0.8711181488708002,0.039375248089931834,0,0.08293606321725,1.5614820664465299
kafa1242,gong1255,1.2569584201637285,0.05224930454932496,0,0.853408640033,1.69522253474539
kagu1239,atla1278,0.26401379755467347,0.08429076343153996,0,0.11857581112474999,1.577193283168425
kaik1246,sino1245,-0.11540688331687995,0.057629104830342635,0,-0.66219012194325,1.600622174132285
kaki1249,kaki1249,0.9938842505609675,0.07007879957177983,1,0.6329833335802499,1.9386747348094349
kala1399,eski1264,-0.5601397748183049,0.05828681154689764,0,-0.59173439983325,1.869061264985985
kara1499,west2604,1.26194696053882,0.1069597596518456,0,0.5319184717052501,1.91778093586807
kala1384,atla1278,1.1748205893359915,0.04727581870125123,0,0.2507830615995,1.5901113767777448
kamm1249,atla1278,2.2810261382172596,0.06273762350588236,0,1.3055890603532498,1.64179133343076
kamb1297,atla1278,0.0830949347775066,0.04339557842101277,0,-0.015677135722,1.57908466767013
kamb1299,aust1307,-0.2020783965076812,0.018871485343045412,0,-0.11030728459,1.646598894709375
kamu1260,kamu1264,0.9900641388883531,0.05420572622276898,0,0.7390459198535,1.93181096885613
kana1286,aust1307,0.7245781469191643,0.05340787079027409,0,0.188262579865,1.699725167368215
kani1286,nucl1709,-0.6691165363397056,0.05877923572897523,0,-1.02062152391425,1.7239616492446999
nucl1305,drav1251,-1.4640633571710833,0.054894991589413196,0,-1.8690846852545,1.670208250903835
bidy1244,atla1278,1.3129429088046103,0.04034650732900031,0,0.7887014969575,1.67879690261138
kaon1241,atla1278,0.6602257269010332,0.04180368405399393,0,0.44914818437049997,1.6060472011797748
kaqc1270,maya1287,2.255907194215694,0.055987631895290144,0,1.54431044043,1.890218863054215
kara1482,cent2225,2.4396838009775816,0.060683516524053106,0,1.2348613403114999,1.65653821536683
kara1476,pama1250,-0.1695952099963427,0.07526490106462151,0,1.57958355073175,1.9483104457661349
kara1500,nucl1710,0.7914750813170419,0.055116952580251684,0,1.06372473629,1.859755566949925
kara1487,aust1307,0.5728230700671255,0.06062932724363255,0,0.146749966925,1.6238942319014749
kara1486,aust1307,2.030661166620896,0.05321887846352622,0,0.34938402636275,1.655434655155405
kare1338,atla1278,2.197734161866959,0.05887128363120923,0,1.4414257938975,1.6339760484447
kare1335,ural1272,0.14982561430426444,0.05365782087485041,0,0.119026447205,1.58066650977205
kari1311,tupi1275,0.7727871734344116,0.0601653760504524,0,0.586891447215,1.82728900859236
kark1258,pauw1244,-0.05989998399221605,0.07986659756986511,0,-0.35438240229225,1.8790569403723398
karn1252,aust1307,1.6949986429599044,0.06064587481536149,0,0.49301642604475004,1.653559779790915
karo1304,karo1304,-0.4038189849059046,0.06077373054607434,1,-0.5958819778119999,1.90871662807103
kash1277,indo1319,-0.2488280992331728,0.03998539454319565,0,-0.68867097389125,1.64055100246724
newa1246,sino1245,0.0066563889250561,0.05244549743987035,0,0.1980289104408,1.5937996367412999
kats1235,sino1245,0.5523420158862742,0.0591496879779237,0,-0.31730055288625003,1.55993823232314
kana1291,katu1274,0.9521047267391776,0.04803642815504605,0,0.57083243823,1.9006279405962498
kaur1271,kaur1274,1.2884576305958082,0.059946841610847325,0,0.602955089375,1.9251382841707452
kava1241,aust1307,-0.2910930404446538,0.0660076218128509,0,-0.02874798207875,1.6726809492578552
kaya1315,sino1245,0.8467055274557884,0.04637451961080141,0,0.15416856708499999,1.59355071874602
keap1239,aust1307,0.2785899127454907,0.06608879951266061,0,-0.503672605949,1.622343278621535
keig1242,kadu1256,1.6356977877483385,0.05937568931525134,0,0.545260740072375,1.9923705649797951
kele1255,atla1278,2.233807494169079,0.07307648503634344,0,0.715231895275375,1.617554398524295
kele1258,aust1307,1.882206030349109,0.04831345339086868,0,0.43989818100625,1.639489118903785
kele1259,aust1307,0.5881979832855313,0.05619652974793367,0,0.12078910867,1.62318845168407
keme1240,atla1278,2.138196172180053,0.051414907230272096,0,0.818800137203,1.66204769181047
keng1240,cent2225,2.13906743178208,0.05104652016035632,0,1.25861151249025,1.6483574982700948
kens1248,aust1305,0.0812001151790964,0.04136416011046557,0,-0.26352270109125,1.5697524445909998
kenu1236,nubi1251,-0.054898861579385505,0.06008370799535575,0,-0.76146222800625,1.998305304957225
keoo1238,aust1307,0.04815721690533985,0.05237826147719428,0,0.16873975304549998,1.640026205132215
kera1255,afro1255,1.2247321749240427,0.055203423343725945,0,-0.26124058118475,1.606394053923235
keri1250,aust1307,-0.0822335349653958,0.05211597354210802,0,-0.0343988712925,1.577338556889495
kesa1244,nucl1709,0.07510388936705864,0.06580285867420171,0,-0.83543433176525,1.77948489623929
kett1243,yeni1252,0.3246443950157007,0.0413035841391832,0,0.6141430695935,2.04533621625653
kgal1244,atla1278,1.4229928334781166,0.049047841340442336,0,0.2283792248185,1.567744711711595
khak1248,turk1311,1.2739170913113782,0.035289318957093994,0,1.3269680894535,1.70478299945828
khal1275,sino1245,-0.0906578382225951,0.05420055511684498,0,-0.163923005465,1.59000538884144
kham1282,sino1245,0.1478252011072696,0.04669503374855828,0,-0.503063607515,1.564895168448015
khan1278,atla1278,1.8012010187138836,0.04903063886120729,0,1.171394043498,1.65812239049849
khan1274,aust1305,0.6709762555495824,0.02958335443660505,0,0.18229566239775,1.5498440791959949
khar1288,sino1245,0.304456579487581,0.039248106696787036,0,-0.100739385731675,1.58176054277387
khar1287,aust1305,-0.7087334150578635,0.037075591939572626,0,-0.5514553587375,1.5838492273372902
khez1235,sino1245,0.18273738457483818,0.03612379067067586,0,-0.27378946045999997,1.5984297847908948
khin1240,nakh1245,0.22705709553814651,0.036448511696325084,0,0.04257136407275,1.715075196256705
khmu1256,aust1305,0.65041900279248,0.04059876716061534,0,-0.2326505780575,1.556539774721375
guan1266,sino1245,-0.07209012840610696,0.03305115668283431,0,-0.20830221421,1.6022669602094401
khva1239,nakh1245,0.10936075203242196,0.03807984327810198,0,-0.05377144140025,1.698777739572575
kich1262,maya1287,2.2241872173408956,0.07607324869726176,0,1.5570033135,1.887296051313505
kiku1240,atla1278,0.22318681909718618,0.04534727448898986,0,0.120535954027,1.5795859670333599
kile1243,tung1282,-0.46090632129114234,0.047484412067201845,0,-1.4191358599175,1.7058524823467498
kili1267,aust1307,0.6028360165850883,0.05300780722657272,0,-0.32969737703775004,1.6181872438251599
kimm1246,atla1278,2.0857782471877817,0.053640601861779616,0,1.34545476067175,1.65006507713755
kima1246,kolo1268,1.1567225115020094,0.0557130417866824,0,0.80125049236425,1.92441933493832
kimm1245,hmon1336,0.08491589608290964,0.04874624557840359,0,-0.79953162653,1.6481592015358149
kina1250,aust1307,0.8462819069241885,0.059952025641779434,0,0.0597962204392,1.6143041096992499
kinn1249,sino1245,0.13577748427699243,0.05167317937453272,0,-0.29022960783425,1.591819745269835
kiow1266,kiow1265,0.2969828986596261,0.0529852489912572,0,0.31644991440250003,1.8853333632685398
kips1239,nilo1247,-0.1040222794213486,0.06623101221476356,0,-0.29691657561225004,1.701145295488815
miju1243,sino1245,0.2198985928523852,0.041135792382985314,0,-0.06802443724925,1.59493704414513
koda1255,drav1251,-1.6416886797600645,0.06586694342260287,0,-1.88790646938625,1.6689371365847498
koho1244,aust1305,0.42646880948532584,0.020241370560450316,0,-0.00490549845875,1.5601110346516252
koir1240,sino1245,0.25573662756693727,0.043663459559784575,0,-0.20268792036502498,1.5862391766389101
koit1244,koia1260,0.7166171465270463,0.059814476590431084,0,0.506638232851525,1.86156199973853
koka1244,pama1250,1.1015579852183897,0.07033464223464918,0,1.6538943174499998,1.966021880566275
koko1269,aust1307,0.5718836662237451,0.055307030696658016,0,0.2206036429455,1.63598237141385
kola1285,aust1307,0.9385581101605457,0.052063069305358436,0,-0.0308141837977,1.6316301989571151
kolb1240,atla1278,2.06192999535784,0.05386127402651686,0,1.15849334048725,1.63484086051752
kolc1235,atla1278,1.6853689978179958,0.04821948694061874,0,0.69253080566475,1.59715984613694
kolu1245,aust1307,0.20407590597190015,0.05860134353759708,0,-0.22584949624875,1.6347920179780449
komb1274,nucl1709,0.3344992334149196,0.06621669719465464,0,-0.71179455376125,1.7047717413872951
komi1269,ural1272,-0.2766935064217061,0.031955929099219446,0,-0.49334792359875,1.66973921176585
komi1268,ural1272,-0.3978026048543803,0.03619037615000449,0,-0.494372080312,1.665937659277555
komo1260,atla1278,1.8208791709991488,0.04095863051107188,0,0.6905661644652501,1.6155577209392251
konk1267,indo1319,-0.8998301692780559,0.03465110848138166,0,-0.7059487977095,1.62795156628214
kony1248,sino1245,0.34830171279199545,0.05206991505016842,0,0.0742632188005,1.57068591263653
koor1239,gong1255,0.9436198204805613,0.05464628509351799,0,0.52796872850725,1.696669392172205
kore1280,kore1284,-0.6627641041145851,0.028110507268437963,0,-0.9652008651302499,1.9260352191554349
kore1283,tuca1253,0.5584209752579202,0.06907218312043496,0,0.006237243002499999,1.79616656347847
kork1243,aust1305,-0.7202876697498637,0.02764552178560701,0,-0.60347715835,1.5846831826180598
koro1298,atla1278,1.8833740448551117,0.06340041838537487,0,1.0552261902805,1.64505439744268
kosa1249,nucl1709,0.3474220432580116,0.053596573132912696,0,-0.89365557616275,1.700679892597645
kosr1238,aust1307,0.333691051608409,0.04209955643369765,0,0.4096659027415,1.63024220000776
guan1269,tuca1253,0.5353914898278005,0.05177427218594243,0,0.3694698003983,1.80977497412921
kove1237,aust1307,1.8101843954988166,0.05980843123471555,0,0.4228935731105,1.657283343002085
koyr1242,song1307,1.4674985054680283,0.05901476062206111,0,0.6603275718256749,1.74972797011068
koyr1240,song1307,1.4709359404940856,0.05379994017303047,0,0.66775792488675,1.7429277128108849
kren1239,nucl1710,1.0921286356744186,0.04781548701812034,0,0.93248308795585,1.848844877869685
gbay1288,kres1240,2.156108636077486,0.04641993544426419,0,0.9109103377872501,1.966727421538075
kryt1240,nakh1245,0.13192119097948207,0.03439723642041974,0,0.065970061738925,1.704887831104615
puoc1238,aust1305,0.3770772224163431,0.03960510139160702,0,-0.2845034497975,1.5596944660179601
kuan1248,aust1307,0.9693231688667947,0.04730124260873435,0,0.40421627232095003,1.647552183021385
kuan1247,atla1278,1.3227517440519434,0.04020219865589807,0,0.6988450393775,1.603484634227345
kuii1252,drav1251,-0.8085065891070697,0.058858137058632666,0,-1.78156424806925,1.67504177089525
kuik1246,cari1283,0.23716277840665723,0.07275000154183274,0,0.5976413145335,1.796350805842395
kuku1280,pama1250,-0.0094127303008097,0.09200427963274771,0,1.5453150166777498,1.9536916449447799
kuku1273,pama1250,-0.037069822303136,0.083285177515821,0,1.394262946975,1.942624028844175
fait1240,nucl1709,-0.6420991973829708,0.06866263964151913,0,-0.707273756103325,1.7431852967393149
kuma1280,nucl1709,-0.07680336529029691,0.0779805455084617,0,-1.2086704805125,1.71632204658345
kumb1268,pama1250,1.366577806052968,0.08414308122310686,0,1.8612503127557498,1.99723524470282
kumz1235,indo1319,0.37231415373407306,0.03669597090945961,0,-0.18077300535175,1.6508792874933
kunb1251,gunw1250,-1.4622995643808678,0.07442228872302592,0,-0.0994847478255,1.927313777335905
kuni1267,kuni1270,1.2547816733718145,0.08538948849296256,0,0.91829983021225,1.91284927301426
kuot1243,kuot1243,1.9669501282626092,0.04284151310461824,1,0.4371538620725,1.9948201687977551
kusa1251,aust1307,0.9657404480548384,0.01792916241827726,0,0.40380324399225,1.650139272498625
kusu1250,kusu1250,0.20403434496391848,0.04850365313641874,1,0.5213553352110001,2.004990427942535
kute1248,atla1278,2.1612262489560754,0.04723461512139562,0,1.28797070192275,1.65105455436771
kuyy1240,aust1305,0.40099032240461296,0.025242176169325288,0,-0.13053944380580002,1.57254745366962
kwai1243,aust1307,0.635771315355632,0.057423206031544514,0,0.26817874942225,1.62606033552512
kwam1252,aust1307,1.9352331506583078,0.041965084617020997,0,0.468400726505,1.634170328193705
kwar1239,aust1307,0.6535590020402651,0.04663300309151377,0,0.26485581691125,1.62354230240946
kwaz1243,kwaz1243,0.49941995052216936,0.04757898082308958,1,0.64006010848525,1.9058943935573
kweg1241,surm1244,0.13245543108376207,0.04930298087793511,0,-0.703626861016,1.750461767664215
nucl1595,kwer1242,1.4735635957390167,0.07931902800095973,0,0.62025008579575,1.91729670838896
kwin1241,worr1236,-1.6998521662202455,0.09961056055590575,0,-0.15044479948695,1.9260173894027801
kwom1262,sepi1257,0.0642159740636264,0.07898478233636902,0,0.34453930120275,1.849082916436865
nucl1593,kwom1263,0.400021566214636,0.08161583545566853,0,0.7105073472622501,1.90549996934658
kxoe1243,khoe1240,-0.0838518446757342,0.04179318378335878,0,-1.343042156925,1.962029569968655
kyer1238,sino1245,-0.18090281764954,0.05493630047674969,0,-0.558812605245,1.5651426012325649
cori1240,atla1278,2.397840648034104,0.05975270893414888,0,1.2417822128762501,1.670388343490735
laal1242,laal1242,1.9298816810048345,0.07065126125823946,1,0.712875163921,2.04369701146795
labu1248,aust1307,1.3721305830474961,0.015760574795451524,0,0.3706789498775,1.6554831848251652
labu1249,aust1307,0.716469350482891,0.06757318510621961,0,0.05246262096625,1.615433308306135
lach1248,taik1256,0.865704908421348,0.05307771446520712,0,0.439373094068,1.727194769098205
lafo1243,tege1244,1.3924169725303253,0.07862979359210734,0,0.40626668187250004,2.0902330238960003
lagw1237,afro1255,1.2885877787844415,0.03807114430977476,0,-0.0057579527163,1.5967852274296699
zaye1235,sino1245,0.8769290841719153,0.04537453035256796,0,0.1499694064205,1.5967717580055951
lahu1252,sino1245,0.9754999587900268,0.05519551677478607,0,-0.04303473032,1.5641863303285048
laiy1246,aust1307,-0.3160487272368402,0.06157825479368498,0,-0.51540315166475,1.61999765631372
lala1268,aust1307,0.7894361483107029,0.05466255920810534,0,-0.47179003395200003,1.6215624835901
lala1264,atla1278,0.7309731016986672,0.04744772110882762,0,0.18707465650025001,1.5909786565303352
lama1277,aust1307,0.19611864367785664,0.048236763409329905,0,0.20878648781075,1.636787952996505
lama1288,afro1255,1.140420861374396,0.045563877304781605,0,-0.05553817342125,1.59554127202259
lamb1269,indo1319,-0.7630755156186202,0.048630997952496646,0,-0.3733017431125,1.62315152503322
lamb1273,aust1307,-0.9702329643684475,0.06312387884375856,0,-0.09387581850205,1.64457476405105
lame1260,aust1307,1.5726682369670282,0.05725974679155983,0,0.43671286391675,1.6415112539837
hela1238,sino1245,-0.09558673753336544,0.04878096998360478,0,-0.525892828504125,1.559367546744975
lamo1244,aust1307,1.7515429312727742,0.07005483576650524,0,0.450328993939,1.645978972023995
land1256,atla1278,1.245088116255036,0.056104210748016636,0,0.41690839996925,1.6478691307113649
lash1243,sino1245,0.5776878809617784,0.057689619769136447,0,-0.22039999746724998,1.55446163041571
teke1275,atla1278,1.4551655609525942,0.06104111522986944,0,0.4607747266392,1.60136873902697
latv1249,indo1319,-0.24960008334291145,0.03860988088062929,0,-1.10621193815475,1.6487815159972201
lave1248,aust1305,0.4980728695640858,0.031053980365428266,0,0.041187437027750004,1.557634492895955
lavu1241,lavu1241,0.7445157916520939,0.08508187935765943,1,0.6998679211509999,1.96595086160504
lazz1240,kart1248,0.13724576507339545,0.04925953007664982,0,-0.07497855516704999,1.817690644467235
lega1250,atla1278,1.3406816626488012,0.042851603077695845,0,0.31696749464850005,1.579762042887165
lega1249,atla1278,1.5265315839109683,0.04405418281358075,0,0.311354653683675,1.576681556949455
lele1276,afro1255,1.2176347464917339,0.04781157207868928,0,-0.393986672901,1.616179913637675
lele1267,aust1307,2.2255550518638474,0.05966304297742208,0,0.4193618322525,1.644138214606905
lemb1266,nucl1709,0.024143964087286002,0.04852571375990532,0,-1.09266101688525,1.7108363610422601
leme1238,aust1307,1.9914270807606842,0.04810293684300554,0,0.5068696206482499,1.650240004624645
lena1238,aust1307,1.9608944465155325,0.01586317401617378,0,0.467072853113,1.6372759442713951
lend1245,cent2225,1.21975321959843,0.050347485111331365,0,0.9546964991150999,1.6803328796109098
leng1259,aust1307,0.4733488534368272,0.04912250510472747,0,-0.0663798835885,1.6228830054711452
lepc1244,sino1245,-0.12833860403145345,0.05662659731730576,0,-0.00975799465125,1.62145764701651
lese1243,cent2225,1.2017135707354263,0.06365898294901104,0,0.9100439879475,1.674110076226805
lewo1242,aust1307,1.5318197432872793,0.051986277857280674,0,0.436685505502,1.6367953243333502
lewo1244,aust1307,0.06150535315260955,0.05258538400041777,0,0.175920945493,1.6334311871368201
lezg1247,nakh1245,0.07117092476713695,0.031085310824593235,0,-0.11867129612749999,1.712194020297335
libi1244,atla1278,2.5573756177097007,0.04969347458815631,0,0.908169953694,1.597418874281035
liby1240,afro1255,0.22105832975332795,0.03797078427533989,0,-1.13861247778825,1.5629541390185548
lihi1237,aust1307,1.8158855332046384,0.05639625167031131,0,0.40528187494725,1.646304120017005
lika1243,atla1278,2.015583806679703,0.04049561220158564,0,0.647904673973,1.630831882748775
nucl1327,limi1242,-0.9566759141835259,0.0774894889777677,0,0.0438886838825,1.9287627809566499
limo1248,aust1307,0.3176566427672213,0.09640431895282477,0,0.03966371155175,1.62432400595623
lipo1242,sino1245,0.4094497353204837,0.048043578234130586,0,-0.357131541027,1.55048385034375
lish1245,afro1255,-0.9025250791375158,0.046804789466598724,0,-1.34353730741475,1.617065203217045
lisu1250,sino1245,0.3731365901536077,0.053875431492029606,0,-0.363252965066925,1.570994495616215
lith1251,indo1319,-0.4873193126940959,0.03490276895757173,0,-1.10021430751625,1.648122866855355
lito1235,atla1278,2.688040244030946,0.043879488345362816,0,0.9132606122065,1.59613730189149
livv1243,ural1272,0.46520993227239954,0.042979670785070825,0,0.12078372738525,1.58065838198285
loba1239,atla1278,2.5982701312011027,0.05610268615415505,0,0.8729073513450001,1.58994102774908
logo1259,cent2225,1.653024241719634,0.050670613743356914,0,1.1820316569925,1.69237478431219
balo1261,atla1278,2.5024794076725123,0.05035142637575789,0,0.8958888465952499,1.596215555083465
loka1252,atla1278,1.7534809542899876,0.05743386488110919,0,1.0422980107300002,1.652390744151085
araw1276,araw1281,0.02627221898009495,0.05278435810849878,0,0.21135532324200001,1.78341884096177
lolo1259,sino1245,0.419634190103055,0.042550802172670925,0,-0.35854785772700004,1.548417555275595
loma1260,mand1469,1.5759624630332267,0.05167881650070977,0,1.557260462036625,1.734456311127375
lomb1257,indo1319,-0.19522835979596453,0.03446163124415846,0,-0.0881619462315,1.575493593521185
chiq1248,chiq1253,0.2980553964996657,0.05830965571385241,0,0.5607371274095,1.924369116667495
acha1249,sino1245,0.27854781643725746,0.055077075070435105,0,-0.274159543481,1.549025617520315
long1395,aust1307,0.47126000683841934,0.022219271478392446,0,0.087410075655,1.63237158354042
loni1238,aust1307,1.9185921763001355,0.053255765452526034,0,0.441552278902425,1.64965033962857
lote1237,aust1307,1.5782571094486446,0.04996218459134954,0,0.50051844096525,1.6579832388250102
loth1237,sino1245,0.25370773033273697,0.04471947266053615,0,-0.12424998728725001,1.57266488625089
louu1245,aust1307,1.1483792927956777,0.010797241156078198,0,0.44316795135475,1.6497840658635199
vano1237,aust1307,1.3434560417708328,0.05030410590151207,0,0.37758502399125,1.64562508272255
lowl1260,tequ1244,0.3141438969731165,0.054270796749746296,0,-0.248659947287525,1.91243579860142
lowl1265,utoa1244,1.257618836783113,0.05014851442822334,0,1.0317287902315,1.77353148446701
lozi1239,atla1278,0.8972969975336778,0.05275568844639493,0,0.2386572085025,1.57250996972615
luan1263,aust1307,0.5727187774376694,0.04855622422817721,0,0.332217581191225,1.6519157054253149
onto1237,aust1307,0.5812698418680213,0.019733817354701463,0,0.08902558356425,1.602336707013425
luch1239,atla1278,0.9064628455277862,0.042714916774258725,0,0.6275055256622499,1.594543555467915
ludi1246,ural1272,0.3748179349098484,0.04616302581746868,0,0.1211083015295,1.58120127622829
lugb1240,cent2225,1.4342976259278384,0.05033228049974441,0,1.1814526363425002,1.6890630447380999
lugu1238,atla1278,0.017727637538442,0.062139862429368996,0,-0.02270763746275,1.59166286678179
lule1254,ural1272,-0.6922368131631043,0.0529402454066527,0,-0.5849274522929999,1.5928843056633
lumu1239,narr1279,1.7116902401207956,0.051368561145085964,0,0.7313730334924999,1.92668027526262
lund1266,atla1278,1.1100206517789009,0.0472034468153964,0,0.6624681311737499,1.59287530978961
luok1236,nilo1247,-0.12197623863911264,0.05084475659071111,0,-0.29195396128075,1.70097971268562
luse1252,atla1278,2.304278935809628,0.06455531990997428,0,0.85970364325575,1.580003204494515
lusi1240,aust1307,1.8274120292165061,0.015874376625211566,0,0.4274750820725,1.6507817318106102
luva1239,atla1278,0.871409524477063,0.03898982315508423,0,0.50661537418731,1.6112204279342999
luya1241,atla1278,0.9417566832020636,0.05476136437360252,0,0.7022876106072,1.6009122105448
maan1238,aust1307,-0.2088020394264066,0.012415776611791026,0,-0.32103194983899996,1.62792978100464
maas1239,atla1278,1.667851807423824,0.05129280263449343,0,0.8533616117505001,1.667148161147995
maba1270,atla1278,2.7058208904094925,0.055418727262373416,0,0.9048574129955,1.599734207794955
maba1277,maba1274,1.9286234598849719,0.05604971558480648,0,0.7937267374020001,1.9195710633193
maca1259,guah1252,1.2197824498732757,0.050640844135920945,0,0.92982516310475,1.891793328186595
mace1250,indo1319,-0.4596424506709783,0.035914109831450915,0,-1.2079493134032502,1.623045644485155
maco1239,sali1297,0.6882159936553764,0.05280756082542355,0,-0.10592444516675001,1.873632759646505
macu1260,tuca1253,1.10200835251369,0.06087593078983892,0,0.284979110105,1.79761745069637
macu1259,cari1283,0.5446808533424623,0.08514560246101464,0,0.542868711925,1.7788923072835852
mada1285,aust1307,1.9218616985139425,0.055415181800754554,0,0.3696052249885,1.6559500805702299
madi1260,cent2225,1.3462244776129455,0.06676000093801168,0,1.1686250172513248,1.694576117908095
jama1261,araw1282,0.5237473540357354,0.05261074660231574,0,0.042274397298774996,1.8423872106518502
madn1237,east2374,-0.5877639216124053,0.052064949653942934,0,1.1490053620995249,1.9995489617737499
mafe1237,aust1307,2.3027237983989544,0.016065107162305255,0,0.490139203167,1.6458103037903
magd1235,otom1299,-0.1635095591842789,0.053139346267463944,0,-0.11647153726699999,1.803323926444975
maia1253,nucl1709,0.34990199573644176,0.041736257584143746,0,-0.5923735863114501,1.7675761283556901
mail1248,mail1249,0.4052291375202973,0.07584220762173514,0,0.581252105101,1.9274359232649
mais1250,aust1307,-0.0187977244036104,0.05010445242092152,0,0.11944761013499999,1.6342570826560099
mait1250,indo1319,-0.31683998040466255,0.047505446369337484,0,-0.40907033051775,1.602996937765505
maja1242,surm1244,0.39501858244521193,0.06124200430815409,0,-0.42824936295925,1.7420834574471349
maka1304,atla1278,1.7613987028653724,0.04654953540091026,0,0.69509588649675,1.5947889571966751
makc1235,taik1256,0.5532053607433927,0.06562823135035063,0,0.17914184047325,1.69639691203556
makh1264,atla1278,0.1238152263164786,0.04364762044765002,0,0.09953666636575001,1.582327763022285
makh1266,atla1278,-0.05751010287425275,0.04396083503639662,0,0.044034484055,1.5758349296180851
mala1463,drav1251,-1.5454956687384067,0.07106110934870284,0,-1.8961811578227499,1.6703383327657502
mala1534,aust1307,0.48562304167594594,0.07381447235352666,0,0.138006597125,1.6336058405868399
mala1464,drav1251,-1.6137468924238685,0.0683769327882779,0,-1.900006160125,1.6659532876208099
mala1522,chib1249,2.1204061824007203,0.07188867931934748,0,1.8340178716737499,1.856270825418755
male1284,gong1255,0.9859280516012667,0.062567983863456,0,0.48935253454375,1.70964559391817
male1297,chib1249,2.3111077368007615,0.06668503280320758,0,1.789597271389325,1.8645811708267899
male1289,aust1307,1.7802874286016928,0.050882827136866114,0,0.49153390257,1.6495701493912098
malg1251,afro1255,1.1485220772596987,0.04311197421553514,0,-0.2217632152115,1.590889548370705
mali1285,otom1299,0.42972130753381577,0.05782213809225894,0,-0.00308925863825,1.799716806162625
malt1254,afro1255,-1.1066363804939998,0.06324472115867227,0,-1.1277733804405,1.5552985247704951
malu1245,aust1307,2.325521926890805,0.04541613935635785,0,0.42729958250275,1.64803422923513
mamm1241,maya1287,2.1507384858821594,0.0642077570735486,0,1.5316275683775,1.90056280141615
sauk1252,nucl1709,0.4504281032199424,0.03337294968459588,0,-0.8381485920225,1.71270040670675
mamb1294,atla1278,1.9865738338461434,0.056443857675736536,0,1.4488426257687501,1.6288256742127651
mamb1296,atla1278,0.5699347389492382,0.05198437761686643,0,0.048542678287625,1.596216942355245
mamv1243,cent2225,1.5893969907480872,0.07175829259730608,0,0.94265927482475,1.67665736621188
mana1295,aust1307,1.3443792205641731,0.057916955637709495,0,0.3756263445815,1.653491088130565
mana1298,nduu1242,-0.0776334138711667,0.08832679532729559,0,-0.24918875833350002,1.826149000535855
mana1288,sino1245,-0.2387586934714893,0.05047876851130328,0,-0.733237499288,1.59154090431018
payn1244,nucl1709,0.08372771225617115,0.07118543842493726,0,-0.778350650275,1.74309812083835
mand1440,aust1307,1.1822940697389432,0.050846454862770014,0,0.42598875449225,1.64500660811605
mand1415,sino1245,-0.31644903081424247,0.03978183902156587,0,-0.26921083446000005,1.579527691836825
mand1436,mand1469,1.522764593989438,0.055541055403789744,0,1.47898262393825,1.736131347538005
mang1378,aust1305,0.7755652984257226,0.025177715615156814,0,0.06723822868750001,1.56307512990108
rapa1245,aust1307,0.35792612989938777,0.04361378782625511,0,0.1024407952125,1.61001650604834
mang1401,aust1307,1.0623640425890473,0.04204665604864074,0,0.2265338669325,1.602828536674635
mang1381,mang1423,-1.6049560637434723,0.057305219936946386,0,0.0460166561575,1.940770119045935
mang1394,cent2225,2.1090095562262396,0.059981858396852265,0,1.05444513240275,1.672389872056735
mang1404,aust1307,1.1652008128746008,0.05876559505515054,0,0.19591355079,1.637383023205945
mang1405,aust1307,-0.20326363001566855,0.04484144143041648,0,-0.013562100862250001,1.63658895021974
moni1237,otom1299,1.363765805595868,0.06308752690011463,0,-0.0065935351619999995,1.805240553136255
tong1308,aust1305,-0.02003170219953355,0.03195009608438139,0,-0.28329254111275004,1.5720156460490702
manm1238,aust1305,0.6967209743778854,0.056005959016440406,0,0.14395023883925,1.53983674948751
mann1248,mand1469,1.622133763757584,0.04802449800511011,0,1.6153542730925,1.781184530699015
maor1246,aust1307,1.156502361140702,0.04620977973203946,0,0.216311418224425,1.601319163366195
mapo1242,aust1307,1.330755820878755,0.0522252245264851,0,0.275474630646125,1.640181218626355
mapu1245,arau1255,-0.3528371363224262,0.04511302934383818,0,-0.15574709956575,1.9140930097242999
mara1382,sino1245,0.17027106078104687,0.03196300226571932,0,-0.3427856597958925,1.578039775826955
mara1399,aust1307,2.338676994663456,0.04852447944553722,0,0.434823901095,1.6463175828478152
mara1386,west2434,-0.9022659066731329,0.09187152471330697,0,0.077639963455,1.889913725446715
mara1378,indo1319,-0.927015416219812,0.047407908271063406,0,-0.7067601311322,1.622067730168495
marg1265,afro1255,1.3166711481890832,0.03733786805915097,0,-0.011121584517,1.603684410980395
mari1440,coch1271,0.034826627703848506,0.03880372672046264,0,-0.22506622675625,1.869722149566565
nucl1622,anim1240,-0.2830917897685584,0.05309155226839059,0,-0.275213227243,1.868418856751155
mari1424,west2434,-0.8154257413023713,0.09879829193328402,0,0.5632446596095,1.91323093489339
mars1254,aust1307,1.1119866285550515,0.04576356306951845,0,0.41895554502025,1.631134025658615
mart1255,pama1250,-0.4443349033281006,0.08636150388691648,0,1.60860115751025,1.957107407425665
maru1249,sino1245,0.4831674819917372,0.06206553538008276,0,-0.3481850766775,1.55695759139619
masa1322,afro1255,1.267106915735461,0.030284520265717797,0,-0.04179228104525,1.6295269818240499
masb1238,aust1307,0.0501308673732991,0.06157147389918531,0,-0.0049935656362499505,1.6060328474771048
mask1242,aust1307,1.6008156722462776,0.02152238860784881,0,0.4180345032835,1.64046133435871
matb1237,aust1307,1.1438480037967087,0.045952289241954256,0,0.38495455721662497,1.65330987681201
kemb1249,aust1307,0.18452427488457346,0.060036561069186783,0,-0.14398608095624998,1.62026421522121
mati1250,aust1307,-0.0393368825743589,0.06171668027447746,0,0.003822233755,1.62294633286933
mato1252,aust1307,1.4645010783391375,0.043771617638605764,0,0.45120106291,1.65246182044682
mats1244,pano1259,-0.04549460064070055,0.060867132935443456,0,-0.789552332355,1.7844672966408
matu1261,aust1307,1.161934533849401,0.06221050109851115,0,0.31322826076,1.6353211259904898
matu1259,atla1278,-0.0976325232230754,0.04696754776310496,0,-0.1164045775685,1.5991129382336648
maun1240,iwai1246,-1.3223333643749655,0.04962770393726172,0,0.11528650536675,1.951048196734785
maxa1247,nucl1710,0.8170801284123257,0.05845547711663421,0,0.80092615847475,1.8346644725036851
maya1285,misu1242,2.1292970788260126,0.05213444656784037,0,0.9298188171224999,1.897914163278325
maib1239,mayb1237,0.8900986530404674,0.0883779980688337,0,-0.55993736581225,1.8967018866872198
mayo1264,utoa1244,1.378102461194846,0.046077840743049096,0,1.20800478274,1.79065056500932
mayo1261,atla1278,1.9363394857664282,0.07395596577151926,0,1.48965825733175,1.6215082625241148
maza1304,afro1255,1.2803072821421584,0.031372232031023815,0,0.00301671261225,1.5965886276668901
mbaa1245,atla1278,2.140015506473505,0.05207692314624689,0,1.5046291634614999,1.6208567131823952
mban1263,atla1278,2.642291327746568,0.06561286648749928,0,1.4560543992502502,1.625765844489055
mbar1260,afro1255,1.2093283065692315,0.04929244307041312,0,-0.19112185936874998,1.59209266939755
mbay1241,cent2225,2.0769825381560767,0.06849912421630502,0,1.2507146758975,1.65575296869543
mbug1242,atla1278,0.3466131081503221,0.05824365325881942,0,0.25756371935775,1.59179254528082
mbul1263,aust1307,1.7260051122239575,0.019608658078034934,0,0.46469533574175004,1.644409072095225
meen1242,surm1244,0.3466101101935529,0.049990696590088736,0,-0.62352491143975,1.735733881497485
mehe1243,sepi1257,0.7140536648008987,0.08525957110082387,0,-0.0245469239575,1.82590663368636
saki1248,tupi1275,0.7588191956758991,0.05563497455208917,0,0.62944094380775,1.823692157313535
meke1243,aust1307,0.811544755631384,0.04728801656403848,0,-0.5025861358125,1.6199014050503648
mele1250,aust1307,2.2065191104362185,0.05007367435411358,0,0.24180962278925,1.60441116294383
melp1238,nucl1709,-0.1170890621945996,0.05540876465429189,0,-1.20228507322975,1.7202864902004351
mere1242,aust1307,1.484470387866152,0.049946357406940325,0,0.4862447419705,1.65411239109915
meta1238,atla1278,1.8333144012772637,0.07105418109835347,0,1.1586946527775002,1.689044689189045
mezo1235,otom1299,0.06879071253116956,0.05964578440932317,0,-0.18668665394,1.803032829796055
mezq1235,otom1299,-0.023164652506804148,0.05222797344165963,0,-0.263845569257,1.7792682987488901
mich1245,utoa1244,1.7164407377056654,0.06782693300596604,0,1.2675727382050002,1.77778543704385
midd1327,aust1307,1.265762493654158,0.04719107621689288,0,0.37356724653975,1.65426733684888
mika1239,musk1252,-0.26713534229272184,0.045465416138497486,0,-0.5711270638645001,1.810540596889495
mikm1235,algi1248,-1.6094866642147263,0.08066632690732678,0,-2.010771412412,1.867900782604375
mila1245,sino1245,0.12581562676566485,0.042205446573759436,0,0.0818182230575,1.5860066757154598
mina1276,afro1255,1.2797097016738423,0.03138303725158716,0,0.00023744065624999987,1.5979631992500152
mina1268,aust1307,0.02622641211539285,0.051752722479881115,0,-0.0405994490275,1.57461508301633
mini1256,huit1251,0.2929371719269702,0.04529952218008121,0,0.420949332651,1.86640405281457
mini1251,aust1307,1.7473513297500558,0.05511534733347476,0,0.3901310275405,1.6509749282958
minn1241,sino1245,0.05122275096873445,0.04574080469274058,0,-0.05197672738025,1.6091183716585449
miri1266,jarr1235,-1.2437023150245834,0.026103686362995135,0,-0.05465171067525,1.939687885041615
misi1243,aust1307,0.053982962392418204,0.040832149428411756,0,-0.37066196086049996,1.62342928741241
misk1235,misu1242,2.0628874120269747,0.05217088220505572,0,0.9029558322226175,1.8944792644238349
mixt1426,otom1299,0.11149101155099381,0.07779533561968159,0,-0.083224966505,1.7979902470130749
miya1266,afro1255,1.5850017966558816,0.03691395963806696,0,0.04472342072,1.62565853716768
miya1259,japo1237,-0.5456251475112168,0.0257842750130601,0,-0.802201447737,1.7598943854327649
lush1249,sino1245,-0.07667578951137495,0.02523114009342493,0,-0.32827379458325,1.5810384713849701
mlab1235,aust1305,0.30399166076078077,0.04222173917701499,0,-0.25615414001825,1.54936630949399
moba1244,atla1278,1.87980128472808,0.05070338874166543,0,1.0710984602615001,1.6424926473004549
moch1257,maya1287,2.111897786269371,0.06468997774937414,0,1.5339327308200001,1.8932910455556748
moco1246,guai1249,0.19356949026072706,0.046154504867959224,0,0.15912441036250002,1.87607423189571
mode1248,indo1319,-0.6557396375274711,0.05024857395340735,0,-0.7302399234851875,1.691304206939495
moha1258,iroq1247,-1.6239124652439996,0.0672095638403874,0,-1.5069417214125,1.87998501935156
moii1235,west1493,1.2980035286699327,0.05450392107003993,0,0.5204889878875001,1.9279481816569248
moke1242,aust1307,-0.0832196486608359,0.11973953072422543,0,-0.39428248763475,1.596970034891935
moki1238,aust1307,0.8679513010061533,0.05089598265030103,0,0.312749370224,1.617700211935895
mokl1243,aust1307,0.0354094827414978,0.06949019020009503,0,-0.39890345350375,1.5915573934786948
mokp1239,atla1278,1.5487216766303833,0.05588501160759109,0,0.350791039528125,1.629721828611255
moks1248,ural1272,0.005315404647370001,0.033531496045129026,0,-0.2482729790745,1.61674731601459
nucl1452,momb1255,0.9403295261009736,0.053438568442647896,0,0.638831093666,1.95307943491057
fass1245,baib1250,1.1938950339268404,0.027938834579776427,0,0.549745353728,1.953232612972245
mong1338,atla1278,2.1018095076778556,0.0524100286301934,0,0.8437734650675,1.588904187646265
mono1273,aust1307,0.30784353992679947,0.05371898693783214,0,0.41602845208425,1.63700488860048
mono1275,utoa1244,0.761228196532332,0.06784553950779472,0,1.2068794050525,1.785329714677995
mont1268,algi1248,-1.7424525371529955,0.08495021011076519,0,-2.02516914873625,1.865598848258885
nucl1458,monu1249,1.2572510275724023,0.0913085799154084,0,0.5236523917536,1.9478296259677501
monz1249,atla1278,2.6043534748146437,0.05517731371793291,0,1.4966618884175,1.6195155456420651
mopa1243,maya1287,2.271660245716699,0.052552611378508925,0,1.5858690724017501,1.8902650563504002
morm1235,aust1307,1.5479375378802813,0.065596716061368,0,0.3661906516025,1.66352984550751
moro1287,aust1307,-1.2048560237621957,0.054422037228734586,0,-0.5168902082467499,1.6147258780724552
mort1237,aust1307,1.2871189886439978,0.015342188237961933,0,0.45067888868975003,1.6130089373157301
mose1249,mose1249,-0.571459898039975,0.049872181915136524,1,-0.16319387025249998,1.8835743366418498
temb1272,atla1278,2.596281298832766,0.059989534047580936,0,0.85486491240375,1.594133307287215
motu1246,aust1307,0.4214310228756095,0.05535249821367706,0,-0.49645777732375,1.61817802290904
mouk1239,aust1307,1.7957475748415903,0.05127821090912616,0,0.45186258850425,1.6460606831344649
moun1252,koia1260,0.8633600770037948,0.0534587186190305,0,0.5136497154715,1.852524436272355
movi1243,movi1243,0.094903818970691,0.05259878352988988,1,0.66679979984125,1.92619597127662
tang1347,aust1307,2.2837092897335145,0.05000004711960689,0,0.468644442304125,1.65519677787341
moyo1238,sino1245,0.1649072582993926,0.0465535438197087,0,-0.30167366648925,1.58764216682441
mpad1242,afro1255,1.2920695444735093,0.03681422554977144,0,-0.0143454306055,1.59967133565178
mpii1239,sino1245,0.3028357939890354,0.04821417549315521,0,-0.1289926613605,1.54293152541976
mpot1240,atla1278,0.17107911205993034,0.041876171282668385,0,-0.1272288032185,1.607614901641775
mpur1239,mpur1239,1.430640140965382,0.09361138544965522,1,0.5909133372045,1.948568434453335
mual1241,aust1307,0.00659959579179,0.0249406741257399,0,-0.028941605113,1.581091398483895
mudu1242,aust1307,1.935468072977184,0.04568641498577472,0,0.3071797841925,1.6437932598807898
mudu1239,drav1251,-1.5633493618435212,0.05427692392286213,0,-1.88397208639355,1.668270163631705
mull1237,nort1547,-1.027714831304346,0.060552567160869916,0,-0.016489270708,1.931983987923745
nucl1240,atla1278,2.1973526969141206,0.059268255238024245,0,1.3121716882734251,1.63796890293071
munc1235,sino1245,0.8002776787571637,0.03353621206014643,0,-0.046527118780249996,1.585275179373085
mund1328,atla1278,2.125006136906796,0.04819996097743782,0,0.77254712710925,1.6728190024552
mund1325,atla1278,2.0070095003623174,0.05773223135421466,0,1.44376052160625,1.633234789170245
mund1320,aust1305,-0.7372685945501743,0.027721265829832805,0,-0.63777636424975,1.5874138964221198
mund1330,tupi1275,0.9130093246731081,0.05192088574946198,0,0.59627249369575,1.83904687882646
abar1238,atla1278,2.1221207643299405,0.051634923750348664,0,0.7549988740715501,1.676728238936285
murl1244,surm1244,0.19601925466440734,0.04861092201292672,0,-0.8306256150945,1.74035884403622
muru1274,huit1251,0.16003143733075184,0.0488882018398216,0,0.33014670045100003,1.865327516321925
muru1266,pama1250,0.3241742741558473,0.09503693879156327,0,1.6048952289265,1.985728782941395
musg1254,afro1255,1.1510861631734177,0.03427305533930879,0,-0.21729990193975,1.59266555471354
muyu1244,aust1307,0.30151129304427854,0.05246699103575524,0,-0.33942964604049997,1.61898891867087
mwag1236,afro1255,1.6509414033757457,0.04003568728927357,0,0.051975829808249996,1.6238126695419
mwan1250,mand1469,1.7732391264434677,0.04299787681424141,0,1.6248959568824999,1.77715590173608
mwan1247,atla1278,-0.190717588993613,0.05044563834405229,0,-0.0352733475121525,1.58934775679484
motl1237,aust1307,1.9828950559670333,0.04943665037654555,0,0.49421746730175,1.650866014492175
nade1244,nada1235,1.3932864047187454,0.05554913147344054,0,0.8493836316885,1.886811466311095
sout2857,aust1307,2.358185943861079,0.048147074157237124,0,0.44155542733715003,1.6427153433549
naka1262,aust1307,1.6848819922485507,0.05300975154820018,0,0.33183807782325003,1.6596091799248152
nalc1240,nucl1709,-0.5990925006833255,0.05875246555269779,0,-0.9644594297110001,1.70477482219534
nali1244,aust1307,2.0140328703495634,0.04304966362118451,0,0.34943744659075004,1.64928243832136
nama1268,aust1307,2.1110182245826623,0.023757339105397218,0,0.229862041683,1.6406989490659
litz1237,aust1307,2.348367566943913,0.054333843551046486,0,0.434946938124,1.6442980616771
namb1293,more1255,-0.7346682462551295,0.02807565712810536,0,-0.39234413269375,1.85610276823797
namu1246,sino1245,0.7623006545486972,0.02808665090958757,0,0.18101966754850002,1.585986624466765
nana1257,tung1282,-0.7041476911821556,0.027712285530133485,0,-1.493703020242,1.704499453943745
nand1266,nilo1247,-0.2558171027024329,0.09164931075993923,0,-0.3506727039425,1.709642221822165
nang1262,aust1307,0.7607842532125646,0.0630743738126592,0,-0.06901084874675,1.631606892148645
nant1250,araw1281,-0.063096651129932,0.06548102265014503,0,0.5191337076992499,1.796512936167865
yong1270,sino1245,0.7488737689545548,0.0267584230176124,0,0.16191764313725,1.594798790127385
naru1238,pama1250,0.7447583306301786,0.07744926238492182,0,1.74950363360975,1.9796575394642049
nati1244,aust1307,2.3523345219226117,0.05406693035481039,0,0.43504391571425,1.641616390105865
nati1243,atla1278,1.331688443573893,0.08384679305555831,0,0.725501247066825,1.644808627570395
natu1246,aust1307,0.7469612995583521,0.03922411744974308,0,-0.06141247909175,1.6350300006405951
naue1237,aust1307,0.5308903799364844,0.05082890079644333,0,0.3294033928845,1.639885204559125
naur1243,aust1307,0.4806835073588448,0.060462735914687184,0,0.144182146476,1.61126156154684
nava1243,atha1245,0.3519913320606881,0.04668713308986254,0,0.216950701021225,1.80650936599309
nawu1242,atla1278,1.8658770062936316,0.05200100181198672,0,1.1371741550731351,1.64365470354974
naxi1245,sino1245,0.6824586419236685,0.021699244831302675,0,0.17086151143775,1.58990252188143
ndam1239,atla1278,0.1497375674509405,0.05206383378551965,0,0.0006972174925000001,1.600484977197365
ndog1248,atla1278,2.221865975415459,0.07260931778470303,0,1.4798351939935,1.62576700340779
ndom1245,kolo1268,1.167815563065195,0.08934470470291976,0,0.778330609799,1.9247419291899148
ndun1249,atla1278,2.5908824992991057,0.05173129016433784,0,1.5041119698802499,1.624283863558805
negi1245,tung1282,-0.6922728634307413,0.036543224248713646,0,-1.5298441667436,1.722007100565195
neha1247,aust1307,0.4451643378854072,0.0633427800081594,0,0.00579610777575,1.629730287589385
kuma1276,aust1307,1.4343183760297475,0.053435350764690734,0,0.23871663998625,1.63994951415564
nenn1238,more1255,-0.7733721738281466,0.06784989783714535,0,-0.39941076189799996,1.86448381493484
nend1239,nucl1709,0.18482517010598185,0.05952135274698488,0,-0.62018666217375,1.737689606434255
neng1238,aust1307,0.624965603511856,0.029962653275540745,0,0.10216669555665,1.63696911423087
nucl1706,afro1255,-0.6119992250980288,0.040581846585229155,0,-1.3330084214825,1.6166906005875
nese1235,aust1307,2.3282172375299535,0.04810272655162182,0,0.42363934359,1.646089082494595
vinm1237,aust1307,2.355868167088822,0.05947716305250592,0,0.43805631749925,1.64309170604798
ling1265,aust1307,2.36235570792247,0.04800736672821065,0,0.43655567632000003,1.6405114283888351
nezp1238,saha1239,-0.9974891804294075,0.06259802366242816,0,-0.9388049114004999,1.8902484553036851
ngaa1240,pama1250,0.5591782338754796,0.07680521532477419,0,1.69532952203875,1.967554875735695
ngab1239,chib1249,2.3302122380324057,0.07008684290253257,0,1.84101792457075,1.8533176396099749
ngal1292,gunw1250,-1.6505565470960402,0.0865101347585958,0,-0.107273643255,1.9249651913766002
ngam1268,cent2225,2.080040095190421,0.059078674674611906,0,1.24651572421295,1.65342367835795
ngan1291,ural1272,-0.36356037545128117,0.03237410733414094,0,-0.56429380359075,1.684030058607805
ngar1235,pama1250,-1.1170628892162764,0.08042776023350935,0,1.33326453228975,1.9338669624926101
ngar1284,worr1236,-1.25870846862854,0.10049559603505342,0,-0.17003772972300002,1.912960996378915
ngar1283,mirn1241,-1.6022255623838284,0.04614048867796442,0,-0.15979307695575,1.9167717275245
ngba1284,atla1278,2.5577994880425217,0.05434278816111471,0,1.5066433011255,1.615891054998015
ngba1285,atla1278,2.6111807597200363,0.0511549597460377,0,1.3578358994775002,1.64537937094694
ngit1239,cent2225,1.0650682272483596,0.05053290284175808,0,0.88637915333425,1.684901866024665
ngom1268,atla1278,2.676217317552776,0.056602868763891825,0,0.8752809031283499,1.589454181961755
nhan1238,pama1250,-0.3847547775129016,0.07719212915160928,0,1.436897898609,1.960473658948745
nhen1239,tupi1275,0.4728397909195786,0.053656397503132607,0,0.149825373233,1.772325816189985
niha1238,niha1238,-0.7881432778165003,0.06438772324112634,1,-1.326594760593025,1.9858321016547849
nucl1633,nimb1257,1.310906252653172,0.07422297444359649,0,0.464442957245,1.91390092094953
nina1238,yano1268,1.0464751851879432,0.0514962961042876,0,1.04673200715875,1.87758825757244
nisg1240,tsim1258,0.6587773791201248,0.07404803283553128,0,0.24383013864574998,1.9193627736071002
niua1240,aust1307,0.3707263393790977,0.046708445236426574,0,0.11419890966075,1.58896678382487
niue1239,aust1307,0.5113062761090383,0.04574743493703339,0,0.1538721665908,1.6032335416363601
niva1238,mata1289,0.15294039933293274,0.048510092859485376,0,0.57529049622475,1.913621847173615
njan1240,atla1278,2.020980303160296,0.04808853774379562,0,1.25446032286,1.69367389622618
noct1238,sino1245,0.033233685995979104,0.05245578866273293,0,-0.0608185697965,1.558706036513585
noku1237,aust1307,2.1392273557017005,0.056271769360324755,0,0.47251396660775,1.662854475026495
noma1260,atla1278,1.4584764204226757,0.04193831645256489,0,0.26194023068875,1.625282705192385
noon1242,atla1278,1.49620703466542,0.055747801424954856,0,0.70255124058325,1.67286641291011
noon1243,atla1278,2.0696862853867315,0.051311642997383944,0,0.82273464013,1.66543193552286
nopa1235,otom1299,0.05175677404221825,0.07019121728963547,0,-0.2529172710845,1.81070911118023
nort2697,turk1311,0.8587837943732503,0.056140041839887356,0,1.267210114525,1.6903591218907401
darg1241,nakh1245,-0.019100888082101447,0.053605143931076814,0,-0.30317683539575,1.71129998393074
nort2930,kiwa1251,0.30852937111757617,0.07370331547036102,0,0.594328987535,1.920540597660155
nort2836,aust1307,2.216281963429939,0.058549319392566815,0,0.418802526752,1.642473379607005
nort2724,sino1245,0.7279210905671687,0.04361443214099367,0,0.24803247746875,1.58518470924648
nort2972,choc1280,2.029592373439584,0.058222815008624584,0,1.18709518483075,1.8973237022634
nort2702,drav1251,-0.8582125399021725,0.04669499695498748,0,-1.7522869576325,1.67926312830616
gumu1244,gumu1250,0.0551258762615304,0.05686485456357135,0,-1.20990189016675,1.9425144521159599
nort2938,haid1248,0.538704678945878,0.04282545287185919,0,-0.31298356221893,1.88097608647823
sing1264,sino1245,0.15436710173634977,0.04555270353919266,0,0.025718433222749998,1.56326001647955
nort2684,aust1305,0.11950036438168735,0.037547774078663734,0,-0.367807113535075,1.5600638694269948
lush1252,sali1255,-0.1563737407455678,0.05653233857231992,0,-0.06235828744295,1.823045881427695
nort2774,atla1278,2.750754934982306,0.05779329175375605,0,1.483116351693,1.621465361664705
nort2954,utoa1244,0.671018121107686,0.03440747309762257,0,1.205186862852,1.7823358614304299
nort2957,utoa1244,1.4857803762639201,0.06580502965646749,0,1.273365617035,1.770543332915705
nort2723,sino1245,0.6510886713245385,0.021379095948139398,0,0.1307819454675,1.58442673353858
nort2747,hmon1336,0.022007998680046548,0.057217896740482686,0,-0.5199168379925,1.65805987272751
nort2722,sino1245,-0.2036112976754443,0.048129156445620595,0,0.10600559580885,1.569979558772525
nort2994,aust1307,0.5688693853299847,0.04780507923177955,0,0.21753967293075,1.58860567677503
nort2885,aust1307,-0.12266671306493976,0.07619617426130029,0,-0.0565190088255,1.6249684471565051
tosk1239,indo1319,-0.5601303716435891,0.038383038386727436,0,-0.54545356414225,1.672146678184185
nort2732,sino1245,0.1747783354554851,0.04330725127066182,0,0.08534251907849999,1.5879781677558649
nort2690,turk1311,1.265703657935863,0.05803788893720666,0,1.296165104035,1.699429135773215
yoku1256,yoku1255,-0.31344282538297336,0.05291689490192975,0,-0.54255982646865,1.92352856367252
nort2745,yuka1259,-0.7216770749389134,0.026179797091987703,0,-1.3431544038675,2.044281116434695
nort3047,afro1255,1.253251812950249,0.04239422239741628,0,-0.0535963395165,1.602744902958825
nort2980,quec1387,-0.8135090876504479,0.05842079238171889,0,-0.2360773487475,1.77923078138188
nort3139,afro1255,-1.1032879578179529,0.040210982364524486,0,-1.109358528205,1.558768250205485
nort2845,aust1307,0.5426898603682286,0.04180513341000471,0,0.23747006203775,1.59576211612807
nort2671,ural1272,-0.6724117806502135,0.048725888836054485,0,-0.5852576214475,1.5926980548578298
nort2942,atha1245,0.8914883377898808,0.04827895182500298,0,0.459228816449175,1.802026289021525
nort2847,aust1307,1.9784584056589143,0.045638965744568445,0,0.47113518560175,1.63512492537661
nort2699,drav1251,-1.0593813819427917,0.058064935913585455,0,-1.3872501107925,1.7045990691681001
nort2961,algi1248,-1.7315003393676949,0.07780978449263956,0,-2.0628680028902497,1.8621226011056051
nort2775,atla1278,2.090158471546151,0.05063721289154789,0,1.36399630745175,1.6455388332121799
yaki1237,saha1239,-0.6566723624840269,0.05800578025399412,0,-0.9573007731175001,1.884723123180855
nots1237,aust1307,1.2174749846319433,0.05469911692243353,0,0.42843864896425,1.650961578572025
nsen1242,atla1278,0.4949673679862554,0.05051228526663573,0,0.05419319180875,1.588531451747245
nuer1246,nilo1247,0.7190023608206292,0.06581623555734757,0,-0.39449059727675,1.722244351196435
nukn1238,nucl1709,0.44332724074824176,0.06410966061069302,0,-1.0979060460815,1.705031928258155
nuku1260,aust1307,1.0159023726024279,0.06019603093137222,0,0.0480943326375,1.60069020004941
nung1282,sino1245,0.4708394389102527,0.04785156088674082,0,-0.0330795453835,1.57527520286432
nupe1254,atla1278,2.190870175747089,0.05124877698700049,0,1.27487918493675,1.653355922458075
nusu1239,sino1245,0.5059172601640294,0.051280214889259726,0,-0.0142074371255,1.5524316197514652
nyah1250,aust1305,0.11537921483309846,0.041075509881422355,0,-0.2756964551385,1.574239225488065
nyak1260,atla1278,0.23843446378247196,0.049144075949549615,0,-0.0676978549075,1.60988196629128
nyam1285,afro1255,1.5022433817296958,0.04714508729666678,0,0.055539569610499995,1.6273328359086001
nyan1301,pama1250,-0.8069298097933795,0.09506112644410464,0,1.45745564314985,1.9417581509478499
nyan1307,atla1278,0.7631277379353456,0.06090476652089019,0,-0.015320450767000001,1.58224735973136
nyig1240,nyul1248,-1.6383860194319682,0.10466959339061041,0,-0.0333800671995,1.94400172410567
nyis1236,sino1245,-0.0374315997999852,0.05031291858894316,0,0.1541515976625,1.56692397012813
nyor1246,atla1278,1.0025529541432407,0.04815160168292263,0,0.04570121375,1.57910596156041
nzak1246,atla1278,2.2729119011183685,0.0588155439522068,0,1.4413921576375,1.63170980434887
nzak1247,atla1278,2.679692216150256,0.06650003373149743,0,1.481801444646325,1.6351550712288452
obok1239,lake1255,1.4475708069510533,0.1197409988319282,0,0.5393113998165,1.90315555887211
occi1239,indo1319,0.0326226045696573,0.03396209806121131,0,0.0040503841337250004,1.583272623592685
ocot1244,otom1299,0.04101696675414365,0.053656454438425295,0,-0.11806535258725,1.790245906896485
oriy1255,indo1319,-0.7014209582166377,0.03504894816619826,0,-0.5882453285107501,1.61304574318695
ofay1240,nucl1710,1.3017643589551473,0.06205846920707377,0,1.02661706055925,1.87503255473049
kalm1243,mong1349,-0.05353349422728685,0.04248946656884244,0,-0.806202005564,1.731524577049365
okan1243,sali1255,-0.4877811179559214,0.05949929553322353,0,-0.42832683318725,1.839568647164515
okoe1238,atla1278,2.0474769746909045,0.06049692391753148,0,1.2920846753387498,1.650463940086955
oksa1245,nucl1709,-0.7294296862438726,0.06193202533753365,0,-0.83873875163,1.70419578520019
oloo1241,nucl1708,0.7592409295069941,0.09239240010236871,0,0.057525780465,1.8175988676083752
olut1240,mixe1284,1.1136090097217402,0.05461586098511411,0,0.87605054146175,1.8622954817319899
omie1241,koia1260,0.0147041216608651,0.047002804088546395,0,0.24055566416250002,1.845223036188385
bira1253,bira1253,0.591359214093413,0.059504900627720764,1,0.825061340475,2.143854059050515
onon1246,iroq1247,-1.6481346996464032,0.07056018746366036,0,-1.51515299189,1.88597685966984
orok1269,nucl1709,-0.011556657767217801,0.060612553230274466,0,-0.7830074224315,1.7118998611406502
orok1267,nucl1580,1.00564831991876,0.04802706006299432,0,0.50654173683675,1.914130858769615
orow1242,aust1307,1.52479998023696,0.05419856548326178,0,0.355547812481,1.654474633780345
otta1242,algi1248,-2.0498088485805983,0.08544917443571147,0,-2.06329592081765,1.85430233925355
owaa1237,aust1307,-0.1377874714930324,0.04014658185778972,0,0.150734729894,1.62418405261189
paaa1242,afro1255,1.5818708556502594,0.045447853909684734,0,0.04650219387085,1.615224370681695
darl1243,pama1250,0.6980801760443305,0.07233453758191895,0,1.79125973406525,1.978564432409765
paam1238,aust1307,2.3383671249349005,0.07266304080178652,0,0.45817320912924997,1.66741659808697
paas1238,atla1278,1.7305131818579622,0.05893645979073049,0,1.0718625649520002,1.652848551019505
paco1243,aust1305,0.2473185581807368,0.023258917350704848,0,-0.21593525666125,1.576598741814525
pagi1243,atla1278,2.717820740201108,0.04735001663797165,0,0.6438033378925,1.613881695906005
pagu1249,nort2923,0.1313743403070431,0.13520717256678177,0,-0.36008972849825,1.79458057864325
pahn1237,hmon1336,0.01662564103036525,0.02952641081531825,0,-0.7512541871927501,1.6578951894836251
pala1344,aust1307,0.4934829282468479,0.0536864956162588,0,0.17235943070100002,1.64706191338413
pali1279,araw1281,0.2825418443648231,0.05340596315400662,0,0.56148465067225,1.80045529023469
balu1257,aust1307,1.904451367242997,0.04781086784735981,0,0.44137078342275,1.65339489150792
pamb1243,atla1278,2.2809641690365257,0.054282198871720526,0,1.48509081662,1.623376018419075
pamo1252,aust1307,-0.34941816124751,0.052668919177898676,0,-0.45040912139375,1.620520905952145
pana1305,utoa1244,0.864710768846346,0.05868094695519839,0,1.20967212000725,1.7712435615905902
pana1307,nucl1710,1.3640299153056752,0.042079798177870956,0,1.2153730497655002,1.8628356074625652
enap1235,cari1283,0.48857238983013884,0.05789844054701158,0,0.469968752609775,1.769352884723065
pang1290,aust1307,0.4833942259634864,0.06399097894816334,0,0.14271442225725,1.62988298532506
pang1291,aust1307,-0.3929027593802592,0.04542861463038076,0,-0.37926963629275,1.616000058731425
pang1287,atla1278,0.2726854472135242,0.04883876810027911,0,0.29306554812249996,1.57944225757711
pano1254,pano1259,0.0968297916320901,0.051500794923985724,0,-0.574034398792,1.754583404199055
papa1238,toto1251,0.6438003871748765,0.057136832713548726,0,0.333390731489225,1.826786276693305
papa1265,aust1307,0.2468066239838046,0.045312993661632106,0,0.00238814955238,1.6286875873869051
para1311,tupi1275,0.7136849123142046,0.055320890325460705,0,0.18983019404975,1.77375281366071
para1302,sino1245,0.13254902417982778,0.03620559267969078,0,-0.251510612226,1.585053384221265
pare1272,araw1281,0.44638313929488305,0.05214004666575161,0,0.31566767745375,1.79242824786658
pate1247,aust1307,0.5360226254154978,0.04774916247017405,0,0.32708955208725,1.646218071968125
patp1243,aust1307,1.0176546557887214,0.053131836293369025,0,0.399648119189,1.64877981686337
patt1248,sino1245,-0.19590974657368015,0.0457927189894459,0,-0.40550041164265,1.5970796145494
paul1238,aust1307,0.9385490639982076,0.05057010062160124,0,0.25298890169099997,1.6420253412623351
pawn1254,cadd1255,-0.38010977302421045,0.05946250593759289,0,-0.624805283053,1.921970201861115
pech1241,chib1249,2.3719563297002613,0.07360354796900119,0,1.6215085951625001,1.88762998278561
peer1241,atla1278,2.1051363063044386,0.062059247691874916,0,1.19372707635925,1.62988081682578
pela1242,sino1245,0.298794242047028,0.06896638146821599,0,-0.34586596986624996,1.55805409796018
pemo1248,cari1283,1.1899628479312545,0.0638323819670322,0,0.54281104501125,1.777580919840865
pend1242,aust1307,-0.2699758783596204,0.050059765179565806,0,-0.6137831019407249,1.626095774495765
peri1253,mong1349,0.26781352773030614,0.0457614465341166,0,-0.7244250575192499,1.726082743858075
pich1237,araw1281,-0.4912359074761501,0.05588454347905511,0,0.45697740527999997,1.77931333265824
pila1245,guai1249,0.33368993490683296,0.04487073431059748,0,0.02783365898515,1.866685651795465
pima1248,utoa1244,1.1851335726075567,0.07947509701791756,0,1.071126478976125,1.776541036256785
pina1252,piaw1238,0.13096076334273615,0.047704342462967814,0,0.235819804552,1.86367762300733
ping1243,aust1307,1.0540169419290426,0.03856384120301493,0,0.4338506693,1.617961703885175
pipi1250,utoa1244,2.4433834110974995,0.07056885442394113,0,1.2322633328725,1.76579173448312
pite1240,ural1272,-0.6320842149336771,0.03958148322179746,0,-0.5769503121084001,1.585402486280525
plai1258,algi1248,-1.2045085502639619,0.06164044104852933,0,-2.03558363828225,1.864527261097785
pnar1238,aust1305,0.0173606876229865,0.038459863341509436,0,0.10552132652974999,1.56496186182212
pohn1238,aust1307,1.0839563165023036,0.045588684300722146,0,0.434329074965,1.6168605879335751
poko1263,nilo1247,0.0809117212487591,0.0703234979534911,0,-0.24139409077750001,1.7189040639595001
poli1260,indo1319,-0.8235687057468442,0.03479759610151862,0,-1.250256397125,1.628413910691075
popt1235,maya1287,2.3019506196724,0.06622809158630544,0,1.546037088522075,1.891848857830455
port1285,aust1307,2.3719935158939425,0.060163603073292694,0,0.41887015041325004,1.64793759834728
port1283,indo1319,0.2701724391061302,0.0366289324655208,0,0.030408551286625,1.587474761491685
psik1239,afro1255,1.0604835738768033,0.0464105727851082,0,-0.27362074418575,1.59991847166713
puin1248,puin1248,0.2522601606698127,0.04739576592117496,1,-0.025330744567750002,1.908252967928
puka1242,aust1307,0.6341338695973293,0.049812058157818556,0,0.1406804608105,1.60533740454301
pula1263,atla1278,1.597432987302796,0.036319839875923514,0,0.8628148130497499,1.656148254939495
pula1262,atla1278,1.4573408249871296,0.03146258247527578,0,0.8624634136485,1.65845785914689
puma1239,sino1245,-0.369769500248546,0.0656214254158379,0,-0.3960128706955,1.605654917767745
pume1238,pume1238,1.33578723976468,0.05102335430027256,1,0.6948379533325,1.9261791431025301
pure1242,tara1323,1.0283886128702404,0.05085645530651942,0,0.3843854708605,1.9114557917109751
puri1258,sino1245,-0.1676216571464083,0.046437608638967696,0,-0.5684957804199999,1.575640941683615
qanj1241,maya1287,2.2214469063021616,0.057925165757325,0,1.54169082631725,1.881722752389705
qawa1238,kawe1237,1.0404974400818414,0.04809876352647277,0,0.5851856991275,1.94668753494587
qima1242,afro1255,0.29429073771584396,0.026838378818459584,0,-0.9084054557179999,1.59494345954384
quer1236,otom1299,0.1195901621471301,0.060274086922413525,0,-0.24035396588574998,1.7790428176018
quio1240,otom1299,-0.08588810613507805,0.05561569040214333,0,-0.2692270332065,1.798757969630155
rabh1238,sino1245,-0.17064026007551414,0.02913315733982758,0,-0.008763731262500001,1.5672970436279798
rade1240,aust1307,0.5962103688442413,0.0626791499211564,0,0.1750636382305,1.59359417540843
rama1270,chib1249,2.5115109046570456,0.06207862476600227,0,1.78154302878325,1.86789032159407
rapa1244,aust1307,1.1762571772818768,0.041645270620581834,0,0.21606840261625,1.605501834937455
rata1244,aust1307,0.1184689871928934,0.0671286925659198,0,-0.30138343816125,1.63222466311934
raut1239,sino1245,0.1845745748691886,0.06109081850737797,0,0.134823004399725,1.60717238184758
remb1250,aust1307,0.0130314622640914,0.05194761497952839,0,0.0865720015485,1.6317618523875699
reng1252,aust1305,0.2249529119893432,0.04682996639732808,0,-0.1871676038685,1.567143119457005
renn1242,aust1307,0.8134184269247788,0.04629820420223292,0,0.24159797005925,1.606355700720415
reye1240,pano1259,-0.4793611784253071,0.0624180107732929,0,-1.0177971809352502,1.7904228097547499
rian1263,kolo1268,1.2559120463496078,0.07232703504119913,0,0.80310885560175,1.9274853545729052
rikb1245,nucl1710,1.3531565351275172,0.06786673407013688,0,1.0767463942950002,1.872352382358745
beka1241,aust1307,0.18339804197064985,0.058259313049110355,0,-0.27850178269025,1.62123156365788
roma1326,indo1319,-0.01256601171985935,0.04269905657873046,0,-0.00126273947597,1.592849511266195
romb1245,aust1307,0.26292733135283264,0.06222637060143935,0,0.050517190478000004,1.604536792311615
ronn1241,afro1255,1.687141310579119,0.03406665672434836,0,0.031581572234500005,1.6239201101647098
rong1264,sino1245,0.2665063856024812,0.04188087269558338,0,-0.3482208814586,1.58917916011898
roto1249,nort2933,0.44254362940720315,0.04578005667468868,0,0.8131823027545,1.9466186841791902
rotu1241,aust1307,0.8340304199312802,0.053179647829937504,0,0.18313552048600001,1.619873309946375
rovi1238,aust1307,0.952457562066237,0.05785199557921032,0,0.4014144026705,1.64662041912626
ruch1235,aust1305,0.8722196516392153,0.028704014077025244,0,0.1558733795005,1.55161253258761
ruka1240,aust1307,-0.2166138531554983,0.05090382442717249,0,-0.15578707279975001,1.6977592265586599
ruma1248,aust1305,0.32675429516550913,0.021317445823060062,0,0.08277182066575,1.554669273050695
rumu1243,tura1263,0.9350231770250426,0.08555860019670611,0,0.493681267865,1.9457470054172
rung1258,maba1274,2.193119176216073,0.05877670713498605,0,0.793214868875,1.927256450790555
russ1263,indo1319,-0.2775556201958985,0.03704951624007031,0,-1.25337207891,1.60994033517228
saaa1241,aust1307,1.5826969054503754,0.05424719856426172,0,0.446474944755,1.639005015057895
saaa1240,aust1307,0.6367864210411682,0.05492836127141522,0,0.2263839784085,1.6190071453819201
saar1237,aust1307,0.736694511468158,0.05351288864493459,0,0.197883728314175,1.6929222696537098
saba1268,namb1299,0.5298440179614279,0.05526774640784193,0,-0.1294519216325,1.87351099123065
sais1237,aust1307,-0.2177638383600773,0.06527479175083567,0,-0.20183787468050002,1.7031753843623298
yaku1245,turk1311,0.836965869130369,0.04538445704796493,0,1.3117228383455,1.7066440487369001
tsis1238,atla1278,2.1422380269983092,0.057962031684486125,0,1.295725372139,1.65910446013605
samb1311,atla1278,2.166842806307102,0.045000444621020264,0,1.282401863654,1.70173923321162
samb1305,atla1278,2.093633959048311,0.05681603565890718,0,1.120832263655,1.621407280113345
samo1303,east2433,1.0778376602132005,0.04688266732226972,0,0.4544839686369,1.924473247733505
samo1305,aust1307,0.08606219467412166,0.052529757854218845,0,-0.021432748098750003,1.6026295499251049
sana1295,afro1255,-0.16982394886474572,0.04285321660532775,0,-1.0031721924395,1.5403584965361898
sanb1242,chib1249,2.558892914023918,0.038866733942637406,0,1.8379633566075,1.86087631432669
sand1273,sand1273,-0.3476920900025354,0.07644797023885085,1,-1.0919621494025,2.074647234400675
sand1278,huav1256,0.9481578773051228,0.05557374392718506,0,0.669513939485,1.90089166457223
sang1331,atla1278,0.9035447047381471,0.04900443847811143,0,0.538315615725,1.60929207278044
sang1321,sino1245,0.43392608184148296,0.048636980167340055,0,-0.1233618399385,1.57916245557676
sani1269,sino1245,0.8003586493218067,0.036673289619605566,0,0.015576568414999999,1.5580013672854252
sanm1301,otom1299,0.27230975152881964,0.07099959593612115,0,-0.120461174956,1.80668142381716
sanm1289,quec1387,-0.7947468518567224,0.07087680829993682,0,-0.25290030032892497,1.77376405962558
sanm1295,otom1299,0.12280745434148985,0.08524156176323469,0,-0.12557850738999998,1.80010954240036
sant1410,aust1305,-0.5104800359271657,0.020523350609357307,0,-0.620091986596,1.59375032310785
sant1451,otom1299,0.050134916174080654,0.05813662479749737,0,-0.240213747470155,1.793819591513715
sant1436,otom1299,0.34463914211052304,0.051504065854816976,0,0.08399182502,1.792380393708615
sanu1240,yano1268,1.5088895633965906,0.05712195706932115,0,1.00366935252225,1.88386206444479
sapo1253,aust1307,0.43446282456005125,0.05109595682822215,0,0.29821292432625,1.64777329361175
sapu1248,aust1305,0.5055676857452385,0.024628942526005927,0,0.0495749904275,1.550090365004745
sara1321,cent2225,2.3289570174694516,0.06601180817842926,0,1.24771863010575,1.657906443095335
sars1236,atha1245,0.04597669669944095,0.04845142550686514,0,0.41575782310075005,1.80370501046485
sasa1249,aust1307,0.1972452255222992,0.049893444019399984,0,0.15858506433675001,1.621820159477535
sata1237,aust1307,1.5363818627293195,0.05082769533031967,0,0.4573601699875,1.620058333049345
saur1249,drav1251,-0.9185379322130387,0.05355969226318925,0,-1.41304624243425,1.701221424271195
savo1255,savo1255,-0.0022753380651985003,0.04471063721564442,1,0.90363036102825,1.95361173824509
saya1246,afro1255,1.6098034870065079,0.052300830805753894,0,0.04127308551475,1.644562430945595
seda1262,aust1305,0.21397496826231355,0.03675523494649505,0,-0.19151230925425,1.567532115418265
seim1238,aust1307,1.4783518783540686,0.048067126473996344,0,0.32645484422275,1.6520584422993752
seke1241,aust1307,1.586604117609756,0.040749520365465815,0,0.44552367072050003,1.63715002958843
sekp1241,atla1278,1.8657442580597998,0.03956368620503228,0,1.1378186535955,1.65007024289947
sela1259,aust1307,0.6255387705098571,0.04924470547395272,0,0.20843660077775,1.6415810791152698
sela1260,aust1307,-0.35658486688846425,0.07189310895389643,0,-0.30081601383975,1.619335446613505
sele1249,atla1278,1.868092846385946,0.039326469797824705,0,1.13867227504175,1.64796634949725
selk1253,ural1272,-0.08478547585061595,0.03423849733487812,0,-0.5519752608317501,1.692413545492445
sema1265,aust1305,-0.34091803254561626,0.03169919419012731,0,-0.42528869081925,1.573193106994075
seme1247,aust1305,-0.4605430427372283,0.04330653920052618,0,-0.42016862331285,1.571692964550165
sene1264,iroq1247,-1.7506419590748676,0.07909933737104725,0,-1.50936424512225,1.88216039447903
seng1281,aust1307,1.646562564890246,0.04923799617794526,0,0.43374432693935,1.656124879763175
sout1528,indo1319,-0.29946216805432785,0.028090289806125043,0,-1.0967963564357501,1.61939530902996
seri1257,seri1257,0.7234657016500479,0.04477911928017994,1,0.287092553027,1.9113081455709748
seve1240,algi1248,-1.5958425519031048,0.07766718185957978,0,-2.0658796639565002,1.857064985531785
sgaw1245,sino1245,0.4332701361477611,0.03741861983096483,0,0.02064574047315,1.57853119358899
shab1252,shab1252,0.29864125083380094,0.06263267989125833,1,-1.1713379700225,2.102003020114465
sham1280,atla1278,0.31490772737209427,0.08462160409549026,0,0.12128674613250001,1.583754890768005
shan1283,pano1259,-0.5673448651416388,0.06049536607225478,0,-0.63688065663725,1.7417236752281449
shaw1249,algi1248,-1.8627846767678526,0.06955683793360508,0,-2.030856037917,1.86643181855579
shee1238,hmon1336,-0.1275623294224564,0.046702808221933775,0,-0.5314496768775,1.6566471682194401
biao1253,taik1256,0.4197380382042917,0.053952571302041306,0,0.33291662002,1.69368092683461
shil1265,nilo1247,1.1698758851253104,0.05469395499345452,0,-0.15398361497325,1.695816570301105
shix1238,sino1245,0.6563121297877395,0.021780442794117717,0,0.18167907267025,1.58778966639561
shol1240,drav1251,-1.5358852758636106,0.057855255454240626,0,-1.865282867665,1.672349864616025
shon1251,atla1278,0.8409973356694295,0.04445971874841411,0,0.2490232857775,1.580017675000865
shor1247,turk1311,1.1723190638348548,0.05181323359134668,0,1.33071294367225,1.70330477347662
shos1248,utoa1244,0.5377324933772747,0.05984350785165021,0,1.2101791473849999,1.77150057837373
shua1257,jiva1245,0.10828303422512825,0.04721370914685846,0,-0.35965357594075,1.8202201063962948
shwe1236,aust1305,0.5267423531687058,0.025881271160301814,0,0.157292006368,1.5411260634263648
siam1242,siam1242,1.249824450014316,0.04885280322332279,1,1.36218400613265,2.033858182197685
siaw1243,amto1249,-0.07453085266557186,0.06306049247517713,0,-0.2031514126935,1.904588781946845
sich1238,sino1245,0.6548516400034219,0.022271378111302823,0,0.024840585503,1.55264184882631
sici1248,indo1319,-0.6178604478927918,0.04518604334024447,0,-0.10259837204452499,1.5865419611697948
siee1239,aust1307,2.044322511107628,0.05185616907119711,0,0.41227119345700003,1.653990009144455
sier1250,otom1299,-0.09713568701820735,0.05200718775461359,0,-0.2911028541575,1.7956982821311351
sier1248,utoa1244,1.3633571634457764,0.06849053006551743,0,1.2604997479305,1.765320712087485
sika1261,aust1307,0.41940327558059076,0.022829613410751407,0,0.0561802958455,1.62169622443009
siks1238,algi1248,-1.2538901062857586,0.05765519515638748,0,-2.0461192334225,1.85275170812855
sina1266,aust1307,0.36999203693047666,0.05934576176031618,0,-0.4946751270525,1.629438593222865
sini1242,mand1469,1.9766942409275143,0.06433476974351908,0,1.562040181385,1.738855098075605
sioo1240,aust1307,1.5607240589546447,0.0472158207196759,0,0.486871810423,1.64496013067045
sion1247,tuca1253,0.09178482948430375,0.04279062358623058,0,0.01026742088025,1.794776333099655
siri1274,tuca1253,0.987427257569794,0.07373624553657156,0,0.17770467513525,1.7912707109919852
siri1273,tupi1275,0.5719159369876914,0.047086024671714355,0,0.259320800473975,1.772127466364965
situ1238,sino1245,-0.2705595803340429,0.032284618239138155,0,-0.21902845131999998,1.5945160975153252
siwi1239,afro1255,-0.3042436653877197,0.0345340474716617,0,-0.67250744798,1.637089021691515
siwu1238,atla1278,1.8795326904315954,0.05233167931902454,0,1.1281088843862501,1.648881617939285
siyi1240,sino1245,-0.012487921434839951,0.04161734113553309,0,-0.13055576165275,1.5767203200718
skol1241,ural1272,-0.4822733602786726,0.0299065603913574,0,-0.5086623609601499,1.5946562134701
slov1268,indo1319,-0.4183100435657735,0.02786070264488646,0,-1.1565263578755252,1.6187957643876252
sooo1254,aust1305,0.2630864081268629,0.024932542683430974,0,-0.13510680927625002,1.565689449113485
sobe1238,aust1307,1.2892059623975543,0.053454951936554605,0,0.091162562060255,1.63868459122877
soch1239,otom1299,-0.0584742234019508,0.05516043097911855,0,-0.27460770209374996,1.7952333652487051
soga1242,atla1278,0.512818714209602,0.05035590607751848,0,-0.0495894272175,1.589460676696305
soni1259,mand1469,1.6036256320863038,0.05919278424918548,0,1.56095451041725,1.736649371262305
sons1242,aust1307,0.8035971397753201,0.06139315056910007,0,0.38432740484875,1.62123113408405
sooo1256,kuli1252,0.669643750084391,0.051865983747184444,0,0.8232793476817499,1.933620232657615
sora1254,aust1305,-0.32934874365306355,0.03641794197395461,0,-0.5189331523375,1.5701578225863
koon1244,atla1278,1.2521836424954678,0.05100780445221301,0,0.57484063184875,1.5988423442056652
sout2859,aust1307,2.3561521541729893,0.059170771725368325,0,0.44621108460975,1.64563385604052
sout2976,utoa1244,1.7895229404456146,0.06099824443115828,0,1.0974349234199998,1.782036642782995
sout2996,ayma1253,-0.8004354561980948,0.05031756683390951,0,-0.60756451796475,1.8589798206376749
sout2730,sino1245,0.6720559830033872,0.043523899060980524,0,0.27274489793537504,1.58591390064226
raro1241,aust1307,0.22381002023565172,0.050843570103931535,0,0.102677793668025,1.607333420483565
sout2826,krua1234,1.1413681836764948,0.07077078512407825,0,1.0178813806515,1.67697093932777
sout3236,gumu1250,0.11234236524838465,0.05346295753849962,0,-1.20671664731725,1.95020774629297
sout2956,haid1248,0.4563482057635402,0.0505297602478987,0,-0.5045458384285,1.8726133266434002
kach1280,sino1245,0.39582432606844054,0.049925904755866356,0,0.05209297047425,1.5624381690097149
sout2994,namb1299,0.5175343276834403,0.0682836703631173,0,0.159477594932875,1.8791017881446899
sout2649,indo1319,0.5548739521100171,0.04118204694490404,0,-0.20720745347195,1.6585588164175649
sout2729,sino1245,0.7351714998469894,0.02811653734449379,0,0.13010503563749998,1.58577569760565
sout2728,sino1245,-0.025033906087386197,0.0436726369062034,0,0.061286391080250004,1.5742256372194
sout2918,aust1307,0.5080585618902427,0.04911990367634064,0,-0.3508139790465,1.608065568359005
sout2985,miwo1274,-0.5190697820554855,0.06120411864078765,0,-0.8408896287875001,1.88565634251605
sout2807,atla1278,1.0146617867587833,0.04612188593371442,0,0.237581034918,1.574213385388735
sout2679,ural1272,0.27842856093831736,0.033519293756354526,0,-0.039879494978249996,1.59571427504471
sout2782,atla1278,1.9036330975148408,0.06573422235931739,0,0.6683499929850001,1.6689809407602652
sout2895,aust1307,1.0009635553630378,0.04512809285481014,0,0.2542057868,1.64571414122844
sout2674,ural1272,-0.45335811067359477,0.043624063295899726,0,-0.57551405572925,1.59137825861949
sout2959,atha1245,0.8293138340491121,0.05766786798784449,0,0.4612585340505,1.80299884799059
para1301,aust1305,0.765587108291196,0.029505190295134084,0,0.17326133498675,1.5537110539013699
sout3261,nakh1245,-0.0235620115201423,0.03695689429656687,0,-0.30287057769425,1.711351185900115
sout2869,aust1307,1.9361829146552458,0.05591005785468798,0,0.4684500158725,1.627757185640605
stan1318,afro1255,-0.4496612812594776,0.03931146734656363,0,-1.00107472794075,1.542392369298355
indo1316,aust1307,0.268572179785426,0.05345177954428823,0,0.06579617897824999,1.5722835743684649
stan1306,aust1307,-0.0733449314321454,0.04512062383503538,0,0.06367085316400001,1.571568764807545
suba1238,atla1278,0.28988840625156004,0.052927434888128864,0,-0.083374130745,1.596330412625605
sund1252,aust1307,0.3097250645613506,0.06478603472460233,0,0.073576927141,1.62699649126768
mari1426,aust1307,2.2415392486003416,0.05424527760825262,0,0.4671870421984925,1.656878908910525
supy1237,atla1278,1.5594053769439469,0.07521312889721178,0,1.3709836449885,1.634761791035185
surg1248,ural1272,0.2454671896865644,0.036495718159621604,0,-0.09674867311025,1.660092918714355
susu1250,mand1469,1.2592790450681723,0.05960022181061303,0,1.5339971590575,1.737289066752985
swah1253,atla1278,0.2071064295199613,0.04347762270403882,0,0.0477319820965,1.574934305517885
swed1254,indo1319,-0.0220679667894631,0.042903537526934585,0,-0.1178890213405,1.604106901012735
taba1263,nort2923,0.3470570956885435,0.08533833852021525,0,-0.272420359692,1.7895957277121899
tabo1241,tabo1241,0.13773193028417458,0.036141238390828466,1,0.818191834619,1.96192949731284
tafi1243,atla1278,1.9216310570865214,0.053542766052393144,0,1.12835066115525,1.646148033420135
taga1272,aust1307,0.5656859028959458,0.051132886228338274,0,-0.113800353650375,1.614934833307485
tagi1241,sino1245,0.24866694459195682,0.050872518624609404,0,0.1886047158435,1.5658909421432399
tago1246,rash1249,1.534823370448396,0.03787264454618334,0,0.57873761612,1.976348124891695
tagw1240,atla1278,1.621641816934184,0.06752200664880423,0,1.37256727485475,1.6428213436095551
taha1241,afro1255,0.6322789373373903,0.033633928601023655,0,-0.5426545696135,1.633465055540075
tahi1242,aust1307,0.933751485931656,0.04179382758919936,0,0.2170547668537,1.602406808300745
taia1239,taia1239,0.10228108389885525,0.05574720641141313,1,-0.27993190929125,1.887959911430435
taji1246,aust1307,-0.29029104173235465,0.05180293804389911,0,-0.615617948628,1.620275782153835
taku1257,aust1307,1.0979311313900078,0.06162582344628154,0,0.13970556725375,1.6057686397066702
malo1243,aust1307,2.3154165556901045,0.05545960410039961,0,0.4871380795115,1.652520083834685
tama1365,afro1255,1.1099501914128975,0.04601153463651101,0,-0.5633712521459999,1.63006513422457
tami1289,drav1251,-1.5162503811164656,0.075579341710264,0,-1.8946568940019999,1.663982051126295
tane1237,aust1307,1.3927550867933869,0.05099807860053079,0,0.37609167724125003,1.65708787410223
tang1377,sino1245,0.14468122309299536,0.026258295179793296,0,0.205705673952,1.5728287585161551
tang1373,sino1245,-0.08490441174057264,0.05185310381735817,0,-0.17422771508149998,1.583455146755825
tani1257,tuca1253,0.551546261280337,0.06157849252860142,0,0.329723834351,1.79097860937608
lowe1412,aust1307,0.38815497843235125,0.054400493431715456,0,-0.032162462375,1.61890783086197
tari1256,araw1281,0.5136986421336438,0.05250286675159054,0,0.45985474232074997,1.771640235555585
tari1263,afro1255,-0.4498493464983371,0.030809145191497817,0,-0.87433681616925,1.640994521959375
tata1257,aust1307,0.6345399952015252,0.04716243408005747,0,0.02092459323305,1.629396993305995
taul1251,taul1250,1.1704589250942834,0.11058138981779143,0,-0.5891515316935,1.9227519598308351
taus1253,taus1253,0.3437528010200792,0.0432168867819986,1,0.707780170406425,1.924134020930735
taus1251,aust1307,0.5720150627570104,0.06562296991990316,0,0.052640733883,1.60372416322534
tawa1286,afro1255,0.857169297114621,0.028016746610602845,0,-0.5869147200575,1.62318044495342
diga1241,sino1245,0.210480570537335,0.051960240384830804,0,0.2130874075745,1.59147514085782
taya1257,afro1255,1.0230534780477232,0.050298159228521565,0,-0.56164277385,1.62567519052652
tbol1240,aust1307,0.5541996054294611,0.08141699140369385,0,0.011353793620899999,1.62654604957472
tean1237,aust1307,1.373352905645715,0.051663781576175294,0,0.36278274873075,1.65706510073595
teda1241,saha1256,1.37815557154015,0.037714995538903,0,0.23673562137475002,1.7915316417310398
tega1236,rash1249,1.5087974378848787,0.04143488281711464,0,0.572312155055,1.97318376438621
tekt1235,maya1287,2.127208609596698,0.05112407260639507,0,1.540755555886,1.89723039226127
telu1262,drav1251,-1.1985953783236962,0.054907233670805286,0,-1.7741401525259999,1.6858761153364652
temp1235,aust1307,-0.009750122785429,0.06339992718703247,0,0.1096514943415,1.620872031920375
tenn1246,surm1244,0.33850750723991674,0.04311827960044745,0,-0.833953745045,1.7467007202139748
teop1238,aust1307,1.0353868879301666,0.0566972566320169,0,0.08451678533025,1.64464288403736
tera1251,afro1255,1.3070887878955004,0.04659345261685515,0,-0.07910241988925,1.5988383026398951
tere1279,araw1281,0.17747135240654183,0.05566625817628944,0,0.545117286304,1.7898763228377552
teri1250,chib1249,2.4090082181138697,0.07448053153562384,0,1.8219709211517499,1.8613169693083051
term1237,aust1307,0.1298618726511881,0.04813127144449169,0,0.345503197927575,1.642799887646945
tern1247,nort2923,0.37839067299376095,0.1017430641921974,0,-0.1119334715892,1.82196985754874
tete1251,utoa1244,1.8010735129203854,0.06622864605784158,0,1.2728168993870002,1.77639692065763
tezo1238,otom1299,0.294052233791149,0.05987570498018957,0,0.077386829221,1.80414909185503
thad1238,sino1245,-0.017494133572095,0.034200840646366824,0,-0.14843215501367502,1.58027193411634
thak1245,sino1245,-0.1470309824992636,0.050750402553053194,0,-0.7291335476465,1.591720399853825
than1259,sino1245,0.1056764292503031,0.04216461235300174,0,0.200069537803,1.59234619188275
thao1240,aust1307,-0.27650750900200516,0.04908756270613261,0,-0.1436126924432,1.6837879861656702
aheu1239,aust1305,0.06582202467702715,0.038911666390707735,0,-0.3076702663325,1.5674153998654798
thul1246,sino1245,-0.05994406664716135,0.04737947277054349,0,-0.22222800960775,1.592134939658035
tibe1272,sino1245,-0.2575029763642992,0.0390640707932281,0,-0.56949598402,1.56732228511445
tief1242,atla1278,1.304061860833396,0.05220659911076015,0,0.8103227581820001,1.645387244219065
tief1244,atla1278,1.3360535884853215,0.05317378309035252,0,0.89455827418375,1.64506858668944
tien1242,atla1278,1.7181962240077047,0.07008089949658933,0,0.7304575807255,1.600655656244925
tiga1245,aust1307,2.03310919065526,0.05514669555428127,0,0.355056299410695,1.6501854791436301
tigo1236,atla1278,2.034519984530216,0.05321501838059513,0,1.2979321776115,1.6466228312454598
tika1246,atla1278,1.8814425725935968,0.04224952315181877,0,1.263451969646,1.7017948067019502
tiko1237,aust1307,1.6347043478144796,0.047302584941681595,0,0.24037004076149998,1.6041287054054552
tilu1238,sino1245,-0.4529155456562573,0.05180898385954918,0,-0.32548265432074996,1.5806613707447048
timn1235,atla1278,0.8966612518725375,0.04124160660802503,0,0.37747812852775,1.6458347544897949
timu1262,aust1307,0.61937658570309,0.050798942780403256,0,0.01965987385135,1.620532279611395
tina1248,aust1307,0.3005151829932434,0.0619128571830082,0,-0.167291404236,1.623104724735075
maee1241,aust1307,2.3298164653752265,0.053677982909634846,0,0.43118807864875,1.642025141178195
tiri1258,aust1307,0.6303693119859601,0.06010602723276298,0,0.2581973690005,1.647766221713585
tita1241,aust1307,1.8525427498159694,0.06698272364021557,0,0.43988071095674997,1.641874161844965
tivv1240,atla1278,2.104105995047175,0.05937315845359145,0,1.0974688250667501,1.70747715084374
toab1237,aust1307,-0.0821471880331172,0.05089021988230334,0,0.2777416729255,1.62279048117839
toba1268,leng1261,-0.3195583091084297,0.05305437426372029,0,-0.06584618279275,1.89756374182557
tobe1252,nort2923,0.27229268257990774,0.07768678768830974,0,-0.35762230855224997,1.79623360059849
toho1245,utoa1244,0.6472991664683851,0.05919431755794651,0,1.0375415050524999,1.774331272071925
tojo1241,maya1287,2.0962917033499897,0.056357660673360004,0,1.53553131259975,1.8944241763421652
toke1240,aust1307,-0.5988525379948836,0.025964206344024143,0,-0.011098413672125,1.59805257627049
toll1241,jica1245,2.060139191886601,0.08325173957520929,0,0.584920613795,1.9159873973422799
toma1245,mand1469,1.6205254505056255,0.050748669542051796,0,1.5603295095565,1.7352987810994551
tomm1242,dogo1299,1.2353672722834272,0.06718643184722117,0,-0.19030755522115,1.89988522945847
tond1249,song1307,1.540101235092588,0.06306609568959362,0,0.6473994525035001,1.7492343085491249
tong1325,aust1307,-0.5068160389684766,0.04976573752645882,0,0.10370724112577501,1.5978461695666901
toor1238,atla1278,1.0298810557218494,0.05095066201299102,0,0.04897939610855,1.57565437294872
tora1259,aust1307,1.1168460748287727,0.04968055844709441,0,0.41782947059630005,1.64209893487815
tote1238,atla1278,0.7867888900673916,0.04550340761964126,0,0.032829971292,1.573943975776505
toto1302,sino1245,-0.0125099051509847,0.05019874361039613,0,0.1959103683515,1.59685366242577
trin1274,araw1281,-0.1045390777264234,0.06274633026994568,0,0.551645101977,1.7852201318043401
trio1238,cari1283,0.35245030925529386,0.08104875796135602,0,0.55237897612575,1.78938219076925
trum1247,trum1247,0.35600901541696295,0.06573862487445824,1,-0.26549538684925,1.8886599516552351
colo1256,barb1265,0.6279680543161652,0.0488833007304463,0,1.1058752121625002,1.90321093782565
tsat1238,aust1307,0.47255318071319424,0.05439203928717829,0,0.2226432449385,1.590928017423755
dido1241,nakh1245,0.09654410651787054,0.041081398777116335,0,-0.13589082092674998,1.6918097493628799
tsha1245,sino1245,-0.166513305406403,0.053830805952549174,0,-0.58207225716775,1.594062870531265
tsix1234,khoe1240,0.009037061548158,0.043557504615936285,0,-1.343653396244,1.957232304319715
tson1249,atla1278,1.087283876707387,0.035446689488858846,0,0.165570257646,1.57905801254769
tswa1255,atla1278,1.0365650913537077,0.03545453440922216,0,0.1619792637895,1.5767532564218452
tswa1253,atla1278,1.3982294246963698,0.0486296784813464,0,0.23551837912024998,1.569319983722995
tuca1252,tuca1253,1.0411553136886784,0.04965656196961413,0,0.351041615795,1.79659604091222
tuge1241,nilo1247,-0.3427703906982048,0.09279249909899805,0,-0.35048579113575,1.70982565012931
tugu1245,aust1307,0.579016219258486,0.04794610957740142,0,0.348355550637,1.643491956891085
tuka1248,aust1307,-0.18184098768372794,0.06197442358719889,0,-0.53078896042725,1.630869619981575
tuki1240,atla1278,1.4187915549863501,0.05288850765273334,0,0.21448223267775002,1.63619972222247
tulu1258,drav1251,-1.5221008580066968,0.04884591679439053,0,-1.83922447977325,1.6857315101836599
tumu1242,atla1278,1.7023926488176364,0.05787839796363057,0,1.0685888973775,1.65240686478227
nene1249,ural1272,-0.2284031495381092,0.032210583853984336,0,-0.511468815149875,1.6794223809132052
tune1261,atla1278,1.5819209592763865,0.04276873031294796,0,0.3326778513725,1.6207993657297601
tung1290,aust1307,2.0335489750951297,0.047725796369840576,0,0.35479779910875,1.6436603724464298
turk1303,turk1311,1.0128457009070617,0.05485604185546855,0,1.3007089007228498,1.7014866135102
nucl1301,turk1311,0.6117484075028697,0.05209168389952769,0,1.171920214695,1.6844983724788798
turk1304,turk1311,1.375706860406686,0.045246713403553226,0,1.24897261984775,1.70161778960887
tusc1257,iroq1247,-1.6697035034278433,0.06814671350918033,0,-1.52965584384975,1.87872782911932
tutu1241,aust1307,2.328132987280823,0.056962193786600585,0,0.49142594091725,1.651384060644745
tuva1244,aust1307,-0.3795964283999498,0.03768119496481474,0,0.00823966780425,1.6000828549787651
tuwa1243,aust1307,0.5316574738639326,0.05753152052913074,0,0.057313765872500005,1.6303131891751201
tuwu1238,atla1278,1.9636913691026319,0.06734408914443617,0,1.11108089271275,1.65857115639629
uuuu1243,aust1305,0.8060469235730925,0.024176964866940914,0,0.1549709464165,1.55083971658981
udih1248,tung1282,-0.6339499576593406,0.04312669864895502,0,-1.4752606555574999,1.70268696194642
uduk1239,koma1264,0.1709872719308968,0.05085321332278539,0,-1.0234817375475,1.9490846187469648
ugon1239,sino1245,0.35957113276285046,0.04723837337404587,0,-0.0437507893305,1.595628940708495
ukaa1243,atla1278,2.1443130231706045,0.058194440968916544,0,1.2808002521650002,1.6523463655155
ukra1253,indo1319,-0.6408957811643263,0.04079283916109246,0,-1.25127150912525,1.62222038262109
ulch1241,tung1282,-0.6971069477180835,0.026581666333601917,0,-1.4962140172315501,1.709705498270785
ulit1238,aust1307,1.4838651502182167,0.05196524855520455,0,0.42619189490525,1.61637644289931
ulwa1239,misu1242,2.114550376384938,0.049295883906573953,0,0.929614129629,1.90411152722002
yaul1241,kera1258,0.5500974615304622,0.07222104441895115,0,0.7601443075815,1.9455798181555202
umaa1242,aust1307,-0.932540164286913,0.05851337105530156,0,-0.303743032037125,1.62727628048728
umbu1258,nucl1709,-0.0793166318139156,0.0585404441686147,0,-1.2028262967562502,1.7184130681106
umes1235,ural1272,-0.4906182704789652,0.046926484173286036,0,-0.5745439246040001,1.593757737008545
unua1237,aust1307,2.375944737430311,0.06059608086783647,0,0.401631097613,1.6571570823669148
uppe1275,toto1251,0.6727411540630632,0.05341523324195332,0,0.3280657830745,1.83170536116902
urak1238,aust1307,0.1784018855958702,0.04727829186575844,0,0.0817538057945,1.571476017718945
urar1246,urar1246,0.6599872830202448,0.06124105032825398,1,0.623050918705,1.92639194962044
urav1235,aust1307,2.063908338475571,0.054010589464729614,0,0.41126466131825,1.648212375130055
urim1252,nucl1708,0.7199144601015006,0.07257761603120619,0,-0.05575263455275,1.821568345096005
urip1239,aust1307,1.4452195919668092,0.04759821551188286,0,0.24468509035174998,1.637208414178545
urni1239,giim1238,-1.566256200445822,0.05189315205505555,0,0.1492735490325,1.9597462944094999
utes1238,utoa1244,0.42323826219985744,0.04700469922794077,0,1.0720430992627,1.76251199656305
kagf1238,atla1278,1.982199134062865,0.053016671162666805,0,1.2908521940125,1.6598704011875949
pile1238,aust1307,0.13171177156120534,0.0478895746236186,0,0.280987857206,1.617598305723945
veps1250,ural1272,0.11050074347462495,0.04472676990503861,0,0.093787973245125,1.5773498085362
vera1241,aust1307,2.0385632712305783,0.05754142504834909,0,0.503789113426,1.653496466133715
viem1243,atla1278,1.4401321860088558,0.11636761393394524,0,0.85699759495575,1.641556098839785
voti1245,ural1272,0.5042872363536082,0.03605316837206038,0,0.078197925838,1.591451229443205
vunj1238,atla1278,0.3562612372234668,0.05235313039687816,0,0.1285307140625,1.586902458430255
vure1239,aust1307,1.275949930613074,0.057701437709454836,0,0.50989314665435,1.64417681243595
vwan1235,atla1278,0.39764076006816673,0.04283068808534357,0,0.29630399222775,1.58355429096487
wadj1254,wadj1254,-1.6101538675641338,0.08052203974304323,1,0.10766627754625,1.95467125759673
waga1260,pama1250,-0.2930635402883292,0.06775353900463994,0,1.8719216324725,2.0160173796743246
wage1238,wage1238,-1.1202311064733683,0.08402107248422222,1,-0.038616404794,1.9568166966490699
waig1244,aust1307,1.2048058403208814,0.047013601004183725,0,0.3794893141525,1.65854449537672
waim1251,aust1307,0.7095294387180134,0.047388215739562804,0,-0.49289574211724996,1.61955829605945
waim1253,cari1283,0.6317339882001741,0.05645662007181802,0,0.56480023506825,1.7896938710423052
waiw1244,cari1283,0.3740789504831429,0.06416800779558073,0,0.4687136476105,1.77980046787766
waja1257,pama1250,0.3954038637553393,0.06653908934677866,0,1.6016796134565001,1.960762411959055
waka1274,pama1250,0.6151487294169647,0.09791114657480418,0,1.916797589868575,2.025006567099635
wala1266,aust1307,0.6576956189019348,0.05345449405337833,0,0.2680491912307975,1.6219170686756401
walm1241,pama1250,-0.9412079066585257,0.07672095081187852,0,1.3401733412115,1.935997305793415
wamb1257,sino1245,-0.34469789615939306,0.05026095465050629,0,-0.3020370709875,1.584974067451745
wann1242,mand1469,1.7680802923850596,0.04433581730823417,0,1.61910495537675,1.7800958175014099
wand1278,afro1255,1.0515597665415901,0.04091118086363409,0,-0.23825363679325,1.59278913761674
wand1267,aust1307,0.7688773603227377,0.05479027274437157,0,0.44157282724799995,1.6527441385096449
saka1289,aust1307,2.2357111917445027,0.05437759398719484,0,0.486370686897525,1.655430405469895
waor1240,waor1240,0.3289163499884512,0.059080059735137316,1,0.7370306926522501,1.92582063321788
wara1303,wara1303,1.0367186526114553,0.050571630751749336,1,0.6443334856825,1.91596117836511
wara1300,aust1307,0.7613803363207405,0.08471859264785564,0,0.035368338858999995,1.598272527488565
ward1246,yang1287,-1.753973245207907,0.09706298285022283,0,0.06142990817325,1.97695590447866
ware1255,araw1281,0.6839325345456753,0.04902441195836863,0,0.5411724232485,1.78421392898745
ware1253,aust1307,1.5612956506394073,0.06053094720300855,0,0.401928603545,1.6667592279431749
wari1268,chap1271,0.42716935730515143,0.04136308529015333,0,0.61091128344125,1.90214873962202
warj1242,aust1305,-0.22302356382981955,0.03449024773499156,0,0.024085636043749997,1.57697578569913
waro1242,aust1307,0.8323302494391697,0.04622959697879341,0,0.41800002706475003,1.665335290688445
warr1255,pama1250,-0.43029566040709444,0.09503683504578568,0,1.6676673249545,1.9699373829801399
waru1265,pama1250,-0.7018045042158861,0.07659821819557162,0,1.35331443845,1.9425860457921251
wash1253,wash1253,0.0724453554552062,0.043585377185331876,1,0.303934955591,1.90964937295057
wawa1246,atla1278,2.0538224134235374,0.04856537849193709,0,1.25473530225225,1.678126454155195
waya1269,cari1283,0.5893528255763028,0.05724756685948867,0,0.35089536580125,1.7700263646396301
wayu1241,sino1245,-0.28409938452439715,0.0496328436663944,0,-0.34457187942949996,1.58556733632832
wayu1243,araw1281,0.8140871584409257,0.04659016971680085,0,0.20294298638324998,1.7882113097204
weda1241,aust1307,0.14060928639811693,0.03589236860419298,0,-0.14244410538824998,1.62935650262149
wels1247,indo1319,-0.3015958729745359,0.04398434163789464,0,-0.72099552607875,1.66054397355839
weri1253,kuni1270,1.3231828846128786,0.07361573562504496,0,0.9419983569404999,1.90679524495545
west2564,aust1307,0.4173077186318328,0.04836542321041866,0,-0.077300190508925,1.61168557115522
west2560,aust1307,0.5127260582081925,0.06305938819066909,0,-0.4034580366175,1.617309178507905
west2548,aust1307,0.47514539242718745,0.058466654017427164,0,-0.0019545310059999998,1.6536672053407
west2615,atha1245,0.20886775094325483,0.05348418150721167,0,0.181556151531025,1.8068671772607652
west2397,aust1305,0.2252657658311277,0.026591122336627346,0,-0.1608856382135,1.56658585671783
west2555,aust1307,-0.09794668916718124,0.05208442672843259,0,0.0355824370255,1.6228359041201599
west2650,aust1307,0.5337859926636266,0.05590256552543383,0,0.19632368006700002,1.606763677393725
west2594,nucl1709,-0.45376698806621063,0.05945548488226673,0,-1.0766640682677502,1.70517913425884
west2778,utoa1244,1.8646806659884998,0.056312647833911184,0,1.26886977408825,1.7762023141557148
west2369,indo1319,0.29099925185274333,0.03527617257881743,0,-0.17136610857774998,1.664571979436355
west2519,aust1307,0.3901120285617641,0.052563825391509174,0,0.0969080058655,1.615061221124475
west2354,indo1319,0.18902243449949496,0.04403556636265992,0,-0.05355755217275,1.618453770361115
west2624,utoa1244,1.4103303587712694,0.06625095629631214,0,1.0838164998150002,1.7554711131577898
west2466,atla1278,1.4309843714792716,0.07512368699990954,0,1.3750574879065,1.64385969005381
west2632,kere1287,-0.3445439728423261,0.04541022731414757,0,-0.54130921987625,1.890276431688195
west2396,aust1305,0.8518973122541629,0.03421182614683706,0,0.17157458446,1.5553945068043151
west2418,sino1245,-0.16621137211184595,0.053644364900865056,0,-0.045280360281750004,1.5769253239690548
west2763,afro1255,-1.1862675835795975,0.037235493308308734,0,-1.3130515487195,1.606670847693775
west2415,sino1245,-0.0823607522200781,0.045228582952276684,0,-0.733831608091825,1.594382502330995
sanj1284,otom1299,-0.08213356956033975,0.06318327232432318,0,-0.20619241512935,1.792128929034505
west2600,nort2923,0.45105738213584584,0.0854861660777881,0,-0.027705096077,1.83010148210361
west2516,aust1307,1.7093352519511136,0.04386708926733194,0,0.24191317288775,1.61342044297433
whit1269,aust1307,1.9469436788322896,0.0477690742788102,0,0.47019786943124997,1.6339829018504801
wikm1247,pama1250,0.1498202448899837,0.07569870859666859,0,1.5878500646764,1.9580776650289349
wiru1244,wiru1244,-0.2006053727869423,0.08512314362529834,1,-0.20615478696,1.88041832801708
babi1235,atha1245,0.8870868723016687,0.04616188060033988,0,0.38067277221425,1.7988149749992
woii1237,aust1307,1.600984661436914,0.05105311875331299,0,0.43087843064575,1.651880398891595
wola1253,afro1255,0.35782386135924593,0.04662832681990335,0,-0.667456507264,1.655095323454845
wola1242,gong1255,1.0992474740880533,0.05288290940824723,0,0.6687884469175001,1.71119472388229
wole1240,aust1307,1.5690757663637398,0.05993084952826169,0,0.44463262620525,1.61182740943084
woli1241,aust1307,-0.2944329551911151,0.04930401319757262,0,-0.5289717362724999,1.6254869633257099
nucl1347,atla1278,1.6307059430608941,0.03490855322680653,0,0.7914707957189999,1.6649037690089599
wood1236,algi1248,-1.1106847921646743,0.06125991102758796,0,-2.03626404256435,1.8639583507443
wotu1240,aust1307,-1.0994066545083965,0.06730823336887314,0,-0.52961764733525,1.624370340193615
woun1238,choc1280,2.13736364034194,0.06680769016602033,0,1.14382875668,1.895084405879835
wuch1236,sino1245,-0.4959268953506719,0.026083012745144147,0,-0.30884460325925,1.59267721939039
wudi1238,sino1245,0.7076505217500163,0.04116907860926469,0,0.029442097140599997,1.5607749071250399
wuna1249,worr1236,-1.738108348751128,0.11990948958257257,0,-0.147755286245,1.9202840168527349
wusa1235,sino1245,0.7012757990050995,0.04617347812624048,0,0.030512352702,1.551096016751415
wutu1241,sino1245,-0.3400091476975301,0.04853482880028375,0,-0.25292913202725,1.56969516965201
wuvu1239,aust1307,0.3626978571793537,0.056297584683516914,0,0.16240864861249998,1.64059865775645
xamt1239,afro1255,0.19883733941303783,0.03441276215720587,0,-0.9156654211899999,1.5953656141810701
xara1244,aust1307,0.77049375285506,0.051477450370427794,0,0.3407021327175,1.642913488550335
xava1240,nucl1710,1.1608656700069397,0.05772111162344157,0,1.206124054447,1.8670304283959651
xhos1239,atla1278,0.6230586999986232,0.04877554318487045,0,0.067633940669,1.58338148442362
xish1235,sino1245,0.3852884168232913,0.06337170267179598,0,-0.3367851451285,1.5517388435569202
xokl1240,nucl1710,1.3433628224766125,0.05225202185130041,0,1.188771048942,1.8714762653036998
yaak1241,afro1255,-0.4548855383267757,0.030501453439013657,0,-1.139406609073725,1.619740389505655
yaey1239,japo1237,-0.37720623112686114,0.03579473693305152,0,-0.749502656106775,1.746161365172415
yagu1244,peba1241,0.9716363950064071,0.05026467785138042,0,0.67342529625,1.90938759531846
yaka1272,atla1278,2.5049144115581266,0.042173704881716643,0,0.71865418334125,1.5972215864637551
yaka1277,aust1307,0.5249274934088344,0.05286860546484295,0,-0.2077970952775,1.6307498034797798
yaka1269,atla1278,1.4374307226432808,0.0502200054506091,0,0.65776274892725,1.60406885122282
yakk1236,sino1245,-0.19078244080299095,0.029018314240606587,0,-0.52515994058975,1.5939662566483
yako1252,atla1278,2.7524492042550888,0.05310675747702855,0,1.4782032305495,1.62269285836482
yale1246,yale1246,0.409333897517615,0.029473393159766395,1,0.805377500188,1.950452252978845
yama1264,yama1264,0.6512367485192911,0.051785767322570946,1,0.72457298098725,1.959646116049435
yami1254,aust1307,0.36569999424208305,0.08536806691099141,0,-0.252910141155,1.62543028234795
yami1256,pano1259,-0.19253459825459224,0.05316186379693942,0,-0.670794105940525,1.7413872995024948
yand1253,pama1250,0.7134357707513104,0.07491748534596694,0,1.508027152055,1.9530305718774699
yane1238,araw1281,-0.6601582221007001,0.05598447948600578,0,0.31069279499,1.80614619376509
yank1247,pama1250,0.7985524608114429,0.07851379845609852,0,1.70002433867525,1.96319900251481
yano1262,yano1268,1.080788937228124,0.0513249171482967,0,1.058899116088475,1.873577980543545
yano1261,yano1268,1.5350891754494818,0.0554125817641856,0,1.0590715895865,1.8760796616711501
yaoo1241,atla1278,0.3817595982646602,0.05310587501885288,0,0.0865912946775,1.60452707624622
yaou1238,mand1469,1.758453525045664,0.04484439237381644,0,1.62515566615325,1.7714966498194
yape1248,aust1307,0.7241159079723771,0.04805565211444809,0,0.37932440843924997,1.646727070681855
yaqu1251,utoa1244,1.0677479389857867,0.053801233129195394,0,1.2064432952352502,1.7859095051817349
yare1248,yare1250,-0.010809528428744549,0.07635392543196576,0,0.820859187074525,1.9599133554094599
yatz1235,otom1299,-0.06545401977661995,0.06501082891953153,0,-0.2853612317175,1.798458927956905
yaum1237,nucl1709,0.43365532535769824,0.06979806158867252,0,-1.0974765787345,1.69463524233946
nucl1454,yawa1259,1.5645371898245486,0.05653602823022895,0,0.63845524935,1.94814334895125
yawa1261,araw1281,0.18426702262916517,0.0498869149654598,0,0.4882841137695,1.802778076034155
yawu1244,nyul1248,-1.527796468927525,0.11051802835642925,0,-0.03418032943475,1.95004031194065
yecu1235,toto1251,0.5053003401363294,0.05483188796498839,0,0.1897253173486,1.83079959407445
maqu1238,cari1283,1.3173755350615983,0.05397809979062956,0,0.49796994511975,1.77936510622861
yele1255,yele1255,-0.1224738228582807,0.07946578481993821,1,-0.23693931628749998,1.89452167260884
yems1235,gong1255,1.2732958045989755,0.058318795489945736,0,0.83839750763625,1.710270211332215
yapu1240,nucl1708,0.8167265244240121,0.08714643510690036,0,0.31274489953749995,1.838084140838205
yidi1250,pama1250,-0.023003108875753547,0.09176003819327029,0,1.35667799611375,1.934141887368405
yind1247,pama1250,-0.5719216814781489,0.07008444762800752,0,1.4548766929915,1.94781230669435
yoga1237,aust1307,0.45256553221849954,0.07327008145990854,0,0.087056274300225,1.621787197643565
yona1241,japo1237,-0.4472090571259867,0.04275253600317841,0,-0.7816250454185001,1.7475980414144
yong1280,nucl1709,0.21337127201221695,0.06050255150556077,0,-0.7239312291665,1.7105503956988448
yora1241,pano1259,-0.3885829892013154,0.06296503053403646,0,-0.6742514189837501,1.74525693392985
youl1235,sino1245,0.6377220345743368,0.05194217062477049,0,-0.23659336533842001,1.56443364513506
youn1235,hmon1336,-0.3891405585903157,0.03647988571360571,0,-0.7439803777895,1.64816766296503
yuca1254,maya1287,1.9907018263664358,0.06311422800582513,0,1.5776937379040001,1.8904319627976252
yuch1247,yuch1247,-0.9176145081172851,0.036581618917573264,1,-0.5634010078939,1.9126637112562501
yucu1253,araw1281,0.6651624639230782,0.0642926385210035,0,0.5217522363439999,1.7816838939233701
yuec1235,sino1245,0.00852967879370835,0.05216686090830686,0,-0.31349597002425,1.5862300039428598
yukp1241,cari1283,1.5309539782400408,0.0844863454885592,0,0.5730663190195,1.799380790287475
yulp1239,pama1250,-0.833816672357841,0.08467032360468355,0,1.452675023839725,1.94917880371748
yulu1243,cent2225,2.5935594136455897,0.05715094990920512,0,1.230135963435,1.663307981991945
yuqu1240,tupi1275,0.43312194554719063,0.056911995171935265,0,0.2592148122325,1.774440647822645
yura1255,yura1255,-0.2946123028610399,0.05464933491796828,1,-0.2197851259295,1.887690445334425
gami1243,pama1250,0.6955104773718442,0.08695047920579899,0,1.8725026219495,2.008281645403195
zaba1237,aust1307,0.05842671947835825,0.04612839935668654,0,0.41521550235425,1.63960162585663
zaca1241,utoa1244,1.7285701663095057,0.06903211033364018,0,1.253422783309,1.77474459284894
zaiw1241,sino1245,0.49950147556233,0.045961448580174556,0,-0.20467964720725002,1.548984347205165
zand1248,atla1278,2.3442079388400066,0.06704185678205565,0,1.4839032406812498,1.633181026813945
zani1235,otom1299,0.17525358305593175,0.05114680641307664,0,-0.06788525814150001,1.7940243956743052
zapa1253,zapa1251,0.2372597722614947,0.05622056769233627,0,0.48953251130425,1.86557610944315
zarm1239,song1307,1.2439111763611916,0.060876973618112,0,0.613023644842275,1.744208898956835
zays1235,gong1255,1.0372952428911435,0.07521940389033914,0,0.586551237125,1.6993863862019198
zhab1238,sino1245,0.31746272115326923,0.03916083561589118,0,0.139756039157,1.590684778428545
zoog1238,otom1299,-0.0797018171541206,0.05308120489671824,0,-0.302834444167,1.791413506279335
zulg1242,afro1255,1.1745662017095673,0.0325534513267572,0,-0.046164223667500004,1.60424912441872
zuni1245,zuni1245,0.333715371591075,0.051113090040112136,1,0.10831420024825,1.8946418511129801
