Glottocode,Family_ID,GPGLMM_3D_Mean,GPGLMM_3D_SE,Isolate_Flag,Verkerk_BRMS_Mean,Verkerk_BRMS_SE
abad1241,aust1307,-1.8807640347085386,0.018416525973670637,0,1.7053611911325,3.936461072824285
abkh1244,abkh1242,-3.4400173704768053,0.007974333151228143,0,-6.12934884888,5.634791299353376
abua1245,nucl1708,2.203370909412885,0.04196047647853807,0,4.128037384233499,4.814510442144931
abun1252,abun1252,2.4171430057775734,0.021682202666536025,1,0.24606716216750002,5.05185261592564
achi1257,aust1307,3.518043276735349,0.0192677725770957,0,7.4870920889375,4.3231975995391245
acha1250,araw1281,1.3261793691722166,0.01905417695415468,0,3.693751651720225,4.00677748152321
ache1245,narr1279,2.798428342741288,0.015314468563109519,0,3.53362135246975,5.336933583917875
achi1256,maya1287,4.476427080630396,0.025786051321354475,0,6.498129174895,4.953965436265885
achu1248,jiva1245,-2.559263223831441,0.016975387722375626,0,-5.139680354955,4.758730058326805
achu1247,pala1350,1.2128642455689127,0.007243383983345983,0,3.0173677910625,4.91574233994523
adan1251,timo1261,-1.7635740069008456,0.017629300661154288,0,-7.2662062549725,5.85776541173699
adon1237,aust1307,3.627899498449514,0.023765006860064237,0,7.5175899114925,4.342352086929205
adze1240,aust1307,1.1058068000804264,0.020673252220473656,0,6.708733635795,4.21499890102447
aeky1238,kamu1264,-4.072360152997644,0.04680942004457082,0,-6.10082349123,5.806888325277015
afar1241,afro1255,-2.9393120406746203,0.01235885634366692,0,-2.3829798189495,4.057965459259325
aghe1239,atla1278,4.35327858901096,0.023357938125257747,0,10.305917348125,5.28272316011033
aghu1255,nucl1709,-4.3349999383408875,0.025124970944746545,0,-6.092163663192499,4.718187493759455
agob1244,paho1240,-4.89733927944544,0.035001391857093875,0,-6.19427453572175,5.6911970698228
agua1253,jiva1245,-2.697646182712004,0.021101597047789238,0,-5.0623161621125,4.79692238559104
agut1237,aust1307,4.289576255846092,0.03353695954078527,0,8.148478709405,4.39924213649172
ahin1234,aust1307,4.634446584836198,0.029874799374760945,0,8.4144750462,4.39682429377198
aika1237,aika1237,-2.431763649410856,0.01310603858316401,1,-3.3339291413125,5.059567500259686
aime1238,bosa1245,-4.457339770215457,0.04497431591801716,0,-6.00721544438175,5.805199872761484
musa1266,nucl1709,-4.555893692343283,0.02667363576941538,0,-6.481321950805,5.567449276138045
ayiw1239,aust1307,3.585871335243853,0.023054335337897205,0,7.0981208508950004,4.41112732410263
ajab1235,atla1278,3.5794462587220197,0.024062866887613284,0,9.736107609874999,4.991054146964915
ajas1235,kres1240,2.6768650448060205,0.010371672502215287,0,5.4172801170205,5.516487971908745
ajie1238,aust1307,3.8769370191404686,0.018756855588295533,0,7.74198156868,4.327472610437145
west2635,maya1287,4.590069722579348,0.025036962901655045,0,6.442347601706,4.983185640185406
akei1237,aust1307,4.10263536248735,0.022498343187721558,0,7.5955546532275005,4.316735046308315
akha1245,sino1245,-1.93735504416782,0.026790604582732015,0,-6.37197226044,4.186828062156165
akoo1248,atla1278,4.24101468660027,0.022512244043138535,0,11.73177647865,5.160048127477195
akun1241,tupi1275,-2.069215695167779,0.03294470210634994,0,-2.99727824922675,4.25538770286317
alab1254,afro1255,-2.5385280186697496,0.014023804207625903,0,-2.96773738718275,4.071934990978915
alab1237,musk1252,-2.9877547207646074,0.021060445941803604,0,-5.4084577237375004,4.798543267887
alac1244,otom1299,5.047146925728517,0.02197231173546501,0,6.5255635296975,5.085177261581595
alag1248,afro1255,-0.3490025140127223,0.018577096749963714,0,-1.65981341555525,3.979777025498655
aleu1260,eski1264,-1.6337538567335168,0.014060769192456784,0,-2.8324178319874997,4.80070274776108
alor1247,aust1307,3.3933402194070386,0.023130040828528674,0,7.5672474061825,4.326847970881586
aluk1238,drav1251,-1.9785911894670636,0.027759309934812366,0,-3.015162863069,4.13479133950379
alya1239,pama1250,0.1478387389470518,0.03153169527291607,0,-0.0092366173525,4.285472221000999
amah1246,pano1259,-4.326437960534701,0.023592673520001124,0,-7.1800353103,4.61837472648352
amam1246,kuni1270,-4.408046475529934,0.03877505386054485,0,-6.5045484176925,5.74735004448516
amar1272,aust1307,2.925792357254652,0.014619650097217466,0,5.453005937737499,4.214746165544945
amas1236,nyim1244,2.138349279451357,0.016023443608871396,0,3.9866796515875,5.417071832028685
amdo1237,sino1245,-0.8205754857799104,0.01358394692629407,0,-2.2841819682955,3.8769448230913497
amha1245,afro1255,-2.8530122331043057,0.010036477945436375,0,-2.6225838187392503,4.479541223557636
hoaa1235,kxaa1236,2.0797172094358602,0.012734996142565515,0,3.9614533211367498,5.334255951757405
amri1238,sino1245,-2.577139512438875,0.022989882210424424,0,-0.18122741938525,3.8784516215325446
gily1242,nivk1234,-3.21151033887986,0.010096314994655688,0,-10.217743186149999,8.278182423935796
anei1239,aust1307,3.9097316014189527,0.0175805182631085,0,7.767744366724999,4.337963991286845
anga1290,anga1289,-3.148677194591845,0.026674418168068346,0,-6.5863558816575,5.9517999108072
anga1288,sino1245,-3.2710527429354848,0.01821956876943496,0,-2.2556977455149996,4.20008773313085
ango1257,chib1249,-2.4842145099098225,0.03999110201046492,0,-4.27791796417375,4.24550931274397
wara1294,more1255,-4.775448941267278,0.04993189066228773,0,-6.79219233044975,5.767119835444046
anta1255,aust1307,-0.7824987566414866,0.010140441614278916,0,3.16006037511125,4.068591707617995
anuf1239,atla1278,3.471293331421205,0.024508826320367137,0,9.808699002775,4.95341626681014
anuu1241,sino1245,-1.670762592896156,0.027078801291759623,0,-0.09116444581475,3.9171008427101848
aona1235,sino1245,-3.085642787350708,0.015421041315771945,0,-1.5419437543325,4.072305926632895
aoua1234,taik1256,2.5200226324251496,0.024673967919844213,0,7.0210188235299995,4.930840459431884
apat1240,sino1245,-3.3753874992028408,0.02965710142461835,0,-3.6728641056125,4.12851844169467
apin1244,nucl1710,-2.6140595042047035,0.020160732057704748,0,-3.746011001668,4.35081347385929
apma1240,aust1307,4.168182201708477,0.02285585727668294,0,7.041785438965,4.237545084157045
apur1254,araw1281,0.35454780543895065,0.01586887534633501,0,1.0349115235825002,4.1268304718788045
arak1252,aust1307,4.153572202696439,0.02532205840525629,0,7.5997091649375,4.3416155879119955
arao1248,pano1259,-4.187506143837405,0.06566330570144135,0,-6.6573777853100005,4.766441718428981
arap1274,algi1248,0.568832475281536,0.020020118117201505,0,1.96829655337,4.017394802748806
araw1273,tupi1275,-1.8793615259496965,0.015432400272540022,0,-3.4712075805275,4.45320399612562
arbo1245,afro1255,-0.47744583820054315,0.02001268350385813,0,-0.47097647973,3.760464029173325
arch1244,nakh1245,-5.175402891932679,0.013120766320579088,0,-8.70860051339,5.85519585230603
aree1239,aust1307,-1.842015591523031,0.03153867915019096,0,1.223604328845,4.1650721665505195
area1240,aust1307,3.0469525488376954,0.015899320646634435,0,6.0310447695,4.157790439088615
argo1244,afro1255,-2.9413335836396834,0.011129745897938787,0,-2.621739868035,4.47718804059714
arhu1242,chib1249,-1.9053359140638615,0.023075377136421507,0,-3.7999972656425003,4.111095002368264
arig1246,atla1278,2.5833336186070417,0.033476941890556694,0,7.8094693186274995,4.576693449095705
arop1243,aust1307,1.9971250639817448,0.019922641508253562,0,5.3889576440275,4.144303892730941
arop1242,aust1307,1.328442539441264,0.019284241489240676,0,5.66173255406,4.238020474546181
aros1241,aust1307,2.184752437188057,0.03564085716587688,0,5.3949446217775,4.01406990064448
arta1239,aust1307,4.6094373479932855,0.023808177276274566,0,8.4015942771975,4.394659319354989
ashe1272,araw1281,1.5710881482443677,0.015022279958355677,0,3.4422729708614996,4.241529610376185
assi1247,siou1252,-3.108940829674334,0.018694504291017343,0,-5.06657646848,5.0762165004923805
asur1254,aust1305,-2.812172466580449,0.01510757257314016,0,-1.19742832030325,4.012861234622665
atam1240,aust1307,4.466236598841448,0.04511783917899812,0,8.426846658599999,4.364298928891415
atay1247,aust1307,3.263166979897841,0.02153505180670154,0,6.8453177845625,4.80672305525624
athp1241,sino1245,-5.752512154304697,0.02637378208466836,0,-5.0651351763825,4.497003001732651
aton1241,sino1245,-3.482106066975608,0.02569518076960626,0,-4.8316201817725,4.155405617827845
aulu1238,aust1307,4.064594533393555,0.018946584361028126,0,7.4283618935275,4.29454975748687
auye1238,nucl1709,-1.9737004755022531,0.014676973919630016,0,-6.247398116099999,4.77179529454224
avat1244,atla1278,3.599587419766716,0.026075953214237023,0,9.77025274425625,4.977994379121215
katb1237,aust1307,4.103680665153654,0.028753314553474213,0,7.3946935811775,4.2687967931932
awac1239,barb1265,-3.0676062664228088,0.023849012080527157,0,-4.200019207235,5.033158511022895
awad1244,aust1307,0.612153458783993,0.008312239281180626,0,2.3381024209487498,3.970601405395625
awad1243,indo1319,-3.4956474880829203,0.00842889651116223,0,-4.0996293711725,4.455724093375405
awar1249,ramu1234,-3.7578405391833756,0.02740749796003628,0,-5.92745256487725,6.20286157843116
awji1241,afro1255,3.0312240981979555,0.011858940087439334,0,7.7312942180299995,4.801058209932215
awtu1239,sepi1257,-3.5400202788954926,0.04093361244349168,0,-7.728257441585,5.7076321717612455
axam1237,aust1307,4.003453251734962,0.021115379148125755,0,7.4476771800999995,4.261933836624095
axiy1235,sino1245,-1.7723706273131554,0.01872593443898629,0,-5.358614938805,4.0846124203826655
ayac1239,quec1387,-3.408405679846611,0.015825810907704806,0,-5.7596291163175,4.647602324412355
azha1235,sino1245,-1.7127031801218986,0.01927041903553924,0,-5.3412699443125,4.08653826116306
baba1266,atla1278,4.520523495036718,0.01747400356064728,0,10.341360420432501,5.257690333569955
baba1268,aust1307,2.551927341071877,0.024587582349910313,0,6.2737134728375,4.281944215515055
bafi1243,atla1278,4.866927478569656,0.01694550131119921,0,11.64137264443,5.177055581750025
bafu1246,atla1278,4.40946589465757,0.020823619315895936,0,10.27995874127,5.264554765620964
baga1272,atla1278,1.7157978125218025,0.012782960266622977,0,4.72226292165875,4.090764536581769
bagi1246,cent2225,2.968907833778635,0.023873187446954547,0,5.710419749525,4.06461700513037
bagv1239,nakh1245,-5.124067850887574,0.018240907595429522,0,-8.73120495517,5.815017207356226
baha1259,afro1255,0.4797474580771845,0.02411221252321918,0,4.435912798045,4.15062907991965
bahi1252,sino1245,-6.038580926929596,0.02586870582208893,0,-5.0663796292515,4.520629302759405
bahn1262,aust1305,5.007835679724977,0.016833534811054623,0,7.8548899689225,4.362362932496525
baim1244,sino1245,-2.2428419340636294,0.024299852885659123,0,-3.7810056982855,3.9646369718792
baka1272,atla1278,5.322690415131955,0.028412220675804737,0,9.231674401035,4.65321682289483
baka1274,cent2225,1.5852538653581836,0.02322556716011211,0,5.497633426045,4.10843560883375
baki1244,aust1307,3.8177129651358754,0.027838277254292908,0,6.148026811975001,4.100493071113251
bala1316,aust1307,3.6570192078136246,0.022248847464399448,0,7.92434391865,4.322817172304055
bala1311,aust1307,3.997643439614012,0.018924904174280856,0,6.609295542345,4.31250222784806
bala1315,aust1307,4.094730259394472,0.026472803714670572,0,7.133942959325,4.3606525251781605
bali1278,aust1307,1.8900556539009785,0.01722522880844563,0,7.570453612950001,4.285002073947145
bamb1270,aust1307,3.302001654016464,0.03077667335080678,0,6.78367739705,4.3691479163875755
bamb1269,mand1469,-6.046178791998841,0.0317376990113843,0,-10.08937060053,6.0114766688757
bamb1262,maoo1243,-2.659410834391868,0.0176786699748024,0,-5.3269020332975,5.915944106313905
bamb1266,atla1278,4.474808385290897,0.021898545383247224,0,10.29716436805,5.29693210421682
bamu1253,atla1278,4.8348055751804,0.03708007488623959,0,10.2931322245575,5.268417364826661
band1344,atla1278,5.813135739782667,0.020326912660132052,0,9.146563324599999,4.6522181323870395
bang1363,bang1363,-2.9313369446824376,0.02086428466396614,1,-7.01668376059375,7.10325662097987
bang1369,sino1245,-3.5559106752350225,0.023352853917402282,0,-2.9217254349415,4.19537788759475
bara1357,sino1245,-6.095275795590293,0.024396342893252133,0,-4.9874833612525,4.5221419142986345
nucl1630,koia1260,-5.58750837893675,0.030608812779008995,0,-6.91211969702,6.16828286638066
bare1279,afro1255,3.32123309576831,0.012127005973996241,0,6.3359190207475,4.52668230058622
bara1370,aust1307,0.5345312023854767,0.023223301052392436,0,3.4420079193774997,4.030901726086675
bare1276,araw1281,1.2391448654262396,0.01853736874721884,0,4.0470241195945,4.13869317751115
barg1252,nucl1709,-4.182195364337822,0.03239857400800555,0,-6.4004979944219,5.65611006198783
bari1286,aust1307,2.948145678006986,0.029181851073489896,0,5.712756587942501,4.27648322951089
basa1282,atla1278,1.6976098638438426,0.02117749992823741,0,4.284171465622499,4.2426371600534445
bash1264,turk1311,-4.669212088557897,0.01828397724174361,0,-7.9184955916275,5.160008107253034
basq1248,basq1248,-1.4619580812860429,0.0034788329675353646,1,-4.7794027288350005,6.105681664815091
bata1289,aust1307,3.557501360348725,0.03699198637104173,0,6.7720137927275,4.278528342673225
bats1242,nakh1245,-5.0939170241117795,0.011494441264091448,0,-8.6286354154475,5.912566494890685
baur1253,araw1281,1.7793135621048493,0.02176532612039616,0,3.5288418219545,4.157349989469125
bawm1236,sino1245,-2.59577871997802,0.02559711101333111,0,-5.4175119553525,4.34196721158955
bayb1234,aust1307,4.638742356313772,0.029207584670063496,0,8.611531915177501,4.321543132036205
bebe1248,atla1278,5.33051000612648,0.02063862644622521,0,11.687647333125,5.123352310210195
bekw1241,atla1278,3.2793313026464603,0.026468108660542,0,10.87831743505,5.269696108395674
bekw1242,atla1278,5.376628193289585,0.020735030641740974,0,11.7654467325,5.09203700909863
bela1254,indo1319,1.8557503298851308,0.010222905615084684,0,4.00146663897,3.928289444336915
nyal1254,aust1307,3.495024733101822,0.007517446924512895,0,7.893434163575,4.320516089347745
belh1239,sino1245,-5.755904818684244,0.025363299085057096,0,-5.06571564244,4.494894304004539
beli1257,cent2225,1.8853571874986552,0.014574014090679637,0,5.56104087791,4.1064569336214305
bell1243,sali1255,3.5986616486743,0.041733010537947715,0,5.254844371375,4.690928667471155
bemb1257,atla1278,4.798066618235761,0.01737563214639231,0,12.066944737175,5.066439367374475
bena1262,atla1278,3.686261327617541,0.018593466069252523,0,12.088113124275,5.05955716747352
bent1238,dogo1299,-3.3697732296837106,0.021634769058435054,0,-6.39493537694225,5.950274482352415
zagh1240,saha1256,-3.32298960029235,0.024369005484529364,0,-6.306361885639999,5.601426372481365
bert1248,bert1248,1.3564922466891027,0.011455324398235815,1,4.46967747719,5.628350219009436
bezh1248,nakh1245,-5.171773361858378,0.009738766523213583,0,-8.763651957028749,5.852706845036355
bhoj1244,indo1319,-3.5744841046109608,0.013900737753337512,0,-3.9643069721349997,4.3638463630705004
biaf1240,atla1278,2.6738350222448117,0.01681451298503216,0,7.4967088250675005,4.701256420505125
bian1252,kuni1270,-3.4085576440133645,0.03385119729831372,0,-6.61702993471,5.67309493520966
biao1254,hmon1336,4.460283556102931,0.012729021986748575,0,8.211911047827499,4.820747196047565
biao1256,hmon1336,4.928054204568554,0.015522237033683446,0,8.264132677967499,4.812592139307339
biat1246,aust1307,0.9349946030830973,0.018206879378913375,0,3.312913600535,4.05370249730937
bier1244,aust1307,4.159982578642349,0.02460118613593565,0,6.1530816212224995,4.102167275691885
bign1238,aust1307,4.135207337846833,0.024654280769997785,0,7.4284221114074995,4.289735363804195
biha1246,aust1307,4.195235752256295,0.020047621107563997,0,7.6487683013175,4.287073330694205
bilb1241,aust1307,-0.0749054345895166,0.023973227335678124,0,4.85288198641,3.97620024413771
bili1260,afro1255,-1.9398523586517833,0.010313011696441183,0,-2.9367353481975,4.100898660003265
bimi1240,nucl1709,-4.457944700995846,0.024335860647767077,0,-6.05731767305925,4.701252404360895
bina1277,nucl1709,-4.751546352299823,0.034159881261698145,0,-6.078417529179999,4.83991428597502
bini1246,atla1278,2.8895299962793732,0.013436558151552307,0,8.090216363375,4.49682883307892
gunw1252,gunw1250,-0.8460033343676763,0.02983579468372695,0,-2.2557066984977503,4.251108408644475
bisu1244,sino1245,-1.4649473412470284,0.021341720036345754,0,-6.2814102597025006,4.197213912321875
bitt1240,aust1305,3.018604214206373,0.007174271876201381,0,8.0678796424775,4.19385408824994
blab1237,aust1307,3.008720329921241,0.01786591808256024,0,6.4213316806675,4.257118243653579
blan1242,aust1305,3.1547688325722545,0.013890270197394583,0,8.0539627980875,4.193079171552455
bang1354,atla1278,5.269866358726501,0.01875420080038122,0,11.798916213175,5.14127407499376
bodo1267,aust1305,-2.1672213704084644,0.012019359947486374,0,-1.2781941576912499,4.0116873783000155
bodo1269,sino1245,-2.8906711141596553,0.020832860468208217,0,-4.810508772697499,4.1623167204945
boka1249,sino1245,-3.512564059777812,0.025835372190663487,0,-3.6625011959775,4.14496968942566
bola1250,aust1307,3.1273522696928406,0.019966897342292397,0,6.0736689741575,4.32603955924697
chim1302,quec1387,-3.5770413307833535,0.024514775091421845,0,-5.8743667381275,4.6047687746801
boly1239,aust1305,3.5096234726098094,0.013261156187752062,0,8.0890720635775,4.29614024104076
bomk1234,atla1278,0.3489497612887667,0.013730087229340701,0,2.33602037599775,4.013711272519259
bona1250,mong1349,-3.222825299155539,0.025268478417276103,0,-13.00475413594215,7.47431864069252
bond1245,aust1305,-2.6358340868097483,0.015031873602399718,0,-1.25588849421525,4.006659720804874
bong1289,aust1307,3.1303833881791663,0.02478818770903281,0,5.8862269878825,4.25356334139585
bong1285,cent2225,2.4922623000530906,0.022320098980868355,0,5.34504849400625,4.147398895295965
bora1263,bora1262,-2.204133026546746,0.00869290348527329,0,-3.730914043215,5.07841875443101
bord1248,chib1249,-3.0905168048620713,0.021576662328287557,0,-5.1969044603075005,4.310888195660905
bori1243,sino1245,-3.3611035639959272,0.03136786141510608,0,-3.609106913471,4.1867893620621
boro1277,gong1255,-3.6612758545739874,0.018969300521372703,0,-5.4486287468425,5.0122522840408195
boro1282,boro1281,-2.503907156274409,0.009463414470947949,0,-3.8304089227825,5.128666944804815
boto1242,aust1307,4.641258938347524,0.03143458860388941,0,8.295006388815,4.404226998462465
boun1243,atla1278,2.516223720744491,0.023853734424366085,0,9.29854879011,4.82677545981256
boun1245,nucl1709,-4.830851942214926,0.026329158105923137,0,-5.8239393347995,4.738174166398515
brah1256,drav1251,-3.61724259283568,0.028271818630737612,0,-6.28779900772825,5.082038341272741
lave1249,aust1305,4.960296511335629,0.013313871270635932,0,7.8700308816,4.32269111890493
bret1244,indo1319,3.63057619843302,0.012603505750789482,0,6.066078247275,4.590374642438345
brib1243,chib1249,-3.4145907505911075,0.026198438344604943,0,-5.051777509695,4.3813043989605305
bube1242,atla1278,4.568100335349259,0.019895851571323606,0,11.556518401664999,5.281407477051075
budu1248,nakh1245,-5.36559475235787,0.009516766492457942,0,-8.846036564255,5.780734546172705
budu1265,afro1255,3.000530730541275,0.01051491497959433,0,6.294671348145,4.2592710054673155
budz1238,atla1278,5.397682932767881,0.019260648831044825,0,11.8268394656487,5.13369011990914
buga1247,aust1305,3.576280408353697,0.009623714095686133,0,8.097456278965,4.30100653358084
buga1250,aust1307,1.93782812019767,0.025519649068862865,0,6.532453605842,4.26995583320977
bugl1243,chib1249,-3.5092893761390833,0.026563275376362525,0,-5.205614300115,4.31864419956886
bugu1246,sino1245,-3.408068000040201,0.0243881560368631,0,-2.588010457615,4.1954955467290596
buhu1237,aust1307,-1.778032745197544,0.021635719320220452,0,1.3646672643975,4.1027834451464855
bujh1238,sino1245,-6.3158457009848235,0.032349976645070645,0,-5.0189341934125,4.510684225279335
bull1247,atla1278,0.2290433536628502,0.014329799593364488,0,2.3540414177080002,4.007219473518125
bulo1242,aust1305,4.7603692320393876,0.02122106789172261,0,7.923861862695,4.287244197403905
bulu1251,atla1278,5.464519076897192,0.0200751479309962,0,11.701573982974999,5.1558423067204
bumt1240,sino1245,-3.898362514124681,0.02015306780058932,0,-4.318896436155001,4.236466901300045
buna1276,aust1307,-1.3057763701523355,0.018775648053508558,0,0.8282527325175,4.16546993150072
gahr1239,sino1245,-4.687708780329155,0.023251879579039476,0,-5.0765494508125,4.305080925029095
bund1253,indo1319,-3.979803624321838,0.010471896989627779,0,-4.2665149004025,4.404151091932199
bure1242,afro1255,1.7538643251149995,0.01806769553729995,0,6.6529532792024995,4.2884706220635795
burj1242,afro1255,-1.5294244462625446,0.009316621235355987,0,-2.97347128294825,4.0725325175554055
nucl1310,sino1245,-1.7040404282509412,0.020807181400231578,0,-6.064685460901,4.329195325977
buru1320,afro1255,0.2857296704810903,0.01203187403426507,0,0.008952354036625,3.913010246586285
buru1296,buru1296,-3.110911314674799,0.019834106678308105,1,-7.7816839726175004,7.209968342371695
busa1253,mand1469,-3.0569136237615817,0.018637436321449742,0,-9.998597521125,6.13286743776493
bush1247,atla1278,4.902712351549351,0.019747939246723415,0,11.809862236225,5.143669103467859
buwa1243,afro1255,2.878470255489335,0.007885785438486066,0,6.85275183964,4.377838280271395
bwat1240,aust1307,3.8223205616393727,0.025089794703565083,0,7.8154358117000005,4.340714906404569
byan1241,sino1245,-5.363685947490403,0.023697601678583702,0,-5.01336728181,4.326907415715705
caac1237,aust1307,3.729051393371133,0.028829485256735336,0,7.859910013575,4.337052676836436
cabe1245,chib1249,-3.347044084297758,0.026313077409096053,0,-5.0476919173222505,4.394476404512485
cahu1264,utoa1244,-3.2212867285015814,0.023653166558959153,0,-4.1736323263075,4.41660950825296
cakf1236,afro1255,1.4489492709554053,0.014630545252171953,0,6.6626212248975,4.31739685319952
cald1236,quec1387,-3.7060425030807203,0.02801744721564829,0,-5.86061176025,4.615657641689525
caml1239,sino1245,-5.902500396814557,0.023301417262585732,0,-5.0101394839125,4.5117124969651705
camp1261,indo1319,4.023746824874461,0.010702266282455547,0,7.20810223745,4.38614666782172
cams1241,cams1241,-2.243554745660397,0.0093966058285337,1,-3.83003702960825,5.17283949769132
cane1242,nucl1710,-2.8409231844355425,0.015093522872768288,0,-3.7460343593239998,4.3389110536545505
caom1238,taik1256,3.450548707054603,0.02155507880820982,0,7.1111301142735,4.918326733246615
capa1241,pano1259,-3.685215819218909,0.01597091214498419,0,-7.1576405254025,4.621608233922499
carn1240,aust1305,3.5014581950882704,0.007907471031451658,0,7.9477775388000005,4.40035975026608
cash1251,pano1259,-4.05878748203116,0.037298913081617154,0,-6.95121134107,4.72245222589866
stan1289,indo1319,3.5710823796905578,0.016458781542133934,0,7.47003822905,4.306137536741955
cavi1250,pano1259,-3.4143444150434084,0.035322789365645944,0,-6.6469015942025,4.79474612136258
cemu1238,aust1307,3.8276761928701744,0.020197944328095095,0,7.80982587267,4.3330256058470145
cent2127,eski1264,0.8769180819014721,0.010602536692983458,0,0.759236983505,4.476581307927155
cent2142,ayma1253,-2.4750750418232004,0.01821609599183807,0,-5.28790250408,4.791568708853164
cent2004,sino1245,-0.7853995242634142,0.021965486350709593,0,1.458686226577975,3.91060819959082
cent2292,aust1307,4.874898906065146,0.03349599036491477,0,8.406546139125,4.40517547226691
cent2084,aust1307,4.681681123876894,0.02467226264046979,0,8.42861024955,4.391276980483671
cent2314,aust1305,4.809018046800984,0.012646405496782118,0,8.048543319364999,4.32825770925217
cent2050,saha1256,-2.3004582772604216,0.021790063764908683,0,-6.60088878139025,5.5649594560082
cent1989,aust1305,4.675222564134791,0.012193123352081718,0,8.149698433320001,4.33649251052758
mala1479,aust1307,3.2850208088006267,0.018772412193402154,0,7.873164986475,4.207189793334395
cent2322,ural1272,-1.3977583548221586,0.010352115288284253,0,-1.81452978982,4.27440685134332
cent1992,aust1305,4.861589414497024,0.010059165915146039,0,7.973549108649999,4.280744679888425
cent1990,aust1305,3.711673860370771,0.012163987348164195,0,7.9541172761775005,4.427186176665694
cent2126,japo1237,-3.375319349798758,0.011650336288832157,0,-4.837937436364999,4.8418808542525245
cent2140,miwo1274,-3.600472070053711,0.022641073648110237,0,-3.9595717536025,5.22688046739521
cent2131,utoa1244,-0.7843233424113251,0.021051841590643026,0,-1.5149264284232502,4.120954135800405
cent2150,chib1249,-2.525330085633003,0.02302118088736801,0,-4.266860005225,4.246653539517174
chac1251,pano1259,-3.9673848177897053,0.03309050009055088,0,-7.1342130113749995,4.63345743247522
chad1249,afro1255,2.6945120212883205,0.01046171277422151,0,4.6766813374975005,4.055126592346805
chak1270,sino1245,-2.2025463807048924,0.026942434328359813,0,-4.9420532045600005,4.095558031437575
chak1271,atla1278,2.8100945613696937,0.02140477217492644,0,9.4481831692975,4.7811361095764155
cham1315,zamu1243,1.8983121875778526,0.009262744836607844,0,2.63828364297725,4.97472795657084
cham1309,nakh1245,-5.092292546537966,0.007878717372425454,0,-8.739504127375,5.827518186789395
cham1312,aust1307,4.24113396181143,0.02601475674017524,0,7.127192339825,4.51672257823316
chan1313,sino1245,-2.7754688036712407,0.03618878634818833,0,-4.66576659217675,4.1658550041536095
chac1249,barb1265,-3.0678484716233347,0.01709580358769581,0,-4.3233683062825,4.96501671711991
chas1234,sino1245,-1.8226446459909629,0.01828565508481295,0,-6.291474058245,4.264036087462715
chec1245,nakh1245,-4.787536330193621,0.01087745678077076,0,-8.67582535894925,5.819625434154284
chek1238,aust1307,2.9947913852973205,0.0063115378653121855,0,6.3918269967825,4.2460421543064
chen1255,drav1251,-4.638739734483876,0.05108993987024756,0,-6.1525187592475,4.661799644749605
chep1245,sino1245,-6.339857243229467,0.02059799703349007,0,-5.017286493759,4.51411691570909
cher1273,iroq1247,-3.1597506939524527,0.02530408055256018,0,-5.4400595962745,5.213535215389895
chey1247,algi1248,-0.3674247479810624,0.01947955254997939,0,0.81614201350125,4.00284664020557
chic1270,musk1252,-3.582796482255815,0.02295603001451288,0,-5.459134539795,4.78416974036935
chil1280,atha1245,-2.9241992941559842,0.019322044653297555,0,-6.8640132439425,4.81514938551982
chim1309,chib1249,-1.390908966534778,0.019553471163886733,0,-2.0120529755474,4.05975385238184
chhi1245,sino1245,-5.804282377079337,0.019541474325596605,0,-5.0676674664625,4.5080273228718095
chip1261,atha1245,-4.515589003262818,0.019666897822923017,0,-6.8133419297302495,4.802267948667986
chip1241,algi1248,1.1098568708223346,0.01488560995857187,0,1.96486857587,4.0168081611679405
chir1283,sino1245,-3.1635716101765565,0.01841617357441871,0,-5.187922370042999,4.438746969934471
choc1275,sino1245,-3.6964514767543024,0.022400029421180228,0,-3.7680138091367503,3.95913460461855
choc1276,musk1252,-3.441593938245018,0.022824619065627542,0,-5.5149736733775,4.766592716481179
chon1284,aust1305,4.442677408253253,0.01624957690862283,0,8.0512368176,4.3349764601133245
chot1239,sino1245,-3.159070986150737,0.01944791314990752,0,-5.214623257222501,4.432308855588755
chra1242,aust1305,4.570201793393297,0.007951249541393032,0,7.96813220845375,4.28960002468488
chuj1250,maya1287,4.588930124505276,0.02459681434258171,0,6.4304304643600005,4.97787540794269
chuk1273,chuk1271,-2.7764698454734336,0.008321765421036813,0,-8.4828755686,7.13735887178177
chuv1255,turk1311,-3.857202878133544,0.022417209146659307,0,-7.733491091742501,5.2448422562764
chuw1238,atla1278,3.7672870540416357,0.02097897218102103,0,12.139350223000001,5.0146765654607055
cici1237,atla1278,3.5414513615605827,0.018886624903211326,0,6.7776333271975,4.453267471800535
chin1286,chin1490,-2.417511229251843,0.01046137817274098,0,-3.8868140763475,5.168650807469705
cent2087,aust1307,4.6223751158081825,0.027777717385490154,0,8.5909292658,4.2992630323872945
sout2912,aust1307,4.5951520473853,0.029878803042133126,0,8.596145299717001,4.322173000426135
coat1243,otom1299,5.289039081889876,0.021148030774586345,0,6.6372823541225,5.05048763308004
coca1259,tupi1275,0.0276359114593792,0.015041215386762084,0,-1.72837687132875,4.04994716003714
coeu1236,sali1255,3.158550433846495,0.023481225259980993,0,5.771808489025,4.5389207565534555
cofa1242,cofa1242,-2.163958582595768,0.01256155601189703,1,-3.830173200865,5.09157344108425
cogu1240,chib1249,-1.9004929169518858,0.027989007070861015,0,-3.78376624331075,4.13647416253384
colu1241,sali1255,3.434268438468438,0.021982943862096576,0,5.788224090625,4.586009037480769
coma1245,utoa1244,-2.0376470746450552,0.017424689804058768,0,-4.42523948198,4.3622234313507295
como1259,sali1255,3.588709227050937,0.024520124133443122,0,5.5053767018462505,4.608646178484316
copa1237,otom1299,4.889232000195825,0.022342721573672213,0,6.424471971232499,5.139389351244995
cors1241,indo1319,3.5915900094574083,0.011662653589380742,0,7.250508091817499,4.3821987128753
cosa1234,sino1245,-2.0054296279074943,0.02286250990975702,0,-6.270169989225,4.215423580820225
cree1270,musk1252,-3.3336834483478803,0.021885531308693872,0,-5.4197171894225,4.771722687871125
crim1257,turk1311,-3.593908414234011,0.020016010693618178,0,-7.9333920722575,5.12601665970592
crow1244,siou1252,-3.495077492258117,0.01696213825134487,0,-5.230139387975,5.012829378617665
cube1242,tuca1253,-0.5635125947414203,0.024082605471637115,0,1.5061048878643248,4.068327946927105
culi1244,araw1282,-2.4881430324551164,0.02058464784652395,0,-3.9368841427925,4.814052156873305
cusc1236,quec1387,-3.4040884451972637,0.01881423412045908,0,-5.773950143155,4.637413194587465
czec1258,indo1319,2.409459996947427,0.014455892739126112,0,4.2757077056347494,3.9541605686719103
daai1236,sino1245,-1.7569009905607564,0.027558395929305684,0,-5.457850913374999,4.309464335894949
daas1238,afro1255,-0.2030689211968651,0.02598055962732916,0,-1.38248620506275,3.8011662328666853
dagb1246,atla1278,3.3512872318603457,0.01881754244504791,0,9.506655370994999,4.73627144371651
dagi1241,narr1279,2.938094271646168,0.016016463247753555,0,3.5115334052350002,5.38905511041899
daur1238,mong1349,-3.8472812322024383,0.010602010483852587,0,-13.01824015885,7.50173224450152
daka1243,aust1307,4.0688469561135046,0.017095368950826313,0,7.1563026518,4.281098399844785
damp1237,aust1307,3.339939399729933,0.04140057213923895,0,7.26362780982,4.346925629535026
dana1252,aust1305,5.136535937477047,0.022983504161449866,0,7.906580595935,4.2706868381072205
dand1238,drav1251,-5.315930902848004,0.03321042427024795,0,-6.0902333538099995,4.6848781315464
dani1285,indo1319,2.701087347938193,0.012987610182769633,0,6.8895742893625,4.39252648473023
dara1250,indo1319,-3.7116747907923653,0.013891444792282345,0,-3.9400016907550004,4.36697545312754
darm1243,sino1245,-5.38101894297046,0.02423755275723113,0,-5.014493374984999,4.319324956480186
dawr1236,gong1255,-4.774697880182702,0.042107344014592395,0,-5.552167682175,5.029173337475255
daza1242,saha1256,-2.531922346668564,0.01110718820422061,0,-6.6593665483325,5.44968505271642
dege1246,atla1278,3.311851383200341,0.01738007359709864,0,7.94998256259,4.52917148029242
dehu1237,aust1307,3.9090841092039232,0.023396605855864262,0,7.616897521135,4.373817097685215
desa1247,tuca1253,-1.6550418125558632,0.04254663274046946,0,0.530355207418,4.110523165765626
dhao1237,aust1307,3.4630665239929277,0.022628843123543425,0,7.328770817855,4.358954034449
dhar1247,pama1250,1.0843271946097692,0.041251112384885054,0,1.1834870402375,4.175271181488645
dhim1246,sino1245,-4.803711762573542,0.022723299103118474,0,-2.9130580548075002,4.17196825624958
dier1241,pama1250,-2.0897896276430115,0.030653901166409005,0,-3.98051268849475,4.662829086323946
digo1243,atla1278,2.8229399643948927,0.02126120866094513,0,12.082387776125,5.08410331751932
dima1251,sino1245,-3.198694703248853,0.017857465124300066,0,-4.78727609586375,4.19317792433178
diri1252,atla1278,4.453061402319616,0.022826824130413596,0,11.84804654955,5.14129468429306
djee1236,mani1293,-3.0133076150673985,0.012390499558527342,0,-7.013121441665,5.712199931735695
djeo1235,nucl1710,-1.3464682237455865,0.011992417035882628,0,-5.5539132059375,4.7183267863599045
dobe1238,aust1307,2.047011450559274,0.01975644058174134,0,7.0286977588349995,4.374908010499315
dobu1241,aust1307,-1.4046392022320258,0.025022537082510107,0,0.92694520836475,4.1878043799044
domm1246,nucl1709,-4.627518192495254,0.017853196267026958,0,-5.7840608727175,4.779670584104339
dong1285,mong1349,-3.4538916449441928,0.019338394583348142,0,-13.0134464775,7.47112352910097
doro1266,manu1261,-5.456629964793061,0.025988708551200303,0,-5.6450730726225,6.180159955393755
drun1238,sino1245,-2.4069987019677797,0.016157339240457914,0,-3.05519292468125,4.159247968187965
dual1243,atla1278,4.316322888879148,0.024763104689671855,0,11.700999294214999,5.15136022251421
chug1252,sino1245,-3.499609707923491,0.021032168510562266,0,-2.6235442203675,4.21941993383608
dumb1241,aust1307,3.9050816580448746,0.02578106461639914,0,7.707988121565,4.359513024671175
dumi1241,sino1245,-5.87079389111619,0.026349390363408415,0,-5.0849804647525,4.51083885423549
dupa1235,aust1307,4.382996634874474,0.034130379874426874,0,8.418064098955,4.41394249439952
dusn1237,aust1307,3.6070376148543364,0.023129198580746288,0,7.10938959004025,4.496688192223835
dutc1256,indo1319,3.2997131979498358,0.015530011036086918,0,6.71713281182,4.450731130724745
dyir1250,pama1250,-3.226845280813745,0.04017719657060851,0,-3.059498090405,4.533008434863605
dyul1238,mand1469,-5.830354005633298,0.02857973322390554,0,-10.0804184292925,6.04025366738391
dzao1238,hmon1336,4.736901846640402,0.022476808314122406,0,8.225088988222499,4.8291617860414195
dzon1239,sino1245,-4.4436990029602725,0.020390033989887466,0,-3.77684193323475,3.966003572806875
east2443,aust1307,4.247355825380529,0.021478572743393563,0,7.57639237077575,4.3452174229279805
tang1336,sino1245,-3.1981721317017557,0.02723554542622446,0,-2.34208954421225,4.168065853003791
nucl1235,indo1319,-2.056887179095046,0.012421929671092707,0,-0.8064731707127499,4.593428230015681
sout2896,aust1307,3.8692777571727834,0.013566539344392115,0,7.43422495905,4.37167460592595
east2555,tupi1275,-1.3136595839232084,0.01680987255315536,0,-3.4074140440875,4.27871453268685
east2332,aust1305,5.0837288553472755,0.01309104135050597,0,8.11072701143,4.313020097700335
east2556,otom1299,4.9008491576559,0.02791079664763969,0,6.1543004309225005,4.98927718838872
east2342,sino1245,0.545911856040121,0.018536492925074755,0,1.11998680045,4.0289355666856945
east2328,ural1272,-0.8803580767918584,0.010973762076872284,0,-0.64452622292275,4.228959488274045
east2333,aust1305,4.8470610532128635,0.019727119737784134,0,7.979805889525,4.30184194272077
east2773,sino1245,-6.091087504811576,0.012441008595465,0,-4.991301292725,4.51374221282736
panj1256,indo1319,-2.211174331753771,0.021483858300032625,0,-2.969598266909,4.30549990594913
fina1242,aust1307,4.882588286936234,0.030964082099365017,0,8.400819598542501,4.405582348910585
east2694,aust1307,4.5408047545524415,0.02586888642607211,0,8.410395628349999,4.372247183015659
east2447,aust1307,4.39477120628889,0.01940125060999903,0,8.638186930589999,4.217205983750356
east2516,nucl1709,-4.940786042195249,0.024668324495843257,0,-5.955029725325,4.8997997679544305
huaa1248,tuuu1241,2.2441401200211253,0.01225869133959888,0,2.417958481095,5.1979973075672845
wall1257,aust1307,4.6895340225702675,0.027621105507900374,0,8.6332058079,4.19372367698371
egyp1253,afro1255,2.731681328169492,0.012960145856244717,0,4.6190405765525,4.09202116924371
eipo1242,nucl1709,-3.6224459408400778,0.017057833496482308,0,-5.955328181645,4.7466402804680445
ekar1243,nucl1709,-2.106802050710114,0.017062683988710105,0,-6.231270023423249,4.70458495733099
elem1253,atla1278,3.380343243317069,0.013948539221702626,0,8.167861704387501,4.68959295419985
elna1235,utoa1244,0.8548175095845838,0.032514654528512606,0,0.8384668292799999,4.04745538535708
emae1237,aust1307,3.5398853995294246,0.025388713602878508,0,8.604580543634999,4.221996421165285
emai1241,atla1278,2.6913833213323146,0.012916894101558425,0,8.102451489324999,4.49592798142323
embe1260,choc1280,-3.248387483286881,0.020103002192317653,0,-5.3980208796605,4.76263453326742
embe1262,choc1280,-3.3052536409068676,0.0213590528530918,0,-5.395648574319,4.7772376819271845
stan1293,indo1319,3.2965938808903172,0.013274122614689925,0,6.800919738734249,4.417330217283681
enuu1235,sino1245,-2.18584623963586,0.021261464869542567,0,-6.3804320932300005,4.18900633888312
epen1239,choc1280,-3.491468844749659,0.020910932022274765,0,-5.385989327144,4.8067870647763
ersu1241,sino1245,-2.2491584569856133,0.02519577872636454,0,-5.285112587805,4.34396866698543
erzy1239,ural1272,1.0595191789878269,0.012752583171985415,0,3.0935793193,4.09315170382825
esan1238,atla1278,2.754746134558877,0.017836955155286268,0,8.0956892884825,4.487310063194145
esee1248,pano1259,-3.7915644257780166,0.018915598811292747,0,-6.66790337907,4.792688235752635
esto1258,ural1272,2.238250636480018,0.019121300622106076,0,4.1013019490475,3.980139095596845
eton1253,atla1278,5.4571417466640675,0.022082803202803616,0,11.67851058113,5.14537501611857
even1260,tung1282,-4.341546124351813,0.013611265117555553,0,-13.2263508113,7.4897583100752545
even1259,tung1282,-4.96869828831325,0.011820433632272908,0,-13.27700777792,7.49570407220902
ewee1241,atla1278,3.599426395115902,0.022445668024904143,0,9.726673529900498,5.0179243734479755
fala1243,sino1245,-3.1220069231698564,0.02771092488263732,0,-5.4246632935775,4.345836192088335
fare1241,atla1278,3.151940906997282,0.019361823234168993,0,9.4917793702775,4.7474750388002604
faro1244,indo1319,2.4710259423717202,0.009777469704295187,0,6.939933007475,4.38151597441281
fasu1242,fasu1242,-4.522758979521703,0.04845677240168164,1,-5.792383921646,6.02288714531001
fiji1243,aust1307,4.313744178511611,0.020219785040472806,0,8.330221281875001,4.26689081470842
fili1244,aust1307,4.6532070986559635,0.030200447148908002,0,8.4840298231875,4.36348644280755
filo1235,toto1251,3.7343325372380534,0.03831506103673137,0,3.012515892131,4.727756594018765
finn1318,ural1272,1.5485462759532194,0.02798168700706313,0,4.3373769034217,3.9462915596444
foii1241,east2499,-4.464571469039514,0.038710779340658225,0,-5.92782913452425,5.945806644764545
fonn1241,atla1278,3.5791751599123747,0.02353611404764809,0,9.7532239676,5.0017511922942
fore1265,ural1272,-2.5927849110482275,0.012236754065369006,0,-4.32082918524175,4.532991505265665
fran1266,mixe1284,3.54687108381696,0.017631950179799797,0,3.3557886069525003,4.68318589408212
stan1290,indo1319,3.3973831005809716,0.01557215332335564,0,7.492325582565,4.302032794815525
fuln1247,fuln1247,-2.879910030997695,0.01732304706625342,1,-4.0800705967669995,5.240027091453095
furr1244,fura1235,-1.6434580784418071,0.009182297501736485,0,-5.381483938132501,5.86712882126359
futu1245,aust1307,3.870750585690241,0.024853744334328066,0,8.606248687874999,4.253357971752955
fuyu1242,fuyu1242,-4.742981197886909,0.04348577530949963,1,-6.5037206390375,5.836865347116545
gaaa1244,atla1278,3.9799055474852727,0.023824896502445427,0,9.7726691606,5.015389350658305
gaaa1245,atla1278,5.227964372857552,0.03473117618245857,0,9.87755496478,5.27125819465622
gaam1241,east2386,1.3516341406972132,0.010501859191028142,0,4.130456742795,5.390521688253055
gaan1243,afro1255,2.6247577743905603,0.013122850859040103,0,6.863502560205,4.355932437206276
gade1242,atla1278,2.5919324237182124,0.01833180517925563,0,8.103167492975,4.394583731823481
gaga1249,turk1311,-2.977474159203548,0.020125873481767045,0,-7.9458590442225,5.09103240197164
gale1259,nort2923,-0.5435990639235523,0.02301232134775192,0,-2.775863740378,4.50506037975459
gali1262,cari1283,-0.596093744668173,0.01891454492034221,0,-1.8103127676775,4.002155829207785
gali1258,indo1319,2.9785219804777094,0.007182801586145366,0,7.541412214375001,4.304665506009689
galo1242,sino1245,-3.3628653438613823,0.021584098717433244,0,-3.65566196796025,4.142673121132635
gamo1243,gong1255,-4.756827948816789,0.04540847947327147,0,-5.543714408327499,5.063442814103185
gand1255,atla1278,3.798888118474907,0.023113548700316837,0,12.16761286445,5.0229565192990755
gang1266,sino1245,-3.2039883578199353,0.023917130448501064,0,-5.2775664668074995,4.38543009740204
gant1244,nucl1709,-4.658453458665365,0.021019995762345343,0,-6.4847274284545,5.5594607416547746
gapa1238,aust1307,-1.8738513610768028,0.023775944610499918,0,1.3057051463042502,4.1771272877063605
garo1247,sino1245,-3.650508006704778,0.019464489345676385,0,-4.8002681317825004,4.16075628362494
gata1239,aust1305,-2.6184429208394757,0.016964551698208555,0,-1.0026833732175,4.034019777567735
gayo1244,aust1307,3.6375134893476333,0.03441178625165338,0,6.7705612165775,4.290137212346995
geba1237,sino1245,0.9536650923583978,0.020419427555890244,0,1.06706555762625,4.038370764499925
geda1237,aust1307,-0.2230614239411123,0.025115835777169814,0,2.86230827214,3.999958905783515
gela1263,aust1307,2.8086268829070953,0.022015306796969114,0,6.69774859588175,4.26901206231847
nucl1302,kart1248,-4.028146257027138,0.02041058578061091,0,-7.4805571088114995,5.96705078386882
gese1240,aust1307,3.48085938759829,0.016999691219988986,0,7.106643366389999,4.40584322194251
ghad1239,afro1255,3.191068968386823,0.012069151617375472,0,7.7196668154250006,4.821184185875785
gheg1238,indo1319,2.9886069252452088,0.01270060261734933,0,3.898117350785,4.578026910023455
gida1247,afro1255,3.1406421675605065,0.02390186999787258,0,6.0302510346425,4.278750964667555
gira1247,nucl1709,-4.445697248671209,0.035176811355940106,0,-6.3860232462875,5.6783971068382755
glav1244,afro1255,2.9253822832049425,0.015599430602089782,0,6.5090507279245,4.2969189814457955
ghod1238,nakh1245,-5.04845672014739,0.011727762725153393,0,-8.742005245600001,5.805130895637475
goem1240,afro1255,1.675275530071349,0.013586181776392389,0,6.6508718735825,4.34810404730394
gofa1235,gong1255,-4.76083752205713,0.04566282916349129,0,-5.54953722890225,5.046218618747885
gogo1265,suki1244,-4.730662567462163,0.04524523235603316,0,-5.851239980695,5.771762348085645
gola1255,atla1278,1.6506492998630788,0.01799967782574165,0,5.4073981974985,4.4029002949200855
goro1270,afro1255,0.0595163351173403,0.013324475691621549,0,-1.6799166220925001,3.959975143786485
pare1266,aust1305,-2.5758883284319465,0.016122600409917393,0,-1.0185791541657498,4.035559189628005
guah1255,guah1252,-1.9707184164884701,0.013294405049792127,0,-3.8786594892275,4.99966241049823
guat1253,guat1253,1.5199106496276684,0.0076773389460829695,1,2.7181517269224997,4.84784036288016
gube1234,atla1278,3.226986842461114,0.013855724381355981,0,7.5029049367925005,4.71937498469606
gude1246,afro1255,2.7688099513338345,0.014341022843180248,0,6.834285956345,4.3891717095760345
guer1243,otom1299,5.118178537514997,0.018741481707801357,0,6.3017366817175,5.11301185262184
guhu1244,nucl1709,-4.320490914501265,0.01506963090425475,0,-6.0654762053375,4.85790390531626
guiq1238,sino1245,-2.123540522036887,0.016209945133463063,0,-5.40501308148,4.312701340010185
guma1254,aust1307,-1.169975798682015,0.019766363115797592,0,1.0646052518575,4.16694954126915
guny1241,pama1250,-0.359135488152022,0.032321507296552726,0,0.157727529315,4.29594344259583
guro1248,mand1469,-4.9444729585553695,0.01474346701751231,0,-10.076319867550001,6.03891891387929
guru1261,sino1245,-6.05339983016707,0.029007539128640233,0,-4.7771728027275,4.3042237842954645
guru1271,afro1255,1.5423219246799906,0.03673486482236794,0,4.8069026577,4.205901194280409
gugu1255,pama1250,-4.01238138106593,0.04098324898562046,0,-4.273146147834,4.646711019382105
kwam1249,koma1264,-0.1125576752624783,0.015024503406475714,0,3.1139494530125003,4.732683623042365
gwen1239,atla1278,2.5103839343951866,0.01796791699988244,0,12.09961292815,5.059839860639515
gyel1242,atla1278,5.210890549152824,0.024420064491597605,0,11.737881313625,5.11513392469714
haaa1252,atla1278,3.951573119008017,0.017764680934665173,0,12.1109825169375,5.061815325648039
hadi1240,afro1255,-2.358052750596551,0.015562279773097073,0,-2.94111406225775,4.090546698351265
hadz1240,hadz1240,-2.5448176985206636,0.018395128677168512,1,-5.825504734755,6.79106248293063
haka1240,sino1245,-2.842988615612541,0.01961461808114535,0,-5.3778946004925,4.35306371648646
hala1252,aust1305,4.996251428923688,0.017145525257720486,0,7.8149924813825,4.38233091662586
halh1238,mong1349,-3.9881982348717013,0.02393777117424398,0,-13.0357448372,7.49933284601977
hali1244,aust1307,2.3486355304214133,0.021740632597710176,0,5.9011109157475,4.202230793745516
halk1245,sali1255,3.4472228615089207,0.027921687160398317,0,5.459704574145,4.650796804737395
hame1242,sout2845,-2.8539538333078682,0.024112683515217784,0,-4.3864459115415,5.371061813279785
hang1263,nduu1242,-3.6088677484997156,0.022401460208714693,0,-6.68352746425,5.574980397404935
hani1248,sino1245,-1.9966171406290283,0.02111192742881135,0,-6.393013195849999,4.17444053333581
hano1246,aust1307,4.217154223038699,0.009817845144394018,0,7.5785544502875,4.335678200934295
haru1245,piaw1238,-4.273726766707734,0.042280264750192545,0,-5.890578036412499,5.961739851189085
haus1257,afro1255,1.8671694078826127,0.018081942577976576,0,6.22632914477375,4.343120962896845
nige1253,atla1278,5.110002198732189,0.020289748974515815,0,7.5690193767450005,4.683700544022734
hava1248,coch1271,-3.8056440158270313,0.040235295833033334,0,-4.16137465223525,4.96839328098881
hawa1245,aust1307,3.1515908124754266,0.019160235617856507,0,8.725372908375,4.178651408665106
sabu1255,aust1307,3.5201912565990874,0.012658326914083659,0,7.3137861838175,4.359462875805865
hdii1240,afro1255,2.77212957849107,0.004615758271655098,0,6.1344254732925005,4.2557310234892896
heil1246,waka1280,2.34447872334531,0.012313705230713732,0,3.3631304323975,4.768049403592785
here1253,atla1278,4.606796488084346,0.02326592803948615,0,11.82139563545,5.113021503880895
hida1246,siou1252,-3.302983621204711,0.013637401185141946,0,-5.26913284518475,4.997186154587735
high1276,mixe1284,3.7347140097886475,0.02271282249787044,0,3.338249924485,4.71819145887203
karb1241,sino1245,-3.1653966393284003,0.0356010493659667,0,-0.6733722575525001,3.914457426909335
hind1269,indo1319,-3.715684257116048,0.016630518228853135,0,-4.2588951427072494,4.37206800401379
hixk1239,cari1283,0.5909521962229667,0.026278953694091393,0,1.3149132634995,4.0262821145482945
hoav1238,aust1307,2.7246539338274953,0.025147659594734435,0,6.424886764475,4.225170460372945
ainu1240,ainu1252,-2.8902502391384215,0.010201642998227909,0,-9.761847353090001,7.745092351882745
holo1240,atla1278,4.783907877719695,0.022973850138792145,0,12.019219767595,5.119598947849825
hone1235,atla1278,4.63576006920663,0.014173129924946681,0,8.045909394525,4.4694708776421255
honi1244,sino1245,-2.169541227533853,0.010382897274247953,0,-6.35987705915,4.184681033124245
hopi1249,utoa1244,-2.8915574383205604,0.02093523484307191,0,-4.23688444026725,4.413034210652725
hote1245,aust1307,1.3481223211023738,0.02092078523451892,0,6.7262159250275,4.223768608051699
huuu1240,aust1305,2.805119188860146,0.008911794993760666,0,8.0696402336925,4.18332574351901
hual1241,quec1387,-3.1866798968646437,0.014791849400521475,0,-5.6610204538375,4.662272884602345
huar1255,utoa1244,-0.8376150857223608,0.020637430872154583,0,1.2663596670850001,4.075484665516295
huas1242,maya1287,4.2416933258593605,0.030288839495297638,0,5.3222266366075,5.11719554704844
huic1243,utoa1244,0.4225291153249555,0.030358973860904272,0,-0.852490952855,4.033508048816699
hula1239,aust1307,-2.34750688880779,0.02058026611004035,0,1.6162755294025,3.95049149167797
hula1244,afro1255,-1.200244440046401,0.01052832971652165,0,-1.410448691145,4.0820320096934655
humb1243,song1307,-3.0629086773531595,0.029066739365813,0,-6.65422791595475,5.169745021766355
hung1274,ural1272,0.06375532278190535,0.010215831221575015,0,-1.2880385328930002,4.243143145280425
hunz1247,nakh1245,-5.186568600697987,0.009361991658620226,0,-8.74518415913975,5.827719452016201
hupd1244,nada1235,-1.250226566631801,0.0189097665101668,0,-0.2874981229775,4.530362808593865
iaai1238,aust1307,3.8899901370682666,0.021848684577006536,0,7.554437005980001,4.398294732400656
iama1237,aust1307,-1.5079495596870547,0.023873556889658323,0,1.03441854622925,4.18162508147396
iatm1242,nduu1242,-4.068721806146391,0.032672257826230344,0,-6.5608312054125,5.6770963235654754
iban1264,aust1307,1.7474659922959703,0.02277755366455751,0,7.79934062209875,4.24966299231522
iban1267,aust1307,4.4616143086743465,0.025652099234644253,0,8.45176032953025,4.370343437984725
ibat1238,aust1307,4.116244833345508,0.020960346825193783,0,8.43259884802,4.374516067257105
ibib1240,atla1278,3.8524271820714757,0.023365196381461263,0,8.06609064085,4.716667449902005
icel1247,indo1319,2.2501522960802802,0.007020876536313489,0,6.9386850071475,4.38157368376514
idii1243,paho1240,-4.82579546879427,0.042532020199275974,0,-6.17445629737,5.717724616466615
idom1241,atla1278,1.7967931445270549,0.025395074108895313,0,4.2821129084875,4.23233809699393
idum1241,sino1245,-3.1853067523961363,0.0182877972297462,0,-2.96365526583275,4.207188260830691
idun1242,aust1307,-1.5646084079600455,0.02343664524877761,0,1.02992685686,4.175091498604135
nucl1417,atla1278,3.4027210117692333,0.02451758761786307,0,7.997454729725,4.5117465769973055
ikkk1242,kuli1252,1.917636108667077,0.011003541940362252,0,5.4379178936312496,5.128761454030295
iliu1237,aust1307,3.1387764039185093,0.0278124500945882,0,7.4030752057299996,4.3039414224004755
ilon1239,aust1307,4.611827009147676,0.01828532490477902,0,8.3692305137075,4.41937746871701
imba1240,quec1387,-3.8995951647081037,0.02070241610812009,0,-5.8352804082155,4.638247658575015
ingr1248,ural1272,2.3721812861431397,0.027586545562743224,0,4.515241967510001,3.88596000181417
ingu1240,nakh1245,-4.845791330196809,0.010946963191013067,0,-8.6849898059025,5.830192267261371
alba1269,aust1307,4.662503761241023,0.029753023724915804,0,8.569191476412499,4.33329917627137
irar1238,aust1307,3.5019680339883,0.020344830457722285,0,6.88571184175,4.4742792668506155
iris1253,indo1319,3.489077394683882,0.013547629108948907,0,5.8822182474,4.633891096352945
irul1243,drav1251,-3.3183284655364442,0.022061699429445036,0,-5.9597154713525,4.3847588332614
isco1239,pano1259,-3.9732856092677675,0.028090955760684325,0,-7.07545026278,4.64825355736875
isin1239,aust1307,4.635457819879484,0.024453603420247636,0,8.3860793933,4.394931537980365
isir1237,kwer1242,-2.7312136708597556,0.017837492453655974,0,-7.131922954985001,5.772383253395785
ital1282,indo1319,3.362388224298404,0.010938269788917756,0,7.424071612975,4.3418306385260905
ivat1242,aust1307,3.5975044475771902,0.0185772109902993,0,8.437889286865,4.37802254066014
iton1250,iton1250,1.7276510310151103,0.01764377761073318,1,2.7589808755825,4.87511364274633
itza1241,maya1287,3.996217314700207,0.02496687617001555,0,6.78133332096325,4.887385954881415
iumi1238,hmon1336,2.480728348918384,0.01007446811270238,0,8.319329702280001,4.790287911342605
iwal1237,aust1307,1.1880032215600285,0.021754296239645414,0,6.7453017193675,4.210978945846845
iwam1256,sepi1257,-4.1266169369645045,0.04547076688960283,0,-7.735705342225,5.754382843874775
iyoo1238,nucl1709,-3.530411188894952,0.01843849606929477,0,-4.3349702595225,4.50804711434769
jahh1242,aust1305,4.252391479880863,0.009716386642465647,0,7.781715045875,4.360397064375365
jalk1242,mand1469,-6.233399534882764,0.031408884374225794,0,-10.042106281275,6.04570892072328
jamb1236,aust1307,2.7001666206041,0.017571282135154798,0,7.8711853417665,4.19856157323723
djam1255,mirn1241,-3.5224897094433176,0.042874281120645466,0,-7.28147083246,5.67605132741145
jams1239,dogo1299,-3.1438026927662612,0.018797579149950512,0,-6.5424908453625,5.746822412072935
nucl1643,japo1237,-4.039624069004345,0.01131993623916526,0,-4.55065023980875,4.962544548623725
japh1234,sino1245,-2.2218674020190985,0.020187126229990804,0,-5.0946197866225,4.340976621850929
jaqa1244,ayma1253,-2.8763666072081504,0.018185747404907675,0,-5.1917242165649995,4.812374331797814
jara1266,aust1307,4.302890373574374,0.011027050700779006,0,7.63666813300525,4.28977391880836
jede1239,aust1305,4.8087882465991845,0.020682075314356722,0,7.854428436052499,4.343411689365
jeha1242,aust1305,4.439105887802706,0.017410443005319274,0,7.8465318505749995,4.325360872626055
jeru1240,sino1245,-6.129747624644098,0.023310476799509417,0,-5.096154738325,4.509113734273164
jiba1237,atla1278,4.958997786077086,0.01723239801938286,0,8.04280280995,4.47716240322328
jina1244,afro1255,3.3447413115872298,0.008314745664280232,0,6.2871247932975,4.27681777645291
djin1251,mirn1241,-3.116374558847006,0.038486420192443624,0,-7.3247667342125,5.6256627907823145
juan1238,aust1305,-2.1936130885411558,0.011440326056976074,0,-1.2475921988385,3.994707730336755
juku1254,atla1278,4.425274279526866,0.014220081183273846,0,8.048879510585,4.476117511673875
jurm1239,cent2225,1.767283056616174,0.013455993805166863,0,5.54459141504,4.12485145308613
kaba1281,cent2225,3.288898726780814,0.015709838831250086,0,5.705296897849999,4.0530671795640405
kaba1278,abkh1242,-3.764893489520015,0.010552785383827937,0,-6.1579019480825,5.64898217584401
kach1284,gong1255,-5.202695207817019,0.030687987718767424,0,-5.4884863278842495,5.130179436284195
kada1242,drav1251,-2.221493692954481,0.02634661408674835,0,-6.14885131058925,4.343100785941536
kado1242,sino1245,-1.7989545887136156,0.012620572952304072,0,-4.899143946975,4.08943401774887
kafa1242,gong1255,-4.336469948886094,0.0174613358619969,0,-5.44647809167375,4.9767960022161954
kaga1256,aust1307,4.319543052683757,0.028941015495476827,0,8.426694653350001,4.377546270094105
kagu1239,atla1278,2.963115534391845,0.02237482610152132,0,12.105127137897249,5.05402003893438
kaik1246,sino1245,-6.151079602407234,0.0260564901824516,0,-4.68035310742525,4.3545734461841
kaki1249,kaki1249,-4.089881671952346,0.03313345519947627,1,-6.066127740978001,5.93721068191081
cacu1241,kaku1242,-3.039287796152739,0.02210610010805633,0,-2.7500150718125003,5.228845714920601
kala1399,eski1264,-2.027841989330943,0.014060638123654426,0,-2.1934178609647503,4.6431169643228305
kala1388,aust1307,4.424590468235475,0.028000671744019597,0,8.551430612592501,4.33383262474535
kala1384,atla1278,5.152215113337547,0.018007302612198035,0,12.0988319542,5.07946317098561
kali1308,sali1255,3.157923301723198,0.02313269421096924,0,5.7798839579,4.588737921404425
kamm1249,atla1278,4.828590822174092,0.026305546650167242,0,7.982287876406,4.668721011436395
kama1370,nucl1709,-3.859668629696279,0.008801266274797947,0,-5.9746489619875,4.8482823365228604
kamb1316,afro1255,-2.428996602343517,0.015704980234854626,0,-2.9554778123745002,4.08321732957107
kamb1297,atla1278,2.651364819354166,0.012398353130722349,0,12.090652329874999,5.07259066542718
kana1286,aust1307,2.851046907576327,0.037099761675975305,0,0.9975910328147499,4.23630469422276
kani1286,nucl1709,-4.054380954287087,0.02260303520719675,0,-5.986127714849999,4.846434165117695
kank1243,aust1307,4.906770545477984,0.03257855949449358,0,8.395404915324999,4.39574835998563
nucl1305,drav1251,-3.388893812196513,0.02290161734712832,0,-4.116261577255,4.19698498666124
bidy1244,atla1278,2.356792620842695,0.018273413507455406,0,7.4496357225875,4.7260432063999644
kaon1241,atla1278,5.003256617764551,0.025396129590266766,0,11.766833097949998,5.16255006622046
kaqc1270,maya1287,4.581055242356312,0.025070921637745932,0,6.455279275220001,4.968322161778856
kara1482,cent2225,2.4518439467800057,0.022238656471033926,0,5.6233669559475,4.082057037828569
kara1500,nucl1710,-2.1667468785397723,0.014196615856040337,0,-5.5414096219935,4.719250860028805
kara1486,aust1307,4.220576794762254,0.02384183795551786,0,6.052760493089,4.349328889830165
kare1335,ural1272,1.7027924115755597,0.02465075202537672,0,4.5781779706742,3.8757760974350797
kari1311,tupi1275,-0.29858690022201095,0.012939648200082199,0,-0.80436313691075,4.172344444881849
karo1304,karo1304,-2.627975825901768,0.015874365940799707,1,-4.333038617190001,5.217325220608295
kash1277,indo1319,0.02832824471559635,0.012274081641709624,0,-0.65627043534,4.123323978606865
kask1239,atha1245,-3.6103618151026238,0.01750073422003739,0,-6.7241484755375005,4.866165492249115
newa1246,sino1245,-6.257346827385831,0.02042763486685776,0,-4.993619932365,4.517278585285055
kats1235,sino1245,-1.7862691089318716,0.01866110680574848,0,-5.94262254981,4.212606368435715
kana1291,katu1274,1.456683340951416,0.007788273036842415,0,2.88055378495,4.762204317605075
kava1241,aust1307,3.1955506419072686,0.05109350149221688,0,6.810637977932499,4.69828078470173
kaya1315,sino1245,1.010853260124652,0.018266565995908354,0,1.0826506188925,4.045738742730395
keap1239,aust1307,-2.3290778685638234,0.013502463033197895,0,1.6144634882925,3.948963165487555
keig1242,kadu1256,2.660365895675336,0.014957245407761529,0,3.6012964944899997,5.318061039288654
kele1258,aust1307,3.033065721063763,0.024830413622203246,0,7.3215927771,4.35856580940772
kele1259,aust1307,4.911601223897646,0.02689063603878626,0,8.4046790038025,4.38191781890956
keme1240,atla1278,4.59125792879739,0.023929447811040432,0,10.890609144025,5.315397437531585
keng1240,cent2225,2.8117485094035723,0.023696980027863045,0,5.737756657399251,4.060665442971359
kens1248,aust1305,4.879387563378522,0.011890685436809762,0,7.8435508453,4.332972630309975
kenu1236,nubi1251,-2.2860864451356555,0.01622095842534787,0,-4.179302220125,5.610752631197045
keoo1238,aust1307,3.642601297200044,0.029966280749755558,0,7.27716375886125,4.41116855575452
kera1255,afro1255,3.488860725035086,0.015223979954108666,0,6.317290644575,4.550841587930355
kesa1244,nucl1709,-4.186387088051165,0.018173870508445097,0,-6.377057054199749,5.6498326858781756
kett1243,yeni1252,-3.8909632615187286,0.015053832955135934,0,-9.8700185788525,8.012870546566305
kgal1244,atla1278,4.860485507038168,0.013438664430994583,0,12.1689802008,5.028534483433649
khak1248,turk1311,-4.356868583997489,0.026541116490978903,0,-7.9562421054475,5.1071630590243
khal1275,sino1245,-5.568767486203925,0.021539223813375103,0,-5.07039756404,4.5049348150278306
kham1282,sino1245,-3.6734916578033197,0.02185897250636927,0,-3.7973822868055,3.95487801157523
khan1278,atla1278,3.4097699171226497,0.013833705861531717,0,8.1716302788225,4.65899150549066
khan1274,aust1305,3.4336986141708863,0.00947521705234071,0,8.070358483975,4.19065384969185
khar1288,sino1245,-3.277557251842784,0.02462006068364952,0,-5.2850365189775,4.362679269520065
khas1269,aust1305,1.9562046452502773,0.01514927456376277,0,7.96354237049,4.228311553427716
khez1235,sino1245,-3.174935635088109,0.018671177543021802,0,-2.268787202885,4.18959861942853
khin1240,nakh1245,-5.375126797874776,0.010748612560555901,0,-8.75370183115,5.80348958683774
khmu1256,aust1305,3.8450908683780973,0.010297632733549875,0,8.1041088037,4.326995626904845
guan1266,sino1245,-2.10918700252984,0.018773866126630918,0,-5.2117841814000005,4.279564987797444
khva1239,nakh1245,-5.143597992774625,0.009793240324245403,0,-8.72620453642,5.86130856709607
kich1262,maya1287,4.6297701478377355,0.02963556953968391,0,6.504434793705,4.94973708729385
kiku1240,atla1278,3.563745747151308,0.018598370638838502,0,12.104437059075,5.064611647973059
kile1243,tung1282,-3.831529811692932,0.013042158088324046,0,-13.296446795065,7.44602447357751
kili1267,aust1307,0.10028028482394954,0.01642092251675503,0,4.075034239445,3.896100782467625
kimm1246,atla1278,6.149737572293015,0.02716009237344165,0,7.735357785135,4.676187481124315
kima1246,kolo1268,-3.854201690572906,0.04447002838201276,0,-6.7900749180015,5.608794648570726
kimm1245,hmon1336,3.061518247345819,0.012945940446599082,0,8.2940216806375,4.7835623271443595
kina1250,aust1307,4.651796245817067,0.033155071494364544,0,8.5802164833825,4.326315597273695
kinn1249,sino1245,-5.0601065200517805,0.017817138372248232,0,-4.96239892024875,4.3353013804361495
kiow1266,kiow1265,-2.3878907964965554,0.014115219095414723,0,-4.28115781103475,5.104675230676805
kips1239,nilo1247,2.1138106235269984,0.02156279155283126,0,5.2726465441574994,4.59873787027825
miju1243,sino1245,-2.9071429623156155,0.021793056456212136,0,-2.508887311861,4.126159723102974
koda1255,drav1251,-2.8009023010923593,0.024302726804825054,0,-6.005899887342499,4.40143676904288
koho1244,aust1305,4.719379639556795,0.011592668672411644,0,7.8886803686275,4.299071782203566
koir1240,sino1245,-3.2443787019996666,0.01866852177866041,0,-5.170403825293246,4.428538771967645
koit1244,koia1260,-5.63257974726182,0.03230382554622064,0,-6.9116087928975,6.158917575310145
koka1244,pama1250,-2.4964878277396942,0.030330842810084867,0,-3.4842046888625,4.32179702510948
koko1269,aust1307,2.9775555961214777,0.024208547640177876,0,6.4155618278925,4.24221355966744
kola1285,aust1307,2.589421324471126,0.025596542144529763,0,6.9895704795475,4.391010496398685
kolb1240,atla1278,5.590844312508969,0.020082561206543403,0,8.940544277825001,4.72323745199339
kolc1235,atla1278,5.280233384748666,0.028355909897626517,0,11.7385270212,5.09060427540112
kolu1245,aust1307,-1.5583746612768765,0.010523574483262119,0,1.0653110724100001,4.171260772030255
komb1274,nucl1709,-4.05946918215262,0.02120420048781592,0,-6.11006520091,4.70968999493802
komc1235,atla1278,4.523076722982136,0.022265336783335005,0,10.35967242805,5.259478328972525
komi1270,sino1245,-3.121729018578284,0.019114721423676678,0,-5.168529935203249,4.43505156954785
komi1269,ural1272,0.15362907701026723,0.009799152244756358,0,2.377385425386,4.05541295350093
komi1268,ural1272,0.6598176661534103,0.012397601991897543,0,2.3606301940875003,4.059851895791015
kona1242,east2433,-4.102865138319158,0.01831181436255171,0,-5.8919459842525,5.7981271265204
konk1267,indo1319,-3.525134007518848,0.015127660796266753,0,-4.0028706413625,4.365674417051935
kony1248,sino1245,-2.854213049744401,0.027783246464301494,0,-4.693919438017501,4.17426789647761
konz1239,atla1278,3.921060590889871,0.01792367749902084,0,12.140044812225,5.0429129767644145
koon1245,atla1278,5.373812409105448,0.020794170093151675,0,11.750346861125,5.110705807675201
koor1239,gong1255,-4.915070812320815,0.031202415146469747,0,-5.5001000184675,5.129443795741954
kore1280,kore1284,-2.123705644250795,0.004685424340688061,0,-8.0566422779625,6.991554665031465
kore1283,tuca1253,0.622081603801619,0.018575421796367397,0,1.952238843545,4.272745110533901
kork1243,aust1305,-2.4642354416489023,0.011709945554686825,0,-0.9180704335275001,4.00005254743862
koro1298,atla1278,2.8208332160903433,0.028239407723564498,0,9.474429957419499,4.735839360659066
koro1313,sout2948,-2.5120796002093435,0.01774920781579192,0,-6.333190233542499,5.958714320755075
kosa1249,nucl1709,-3.414150977527725,0.018653797816379138,0,-6.01025259157825,4.72776806733044
kosr1238,aust1307,4.404992836369285,0.007863321688668561,0,7.4745574118175,4.34983501889355
koti1238,atla1278,3.2495646085826806,0.018185723704258038,0,12.1448084296,4.99488309663188
guan1269,tuca1253,-1.3295933890352576,0.024375882581750056,0,-0.3881730266395,4.324037157440245
kove1237,aust1307,3.071825555387516,0.029056440744736317,0,5.7158755457475,4.246116474654685
koyr1242,song1307,-2.80618745392592,0.040336509445750485,0,-6.6654328830325,5.141917495883695
kren1239,nucl1710,-3.2805111991797826,0.02143148402320875,0,-5.484277281440001,4.66174887003563
gbay1288,kres1240,3.2044098738249245,0.01059635233134157,0,5.3441278943715,5.550232402867045
ngeq1245,aust1305,4.940940124078147,0.008476141796394342,0,8.019716660235,4.316186671573876
kron1241,kadu1256,2.522492126453858,0.014531922792360681,0,3.542157922945,5.33054543452088
kryt1240,nakh1245,-5.3748536843118755,0.007441959587691005,0,-8.837978029037501,5.77591519986898
kuan1248,aust1307,3.7611697138496996,0.018161150645333062,0,6.0072718878875,4.32534037776795
kuii1252,drav1251,-5.886901621929613,0.0428703604073647,0,-6.0902642115575,4.704822801953535
kuik1246,cari1283,-1.8170109173337357,0.020076722421909082,0,-1.5825402494574998,4.172196016623885
kuku1273,pama1250,-3.715667766538591,0.034393652833213266,0,-4.25196003767775,4.66636130690246
kulo1237,aust1307,2.9523604929895084,0.01860541445173331,0,6.86538931137,4.76569408905601
fait1240,nucl1709,-4.483995096323861,0.027520699080783306,0,-6.4883819017499995,5.566671318492045
kulu1253,sino1245,-5.58083118100404,0.023036941387832747,0,-5.00235301880825,4.54038006806355
kuma1280,nucl1709,-4.598529924606671,0.021644016624214557,0,-5.7915506866025,4.783407564347305
kumb1268,pama1250,-2.1802546629208504,0.034392719519420835,0,-5.168496370030001,4.75761559943185
kumz1235,indo1319,-1.8669895306912967,0.011007608562283258,0,-3.827102075615,4.524047888612264
kuna1268,kuna1268,-3.7664222588271405,0.02887324337100044,1,-6.8822448091625,7.224665172407745
kunb1251,gunw1250,-0.36332460801671795,0.03599460397605126,0,-0.25518047862,4.21980780466548
kuni1267,kuni1270,-4.784249025448186,0.04228959927906515,0,-6.4846327110274995,5.80840875822281
kunj1245,pama1250,-3.192913666867648,0.03633533557112712,0,-3.9902279264039997,4.650399185815305
kuot1243,kuot1243,2.155174368055615,0.008312685124820293,1,0.880142199364,5.000369990619635
kurr1243,pama1250,1.8304516676033895,0.030370808545469953,0,1.922920212325,4.130361987641335
kusa1251,aust1307,2.702196387799295,0.01722891707995729,0,6.421485793345,4.226499920208855
kusu1250,kusu1250,-5.590687738449812,0.02077840973228053,1,-6.905061824315,6.824689676564075
kute1249,kute1249,1.6713656546802445,0.007611431049222269,1,2.4901546107224997,4.9027765056755594
kute1248,atla1278,4.318960133614349,0.025115895343951998,0,7.9814224473225,4.52242558239128
kuyy1240,aust1305,4.719342934736833,0.016322353657043317,0,8.0801900836375,4.31476499181522
kwai1243,aust1307,2.8624499830111523,0.021712641723826344,0,6.0665016950999995,4.135366569750065
kwam1252,aust1307,3.829526638039492,0.026626300765641948,0,7.9022751825475,4.306066320981465
kwar1239,aust1307,2.930106758164646,0.016290448944074176,0,6.08360387640975,4.13976772553012
kwaz1243,kwaz1243,1.5828694207844414,0.009852982647593694,1,3.278677455915,4.9070099041535045
kweg1241,surm1244,2.3175136798944744,0.012021929849634273,0,7.0877122744125,4.81808861685734
nucl1595,kwer1242,-2.8997655524585406,0.026472759786767473,0,-7.093426515825,5.79737736503263
kwin1241,worr1236,0.2800383080722398,0.026874741329415554,0,0.078725627687,4.46640075820763
kwom1262,sepi1257,-4.02763827561144,0.03105674393052897,0,-7.7658473281500005,5.74376351958747
nucl1593,kwom1263,-3.06593724158731,0.027241413181071688,0,-6.8444079169925,5.937861195147965
kxoe1243,khoe1240,-2.5826670421534312,0.010232667416826898,0,-4.34302024780675,4.94523198078459
kyer1238,sino1245,-6.042477703465399,0.02380636251675344,0,-3.736322574954015,3.970988717212455
cori1240,atla1278,3.411200111774069,0.017730926243782516,0,8.24464995194025,4.67663887385034
laal1242,laal1242,2.955358931807355,0.019668267075449778,1,4.773172425061,5.92617564992921
labu1248,aust1307,1.727508356364606,0.015262141317200209,0,6.6054156920555,4.23693264127781
lach1248,taik1256,2.489909738751913,0.019593014254857235,0,7.05417211333,4.943643806043605
lagw1237,afro1255,3.3248814650817478,0.009239743430374845,0,6.2254964722675,4.2874293732777105
zaye1235,sino1245,0.6779954509708994,0.017426066995162456,0,1.10956775174,4.049125928549455
lahu1253,sino1245,-1.78097560952004,0.019599772145402067,0,-6.09857204247,4.213973649271575
lahu1252,sino1245,-1.929213491299472,0.026511942854832268,0,-6.108536247875,4.22674571354824
laiy1246,aust1307,3.633101593096179,0.03497975189361829,0,7.2730318259175,4.343485155343361
lakk1252,nakh1245,-5.22028753609877,0.009730092103021835,0,-8.7601575060025,5.83345590148417
lala1268,aust1307,-1.8257082471921289,0.02045288866999104,0,1.50372986492,3.92279776748523
lama1277,aust1307,3.667759096791796,0.02345036387252104,0,7.558781334672499,4.3368310588847105
lama1288,afro1255,2.831084780073293,0.005549561703792412,0,6.142276900449749,4.241808708162321
lamb1269,indo1319,-3.1534848147251884,0.014873595429085573,0,-4.049693015572499,4.44410551307078
lame1260,aust1307,3.879380621004862,0.022289210126545566,0,6.1682944736975,4.103909911720715
hela1238,sino1245,-6.104586744960329,0.01881140051300095,0,-3.7287168553705,3.968611510496825
lamk1238,sino1245,-3.0720967192708315,0.02539338113703529,0,-5.202586438845,4.42326477807242
lamo1244,aust1307,2.8293563940308504,0.024146737408323994,0,5.5220015226,4.18947221161608
lang1320,atla1278,2.456610891148019,0.01291494407983301,0,12.040922429775,5.06401199622199
lash1243,sino1245,-1.9611180045239234,0.008165281568301066,0,-6.2928059695225,4.263286640830485
teke1275,atla1278,5.08370187341628,0.02378189678150861,0,11.793627127725,5.155940427226319
latv1249,indo1319,2.1095118016770193,0.02666477126934652,0,2.87524226195375,4.161118526005785
lave1248,aust1305,4.888783387035298,0.008932717011395511,0,7.8790585148625,4.327647577411639
lavu1241,lavu1241,-2.069889239884799,0.019733480954640763,1,-7.4693998765975,5.9927765029498445
lazz1240,kart1248,-3.6676863554432124,0.020171075615485017,0,-7.47298344945,5.848743745125605
lele1276,afro1255,3.6224413719071418,0.012994137575049119,0,6.331698741475,4.5205310909724155
lemb1266,nucl1709,-4.546091710955274,0.024545318847631156,0,-5.9411247853999996,4.906156081534865
leme1238,aust1307,4.128495289472784,0.02120765592886016,0,7.6719279082375,4.287391574316585
lena1238,aust1307,3.7870257147903272,0.024391988775910662,0,7.935649390169,4.3301772665923
lend1245,cent2225,0.2911328125707634,0.011460321936737867,0,2.3860162743749997,4.06064559253204
leng1259,aust1307,2.6515142138257275,0.02407875535887658,0,6.71653257515,4.266559255705825
lepc1244,sino1245,-5.043078015128566,0.019334917075311778,0,-4.6068369449575,4.58773417670851
leti1246,aust1307,2.490290141445537,0.021836523601979796,0,7.3648941185125,4.298108260158415
lewo1242,aust1307,3.7596134573502273,0.004838322492001449,0,6.173740014225,4.09427124564394
lewo1244,aust1307,3.663082182695533,0.019070609459007494,0,7.5633457760975,4.318412397429086
lezg1247,nakh1245,-4.924778567155963,0.014509927374913387,0,-8.85241360195,5.78512529911589
lian1251,sino1245,-3.274063875849649,0.01975218442403646,0,-2.390776141290625,4.19733403009094
liby1240,afro1255,3.216093809320923,0.00906945088388957,0,4.6769313610825005,4.08323734448085
liji1238,atla1278,3.139713042355632,0.019693212679403913,0,8.34603819625,4.65568011125103
lika1243,atla1278,4.365145922931507,0.02659362545164355,0,11.575483988275,5.18858893857497
lill1248,sali1255,3.5316986750098196,0.019610149467944427,0,5.637123519015,4.6009117648680995
limb1266,sino1245,-5.399617591970548,0.0270667270492371,0,-5.014320149930249,4.5233242045909705
nucl1327,limi1242,-3.0837712435498355,0.030672519129635787,0,-6.453229892675,5.87532927897075
lipo1242,sino1245,-1.5777520504278164,0.01238233529644234,0,-6.0683911211999995,4.1849230745124455
lish1245,afro1255,-1.986900964214725,0.0170689626249712,0,-1.413713145682625,4.0809732577342945
lisu1250,sino1245,-1.8477234758425571,0.029396762437597874,0,-5.9508268463739,4.200700963692115
lith1251,indo1319,0.9681272349668452,0.014957054405467995,0,1.1561369624325,4.121890134165826
livv1243,ural1272,2.290230596209633,0.014879874667627115,0,4.6888566989075,3.8620437808377446
logo1259,cent2225,1.066321919661163,0.016740341432537834,0,4.6153412555725,4.142412534163816
araw1276,araw1281,1.9862741003823907,0.02292970611343761,0,4.6597386356475,4.19522675747845
lolo1259,sino1245,-1.4870095786749165,0.019779557769487807,0,-6.0662730384325,4.17012725666717
lomb1257,indo1319,3.4028162452083075,0.014421681981131047,0,7.456502416035001,4.32128430133704
acha1249,sino1245,-2.1819140480136743,0.020040120375076555,0,-6.247469581779249,4.28417689982739
long1395,aust1307,2.568266323434294,0.014133331899777531,0,6.3374354137125,4.203519356224265
loni1238,aust1307,3.1944223450957883,0.022484314803089874,0,7.316255006725,4.364283232227175
lote1237,aust1307,2.838949912131929,0.025977108114846617,0,5.321974972135,4.14167973740019
loth1237,sino1245,-3.214939889782153,0.017500775098042973,0,-1.532414757305,4.07777506434885
louu1245,aust1307,3.070949079333313,0.019017992783398167,0,7.3027991367150005,4.3644880977301845
vano1237,aust1307,3.7946754938550225,0.024376381266955394,0,7.23132139555,4.402400926243395
lowl1260,tequ1244,3.4829181003012595,0.019815059701990864,0,2.0881934590175,5.023692654671805
lowl1265,utoa1244,-0.7679870185244464,0.027574762564294315,0,-1.53802766146875,4.117736517368005
luan1263,aust1307,2.3607378323640837,0.022547427347152038,0,7.3618839970500005,4.319077988431605
ludi1246,ural1272,2.2644991593920896,0.01953904920603919,0,4.6823556560899995,3.856426995590805
lugb1240,cent2225,0.7400513292321644,0.016979355593335403,0,4.684264629108251,4.112119613160216
lugu1238,atla1278,2.9582673245891407,0.021044060650788197,0,12.099860657579999,5.06646291843307
lule1254,ural1272,1.3206748352120534,0.015815960661255908,0,1.6436929126325,3.6890837937283303
lumu1239,narr1279,2.8191354174043006,0.027411737789197768,0,3.2716441065425004,5.373024978365005
lund1266,atla1278,4.560328124150768,0.02506420781440504,0,11.843447232425,5.12242741210072
luok1236,nilo1247,2.5336689092788935,0.023194083619944694,0,3.794794202725,4.433708635854099
luva1239,atla1278,4.506645638402995,0.02369241083115163,0,11.822218842125,5.14308386006779
luya1241,atla1278,4.438064434037395,0.017392792992412708,0,11.72653830648225,5.14660491610128
maan1238,aust1307,2.150999818395089,0.019935186183176818,0,5.644065069365,4.2514430660791
maba1277,maba1274,-2.4483332876883446,0.007081420936716963,0,-5.47897456972175,5.43155741696719
mace1250,indo1319,3.0931301033166534,0.016295649591092868,0,4.2709788331605,4.11648262108226
maco1239,sali1297,-1.868284665449763,0.007810905733331372,0,-3.8719539021861253,5.069408055603111
macu1260,tuca1253,-1.503408218943643,0.030828473821614546,0,0.0917732822125,4.1843058876290105
mada1285,aust1307,4.098001131838423,0.021946247586805204,0,5.9570685117282505,4.3770432894500395
madi1260,cent2225,0.08884432049911326,0.01586294254129417,0,2.4650851784750003,4.096164014438745
jama1261,araw1282,-2.9675967517329624,0.043791884754379874,0,-3.874565546505,4.858631707239365
mafe1237,aust1307,4.215574075785941,0.021975912842075063,0,7.6393731409975,4.30356677944377
magd1235,otom1299,4.988899099594013,0.02342255737419838,0,6.53256132019,5.0805970795546855
maia1254,nucl1709,-4.376969436006893,0.0179952475127878,0,-6.4121836248449995,5.62073516389096
maia1253,nucl1709,-4.313494137886422,0.027488539978548228,0,-6.4171951695375,5.652076054457471
mail1248,mail1249,0.2570247756004237,0.013880348982210222,0,4.511742229205,4.56899985377285
mais1250,aust1307,-1.7058755653683535,0.019669372414728492,0,1.67129473151,4.157936204086544
mait1250,indo1319,-3.2249642881935747,0.017902206455529632,0,-3.9579318743050003,4.374378797046495
maja1242,surm1244,2.2726155538562542,0.020598197323373577,0,6.7422729266250006,4.89694429955674
makc1235,taik1256,3.150585904558074,0.025626700081959858,0,7.0939167120105004,4.915291194709464
makh1264,atla1278,3.3401506661244005,0.023197044347844625,0,12.158290806724999,4.996997131081355
mala1463,drav1251,-2.4049067190732454,0.02801498192645991,0,-6.0976890632375,4.339032530027435
mala1534,aust1307,4.358243507114775,0.024987085316240366,0,8.455991979075,4.372155953378025
mala1464,drav1251,-2.4158852543764917,0.01988842347772437,0,-6.098709529475,4.35399540782356
mala1522,chib1249,-1.9376654143368113,0.026889758456732735,0,-3.7952239176124998,4.106328512519345
male1284,gong1255,-4.458870171486238,0.03102671212205285,0,-5.448257796055,5.078246682703201
male1297,chib1249,-2.657252987702494,0.02888003880880637,0,-4.5834777507424995,4.419738837522945
malg1251,afro1255,2.8612652203240367,0.014990421632974604,0,6.52470977745,4.28748610094915
mali1285,otom1299,5.0261737138561635,0.018798554273681944,0,5.784646504951249,5.140120699294945
malt1254,afro1255,3.8474689419577777,0.015045596242385299,0,4.6736647319925,4.09565826623307
malu1245,aust1307,4.157822383333818,0.014568814828878177,0,7.374125031325001,4.2754283034325145
mamm1241,maya1287,4.46661639955847,0.035593879507730304,0,6.4909292407025,4.984962302589585
sauk1252,nucl1709,-2.294042168146434,0.02580605050812407,0,-4.6242812529315,4.37524916525714
mama1275,aust1307,4.901288217290956,0.04189414315928782,0,8.56784362544,4.322048257357875
mamb1306,aust1307,3.173293069740591,0.024068824722313083,0,6.8011984197499995,4.351440867484994
mamb1294,atla1278,6.228370068885571,0.019691576771140907,0,8.93439669190275,4.753186232477785
mamv1243,cent2225,0.5520617226732563,0.02531661364428052,0,1.67817412885725,4.14550326761782
mana1295,aust1307,-0.16752868226873105,0.016686622155545856,0,3.2073182603759998,4.0779443618892195
mana1298,nduu1242,-3.8719104940915123,0.034971027989332264,0,-6.613252299847501,5.618307409900424
mana1288,sino1245,-6.153498537703809,0.01304206967411536,0,-4.76571415484925,4.31880609569002
payn1244,nucl1709,-4.573058115734675,0.025355144470058297,0,-6.5075834486,5.5708083435344555
mand1423,atla1278,3.8312223310998,0.01941243080098775,0,12.077359201450001,5.06274210391304
mand1440,aust1307,4.197768558224994,0.02238396174975005,0,6.0382099596075,4.356452300189545
mand1415,sino1245,0.4306988582200641,0.007416076318965247,0,0.263519883645,3.86071007714008
mand1436,mand1469,-3.3470261130475696,0.02341446837783242,0,-10.15255831025,5.964280280031515
mang1378,aust1305,3.0359840778072362,0.005087632868662761,0,8.092697911975,4.31788532651813
rapa1245,aust1307,3.6268154427666053,0.006206765024038553,0,8.70373480755,4.187483542299585
mang1401,aust1307,3.5358908888199156,0.028063331270796073,0,8.6919808958,4.18789550874525
penr1237,aust1307,3.869819100068683,0.01537531921953154,0,8.711703814025,4.18000502235462
mang1381,mang1423,-3.427547702561035,0.019023555524427135,0,-6.28447491225,5.90155911528618
mang1394,cent2225,1.7690658575170342,0.03298307947658924,0,4.0068758321899995,4.115423165289865
mang1405,aust1307,3.539536584721006,0.015401671057899174,0,7.3366920760525005,4.3697437235640155
mang1403,aust1307,2.8913160445176844,0.024417527240094675,0,5.3923994124425,4.2214731586401
tong1308,aust1305,4.515760100026708,0.016163068892643295,0,7.8482839807525,4.337836765970675
manm1238,aust1305,2.8100153562522543,0.00864249726196561,0,8.10226544230675,4.182091227856695
mann1248,mand1469,-5.142066141920843,0.01867009567754914,0,-10.030657291417501,6.07818000094162
maor1246,aust1307,3.24886127679399,0.01721875123271767,0,8.7184283211325,4.18825504426336
mapo1242,aust1307,1.5435763629642723,0.022840501482626844,0,6.70140933624225,4.23589374325148
mapu1245,arau1255,1.870829821217459,0.010742158686388774,0,3.2965292009555,5.038409740387435
mara1382,sino1245,-2.3282783544267938,0.02401382779485235,0,-5.2919242979475,4.3992578516759995
mara1379,sino1245,-3.2344672712668636,0.018067145873660023,0,-2.37335093083,4.21559108508455
mara1404,aust1307,4.853170220869934,0.03759203300215299,0,8.293732195075,4.428854092361095
mara1386,west2434,-2.995886948145589,0.035519091129352504,0,-6.335464703122501,5.87443973589547
mara1396,tama1329,-2.2771011679450783,0.007384240842864337,0,-4.8970310660915,5.88693322932438
mara1378,indo1319,-3.881278022769621,0.014952690801621748,0,-3.9623442661415,4.34280516757442
marg1265,afro1255,2.6003899551566243,0.007692782697248723,0,6.4487034856125,4.317418707651875
mari1440,coch1271,-3.7132545884958597,0.02710167602547799,0,-4.0898735361125,4.973586445920405
mari1428,aust1307,-0.4038037408950206,0.02230482350628914,0,3.071870738127,3.9759493803453747
nucl1622,anim1240,-4.153698872841455,0.019580518463526174,0,-5.683558642985,5.634382169249751
mari1416,sino1245,-3.1684093936967725,0.023573624124024042,0,-2.3110492031,4.17648641927465
mars1254,aust1307,4.1661903224113646,0.018144251266611917,0,7.7198588760749995,4.27192007980714
mart1255,pama1250,1.8111495946447773,0.027268005346890032,0,1.7150882687550002,4.151593827742905
maru1249,sino1245,-1.5430482607482567,0.018339583348125393,0,-6.2751611072475,4.2763831925102505
maru1252,pano1259,-3.9937503619147097,0.027930812248889207,0,-7.1402764611685,4.621595557374825
masa1322,afro1255,3.534200044389843,0.010445999472971963,0,5.916112449525,4.53123981033157
masb1238,aust1307,4.73608592822025,0.0411943014343715,0,8.5975749857125,4.324658317375565
mask1242,aust1307,3.9812698299566773,0.018990596422086423,0,7.402220495422499,4.263661095955859
matb1237,aust1307,4.125512589135496,0.027227797348538828,0,7.120825237677501,4.46226386553125
kemb1249,aust1307,1.3810354692923568,0.023007312582639747,0,5.532219666494999,4.131492058587795
mato1252,aust1307,1.9254594210720266,0.018757125274711666,0,4.67173221247,4.0836727814180005
mats1244,pano1259,-3.462786033116517,0.02021564967272885,0,-6.759793050815,4.78788367319146
matu1261,aust1307,-0.21285982559500005,0.021638560264458782,0,3.120160083267325,4.001586784643885
maun1240,iwai1246,-2.7610665302044266,0.011560654782669277,0,-7.0425416264925005,5.56883882304769
maxa1247,nucl1710,-3.0677893537162957,0.020598702299946453,0,-5.494586374808749,4.662636573573154
maya1285,misu1242,-2.8279809190968743,0.017583762082788765,0,-4.87507190140075,4.99138109169585
maib1239,mayb1237,2.2150363432400724,0.01475775940814006,0,0.25230924430324997,4.949842311110645
mayo1264,utoa1244,-1.0533512346791,0.014409641363491264,0,-2.14259057253475,4.100357856973909
maza1304,afro1255,2.8951255308765047,0.015971792595526186,0,6.8665085975124995,4.365248926890191
mbar1260,afro1255,3.464323980310762,0.037974476344610784,0,5.754366793067501,4.266196843398755
mbay1241,cent2225,3.284077154502461,0.02303628370572381,0,5.6582926817175,4.069624361242055
mboc1235,atla1278,4.355765968298127,0.02250803004264142,0,11.709493149250001,5.155545543179975
mbug1242,atla1278,2.4726703487786104,0.015162985550781967,0,12.050820909799999,5.042583198001569
mbul1263,aust1307,2.67192557029912,0.02156246321907202,0,5.224390727542501,4.14623653841516
meen1242,surm1244,2.1840887249484453,0.011588023169664886,0,7.0991799801425,4.7956621544286495
mehe1243,sepi1257,-3.639527416420447,0.044548274614935386,0,-7.8114019142987505,5.742004831771196
saki1248,tupi1275,-1.700349002140958,0.022768672592184222,0,-2.9886701470535,4.2473966064324244
meke1243,aust1307,-1.0454528738452022,0.02464925768887835,0,1.472079276313,3.92743290925517
melo1242,gong1255,-4.5770574589389135,0.030926577634141268,0,-5.51442896186,5.061922814672335
melp1238,nucl1709,-4.7641781527704605,0.02844622317592676,0,-5.83533958638,4.76767806265988
mere1242,aust1307,4.1480831395634326,0.02032635238311009,0,7.61394896633625,4.32266781484611
meta1238,atla1278,4.274417508187547,0.02253178386565335,0,10.277456402055,5.271177580349985
mezo1235,otom1299,5.322805554216838,0.015252982291231017,0,6.4965168244415,5.075478134575975
mezq1235,otom1299,4.50764116186525,0.019291145892679645,0,6.2314386735375,4.956654692401995
midd1327,aust1307,1.0935454743152357,0.023310440551036628,0,6.695538607825,4.217098875170185
mika1239,musk1252,-3.4605730399020835,0.01749451119591023,0,-5.36841648949,4.766392103905285
mikm1235,algi1248,-1.1900973296968806,0.014512528226452225,0,-0.459500947166485,4.210401491967855
mila1245,sino1245,-3.326283866021952,0.025573926357191787,0,-3.473922333994225,4.254870516013825
mina1276,afro1255,2.9058017060870087,0.008107758208547132,0,6.8655673378975,4.35019536642419
mini1256,huit1251,-2.6076369932117975,0.015677532867401093,0,-4.4075629627925,4.964400944330405
mini1251,aust1307,3.7748561319007328,0.02979295889986385,0,6.032726830674999,4.329619915448935
minn1241,sino1245,0.6545614491577602,0.013806207590956332,0,0.856381706655,4.057022555646565
miri1266,jarr1235,-3.011108439639024,0.019685066730070155,0,-6.5131651205250005,5.87126493461483
misk1235,misu1242,-2.7118864911963794,0.012953724823346086,0,-4.6208192508275,5.038147284091405
mixt1426,otom1299,5.341291589215148,0.030825004468903402,0,6.645941278775,5.0590613285962895
miya1266,afro1255,1.0548780306719494,0.01566109020926297,0,2.59553761170825,4.088912486488205
miya1259,japo1237,-3.2465692121630387,0.00696459192560002,0,-5.0080929637962495,4.852350071087425
lush1249,sino1245,-2.796628819820443,0.019553078232486056,0,-5.33116838845,4.3891727762696195
mlab1235,aust1305,3.979672491947464,0.02118625358127536,0,8.118898982834999,4.3416403283743055
mmen1238,atla1278,4.4679992717966766,0.023131041387008982,0,10.3465544152175,5.26466360526889
moba1244,atla1278,3.3929450653764937,0.03412459243235707,0,9.4755479812125,4.76076320281047
mode1248,indo1319,2.9402039600507557,0.014648741427738662,0,3.3761458368495,4.610703836995575
hebr1245,afro1255,2.1285720649399167,0.012541046271187252,0,1.6326696103499998,4.205976091100835
moke1242,aust1307,3.7048947845708113,0.02629656020390229,0,6.8096207934,4.247551633640915
moki1238,aust1307,4.499531546115799,0.02222439648117793,0,7.864882573712499,4.25999685879549
mokl1243,aust1307,3.785465564854043,0.029627404968721377,0,6.8082907128025,4.254524953265735
mokp1239,atla1278,4.144854325900174,0.0231604564160898,0,11.68210689515,5.170336959237121
moks1248,ural1272,1.1393434768167845,0.014201450164843107,0,3.1329192867025,4.081431560251771
molo1266,afro1255,3.1256347161092775,0.006899524179975879,0,6.39731516740275,4.331360968779375
fass1245,baib1250,-2.86455701121723,0.015902823497195753,0,-6.3767994545025,5.66239764567296
monn1252,aust1305,4.494437276168828,0.01877626424145344,0,8.1605723823675,4.311754115079395
mono1270,atla1278,5.8231585171990705,0.02014058924417699,0,9.1476503134925,4.684162863788445
mono1275,utoa1244,-3.1688472659816482,0.02501745406917555,0,-4.4797782668225,4.335776492080425
monz1249,atla1278,5.648445040798052,0.04814655385299532,0,9.2281507509425,4.64875972658783
mopa1243,maya1287,3.702546071250306,0.01765429169865734,0,6.7655414053075,4.8969160604075945
morm1235,aust1307,2.444152897256976,0.006023401490899637,0,7.23815056111575,4.431658809473525
moro1285,heib1242,1.3372457199272245,0.017585233293942328,0,-0.87404218902125,4.499617678605065
mort1237,aust1307,4.2853739833195155,0.014957117363427492,0,7.975460746994999,4.17991052287086
mose1249,mose1249,1.8416647949361886,0.010203122396372466,1,2.81030165839675,4.91659973332587
motu1246,aust1307,-2.2489160961684678,0.023623583296382623,0,1.5896854554703248,3.946458621420435
mouk1239,aust1307,2.9288199402118575,0.026178095850496397,0,5.522366980535001,4.18730988415464
moun1252,koia1260,-5.3531681460395495,0.031444293911002785,0,-6.9328887756,6.174059847756025
movi1243,movi1243,1.9217860205950852,0.00495279142047889,1,2.4916684480175,4.9798388160660405
tang1347,aust1307,4.159542694217919,0.006043054587394371,0,7.6202454417875,4.32335487366715
moyo1238,sino1245,-3.1484068198146113,0.0148151659210214,0,-5.196019631825,4.42642067587599
mpad1242,afro1255,3.0743604950293717,0.010859870103517563,0,6.2524609429715,4.27560547342165
mpii1239,sino1245,-0.7375819728585811,0.020188092595048956,0,-6.40140831225,4.1625979146382495
mpot1240,atla1278,3.83872920424537,0.021118392583644074,0,12.036678969099999,5.109341393037084
mpur1239,mpur1239,2.210503543780994,0.015251880793296419,1,0.31033979798,5.02066448359436
mual1241,aust1307,1.5307941581512636,0.01509071780351704,0,7.8282132889625,4.25566005737286
mudu1242,aust1307,3.4591391472154926,0.03278416065733555,0,6.042911810590001,4.320547132103735
mudu1239,drav1251,-2.256149319877492,0.02442106660638195,0,-6.046013184495,4.38017614304715
mull1237,nort1547,-3.1075298539802216,0.035454931244176334,0,-6.3474483126950005,5.8624324890833694
nucl1240,atla1278,5.0627022210352255,0.021691248627932223,0,8.8610793438,4.77526114463547
munc1235,sino1245,-1.3760392056000859,0.023229422173851776,0,-5.4585624724425,4.30594927956949
mund1328,atla1278,4.442958477886748,0.02850720257073054,0,10.906320709575,5.31782433346563
mund1325,atla1278,5.8602572149150856,0.01992328145408441,0,8.93930085705,4.766485543128825
mund1320,aust1305,-2.11456446406483,0.01412312326480606,0,-1.1826225643025001,3.994057438462645
mund1330,tupi1275,-1.859618734046598,0.011447877656343185,0,-2.5118486632775,4.30080590197825
abar1238,atla1278,4.414578065232222,0.023097034511796084,0,10.93878605355,5.33333801548567
murl1244,surm1244,2.8152572902881463,0.013833088073544084,0,7.3082724782524995,4.7134423860706995
muru1274,huit1251,-2.4400564870071335,0.015170111141326523,0,-4.4191871255425,4.95644453712477
muru1266,pama1250,-1.2910381135220557,0.035337879252339145,0,-5.4007856721625,4.7031776839959605
muyu1244,aust1307,1.1918684018241916,0.018731983047888066,0,4.02286648735575,3.9002430507482497
mwag1236,afro1255,1.37084111095268,0.016743755354878015,0,6.7060061508325,4.302646402927045
mwan1250,mand1469,-5.09763376221408,0.02293573988129221,0,-10.038963240175,6.077727112063425
motl1237,aust1307,4.1592771879576445,0.022564565691782897,0,7.639187753775,4.30416660600413
nade1244,nada1235,0.6959389325109484,0.011631519353780881,0,1.6707385384250002,4.469215756654785
sout2857,aust1307,3.9918226814443107,0.02102100118657079,0,7.433550813122499,4.270035513166089
naka1262,aust1307,3.1151579666668514,0.021773352849400684,0,6.0447899530525,4.326535199478794
nalc1240,nucl1709,-3.555647955866853,0.025009460850253677,0,-6.01914791603,4.70806661583878
nali1244,aust1307,4.228048789094299,0.020233394963561725,0,6.058060254933549,4.36750516263406
nama1268,aust1307,3.6435908330579405,0.012847798713505665,0,6.510404957815,4.1640119629142145
litz1237,aust1307,4.144281860808944,0.025371487687892505,0,7.4228620563,4.284707165823059
nama1264,khoe1240,-2.565491313283209,0.01600390171289974,0,-4.2364502761325,5.00680107813172
namb1293,more1255,-4.8717482382626365,0.03504588441449095,0,-6.841897409754,5.660431545478335
namu1246,sino1245,-2.2654880546549974,0.020332947095954863,0,-5.4852189287675,4.286800301063145
nana1257,tung1282,-4.037108226096388,0.013460407571203127,0,-13.285450907675,7.502434376114875
nand1266,nilo1247,2.216144263745528,0.016366279676545796,0,5.2835538013325,4.60372710529744
nang1262,aust1307,3.445880320382893,0.02162773681871257,0,7.1371134149025,4.392838669059735
nara1262,nara1262,-3.693005953784153,0.025594504696113685,1,-5.7618321574635,6.633951248233545
yong1270,sino1245,-2.0484631201966144,0.01935788091220601,0,-5.4700272520475,4.3020311601010945
naru1238,pama1250,-2.4423645117841497,0.03709633615920564,0,-2.870284242665,4.42545980170092
naue1237,aust1307,2.875040368873675,0.01886633434094102,0,7.352868396145,4.33602670692661
naur1243,aust1307,3.9337206901123167,0.008862837462767576,0,7.432185047825,4.348948392506825
nava1243,atha1245,-5.53351275538202,0.027950676966571525,0,-6.59672764217,4.848584335208545
nawu1242,atla1278,3.4732808221839644,0.024782481727660698,0,9.791910298325,4.962788756879
naxi1245,sino1245,-1.7743555856891184,0.008721198345636162,0,-5.4942794428075,4.2886031676422
ncan1245,atla1278,4.614257007616972,0.020975599700959593,0,10.892465221175,5.28771033111677
ndam1239,atla1278,3.396071477982825,0.01956180998669213,0,12.043043808275,5.079068063881385
ndog1248,atla1278,5.459951534364734,0.03251077618475393,0,9.0865689420475,4.70479604007104
ndun1249,atla1278,6.007880292240976,0.026742879438583757,0,9.125296522075,4.68442128001045
negi1245,tung1282,-4.329448114120306,0.012712481013220136,0,-13.2778272520475,7.49263871042118
neha1247,aust1307,2.9278225426767586,0.031443291460505944,0,3.8380792416125002,3.95921946998152
kuma1276,aust1307,3.6640836825757868,0.021649465293661692,0,7.889234440425,4.33297406657666
nenn1238,more1255,-4.578508892310397,0.03594809627854887,0,-6.890198526100001,5.65798834805279
nend1239,nucl1709,-4.596258093129411,0.02627771206510046,0,-6.4828536632365,5.58521325423925
neng1238,aust1307,3.9342435665663094,0.02248597386894341,0,7.6019701445145,4.3685846928649905
nucl1706,afro1255,-1.8055457466933431,0.014770205380974588,0,-1.150341316615,4.15796737822835
nepa1254,indo1319,-3.53019056400921,0.01732269211307,0,-3.55245639998825,4.465576994915596
nese1235,aust1307,4.164763286175534,0.028783477390148516,0,7.33135245102,4.2713941971422695
vinm1237,aust1307,4.116194669054962,0.004891805450547598,0,7.40615493768,4.290445377101455
ling1265,aust1307,4.129893822842109,0.019156358313216524,0,7.43172099735,4.294288457900786
nezp1238,saha1239,-2.5657255650468254,0.016532139409741072,0,-5.158823225647501,5.01156740022346
ngaa1240,pama1250,-1.9897344794607954,0.030261800313721828,0,-3.91912360052,4.19711846339391
ngab1239,chib1249,-3.4866745736667815,0.02289374282338104,0,-5.194835195646,4.330952048982945
ngal1292,gunw1250,-1.610313220502255,0.035734899823853424,0,-2.1964222242,4.2597054646860055
ngam1268,cent2225,3.258125174832184,0.01914368521863064,0,5.7053995651625,4.04921587757799
ngan1291,ural1272,-2.349831010094653,0.013432623049100405,0,-4.110010740029,4.59763190648113
ngar1235,pama1250,-2.1903919255751476,0.03368058443613356,0,-3.6487137016049997,4.359011076706775
ngar1284,worr1236,-0.6375781820597772,0.028290585608846723,0,-2.5139523086635,4.584217530282265
ngas1240,afro1255,1.5129190766763483,0.017576352438542543,0,6.689153565690001,4.31402072502809
ngba1284,atla1278,5.734113917510946,0.050243016779263266,0,9.2365077738,4.666061625919745
ngba1285,atla1278,5.6924437761028415,0.025513061703299953,0,8.0823792770975,4.612782509056849
ngit1239,cent2225,1.311660892216673,0.01303902971893273,0,3.3230198732143252,4.085099017718456
nhan1238,pama1250,-0.8413173107197991,0.02477661664842156,0,-2.8389925919200003,4.278850615039071
nhen1239,tupi1275,-1.6874475808302516,0.020607239022765976,0,-2.6255944144175,4.077109506431275
niha1238,niha1238,-6.190922706659377,0.024285298191359196,1,-7.2366176555225,6.20006990382606
nucl1633,nimb1257,-2.7317880315406837,0.02472204261351229,0,-6.7728606363365,5.819786844525
labo1244,aust1307,4.0309723333806335,0.028416354698975098,0,7.4211352200085,4.28017707908278
nisg1240,tsim1258,1.7406676291307608,0.007633166026620802,0,3.024823766739,4.96030154054584
niua1240,aust1307,4.385548934506012,0.00530898182869687,0,8.6573225432575,4.19862092257469
niue1239,aust1307,4.207282035393952,0.023109737990833955,0,8.5455468546775,4.237363978449955
niva1238,mata1289,1.9353591053529278,0.008736852354360235,0,2.9030763616475,4.882833154263135
njan1240,atla1278,5.021676994860023,0.015770810815535757,0,9.86796346494,5.323766065429686
nkor1239,ijoi1239,-2.13124183536846,0.013246501818191462,0,-3.7816353291825,5.359588882651405
noct1238,sino1245,-2.987576859751653,0.02135991802436961,0,-4.6244042923575,4.203839307592441
noku1237,aust1307,4.044260848655139,0.022333229223354685,0,7.6014054746149995,4.31609422117957
noon1242,atla1278,2.922370856968654,0.0172412586225245,0,7.4424735072825,4.70705536644508
noon1243,atla1278,4.6402463735331345,0.02076665272544916,0,10.8709210694225,5.292402146321139
nopa1235,otom1299,4.913095617960225,0.030859490010865617,0,6.658422186375001,5.013333850027665
nort2839,aust1307,4.087230617739419,0.017625539684432777,0,7.1782667896875,4.28393040845148
nort2697,turk1311,-6.324094838201695,0.0266160429704269,0,-7.959230644485,5.188855372417975
darg1241,nakh1245,-5.166816380730888,0.013454013985071595,0,-8.721375417099999,5.813005105688585
nort2930,kiwa1251,-4.442096645954237,0.03079728659134971,0,-5.8386962978825,5.838041808111095
nort2836,aust1307,3.095961461530299,0.03335365463757954,0,5.5904664867775,4.011386819984865
nort2724,sino1245,-1.0747462181772454,0.019251083441732326,0,1.408496663333,3.915623152842315
nort2972,choc1280,-3.4637199658193714,0.014662911893690646,0,-5.403179210215,4.786314712077685
gumu1244,gumu1250,-3.50957086994483,0.015104758540791146,0,-5.0164466630025,5.78021924971302
nort2938,haid1248,-2.4050694722601937,0.01536804049509115,0,-4.712097506280925,5.163914658167579
sing1264,sino1245,-2.995310095884835,0.02657340809399179,0,-4.811760181205999,4.133864508539094
nort2684,aust1305,4.574931008540236,0.008027889031492406,0,8.149046708724999,4.3338568003273945
lush1252,sali1255,3.295521206035086,0.017117305860066396,0,5.4698715676635,4.610098907840565
nort2774,atla1278,5.621670859682942,0.022743432075149554,0,9.16312996637,4.66105185660982
nort2954,utoa1244,-2.63971070789726,0.026194725248012515,0,-4.485177759503999,4.330092342053495
nort2957,utoa1244,2.815139724080965,0.05639129082923508,0,1.6010054447975,4.166834655830925
nort2723,sino1245,-2.260811652572151,0.029292080249753587,0,-3.78649451412,4.06982543757494
nort2747,hmon1336,3.548568581419509,0.009861779531437216,0,8.2055942964375,4.853221198025735
nort2722,sino1245,-2.339310000283734,0.023930938652407863,0,-3.7532591319825,4.122834917831175
nort2994,aust1307,4.128444581499472,0.02230185222568047,0,7.62087776341925,4.28703779361757
nort2885,aust1307,4.563559361338761,0.024837855179597995,0,8.40475708605135,4.364049423207479
nort2959,utoa1244,-0.16167329034698175,0.01954656082180326,0,1.1475061360574998,3.9046411250598547
tosk1239,indo1319,3.388613877228941,0.012773915450641639,0,3.9178610289825,4.6013853175363
nort2732,sino1245,-1.1692528798348902,0.01725105391266794,0,-3.53254848931,4.213627916039785
nort2690,turk1311,-5.305232218100462,0.02197605062694058,0,-7.909245580852501,5.177162104719464
yoku1256,yoku1255,-3.235527726489128,0.018721057990814666,0,-4.201613200502,5.288808224846894
nort2745,yuka1259,-3.006147838237194,0.009938146178092919,0,-8.4285004496975,7.12159138835879
nort3047,afro1255,3.106748757897945,0.034671300473168756,0,6.1464573765875,4.311738256059606
nort3139,afro1255,1.6849726271302123,0.020016700684558617,0,4.5777334109325,4.104305618953055
nort2845,aust1307,3.7977019555266542,0.021154140096087383,0,8.682957373175,4.187143156021815
nort2671,ural1272,1.184806723332367,0.012422762583494661,0,1.65059552589,3.6743994500674297
nort2942,atha1245,-3.585788776838513,0.021928345321498913,0,-6.9718535307475005,4.771673870116395
nort2847,aust1307,3.7698406866677927,0.005837930763667742,0,7.9305206257425,4.32623036633232
nort2961,algi1248,-0.7782758499404923,0.014974523416371857,0,0.71641383497025,4.001404158780275
nort2775,atla1278,5.8789904120871705,0.026016359199826346,0,8.079662929367501,4.626573324968605
nort2951,maid1262,-3.0152346206179574,0.020461298118531247,0,-3.9827399063672497,5.280802601387525
yaki1237,saha1239,-2.498860710152564,0.015446369391233807,0,-5.11274211470575,5.02941823298836
nots1237,aust1307,4.208198262109523,0.024350927475692462,0,6.0524979611875,4.363891588578754
nsen1242,atla1278,4.800754014893758,0.017035353869739624,0,12.0811113634,5.05998808258737
nuer1246,nilo1247,0.675759091627391,0.0192161827319828,0,1.3631446193075,4.307866395549235
nukn1238,nucl1709,-1.740240749233746,0.02790835897026961,0,-1.658027065205,4.06171838462452
nung1282,sino1245,-2.1158710964355048,0.025557754491714636,0,-3.0800297143985,4.15109251938058
nusu1239,sino1245,-1.8336070281895123,0.024616140203985424,0,-6.079412373335,4.24510505886461
nuuc1236,waka1280,2.300786001687364,0.008224521699691836,0,3.38415047245375,4.76163317947559
nyah1250,aust1305,4.22995660029114,0.013369999693900361,0,8.148730254004999,4.31021354560232
nyam1285,afro1255,2.159231804262696,0.02213846199422552,0,6.5906821958475,4.3154188051193305
nyan1307,atla1278,3.9545977711160236,0.022196735778542653,0,12.211756796174999,5.02731446888605
nyis1236,sino1245,-3.3984521341818033,0.005845722378860693,0,-3.6595104802475,4.142609435351735
nyor1246,atla1278,3.696605799961149,0.014320482277319559,0,12.2027553449,5.03673227591899
nzak1246,atla1278,6.1213555860751665,0.03181466420618691,0,8.8964136909125,4.7585492116111645
obok1239,lake1255,-2.599447315657441,0.02785334835990703,0,-6.048994311975,5.681491904427995
occi1239,indo1319,3.5041148866133813,0.01546022647875618,0,7.458345626575,4.32517137517147
oriy1255,indo1319,-4.489609112226305,0.019744052574884614,0,-3.8242508047349997,4.401086976944715
ofay1240,nucl1710,-1.9780340295282355,0.01392206602799204,0,-5.35728283263975,4.75589952816078
kalm1243,mong1349,-4.679966028479827,0.024752847244561463,0,-12.990827508675,7.480910500324695
okan1243,sali1255,3.6300184498101142,0.034386339598329395,0,5.7881125742520005,4.5591211521298
okin1246,japo1237,-3.4397449612814865,0.008168803132418977,0,-4.926091465727501,4.826250842948635
okoe1238,atla1278,2.9563045824087406,0.03180367014362747,0,7.712710854799,4.4516800373606
oksa1245,nucl1709,-4.385155915605005,0.027525067794255027,0,-6.0447519681075,4.71051824811824
okuu1243,atla1278,4.617401841316445,0.016539952020597052,0,10.3486538260525,5.254991642538335
oloo1241,nucl1708,2.4054766761168507,0.039177204899267036,0,4.2296573500275,4.7603217372438404
olut1240,mixe1284,3.7614826691148484,0.016962741968309582,0,3.2098190103275,4.77263548191437
omie1241,koia1260,-4.824097849357571,0.026168956894892556,0,-6.935929855145,6.14712744487862
bira1253,bira1253,-3.1914585520097445,0.017891791311138692,1,-7.19193320095,6.9143540505660805
onon1246,iroq1247,-3.6635573785016033,0.02567991257270467,0,-5.8218092773475,5.034515154487515
orma1241,afro1255,-0.9623726179019649,0.007917990439603556,0,-2.1683389756175,3.924393286529545
oroc1248,tung1282,-4.243978494471587,0.009477698811553395,0,-13.255947856375,7.455700192292515
orok1265,tung1282,-4.183326056485031,0.018089130812325407,0,-13.313260087500002,7.498961690738335
orok1269,nucl1709,-5.313687794170766,0.03386921476384461,0,-6.0654398442875,4.7955788349050845
orok1267,nucl1580,-4.501665126154061,0.013174917125309896,0,-6.5531558710575,6.063615806662755
orow1242,aust1307,3.867623493726733,0.01840491919631549,0,7.7820787268,4.320881500231925
otor1240,heib1242,0.6166766620359976,0.01854615960606196,0,1.1673362447039999,4.792375680225895
otta1242,algi1248,1.2740456719474098,0.015241514233572293,0,2.1759939640650003,4.06140592751722
owaa1237,aust1307,1.4214553426573109,0.016086140754205055,0,4.31364691309,3.96161293283442
paaa1242,afro1255,1.2241915055137191,0.029881973450067836,0,4.56050489347875,4.163882910974245
paam1238,aust1307,3.942119375898158,0.0199081451416922,0,7.1396999676899995,4.264893914041425
paas1238,atla1278,2.8227642659455547,0.02214728566810574,0,9.44989082311,4.777870987494495
paco1243,aust1305,4.930647822965946,0.012767100961422138,0,8.0769781072175,4.320081344131101
paez1247,paez1247,-2.303287983680852,0.012314736558353198,1,-3.6065888127675,5.14191684792155
pagi1243,atla1278,5.581281618658874,0.02349009199426248,0,11.543268592275,5.159858927806241
pagu1249,nort2923,-0.1430036531026132,0.033917032544261434,0,-3.0138209692005002,4.4729713261308355
pahn1237,hmon1336,3.1404808518358323,0.012457811516205605,0,8.0979073324075,4.831678622784865
pait1244,sino1245,-3.1387780831216907,0.024056905445333635,0,-5.3081156761349995,4.389682133522875
pala1344,aust1307,4.196898884895167,0.03268884869248592,0,7.1763888500425,4.47357451241195
balu1257,aust1307,2.9527203147660543,0.007955548575353013,0,7.290178196229,4.342356335628915
pana1307,nucl1710,-1.1344629127981676,0.016578978924332816,0,-1.064088522104,4.16217732484192
enap1235,cari1283,0.4689575308204885,0.01954063838003598,0,0.875124825785,4.10149014919304
pano1254,pano1259,-4.058807367037331,0.022518507227802784,0,-7.144081773,4.608979486745675
pany1241,pama1250,1.5326117620587258,0.028822169717957136,0,1.91005679045,4.135667615307385
papa1238,toto1251,3.599990350181172,0.017903975840738752,0,3.0653744166775,4.74806626228774
papa1265,aust1307,1.4144857118277931,0.02109846895413704,0,3.24746701984,3.9395530028964547
para1302,sino1245,-2.3681719948976707,0.024853393494009782,0,0.3457779407625,3.983679185479875
para1316,araw1281,2.080958939124855,0.02388427985957514,0,4.672819481525,4.17387816836531
pare1272,araw1281,-0.185525543795118,0.015502919776154561,0,-0.074928556427,4.319276780484575
pate1247,aust1307,1.3615373960525918,0.021460113294451806,0,6.69827484875,4.2172144193428895
patp1243,aust1307,3.861182955816197,0.025464455737611736,0,6.0213182023475,4.33199112150036
patt1248,sino1245,-4.286747982609873,0.02610910774815602,0,-4.98443107816175,4.3285383450583605
pawa1255,pawa1255,-4.0949117648636495,0.03577532786848581,1,-5.995938288785,6.028492295693255
pawn1254,cadd1255,1.4621412428126503,0.00618027316282781,0,2.66085501681725,4.86712930917199
pech1241,chib1249,-2.1351355525668474,0.018803092498647665,0,-4.55594901016,4.73636931632473
peer1241,atla1278,5.289938606019099,0.02411820235197872,0,8.9248532592075,4.7417788287867655
pela1242,sino1245,-2.1317175074190793,0.018913686788156674,0,-6.278819602235,4.279842044545465
pend1242,aust1307,3.6713083111174347,0.03417756882922608,0,7.256691725195,4.352265808080871
peri1253,mong1349,-2.8199876552305083,0.015511753108749892,0,-13.018245254825,7.44690897089178
phom1236,sino1245,-2.914348315706696,0.022819030887684163,0,-4.682775433875,4.175831174075725
pila1245,guai1249,2.1298558838161945,0.013309648014702469,0,2.698978595855,4.994627427523016
pima1248,utoa1244,-1.5293294608381527,0.02509140749615376,0,-1.1299353938697498,3.938477254140785
pina1252,piaw1238,-4.2744488230176305,0.024306361201500665,0,-5.82699780078,5.95515634596336
ping1243,aust1307,4.167658418879165,0.019425252358073155,0,7.909070235125,4.222882813644315
pint1250,pama1250,-2.1707719175051627,0.04018922646826796,0,-3.797059709462,4.2240133711730845
pipi1250,utoa1244,1.4546338470137243,0.020783376921111176,0,2.003598818805,4.10635592290655
pite1240,ural1272,1.0617939623672734,0.016181260427611668,0,1.5808013439813249,3.7031957734452
pnar1238,aust1305,1.9134651040271304,0.011562956976118676,0,7.969076550869,4.224519668171325
pohn1238,aust1307,4.206674495742533,0.0214100491681425,0,7.90541480461,4.23393638427073
poko1263,nilo1247,2.5717106958384033,0.027355263029861757,0,5.130684609305,4.66187470657644
poli1260,indo1319,2.2618616569884136,0.011421589588773822,0,4.226099803952501,3.97890895517159
popt1235,maya1287,4.554237266185149,0.02017784875936782,0,6.4677695438625005,4.94327211671126
port1285,aust1307,3.9911799369223346,0.02047406482901601,0,7.4524977093075,4.26543056355578
port1283,indo1319,2.9318222896315778,0.0076799192405607244,0,7.522099791745,4.273254508387771
phai1238,aust1305,3.8824715857212473,0.007488217868475606,0,8.108856224375,4.367657465702675
psik1239,afro1255,2.434528907349282,0.014645518878036204,0,2.78763657173375,4.094457860613925
puka1242,aust1307,4.1096165159449605,0.02282612283850661,0,8.592241974925,4.209081858864365
pula1263,atla1278,2.6601319790159135,0.015113686239901988,0,7.5892983874175,4.643797050191475
pula1262,atla1278,2.0231352963303886,0.013364364796302793,0,7.603544545035,4.675996665777035
pulu1242,aust1307,4.19775441090899,0.022290018465103888,0,7.99626693936,4.16027173821136
puma1239,sino1245,-5.9337943427272135,0.0190001024122822,0,-5.002028040512499,4.5217160620248
pura1257,pura1257,-4.378910271716897,0.02996900975488433,1,-6.0998365317625005,5.923324573916595
pure1242,tara1323,-1.3842985459391146,0.008955073478257107,0,-4.229451102415,5.1373392422189355
puri1258,sino1245,-3.6078316784018574,0.027260939312497266,0,-4.140408404265,4.07036845938942
qanj1241,maya1287,4.465557763417122,0.02566417586052329,0,6.43925580104,4.947492310786405
qawa1238,kawe1237,-2.0924488603246916,0.011850848235945566,0,-3.7501043303454997,5.17444702624976
qima1242,afro1255,-1.8505926710263152,0.012118808338015088,0,-2.92147964517925,4.108751368222365
quer1236,otom1299,4.283007621703955,0.020424619091012074,0,6.232815272114999,4.94381816622614
quio1240,otom1299,5.4342303197471775,0.020382415465219607,0,5.947713346565,5.109171064330805
rabh1238,sino1245,-2.989003697983551,0.02496146614822976,0,-4.8695929519125,4.151567997882815
rade1240,aust1307,4.2550954760091795,0.021156408617458364,0,7.649159667325,4.258248843823315
raji1240,sino1245,-6.253959111924308,0.03241189616981,0,-3.466918116615,4.221722298594726
rapa1244,aust1307,3.4849665424738356,0.02266515770500999,0,8.668665217475,4.19586726609774
rata1244,aust1307,4.283382688018268,0.02419953894003556,0,6.7821955214,4.40136430941394
raut1239,sino1245,-6.124367336802456,0.034530278679913685,0,-3.47178716085,4.2596994302120805
reja1241,aust1307,1.1681797334331907,0.02379178670166827,0,4.350562594255,4.02359813796412
remb1250,aust1307,3.6353006291441714,0.01645649592509857,0,7.302673554217501,4.383984029701205
reng1252,aust1305,5.015569162470825,0.013138387916009372,0,7.8478500588025,4.36101675777857
rere1240,aust1307,4.093088932489646,0.021405539925819214,0,7.4177323965725,4.28378821620727
rian1263,kolo1268,-3.8448924833628757,0.04361624088663982,0,-6.814917508864999,5.612595236041555
rikb1245,nucl1710,-2.686390158529281,0.01631933729402342,0,-5.41502752196425,4.74944269820561
beka1241,aust1307,1.7408527802656046,0.022802802344461706,0,5.8766240977425,4.171070891855125
roma1326,indo1319,3.322787163343806,0.014881295884364062,0,7.497426029475,4.303954126764715
romb1245,aust1307,4.6096058934376165,0.03195770131886901,0,8.60800627195,4.31386457348796
ronn1241,afro1255,1.4033163782844311,0.011139166651914424,0,6.376415496125,4.3430305150948705
rong1266,sino1245,-3.2908134041575456,0.024990012843529558,0,-2.3697828248925,4.209641660569686
rong1264,sino1245,-5.079986693171972,0.027203662679050684,0,-5.0837105273995,4.312963297405835
roto1249,nort2933,-2.432216361803506,0.014000545497269083,0,-6.5596186458825,6.04420518079006
rotu1241,aust1307,4.316572486882006,0.017930411352106927,0,8.234574659637499,4.285688401895776
rovi1238,aust1307,2.6710965213396403,0.02295524971059779,0,6.4107138454050006,4.230438686958555
ruch1235,aust1305,4.041204314956312,0.015576511542926809,0,7.997155059225,4.227220052178515
ruka1240,aust1307,2.958283061849416,0.02209876873538174,0,5.86718036719825,4.61370155937555
ruma1248,aust1305,2.910058231625185,0.010496461711477013,0,8.006369516225,4.22777133639533
rung1258,maba1274,-1.7417979885631714,0.007058177234395672,0,-5.52643766592925,5.409163527031725
russ1264,mong1349,-4.3377185284352,0.020640129600235056,0,-13.00910461961,7.513966599945315
russ1263,indo1319,0.14897455396729214,0.01029977286952866,0,2.7625180913625,3.8819328888536697
rutu1240,nakh1245,-5.314484745008156,0.013171012109484377,0,-8.8403046464,5.785696786437275
saar1237,aust1307,2.7992344607916353,0.03235907058640095,0,4.2185683549625,4.36044674098318
saba1268,namb1299,-2.8124594316672424,0.01918807548059476,0,-4.0681662510150005,5.07278395024097
sais1237,aust1307,3.365649643984608,0.0222570319125753,0,6.804812968257499,4.82974636699857
yaku1245,turk1311,-4.9917885491461,0.025386712595359084,0,-7.91483262492225,5.150160514631425
saki1247,aust1307,3.02490392992362,0.02838037652608365,0,6.81983466895,4.666042884635894
tsis1238,atla1278,3.3200385964004493,0.01927626608907003,0,6.788249642119499,4.44095669158377
samb1311,atla1278,5.159751119188451,0.03379719255768196,0,9.913774513355,5.26539340057539
samb1305,atla1278,5.114713900160799,0.01877660866758544,0,8.947422355859999,4.735019956073154
samo1305,aust1307,4.623099121615642,0.024698063066630062,0,8.61658034683,4.213402037296765
sanb1241,otom1299,5.271953694517029,0.023449655201459585,0,6.65149172585,5.0641440810031
sanb1242,chib1249,-3.1206039505856698,0.025592949881936024,0,-5.2097074402775,4.322303205902585
sand1273,sand1273,-2.4801750315635402,0.020908384956395597,1,-6.5951969844135,6.45410738645783
sand1278,huav1256,3.254259449947863,0.014101053860373225,0,2.7328103357,5.0621100864901205
sang1321,sino1245,-2.9815937211831933,0.026757844068927002,0,-1.512372024242,4.0644631259165145
sani1269,sino1245,-1.8282774774634696,0.021354690722095566,0,-5.3402189622075,4.0857013341064246
sanm1301,otom1299,4.982467507979372,0.020037577448479473,0,6.52984150076,5.08082250647227
sanm1289,quec1387,-2.9933321700369677,0.021836075870396262,0,-5.848296362519999,4.64173143424655
sanm1295,otom1299,4.957367503511687,0.027785255455817233,0,6.539329243032499,5.08269505683216
sant1410,aust1305,-1.0929616448218733,0.0104489260788804,0,-1.0175840912485001,4.022791040798275
sant1451,otom1299,5.32232351565409,0.019073144276530635,0,6.662336229860751,5.06829502388231
sant1436,otom1299,5.171629532400662,0.029900405192215165,0,6.4792234239825,5.1195637028305345
sanu1240,yano1268,-2.426357463016184,0.019459385723092693,0,-5.044729141035,4.89574958002754
sapo1253,aust1307,2.0577925599418494,0.022181579139862677,0,5.989333284800001,4.1765749750530645
sapu1248,aust1305,4.945179306396305,0.012028825942267451,0,7.8620409932975,4.324644836699925
sara1321,cent2225,2.9404231189957786,0.019835853074577636,0,5.6865374475175,4.077655343732095
sars1236,atha1245,-3.063847062487043,0.022794859659670146,0,-6.9040572028875005,4.804648661585745
sasa1249,aust1307,2.4552914575215103,0.018477357291539837,0,7.5684995619975,4.30160643388453
savo1255,savo1255,-2.052118248221043,0.018164241170892704,1,-7.2503375387675,5.81997868961969
saya1246,afro1255,1.1649534854749979,0.013807499923912623,0,2.2460566824875,4.109453460546675
seim1238,aust1307,2.4357415169927563,0.019961098513688002,0,7.1411490097825,4.392155839550876
seke1241,aust1307,4.1593962484818885,0.019215750834240368,0,7.0219365795375,4.22195796484578
sekp1241,atla1278,3.607114555325197,0.0235451884642769,0,9.750815183724999,5.01648728553905
sela1259,aust1307,2.0573429840876845,0.020731055975024754,0,7.0621719187825,4.352768514205105
selk1253,ural1272,-2.5942623660488864,0.013079756681706465,0,-4.1505944286495,4.565085773097085
sema1265,aust1305,4.210404516259199,0.012976534246588027,0,7.768653094095249,4.371368662303815
seme1247,aust1305,4.4950238425120626,0.014355123230814325,0,7.7651890223775,4.367491857732795
sene1264,iroq1247,-3.4000624276082525,0.025446586867444047,0,-5.71342071439625,5.072387383114015
sout1528,indo1319,2.3576013375350784,0.006580851376010147,0,4.519904155823999,4.056175917298735
seri1257,seri1257,-2.952841173440728,0.009804843372332176,1,-3.6785737913950003,5.291773212894915
sgaw1245,sino1245,0.7519761145593729,0.02029023314015809,0,0.921783460415,4.04579050682001
shab1252,shab1252,-2.9888749780317845,0.020616097041184302,1,-6.08376478059475,6.495368495255975
shan1283,pano1259,-3.7999536485399146,0.029155281542636653,0,-7.21033571505425,4.5944600088609
shaw1249,algi1248,1.661463873392528,0.01627096332426516,0,2.2150949205915,4.154734839568301
shee1238,hmon1336,5.01043843871342,0.013982974627195612,0,8.1179753587275,4.870812475038575
biao1253,taik1256,4.582580106944011,0.023580391101778626,0,7.0413483643524994,4.953590796596895
shil1265,nilo1247,2.0380399134940936,0.020886873514579435,0,3.87702842495375,4.40517139666763
ship1254,pano1259,-3.8287802289656687,0.020762415979970826,0,-7.158149898147499,4.61963638523293
shix1238,sino1245,-2.1961496520788484,0.01920073121507196,0,-5.4742603610125,4.295695642999055
shol1240,drav1251,-2.5946561429418007,0.02260788760452296,0,-4.5895217030160005,4.25670551905628
shon1251,atla1278,4.4256975359719375,0.01601010641444535,0,12.11378326202,5.080000954961535
shor1247,turk1311,-5.171733008550358,0.009113153782171353,0,-7.97632700733,5.0857992363346955
shos1248,utoa1244,-2.6298486280182383,0.021709538675691177,0,-4.3959068727025,4.35283828361034
shua1257,jiva1245,-2.8015653857733733,0.018241264698748025,0,-5.1303813633605,4.76882632696396
shwe1236,aust1305,2.928311288214747,0.01415208938889496,0,8.0001291406575,4.23451042419054
siam1242,siam1242,-4.279373927867952,0.02486887675992941,1,-5.9845583294,6.95365591099309
siaw1243,amto1249,-3.3323769086721597,0.021671389666905776,0,-6.1734319413825,5.822075878852285
sich1238,sino1245,-2.1672319366456314,0.021235082780054093,0,-4.6063364907275,4.03711573692992
sici1248,indo1319,3.649360518386474,0.014750581223402785,0,7.42517746823,4.328903190136479
sici1249,atla1278,-0.34758791653314447,0.022542895041075185,0,2.313184148625,4.19949818991365
sida1246,afro1255,-2.411464263396505,0.013955531725902977,0,-2.9326076869625,4.095631443457485
siee1239,aust1307,3.9055422968861437,0.015254029619621171,0,7.820963644485,4.3308524812679
sier1250,otom1299,5.111384668852313,0.029900113927046706,0,6.6491973771824995,5.05689506590116
sier1248,utoa1244,3.174753635142435,0.03459189348320113,0,1.7541918928025,4.1399486909318455
siks1238,algi1248,1.7392608818465258,0.014611397015686216,0,1.93367776302675,4.022557314949825
sina1266,aust1307,-2.2613613900135006,0.019807449321512963,0,1.7191310125325,3.9572867531372
sini1242,mand1469,-3.130949192646532,0.032649500089489254,0,-10.0660420825075,6.0689649609997005
sioo1240,aust1307,2.35286479955839,0.03237943740975922,0,5.255439230415,4.16393114325893
siri1274,tuca1253,-1.449296509678319,0.0410847899831292,0,0.4796521807085,4.10235313120884
sile1255,nucl1709,-4.50455712132138,0.01998305559176088,0,-6.5029580518275,5.579354633698641
situ1238,sino1245,-2.323071434282411,0.021933932485856025,0,-5.080242259875,4.331648114400495
siwi1239,afro1255,2.733414943457593,0.007310300271427021,0,7.78120883481,4.820304963563985
siyi1240,sino1245,-3.0573692406287125,0.02121368527030049,0,-5.2597047882725,4.394694174837801
skol1241,ural1272,-0.12524525487725935,0.013557513562119674,0,0.43530365343625,3.82602998896681
slov1268,indo1319,3.0212635482647263,0.007673432712037248,0,4.49704788222725,4.06159465537959
sooo1254,aust1305,4.602310222835211,0.006950811965929635,0,8.124655793513249,4.302624015436715
sobe1238,aust1307,1.993360841150656,0.016315797489795534,0,6.3939462963625004,4.2529802083535895
soch1239,otom1299,5.431111172952972,0.026102341904710356,0,5.928640542965,5.10053287397736
soga1242,atla1278,3.942241804650947,0.02214707660593058,0,12.141239606025,5.0479179634793
soma1255,afro1255,-2.3978237067881327,0.011440895589573088,0,-2.1934255578300004,3.8643103442831
soni1259,mand1469,-4.8877861509088,0.037907674402991094,0,-10.109407289075001,6.080172083756345
sons1242,aust1307,4.489263428181774,0.026530267513482676,0,7.996106294924999,4.18782812179264
sooo1256,kuli1252,2.210198547297262,0.01112232330049913,0,5.3371716211925,5.159192974387375
sora1254,aust1305,-2.5052737465832533,0.013308549206825438,0,-1.02503785805125,4.0366866163483355
mani1235,east1459,2.041454624356982,0.015572857294917836,0,0.6497740328624999,4.925501022538725
sout2859,aust1307,4.0294535477144295,0.004166614818173147,0,7.164383541825,4.271167416525045
sout2976,utoa1244,0.780303419155537,0.020509347552234283,0,1.02881628512,3.9142050409104847
sout2856,aust1307,2.862592149106625,0.024254455974410262,0,4.1412202973475,3.983160372483855
sout2954,japo1237,-3.4729292665207447,0.007243162299860284,0,-4.9201994698275,4.831523448930865
sout2996,ayma1253,-2.9034533192681358,0.02407345024397203,0,-5.2545785553875,4.80561166927061
sout2730,sino1245,-0.851217943063558,0.02566197891859501,0,1.4913514537772499,3.921635049822085
raro1241,aust1307,3.944497729844075,0.018179507250660063,0,8.731931955292499,4.191743072680374
sout2826,krua1234,1.3156200131742013,0.006083430772874543,0,9.491147945625,5.1374481909636245
sout3236,gumu1250,-3.269859886384358,0.014993791188255409,0,-4.9655457723625,5.749309339635245
sout2956,haid1248,-2.403170060469153,0.01859803283859076,0,-4.67070981096,5.14623071427715
kach1280,sino1245,-2.3693001751860407,0.02137112354864102,0,-4.825719935485,4.134338546548856
sout2994,namb1299,-3.032916626284336,0.01571302006471894,0,-4.0948013898225,5.071576256562755
sout2649,indo1319,-2.0365822589198315,0.01046182777154042,0,-3.76055586695,4.511560395215721
sout2729,sino1245,-2.046853032126496,0.021747563649278715,0,-3.78638905405,4.070454491892595
sout2728,sino1245,-2.380909131872392,0.018849315962298954,0,-3.735691990968,4.121831079075135
sout2985,miwo1274,-3.5472974169200424,0.01845696110007621,0,-3.9333862199825003,5.2169701813260545
sout2807,atla1278,4.960933328979724,0.029668515359696664,0,12.1315042884,5.022123624130019
khan1277,sino1245,-3.1952524959709527,0.021506652492089887,0,-2.3126371050255,4.18971764109801
sout2679,ural1272,2.1858104333446287,0.021672060365958472,0,3.4777842852765,4.05937410775813
sout2782,atla1278,5.580217345723343,0.02288034019480069,0,9.42932710738475,5.101134985017115
sout2895,aust1307,3.7208665727363983,0.02776660576917887,0,7.119287321030001,4.411482250582955
sout2674,ural1272,-0.16472631463995135,0.014000664233216572,0,0.4785918522125,3.720004186101125
sout2959,atha1245,-3.6331393440209316,0.02256522346913551,0,-6.98297917798,4.78003192899767
para1301,aust1305,3.117966763572501,0.0073688511354377245,0,8.0867928763,4.19668645371855
sout3261,nakh1245,-5.2585793528798455,0.014245777880118392,0,-8.750901193195,5.83919855866693
sout2869,aust1307,3.819742114363612,0.021139744511126574,0,7.909170213125,4.308662235745951
stan1318,afro1255,0.90524781380881,0.01510936631706765,0,4.565113748397501,4.109968562053201
stan1306,aust1307,3.5985492277576197,0.020287474761982956,0,7.8658580263375,4.210158696842525
horp1239,sino1245,-1.9729996337809923,0.02171740915083377,0,-5.2457603931375,4.260598780264949
sude1239,aust1307,0.8683981957855409,0.015279348532765679,0,3.5884379638275004,3.981817587958035
sumi1235,sino1245,-3.079060716621302,0.020175160363874265,0,-2.2075232840992003,4.185112060270486
mari1426,aust1307,4.250179000203776,0.02606852282268013,0,7.5623923657,4.33901255309542
supy1237,atla1278,-0.06918724595459899,0.020420970637121356,0,2.2066834545375,4.180256346297259
surg1248,ural1272,-2.4444468101268115,0.014307321797552204,0,-1.7931976332775,4.239121560325745
swed1254,indo1319,1.7842024033740316,0.009633006327254345,0,6.8440892859575,4.39897707733802
tabo1241,tabo1241,-4.7535669569645895,0.04022601462947193,1,-6.6144541975,6.116209634680654
tafi1243,atla1278,3.596929821811683,0.02568507891868744,0,9.7489553385325,4.978795029962895
taga1272,aust1307,4.4947430242268736,0.031184496057698012,0,8.39314828285,4.368864362446249
taga1273,aust1307,0.9002453814903106,0.02159647532238338,0,3.14353109281875,4.040347450878655
taha1241,afro1255,2.7712208248163623,0.011872952402318908,0,8.0482157473075,4.726613075095974
tahi1242,aust1307,3.804499868607903,0.0184510333856935,0,8.744595933974999,4.194669884909295
taji1246,aust1307,3.4270932002054515,0.030878707307303275,0,7.251172300112501,4.3487272600502305
taku1257,aust1307,2.805233633330131,0.02774067673937638,0,8.560336089349999,4.2265367977662045
tama1331,tama1329,-2.3273481276632872,0.007381140528231515,0,-4.9161021928225,5.92281425645826
malo1243,aust1307,4.19129518174582,0.02031423398414422,0,7.61546414748,4.30233065522133
tama1365,afro1255,0.28741150977591534,0.009331653896703557,0,8.205163566954074,4.63746129333885
tamb1254,aust1307,2.2097968570547293,0.035066763088117806,0,5.7225812613225,4.22073387860144
tami1289,drav1251,-2.626969825124892,0.024129573774212144,0,-6.035559216685,4.38734686926073
tane1237,aust1307,3.8428615492580915,0.017545804913786944,0,7.2208924310075,4.38304030853771
tang1377,sino1245,-3.3672902482423757,0.02485431529245612,0,-3.6254613186252502,4.18675695490186
tang1373,sino1245,-2.017142336594791,0.01887701807066284,0,-0.841964328523275,3.916176108176205
tara1313,sino1245,-3.1833582283985153,0.008742043133536263,0,-5.201439133905,4.4372226993714
tari1256,araw1281,-0.6559135584145235,0.013741166008617947,0,2.8537634171525,3.953090522878135
tari1263,afro1255,3.1272066119036337,0.006549538269966346,0,7.59923640800775,4.846800269197635
tata1257,aust1307,1.8507444030521851,0.017402328798937407,0,5.2254644390747504,4.14413473195479
tata1255,turk1311,-4.334253278438878,0.022563342960082812,0,-7.9350632036,5.13903081722917
taul1251,taul1250,1.9312562507864375,0.01369511654548699,0,0.7652482392525,4.976843286957985
taus1253,taus1253,1.9460727921821546,0.012386989079822136,1,1.8975854802075,4.90892744672814
taus1251,aust1307,2.9853268201656196,0.026283096714361052,0,8.588133903252501,4.29847798288997
tawa1286,afro1255,2.134052269301903,0.01742382203385727,0,8.1957351365525,4.65002815242009
diga1241,sino1245,-2.950251013340327,0.022292398229637987,0,-3.0003492447099998,4.23095343901448
taya1257,afro1255,2.344241513286341,0.012586185624439944,0,8.18847013365,4.645709088805405
tbol1240,aust1307,4.379668283457994,0.02324122242218592,0,8.05735926292,4.413968201293765
tean1237,aust1307,3.8191497576491296,0.03589039475290457,0,7.2273887000675,4.37126698559171
teda1241,saha1256,-2.6123516799477646,0.010311985649643076,0,-6.6604616697325,5.465596228714546
tedi1235,sino1245,-2.990853160327041,0.01140218198572723,0,-5.3073704207975,4.351445896875295
tehu1242,chon1288,-2.200042809571408,0.007229936518494565,0,-3.6301308275977497,5.195058874583525
tekt1235,maya1287,4.633146914968229,0.02580305563181957,0,6.4648586031875,4.970277996646695
telu1262,drav1251,-4.809557355915072,0.050132508474851345,0,-6.19749933838,4.66796060165186
temo1245,otom1299,4.557374361485918,0.022867742213119154,0,6.1531375621199995,4.996059568293905
teng1272,aust1307,0.6509700818071193,0.01828649155279413,0,2.6134469179367503,4.122590239112505
tene1248,dogo1299,-3.7472825766575912,0.018427005470362617,0,-6.51849238221,5.754546867145351
tenn1246,surm1244,3.456866919209923,0.012738763515282544,0,7.3087715750965,4.723443436380245
tera1251,afro1255,2.3483734717682516,0.009405107260162016,0,6.8820463882,4.35108604209419
tere1279,araw1281,1.8904548106209589,0.0178893996150429,0,3.587015922835,4.15042848315062
teri1250,chib1249,-3.4313478081785065,0.023911033212160086,0,-4.983904185089999,4.378625105275516
tern1247,nort2923,0.46960914298879164,0.04642339657188119,0,0.046635305271824995,4.4426942652578045
tete1251,utoa1244,2.3906759292527435,0.044359568270043746,0,1.7315883582459999,4.1316350329868445
teun1241,aust1307,1.9918626148315048,0.01959912480173225,0,7.53249731685,4.27351477306841
tezo1238,otom1299,5.2519714259525,0.02689490374482109,0,6.4977079372585,5.11759512452055
thad1238,sino1245,-3.1498781850892543,0.018978193403392345,0,-5.294422990323,4.367649854918305
thak1245,sino1245,-6.169908682151043,0.022947863274980065,0,-4.790008346825,4.30949553370714
thao1240,aust1307,2.9739627919730482,0.024726996434601523,0,6.9075512709,4.7630861656184305
aheu1239,aust1305,4.365610731032841,0.009541686633505419,0,7.9931081784749995,4.340218233245965
tibe1272,sino1245,-4.253976659998793,0.0051711440695849185,0,-3.73555071099,3.983303035518505
ticu1245,ticu1244,-2.165455500564391,0.01672569829100505,0,-3.992350777694625,5.036664851041035
tief1242,atla1278,0.7766884081436083,0.02055112859286516,0,9.74839801322,4.704275889539035
tief1244,atla1278,0.8543249986220234,0.017211302530399923,0,9.743252988125,4.6715494853780495
tiga1245,aust1307,4.205292974955336,0.023962885174600875,0,6.10510783563875,4.34671589663286
tigo1236,atla1278,4.6942715524012115,0.022366763210323545,0,7.976090820995,4.48737339493073
tika1246,atla1278,5.061665311403312,0.02358272504548872,0,9.8683592381925,5.3031632385821545
tilu1238,sino1245,-6.040971168543953,0.017494016602542833,0,-5.05574673193,4.52926439205128
timn1235,atla1278,0.5157077477697306,0.015401944986883341,0,4.8115158310725,4.090689299914385
tina1248,aust1307,4.888831963249228,0.044565576946844716,0,8.26556704228,4.41294574110295
tira1254,heib1242,0.22750530468047,0.013265235699169901,0,-2.259006960832,4.433686491611734
maee1241,aust1307,4.165693278015013,0.02483978511993458,0,7.426767750350001,4.27672943300902
tiri1258,aust1307,3.8867715745649463,0.025273880322348542,0,7.750196386115,4.3504821036052
tiru1241,aust1307,4.442214571425403,0.042237832154604166,0,8.08797700915,4.3884945724838555
tita1241,aust1307,2.8874248867846437,0.017301087638462078,0,7.3298131944,4.36276740234991
tivv1240,atla1278,3.6461368498040447,0.023197707500104227,0,9.997190240775,5.359436158443311
toab1237,aust1307,3.016532128180069,0.02164579501711564,0,6.097052924525,4.125001122600275
toar1246,nucl1580,-4.4800376677131535,0.036424021261217236,0,-6.4828393223525005,6.04679806537567
toba1268,leng1261,1.9542879262874198,0.009700724890040717,0,2.5252060901805002,4.92867392517163
toda1252,drav1251,-2.251653160981594,0.021809235348645095,0,-5.96109538696,4.374329567240061
toho1245,utoa1244,-2.726699478649807,0.023992694218784888,0,-1.09400345851,3.9469839188360103
tojo1241,maya1287,4.598411118629961,0.02431222495895488,0,6.42926714432975,4.98888246907233
toke1240,aust1307,4.193959754948837,0.018739027966000944,0,8.64004248,4.219544675145755
toma1245,mand1469,-5.678991411407111,0.0316130126974651,0,-10.0463195082475,6.0842569934643596
tomm1242,dogo1299,-3.581189316306801,0.027864579373193907,0,-6.262302537825001,5.990839036431995
tond1249,song1307,-3.5762209432667236,0.029299922639788496,0,-6.650636386775,5.17637318660603
tong1325,aust1307,4.2114703110853355,0.021396638941708256,0,8.544515153399999,4.228998370280594
tong1318,atla1278,4.9879266191478475,0.024942521162779285,0,12.06926796185,5.05595997856933
toor1238,atla1278,3.8214894040421905,0.014460045807949556,0,12.202352257025,5.0155643938903
tote1238,atla1278,4.416195756158679,0.024041498951301917,0,12.0876790073,5.08084872343238
toto1302,sino1245,-4.806490653547531,0.010330531272410655,0,-2.8840017451738,4.177623994484815
trin1274,araw1281,1.91216187227932,0.01569599812809341,0,3.5495653745175,4.136808936063185
trio1238,cari1283,0.31814018504261743,0.01980538809861883,0,0.360273783045,4.03306496195244
trum1247,trum1247,-2.2488024366973924,0.0126585779919634,1,-3.7741661209362496,5.05733775561157
colo1256,barb1265,-2.9162299749797906,0.018376694970348568,0,-4.315278330923,4.932459784143565
tsam1247,afro1255,-0.9668079147535444,0.010034335044616522,0,-1.796477170738425,3.88876753540663
tsat1238,aust1307,4.443528765091861,0.022261522993680897,0,7.638258261224999,4.280683381160385
dido1241,nakh1245,-5.128647924043628,0.011136123825397769,0,-8.7593904339375,5.861895921008925
tsha1245,sino1245,-3.5290975424042994,0.02203308905846018,0,-4.31297124465835,4.228916942833955
tsix1234,khoe1240,-2.5055376785996253,0.009583018104838928,0,-4.329204548845,4.959615277798415
tsog1243,atla1278,4.712165609859465,0.022569025199764645,0,11.465152002,5.21774714992029
tson1249,atla1278,4.8855833947151845,0.024962400469652427,0,12.129873771149999,5.061415396099649
tswa1255,atla1278,4.320321712567088,0.02546544374140175,0,12.135628785675,5.030015944845054
tswa1253,atla1278,4.942270546946439,0.014290895236001307,0,12.176389118774999,5.00442762451057
tuca1252,tuca1253,-1.6705026059286703,0.031230138587334377,0,-0.20717526402949998,4.3582182292842955
tuge1241,nilo1247,2.1415306159895793,0.01606526815520785,0,5.288309674165,4.60419158450256
tugu1245,aust1307,2.8792496211424417,0.01976142712525302,0,7.413873314418749,4.3027836664592805
tuka1248,aust1307,3.745456088433541,0.02997419929790035,0,7.161852966594999,4.3969651957326406
tuki1240,atla1278,5.52057555522552,0.02667681831507199,0,11.485796118825,5.254428100570754
tula1252,atla1278,4.895540621776429,0.03067294759902473,0,9.347761440307501,4.772746682155216
tulu1258,drav1251,-3.10247589597105,0.02553559385135697,0,-5.839395315582999,4.548589897729695
nene1249,ural1272,-2.1480902577827723,0.011724756716209287,0,-4.2729195466725,4.527654202107575
tung1290,aust1307,4.0968734029815534,0.02082211346907087,0,6.1163424674425,4.312725109997635
tunn1238,afro1255,-2.324558595160831,0.011503282227412481,0,-2.1076992446,3.906545745352055
turk1308,nilo1247,0.9071964873437444,0.022528727701714425,0,4.789942562845,4.6136483867235505
nucl1301,turk1311,-3.293405120899406,0.018264332935409962,0,-7.963667792325,5.10408685207943
turk1304,turk1311,-6.252157426290692,0.02441070136456126,0,-7.983951618485,5.08461794449974
tusc1257,iroq1247,-3.2267135357719567,0.024509955849596442,0,-5.794058778455,5.04732877480436
tutu1241,aust1307,4.214003400025233,0.02243824512530361,0,7.6360886737,4.309183983652735
tuvi1240,turk1311,-4.926474547393358,0.025771144245114157,0,-7.9648331723600005,5.1520939080716
tuwa1243,aust1307,4.919716781988576,0.028317440940025668,0,8.4175804657315,4.392726162016896
tuwu1238,atla1278,4.194263453425992,0.04887990597771374,0,9.754490363275,4.97923137115459
ubir1237,aust1307,-1.8533605233269923,0.015562688831533238,0,1.2200639043180002,4.1718844476465105
udii1243,nakh1245,-5.402843643733624,0.013682812824646852,0,-8.859009556237499,5.79464799917877
udih1248,tung1282,-3.93727258062644,0.014350883622568825,0,-13.2968576681,7.43498174468111
uduk1239,koma1264,-0.402941396201533,0.015504883617611157,0,-1.51787942341425,4.877233015944846
ughe1237,aust1307,2.5991711755062576,0.011737467321185075,0,6.3899748192375,4.2570928808363195
ugon1239,sino1245,-0.9121113315491356,0.01320135051825289,0,-5.84283071903225,4.3688699081347
ukaa1243,atla1278,2.518148409315901,0.025170010982274244,0,7.8551255808675,4.41527383683206
ukra1253,indo1319,1.7554350591423329,0.009397639323788978,0,4.0239964206225,3.920298057815575
ulch1241,tung1282,-4.3357873479733104,0.020704172999835704,0,-13.30295426755,7.464786620630845
ulit1238,aust1307,4.1065973072315005,0.019262897681383864,0,7.9776772831275,4.18906644667365
ulwa1239,misu1242,-3.0959112795414407,0.01720845257775329,0,-4.835091139125,4.940926393838614
yaul1241,kera1258,-3.792071360454031,0.03308655533820942,0,-5.56016816709225,5.83849619752013
umaa1242,aust1307,3.7916363001463003,0.03194144670940323,0,7.1105584046025,4.38334304145247
umes1235,ural1272,0.228581871424869,0.014413447287943137,0,0.46723745258025,3.6952620968919403
unua1237,aust1307,4.108122505117883,0.021961550844489867,0,7.441593781405,4.292268436289239
uppe1427,aust1307,2.120375926044564,0.04666645034242287,0,5.765007936377501,4.180243778214135
uppe1275,toto1251,3.6751378050300163,0.026283070604864598,0,2.99654495038375,4.748657804094595
urak1238,aust1307,3.835118244684953,0.032753552916989,0,7.853415287424999,4.21091112939881
urar1246,urar1246,1.9942535762259812,0.011522222240410385,1,2.1333002034875,4.94110468246802
urav1235,aust1307,3.53092700992938,0.021260768707982745,0,7.821437930914625,4.3195343918992
urim1252,nucl1708,2.1696982902039403,0.045888489555778886,0,4.27130422654,4.808735241152995
urip1239,aust1307,4.169657779213482,0.03255539416510289,0,7.38188319488,4.27879191572528
urni1239,giim1238,-3.3576569580189863,0.0326860000314093,0,-6.4482822651125,5.810397946589346
utes1238,utoa1244,-2.640436441908569,0.02137017128857402,0,-4.451586085575,4.344323109227185
kagf1238,atla1278,3.65476546155384,0.04413977491639008,0,6.8380230590524995,4.462832530605246
pile1238,aust1307,3.5558751756902236,0.019826184569496034,0,8.590924199675001,4.2216135414657145
veps1250,ural1272,2.211159723778125,0.015061751911546526,0,4.66100007767,3.858947295786235
vera1241,aust1307,4.145786407383191,0.02388183335573043,0,7.657497026174999,4.29795585514999
viet1252,aust1305,4.246134981349909,0.011772173045435451,0,8.0148641275,4.33162096562187
voti1245,ural1272,2.2938070988622283,0.02187914024876061,0,4.1034195437425,3.968196090653095
vure1239,aust1307,4.150819679201343,0.01696153003653681,0,7.6755431321475,4.30522461320522
waga1260,pama1250,0.4578623197133564,0.025736847563599403,0,-0.412678542045,4.399963010746145
wage1238,wage1238,-3.3168180920612347,0.028931649180333464,1,-6.533296395453,5.942737370049745
waig1244,aust1307,4.333892009523937,0.02089461149032355,0,7.0938221412475,4.47497766196191
waim1251,aust1307,-1.5955613730228237,0.02427218750242618,0,1.4967644130075,3.93162884150873
waim1252,aust1307,3.01757640733258,0.01758672483776775,0,7.35058748942,4.33120708955286
waim1253,cari1283,-0.5280523467711047,0.019914584563375054,0,-1.5090608514119999,4.132510578140175
waiw1244,cari1283,0.8105988323181823,0.02523079358866245,0,1.3037443232307502,4.014580372806934
waja1259,atla1278,4.958573674606421,0.0310800611428667,0,9.3218275351525,4.802389910992005
waja1257,pama1250,-1.3283408148645575,0.021825278162281928,0,-2.736376581371,4.281010957053615
waka1274,pama1250,-2.041876468363758,0.04045381546059927,0,-5.133060363475,4.74659974905759
wamb1257,sino1245,-6.054518439193465,0.026790175390804517,0,-5.091068567892525,4.52204182549915
wand1278,afro1255,2.9675240384466424,0.008341608662827536,0,6.531190860404999,4.278535578870775
wand1267,aust1307,3.656580742814798,0.022880132006849296,0,7.1810405048425,4.4507692088218604
wanm1242,pama1250,0.85503362111117,0.024314898914108107,0,-1.1150227698675,4.098390091482836
saka1289,aust1307,4.172148737480684,0.02596378132878464,0,7.6368180588715,4.304706596862925
waor1240,waor1240,1.685805247029743,0.010441916457640102,1,2.7645001846745,4.89165871178918
wara1303,wara1303,2.0152600055415677,0.010934185518084947,1,3.0621991766475,4.94615470317635
ware1255,araw1281,1.4513351116774462,0.021101385335014947,0,3.7151532067725,4.0292162416763695
ware1253,aust1307,2.3925142224821685,0.01650083249456435,0,7.279879939345,4.40877971206905
wari1268,chap1271,1.8196381318179615,0.008972379888573929,0,2.388946126915,4.844982610743125
warj1242,aust1305,1.917235561391978,0.013229563561187836,0,7.9093595364725005,4.260530576181726
waru1265,pama1250,-1.4728907710094483,0.03587143565462911,0,-3.70158255241675,4.356255733300046
wash1253,wash1253,-3.3078422198741406,0.018356673482926546,1,-3.45921881855,5.310058656499165
wawa1246,atla1278,5.118064992564156,0.015695030181730567,0,9.8536293286375,5.30531438190296
waya1269,cari1283,-0.6632378750127735,0.0226710951799446,0,-1.824553626534,3.99588991468914
wayu1241,sino1245,-6.138260974462822,0.026545052847483444,0,-5.0757510180575,4.517836479789635
wayu1243,araw1281,2.093696239687402,0.01906291408373464,0,4.6684816580825,4.18088358856706
wels1247,indo1319,3.683055869839518,0.011140470880766983,0,6.020428440993,4.59013750464639
weri1253,kuni1270,-4.068015893149122,0.03570794915029149,0,-6.5039013610800005,5.74222132256532
west2560,aust1307,2.3265897644540665,0.02347040167914432,0,6.6170253343,4.27640997094597
west2548,aust1307,1.5995282398071604,0.021976990016606253,0,3.26755856781,4.07725305961417
west2615,atha1245,-5.575602074398121,0.025405586432552685,0,-6.59639783375,4.884333542797975
west2397,aust1305,4.602546590939312,0.01138592761442379,0,8.11894012808,4.311722861713745
west2555,aust1307,4.55525727790662,0.029645366068189804,0,8.388030328545,4.382442637027115
west2650,aust1307,3.9500071272766926,0.0210755593211399,0,7.563978255335,4.310590631854245
west2594,nucl1709,-2.9096564937725127,0.024726464543648588,0,-5.975903166305,4.765275585238
west2369,indo1319,-1.915897884881595,0.010888229198568574,0,-3.86773827825975,4.5077156300250305
west2519,aust1307,4.300491087830487,0.02451614874448844,0,8.228130357645,4.2869668979011895
west2354,indo1319,3.1663802873358877,0.009821179921088219,0,6.79267247295075,4.428669902876194
west2644,otom1299,4.913314710045151,0.01482553121510994,0,6.6491151864557505,5.013324362091485
west2466,atla1278,0.2613460096510177,0.025728592387512326,0,2.6545040843535,4.215626657398525
west2396,aust1305,4.964849231994197,0.01538624194308413,0,8.08263380304,4.20937795868052
west2418,sino1245,-6.3417489000673335,0.02145858026224147,0,-5.02006529202,4.513580053109415
west2557,aust1307,4.350483417237847,0.030779705869670642,0,8.38981868895,4.35472297735756
west2415,sino1245,-6.21710880987377,0.03532566185172108,0,-4.744443737398,4.31121395747057
sanj1284,otom1299,5.410104160569143,0.018285372551636838,0,6.6355718090215,5.06582223892188
west2430,hmon1336,3.352820237295714,0.013106519239608202,0,8.228908059375,4.86283922918852
west2600,nort2923,0.5029161467795111,0.04464520224835866,0,0.4066548282285,4.544017602555805
west2516,aust1307,3.86318517469115,0.02323034923875821,0,8.595785913,4.227110800903695
whit1269,aust1307,3.8090518729865863,0.021065235906437055,0,7.933382170725,4.31660479678191
wikm1247,pama1250,-3.64827352435895,0.05345692599209296,0,-4.0450509542675,4.637400055356846
wiru1244,wiru1244,-4.368223460652758,0.035806289614924464,1,-6.2351816480375,6.144567384773965
babi1235,atha1245,-3.0877891145241154,0.016739034308443534,0,-6.76538735859375,4.8031303420121
woii1237,aust1307,3.182598089850348,0.0182721014664001,0,7.22606380839,4.4341217583119
wola1253,afro1255,-2.5509887840541685,0.01276103788598326,0,-2.55390235851525,4.508994927783229
wola1242,gong1255,-5.043336946934435,0.03150992550842491,0,-5.5238054510375,5.05474923374187
wole1240,aust1307,4.0620467141298615,0.025372760498605693,0,7.9981097959625,4.163628825610825
woli1241,aust1307,3.775401323779793,0.025593861178312246,0,7.28394816185075,4.32847853792955
nucl1347,atla1278,3.258151478442774,0.013590111859659323,0,7.489357121195,4.730490033192725
wotu1240,aust1307,4.06080224069795,0.028663510160220014,0,7.277382169365,4.30969414625967
woun1238,choc1280,-3.3728406343158666,0.016429305902818526,0,-5.0624201555660004,4.899106270829055
wuch1236,sino1245,0.8105113568277149,0.011190563456242943,0,1.14284575401,3.9689502704239548
wudi1238,sino1245,-1.1248327524092905,0.02356147964227045,0,-3.4663572287407254,3.94482273542451
wusa1235,sino1245,-1.3766537244647066,0.03100450101110472,0,-4.529555668265,3.992892764726695
wutu1241,sino1245,-1.747127986779778,0.020573717903952477,0,-0.9683760985027501,3.913925166627945
wuvu1239,aust1307,2.1070701432626686,0.020806234286660823,0,7.142067740525,4.3907765987160055
xamt1239,afro1255,-2.6180354405165582,0.01481915514726482,0,-2.9153173459625004,4.090908917367395
xara1244,aust1307,3.9103008764760636,0.02426128578969168,0,7.77150906335,4.33874752533709
xava1240,nucl1710,-2.559433546131022,0.020452928517641782,0,-4.383993988472749,4.534858736129675
xish1235,sino1245,-1.6058127943706055,0.021937058619192446,0,-5.9751026071875,4.203883275880255
xokl1240,nucl1710,-2.4457335914471434,0.01764143334816572,0,-4.3706513624425,4.532458512865315
yaak1241,afro1255,0.9569582061126369,0.01366793957298624,0,-0.7380090344357499,3.8560336125955903
yaey1239,japo1237,-3.192648871419084,0.009450824196664407,0,-4.9781361735125,4.845236044012481
yagu1244,peba1241,1.6569703128396776,0.01111285709338575,0,2.5042756401024997,4.754713282661919
yaka1272,atla1278,5.768669096412927,0.021852389307924828,0,11.729537239425,5.16432423806375
yaka1277,aust1307,4.1387939095833115,0.02005549555697733,0,6.55094313445,4.3465739251553845
yakk1236,sino1245,-5.359666201336713,0.021630188869913837,0,-5.058815830865,4.50238464127317
yako1252,atla1278,5.64665784357967,0.022864543174458435,0,9.181586824570001,4.6750499315881004
yale1246,yale1246,-3.2195132250309157,0.03245326527081726,1,-6.6180214204325,5.85929130549734
yama1264,yama1264,1.8495487431510018,0.00830067027486579,1,2.890174157693025,5.07564305118828
yami1254,aust1307,3.175699754311491,0.017386153907011166,0,8.42731488046875,4.3604251188493
yami1256,pano1259,-4.1241537086954585,0.024321662840616338,0,-7.1963849570625005,4.585464389514835
yank1247,pama1250,-2.24335544420366,0.03491277085886881,0,-3.91414576488525,4.19116011527081
yano1262,yano1268,-2.4867201605676765,0.02000394940417888,0,-5.170189307295,4.826553719112065
yano1261,yano1268,-2.9549820307494317,0.021806801385109972,0,-5.159219411697499,4.825432272080629
yaou1238,mand1469,-4.594978149733745,0.01356804688627922,0,-10.09430973551,6.04701428322437
yape1248,aust1307,4.130664709839737,0.020970561805110196,0,7.048873253902499,4.358242137807165
yaqu1251,utoa1244,-2.1806065988374304,0.02406298272007636,0,-2.1064475254475,4.10991592754261
yare1248,yare1250,-5.287923161327133,0.03981532199845699,0,-5.7004387624772495,6.171855522771905
yatz1235,otom1299,5.4333053975516945,0.011399804509757822,0,6.649255251787499,5.05103200021952
yaum1237,nucl1709,-2.106980567503218,0.0302693058259224,0,-2.82982926505,4.10130498419585
nucl1454,yawa1259,-2.0506030089932095,0.019186684088556144,0,-7.5076405182975,5.897453125455884
yawa1260,pano1259,-4.397698150620641,0.01840024842119079,0,-7.196143848695,4.611473297436385
yawu1244,nyul1248,1.6102108379799764,0.017993837250988284,0,1.722879295083875,4.90397210323354
yecu1235,toto1251,4.039551576551288,0.022940375109790537,0,2.8984085292625,4.76667692426599
yele1255,yele1255,-2.9274431616207632,0.025851789377935974,1,-7.2963621666775005,5.877757030519225
yems1235,gong1255,-5.367104389571388,0.040326962475327424,0,-5.25723254553,5.10842453873597
yapu1240,nucl1708,2.260126353590345,0.03196507768016482,0,4.2587193024375,4.81500526429026
yidi1250,pama1250,-3.3668321884066765,0.04646788321941016,0,-4.06504072501575,4.713784151394135
yind1247,pama1250,1.8912448003380344,0.03788583536172096,0,1.90638764457875,4.12728086349958
yoga1237,aust1307,4.595890045586408,0.023141020135705615,0,8.4528333934525,4.375788179900045
yona1241,japo1237,-3.12103758278103,0.009157816052653806,0,-4.979200638835,4.85461402746155
yong1280,nucl1709,-4.67502959366471,0.02454975757446729,0,-6.0829267802075,4.70654138631458
youl1235,sino1245,-2.0793396104701163,0.024803817789245845,0,-6.14894404568,4.232693599335979
youn1235,hmon1336,4.241544850460343,0.01135741735012855,0,8.1358615000175,4.839308310821314
yuca1254,maya1287,3.5494232080649644,0.013082202404544522,0,6.72900462134875,4.859766097734536
yuch1247,yuch1247,-2.32863155974973,0.01569501035111477,1,-4.1352870288625,5.1788444522338555
yuec1235,sino1245,1.4389881229246624,0.017047976568127544,0,1.00024267711025,3.982579885875905
yukp1241,cari1283,-0.8413765999136495,0.018271719842676712,0,-1.88505463833,4.17128236756356
yulp1239,pama1250,-0.3340225774517127,0.02626915650988522,0,-3.3616696302999998,4.17019579349507
yulu1243,cent2225,3.3040551395332134,0.02861144856227573,0,5.44739736359225,4.148825280390666
yuqu1240,tupi1275,-1.2172773797473164,0.013029685881063797,0,-3.52612066786225,4.20109954071362
yura1255,yura1255,1.635094704812908,0.01316652093562855,1,3.3202275270175,4.81345802343741
gami1243,pama1250,-1.8581989286610288,0.032169647911149644,0,-5.32504687396,4.732441524132345
zaba1237,aust1307,2.982043450432956,0.01636632420568014,0,6.394100952421925,4.2599629647938
zaca1242,otom1299,4.888803419991907,0.022432774479513105,0,6.6368617549655,5.01903404883294
zaca1241,utoa1244,2.8686451976291054,0.028812109667473693,0,1.731320591541,4.15034290320493
zaiw1241,sino1245,-2.037257182084484,0.01811219354043876,0,-6.2840208979375,4.287551485701256
zakh1243,sino1245,-2.88083801834314,0.02237217201149147,0,-2.5030734344075,4.12003017054793
zani1235,otom1299,5.298019809653164,0.025878466614641202,0,6.61227809215175,5.0620591276653
zapa1253,zapa1251,1.7668099333963092,0.01692154626527154,0,2.3434811676575,4.847572026426175
zarm1239,song1307,-2.8557894059846785,0.03851941094520187,0,-6.6634523463975,5.137757944464795
zays1235,gong1255,-4.649087265431584,0.025048094828610364,0,-5.484120080209999,5.08966598381559
zeme1240,sino1245,-3.2876008686332137,0.006377484604460611,0,-2.3886580362337497,4.1965261513359895
zhab1238,sino1245,-1.33866178702656,0.01158819278866168,0,-2.07149375127475,3.971604818547285
zoog1238,otom1299,5.113490063607715,0.022125004200099743,0,6.6537310944967505,5.020093381729455
zulg1242,afro1255,3.010938817987034,0.00545720806651173,0,6.422258945035,4.33909996933561
zuni1245,zuni1245,-3.344947788846544,0.019587034065623843,1,-3.9052533781095002,5.284099249017505
