Glottocode,Family_ID,GPGLMM_3D_Mean,GPGLMM_3D_SE,Isolate_Flag,Verkerk_BRMS_Mean,Verkerk_BRMS_SE
abee1242,atla1278,-2.7582057264954654,0.03910648553785442,0,-0.610377286439425,1.165615616206
abkh1244,abkh1242,-1.9016959348918998,0.05391576270639493,0,0.21687201913325,1.2561867235083048
abun1252,abun1252,-2.314815938960427,0.06516590585268713,1,0.16158478134725002,1.2979962673633598
achi1257,aust1307,-3.7089070025893514,0.017115298864530917,0,-0.42032609127752496,1.14321653847438
acha1250,araw1281,-1.1844814184938408,0.03410180283651539,0,0.897540861307595,1.260587020842665
achi1256,maya1287,-3.0617251461104806,0.05058181040681435,0,0.5777524430002501,1.285904039493605
achu1248,jiva1245,-0.7313441495846048,0.03251633243069312,0,1.0597353101535,1.29742775685074
acol1236,nilo1247,-3.062918128408913,0.04672080013116999,0,-1.0484828627509999,1.61494821637993
adan1251,timo1261,-2.351788122120277,0.05727345574691746,0,0.16920397021431,1.29865587361414
adon1237,aust1307,-2.6855824159621715,0.011720817321704217,0,-0.4109445643476,1.130356713921565
adze1240,aust1307,-1.682010736910672,0.03128399394385672,0,-0.41145759245646796,1.13538349454
afar1241,afro1255,-2.783576628569815,0.030892632798364413,0,0.07861739549237501,1.16308877665323
aghe1239,atla1278,-3.7750069775750754,0.03244761661328962,0,-0.588266729416175,1.15999096042228
aghu1255,nucl1709,-1.7923065767596258,0.060010105675762,0,0.13491085619025,1.215485727445135
agob1244,paho1240,-0.6464301069424859,0.04737560701583647,0,0.5166653205602,1.2943268136857
agua1253,jiva1245,-0.9464249417261175,0.04112513607519503,0,1.0492378706415,1.30005442901147
agut1237,aust1307,-3.4556078462132565,0.045764603318111614,0,-0.4107800504220575,1.1354073982909
ahin1234,aust1307,-2.444863298526322,0.03534146438342404,0,-0.37430195416245,1.135160266611255
aime1238,bosa1245,-1.6508311703534613,0.07125030417838826,0,0.22228512226675,1.27717965661324
ayiw1239,aust1307,-2.8544315136099003,0.030693701547126615,0,-0.4055993431236,1.1294173630591149
ajab1235,atla1278,-3.5801615608182376,0.031111921925359057,0,-0.6018430795665499,1.1656096437405599
ajie1238,aust1307,-3.5843564101770315,0.02986055900298686,0,-0.411494261367375,1.132849170788195
ajyi1238,araw1281,-2.165755845981814,0.04690931552507432,0,0.85889272955,1.2566348996477852
west2635,maya1287,-3.3973309801128404,0.03509879795447113,0,0.5939151224162464,1.2823247572911298
akha1245,sino1245,-2.855596224076206,0.03350854100201184,0,0.23039763833132498,1.1513047052225
akoo1248,atla1278,-3.7911525917279905,0.04244648944025859,0,-0.5808350902175,1.139033117770835
alab1254,afro1255,-2.5587686756085666,0.03620593689595276,0,0.0983673343805,1.164289955601345
alab1237,musk1252,-0.5773262450507778,0.02899231821585769,0,1.09537039743525,1.287325450277385
alag1248,afro1255,-2.680604184174448,0.037879476518712554,0,0.078690888525975,1.1696539009754652
aleu1260,eski1264,-1.826271506028864,0.050702165124169696,0,0.9100346696705,1.284623670835075
alor1247,aust1307,-2.576936624767682,0.0284523863802548,0,-0.41308311649025,1.1262234074804351
aluk1238,drav1251,-3.111052773559935,0.03363712720783365,0,-0.430232503625,1.34162694136004
alya1239,pama1250,-2.3557690556528716,0.06981109112378162,0,0.14446735678634998,1.225876448916545
amah1246,pano1259,-0.41501848692425053,0.04925733930465087,0,1.4002221114562499,1.320160992802
amar1274,hara1260,-1.4985054696442588,0.03976605224206141,0,0.9879223353236,1.28906798277331
amdo1237,sino1245,-0.37512982207218337,0.031438237928914405,0,0.59686799275275,1.18432213949386
amii1238,west2434,-0.4217263730537184,0.06723002791342832,0,0.643196865926625,1.299547363130955
amis1246,aust1307,-2.7156322654487726,0.039134689405056024,0,-0.40997869251630004,1.147567775829045
hoaa1235,kxaa1236,-2.351061690419166,0.040000232769347166,0,-0.7886050775155,1.5906439473591498
anei1239,aust1307,-3.6037310878194306,0.02975121535862858,0,-0.406441405584475,1.1230641242614898
anfi1235,gong1255,-3.0354419993086363,0.035776554947424745,0,-1.222365987610875,1.5534072123168299
anga1288,sino1245,-0.9779157671108238,0.03092423209042994,0,0.440663762950475,1.1687256293274202
wara1294,more1255,-1.4767180597148744,0.05612369941952946,0,0.10846514074975,1.273389207416215
anta1255,aust1307,-3.1375535813325284,0.023264334700138684,0,-0.4131216049578335,1.1371140554499601
anuf1239,atla1278,-2.6514785915258923,0.03670457384505469,0,-0.61064584087025,1.168218964288155
anuu1241,sino1245,-1.0872245846599469,0.015318118340070108,0,0.283572764127,1.154431146834585
anut1237,aust1307,-3.0670390943263524,0.03440999531479011,0,-0.40243799482977505,1.121166548029355
aona1235,sino1245,-1.0518764143453252,0.03860190174829553,0,0.449790228897175,1.17064045988024
aoua1234,taik1256,-3.3313029848480706,0.01285166730982544,0,-0.17297274638144,1.27989873861012
apat1240,sino1245,-1.11249447479541,0.039999873677367286,0,0.381164750088525,1.16143968246486
apin1244,nucl1710,0.6102012736585838,0.025589111661867885,0,1.314630406835,1.347171453589175
apma1240,aust1307,-3.2355362993079417,0.012512852070493755,0,-0.399809853362,1.127952588404105
apur1254,araw1281,-0.7680465266069776,0.0391390426464356,0,0.8565351822639999,1.2478364613136699
arak1252,aust1307,-3.203195239428141,0.03029205114210935,0,-0.39356443962856946,1.12637373676802
arao1248,pano1259,-0.44195543003757753,0.04316279278625251,0,1.39480095761,1.330613707593995
arap1274,algi1248,-0.8839900386063417,0.03170456293578275,0,0.75235912954725,1.259589840659435
arbo1245,afro1255,-2.8310357272479054,0.02964543104266546,0,0.072480363078025,1.1662171706394049
arch1244,nakh1245,-3.1547827679865796,0.038145917612514645,0,-0.24990740418,1.302337756197005
aree1239,aust1307,-1.914939406690697,0.03284874503139426,0,-0.37286969749725,1.115194112215885
area1240,aust1307,-2.568513506058828,0.03445581164504814,0,-0.3901007816768,1.1219861893281151
argo1244,afro1255,-2.450127494156888,0.025233607451274915,0,0.0896912330945,1.18334640700464
arhu1242,chib1249,-0.4166714750580107,0.055563517110162566,0,1.27473374422025,1.31740649226405
arig1246,atla1278,-3.8063409531135077,0.033492960280032964,0,-0.6242077501316,1.178064224197115
arop1243,aust1307,-2.1315105382530843,0.03466745457678652,0,-0.401654593267125,1.1304382352595348
arop1242,aust1307,-2.699767765661926,0.030248507313356685,0,-0.39098704919575,1.1232102464931502
aros1241,aust1307,-2.4177586730673024,0.033527223945204146,0,-0.38224716005775,1.122233928732375
arta1239,aust1307,-2.3315491590593664,0.03464583409229376,0,-0.391610188596275,1.139445927813685
ashe1272,araw1281,-2.481767020784873,0.04202460038957051,0,0.858648915574575,1.255826853056035
assi1247,siou1252,1.0280972802016006,0.03780889749696203,0,1.4833837392345,1.39796233149472
asur1254,aust1305,-1.5052487529626104,0.02322337252489441,0,0.11682256930071,1.156918266152445
asut1235,atla1278,-3.3376785708717076,0.035467375283947826,0,-0.47300085856097496,1.13626027677952
atay1247,aust1307,-2.3724759956710413,0.04481282777929962,0,-0.243501789739625,1.152528938472025
athp1241,sino1245,-0.550749650189524,0.04631975399877402,0,0.46261400433,1.1868491972224149
aton1241,sino1245,-1.3202653618481444,0.031132355768557333,0,0.1700118702457,1.14844437155262
auuu1241,nucl1708,-2.5600022728565675,0.05218115251900187,0,0.16920734604225002,1.2855702798654849
auye1238,nucl1709,-2.074984828402394,0.04768753167336287,0,0.135270481616625,1.2198997588013851
katb1237,aust1307,-3.3001075577705046,0.02853408759351254,0,-0.4061946440224,1.1322639858486552
awad1243,indo1319,-1.3440547226813455,0.03053389747665237,0,0.40653886094445,1.1747768731801
awar1249,ramu1234,-1.1500843663544669,0.05634895126372344,0,0.0354207543911,1.300264461740205
awar1248,nucl1709,-1.520753260626087,0.03626776245293744,0,0.178587349143,1.21210978337943
awet1244,tupi1275,0.11127035976317985,0.03132458067988717,0,1.147876879396875,1.300973507460525
awji1241,afro1255,-2.1439539778331973,0.03124467628282518,0,0.11315415935473999,1.16994715561372
axam1237,aust1307,-3.284592900079209,0.0282974682513468,0,-0.401167298806979,1.1283366004208948
ayac1239,quec1387,-1.8296872027203472,0.047475616977799576,0,0.9816171108395,1.27418297221656
baba1264,atla1278,-3.679786249868178,0.030412744313909584,0,-0.5944619116381751,1.15513453815088
baba1266,atla1278,-3.750711610446321,0.025241452215852632,0,-0.5912812814195401,1.15588520527493
bafi1243,atla1278,-3.699625027637916,0.03168463474611522,0,-0.58251886190805,1.148809484073705
bafu1246,atla1278,-3.756428429102712,0.04600342592841218,0,-0.596737434967375,1.15973843083886
baga1272,atla1278,-2.69309907877417,0.028576564333939073,0,-0.6461792714979575,1.1858998721624001
bagi1246,cent2225,-3.267385818117331,0.05209523304585157,0,-1.2161977182755002,1.62800846169139
bagv1239,nakh1245,-3.1175019459140776,0.037689182616161894,0,-0.24019598035125,1.30213921297804
baim1244,sino1245,-0.974322264650173,0.037878385928668636,0,0.5565388686902499,1.17748125687987
bala1316,aust1307,-3.4448330284197537,0.029825414832391664,0,-0.412111564628,1.130364907062075
bala1311,aust1307,-3.552643436051369,0.031575902368261084,0,-0.4101874977864625,1.137630381806035
bala1315,aust1307,-2.9628897303976807,0.04439389004738451,0,-0.37699653761675,1.128849231973555
bali1278,aust1307,-3.3106405868513447,0.03068264549027378,0,-0.41873498015050004,1.1362443742423949
bamu1253,atla1278,-3.651124334204563,0.029412379323435798,0,-0.594146343422375,1.15834948302367
band1344,atla1278,-1.9737784942880927,0.05157092402906423,0,-0.456456762008,1.1365962925815198
bang1369,sino1245,-0.961794303354633,0.028088791051533574,0,0.27567166864475,1.15917510649029
bank1256,atla1278,-3.7605442002187113,0.05397643130237935,0,-0.5846162409670499,1.1432767049975001
bant1281,sino1245,-0.7895683179755171,0.030057511649417525,0,0.36801556296975,1.164716981176305
bara1357,sino1245,-1.2036769255430222,0.028088402617584753,0,0.3310730807815,1.156394920704125
bara1380,tuca1253,-0.43879715025369526,0.03477173722181369,0,1.0692530665272502,1.2814899326690599
bari1286,aust1307,-2.7432369663127036,0.027928809018100118,0,-0.39863577837075004,1.128159449081015
baro1253,aust1307,-3.40712808860326,0.021276615450956084,0,-0.40860106636543,1.14069808337507
bash1264,turk1311,-2.947732730961679,0.023391972180335344,0,0.0444920982466,1.228886927717245
basq1248,basq1248,-1.6559237720442397,0.023342374588025155,1,-0.03148967547275,1.32657856299631
bats1242,nakh1245,-3.0685488000659014,0.03862183957612484,0,-0.240686644002225,1.29221493407352
bawm1236,sino1245,-0.5210718039899143,0.028150216702358156,0,0.483376199387875,1.1789701280309401
bebe1248,atla1278,-3.4812766947005627,0.04454502104310337,0,-0.5824796366268674,1.1503996898163602
bela1254,indo1319,-2.7813390325766902,0.03387706954568401,0,0.26986392354475,1.153666757839525
nyal1254,aust1307,-3.351088233049671,0.030254026777573193,0,-0.4115063709818095,1.1268286202024251
belh1239,sino1245,-0.5669506313827092,0.038899526565347925,0,0.46406136096975004,1.1837539219536302
beli1257,cent2225,-3.009533706913282,0.0400584759793159,0,-1.215314244458035,1.6210086614590349
bell1243,sali1255,-1.6537001741628954,0.036961647259591196,0,0.9890852674193,1.2902078071106349
bemb1257,atla1278,-1.3692751522351287,0.030693013604176998,0,-0.42952702638465,1.12166644272501
beng1282,atla1278,-3.7319670039126294,0.0318722561288683,0,-0.589522546765775,1.154026574968345
bent1238,dogo1299,0.4340986981038253,0.05088815674772105,0,0.416439057570275,1.426184958745445
zagh1240,saha1256,-2.7228545225737664,0.052753904400658136,0,-0.9665365934545,1.54830637677164
bert1248,bert1248,-2.9007416318556527,0.05102024086830515,1,-0.8068711383875,1.601722045671065
bezh1248,nakh1245,-3.14231744302488,0.03773472275795689,0,-0.2421649070765,1.299215771800645
bhoj1244,indo1319,-0.7051495978797357,0.02055139901874082,0,0.412929344376725,1.17626576996093
biaf1240,atla1278,-3.0373126036779956,0.028378299902830022,0,-0.6284018673875,1.1989203582515149
bian1252,kuni1270,-2.1076201700188824,0.06001751130715229,0,0.1036574685495,1.275402067054125
biao1254,hmon1336,-2.986078516429007,0.019124552329696877,0,-0.26682088436124995,1.2801369299543999
biao1256,hmon1336,-2.8562343274917463,0.025598116587699747,0,-0.276986788227925,1.27919006214399
bier1244,aust1307,-3.089203021642479,0.04472884148484623,0,-0.339457296835,1.1328718730766751
bign1238,aust1307,-3.290266020669832,0.009465124838952135,0,-0.4050325841201985,1.132649215866385
biha1246,aust1307,-4.0126139328341885,0.031213391075490222,0,-0.41925201195575,1.137563852514785
bimi1240,nucl1709,-1.7794114475942049,0.05641463395133292,0,0.1322360998318,1.21329310684979
bini1246,atla1278,-3.8333932486088207,0.028347307135709435,0,-0.63003488377095,1.17696074728339
gunw1252,gunw1250,-0.34838598353341,0.0581915900356958,0,0.713867497677385,1.3276932345629
bisu1244,sino1245,-2.591473412333259,0.012515131982594178,0,0.239466970292425,1.155796333102455
biwa1243,yuat1252,-0.7033156365342697,0.03263310602358679,0,0.5264188983935001,1.27742225493874
blan1242,aust1305,-3.2226919926305695,0.034044560267079804,0,0.019134135599,1.160253424333105
bodo1267,aust1305,-2.0275692024400196,0.012421051262091079,0,0.087933853805075,1.15832531023169
bodo1269,sino1245,-1.3179609394292062,0.02663028830277155,0,0.1685876866498,1.1394530976336799
bola1250,aust1307,-3.002040449895963,0.03443891746498776,0,-0.405478416049525,1.124222557781775
chim1302,quec1387,-0.6371105308987518,0.029015322514898953,0,0.984818349252,1.2686044692532752
bona1250,mong1349,-1.4902250100468266,0.02982652567383167,0,0.44567377087925,1.30299394733284
bong1289,aust1307,-3.6848512225387866,0.026573569234826473,0,-0.4134916256505195,1.13655567599282
bora1263,bora1262,-0.10551436095484075,0.022750832892677642,0,1.2866116829804999,1.339804302321895
bord1248,chib1249,-0.226656247425911,0.03838282713308019,0,1.2584259571984,1.3160879358479098
boro1277,gong1255,-2.739808990700155,0.03571148250213697,0,-1.2218731577940098,1.55713977910297
boro1282,boro1281,-0.9381088020766731,0.026582980617706094,0,0.978239069820825,1.3026493280454399
boto1242,aust1307,-2.7859300097398316,0.028881836606358683,0,-0.4069806932428665,1.14188089566989
boun1243,atla1278,-2.5310413068651427,0.03973636598556115,0,-0.59688721267515,1.15752211152292
boun1245,nucl1709,-0.8909268819998748,0.04647088816865895,0,0.1447977445796575,1.2170908171776098
bret1244,indo1319,-2.5883009332595353,0.01975262851584656,0,0.298194255616225,1.17379057291433
brib1243,chib1249,0.7920069399297993,0.047505268961570625,0,1.2803483856429998,1.316418300138385
bube1242,atla1278,-3.784340244028489,0.047536201482764516,0,-0.56276667824925,1.142123715531705
budu1248,nakh1245,-3.190616055477913,0.027077788425555662,0,-0.25530246132875,1.290978127879205
budz1238,atla1278,-2.231035759201666,0.04145115037640265,0,-0.5686935870202501,1.14888776918411
buga1247,aust1305,-3.636148541082269,0.04254224630611116,0,-0.0351168939657,1.165224997584795
buga1250,aust1307,-2.088527248013287,0.04041123886378938,0,-0.40683552664162503,1.135432914431835
bugh1239,aust1307,-2.253381408056669,0.02657567083020467,0,-0.400382428220603,1.1239978029277
bugi1244,aust1307,-3.057803216375327,0.01737309767491404,0,-0.41529495850525,1.1452003122924599
bugl1243,chib1249,0.9360084510218125,0.044526315888449366,0,1.26874794911825,1.313953074568895
bujh1238,sino1245,-1.1256646744997778,0.030793198966113045,0,0.37377674032775,1.154123361185045
bull1247,atla1278,-3.031441163814319,0.027780721093543143,0,-0.6464859426223775,1.190386690470035
bulo1242,aust1305,-3.648753729270778,0.03178348278281494,0,-0.04523458281225,1.168491833400005
bulu1251,atla1278,-3.638006614635686,0.047568442484058775,0,-0.5813566356215,1.14957415025232
gahr1239,sino1245,-1.1913151745057187,0.014800315150331903,0,0.398569965739,1.161968009475535
bura1292,afro1255,-2.974503884692331,0.026252129691791436,0,0.048049405853499996,1.1761956148225852
bure1242,afro1255,-3.119221838268727,0.032521759910647006,0,0.040798091738675,1.18578610993093
burj1242,afro1255,-1.9560040854054659,0.0294653379264113,0,0.11653725975555,1.1531073219183852
nucl1310,sino1245,-1.3735318661769222,0.024712449237650258,0,0.254971100339125,1.152237729643645
burm1264,burm1264,-2.6519554879668865,0.045659976777030806,1,0.20919290027432502,1.29875750271808
buru1320,afro1255,-2.647030302654577,0.029727997799485508,0,0.07757512792283999,1.16222555978362
buru1296,buru1296,-0.30453444916658956,0.022286144111817886,1,0.63131094038055,1.4259956649310102
busa1253,mand1469,-2.512813382288618,0.03940575039621825,0,-0.20262084649349998,1.3719752788988502
bush1247,atla1278,-2.56447768225744,0.03573451667793282,0,-0.563366638590425,1.144447765897695
buwa1243,afro1255,-2.7475283626320404,0.04646192633686665,0,0.08125900507983749,1.1684243910246201
bwat1240,aust1307,-3.5591857241084175,0.0361181196904396,0,-0.41529334879693647,1.13315449955481
byan1241,sino1245,-1.679517682170865,0.03344385780229086,0,0.405417974021675,1.168915474044585
caac1237,aust1307,-3.4873706585129356,0.006905862939421225,0,-0.409539042914078,1.132490098408435
cahu1264,utoa1244,-1.9273971638611926,0.040852716231646824,0,0.48824720271684996,1.253906926351785
cakf1236,afro1255,-3.330827804911201,0.036209001167456144,0,0.04634068721425,1.187295263300445
caml1239,sino1245,-0.9532627149886035,0.044620811249996915,0,0.36922147063615,1.161838505295705
camp1261,indo1319,-1.2171740283804864,0.038651262004035715,0,0.43060693929715,1.16411542566946
cane1242,nucl1710,0.46643273212060965,0.021938604529694292,0,1.3147942672126751,1.34269731391616
caom1238,taik1256,-3.479390031549494,0.028445952591000797,0,-0.174233482307875,1.2755830480840449
capa1241,pano1259,-0.1363155155523696,0.038183845146659054,0,1.3934484584685,1.325668544126825
carn1240,aust1305,-3.0871960859359886,0.030409388050239666,0,-0.07211004570345,1.178841946671985
caro1242,aust1307,-3.2261994995295753,0.035604930598649644,0,-0.42595527074850004,1.14016894928763
cash1251,pano1259,-0.0362743643687095,0.04047882605358194,0,1.41248815864445,1.329081648481715
stan1289,indo1319,-1.079329508103449,0.028877134064187696,0,0.45218922890211,1.17062303228776
cavi1250,pano1259,-0.30820010094396766,0.0536454931833447,0,1.4152992292345,1.343183378928435
cemu1238,aust1307,-3.552135446310158,0.027863093236592813,0,-0.4142947063249295,1.132408952936925
cent2127,eski1264,-1.7579781026795385,0.02991759979466104,0,0.9099139540962999,1.29128052971571
cent2142,ayma1253,-1.798858698751079,0.038749223153776116,0,1.0710923855722498,1.29657197193125
cent2004,sino1245,-2.4198405700555456,0.029832117641100803,0,0.250317901002935,1.15536377887033
cent2314,aust1305,-3.563860007587735,0.046258537325934074,0,-0.034747517177175,1.16297387027682
cent2050,saha1256,-3.1330458893585815,0.03670334464005759,0,-0.9750778113909,1.54432747469797
cent1989,aust1305,-3.6582652762737586,0.03133846492975213,0,-0.06905589138875,1.164302977833065
cent2322,ural1272,-2.533771370249627,0.014531812202071236,0,-0.275132148950625,1.23261466149725
cent1992,aust1305,-3.6497806434560607,0.0356052112267872,0,-0.05720337710975,1.166588122433135
cent1990,aust1305,-3.142672984494853,0.03394116922794169,0,-0.07109273947125,1.1791206443839348
cent2090,aust1307,-3.4535825552082375,0.032428466162866564,0,-0.41662100958325,1.130864361654715
cent2131,utoa1244,-2.347844957615714,0.04158032877626086,0,0.46167169312175005,1.264570642752835
cent2150,chib1249,-0.7584857162265625,0.042247941621105574,0,1.2348465003945002,1.308048800176595
chac1251,pano1259,-0.3314913459270183,0.041003477519335634,0,1.3876363384417498,1.3153041194511852
chad1249,afro1255,-1.5813890423085972,0.025438092979342075,0,0.19071370398822002,1.162519570126695
chak1270,sino1245,-1.1022266722112217,0.027997553011599938,0,0.16724745428920001,1.13898458277877
cham1309,nakh1245,-3.096568158108623,0.03778761691600105,0,-0.240567554881775,1.30065698052672
cham1312,aust1307,-3.2621296171026852,0.012184061576241235,0,-0.40700605461075,1.13306154472868
chas1234,sino1245,-2.2728092792250445,0.02906031551505624,0,0.25145614135425,1.16493228505578
chec1245,nakh1245,-2.8722767896474197,0.02482558642653333,0,-0.2463146409895,1.287449149513865
chek1238,aust1307,-2.5002474369179053,0.03647844851844552,0,-0.40998375077954397,1.1294359995227552
chen1255,drav1251,-2.723728851861835,0.0534044098251091,0,-0.40835963186324997,1.343385316421045
chep1245,sino1245,-1.1774587396017702,0.0425780953004866,0,0.3705397434089655,1.16344669737081
cher1273,iroq1247,-0.4724157284593067,0.03414477008751283,0,0.9238941324389475,1.288252682165195
chic1270,musk1252,0.6813844563817295,0.03420216922814959,0,1.13106303134,1.296649599660125
chil1280,atha1245,-0.16821751820337974,0.039657870264151546,0,1.4211186866430001,1.3607531247011249
chhi1245,sino1245,-0.5719266341585836,0.05003420489068487,0,0.464411522211,1.1873401809138149
chip1261,atha1245,0.561842404993047,0.03154277983387532,0,1.4574472706235,1.379871098624355
chip1241,algi1248,-1.0575816987580133,0.025655445536368233,0,0.74931010880345,1.2637104134261898
chir1283,sino1245,-1.8166406676629205,0.03151037379383382,0,0.446127894197,1.1754491724681349
choc1276,musk1252,0.6498704839452629,0.018347405926383713,0,1.1296319062758249,1.295151122168275
chon1284,aust1305,-3.582603611127025,0.027256814655719202,0,-0.0363588586631,1.16389136996497
chot1239,sino1245,-0.6357869681756427,0.033524136414881535,0,0.45727284047649996,1.191576696116095
chra1242,aust1305,-3.5918852693647043,0.033877916788352815,0,-0.044866549769425,1.164305167267905
chuj1250,maya1287,-3.392219373191227,0.03368132994496343,0,0.5944687197802675,1.283143729399775
chuk1273,chuk1271,-2.720662289353829,0.032909270645980856,0,0.5915840554045,1.396619424771945
chuv1255,turk1311,-2.8028287218588295,0.01598204505194033,0,0.04526419187775,1.2199510685398849
chuw1238,atla1278,-2.743344487387093,0.030558728542070698,0,-0.485392025511185,1.1220714403584
cici1237,atla1278,-3.38674700378843,0.030331545027356095,0,-0.62299022088915,1.1840615690687448
coat1243,otom1299,-3.7741796504222376,0.036187508394402775,0,0.5961132920777501,1.2792859620249701
coca1259,tupi1275,-0.9196116402274688,0.04181457434146776,0,1.074675391872475,1.28218160357911
cofa1242,cofa1242,-0.27150200464854635,0.029217192721270588,1,1.2061686261790001,1.329418244914875
colu1241,sali1255,-1.8265363885639712,0.0400532689870531,0,0.9666633357404999,1.27808584324463
coma1245,utoa1244,-1.2550093100617403,0.03167838618427616,0,0.49265884988389497,1.242937262477175
como1259,sali1255,-1.7414434207753051,0.036558137099687464,0,1.0274135150096249,1.293713738092545
cors1241,indo1319,-0.8456373195466221,0.03037614575424193,0,0.4623076363095,1.16910026684207
cosa1234,sino1245,-2.964148149456589,0.03893547881636155,0,0.2425304171175,1.148692928336055
cree1270,musk1252,0.5267208057080262,0.027454652207597654,0,1.1232454688382,1.295811070521765
crim1257,turk1311,-2.8843459301910044,0.023101348591399385,0,0.04641237648525,1.225138830445955
cros1244,atla1278,-3.9019847524711393,0.022844887818649955,0,-0.62938381163075,1.178988962275485
crow1244,siou1252,0.7355990130121712,0.026538285391587306,0,1.4992449363415,1.4115100451180451
cube1242,tuca1253,-0.30402476039909765,0.0625798500241107,0,1.0846521313628998,1.282091182114485
culi1244,araw1282,-0.8284159255038837,0.03898751393365132,0,1.1048244754658,1.30950085708213
cypr1248,afro1255,-2.912697234400699,0.02848116116857629,0,0.16496550144425,1.164138739056785
czec1258,indo1319,-1.5202305076996394,0.04980462257159542,0,0.26429111212225,1.156258276437605
daai1236,sino1245,-1.3853590965247686,0.04276042765828431,0,0.433334017896,1.168147305266305
daas1238,afro1255,-2.857759962232603,0.037586727658354704,0,0.07365011415504999,1.16318984959498
dagb1246,atla1278,-2.7345670923149337,0.04084753942083256,0,-0.5998800839617,1.1627637616109952
dagi1241,narr1279,-2.8961432171668555,0.04003926331640937,0,-0.781851235552725,1.53215207719418
daur1238,mong1349,-1.7305305637079824,0.02579581065624036,0,0.447791265307725,1.306955460553755
daka1243,aust1307,-3.2530176032729354,0.035337528396495156,0,-0.3965792021715895,1.132438225338595
damp1237,aust1307,-3.3899342000990416,0.026299350132839776,0,-0.39262334820225,1.140170471654805
dana1252,aust1305,-1.9111647155652647,0.037236178882219056,0,0.048995800797299996,1.1549672328824
dani1285,indo1319,-2.3079452697934997,0.025699386151984884,0,0.24132353443350002,1.16230733709975
dara1250,indo1319,-1.1741301412210676,0.04030377501793247,0,0.38463657977775,1.17388422843508
darm1243,sino1245,-1.6740731578483898,0.034729749706249265,0,0.40263458819575,1.167888251270275
daww1239,nada1235,-1.4709485275501752,0.04390410943309171,0,0.938132864868,1.28889199976635
dawr1236,gong1255,-3.185011243946297,0.0418912665411392,0,-1.211933707678875,1.56361611867049
daza1242,saha1256,-2.337730668826846,0.033838544186957614,0,-0.9720327253177501,1.54388455794598
defa1248,ijoi1239,-3.359313991686829,0.04424406438675122,0,-0.663581458415775,1.501477727851075
dege1246,atla1278,-3.885716821101441,0.024235981583931906,0,-0.6314427763398075,1.167034518395735
dehu1237,aust1307,-3.6253916803988018,0.0503067747638055,0,-0.4025541934423805,1.130302882204465
dera1248,afro1255,-2.6894484559640612,0.03123073894391903,0,0.044210323283925004,1.187157189008615
desa1247,tuca1253,-0.5330702942931977,0.05792165883926002,0,1.060853923358,1.280678463170375
dhao1237,aust1307,-3.0424035001387812,0.03386631213517826,0,-0.4064593199951,1.13462442573796
dhar1247,pama1250,-2.4037314300559762,0.050453557370024854,0,0.1626942910338275,1.220437707357515
dhim1246,sino1245,-0.9284725217520247,0.02668265058676873,0,0.26026261870625,1.15774639021107
dibo1245,atla1278,-3.1872013138180777,0.035214571516496075,0,-0.55764927475945,1.1470005075131149
dier1241,pama1250,-2.4509527891651914,0.08700240200871502,0,0.16810568958310002,1.231517517668855
digo1243,atla1278,-3.3397994224857497,0.025617340733652617,0,-0.47759123776580004,1.12729215004068
dima1251,sino1245,-1.148071718596591,0.03224400910570888,0,0.167048685456877,1.145282257567325
diri1252,atla1278,-2.685461705220387,0.03536213525087609,0,-0.5241343067883251,1.142177746473835
djee1236,mani1293,-1.3604684903382898,0.036057346823946235,0,0.09820832811272501,1.3004784923423052
djin1253,pama1250,-0.6407237335690464,0.08097417373680851,0,0.200834435699,1.2240980512417101
domm1246,nucl1709,-0.8463661506460988,0.0450651280006602,0,0.21490674816575,1.20625282978202
dong1285,mong1349,-1.6592864437007542,0.03219495536114651,0,0.44571575842605,1.30509944009891
doro1266,manu1261,-1.6028446149004818,0.04945063466284298,0,0.1833762808885,1.27575329598944
drun1238,sino1245,-1.6340264069175632,0.031469335518968675,0,0.27708399560749997,1.165429902507875
dumb1241,aust1307,-3.6057944871826972,0.03358044153241162,0,-0.407742285882102,1.12616112921081
dupa1235,aust1307,-2.394777031243555,0.03144980211435395,0,-0.38748491665325,1.13425245145546
dusn1237,aust1307,-2.224698023011615,0.025778953703299228,0,-0.307589405387355,1.1289148908359499
dutc1256,indo1319,-2.7618226800182555,0.02399993526481876,0,0.24945060013825,1.166654126320505
dyir1250,pama1250,-0.35714660450738933,0.04994330152810291,0,0.27454614078649997,1.2188634387785902
dzao1238,hmon1336,-2.9464192094008474,0.02705925867141775,0,-0.2732715432744,1.280537538008615
dzon1239,sino1245,-0.9793475938567162,0.039195910790371324,0,0.564658012183,1.175558781851735
east2443,aust1307,-3.1740061814025315,0.032435181354222915,0,-0.385663152458,1.126638016969965
tang1336,sino1245,-1.0680906866046835,0.02705531691960427,0,0.38414098635591,1.15573176471361
nucl1235,indo1319,-2.5099177533041552,0.026497284160656782,0,0.278880761466975,1.191096153307425
east2379,pama1250,-2.5900791603994886,0.07091959817726835,0,0.14289873385205,1.224605675936215
east2555,tupi1275,-1.184688840078901,0.026060171537160726,0,1.0441576384645752,1.2735429761240549
east2332,aust1305,-3.730891373381958,0.025886797918066855,0,-0.055559837136000004,1.171299445273045
east2342,sino1245,-1.9208580251220142,0.036076877110943234,0,0.3045174398559825,1.143781183082135
east2782,atla1278,-3.144405308079347,0.03193702458109236,0,-0.566138605235,1.152622307809225
east2328,ural1272,-2.2819978699871966,0.03374985310291603,0,-0.2675884416579,1.231574398509855
east2773,sino1245,-1.107539970898424,0.042516105599225494,0,0.331138987787425,1.154077900080855
panj1256,indo1319,-0.4170369784350034,0.022854191329560992,0,0.428130058279325,1.180671021447405
fina1242,aust1307,-2.3507206911589322,0.03891797233106237,0,-0.402821684220316,1.13686992446336
east2447,aust1307,-3.455567894543427,0.039022995029527094,0,-0.400445049635675,1.123839422749475
east2516,nucl1709,-0.999762135940639,0.04887858237085804,0,0.11700576873035,1.22336039091573
huaa1248,tuuu1241,-2.480832458930509,0.03104375179024016,0,-0.920565240442155,1.61991963391621
wall1257,aust1307,-3.1788263909872,0.03349583554971879,0,-0.40357788151124996,1.11940796899953
egyp1253,afro1255,-2.8072944150590122,0.050221280990621044,0,0.175407258809975,1.15661437317529
eipo1242,nucl1709,-2.2420768713081713,0.048851394871069036,0,0.14708478466699998,1.226357755119675
elem1253,atla1278,-3.9036889310655876,0.015899606339914,0,-0.6285633649105751,1.18125964477489
emai1241,atla1278,-3.8242509932291746,0.028215882330625233,0,-0.62749708782975,1.17361988535723
embe1260,choc1280,0.552769706141933,0.027270839743130795,0,1.3049155952385,1.34510769773423
embe1262,choc1280,-0.027945252510987298,0.03764436633496055,0,1.2848484157322502,1.331070093511935
stan1293,indo1319,-2.270568132479432,0.021890566657732938,0,0.243713981793,1.160066649615705
enuu1235,sino1245,-2.9872284670676965,0.038117810814036285,0,0.23234640708775,1.148366740633755
epen1239,choc1280,0.4543602351089868,0.0343430733020452,0,1.294633655544075,1.337902681435335
ersu1241,sino1245,-1.4983703686004801,0.029098829559913206,0,0.33516936583650003,1.16530944803797
erzy1239,ural1272,-1.9550039429965118,0.0430266677418956,0,-0.24244393038349998,1.214893777964525
esee1248,pano1259,-0.12274054458574,0.04361165506751906,0,1.40766488935375,1.337069056211585
esto1258,ural1272,-2.9220778799853324,0.018017950800634737,0,-0.312495018038,1.220909681650175
even1259,tung1282,-0.9066150422595043,0.021161506448471548,0,1.087096914571,1.407754763507765
fala1243,sino1245,-0.8888835047700586,0.032358866718921596,0,0.4775078332118,1.179169672604015
fare1241,atla1278,-2.339555496525116,0.04026432423778934,0,-0.604508448859725,1.158769253450615
faro1244,indo1319,-2.884200343599379,0.028335372342143172,0,0.24716979212475,1.16348629080329
fefe1239,atla1278,-3.7829527521491624,0.03998468098386621,0,-0.5930964407425,1.15692292539351
fiji1243,aust1307,-3.459752961861124,0.04132018843189667,0,-0.39402723877699997,1.127211995265075
finn1318,ural1272,-2.995629096809499,0.028964266010886256,0,-0.31275094547599,1.227063111296295
fonn1241,atla1278,-3.577315832706872,0.03108650252431998,0,-0.60341920897905,1.163906534856035
fore1265,ural1272,-2.1599721154658402,0.035231722523335236,0,-0.28612509889725,1.238886397607565
fran1266,mixe1284,-2.526978357740214,0.04455864474614771,0,0.7561031790067501,1.281547883774335
stan1290,indo1319,-2.3952472586824856,0.024065866739824342,0,0.4226784387661,1.162955778388275
fuln1247,fuln1247,-1.5913760931955971,0.03323116756745173,1,0.984320387699725,1.293384428204675
furr1244,fura1235,-2.2133206970159804,0.03782435669670965,0,-0.7333005956512499,1.5425560913128549
furu1242,cent2225,-2.50313859677984,0.04522968757937856,0,-1.21851648023525,1.62500071548762
futu1245,aust1307,-3.572505083857361,0.03597932972662815,0,-0.399351803316445,1.12441660091483
fuyu1242,fuyu1242,-1.6777462100797143,0.06358985968068581,1,0.09900746026036,1.27736945878324
gaaa1244,atla1278,-3.012169481053398,0.05685676282241916,0,-0.6087786631908676,1.15831265428054
gaan1243,afro1255,-2.954309042703338,0.01273071186327221,0,0.066551713014775,1.171764975742175
gade1242,atla1278,-3.794460337782047,0.020135184904144635,0,-0.62808438289645,1.1750789740749101
gaga1249,turk1311,-2.6885357747155956,0.027905668861214157,0,0.043165703961249996,1.21713285097493
gali1258,indo1319,-2.357544972804714,0.02902741252791476,0,0.42129695955025004,1.1629518907526548
gamo1243,gong1255,-3.151185861804577,0.03898840942415665,0,-1.2093066723764752,1.5675774399356999
gang1266,sino1245,-0.6584401909063243,0.03720203780716772,0,0.4591108874167,1.17358647809044
gant1244,nucl1709,-0.48252042875127377,0.03225980625270913,0,0.370130410445,1.23107671982786
gapa1238,aust1307,-2.1707003665951348,0.03294345755581498,0,-0.37302569195075,1.11710123620315
garo1247,sino1245,-1.2969091215672783,0.030409148774987113,0,0.1702023729273,1.14297136996911
gata1239,aust1305,-2.0135631464576953,0.03516776599765347,0,0.08880774793155,1.16464101792592
gayo1244,aust1307,-3.761188964517685,0.028987817717277285,0,-0.416563020042375,1.139149687394845
geda1237,aust1307,-1.401172618209337,0.04107469130328013,0,-0.4035960913265,1.12897159542077
gela1263,aust1307,-2.5307603365368996,0.024675669898288847,0,-0.39738328313335747,1.1218157183678952
nucl1302,kart1248,-2.6360126694026773,0.022412050763912273,0,-0.07066241765334999,1.299126135538475
ghad1239,afro1255,-1.5610055770619056,0.03307676945236996,0,0.1200786365387375,1.1814207867584101
ghan1242,aust1307,-2.6283201499073563,0.0112923019356729,0,-0.406311841263,1.13244018344878
ghar1239,aust1307,-2.4639241786462582,0.011905755281344146,0,-0.398854208464,1.12599218004177
gheg1238,indo1319,-2.0125010350745627,0.033358659834944245,0,0.29234273121505,1.1827901604165851
ghom1257,afro1255,-2.0646287153708434,0.02843304188993834,0,0.1234371214345,1.175288525702555
gilb1244,aust1307,-2.897890848475196,0.026930217724131657,0,-0.42050183162867505,1.1370924755732301
glav1244,afro1255,-2.751598258107772,0.026574860447665334,0,0.042655721371500005,1.1763658569741402
ghod1238,nakh1245,-3.0709142443313318,0.03011312388991263,0,-0.24223478121824998,1.30057907541433
gofa1235,gong1255,-3.1776065553954904,0.0414763882530935,0,-1.2073108595451,1.56462615840007
gola1255,atla1278,-2.966986825097593,0.028190467830741063,0,-0.6474193662965325,1.197162790580975
pare1266,aust1305,-1.9542938074900196,0.028184277721061003,0,0.088166455435,1.152887928522595
guah1255,guah1252,-1.3580992652828128,0.059463953187394655,0,0.98259717265195,1.292389528866505
gube1234,atla1278,-2.6691047431371278,0.026718737577488046,0,-0.63243681788865,1.201570357813115
gude1246,afro1255,-2.841487722877287,0.026435014852461487,0,0.06623573921617501,1.165487623055275
guer1243,otom1299,-3.6573105360336085,0.057631281110826944,0,0.606409498021625,1.288818245012795
guiq1238,sino1245,-0.9935591816396518,0.03127398678689014,0,0.33578156951225,1.168198297240975
gulf1241,afro1255,-2.738886681411201,0.02748933278343928,0,0.161213837995975,1.155222727891495
guma1254,aust1307,-1.7126696345634693,0.023905771877398913,0,-0.302051368719,1.12597822287822
guny1241,pama1250,-1.44450895392105,0.049326116266842246,0,0.21439143507345,1.21955950632089
gura1251,indo1319,-3.1467562136817007,0.022457166596383034,0,0.3956344128724,1.179019348299145
guru1261,sino1245,-1.0874075526903146,0.038707743356551284,0,0.40175374752732496,1.15674909140751
guru1271,afro1255,-3.219617214160677,0.030639361189867067,0,0.04938259323932501,1.1899772807181
gusi1247,atla1278,-3.1504325841820986,0.043621346139437675,0,-0.472963928278475,1.127988769565325
gyel1242,atla1278,-3.6799714836751756,0.05500297958461607,0,-0.5807178404185,1.1438236888687099
haaa1252,atla1278,-2.2474060779842215,0.03301068091427203,0,-0.474603847252,1.130044666459105
hadi1240,afro1255,-2.5863876375510877,0.028165741611341083,0,0.09652143484325,1.16166501824746
hadz1240,hadz1240,-2.9593880948061275,0.05156882713690982,1,-0.7720391253059999,1.61494297356519
haka1240,sino1245,-0.45345241042248907,0.03234905949841946,0,0.489405015435,1.1841434215069349
hakk1236,sino1245,-2.237674835568056,0.033896250498447196,0,0.204491617838075,1.146097401867355
halh1238,mong1349,-2.8560949781539433,0.033994498929930325,0,0.45214461558675,1.30477125788241
hali1244,aust1307,-3.1293265612588677,0.03309238766459154,0,-0.41036395846265,1.126560746768015
halk1245,sali1255,-1.5105082833863341,0.03608350263787085,0,1.04153025715028,1.2927766608010698
hang1263,nduu1242,-1.952552385516916,0.04827059669778154,0,0.13368282959302502,1.28538159503283
hani1248,sino1245,-3.0513476581302785,0.03174671773758475,0,0.23171575748110002,1.1559429494587001
hano1246,aust1307,-3.200229245623405,0.035913286767437366,0,-0.38640812962135,1.12949580614712
haru1245,piaw1238,-0.8071427795712873,0.06313981824755432,0,0.40180668761825,1.267552316788815
hava1248,coch1271,-2.1723090577961033,0.03753885152937774,0,0.807449260670625,1.295295363211195
hawa1245,aust1307,-3.0193702081106233,0.028525389955346526,0,-0.38363005902226,1.120642846457875
sabu1255,aust1307,-3.1030765246074665,0.02995751151443278,0,-0.406769987849309,1.142203394109735
hehe1240,atla1278,-2.6569437044896644,0.05197662207910599,0,-0.45683275806050005,1.13164668832037
here1253,atla1278,-2.8762220646717775,0.03850082461569807,0,-0.53032481245075,1.145284411120095
hida1246,siou1252,0.9191881345386907,0.0278203960297952,0,1.49959934640215,1.411575078460725
high1276,mixe1284,-2.6604020835955065,0.04530907847802534,0,0.753641267779675,1.2827328220438998
high1243,toto1251,-3.312365727025978,0.045897175115023094,0,0.8578231063652499,1.27809332005585
karb1241,sino1245,-1.2089937192037636,0.03158151627986217,0,0.382555893569525,1.15245704815323
hind1269,indo1319,-0.12440286409472076,0.019093122449696503,0,0.43385515897982496,1.17613639756643
hooo1248,aust1305,-0.9787445711283762,0.03495632334884436,0,0.1218552057285,1.15276848893456
hoav1238,aust1307,-2.573471904151279,0.02884650436989208,0,-0.412905665052432,1.141334347858845
holo1240,atla1278,-1.4697771770409425,0.025696133261738942,0,-0.42081181089749997,1.122593276945595
hone1235,atla1278,-3.6341697417427605,0.027168175921223912,0,-0.627962114468475,1.183401526181365
hopi1249,utoa1244,-2.3795136402565897,0.03328993325695009,0,0.485188257904,1.251382772844765
hual1241,quec1387,-1.37985501495648,0.0338400390041895,0,0.9712350808900001,1.264536892268835
huam1247,jiva1245,-0.5372314259321459,0.03705304893536119,0,1.06365311067675,1.29754298864944
huar1255,utoa1244,-2.2644806765989998,0.04425299612751094,0,0.467116655899675,1.2652501451617248
huas1242,maya1287,-2.6289727631067143,0.05219576653113962,0,0.626143406098825,1.278869834082645
huba1236,afro1255,-2.876349643127753,0.026489227528232746,0,0.04652992065745,1.1772192687831748
hula1244,afro1255,-2.9801317114208468,0.03171122861974819,0,0.09841413478425,1.1703600794102451
humb1243,song1307,-1.5171770858292162,0.03638790921334372,0,-0.8220979235870001,1.38832969682702
hung1274,ural1272,-0.9248220218037129,0.023512942583365132,0,-0.1926082717978,1.22369518677765
iaai1238,aust1307,-3.609802444627737,0.0265569996653597,0,-0.40334184425725,1.1320501164615648
iatm1242,nduu1242,-1.674256900076226,0.054873006530756246,0,0.13102862452568,1.293641789163385
ibal1244,aust1307,-2.474420253764187,0.028746739012046673,0,-0.39578180307955,1.14203373699521
iban1264,aust1307,-3.728810137112566,0.027564212620893272,0,-0.423210027323375,1.1376976390294
ibat1238,aust1307,-2.5897078594210736,0.03094010042601977,0,-0.406729936985864,1.138137799089065
idom1241,atla1278,-3.8804403919144144,0.03125006168991364,0,-0.630140795697905,1.17206040078625
idum1241,sino1245,-0.2697211987052579,0.03121131185481825,0,0.39002326475820004,1.170707130198465
idun1242,aust1307,-1.923838450012052,0.0281537197276257,0,-0.3755793441966,1.117806561893285
nucl1417,atla1278,-3.8988008770451588,0.03025285793547904,0,-0.624744995788475,1.1796212604979899
ikkk1242,kuli1252,-3.08161521909941,0.03920232940651758,0,-0.95789026904575,1.543450750112535
ilaa1246,atla1278,-2.327443570860105,0.03370224197269735,0,-0.48689342721965,1.1265398813888199
iliu1237,aust1307,-2.387914479727859,0.029232883390488143,0,-0.41037779930725005,1.13072478990759
ilon1239,aust1307,-2.347726343704122,0.027913128221805358,0,-0.3977222859188615,1.13674934086823
imba1240,quec1387,-0.0653364796545834,0.03789620533281245,0,0.9992318846265,1.27069655760114
ingr1248,ural1272,-2.88747118536614,0.030748229935555923,0,-0.314422882772,1.227389003593135
ingu1240,nakh1245,-2.878973708330978,0.028391533203734373,0,-0.24693754386900002,1.2868957521231699
iqui1243,zapa1251,-1.1082247626569202,0.0314340479769635,0,1.016720062893925,1.291462307022905
irar1238,aust1307,-2.1164145092531976,0.0335568336945498,0,-0.40301712305758297,1.13914168453773
iris1253,indo1319,-2.834200403626155,0.03340933902377464,0,0.3013915121208,1.176484439332425
irul1243,drav1251,-3.007867907868714,0.034627507698694195,0,-0.42940198604125,1.3298514176917702
isco1239,pano1259,0.1634676661146512,0.031013206797036348,0,1.4116510187590001,1.32982301925934
isir1237,kwer1242,-2.695789738243309,0.07214699192647508,0,0.19981091117475,1.27974049833057
isna1241,aust1307,-2.5307063049250482,0.03840768792769534,0,-0.383373998554225,1.1303130843327098
isth1240,utoa1244,-3.9702444345986665,0.040036744907885884,0,0.46696286285620003,1.261535521098745
isth1241,utoa1244,-3.9405778275307712,0.04288178941060068,0,0.46687995856245,1.26157404581363
ital1282,indo1319,-1.324427826615704,0.04136775966416092,0,0.4472651847825,1.1683182889509398
ivat1242,aust1307,-2.7235997375499794,0.038844183338145384,0,-0.40728990634325,1.1374542604141502
iton1250,iton1250,-1.3082730702890997,0.029238539537254502,1,0.97001036994375,1.305103363980735
itza1241,maya1287,-2.9923373370575765,0.057726509360752166,0,0.589112525272875,1.276629195321215
iumi1238,hmon1336,-3.2319072754694567,0.02998352580092997,0,-0.27540961023375,1.271605339817705
iwal1237,aust1307,-2.030811482726309,0.029904227332835338,0,-0.40651134560105,1.126913766476985
iwam1256,sepi1257,-1.7873376840230675,0.0655879051209593,0,0.393570948031,1.280935240553485
jahh1242,aust1305,-3.458714518417173,0.03370462239087235,0,-0.058410885616,1.167563011999885
jalk1242,mand1469,-1.1614565449105938,0.028178535640825716,0,-0.1156517960475,1.37315976360173
jamb1236,aust1307,-3.5752426815948226,0.04923793199993208,0,-0.4243638229648675,1.13691604472704
jams1239,dogo1299,0.458888868792048,0.04529353004395893,0,0.43713514925249997,1.409026488322405
japh1234,sino1245,-0.2757195251111936,0.030207476554761286,0,0.40760422195725,1.1676153034137249
jaqa1244,ayma1253,-1.5139492934167214,0.02340573995001495,0,1.067734680865125,1.2986909260526
jede1239,aust1305,-3.5092665547099005,0.01157000572204141,0,-0.058555995423450004,1.169943395823695
jehh1245,aust1305,-3.6718281144404674,0.039689284187729386,0,-0.045060454615250004,1.173819118895145
jeha1242,aust1305,-3.5181784256415454,0.03371138245236513,0,-0.057834272854075,1.170022148456545
jina1244,afro1255,-2.697477443149431,0.029652092580243265,0,0.051413613196225,1.163844261641795
djin1251,mirn1241,-2.0592757470754544,0.058135318324422425,0,0.2021385670915,1.28673724809043
jita1239,atla1278,-2.993770214590901,0.04681708855875304,0,-0.47504714224015,1.13119381102303
juku1254,atla1278,-3.7241842337671383,0.025833877628113375,0,-0.629754481824975,1.178226320809685
jurm1239,cent2225,-3.018492881430734,0.03918538771536844,0,-1.2147429195677,1.6255754823442299
kaba1281,cent2225,-3.326126568524087,0.04745928889328614,0,-1.216933454654425,1.6265147274986251
kaba1278,abkh1242,-1.6328095078779814,0.019089320328012367,0,0.319865639298,1.26024905246818
kach1284,gong1255,-3.09809599348023,0.030182120054709573,0,-1.212345156012725,1.55898563014848
kado1242,sino1245,-2.6689867115369497,0.014679196943005238,0,0.16734104654100002,1.13975788198066
kafa1242,gong1255,-3.1731336830221806,0.04138884382019456,0,-1.2169831707654502,1.5559623892462
kaga1256,aust1307,-3.192925984954962,0.027261377687630088,0,-0.4178356883391355,1.1424442944802702
kaik1246,sino1245,-1.6581399145108917,0.026914008618830688,0,0.41692998833892503,1.15590875473971
kaki1249,kaki1249,-1.6191677858559659,0.047918629107430194,1,0.20845279903175,1.276536100604695
kala1399,eski1264,-2.599686559346584,0.051182169954335145,0,0.90267950358597,1.286001509339025
kala1384,atla1278,-2.5269212348907777,0.040633199473737835,0,-0.47877599638074997,1.123763404913685
kamm1249,atla1278,-3.6799276556045397,0.03760766752919767,0,-0.54363556670625,1.14937248437323
kamb1297,atla1278,-3.3138840192715167,0.031611308660821555,0,-0.484329132332375,1.13180118524682
kamb1299,aust1307,-3.176582967846227,0.02834022271444104,0,-0.408031284752375,1.13132184835972
kamu1260,kamu1264,-1.845612813830769,0.05727229222315465,0,0.271212026422409,1.279654873909605
kana1286,aust1307,-2.736799376790816,0.03419415320535181,0,-0.3856880346655,1.163518563246165
kank1243,aust1307,-2.434278217882678,0.03085339892328918,0,-0.398718510102658,1.138912098952695
nucl1305,drav1251,-2.9381645043611657,0.044414941285839796,0,-0.429532655042275,1.3443588517897251
kaqc1270,maya1287,-2.312101840447715,0.05392904292728923,0,0.573733630670985,1.2908082693194451
kara1476,pama1250,-2.492009294382153,0.057882674243369146,0,0.14368150597267498,1.2275330485129299
kara1500,nucl1710,0.0072609588291975505,0.028730300386673634,0,1.283990752126275,1.335087320626545
kara1487,aust1307,-2.3783269045399837,0.031033697750945798,0,-0.39684099518524996,1.145820292119735
kara1486,aust1307,-3.368189406640834,0.02402536381997045,0,-0.4016799866495,1.1360999912987348
kare1338,atla1278,-3.3579274536234442,0.046573203206858566,0,-0.49957488845975,1.1327603464894849
kare1335,ural1272,-2.9243039058910583,0.029911986554378878,0,-0.3126995194209,1.22907242983742
kari1311,tupi1275,-0.13603161559676366,0.025480796769807818,0,1.170185018007375,1.3171406326401152
karn1252,aust1307,-2.5136857405101587,0.026982628341957773,0,-0.403140793814475,1.122098546177025
kash1277,indo1319,-0.6006609371493212,0.02925903397925459,0,0.38621059610845,1.17970747709718
newa1246,sino1245,-1.1234798381603919,0.03517514453329452,0,0.33120737314075,1.161178624557265
kats1235,sino1245,-2.900428989532641,0.034723047184030846,0,0.24446792355925,1.154941659278235
kana1291,katu1274,-0.497472792134136,0.028958228271100683,0,1.2182343849565,1.337153462151405
kava1241,aust1307,-2.5224928783108727,0.031884507691480456,0,-0.4103331768729,1.152229351534015
kaya1315,sino1245,-1.4190849348006682,0.03214883627472663,0,0.328373960335,1.15480013686203
keda1252,aust1307,-2.6233655238741624,0.024469572033105895,0,-0.4097763603879335,1.14468760968485
keig1242,kadu1256,-2.8343000726192003,0.04721006559334807,0,-0.890516275972175,1.60020210171013
kele1258,aust1307,-2.7318040444662106,0.032552452108091746,0,-0.409799408784,1.1411350858702698
kele1259,aust1307,-2.210193884637917,0.03144844237914394,0,-0.36768282259877505,1.13603362300974
keme1240,atla1278,-3.5946209278165755,0.04497170079735758,0,-0.5626711830747,1.160729988380905
kens1248,aust1305,-3.5073639746456786,0.025441727038247222,0,-0.0583406234715425,1.16651426432789
kenu1236,nubi1251,-2.654043166287559,0.03666318209285812,0,-0.78319922361385,1.55048584457995
keoo1238,aust1307,-3.10901816721623,0.026417250569908873,0,-0.4060271885875,1.14171157009407
kera1255,afro1255,-2.8199427802965342,0.032718174322299835,0,0.055085057789,1.1826100025717698
kesa1244,nucl1709,-0.631387085388012,0.031250594157581746,0,0.37509028105675,1.22929645293115
kett1243,yeni1252,-1.903202988609082,0.027636486459054567,0,-0.02024436621681,1.410235332031565
kgal1244,atla1278,-2.916852166916916,0.0285921155509765,0,-0.48610721596892503,1.111639287407395
khak1248,turk1311,-1.9273802786135321,0.027605703353747332,0,0.046199965135499996,1.2200914599271
khal1275,sino1245,-0.8524089153613619,0.022561949247239966,0,0.3352683372035,1.1628693024871848
kham1282,sino1245,-0.1011372937597512,0.01681749861989163,0,0.59601757443925,1.183109692323535
khan1278,atla1278,-3.9063899639102573,0.017125142779433295,0,-0.6307978442397499,1.17766960985964
khar1287,aust1305,-1.9369513742624327,0.02723381330437109,0,0.08800099930050001,1.1608160986309999
khas1269,aust1305,-1.873499483351508,0.032319383019159285,0,0.012371671550000001,1.158708747200005
khez1235,sino1245,-1.18712351702199,0.04720852078725822,0,0.431514446725175,1.16677826287345
khin1240,nakh1245,-3.203717062951225,0.023451938501256826,0,-0.25016928544475003,1.30174422553449
khmu1256,aust1305,-3.5562287436237434,0.009594671570930594,0,-0.08351449248615,1.1628889373897202
guan1266,sino1245,-0.34156162831491854,0.03146664114323867,0,0.3890552565445,1.1726517344430452
khva1239,nakh1245,-3.1267116357077205,0.036988083638963415,0,-0.24756571589,1.3027982815118602
kich1262,maya1287,-3.2173031226209217,0.0468748414013915,0,0.576985739908225,1.2907204308163198
kiku1240,atla1278,-3.2722820821603493,0.030957114205023235,0,-0.485079523863225,1.1348130236254401
kile1243,tung1282,0.16195678349177783,0.02077561384417921,0,1.09177214302625,1.4169175506366098
kimm1245,hmon1336,-3.398880857548914,0.02653992634211084,0,-0.2789065253265,1.271173118331395
kina1250,aust1307,-3.3240984650518812,0.03107953697860886,0,-0.42078307100900003,1.137685283053835
kinn1249,sino1245,-1.305682561224165,0.03157244610122987,0,0.4029733161217,1.1684690601729502
kiow1266,kiow1265,-0.5558283098303312,0.03142755906072106,0,1.19510302375675,1.3105817883814601
kips1239,nilo1247,-3.277233340721955,0.04162483853989545,0,-1.061659149712075,1.60354208403539
miju1243,sino1245,-1.2075362508361112,0.023777580341229836,0,0.28178875690495,1.166525369165825
koda1255,drav1251,-3.0449139932770146,0.043201328709936856,0,-0.43133500635440003,1.33060644654323
koit1244,koia1260,-1.4849491475652827,0.056288410648334716,0,0.09147985461425001,1.2927225586503899
koko1269,aust1307,-2.4801971737753425,0.025674543755155238,0,-0.4091150661728485,1.1282496588867201
kolb1240,atla1278,-3.509974613673057,0.03820128794659205,0,-0.512061786909,1.15064669400147
kolc1235,atla1278,-3.596965181556773,0.02704768271921476,0,-0.58312221381625,1.148811571642195
kolu1245,aust1307,-1.880252777021897,0.028533530505798734,0,-0.375523286112425,1.120762607453175
komb1274,nucl1709,-1.9734565334308494,0.06556998170709658,0,0.13308370352124999,1.22604099761054
komc1235,atla1278,-3.7365650135095305,0.024594972288863343,0,-0.59172765798375,1.157478867846735
komi1270,sino1245,-1.6689755226664866,0.03833683263450672,0,0.4452538919975,1.181302958408685
komi1268,ural1272,-2.610788573812397,0.03829676360769132,0,-0.26470602462964,1.2341893464921552
komo1260,atla1278,-2.2034489418094054,0.03230521433977243,0,-0.5556055291277999,1.143927755128735
kona1242,east2433,-1.9331860965507985,0.046117146181676,0,0.22884993807100001,1.2788623449743
konk1267,indo1319,-1.3896641374876417,0.019188795987563977,0,0.3642668036653,1.1741308482424602
kony1248,sino1245,-1.3269289485652802,0.027990222356352457,0,0.16667026546542701,1.14637696229532
konz1239,atla1278,-2.291112978252747,0.03491492919758818,0,-0.484468182954025,1.123254359659065
koon1245,atla1278,-3.5271953766856763,0.036841808220956944,0,-0.5840805104935001,1.146720839478385
koor1239,gong1255,-3.021993609084304,0.040616432650374575,0,-1.214952797245805,1.5621893697194449
kore1280,kore1284,-0.39054177937894696,0.019394120735554875,0,0.58677722281015,1.3460871461873398
kore1283,tuca1253,-0.337330661405846,0.05815728059872472,0,1.0289175753437498,1.267077949202545
kork1243,aust1305,-0.3053120481430459,0.02684193887431233,0,0.12238803121883,1.15974178467605
koro1298,atla1278,-1.1420090150287585,0.04599464666774392,0,-0.61358526433325,1.1555682333742898
korr1238,drav1251,-2.9608275183025903,0.04362528951214094,0,-0.4158232203506,1.34778756908301
kosa1249,nucl1709,-2.2686787229838825,0.04568403104399514,0,0.14847734769682502,1.222278644867145
kota1263,drav1251,-3.1078630614732443,0.035028649942592346,0,-0.427784803657125,1.3381280468646
koti1238,atla1278,-2.944149031422895,0.029286911055201384,0,-0.48072752780899997,1.1177501515514199
guan1269,tuca1253,-0.6138814180176775,0.04535758531745031,0,1.0189387238291499,1.277696156993395
kova1243,nucl1709,-2.119170768301106,0.03341872294107028,0,0.172668170538525,1.2246120647744552
kove1237,aust1307,-2.6699360490735975,0.04091748417575863,0,-0.40422742267025,1.130829340765785
koyr1242,song1307,-1.8592235120685692,0.027707886790527974,0,-0.825589467823685,1.3926674329870599
koyr1240,song1307,-1.4638067192481765,0.03144876794612139,0,-0.82194723244725,1.3890091957278852
koys1242,afro1255,-3.1211574437780953,0.03726634538144866,0,0.099575640082725,1.17132009367093
kryt1240,nakh1245,-3.197398028469555,0.03036874199324061,0,-0.2540365279985,1.29886333737127
puoc1238,aust1305,-3.726317593068643,0.025274146386878547,0,-0.085831566100425,1.16862951566056
kuan1248,aust1307,-3.3405957953112257,0.034651220736636894,0,-0.4106300164890705,1.1362925639771149
kuku1280,pama1250,-0.6921234159696379,0.03904054029500455,0,0.29243102595500003,1.22016511190896
kulu1253,sino1245,-0.7824385330608783,0.018485581653945274,0,0.36470157845072504,1.1592861964528849
kumb1268,pama1250,-1.7677949611515797,0.05209992510293199,0,0.2051281260735,1.233325255031045
kumz1235,indo1319,-1.1550060376679272,0.01692425744580467,0,0.44307061628081246,1.189822550618305
kuna1268,kuna1268,-3.03265199303254,0.04792366066810242,1,-0.6413792822359909,1.585250391944415
kunb1251,gunw1250,-0.36524561788548765,0.06164733169218848,0,0.7122456954171,1.322585275320705
kuni1267,kuni1270,-1.7517609996583476,0.05440323148566791,0,0.09959642959750001,1.27777267498815
kunj1245,pama1250,-1.2970145040830268,0.04704206066221841,0,0.230129188082825,1.2219235265508699
kuot1243,kuot1243,-3.1643538661343626,0.0603385404896719,1,0.24105487782997498,1.30109527841114
kusa1251,aust1307,-2.600411782741729,0.027049265257408844,0,-0.4125109582870995,1.131479663664075
kusu1250,kusu1250,-1.86579487257563,0.03384743476952025,1,0.013778298294,1.416294512449495
kute1248,atla1278,-3.7485145720826525,0.0308863838457542,0,-0.625761438205125,1.177700773411875
kuyy1240,aust1305,-3.709761305241634,0.0319173880039532,0,-0.056038194422999996,1.1754068330019551
kwai1243,aust1307,-2.5862323733697976,0.025833672064437863,0,-0.39203296173825,1.120761831699165
kwam1252,aust1307,-3.6001964946851217,0.02657121013904364,0,-0.4078368029123035,1.12657260846708
kwar1239,aust1307,-2.59111660118254,0.025319892049084514,0,-0.39010863492119996,1.122130783890745
kweg1241,surm1244,-3.365408207886331,0.04792891612114795,0,-0.97814620464415,1.5789768847336
nucl1595,kwer1242,-2.7236896590241635,0.06822557750376854,0,0.20222432364865,1.27921812281313
kwin1241,worr1236,-2.091143524579251,0.05486169257497737,0,0.200461640018,1.2823364215875501
kwom1262,sepi1257,-1.343849526703754,0.06159827387505254,0,0.495088845397,1.297826035163095
kxoe1243,khoe1240,-1.990307332678893,0.03663398463736141,0,-0.8831530972577499,1.609971610850165
kyer1238,sino1245,-0.9647036567239221,0.05535385255524436,0,0.62897511196225,1.1888966017296352
cori1240,atla1278,-3.72468110243555,0.024138043025506768,0,-0.621769312550875,1.17707261732724
laal1242,laal1242,-2.897975363738752,0.04128082374157062,1,-0.7212756018763,1.50637550515978
labu1248,aust1307,-1.9929718031604529,0.011877973208330818,0,-0.406710526557325,1.12945482223253
lagw1237,afro1255,-2.664450238030661,0.042920885198501256,0,0.0487243881415,1.170276721040035
zaye1235,sino1245,-1.421375334337911,0.035308260876794624,0,0.318854830680525,1.15145172830956
lahu1253,sino1245,-2.688206162610725,0.030690826928195365,0,0.24909753267524998,1.1501471257085498
laiy1246,aust1307,-3.010423822324453,0.04808977911980616,0,-0.40566033123375,1.13480456319594
lakk1252,nakh1245,-3.1708566897240895,0.04646415460871109,0,-0.244480455743,1.30743271405334
lala1268,aust1307,-1.6787204487248804,0.029293495941477583,0,-0.27265775741095,1.10898717292483
lama1277,aust1307,-2.7197666853100344,0.02608548128318697,0,-0.411905243137075,1.133896293997205
lamb1272,atla1278,-1.9942182641770363,0.03350858646068367,0,-0.48830305055940004,1.12705275810792
lame1260,aust1307,-2.9501927977688567,0.04751965456402725,0,-0.37773105320155,1.1320788191718152
hela1238,sino1245,-0.932755974324393,0.04586217795278327,0,0.6308176638015,1.1926619013865651
land1256,atla1278,-3.022655018253995,0.025889702926005252,0,-0.64560337770567,1.182310494470515
lang1320,atla1278,-3.1751283619944184,0.035291629566771496,0,-0.469875912469375,1.135123946383165
lash1243,sino1245,-2.2286782848947375,0.026119382075356058,0,0.2493654987395,1.162522268016595
teke1275,atla1278,-3.343549479246879,0.037551932594479996,0,-0.5535692184645,1.145240229797605
latv1249,indo1319,-2.5296856289816825,0.02728082799242586,0,0.2666416090825,1.16649101657286
lave1248,aust1305,-3.7195054836675294,0.03373380956295783,0,-0.0472201172985,1.1623192383533452
lavu1241,lavu1241,-1.307796146510423,0.05221140986156636,1,0.614818405847,1.28630686728865
lazz1240,kart1248,-2.6018758593264333,0.03570091538595722,0,-0.07505757203825,1.301873746650355
lega1250,atla1278,-1.9395247290309805,0.03243865151564396,0,-0.4401505706921075,1.12602396662734
lele1276,afro1255,-2.8115887199709286,0.02577773988905705,0,0.05346893159525,1.17423538160399
lele1267,aust1307,-3.3805885616898657,0.03747533537244017,0,-0.3798177384815,1.12761777222355
lele1270,aust1307,-2.7660738159723506,0.011615745541929031,0,-0.40939814333875,1.14467810286158
lemb1266,nucl1709,-0.995629165104413,0.03721606687301751,0,0.11733383183787499,1.223860457545345
lena1238,aust1307,-3.5953054302927505,0.028736748168235387,0,-0.4066872812785,1.1316896648538899
leti1246,aust1307,-2.4957488024011028,0.023082367023927023,0,-0.41063243732169996,1.136636769357705
lewo1242,aust1307,-2.9801634130478925,0.035845303903110144,0,-0.37760427595324997,1.1296779240288952
lewo1244,aust1307,-2.995110096433475,0.026737499297451246,0,-0.4106914232715,1.13843097776993
lezg1247,nakh1245,-3.1950801318621878,0.033791624257558696,0,-0.25242955493725,1.2990380874706902
libi1244,atla1278,-2.957795416152626,0.03722875707237525,0,-0.569914670079375,1.141453563448165
liby1240,afro1255,-0.7634360207948329,0.01953251385511945,0,0.190625318058625,1.15275733100141
lika1243,atla1278,-2.081608169454386,0.04147002954558275,0,-0.5532550287324749,1.14272289617944
lill1248,sali1255,-1.7803979968903794,0.03272249885125577,0,0.9719709862288,1.2936189875613748
lipo1242,sino1245,-2.7677579276952198,0.022159469170903615,0,0.243489327846775,1.1497470891672799
lish1245,afro1255,-3.1296031296243685,0.02706494081434151,0,0.097860407821075,1.1714943004355352
lisu1250,sino1245,-2.097993775843677,0.03470443271666181,0,0.242137940598675,1.15542571790313
lith1251,indo1319,-2.3759899543546554,0.025626558812500658,0,0.26503962877025,1.1639200073031999
livv1243,ural1272,-2.968930365388345,0.028694290510538484,0,-0.31461177169675003,1.229052121394935
loba1239,atla1278,-3.0499862279834833,0.023973562928425406,0,-0.566630942976525,1.147120518255615
logo1259,cent2225,-2.3790296955250385,0.0493373866504344,0,-1.201684617993,1.6278378861769052
loka1252,atla1278,-3.9086999919631373,0.01868791356288917,0,-0.6298459752115,1.177150097720905
lolo1259,sino1245,-2.719112382767113,0.03459678673621939,0,0.24369211082449999,1.1559891467555898
lomb1257,indo1319,-1.7837648531728452,0.023669691504502533,0,0.42241731721599995,1.1581592525906048
chiq1248,chiq1253,-1.9444993175519745,0.044238953807269006,0,1.0308004700665498,1.2919994598357452
acha1249,sino1245,-2.1212014106669934,0.03297238129822844,0,0.24882605884345,1.1488621644829449
long1395,aust1307,-2.504004539891757,0.03155536501358185,0,-0.39221197713694245,1.129265437433475
loni1238,aust1307,-2.7929688910521646,0.04414649972223131,0,-0.410312721646175,1.141681970417035
lote1237,aust1307,-2.758074163250918,0.0294010503402343,0,-0.40172217842019997,1.123064252546725
louu1245,aust1307,-2.730130085675374,0.04739400024198513,0,-0.40537018538145,1.1432174861094548
vano1237,aust1307,-2.873310988376512,0.02867466968159529,0,-0.4085503986019515,1.1272188227333402
lowl1260,tequ1244,-3.4696700208278406,0.03246926382260054,0,0.87652701925875,1.29316083328026
lowl1265,utoa1244,-2.3577335570612723,0.03876956769322072,0,0.463036582788175,1.266759689291915
luan1263,aust1307,-2.202523422119915,0.01405227010171627,0,-0.40821002674167495,1.13537397401074
onto1237,aust1307,-2.113452221891761,0.02597489775447614,0,-0.36577936498855,1.115301424529255
luch1239,atla1278,-1.8474289267203066,0.03794094342450167,0,-0.48347427063537496,1.1366425588363849
ludi1246,ural1272,-2.8539619217305736,0.03152147904896141,0,-0.315491499511075,1.228394553785345
lugb1240,cent2225,-2.8897776120094103,0.04937684826696035,0,-1.19992405891625,1.6284567125995
lugu1238,atla1278,-3.090974136039227,0.03341593816678535,0,-0.48299918428699995,1.140880693839895
lule1254,ural1272,-2.9022508673233496,0.01867343886620569,0,-0.304031743550475,1.2269595453639148
lumb1249,atla1278,-3.414584437355845,0.030878254140020794,0,-0.56548357986425,1.148632523939205
lumu1239,narr1279,-2.9209483403143772,0.04068870292354691,0,-0.78333643006675,1.53641076341649
lund1266,atla1278,-2.1004338965755966,0.03445682947992662,0,-0.5140299911573625,1.13695460161424
luok1236,nilo1247,-3.179911004449282,0.047917064617809015,0,-1.05049199292,1.619876078311715
luva1239,atla1278,-1.9255396270885368,0.042620421386371,0,-0.5139556087453,1.13720423762267
luya1241,atla1278,-2.172207154845787,0.035560326219780905,0,-0.55628074842425,1.13976874383387
maan1238,aust1307,-3.496113779769429,0.011047747240946634,0,-0.4138014341423,1.140100015727665
maba1277,maba1274,-2.672497752242581,0.04077357624830159,0,-0.9486089332543499,1.556151694996125
mace1250,indo1319,-2.085701093114122,0.029449696577333068,0,0.284369492831,1.16064584137002
maco1239,sali1297,-1.4056142936730982,0.0318367095861146,0,0.972074477765125,1.303330295970535
macu1260,tuca1253,-0.7585992393802923,0.06795183889867176,0,1.08263137488865,1.285514143409505
macu1259,cari1283,-0.9667811778631561,0.04462386581151842,0,0.98503199928285,1.2822348399884649
mada1285,aust1307,-3.4096224415542054,0.02823057518421747,0,-0.4076669066072,1.1395271168185999
madi1260,cent2225,-2.7238577953923224,0.06549418628795141,0,-1.197250037627,1.636747289099675
jama1261,araw1282,-0.0984522838842794,0.03242784833300125,0,1.1218730628575,1.30693588862276
mail1248,mail1249,-1.6498116009296824,0.0728938495950931,0,0.1886383334365,1.2684772371426
mait1250,indo1319,-0.794869507974445,0.0322138644575914,0,0.3717694534447,1.16883443448811
maja1242,surm1244,-3.2224075753069004,0.08185985287712287,0,-0.9750104052449751,1.578416626976555
maka1304,atla1278,-3.5623401282742853,0.02690125805349339,0,-0.5853942486845001,1.151982378393305
makc1235,taik1256,-2.9272509186906435,0.043499422542071314,0,-0.177681530564725,1.2762284493189648
makh1264,atla1278,-2.97898176463931,0.03132770814583648,0,-0.484331451697,1.1216143510764298
makh1266,atla1278,-3.0513921532804433,0.03049766906450439,0,-0.484466972594775,1.12288796690601
mako1251,atla1278,-2.9867663579947434,0.03982087573671542,0,-0.48546061296257503,1.13078213115062
mala1463,drav1251,-3.0700171102019564,0.028278551597162097,0,-0.43284477024175,1.3350847569507351
mala1464,drav1251,-3.093648344690532,0.0439743483237958,0,-0.436941626436,1.3310023198709948
male1284,gong1255,-3.1315933088321106,0.04795763424712489,0,-1.2036489886034252,1.5609426622031402
male1297,chib1249,-0.05139757594161015,0.040409656023878714,0,1.227291362181,1.3126832386697052
male1289,aust1307,-2.4282887584296255,0.03153170823464033,0,-0.40207202990096547,1.126677585314665
malg1251,afro1255,-2.662726682614257,0.04134331012069385,0,0.040545756991499995,1.1741430555413799
mali1285,otom1299,-3.666789276142614,0.04822993999481895,0,0.619590174823475,1.2834824756182601
malt1254,afro1255,-1.3770581632412349,0.039477377338380686,0,0.1771510442955,1.150372558188435
malu1245,aust1307,-3.2792631688379865,0.023606457579052414,0,-0.40380036805925,1.132743467820735
mamm1241,maya1287,-3.370348720996824,0.04629994669011245,0,0.5807018055638,1.268482454544855
sauk1252,nucl1709,-1.4696123051586256,0.02518623706573851,0,0.17151074911,1.211982139445305
mamb1294,atla1278,-3.317239781256539,0.03779545633912062,0,-0.5015217036863076,1.13769750902412
mamb1296,atla1278,-1.8169297761299772,0.03338049495645082,0,-0.48438377608649996,1.130367107828215
mana1295,aust1307,-1.4037849861916447,0.03916291741593987,0,-0.30713094667965,1.118077287109225
mana1298,nduu1242,-1.8783341112151666,0.05649882315079375,0,0.13144435906587498,1.2847673212721298
mana1288,sino1245,-1.4884345503955851,0.03093759335745412,0,0.404672801585,1.15939958419056
payn1244,nucl1709,-0.4866563103655976,0.03662112838015902,0,0.36712600194475,1.23442757000439
mand1440,aust1307,-3.4148608528427906,0.04210324293628351,0,-0.407214353124,1.1405377633376599
mand1415,sino1245,-1.6571593825202404,0.03258911357881661,0,0.203503656889925,1.1429987365272951
rapa1245,aust1307,-2.9992116056939837,0.0442076553971397,0,-0.38818941740295,1.121890725619985
mang1401,aust1307,-2.881360418014506,0.03542699031510955,0,-0.3831090210448,1.12322238290239
mang1381,mang1423,-1.746972187808045,0.03182560386118748,0,0.15830034129225,1.29093102888631
mang1405,aust1307,-3.1462616777729804,0.024704717919605396,0,-0.405213863467775,1.12947995361186
mang1403,aust1307,-2.7501949058369073,0.031368683927155756,0,-0.403892257895875,1.135626515217415
tong1308,aust1305,-3.485810741167459,0.029975841041126085,0,-0.0580910817157,1.16686892744712
maor1246,aust1307,-3.134613907862059,0.03559387729651953,0,-0.3834260056937,1.1213993476025852
mapo1242,aust1307,-2.2251529519264133,0.025846838934952744,0,-0.406034410011775,1.12923502284568
mapu1245,arau1255,-1.7033361169092147,0.03864044215964214,0,0.9877740806588,1.3123432303168898
mara1399,aust1307,-3.2920020004766966,0.03760092003097011,0,-0.403332229997475,1.1322363094784849
mara1379,sino1245,-1.1457645323330903,0.02956901811490179,0,0.3841080769941035,1.1512179917749799
mara1386,west2434,-0.4175510998688987,0.07025579164603261,0,0.645814008779,1.29805118656384
mara1378,indo1319,-1.5091288525063375,0.020486247723718844,0,0.36164507613139996,1.1759833926112502
marg1265,afro1255,-2.832236689047753,0.028581482015646857,0,0.045896586530925,1.17480740177622
mari1440,coch1271,-1.4667648660128267,0.03088146748789421,0,0.8096466798243,1.29750977848483
nucl1622,anim1240,-0.7978884001227277,0.043332498816819005,0,0.500666682932,1.2886605107275049
mars1254,aust1307,-3.1510392067962156,0.04099522072364462,0,-0.418000140053275,1.131126094586725
mart1255,pama1250,-2.3632968033034008,0.060913258152501704,0,0.17715933431475,1.223043928611895
maru1249,sino1245,-2.6213910081826777,0.038820991458354964,0,0.2516807429925,1.158256541924895
maru1252,pano1259,-0.22541746881044586,0.04128751196081662,0,1.3783665089257502,1.3182606428611852
masa1322,afro1255,-2.7916853649031967,0.038466475105646186,0,0.049894386918575,1.18952363454284
masb1238,aust1307,-3.127006809492465,0.03855976433159444,0,-0.419481498631159,1.133628887031595
mask1242,aust1307,-3.265328068888812,0.029531651374389956,0,-0.403052173541412,1.129160027894565
kemb1249,aust1307,-3.723906585766748,0.022896065675417472,0,-0.41864484300000004,1.1473995645846
mati1250,aust1307,-3.414162242912843,0.03575570198310986,0,-0.419671996871875,1.1483346565751
matu1261,aust1307,-1.2819431390430722,0.03254410348720755,0,-0.36730969866000496,1.117241390714925
matu1259,atla1278,-3.1109057327868124,0.03478376791346449,0,-0.48430329632305,1.125497642932405
maun1240,iwai1246,-1.310369558065651,0.04614133856324409,0,0.0579973382539,1.2791228852026149
maxa1247,nucl1710,-1.0847580982226996,0.025832962980270074,0,1.198021237916525,1.322256868665315
maya1285,misu1242,0.44786026807327944,0.029462753365319266,0,1.1426475889405001,1.3209866997679751
mayo1264,utoa1244,-2.3243165477330954,0.03481859257669307,0,0.44900236603224997,1.2695267680893552
mayo1261,atla1278,-2.168787480824897,0.045056942678872516,0,-0.4906507293778,1.13850250358581
maza1304,afro1255,-2.791998163456868,0.04042655679747877,0,0.090606861465575,1.169564003593445
mbaa1245,atla1278,-1.7451821965531435,0.040758657503250986,0,-0.49098258395677497,1.144685369300505
mban1263,atla1278,-2.716620056517234,0.05091026540461348,0,-0.4721855694258475,1.140705953947465
mbar1260,afro1255,-2.7165954313404446,0.028977358278195413,0,0.046763923511475,1.1697580407177
mbay1241,cent2225,-3.429604788994925,0.04064066880335139,0,-1.215230689049125,1.628255262051
mboc1235,atla1278,-3.4028819199476974,0.04537175248628515,0,-0.58172270362325,1.14212823903988
mbul1263,aust1307,-2.5603428352760838,0.026751415372059238,0,-0.406299955387875,1.127284903620015
mbya1239,tupi1275,-1.598777141485392,0.020013874075069285,0,1.0400554188164999,1.27474846411176
meen1242,surm1244,-3.4088918677852806,0.04778490177923476,0,-0.9790029041935,1.5763305943471448
mehe1243,sepi1257,-1.9143399153349567,0.057141287694995636,0,0.415718970196275,1.291512869678685
meke1243,aust1307,-1.8160580562079272,0.03292889748690549,0,-0.27377157959075,1.108007340554365
mele1250,aust1307,-3.394137026114011,0.0291331225765045,0,-0.3967770290995,1.119457719706155
mere1242,aust1307,-3.1220275995861195,0.027643149214341085,0,-0.391012890377075,1.1266329164852151
mezq1235,otom1299,-3.4442264468649713,0.052138411629338535,0,0.611753551339175,1.27844911396306
mids1243,atla1278,-1.354501730926659,0.0434542471565339,0,-0.43977731785061747,1.14391930991489
mikm1235,algi1248,-1.6390892280790317,0.03194529235729119,0,0.79210869650825,1.26604487421238
mila1245,sino1245,-0.4493614185844735,0.028910789074083756,0,0.39646576181299253,1.1741277016935752
mina1276,afro1255,-2.616693265485398,0.03798297471355015,0,0.1069127627773475,1.163273229588175
mini1256,huit1251,-1.020635459537826,0.04191666657045129,0,1.11186190017275,1.30354634074659
mini1251,aust1307,-3.0808139597924464,0.04171099680232255,0,-0.4041943679575625,1.1384401870983951
minn1241,sino1245,-2.5925890779876197,0.029868504640644396,0,0.211421972542075,1.1469638802215898
misk1235,misu1242,0.41070152257181375,0.026370380584934537,0,1.1417545334022,1.317629403666255
mixt1426,otom1299,-3.7565226627144854,0.036086023062961985,0,0.59325757860115,1.278154333404425
miya1266,afro1255,-3.0639879415447755,0.035089757699722106,0,0.043750270135425,1.1823195431523201
miya1259,japo1237,-1.9384646540413437,0.01259812585478347,0,-0.2528475192125,1.352453100058015
lush1249,sino1245,-0.47188413524755285,0.03245487700689179,0,0.48690022039827496,1.184933579444265
mlab1235,aust1305,-2.779110967704699,0.03018636440018195,0,-0.087280645842,1.162639077683305
moba1244,atla1278,-2.7693497366274222,0.0430487231446978,0,-0.603346809725375,1.1539280393951201
moch1257,maya1287,-3.436809652161654,0.03439406698829911,0,0.5944181820407499,1.27209603210946
moco1246,guai1249,-2.372956422084164,0.0421135468488625,0,0.969863807761,1.28822184259682
mode1248,indo1319,-2.2533121180857045,0.04007082979494946,0,0.27805199687945004,1.18269004994416
hebr1245,afro1255,-2.938972061950195,0.03668767679373294,0,0.1099346998713925,1.175028824768435
moha1258,iroq1247,-0.9746717788677433,0.037389264235341425,0,1.0134781845565,1.29141960658274
moke1242,aust1307,-3.7594554885990896,0.027401808466860984,0,-0.421504501635,1.1401092157994102
moki1238,aust1307,-3.2417405848567324,0.03640869765612252,0,-0.426716256957367,1.1423668931373299
mokl1243,aust1307,-3.1515621452096756,0.053523910623047635,0,-0.42124402504777503,1.14449975179299
mokp1239,atla1278,-3.822336614132923,0.04347971006419429,0,-0.586436715496675,1.15346627103878
moks1248,ural1272,-1.5217705543843858,0.02895838440780747,0,-0.222201850298175,1.213089063815655
molo1266,afro1255,-2.7616074076178228,0.02947675396465655,0,0.04642140957175,1.178514434407125
mono1273,aust1307,-2.54660837681236,0.030013222675672194,0,-0.41360679892929997,1.123409927897275
mono1275,utoa1244,-1.8153422097070304,0.03659081243085429,0,0.484632401596675,1.2392471034992951
nucl1458,monu1249,-1.3481742367274414,0.062484868262737296,0,0.10113287495,1.2873181185836948
mopa1243,maya1287,-2.7739956698968933,0.034206570152182154,0,0.591384102344,1.27256562086355
morm1235,aust1307,-2.728707286970222,0.03583788739915297,0,-0.39626426971185,1.131711936727795
mose1249,mose1249,-1.4933513890907295,0.03261477176820858,1,0.986332723079945,1.300736203122675
motu1246,aust1307,-1.4727364124579352,0.0382287505988407,0,-0.26616265092075,1.104787181385895
movi1243,movi1243,-2.005461461040011,0.031122523249004115,1,0.9876411880132501,1.2888957609472
tang1347,aust1307,-3.190228296063007,0.04078525230804001,0,-0.391667562757309,1.126061956774675
mpad1242,afro1255,-2.4488770282954944,0.025790173843127102,0,0.048189840774474996,1.17066640161661
mpii1239,sino1245,-3.2115250987282806,0.034247867470232875,0,0.2328080023454,1.1523001035852452
mpot1240,atla1278,-2.413042539509554,0.03662222987617998,0,-0.48517270520525,1.1291434577176
mpur1239,mpur1239,-2.309540873229956,0.06454883054336169,1,0.14434531724744998,1.299778657656935
mual1241,aust1307,-3.7009573336429193,0.03179395975481297,0,-0.42251174700375,1.14086003911964
mudu1242,aust1307,-2.98572176323271,0.03963612008120403,0,-0.40333243600549995,1.133237919871795
mudu1239,drav1251,-3.110860628119939,0.0394410696994473,0,-0.429069093949,1.3313555707193
mull1237,nort1547,-1.3801649139535372,0.040608429543273254,0,0.1955208424866,1.284123162701215
munc1235,sino1245,-1.4644440029936447,0.03938011407778487,0,0.4323932137209,1.17379703233143
mund1328,atla1278,-3.725078887527797,0.023913798787021122,0,-0.5585628497717501,1.17181227026951
mund1325,atla1278,-3.28602066029156,0.03740219353166475,0,-0.5012996595957501,1.13577424574571
mund1320,aust1305,-0.8320241176869082,0.03343568202446734,0,0.12234707045575,1.15262022565637
mund1326,atla1278,-2.710593973641224,0.041016020173062356,0,-0.491104887347825,1.13941746055987
abar1238,atla1278,-3.731354607652868,0.035788738120274964,0,-0.56491781157775,1.164023478632895
murl1244,surm1244,-3.271761211556452,0.04662385525256946,0,-0.9785399509517501,1.58943549234715
muru1274,huit1251,-0.16803712103134366,0.03709962626945077,0,1.132998650855275,1.3053769999437952
muso1238,aust1307,-2.2235506159141964,0.04193606249586554,0,-0.40971159561475,1.1228835086736648
muyu1244,aust1307,-2.2766387419799203,0.032650801051507854,0,-0.3280570588865,1.1191555044742598
mwag1236,afro1255,-3.2982612140571606,0.028064271235966522,0,0.040728557661824996,1.1919942248668551
mwan1247,atla1278,-3.068279894102645,0.024675673468081034,0,-0.479871806629,1.13193227806802
motl1237,aust1307,-2.800576567449843,0.02777702339026722,0,-0.382983280638,1.11883073060703
nade1244,nada1235,-0.9390465171185022,0.03879403052737327,0,0.9339179894580001,1.282855632403775
sout2857,aust1307,-3.303351810780927,0.036422671031028406,0,-0.40570329786075,1.12749204015158
naka1262,aust1307,-3.07674554796721,0.011474763433889403,0,-0.39945653260322245,1.125280605613365
nali1244,aust1307,-3.3872405492514632,0.02821162195094464,0,-0.40154963567256396,1.14005935424621
nama1268,aust1307,-3.276534496888459,0.029605120323134497,0,-0.38215687081275,1.11824311897497
litz1237,aust1307,-3.298074860185038,0.030044671856903668,0,-0.40188483464812497,1.121175304168085
nana1257,tung1282,-0.8363446083633942,0.04093930066088868,0,1.0643049762775,1.408233708794085
nand1266,nilo1247,-3.2895325476826374,0.045630070180168215,0,-1.06055420941235,1.5993844211007349
nang1262,aust1307,-2.802416979248204,0.03999400714892004,0,-0.408265026408725,1.132871234131465
nant1250,araw1281,-1.787844244816661,0.04049245577277448,0,0.8566840129589425,1.25874353505722
nara1262,nara1262,-2.6875711842209995,0.057316432297857496,1,-0.700989107263,1.656047636269275
yong1270,sino1245,-1.9423623387736657,0.02932914042580418,0,0.34838544948024996,1.16753871053854
naue1237,aust1307,-2.6068202107200658,0.026184282686497203,0,-0.40662119574935,1.14041599989649
naur1243,aust1307,-3.0211266003816597,0.021285762812563953,0,-0.4143214481375785,1.135877053417605
nava1243,atha1245,0.07663593216362025,0.02992992787728275,0,1.434878745563,1.37961047354067
nawu1242,atla1278,-2.8800359281837347,0.03702959947285533,0,-0.606897877917175,1.1608646318432898
naxi1245,sino1245,-1.9926099528188659,0.0317780474372728,0,0.3455985630277285,1.16853485992118
ncan1245,atla1278,-3.6930734538347814,0.03382184869212059,0,-0.567632318888,1.15425770317261
ndam1239,atla1278,-2.696341017415758,0.04555535538275924,0,-0.4892773572265,1.1318477581067201
ndog1248,atla1278,-2.4815536881170153,0.051828468141753396,0,-0.48940415036325,1.135344256053405
ndun1249,atla1278,-1.994540551432027,0.04207411854500677,0,-0.48991030331962504,1.1444090044902349
neha1247,aust1307,-3.2274224622771666,0.02194408464135899,0,-0.407870460336673,1.122989401382915
kuma1276,aust1307,-3.455830644785066,0.025479583177809784,0,-0.41165618555865,1.1308079167922251
nenn1238,more1255,-1.4874829679829598,0.039535116645505824,0,0.11035505633775,1.277755920392275
nend1239,nucl1709,-0.8299821823171601,0.05032805896010692,0,0.3239147526325,1.2281809536087
neng1238,aust1307,-3.625103759096853,0.036484280923361485,0,-0.3997487701404,1.136555128837345
nucl1706,afro1255,-2.723869365307147,0.03225628496664638,0,0.10240187053965,1.170351161236385
nese1235,aust1307,-3.2754012111777886,0.03700036609214623,0,-0.400668309724475,1.12789836207269
vinm1237,aust1307,-3.301854593016749,0.036992480475969064,0,-0.404285565372275,1.1230367384476398
ling1265,aust1307,-3.298169186997664,0.034123371962418436,0,-0.40286025330874997,1.125685690566455
nezp1238,saha1239,-1.0257083214495983,0.02916037545855108,0,0.96299508696975,1.2846662629960002
ngaa1240,pama1250,-1.9479407178810515,0.04137005789488223,0,0.13010188854625,1.2185076949455151
ngam1268,cent2225,-3.483473327194904,0.04824171347472394,0,-1.216758999932,1.625890986213435
ngan1291,ural1272,-2.252176002276627,0.026206304112536785,0,-0.28258959729175004,1.2482117924142249
ngar1235,pama1250,-1.7196229801204537,0.06966691782548692,0,0.1436035538264525,1.21733837870599
ngas1240,afro1255,-3.303699234707252,0.03392823948253009,0,0.0409189013544,1.18609255552844
ngba1284,atla1278,-3.0223827886240917,0.04793690346957394,0,-0.488009619144675,1.136343141955505
ngba1285,atla1278,-2.893800440514238,0.04025730513356737,0,-0.5442375993469,1.152236689943515
ngit1239,cent2225,-2.2129324311400493,0.04390137010472119,0,-1.1926523992180749,1.6271647688169502
wang1291,pama1250,-0.8852957389974553,0.05266196572963621,0,0.27273012264835,1.21750283355241
nhan1238,pama1250,-2.553619944359176,0.05417473766542356,0,0.15705180437522498,1.2288484178237
nhen1239,tupi1275,-0.2697236160762488,0.01869775707271007,0,1.0932814398895752,1.282172338546925
niha1238,niha1238,-0.2166346550402689,0.02887185738750592,1,0.34444869643047504,1.355015364363595
nila1242,atla1278,-2.8591268344724288,0.0493937376243211,0,-0.47959684565145,1.133772850345115
nucl1633,nimb1257,-2.586625641979063,0.058867012497001,0,0.23272897215775,1.296108672912345
labo1244,aust1307,-3.30483222073373,0.027911868480680804,0,-0.4035871982500865,1.13319624719934
niua1240,aust1307,-3.188359097501869,0.03648688898586077,0,-0.40448879345808253,1.121083130957135
niue1239,aust1307,-3.3151560523476302,0.03629409404489824,0,-0.39817456948880803,1.12106373254411
niva1238,mata1289,-1.0815453498526524,0.03000753031156872,0,1.2128370632208,1.32835020514561
njan1240,atla1278,-3.2578563689349553,0.030749458320043405,0,-0.434519909599325,1.15039422821609
noct1238,sino1245,-1.2962301905469311,0.04262009331800624,0,0.169897635669237,1.142248058427175
noon1242,atla1278,-2.933061293633071,0.03341494335395157,0,-0.62540005153225,1.199428037401735
noon1243,atla1278,-3.684376358779289,0.03563036514054019,0,-0.567027679373025,1.1606068444751
nopa1235,otom1299,-3.7479275810625206,0.04107844080041159,0,0.591996830095,1.2821128024888648
nort2839,aust1307,-3.2488430162752837,0.030443286476839103,0,-0.39851600140875,1.1359250154046099
darg1241,nakh1245,-3.13974189549039,0.029345040529547558,0,-0.24188176892500002,1.31081171034898
nort2930,kiwa1251,-1.4270560168044621,0.053959747014553285,0,0.204236830246,1.2745062055485898
nort2724,sino1245,-2.190213791285717,0.019130364239916754,0,0.25025100609275,1.1555190536152402
nort2972,choc1280,0.6755241049319975,0.020862404335629393,0,1.30491509528495,1.34118355996802
nort2702,drav1251,-2.538514759572899,0.04206840592462494,0,-0.41395733451899996,1.34434852816036
gumu1244,gumu1250,-1.8107445375601205,0.02732002722289664,0,-0.243551434378,1.3657039294096252
nort2938,haid1248,-0.1840317194412131,0.02837874482575204,0,1.27405612781285,1.3326531463067899
sing1264,sino1245,-1.292110735227432,0.03754446414833308,0,0.1718462083507,1.14809556016111
nort2684,aust1305,-3.668571360425987,0.02897764039247659,0,-0.07005380170675,1.1637695355103799
lush1252,sali1255,-1.69463373417793,0.04948632942899896,0,1.00964126319275,1.2845000385258398
nort2954,utoa1244,-1.5941010591016402,0.0313455311294751,0,0.483833566957675,1.238203789595375
nort2723,sino1245,-1.63239429807594,0.04234593512883012,0,0.32722219646475004,1.16177925308871
nort2747,hmon1336,-2.955052251560163,0.02431300570767893,0,-0.27458102514275,1.273180889204605
nort2722,sino1245,-0.6651033955154096,0.044407050771052954,0,0.33275789391875,1.15928242784319
nort2885,aust1307,-3.4449766248707863,0.0327885181460053,0,-0.4178686117552345,1.13478850329491
nort2959,utoa1244,-2.406387940811893,0.040681794699286004,0,0.45046256944175,1.268614358745105
nort2732,sino1245,-2.2231210284788574,0.03503303817504388,0,0.26691478121275003,1.156609299544255
nort2690,turk1311,-1.736985857761399,0.026744434150941486,0,0.046017903939900004,1.21856931469551
nort2745,yuka1259,-2.0254738150652773,0.013506275404363919,0,0.52560745008165,1.407884211639455
nort3047,afro1255,-2.76075507255754,0.03155942967161394,0,0.0491680708225,1.17081824935238
nort2980,quec1387,-1.751925807113556,0.03765360882593541,0,0.9756661427475,1.26661427281834
nort3139,afro1255,-3.019987927035268,0.017917381364956582,0,0.16522768981885,1.16541701089813
nort2845,aust1307,-1.4262583756323424,0.016362703253594,0,-0.367078656195975,1.114995740507445
nort2671,ural1272,-3.486475017363875,0.024618926322907436,0,-0.30091048975925,1.225458024942705
nort2942,atha1245,0.6879094259510792,0.032722430055963016,0,1.4643042333945,1.385070547560645
nort2961,algi1248,-1.6337649317750382,0.02006690600873939,0,0.7499077412235,1.2626815567653802
nots1237,aust1307,-3.151383154249153,0.026743568233542236,0,-0.40723972764232497,1.139898835786225
nuer1246,nilo1247,-3.1911882767834703,0.049366264558549054,0,-1.0479380808399998,1.60706549444119
nukn1238,nucl1709,-1.5854122605521885,0.03187410612140661,0,0.22641215460674,1.203397574509245
nupe1254,atla1278,-3.646078109615952,0.027613229260352232,0,-0.6315247445248751,1.18115105512008
nuuc1236,waka1280,-1.802578577651964,0.029095693655897065,0,1.0336065983355,1.30237495682991
nyah1250,aust1305,-3.4595072539941785,0.010121004885627886,0,-0.03511097252295,1.16305561802338
nyam1285,afro1255,-3.2148458446965043,0.02587429544555975,0,0.042553720440975,1.181645093223275
nyan1301,pama1250,-2.4078211793063797,0.06068947189836204,0,0.14297685239715,1.22224997579996
nyan1307,atla1278,-2.375554826605999,0.035553257700348576,0,-0.450736075896835,1.12323291352942
nyat1246,atla1278,-2.8465884057938897,0.04935752478724817,0,-0.473208555516,1.13591528788527
nyor1246,atla1278,-2.4450839462688143,0.044882458244252126,0,-0.44668078789375,1.117845318238565
nzak1247,atla1278,-1.372061392609818,0.03149073447689244,0,-0.414809597656675,1.135983809925025
obok1239,lake1255,-2.8476629121593913,0.06198809206104185,0,0.20559413663875,1.2828614419255149
occi1239,indo1319,-1.6009813979741305,0.030162759108660547,0,0.422673785266175,1.167204474839705
ocot1244,otom1299,-3.7036628397058733,0.06420394081955604,0,0.59400692229675,1.2815544337980551
oriy1255,indo1319,-1.439419215168226,0.017147085676612873,0,0.38173442150799997,1.171096995271165
okan1243,sali1255,-0.9606260239140352,0.03614232742464385,0,0.9663723329490399,1.285193336682525
oksa1245,nucl1709,-1.7253790096570805,0.0595958552909552,0,0.133041060241,1.2144713038319601
oloo1241,nucl1708,-2.585888542241611,0.05222005010556742,0,0.167639902855875,1.28571322330817
olut1240,mixe1284,-3.511521224663756,0.0470646748323521,0,0.75801298775525,1.2807185407589299
omah1247,siou1252,0.15058979060882355,0.0383124823198045,0,1.4926426979915,1.399920331923295
bira1253,bira1253,-3.1031921971220084,0.058970551759975384,1,-0.725221619092735,1.59776369941175
orma1241,afro1255,-2.888689756794925,0.023025653771417708,0,0.0759454301825,1.1623175689734
oroh1237,aust1307,-2.4944521024832795,0.012732126618254442,0,-0.389388844397,1.12144705463296
orok1266,atla1278,-3.830874631953384,0.04359290414277185,0,-0.5839960489300375,1.15348815626796
orok1267,nucl1580,-1.8467007534734472,0.05160430932359011,0,0.17289511654599998,1.28638707859847
orow1242,aust1307,-3.586321747346883,0.0368025647720821,0,-0.413015220298,1.124782602525115
otta1242,algi1248,-1.1925538609356456,0.0283533146524686,0,0.7474396254765,1.26261319944201
owaa1237,aust1307,-2.096824482411668,0.027739055617767037,0,-0.33804950384575,1.11439691336416
paaa1242,afro1255,-3.0476110470172193,0.035825108741501355,0,0.045988833324307504,1.181049066583445
paam1238,aust1307,-3.2237185749450763,0.03426238896636112,0,-0.39656963884655,1.1305213918429802
paas1238,atla1278,-2.3841834142725427,0.04881498360526569,0,-0.6001268844019501,1.157598327094505
paco1243,aust1305,-3.699238775466705,0.03493338572010074,0,-0.05313209605725,1.166911155152415
pagi1243,atla1278,-2.0825699064006606,0.044415561111281865,0,-0.557512923888515,1.144929767738045
pahn1237,hmon1336,-3.405773888581706,0.025949512548375724,0,-0.273535775270755,1.274857385396675
pala1344,aust1307,-3.254130151602139,0.02354821518453769,0,-0.40307052810767496,1.125123516007555
balu1257,aust1307,-2.6758502496309706,0.02593774185603597,0,-0.40542187229994997,1.14326195716557
pamb1243,atla1278,-1.5711273885718335,0.03301474738598945,0,-0.41008378829424996,1.126001798674525
pamp1243,aust1307,-2.5363808142855033,0.03869611243444421,0,-0.40468155329275,1.142192684698295
pang1287,atla1278,-2.337670202220648,0.047065187666360246,0,-0.4572406021418,1.126655127283525
pany1241,pama1250,-1.1044300603953965,0.06491985348929474,0,0.20910456145675,1.2195755857409
papa1265,aust1307,-3.0039631155236863,0.031366354657667225,0,-0.408580752465296,1.124039846785865
para1311,tupi1275,-1.5143828096502019,0.02587691308176598,0,1.0421691235755,1.27129713896045
pare1272,araw1281,-0.36372696867646176,0.045772920553290256,0,0.96025486507575,1.2645097400266798
pate1247,aust1307,-1.9304170316485143,0.03018413725788462,0,-0.408569287931531,1.128863610614005
patp1243,aust1307,-3.3899269271850514,0.03008148056066012,0,-0.411158997117976,1.1258307862582049
paul1238,aust1307,-1.8012190971595912,0.03116949057790797,0,-0.31066633983799996,1.122656914537425
pela1242,sino1245,-2.1745648131497815,0.027913052630742497,0,0.2524832245325,1.15533892570193
pemo1248,cari1283,-0.6365143134877147,0.04026145957444193,0,0.9898486710851251,1.281071304426185
pend1242,aust1307,-3.3613732712090565,0.030915372391564225,0,-0.39259938255622495,1.139805729620205
peng1244,drav1251,-2.532918685104221,0.04383005035238947,0,-0.409502558756,1.342197623896605
phom1236,sino1245,-1.2669954856245433,0.02809919129525593,0,0.16607585944327,1.1432710556597852
piap1246,araw1281,-1.5358543480989253,0.027992948349505557,0,0.897689682845075,1.2590004453777799
pila1245,guai1249,-2.1733011362616104,0.036850101768013725,0,0.97006558717575,1.289801282507185
pina1252,piaw1238,-0.7719687468082714,0.06445463008793861,0,0.32059489126125,1.27169054250994
ping1243,aust1307,-3.2233834548627014,0.03263412759652617,0,-0.42547402729422545,1.14013861047637
pipi1250,utoa1244,-2.87636919604428,0.06565850398777262,0,0.46613355823475,1.264064063319175
pite1240,ural1272,-2.939701856519405,0.03283457564964527,0,-0.30354115115625,1.2244517977951301
plai1258,algi1248,-0.0608935244356444,0.031083604780346972,0,0.845398708307,1.261897403268505
pnar1238,aust1305,-1.8055640209369561,0.02772592521108578,0,0.012254427488,1.1594310607934348
pohn1238,aust1307,-3.254935834115595,0.008308471999011332,0,-0.42583478541729947,1.141246042292875
poko1263,nilo1247,-3.2528313553810446,0.045545891686121574,0,-1.06065717869027,1.60353551659916
poli1260,indo1319,-1.8969775111755622,0.02677182895455506,0,0.26687643144425,1.1547604575038348
popt1235,maya1287,-3.3655530492301526,0.019524013978181706,0,0.59540061659775,1.280699820838785
port1285,aust1307,-3.271817357908727,0.01544073043367803,0,-0.39977744995694653,1.13215738920329
port1283,indo1319,-2.3167285155682977,0.02690632118206995,0,0.42123796593675,1.16360401759904
phai1238,aust1305,-3.4360873740522386,0.031095374529303336,0,-0.08354119115627501,1.16765785733426
psik1239,afro1255,-2.7836035801659618,0.04075264298866633,0,0.048918463314500005,1.1723983680607701
puka1242,aust1307,-2.9653951777384346,0.033974521233931174,0,-0.40200767973782503,1.12453398402376
pulu1242,aust1307,-3.322557416199652,0.02934034457678411,0,-0.42681430973365,1.13775007520012
puma1239,sino1245,-0.7109288871406154,0.03587640454996026,0,0.38812662197325,1.172743392909455
pume1238,pume1238,-1.5173951636865504,0.03599753108415544,1,0.98320286763525,1.29697468579524
pura1257,pura1257,-1.4812356633472274,0.057507817037403194,1,0.15321663912768502,1.28901540658673
puri1258,sino1245,-0.4872226465748163,0.02466643082333043,0,0.54153670231775,1.1758126077597
qawa1238,kawe1237,-1.4961334352817877,0.03758093454961335,0,0.9795297858012499,1.3203020879628
qima1242,afro1255,-2.637117414333267,0.017890416995991417,0,0.07239471580365,1.163099390570735
quer1236,otom1299,-3.496782411637694,0.05091875530050227,0,0.612124449183125,1.279378340994905
quio1240,otom1299,-3.748267167349675,0.058330019494109805,0,0.61003744602325,1.283503247194935
rabh1238,sino1245,-1.3457158358252517,0.028054328579054762,0,0.1696399827511515,1.1495065680337149
raji1240,sino1245,-2.3044773620069225,0.023894325802266858,0,0.340428642086575,1.16941721935844
rapa1244,aust1307,-3.0203731101206284,0.022142657215318617,0,-0.38527828555840005,1.12125476343463
rata1244,aust1307,-3.105561690152706,0.012829092052882289,0,-0.409762164720117,1.133375804554285
raut1239,sino1245,-1.6747523994375548,0.02968026870819589,0,0.338455480611075,1.1703882265374501
reja1241,aust1307,-3.7207945187445297,0.02479043640607409,0,-0.413097149379389,1.1396603264298748
reng1252,aust1305,-3.655294411913027,0.029896634098724374,0,-0.048846181769000005,1.169925596075975
renn1242,aust1307,-2.3789014984765804,0.03380779997876045,0,-0.40139574348234996,1.122688882533305
beka1241,aust1307,-3.752848685351719,0.03501910374109308,0,-0.41928163055650003,1.14194327992585
roma1326,indo1319,-1.8452791308738103,0.029669921758792794,0,0.42200759949025,1.15794403693012
romb1245,aust1307,-3.122295813190298,0.007256512617195897,0,-0.42041061109932,1.136257422225815
ronn1241,afro1255,-3.3134779167705766,0.02914379203897731,0,0.04281880051045,1.1755036729062
rong1264,sino1245,-1.5295892805252382,0.026405979623916172,0,0.398300568794,1.16785891734825
roto1249,nort2933,-2.803771907825118,0.060841344490570916,0,0.2536308228953,1.305637209506475
rotu1241,aust1307,-3.3658972242859826,0.028332504887730394,0,-0.39396233853575,1.1194996356312101
rovi1238,aust1307,-2.5912536225646443,0.024000529916638636,0,-0.41357742663450003,1.135859603702235
ruch1235,aust1305,-2.6032760913077677,0.017536113276535845,0,0.022155643749614998,1.158199071912015
ruma1248,aust1305,-2.564159018348815,0.03538588589555842,0,0.02461456892425,1.161253820303605
rung1258,maba1274,-2.5260436850270596,0.043095091972261794,0,-0.952510630893,1.562149770968965
russ1264,mong1349,-2.8697244151409627,0.03279434171173571,0,0.4508278738075,1.30321384062592
russ1263,indo1319,-2.205758254787918,0.025375008035940963,0,0.267317324173175,1.1507757382455952
saaa1241,aust1307,-3.243008954389332,0.020552236543633317,0,-0.399432159217818,1.13156472321159
saaa1240,aust1307,-2.5172903362761865,0.03391579811871128,0,-0.383622742312955,1.117732302588385
saam1283,atla1278,-2.7710620744442522,0.03498496054943293,0,-0.4772557423881,1.12092040791215
saar1237,aust1307,-2.7613785458622475,0.029991614685279014,0,-0.3909251227643495,1.15734715519145
saba1268,namb1299,-0.5826918108922795,0.03339312337470417,0,1.080649497217,1.3000857816378901
saga1262,atla1278,-3.381316287393956,0.028145299836974474,0,-0.4834003562015,1.1334767838742
sais1237,aust1307,-2.30443788082768,0.03176814096121627,0,-0.38267869128334997,1.154880044067675
yaku1245,turk1311,-1.040755149239667,0.01345511865023281,0,0.0839631712255025,1.21347430931461
tsis1238,atla1278,-3.48922804332376,0.02786706402176948,0,-0.6226010969913749,1.1812865435050401
samb1311,atla1278,-3.2113515692349375,0.03535705129717069,0,-0.481473136266175,1.147543518662405
samb1305,atla1278,-3.2883222043754623,0.037308803829817154,0,-0.514104601247,1.15059453196359
samo1305,aust1307,-3.3775148751085737,0.028191997075531362,0,-0.40263638910676947,1.11161127352279
sana1295,afro1255,-2.6526901285153555,0.02619197296219371,0,0.16121128426730003,1.15895939536046
sanb1241,otom1299,-3.667510013649229,0.07203773590879367,0,0.5947203063785,1.2777143544229999
sanb1242,chib1249,0.7620523493172682,0.03219607293670615,0,1.2649210203462502,1.314766296238135
sand1278,huav1256,-3.4595993199414483,0.038486114686083046,0,0.80502229529475,1.30978257432748
sang1331,atla1278,-1.4944073440190548,0.030444993432001112,0,-0.55925157295975,1.14459993898888
sanm1295,otom1299,-2.9275318461588737,0.03682668332598282,0,0.597864612904,1.28470994780106
sant1410,aust1305,-0.7037934803234709,0.03281665037960184,0,0.129554464226,1.154984334425365
sant1451,otom1299,-3.7413913927941342,0.047037861214887206,0,0.5941897765355,1.278204202137525
sanu1240,yano1268,-1.3440330796728626,0.02755903368601707,0,0.972885693970925,1.294152557531235
sapo1253,aust1307,-3.0821880377060955,0.03495612251948088,0,-0.408403871453765,1.127950426773285
sara1321,cent2225,-3.0196099582162024,0.044338881167217827,0,-1.2172795540155001,1.6223018272283398
sars1236,atha1245,0.6781199405938578,0.031987996963464216,0,1.46000600522965,1.37412655751812
sata1237,aust1307,-3.068733089327899,0.032596452150103254,0,-0.42693012860975,1.13631530996758
saur1249,drav1251,-1.4721641691861178,0.03126830186991152,0,-0.378964658031,1.335512541794175
savo1255,savo1255,-2.0103669875277683,0.06083657132156137,1,0.17929224030274998,1.29925710883073
saya1246,afro1255,-2.9014836846653935,0.03001718046765381,0,0.049524441366625,1.184844867131285
seda1262,aust1305,-3.6550705676062947,0.04371013271395159,0,-0.04923562743047,1.1702001007146001
seim1238,aust1307,-2.6839340653931627,0.034560716502255596,0,-0.403813671577925,1.1324824885365299
seke1241,aust1307,-3.2406888750433422,0.034504799487080476,0,-0.3989501444025,1.1314067223754751
sela1259,aust1307,-1.901913507632592,0.03158728002272586,0,-0.4028386989293,1.129728499588615
selk1253,ural1272,-2.0755870743872546,0.03924246949597591,0,-0.28420914607725,1.2448896711852249
sema1265,aust1305,-3.4784942482526713,0.02936388214294844,0,-0.055025982401,1.16819730747399
seme1247,aust1305,-3.415134096615665,0.03507298493665982,0,-0.0559812190468,1.17194077717488
sout1528,indo1319,-1.6090330741884462,0.04098131750453199,0,0.3012382437457,1.156356774255815
seri1257,seri1257,-0.6364153647432489,0.026494086935418812,1,1.149364207850425,1.319898369702635
seve1240,algi1248,-1.6384070926711118,0.029516014788853896,0,0.74801475700775,1.2637601007531551
sgaw1245,sino1245,-1.9944901433168476,0.026985628751635706,0,0.302513576458425,1.15006910077788
shab1252,shab1252,-2.879148883148119,0.04542536019291699,1,-0.87627155262875,1.6117916708947102
sham1280,atla1278,-3.322018021705993,0.03423921329729928,0,-0.481834670791775,1.134857949491575
shan1283,pano1259,0.07664811252939491,0.05108865520895298,0,1.41516418987775,1.3345988250664198
shaw1249,algi1248,-0.3333504934147543,0.03528405944869816,0,0.8343937825660925,1.2595182230050899
shil1265,nilo1247,-3.0997133195815234,0.046348016315642775,0,-1.0542520081575,1.6036731623637799
ship1254,pano1259,0.06872474258811274,0.04173821487195806,0,1.40618644083425,1.32630448891101
shix1238,sino1245,-1.4277841192760858,0.03753773382900678,0,0.3744751349915,1.170484711201355
shor1247,turk1311,-2.5133491526158345,0.02984036843821294,0,0.0496710397803875,1.21580925001807
shos1248,utoa1244,-0.9106126629725642,0.045147956216856654,0,0.514077966674975,1.239583350583695
siam1242,siam1242,-1.743237955743393,0.03172098870893661,1,-0.6345855646884251,1.46836445550188
sici1248,indo1319,-0.9218984789879419,0.03348350488891211,0,0.45521575267365,1.169889445117875
siee1239,aust1307,-3.5424736847301745,0.030865735000143057,0,-0.40623513041604997,1.1288147561095152
sier1250,otom1299,-3.7954939970612647,0.037649704437017754,0,0.59582915443925,1.280252270021865
sika1261,aust1307,-2.581959239559887,0.03310999844207122,0,-0.38918531235410003,1.11797656364976
siks1238,algi1248,-0.7754489610717044,0.02861693383048058,0,0.7516602357922499,1.264798683816165
sina1266,aust1307,-1.7005808467300174,0.03374170301760572,0,-0.28275082370175,1.110968733216495
sioo1240,aust1307,-2.0186281373195665,0.01038064655681948,0,-0.40547651224751,1.12188732825881
siri1273,tupi1275,-1.2841154845181195,0.030296113880359587,0,1.04992353739,1.281495962957885
situ1238,sino1245,-0.3503952399072499,0.0398389009535327,0,0.401527099429125,1.1736325603419
siwi1239,afro1255,-2.482208175153716,0.03497742079550304,0,0.110129482729525,1.1737828388490499
skol1241,ural1272,-2.815939794770859,0.052766877538712405,0,-0.2977379509024875,1.219130286956775
slov1268,indo1319,-1.0868119078606955,0.027113493340164847,0,0.327273178258,1.15776149978945
sooo1254,aust1305,-3.7289044908595317,0.03854832736334017,0,-0.053932095151999995,1.170702114474295
sobe1238,aust1307,-3.1694944748447478,0.03599814107538801,0,-0.400737263522175,1.1292242867355249
soch1239,otom1299,-3.769807740644375,0.03618405643305964,0,0.61419867584875,1.295826271493525
soga1242,atla1278,-3.0142024342306923,0.03739476061334085,0,-0.46828236133375,1.13110573708636
soli1239,atla1278,-2.2856104681391507,0.03318807928238332,0,-0.48792766008085,1.12017515969362
sons1242,aust1307,-3.228073000335494,0.03373370220294341,0,-0.426034444785925,1.139607168467765
mani1235,east1459,-2.2149755891215603,0.06872004285863091,0,0.157251356017975,1.277627237075565
sout2976,utoa1244,-3.4224814527568856,0.03363565369759175,0,0.450063780622025,1.268493446606025
sout2856,aust1307,-3.3977548832011357,0.02903721121263182,0,-0.3774794236245,1.129870634084455
sout2954,japo1237,-1.9578400662793607,0.012036538807393986,0,-0.25468573521335003,1.35318743804795
sout2996,ayma1253,-0.7560685979784043,0.032474907933710544,0,1.085263482082,1.29883745397074
sout2730,sino1245,-2.619013821825102,0.035638636777081484,0,0.2500654369475,1.15504857217878
raro1241,aust1307,-3.125514083938508,0.03983194757446091,0,-0.385293453296825,1.12087295416108
sout3236,gumu1250,-2.077239032371561,0.02839303398301067,0,-0.306198991036725,1.3762435831817301
sout2956,haid1248,0.5761595759506177,0.030625390867100265,0,1.2727794137425001,1.3336170044187998
kach1280,sino1245,-1.9713651590946344,0.03239462977984295,0,0.172650712510525,1.14472687732538
sout2994,namb1299,-0.22924176603522578,0.03228240972415438,0,1.1214700637344999,1.30050042413454
sout2649,indo1319,-1.8224617847320153,0.02355193861223179,0,0.377551295384675,1.1873685986315
sout2729,sino1245,-1.886635305051116,0.0402401572702086,0,0.32927152876849997,1.1626968486845999
sout2728,sino1245,-0.5398695534423441,0.03075579959629502,0,0.35735359352575,1.162398156338945
sout2807,atla1278,-2.6721364813411546,0.035095913871353614,0,-0.48384663346025003,1.12322344117186
sout2679,ural1272,-2.86018589741155,0.030901436712440247,0,-0.2997967502985,1.22675907382034
sout2674,ural1272,-2.915379216459655,0.030583103298197797,0,-0.30262401958125,1.22068165814882
sout2959,atha1245,0.8412839260562848,0.03274653525992346,0,1.4661886712448249,1.38496592274338
para1301,aust1305,-3.1553920582944484,0.0361421300535049,0,0.01746253760725,1.16128776387294
sout3261,nakh1245,-3.1818808676979278,0.034737710004568066,0,-0.24414759646099998,1.306410877345325
sout2869,aust1307,-3.601342930972445,0.03175349522253545,0,-0.4047298841927,1.130702461534605
stan1318,afro1255,-2.787104348418656,0.03439974181215182,0,0.16707651198275,1.16443442029112
stan1306,aust1307,-3.8148109533863934,0.038389044898715544,0,-0.4258272759827,1.135394046583295
horp1239,sino1245,-0.689766726276872,0.03993476662537597,0,0.36259289643475,1.1718447437130348
suku1261,atla1278,-2.774746891594032,0.03195783477076107,0,-0.48462400458615,1.135434046361165
sumi1235,sino1245,-1.211385252486715,0.029943062678470057,0,0.42441425809085,1.166215424949335
sund1252,aust1307,-3.4206943302001025,0.024584878551995586,0,-0.4196856027682,1.14337768167816
mari1426,aust1307,-2.8383560131703547,0.022567398792577995,0,-0.38896958985575,1.12793108332906
sunw1242,sino1245,-1.1013021188796113,0.033627043396444845,0,0.33008827893924997,1.164954454096665
supy1237,atla1278,-1.7848155450594467,0.03657165654281471,0,-0.5543587293850749,1.15593333251983
surg1248,ural1272,-2.380298760213112,0.02703805277245215,0,-0.2731203980071,1.236073824460895
surs1246,aust1307,-3.3615960184131257,0.029919173526133613,0,-0.4064974236305,1.1243785705272602
swed1254,indo1319,-2.627506948379102,0.019552203334006743,0,0.24153939696575,1.1577955918014649
taba1263,nort2923,-2.707101207277419,0.054245940315379056,0,0.067830228227225,1.268868487304305
tabo1241,tabo1241,-1.4543369778138455,0.04480697259192455,1,0.15211017459,1.296874733142275
taga1272,aust1307,-3.4267654991463283,0.0305474241057026,0,-0.418914170998038,1.13922572394508
tagw1240,atla1278,-2.3460317586586408,0.03666001381146065,0,-0.555654548417725,1.1575008833957598
taha1241,afro1255,-0.6490589125805843,0.021673532620050263,0,0.22487042042935002,1.158861114794695
tahi1242,aust1307,-2.6188103593981333,0.022762706131605852,0,-0.38447161209264,1.1146556074991851
taia1239,taia1239,-1.4911939702941142,0.046146733704417194,1,0.1279083233031,1.274617414909745
taji1246,aust1307,-3.33596205337473,0.02586450446923156,0,-0.392697765354425,1.14252962967373
taku1257,aust1307,-2.587183522844069,0.04035569253722504,0,-0.3818648206306175,1.1205704403819552
malo1243,aust1307,-3.2290046927281963,0.03630090997205413,0,-0.398089949415641,1.1284153361650051
tama1365,afro1255,-0.643713239936269,0.03685111995014735,0,0.2205280872315,1.159909265651605
tami1289,drav1251,-3.098300901958422,0.0323075173679686,0,-0.43621969632007496,1.336367032269775
tane1237,aust1307,-2.8835464978619254,0.0185273747152182,0,-0.40584964650669997,1.126964241390025
tang1377,sino1245,-0.2849083952375281,0.017062072941700167,0,0.38961197809577497,1.15994448374749
tang1348,aust1307,-3.3070842793382553,0.033869229694745,0,-0.407222644240953,1.1390161040186
tani1257,tuca1253,-0.2769830794514657,0.03630934150508056,0,1.08933898455755,1.281317651461295
tari1256,araw1281,-0.5870839648351687,0.03793069530951167,0,0.90611556248075,1.2576317683662102
tata1257,aust1307,-3.7500086710603373,0.04498398907241255,0,-0.4173553982613355,1.1373647762356751
tata1255,turk1311,-2.930002593362351,0.02215648610293624,0,0.044602130896625,1.22819268463117
taul1251,taul1250,-3.1003604223203745,0.06966329775241933,0,0.204310354413375,1.303787953907845
taus1251,aust1307,-3.635479719981191,0.03567590801137972,0,-0.419886089381006,1.1360178269747
diga1241,sino1245,-1.1511296311824748,0.03667497628426836,0,0.36759369005525,1.164984754789785
taya1257,afro1255,-1.8370404792007224,0.03498738039441191,0,0.20506907757987,1.1606248905441499
tbol1240,aust1307,-3.451121716403485,0.03202219264241283,0,-0.411368956122727,1.14201146523526
tean1237,aust1307,-2.876685850368103,0.024576593412392142,0,-0.40516027878108696,1.12720311679722
teda1241,saha1256,-1.9872118191191,0.03328588518119992,0,-0.9741880551544,1.546320265391475
tedi1235,sino1245,-0.7205656489097126,0.03859548052083474,0,0.446822064760575,1.1727647483540151
tehu1242,chon1288,-0.3945373986564771,0.019513850020773046,0,1.218932568648,1.332582790453455
tekt1235,maya1287,-3.45492496164716,0.03727816699163139,0,0.579500331480475,1.275659371749415
tene1248,dogo1299,0.1078622459171521,0.042117351414279164,0,0.44111295409587503,1.409667392945275
tenn1246,surm1244,-3.0946762363122184,0.04634605131043277,0,-0.98020357329425,1.5916424729439251
teop1238,aust1307,-3.0662330077359528,0.02689715265835026,0,-0.407412439235384,1.128844539595825
tera1251,afro1255,-2.9235275881375418,0.02824569641206181,0,0.064185035813525,1.182453179305535
teri1250,chib1249,0.8348210455909417,0.0463268086668572,0,1.27971707685475,1.312972502396365
tern1247,nort2923,-2.6569982557973675,0.059796350365580724,0,0.076978736715125,1.266660773273165
tete1251,utoa1244,-3.937834191526567,0.03765734870902922,0,0.46671369377075,1.26443442303307
thad1238,sino1245,-0.5770132691675927,0.027851218948791875,0,0.45630835662131897,1.17770242295403
thak1245,sino1245,-1.5791971510181049,0.04367681892718933,0,0.40077870724974995,1.16149318559305
than1259,sino1245,-1.144536499381898,0.027188816628097648,0,0.33066319136525,1.15402991843371
thao1240,aust1307,-2.665823876172527,0.036727171163559176,0,-0.33382639980762496,1.1476232179231851
aheu1239,aust1305,-3.7030831202190497,0.029198584126565386,0,-0.015218806431000001,1.16175980037973
thul1246,sino1245,-0.87652352784639,0.04149844673976873,0,0.34095303748807504,1.1604363284747499
tibe1274,atla1278,-3.619763700601692,0.03442407579697482,0,-0.584428102617675,1.15212110339694
tibe1272,sino1245,-0.5726979414416106,0.035369032481669345,0,0.615993897949815,1.18744960050275
ticu1245,ticu1244,-0.8524417402943378,0.04129074512099178,0,0.98988600428575,1.294307665296635
tief1242,atla1278,-1.9406167112541457,0.029559772575064987,0,-0.6044083993614,1.15440929359813
tief1244,atla1278,-1.923169494501026,0.029596053913420604,0,-0.60489483001625,1.16085661683432
tien1242,atla1278,-3.176741047218553,0.03582861607721139,0,-0.567714341786,1.1472758801966552
tiga1245,aust1307,-3.3434829376122246,0.03822113555820248,0,-0.4073512069341745,1.133759715563985
tigo1236,atla1278,-3.631534800926035,0.024501632435797324,0,-0.631644563161025,1.178416622436175
tika1246,atla1278,-3.468101643821987,0.02731553082352602,0,-0.4820565986175,1.1546960444688499
tiko1237,aust1307,-2.9868102827655174,0.0355751146300189,0,-0.40002057223395,1.12059405453054
timn1235,atla1278,-2.6405262006703594,0.027411264157123718,0,-0.6443677727653575,1.186115118576335
timu1262,aust1307,-3.741897936421929,0.030648840461099055,0,-0.4159499652339525,1.14457081340297
maee1241,aust1307,-3.283591207548351,0.035679902122616,0,-0.40399410782269096,1.141695701683635
tiri1258,aust1307,-3.594716192984883,0.03022983791295152,0,-0.4084343119562,1.1361342745587901
toab1237,aust1307,-2.5751532134899424,0.023554091160430276,0,-0.392288332212325,1.1228693343815
toar1246,nucl1580,-1.6842216400116476,0.05109019560035248,0,0.16551770503777502,1.294983575264645
toba1268,leng1261,-2.013608959873075,0.040661449450860705,0,0.9896291607463,1.293208426521245
tobe1252,nort2923,-2.6417307783338333,0.06052852407776876,0,0.073248291719175,1.26934924372585
toho1245,utoa1244,-2.7239846469952775,0.03779131598676359,0,0.450942178777075,1.26449323525611
tojo1241,maya1287,-3.39375756909236,0.03861880754248715,0,0.5943039041405,1.276839466660365
toke1240,aust1307,-3.304456118479756,0.029299334180937782,0,-0.403313332778325,1.1128827645777002
tomm1242,dogo1299,0.0946402627975704,0.054031878806762385,0,0.4261716454772,1.42393499487962
tond1249,song1307,-1.2474778633675347,0.026827893383558673,0,-0.8253016912165,1.39232370700812
tong1325,aust1307,-3.3669107662660345,0.025287056688799235,0,-0.399597855460219,1.1215555748490549
toor1238,atla1278,-2.162445215818818,0.0403185800201424,0,-0.441109493445775,1.11861768280406
tote1238,atla1278,-2.4645863100239103,0.02806458698541927,0,-0.486041422075925,1.124892876687635
toto1302,sino1245,-1.0313413438383856,0.03183120551956774,0,0.26458296692375,1.154232290870885
trio1238,cari1283,-1.2986287412175748,0.04545009956806232,0,0.957535894515375,1.280762587743105
trum1247,trum1247,-0.43902302370526874,0.02571808011868068,1,0.9575692248175001,1.2919661674069398
tsam1247,afro1255,-2.8679454691966804,0.032173242265247246,0,0.078190589286,1.166961655895745
tsat1238,aust1307,-3.286421886831537,0.03560241403922438,0,-0.420419716361525,1.14270742146185
dido1241,nakh1245,-3.1085892408416953,0.029876669077580017,0,-0.2476112768155,1.3027529833847602
tsha1245,sino1245,-1.1170704539712082,0.02913980123481422,0,0.45710808539680003,1.166487307339705
tsog1243,atla1278,-3.5379782008598673,0.041624515831422175,0,-0.564044034501075,1.15145264958478
tson1249,atla1278,-1.7246520196763955,0.03368213721121794,0,-0.44984802235687504,1.1142240519020499
tswa1255,atla1278,-1.8842950045844225,0.039880335584692735,0,-0.457364919715615,1.12126954107568
tswa1253,atla1278,-2.8152558979026843,0.029128361360391423,0,-0.48293311748375,1.1162701246305948
tuca1252,tuca1253,-0.5863573522351047,0.04199475922986752,0,1.0155135426368251,1.2705290657054151
tuge1241,nilo1247,-3.306146913182621,0.04662021859467952,0,-1.06209663808375,1.59813343942105
tugu1245,aust1307,-2.3104024943114414,0.030170737021574925,0,-0.411531006501475,1.1313759329342
tuka1248,aust1307,-2.138986020347436,0.0343790008038383,0,-0.327112694932125,1.127082464290395
tuki1240,atla1278,-3.6230147549291667,0.042353710188607285,0,-0.5683768220065251,1.14011426964976
tula1252,atla1278,-3.517528156444475,0.0558559976298921,0,-0.5986242787537975,1.152240997905045
tulu1258,drav1251,-2.975985643013189,0.029202425799690065,0,-0.41392166967300004,1.3472752485268602
nene1249,ural1272,-2.446497287742922,0.03973566605191031,0,-0.281076465633,1.247591476994745
tung1290,aust1307,-3.2502565417228264,0.03658263565253939,0,-0.40584156742,1.1332177041398102
tunn1238,afro1255,-2.7244323652869116,0.032625758378349586,0,0.07307273601657499,1.159337247647335
turk1303,turk1311,-3.097948960694068,0.037042974808817866,0,0.048851106061874996,1.21696964172138
nucl1301,turk1311,-2.445276606786592,0.025380369516198698,0,0.0428913048125,1.22052023676484
tusc1257,iroq1247,-0.6812903567135693,0.03775686100378055,0,0.959363485879725,1.29674847619378
tutu1241,aust1307,-3.2119462288409393,0.030667157260721885,0,-0.3958051080545655,1.12351495897703
tuva1244,aust1307,-3.3099015768853963,0.029337818241266595,0,-0.402255345768075,1.124746660091315
tuwa1243,aust1307,-2.3189495350405567,0.013747998059162691,0,-0.401703745323908,1.13015435033535
tuwu1238,atla1278,-2.984589733609139,0.05625654097550294,0,-0.605314175982,1.1639019365439252
uuuu1243,aust1305,-3.629179248178998,0.03568212896007558,0,0.017390623888,1.1614932713733999
udii1243,nakh1245,-3.8501660164162765,0.0431200893318221,0,-0.25545861157399996,1.30194254264777
udih1248,tung1282,0.1740444750607173,0.018987771779060553,0,1.0914441077822499,1.414783796640195
ughe1237,aust1307,-2.550870680087236,0.04069218505607033,0,-0.41304736278225,1.132051704217505
ukra1253,indo1319,-2.5223205745034374,0.011654008671283687,0,0.27022360826900005,1.1629824298498148
ulit1238,aust1307,-3.2665145396828583,0.03785419507630638,0,-0.425772760134354,1.1370814366145852
umbu1257,atla1278,-2.8769584000821764,0.032085336742938,0,-0.5256343265375,1.144099509928905
umbu1258,nucl1709,-0.9567251764467817,0.049304315496847065,0,0.14619276155029998,1.220474279673245
umes1235,ural1272,-2.9867220163026196,0.03613745554498483,0,-0.30024199732775,1.226461226747335
unua1237,aust1307,-3.29341221034052,0.02719269746889405,0,-0.4025720899873,1.1328333442272
uppe1427,aust1307,-3.717027068937835,0.03188634587690173,0,-0.4134624138273385,1.1436446367004751
uppe1275,toto1251,-3.356203823246016,0.03571414337394334,0,0.85411877503875,1.271664128430035
urak1238,aust1307,-3.8427307748496133,0.04520281644139171,0,-0.423944387932,1.1380187847010999
urar1246,urar1246,-1.147622507073675,0.046984521895980354,1,1.008193364415075,1.28498183767058
urav1235,aust1307,-3.5269226986837774,0.0371069073840605,0,-0.404410506101075,1.1260411906242949
urim1252,nucl1708,-2.3500351449027472,0.05314787606792137,0,0.16838463456275,1.29401808303895
urip1239,aust1307,-3.285737138431534,0.03700013167655771,0,-0.40217892194841154,1.133521327608935
utes1238,utoa1244,-1.3118872019752787,0.03569460626755526,0,0.494538416683025,1.24041811163541
pile1238,aust1307,-2.846384807417732,0.008078977664133739,0,-0.3988857334275,1.12205162768179
veps1250,ural1272,-3.3775067431052137,0.024859446678358026,0,-0.31542110234775,1.2282093262891052
vera1241,aust1307,-2.6337868933301536,0.04170977900058529,0,-0.340131356094,1.113031570492005
viem1243,atla1278,-2.2508066122796575,0.04076325690291157,0,-0.6009161722839,1.1627559085847698
voti1245,ural1272,-2.916839311449685,0.02396382501868374,0,-0.31244990592147504,1.2197490402628302
vunj1238,atla1278,-3.363910913565997,0.02725891451494029,0,-0.4849669993210275,1.127416841603495
vure1239,aust1307,-2.749263167567978,0.03452471344502299,0,-0.38300520306380004,1.11848084070088
vwan1235,atla1278,-1.5974680171322355,0.03234583235243743,0,-0.44102641882425,1.123317942780115
waga1260,pama1250,-2.1870656531177914,0.07157053665786202,0,0.20784247379252502,1.240526729888805
wage1238,wage1238,-1.5190607822569295,0.06493934511019998,1,0.20740330546075,1.2872890812839302
waig1244,aust1307,-2.5039635531417623,0.029051661616793144,0,-0.39806953954625,1.13469882836695
waim1251,aust1307,-1.5434991075656983,0.03372153704648025,0,-0.2661057000777,1.109549387737765
waja1257,pama1250,-2.5070269856767027,0.06415728408514622,0,0.1550977387813725,1.222546171834685
waka1274,pama1250,-2.3953985661540056,0.055821145038117824,0,0.20244747710525002,1.2269909049098149
wala1266,aust1307,-2.5862291434732363,0.03561974705906359,0,-0.392328845379,1.12669240524197
wamb1257,sino1245,-0.987122364700186,0.03448188915374566,0,0.33656382362275,1.163135538612745
wand1278,afro1255,-2.7339254562255353,0.027321826834976918,0,0.04147497890835,1.175346038463545
wand1267,aust1307,-2.2298506534622433,0.03648602121486209,0,-0.38439444343810003,1.1292766900256348
saka1289,aust1307,-3.075241058368896,0.044897266660784606,0,-0.39740954803164497,1.129592375045545
wara1303,wara1303,-0.1559829005864449,0.03295698615833012,1,1.219814167519,1.3314947954983598
ware1253,aust1307,-2.8405992022054427,0.02922956122043498,0,-0.398467334356,1.13576940398776
wari1268,chap1271,-1.5474530602204324,0.0305911846401287,0,0.9971823350735001,1.3037934818050498
warj1242,aust1305,-1.9265674857483694,0.04066858030347897,0,0.014310166802,1.159933602514275
warr1255,pama1250,-1.4344367942715261,0.06664278607422933,0,0.25218347773259997,1.220226135578475
waru1265,pama1250,-2.4308592188577194,0.07267485771903123,0,0.14895664356142502,1.2244479498963652
wawa1246,atla1278,-3.300489681979399,0.03539155983543283,0,-0.4614881176765,1.14534880646936
waya1269,cari1283,-1.3881760207092202,0.033089060210893716,0,0.95582821064025,1.275319985658005
wayu1241,sino1245,-1.0876206207107513,0.050976764732940216,0,0.33249697283824997,1.161982013311765
wayu1243,araw1281,-1.5141940462572354,0.04259833077790399,0,0.8891473153355001,1.26277795094054
wels1247,indo1319,-2.8464605505396383,0.02923020609416575,0,0.298847744454925,1.17127199104757
west2560,aust1307,-3.7364010716632086,0.038607296346655676,0,-0.40784412620627497,1.13437934273076
west2441,pama1250,-2.6709631952138455,0.07042984048639574,0,0.1445447075843,1.223360293132355
west2397,aust1305,-3.7201846144038386,0.03794860107794912,0,-0.05468875052925,1.16825380063574
west2618,eski1264,-2.1624816119253105,0.036491925398929786,0,0.90185150894175,1.28115150180616
west2650,aust1307,-4.0417910749232515,0.03341599911723922,0,-0.4203866284792,1.13072736320695
west2594,nucl1709,-2.2882234693546897,0.052353639806397095,0,0.159505414263,1.22209361792539
west2369,indo1319,-2.4146301139782773,0.035373031799913204,0,0.41306516566850005,1.187152080772515
west2519,aust1307,-3.462670566686148,0.029990489091032947,0,-0.3989321253625,1.11932733655222
west2354,indo1319,-2.8485355585411014,0.030590113710540105,0,0.2465850542595,1.166346953056425
west2644,otom1299,-3.76336410640476,0.03165087738533155,0,0.5937134431340001,1.2823762175056
west2632,kere1287,-1.7658602077986485,0.05760101088367113,0,0.874232441129,1.2813455755770802
west2396,aust1305,-2.9095851943427693,0.03717892078808126,0,0.016323935814375003,1.15685015623717
west2418,sino1245,-1.5503805718188093,0.034262898556749966,0,0.3663620377863,1.15788649880359
west2763,afro1255,-3.0299206564914454,0.03210088359928819,0,0.09544323289975,1.1800449806376
west2557,aust1307,-3.5181782901532763,0.032970059807742584,0,-0.419005474327336,1.1354911631189148
west2415,sino1245,-1.1713316374940521,0.03308115453742591,0,0.402225219190625,1.1598928981302
sanj1284,otom1299,-3.797927858279605,0.023398314851736282,0,0.5924150232240499,1.27641540511055
west2430,hmon1336,-2.7296397621060358,0.022267825423217272,0,-0.27246302845097503,1.2782778596223752
west2600,nort2923,-2.564404613313312,0.054991199840530004,0,0.07144513473387501,1.27100682183824
saka1291,aust1307,-2.989080633693359,0.032605857902624276,0,-0.4119285088880015,1.1345185587743698
west2516,aust1307,-3.5973939182028545,0.015346992961072762,0,-0.40102272548444995,1.11998786076155
whit1269,aust1307,-3.598046585385337,0.0331408436605395,0,-0.40606968669625,1.123908014626935
wiru1244,wiru1244,-0.5995596728750835,0.061127057722265746,1,0.540219444794,1.288373408635095
woii1237,aust1307,-2.547092808300941,0.027422798181924425,0,-0.386138485694425,1.1404435831436501
wola1253,afro1255,-2.8954485711593487,0.030118656888990236,0,0.087906987399125,1.1816983817739999
wola1242,gong1255,-3.107770610652338,0.029429227540686123,0,-1.2173943716416749,1.5659025266543298
wole1240,aust1307,-3.307813096482201,0.028591649696710877,0,-0.4261784448695,1.136848800899815
wood1236,algi1248,-1.1744586266667367,0.03519666610469491,0,0.826910043742525,1.260030933529575
wotu1240,aust1307,-3.0426486504877692,0.025365330520643388,0,-0.4027694304084125,1.1403786168103398
wuch1236,sino1245,-1.8303120867553058,0.03431912101097782,0,0.203140220494,1.146609216641755
wudi1238,sino1245,-2.764691114465873,0.039485631662219134,0,0.2452137709045,1.1528553766712801
wusa1235,sino1245,-2.69784640435325,0.033537561140298,0,0.24442081260600002,1.15529406712387
wutu1241,sino1245,-0.9813002231063437,0.03428911254889285,0,0.20033569554045,1.1496404913309402
wuvu1239,aust1307,-2.749467846571641,0.025028063821891215,0,-0.409039831243444,1.1330986400685599
xamt1239,afro1255,-2.4044864668443893,0.026699198220939555,0,0.07092100377225,1.1641148167885902
xara1244,aust1307,-3.6035294171476595,0.009057895735833928,0,-0.4133013446635,1.13203170831418
xhos1239,atla1278,-2.7902967879227454,0.03463215689430681,0,-0.46043633124171246,1.121705974482785
xish1235,sino1245,-2.7590129188726262,0.02459464931781463,0,0.238063170840525,1.156201038367775
yagu1244,peba1241,-0.9943805580387605,0.025143620651714025,0,1.04506935995625,1.2933841382932298
yaka1277,aust1307,-3.5498718906347126,0.02192884951836447,0,-0.4093056116994195,1.1331102370597699
yaka1269,atla1278,-2.652184772968734,0.037833095062658265,0,-0.56647625120765,1.1394949693219099
yakk1236,sino1245,-0.686584172283011,0.038144975581269676,0,0.465913435041,1.18333698972873
yale1246,yale1246,-2.514973617071444,0.07242480847600775,1,0.234568037405845,1.2988946199231401
yami1254,aust1307,-2.7534298669736303,0.034154001341338565,0,-0.408606379464854,1.14041381014643
yami1256,pano1259,-0.14394072680571857,0.04465914572892514,0,1.417288417398,1.334103613056485
yamp1242,sino1245,-0.964460476005523,0.02950516561111847,0,0.4035324159965,1.1746596667922051
yane1238,araw1281,-1.7285993749882276,0.04142271745249117,0,0.88397776576275,1.2654011130918499
yank1247,pama1250,-1.9639486940753272,0.0639786259081809,0,0.13159538152875,1.21732186051556
yaoo1241,atla1278,-2.514601875106874,0.03737520597622034,0,-0.48643680081679996,1.129630618602015
yaqu1251,utoa1244,-1.9119181636704505,0.03639982594028408,0,0.44820629895764996,1.26690917644862
yasa1242,atla1278,-3.747067167437447,0.03199911818094792,0,-0.58924749262325,1.1469086262427202
yatz1235,otom1299,-3.792764080482257,0.037348242266075846,0,0.5931991317176251,1.28116184359989
yaum1237,nucl1709,-1.6826271334172207,0.0386299422570971,0,0.21498996245774998,1.207247345824575
yawu1244,nyul1248,-1.8533773254699413,0.0640680006578709,0,0.151738711227,1.292695686726975
maqu1238,cari1283,-1.3537571777024022,0.03957834299212786,0,0.95915733709165,1.27543530631694
yele1255,yele1255,-0.8079432638914179,0.04449763445807876,1,0.47865508046375,1.29258252004257
yems1235,gong1255,-3.147108560539082,0.04650292818700914,0,-1.201428681178125,1.55398295997995
yapu1240,nucl1708,-2.429854443783424,0.06041179964054917,0,0.168319689691,1.2935523911370002
yind1247,pama1250,-2.3107516340508214,0.07436877476194378,0,0.187728163961,1.21591933569414
yoga1237,aust1307,-2.1428684602418553,0.03171007024345641,0,-0.35750118339475,1.131768517655325
yong1280,nucl1709,-1.6776679199016247,0.07290412953632279,0,0.133876110926,1.214346444717185
youl1235,sino1245,-2.8940138847856796,0.032430174750826136,0,0.2415834638425,1.15460978568045
youn1235,hmon1336,-3.014275356391561,0.01990174022513259,0,-0.276260038313,1.269234104897785
yuca1254,maya1287,-2.730187363216727,0.037225990403967325,0,0.5944684374825,1.276363801110565
yucu1253,araw1281,-0.721313454258238,0.0344882152369783,0,0.896235766402,1.25397521001408
yuqu1240,tupi1275,-1.4036996004816022,0.032686600746401874,0,1.0495164126349001,1.2813936852795549
yura1255,yura1255,-2.219476142564344,0.04810665645683009,1,1.0338289080312748,1.31122135927485
gami1243,pama1250,-2.195362343894267,0.05932254892178616,0,0.2304909971205,1.234795373347485
zaba1237,aust1307,-2.508138282584719,0.011306815998421385,0,-0.413524408314325,1.12438602584266
zaca1242,otom1299,-3.740810426168811,0.0418527668984229,0,0.5924910476015,1.279083478349765
zaca1241,utoa1244,-3.815159195629024,0.06355663518794892,0,0.468713285913,1.260419463990875
zamb1245,atla1278,-3.0706981977394365,0.022722770206524922,0,-0.5671279815282,1.149663673239855
zarm1239,song1307,-2.6969346661843177,0.03901214102535011,0,-0.8252324456419999,1.3863828500139799
zays1235,gong1255,-3.0998300544498063,0.031542168970837496,0,-1.21440189599335,1.560909947965595
zinz1238,atla1278,-2.669963508198746,0.036049159035441716,0,-0.46231342444159995,1.1224127155955
zoog1238,otom1299,-3.7902917071663196,0.040201310719664506,0,0.59092123151775,1.280164141732085
zulg1242,afro1255,-2.759472655683177,0.03011935102733306,0,0.04583780129,1.16376673178402
