Glottocode,Family_ID,GPGLMM_3D_Mean,GPGLMM_3D_SE,Isolate_Flag,Verkerk_BRMS_Mean,Verkerk_BRMS_SE
abee1242,atla1278,-2.3374764428829486,0.054461525866632984,0,-1.8305613334755,1.988625843240315
abkh1244,abkh1242,-0.3960215385528427,0.03907982125827243,0,-0.26161089836777496,2.126185649113785
abua1245,nucl1708,-2.767205287922033,0.06857837599860786,0,-3.4145537817075002,2.472257064059465
abun1252,abun1252,-1.9951549808473716,0.07558748676131108,1,-3.24028285410825,2.529971652038395
achi1257,aust1307,-0.8893539791593599,0.03507792923668782,0,-0.44355001064599997,1.9028692496628201
achu1247,pala1350,-0.386077100731297,0.033251355836146176,0,-1.7990180909440001,2.26635612446391
acol1236,nilo1247,-1.215211713755466,0.06274165436561875,0,-0.7052343550575,2.0313685279492253
adan1251,timo1261,-1.738223163733505,0.060647337826417194,0,-3.389456844755,2.52283515912273
adon1237,aust1307,-1.1154703817750593,0.048275121027058866,0,-0.15203577139675,1.902929701729565
afar1241,afro1255,0.7199967782662021,0.038994683912374546,0,0.5643812329555,1.91245063313808
agob1244,paho1240,-2.89090354644898,0.08631708108002009,0,-3.2634454013425,2.459296144224545
agua1253,jiva1245,-1.4831317805482933,0.022731787274539356,0,-2.279483359805,2.21052338192964
ayiw1239,aust1307,0.11268635648640205,0.0472186369248037,0,0.21670835978825,1.914858114112025
ajas1235,kres1240,-0.6842268244004672,0.04391493700788404,0,0.50347640715175,2.223745149903325
akei1237,aust1307,-1.2332782453121294,0.04817127540365509,0,-0.078332796476,1.88571886269408
akha1245,sino1245,-2.1357272960266664,0.04867813568287376,0,-1.8724547959382498,1.8805426121235351
akoo1248,atla1278,-2.916851424475622,0.054218482826113384,0,-1.9315946153925,1.99473737552857
alab1254,afro1255,-0.08718280208352475,0.037383131892007995,0,-0.15017934043775,1.9115920343718749
alab1237,musk1252,-1.5409148111903845,0.03546863550648141,0,-2.55232473998875,2.239740407749795
alac1244,otom1299,-0.37248162300033416,0.05601453575836765,0,-0.6494909478435,2.02037057916033
alag1248,afro1255,-0.2891610817990483,0.049235388629053266,0,0.036043822746500004,1.958187049755225
aleu1260,eski1264,-0.20005033212377896,0.05213986327432003,0,-1.20753593440175,2.144074381638985
aluk1238,drav1251,-0.20201307035656357,0.02769618608724684,0,0.2915083227925,1.9330974504023848
amam1246,kuni1270,-2.348213973133469,0.10530969197612544,0,-2.087191940242,2.250357829674245
amas1236,nyim1244,0.2042576088687117,0.05031812150945472,0,1.2074551887825,2.30107117813208
amdo1237,sino1245,-1.5955789083366947,0.03659239795188608,0,-1.7841273648445,1.87961006295292
amha1245,afro1255,0.1586376501752937,0.05120290055885522,0,-0.2649615292925,1.9976864671176702
hoaa1235,kxaa1236,-0.5458656794472123,0.05925037541637249,0,-0.5215564210585,2.37258902216508
amri1238,sino1245,-2.208333733601169,0.024741093683104703,0,-2.01308754228425,1.94509713671978
gily1242,nivk1234,-0.47362557588179566,0.0367106117154395,0,-1.56536645671075,2.5742787250271597
anei1239,aust1307,-0.0384672937415736,0.047854733082177824,0,0.424894945952735,1.8963203638958999
anfi1235,gong1255,0.37867820796186935,0.0692664270080788,0,0.34150181343925,1.974325903619705
wara1294,more1255,-2.962526709954411,0.06637457171769735,0,-3.5189312754150004,2.418610026139655
anuf1239,atla1278,-2.1645708748017496,0.060331633230481845,0,-1.8412609364897499,2.001614515511905
anuu1241,sino1245,-1.7409406351667318,0.040576761854044144,0,-1.38736417580335,1.907110323271655
aona1235,sino1245,-1.7359149402468368,0.04259603201557479,0,-2.0637956063662504,1.938439357746185
aoua1234,taik1256,-2.179286023930562,0.03754010018853444,0,-2.2526085674125,2.1833112076267
apat1240,sino1245,-1.6505663379757276,0.022825959212366506,0,-2.1496860155725,1.90801740724268
apin1244,nucl1710,-1.6138875925655973,0.041672895636921975,0,-1.933434500625,2.12081519559708
apma1240,aust1307,-1.3083052839040765,0.04268617706931054,0,-0.23104879533225,1.887161891469225
arak1252,aust1307,-1.2536902914648764,0.047741613351368534,0,0.089603432525,1.8832876185442249
arao1248,pano1259,-1.3369186708321408,0.029910434151014412,0,-1.957743362807,2.116178564546805
arap1274,algi1248,-1.689105827166938,0.04373721657543624,0,-2.4123208817905004,2.2332731018734853
arch1244,nakh1245,0.8275727265718842,0.06103512743631586,0,0.66265440357375,2.038572648996835
area1240,aust1307,-0.26130588393037335,0.04162044760284137,0,-0.051938761606,1.87786106911381
argo1244,afro1255,0.037958511256591054,0.045685859607908434,0,-0.26880080727625,1.9997015820623751
arhu1242,chib1249,-2.0357444477446243,0.03451290632788395,0,-2.0144840883157498,2.01809636578027
arom1237,indo1319,0.2905124451004837,0.04534633082778795,0,-0.6079264612067501,1.9081334171670101
arta1239,aust1307,-2.086531593109042,0.05295677826356372,0,-0.91264984382125,1.933691367424795
ashe1272,araw1281,-1.4602904200995788,0.025506672268914884,0,-2.285737348889,2.213771297311065
asoa1238,cent2225,-1.8917606106572151,0.03864415485751177,0,-1.14449895977275,1.97183899197586
assi1247,siou1252,0.16091168554738738,0.06575194606525457,0,-0.8131654994090001,2.12826258869564
asur1254,aust1305,0.7359089348893479,0.028131642995123232,0,-0.26248476446575,1.917684458681585
athp1241,sino1245,-0.9282270635824996,0.04376055391462611,0,-1.8915968200131,1.9035748908570649
aton1241,sino1245,-0.9614730568247452,0.04337081837414373,0,-1.5907519503924998,1.885652434181185
katb1237,aust1307,-1.4081162988419613,0.04630560565753356,0,-0.225754133943175,1.892932595397
awac1239,barb1265,-1.3478174374028176,0.04069575585415183,0,-2.0704326991024997,2.22543955882443
awad1243,indo1319,0.1143813000795367,0.0446091034094822,0,0.45888819415125004,1.93682181831456
axam1237,aust1307,-1.400393387747126,0.017298450854273124,0,-0.2706943993055,1.9089954666164801
axiy1235,sino1245,-2.002146741995281,0.042598625221238307,0,-1.805417180438,1.8900217373943051
azha1235,sino1245,-2.1936146162735266,0.03962921698801614,0,-1.7985389225575,1.88068521208576
bafu1246,atla1278,-2.7451777967502577,0.05068070883229725,0,-2.166935127505,2.0816020460254654
bagi1246,cent2225,-1.4754434243199683,0.06143208101109504,0,-1.2770237549902501,1.9593775298410798
bagv1239,nakh1245,0.9235003743086287,0.04043727578178986,0,1.209288173234,2.01838161508443
baim1244,sino1245,-0.8483701694085335,0.04804463740199601,0,-1.81158680278475,1.875104789075655
baka1274,cent2225,-1.0901166443368893,0.06797101729329667,0,-0.96306153524,1.9686725795119
baki1244,aust1307,-1.3260169779204412,0.044770679611106305,0,-0.312907660620411,1.9066857514646252
bala1316,aust1307,0.2648528705852155,0.03581258711854923,0,0.25248590197,1.879858616505685
bala1315,aust1307,-0.9373699273931457,0.03295207261999958,0,-0.63497069791,1.9124424960232451
bamb1262,maoo1243,0.47995271905769943,0.0558531432485399,0,0.8814454351405,2.3383443144989453
bamb1266,atla1278,-2.749235665821557,0.05789549062557309,0,-2.1643695557362497,2.074614788918665
bang1363,bang1363,-1.8449370522798785,0.06173994095854271,1,-1.599403820695,2.509883729380465
bang1369,sino1245,-1.5374988461813848,0.04968150560056914,0,-1.8391258265222499,1.92376766071503
bant1281,sino1245,-0.9168156822408831,0.040701692448434995,0,-2.01989650743675,1.934491524252535
bara1357,sino1245,-0.9122222876417097,0.04287607636540698,0,-2.12638992999,1.93822387325421
nucl1630,koia1260,-2.3272969521503826,0.08774201662532433,0,-3.42991058263075,2.47025037137076
bare1279,afro1255,-1.208981751345447,0.03952740228728435,0,-0.3693621364925,1.974752022817225
bara1361,atla1278,-2.0406919272821855,0.04963490078487053,0,-1.5879148082645251,1.9655794706984
bara1370,aust1307,-0.43322885525650734,0.03954567105595244,0,-0.587178717667175,1.914846508586195
barg1252,nucl1709,-2.590560881215056,0.08202373531101269,0,-3.69063340535275,2.42262676316736
bash1264,turk1311,2.1151870849051866,0.03193805646731117,0,2.6186068072250004,2.051459249571455
basq1248,basq1248,-0.9335198163910743,0.03688394160806294,1,-1.11013254562125,2.4684600606123803
bata1289,aust1307,-0.06461428026591505,0.04493709466876317,0,-0.6546087612931,1.9109970135832701
bats1242,nakh1245,0.8783434467145976,0.04567167640519421,0,0.8746173850025,2.06793872199522
baur1253,araw1281,-1.3739625937607813,0.045300355534236114,0,-2.2824727059275,2.2023795375735853
bawm1236,sino1245,-1.1965440661378612,0.04645935368716767,0,-1.9134189500324998,1.911833455267665
bayb1234,aust1307,-0.9348110571114143,0.032622455111867454,0,-0.590997697565,1.88510859423804
beem1239,atla1278,-2.2318348143039684,0.04829182108735629,0,-1.55996487594975,1.96163670481764
bela1254,indo1319,-0.0519151509752664,0.04551764339031952,0,0.7361583040974999,1.8707011861045602
nyal1254,aust1307,-0.02379328185993515,0.048718145947699035,0,0.19656288954899998,1.87312639069921
belh1239,sino1245,-0.9294682588468046,0.04557356125540224,0,-1.88897881774325,1.911896768684405
bemb1257,atla1278,-1.1886935926187547,0.06274917954361739,0,-1.45857800547478,1.91556204121134
bena1262,atla1278,-1.7069176310357936,0.04118149881786007,0,-1.50921664236775,1.88772498516435
bent1238,dogo1299,-1.1434433565611422,0.05759981413001634,0,-2.29626648444975,2.3462022754735203
zagh1240,saha1256,1.4144915499403625,0.058747896652866255,0,0.9190735712675,2.148259743281465
bezh1248,nakh1245,0.7317542403013468,0.0506174582682638,0,0.5355761821475,2.0091728241166003
bhoj1244,indo1319,-0.34471119278516865,0.04014571557857191,0,0.055893573349,1.881267991863905
biaf1240,atla1278,-1.2804895879366225,0.046464525038723545,0,-2.7764056065895,2.1195212444284453
bian1252,kuni1270,-2.4739910455988126,0.0688577159077295,0,-2.0367515598145003,2.261953496945795
biao1254,hmon1336,-2.7289698360410153,0.04824510046193791,0,-2.4812243671925,2.190645534077915
biao1256,hmon1336,-2.774982357173092,0.04674432457792428,0,-2.4825331942125,2.18381879498358
biat1246,aust1307,0.6439826124859989,0.03906139885388401,0,-0.046238744637175,1.897888049431475
bier1244,aust1307,-1.3321009532801893,0.03954818171377129,0,-0.31754481790725,1.907032897490095
bili1260,afro1255,-0.1752141844292528,0.04346092416836099,0,0.044079009879675,1.949847991951005
bini1246,atla1278,-1.7661829232362414,0.04273465707306707,0,-2.63039974968,2.0550627181533
gunw1252,gunw1250,-2.852930594248549,0.06834380035780072,0,-3.426708322135,2.46480863883379
bisu1244,sino1245,-1.7946687579356602,0.043708929976510706,0,-1.618582114971,1.89386393894536
bitt1240,aust1305,-2.5121794453232216,0.018328565449768464,0,-1.4469535945724998,1.88784507868625
biwa1243,yuat1252,-2.492967410080298,0.07871372189691743,0,-3.2686665755575,2.4635233175140554
blan1242,aust1305,-2.050186714354816,0.05820055606769787,0,-1.40806313563475,1.8850790296542699
bodo1267,aust1305,0.42093215176214294,0.04442853681066079,0,-0.35822534537399997,1.8904304222853452
bodo1269,sino1245,-1.4314793454855512,0.03559706191600275,0,-1.8190189877665,1.888172854174395
boka1249,sino1245,-1.5369980422894183,0.043258633401303724,0,-2.1480677840634996,1.9111557931136751
bola1250,aust1307,-0.9970255396192741,0.05205441672198731,0,-0.287489284989475,1.89446086560679
chim1302,quec1387,-1.5300853576516837,0.04399943206534545,0,-2.393683919513525,2.1746609988835797
bolo1262,atla1278,-2.610471349114359,0.05756449548667957,0,-1.5769519887005,1.947214156689525
boly1239,aust1305,-2.31825268717295,0.03237411470229536,0,-1.692084635589,1.91252687470211
bomk1234,atla1278,-2.3718992274336586,0.03913948699113573,0,-2.6992380807075,2.137760396405385
bona1250,mong1349,0.5701242027894367,0.04427692862375912,0,1.945342693545,2.05245413751614
bond1247,atla1278,-1.673620243857557,0.03932339536650451,0,-1.71133546677675,1.9067868341281051
bond1245,aust1305,0.25593966617880093,0.04455769775808372,0,-0.38056329668525,1.88396511405893
bong1285,cent2225,-1.221572981605812,0.061902295049306076,0,-1.16901934028625,1.976976474892195
bord1248,chib1249,-1.6599403807578017,0.041441187025052804,0,-1.7712152204575,1.978954718046175
bori1243,sino1245,-1.6171561753200439,0.04394608179577329,0,-2.11395249571,1.907747131256105
boro1277,gong1255,0.29954650034065056,0.0699425434102763,0,0.3467201187925,1.982489269971125
boro1282,boro1281,-1.403405650485968,0.0400323550041775,0,-1.9475166977787501,2.2271520016569504
boun1243,atla1278,-2.028694746994357,0.06279305161061345,0,-1.4545214166224998,1.9788319166504
brah1256,drav1251,1.6499195380718996,0.04122108872103687,0,0.424561201186,2.02572584105864
bret1244,indo1319,-1.5305880383972088,0.02904238692799915,0,-0.8815190362525,1.97522193471977
brib1243,chib1249,-0.7929988343450263,0.04273886821985771,0,-1.8372309981935,1.969534318087795
bube1242,atla1278,-1.9333673675581744,0.055630518925376,0,-1.8074709344405,1.977205215216805
budu1248,nakh1245,1.2438812652978477,0.047381068955430705,0,1.245797100615,2.0309240379686653
budz1238,atla1278,-2.4373935904972375,0.04871698474223635,0,-1.58644762235075,1.93973760445593
buga1247,aust1305,-2.5272113912992658,0.042548819016809805,0,-1.69294835670375,1.913619815416805
buga1250,aust1307,-1.9526838483115028,0.03572050868335366,0,-0.6206729267565,1.92430101567203
bugh1239,aust1307,0.359469823414235,0.03339494795461499,0,0.37562645053975,1.89323091544535
bugi1244,aust1307,-0.99609565810245,0.038680684126014483,0,-0.669213184189575,1.92663933551727
bugl1243,chib1249,-0.9229197431139495,0.054376450520032295,0,-1.7582876912745,1.968761217061765
buhu1237,aust1307,-1.464472431422322,0.03884351651381602,0,-0.61410021912725,1.92106769327549
bull1247,atla1278,-2.407927141925682,0.04300809074889273,0,-2.696219490875,2.137170820272895
bulo1242,aust1305,-2.5126377192815395,0.037480839788538535,0,-1.66475935912925,1.925543209092785
bulu1251,atla1278,-2.949177157940118,0.060471184767145435,0,-1.93818406411,1.98821949835793
bumt1240,sino1245,-1.3292870945672175,0.05087495091461612,0,-1.706709512906,1.903903508081515
gahr1239,sino1245,0.27529221292748207,0.04246099809284538,0,-1.1357846846675,1.91699724320991
bund1253,indo1319,0.710455419208845,0.0312767439342784,0,0.48579485086249996,1.92075623996138
buol1237,aust1307,-0.31837259663698314,0.04543056048217013,0,-0.37465856921499996,1.8923168957354348
bura1292,afro1255,-1.289681575997224,0.05870055069431358,0,-0.0592493038675,1.9260353592532051
nucl1310,sino1245,-0.8765850728736551,0.039153417684901125,0,-1.6205565222235,1.91027998365502
buru1296,buru1296,1.251586566855698,0.036731855804533455,1,1.17759280372,2.511785662964095
busa1253,mand1469,-1.2538130632577014,0.043157570342281244,0,-1.9837644425607501,2.043756432272855
bush1247,atla1278,-1.8575930608585751,0.047583142595469446,0,-1.5866100214330001,1.942331593212985
buwa1243,afro1255,-0.9275567414398072,0.05383670181222673,0,0.1732422143345,1.921254748378805
bwai1242,aust1307,-1.4046485761944356,0.04843352808067068,0,-0.6820855012207501,1.923971076185115
bwat1240,aust1307,0.3615844793098064,0.03589982045661237,0,0.36647672864424996,1.88179964555991
byan1241,sino1245,0.02077314903582725,0.04451519105938402,0,-1.37845748772,1.91617177109553
cabe1245,chib1249,-0.8205873528081528,0.03923067288053169,0,-1.8340943321715,1.97458674813145
cahu1264,utoa1244,-0.00128421317785535,0.05178612947292581,0,-0.80697879940075,1.982816478260815
cakf1236,afro1255,-1.7829326068887354,0.05049626751059684,0,-0.38587910715825,1.94145105985581
camp1261,indo1319,-0.15924390519536064,0.04682762939241876,0,-0.36251094800274997,1.889164895946535
cane1242,nucl1710,-1.603481653222459,0.03179880320355873,0,-1.9271224203125001,2.1232070754433447
caom1238,taik1256,-2.573321510329858,0.046754998684389204,0,-2.309323429025,2.17963578160231
capa1241,pano1259,-1.2384889989912988,0.052748452753951285,0,-1.6594959745095,2.077342857670125
carn1240,aust1305,-0.8251828265881689,0.03674068004613466,0,-1.647827702419,1.916328130046975
caro1242,aust1307,-0.8472039993349222,0.03739651695334505,0,0.55348759057865,1.848246370950775
cash1251,pano1259,-1.3657924853855925,0.048631062099635566,0,-1.8222138330475,2.09731815927164
stan1289,indo1319,-1.4470559916065824,0.0470923725481449,0,-0.639822344465,1.880185939921775
cemu1238,aust1307,0.3521368222909098,0.04032770615035028,0,0.36554245902475,1.886289678668175
cent2127,eski1264,-0.061355174396752046,0.05771622348623808,0,-0.5664627656325,2.124713060806125
cent2292,aust1307,-2.543297223489228,0.04091247451466601,0,-1.0448546277637498,1.93541250056
cent2084,aust1307,-1.8531003532235415,0.043556142670097456,0,-0.67844704935825,1.91721664838346
cent2314,aust1305,-2.4407724648148044,0.021073066931188468,0,-1.679049931417,1.91952397014426
cent2050,saha1256,-0.0924435299414989,0.06208285005558038,0,0.4852227114735,2.096345543117245
cent1989,aust1305,-2.4845080067029706,0.04376595172924218,0,-1.68064905774125,1.9314897421112152
mala1479,aust1307,0.14408908474599819,0.04261425870584124,0,0.31420677449475,1.84533584593016
cent1992,aust1305,-2.6180147894007066,0.04319857368948513,0,-1.66106073928125,1.9186724705884601
cent2126,japo1237,-1.6647495830572212,0.03700546933337307,0,-1.63312255688,2.10689173694646
cent2131,utoa1244,-1.0191988639415426,0.05077065243471441,0,-1.8059605792292501,2.0627611531058196
cent2150,chib1249,-1.7730128018316695,0.04569123046496918,0,-1.9594562699475,2.01708945270971
chad1249,afro1255,-0.20473624152274295,0.039198748860892474,0,1.73643698494325,1.910229449521855
chak1270,sino1245,-1.0012143362731594,0.04339765754689682,0,-1.7979250499380002,1.873854977549935
chak1271,atla1278,-1.5269276354930184,0.0584808430327425,0,-0.8179818725820001,1.950063422303445
cham1309,nakh1245,0.9257360824255498,0.04758484282976252,0,1.17617014664375,2.022314018618435
cham1312,aust1307,-0.3706156721451441,0.03726555052687766,0,-0.5938620920995,1.92387477071067
chan1313,sino1245,-1.6928639383613886,0.05164365864877869,0,-1.75919234920325,1.89467895977433
chec1245,nakh1245,0.6909822462882101,0.04473737567882488,0,0.537768297435,2.05926286272745
chen1255,drav1251,-0.0033211124693985003,0.04961501066418135,0,-0.314049241090125,1.961835694901225
cher1273,iroq1247,-2.794526231340308,0.03371987703111905,0,-2.1370406162792497,2.276001319481765
chil1280,atha1245,1.0253744806667904,0.044474046861537726,0,-0.31118934086925,2.0235371401001148
chhi1245,sino1245,-0.7746575790550574,0.057262195223960755,0,-1.738912199485,1.91796068188822
chip1261,atha1245,0.22123944942772936,0.038054305590006034,0,-0.315503865291,2.0240664426090547
chip1241,algi1248,-1.2491698300623693,0.03808109016951786,0,-2.524245153589,2.206146505120345
chir1283,sino1245,-1.7417223451370716,0.03945149608621299,0,-2.11047219421775,1.936838854931045
choc1275,sino1245,-1.3340858776166955,0.045647392885611204,0,-1.80584594224,1.88402809265917
choc1276,musk1252,-1.8102007175668235,0.039732317638731564,0,-2.5394124028375,2.232149084224225
chon1284,aust1305,-2.450912824572295,0.05451976156130264,0,-1.67994537522725,1.9181766994619451
chot1239,sino1245,-1.6279005877277828,0.03952437609953052,0,-2.1251004015615,1.945401738797395
chuk1273,chuk1271,1.3368369127154343,0.060668394413140855,0,0.932297942965,2.48673851688832
chuv1255,turk1311,1.7967179661473744,0.04458902846887321,0,2.5385791374725,2.07776487952333
chuw1238,atla1278,-1.9526163073974947,0.04084684343130936,0,-1.7555654652600001,1.91188364818805
cent2087,aust1307,-1.7441408613108282,0.05238163433146259,0,-0.814580796401,1.900142889831415
sout2912,aust1307,-1.658039928408804,0.04274685570323191,0,-0.8129854627255,1.896482078460835
coca1259,tupi1275,-1.404880920197812,0.05571548866723923,0,-0.24520511373550002,2.01274940552522
cogu1240,chib1249,-2.033703181422495,0.03487913588093513,0,-2.0038890107125003,2.02194866889539
coma1245,utoa1244,-0.39367374211085415,0.06913123006859061,0,-0.85405893009,1.97526253740749
copa1237,otom1299,-0.4452163760040439,0.06324616329771714,0,-0.67741378759475,2.024912320295095
cors1241,indo1319,-0.6439265544499952,0.04344754131095202,0,-0.5239717867415,1.89639961589635
cosa1234,sino1245,-2.207762045689579,0.0460425132689589,0,-1.8072843098025,1.9018597614670951
cota1241,aust1307,-0.40231175669215324,0.043991885690940966,0,-0.4798021623675,1.891043424493225
crim1257,turk1311,2.082872890230832,0.04265358596660204,0,2.60063510406125,2.060724147904575
crow1244,siou1252,-0.3624138961719242,0.06455771834076408,0,-1.2841297757230001,2.13966434651644
cube1242,tuca1253,-1.871265760350346,0.039945997903806686,0,-1.9675492949525,2.1968194066732503
czec1258,indo1319,-0.6123724270131911,0.053206908299969546,0,0.602317790475,1.870773898478625
daai1236,sino1245,-1.00004885570856,0.045978138642390046,0,-1.9801926983725,1.9228574799675
daas1238,afro1255,0.42891770158053866,0.04004975271217156,0,0.6838931366193,1.891615408396615
dagb1246,atla1278,-2.0424369759507695,0.052775811180449335,0,-1.3300578882730498,1.9553491497324749
dagi1241,narr1279,0.25290274351579156,0.049817583980859226,0,1.2678903388866,2.264827322340685
daur1238,mong1349,0.8514654490193883,0.036478063415401364,0,1.93038435551,2.04579889001866
daka1243,aust1307,-1.3958711011906138,0.03458448251620975,0,-0.23024215679875,1.90917794518996
dana1252,aust1305,-1.8392303053886918,0.041091425147944075,0,-1.497450151417,1.884692177001575
dani1285,indo1319,-1.784428583767205,0.04446033237673038,0,-1.03052380063925,1.978298914605865
dara1250,indo1319,-0.24426923585001814,0.05106313577251267,0,0.22729478638099998,1.88023531710023
darm1243,sino1245,-0.0968412475520182,0.04082731864198704,0,-1.4465340738525,1.91020472489524
dawr1236,gong1255,0.33174815560394233,0.056357453522782514,0,0.7135927692340001,1.98821267740999
daza1242,saha1256,0.9950448968927115,0.041292668778109255,0,0.9050025220875,2.10375209862789
dege1246,atla1278,-2.9335503120202384,0.051855584252406765,0,-2.6074665649175,2.06145712798475
dera1248,afro1255,-1.4163452970135462,0.04249553852250891,0,-0.444803259509,1.947620399685905
dhao1237,aust1307,-1.2848265459892791,0.03588691860224487,0,-0.5757938484717,1.923002872762725
dhim1246,sino1245,-1.0350035499180104,0.04513327633984817,0,-1.8913911780650001,1.923210916048665
digo1243,atla1278,-1.3982118715557945,0.034663040188456826,0,-1.39190688545,1.89911944364683
dima1251,sino1245,-1.5859192819965253,0.03802488425644505,0,-1.81329578007475,1.8880061116748
dong1285,mong1349,0.5528025355521691,0.04110392171664478,0,1.9443321003725,2.056101433140845
doro1266,manu1261,-2.312990199252171,0.07392591784512283,0,-3.4298717560275,2.48119631500804
drun1238,sino1245,-0.7488661049246931,0.049732276981211805,0,-1.650334728136,1.90700341261919
dual1243,atla1278,-2.9674221441894355,0.05585506595469453,0,-1.91510018399,1.989153587765125
chug1252,sino1245,-1.2472442230847354,0.04386633810022031,0,-1.5074699691700002,1.912745602377175
dumb1241,aust1307,-0.22998270114624775,0.03956581153298926,0,-0.140359118515,1.890804891318785
dumi1241,sino1245,-0.7811641680800357,0.05249874953239301,0,-1.342124728875,1.91575006751767
dupa1235,aust1307,-2.0181592369961043,0.04839947467790208,0,-0.918497917975,1.9354009735850148
dusn1237,aust1307,-1.66651826856801,0.03872279406177393,0,-0.6136471004074999,1.94180068428787
dutc1256,indo1319,-1.9848698130990814,0.027505983244868647,0,-0.9819651083900001,1.970646373670775
dyul1238,mand1469,-0.577816345824411,0.05365896327247813,0,-2.01289309555,2.0069674379765
dzao1238,hmon1336,-2.757490212393413,0.050409236530370355,0,-2.47769955377175,2.184966801058475
nucl1235,indo1319,-0.1142621352493743,0.04267225111815589,0,-0.02933571791,2.0139136590711253
east2555,tupi1275,0.30824403404886447,0.039292977631633,0,-0.12961200727,2.02758977364061
east2342,sino1245,-2.7004813808039394,0.03771360908934545,0,-1.9788596478390001,1.936076626980775
east2328,ural1272,1.4098376240531465,0.04892664264573372,0,0.7744305156917499,1.935292487897535
east2773,sino1245,-0.9556859896665577,0.04800720085815609,0,-2.136335302245525,1.92937285632395
panj1256,indo1319,0.28099733946768335,0.04742707697921414,0,-0.0951752332385,1.9194142302823751
east2485,aust1307,-0.44119152253945837,0.043960898427896626,0,-0.171816507035375,1.897581837706845
fina1242,aust1307,-2.1331362097207496,0.044838173751034494,0,-1.0465575109175,1.939138818208455
east2447,aust1307,1.1303579740897836,0.04105981653020721,0,1.01738028750525,1.8639902851621901
wall1257,aust1307,1.7161997522985675,0.022180365744222608,0,1.126761139559,1.869322096245645
egaa1242,atla1278,-2.385828466999646,0.050431203206829166,0,-1.80019944613925,2.0055591357516347
egyp1253,afro1255,1.5064667299031327,0.044024882741853906,0,1.7255963561066001,1.9137735841071
ekar1243,nucl1709,-2.4792562442005552,0.0643780806887145,0,-3.7704036048315,2.39801656475215
elna1235,utoa1244,-1.370153640577663,0.0736318002405736,0,-1.8428944324851502,2.04328445280701
emai1241,atla1278,-2.775211476681081,0.044945981529064816,0,-2.625602855274,2.05151092818461
embe1260,choc1280,-1.5051890015600424,0.04229325957796609,0,-1.4028779418075001,2.09600922510942
stan1293,indo1319,-2.429060897237933,0.04495489899754213,0,-1.001445080567,1.9639638919958249
enuu1235,sino1245,-2.0684347865896804,0.0475578558753485,0,-1.8705429131675,1.884237969182565
epen1239,choc1280,-0.8948467821940821,0.028811108579097324,0,-1.2023103036911449,2.0695200659137747
ersu1241,sino1245,-0.4511809114269423,0.04665135753403216,0,-1.4242512562035001,1.92515513474845
erzy1239,ural1272,0.7449570412088572,0.03922230336306691,0,0.98785864872975,1.907375618318955
esan1238,atla1278,-2.8480113079530405,0.05083396291246134,0,-2.6265130006862503,2.057591618140515
esee1248,pano1259,-1.4035239580131744,0.0444792319060483,0,-1.9673383545299998,2.1121917791619103
esim1238,atla1278,-2.707208086999504,0.059665633023478354,0,-2.0728923591175,2.063282256204705
esto1258,ural1272,-0.7180805329077825,0.044466264803203606,0,0.34346415168324995,1.870893501642735
eton1253,atla1278,-2.9464625552762134,0.05589463649110962,0,-1.9394559208839999,1.983981912980125
even1260,tung1282,0.8804846608815057,0.0313411521860216,0,0.7603537868854999,1.95924477513475
even1259,tung1282,1.9778943429598987,0.0408136514599823,0,0.75020649982025,1.958255653058235
ewee1241,atla1278,-2.12852119133216,0.05176246604963258,0,-1.3566557678920002,1.9793506370421552
fala1243,sino1245,-1.0822243670917993,0.04436715154059754,0,-1.88726869991575,1.9108760281401
faro1244,indo1319,-2.3171227000658217,0.035832850032837676,0,-1.0431384077192498,1.965930189683355
fiji1243,aust1307,0.42266308406020875,0.04843314168025105,0,0.90472120072995,1.879535573245875
fili1244,aust1307,-1.5370927409478254,0.03254653836736513,0,-0.7631372116102499,1.9003221821762049
finn1318,ural1272,-1.1232370652879653,0.03318824448052526,0,0.162890296403,1.8933501731802949
fipa1238,atla1278,-1.7414438948870443,0.04647754832954716,0,-1.828511738348325,1.9362909798656749
foii1241,east2499,-2.7794314105397504,0.10527049915470851,0,-3.2889884834,2.4531184058362347
fonn1241,atla1278,-2.2625706313718936,0.052234639022344015,0,-1.7046543788635,1.97713272656941
fore1265,ural1272,1.742151167390126,0.05460735681501549,0,0.9863359542585,1.9687635446408
stan1290,indo1319,-1.9941266251464587,0.04817595853231669,0,-0.61188184647,1.88695755676641
furr1244,fura1235,0.7956276523989448,0.05501015400663923,0,1.114860349958,2.360713162969745
furu1242,cent2225,-2.2855191954295377,0.054653494466770154,0,-1.30114613354625,1.958035659890935
futu1245,aust1307,-0.3327847556265293,0.04753486107267745,0,0.87392987790475,1.86343362420866
fuyu1242,fuyu1242,-1.7742915542192534,0.05720009013352866,1,-1.5512482959725,2.245750985189215
gade1242,atla1278,-2.61126507028911,0.04983033716779067,0,-2.57608278469775,2.07918347192463
gaga1249,turk1311,1.4619804695923637,0.01940170720661445,0,2.647784287507,2.04455655633081
gali1258,indo1319,-2.0291883737164493,0.03579678491718845,0,-0.660771236836175,1.876730515462885
galo1242,sino1245,-1.5684764437886332,0.03448899092285392,0,-2.15119543537,1.906914632401615
gamo1243,gong1255,0.28445809801334054,0.05251515469727184,0,0.6247709153675001,1.9839692196983951
gang1266,sino1245,-1.636803982949794,0.042573818055985486,0,-2.1014456886197497,1.93177758012208
boht1238,afro1255,0.9865268778837002,0.04435319179906706,0,0.76230132181025,1.90917495246247
garo1247,sino1245,-1.0674346379377635,0.04674616553826529,0,-1.8282100612874999,1.89793180643973
gayo1244,aust1307,-0.8976110109866599,0.04364810263292732,0,-0.6266585828865,1.91537855687849
geba1237,sino1245,-2.5051371646129015,0.04555501453064527,0,-1.98203152978725,1.93019102497531
geda1237,aust1307,-1.6836658515931273,0.04681406136130088,0,-0.7177182138880001,1.9371222393627399
gela1263,aust1307,0.3530868653551859,0.039942086389944884,0,0.38191722529399996,1.8848811088329152
nucl1302,kart1248,0.329401911610653,0.03933974938240542,0,1.58084026004375,2.158476082247065
gese1240,aust1307,-0.8694566683779902,0.04126657849457195,0,0.0061117993855,1.8965108678003948
ghad1239,afro1255,0.6603105644933083,0.04327522805043178,0,-0.0744838642168,1.959454035292
ghan1242,aust1307,0.1864135251204834,0.022689178578245452,0,-0.03100641990575,1.893862089970515
ghar1239,aust1307,0.32587122993423123,0.03145938324629162,0,0.35856640959775,1.90736432731017
gheg1238,indo1319,0.5825370156304388,0.04816831408167095,0,0.334552961079,1.962996042974525
ghom1257,afro1255,0.4487062486582467,0.037719646506481797,0,0.32337759632600005,1.965867939262
gida1247,afro1255,-1.3582916665935458,0.04890886089642012,0,-0.188314902872175,1.93430646532205
gilb1244,aust1307,0.03546768558249165,0.022480190458023214,0,0.23066634535199998,1.88040568159681
gira1247,nucl1709,-2.784643159142993,0.0700731204051366,0,-3.7043823010725,2.4294813427723403
ghod1238,nakh1245,0.9223763494474404,0.04731974036925214,0,1.184713318901,2.026649421303015
guah1255,guah1252,-1.7448623902587088,0.038636282592893895,0,-2.101872219369,2.225154832901195
guat1253,guat1253,-1.2498046110627778,0.04099677561136441,1,-1.97026644393675,2.240214589573585
gube1234,atla1278,-2.2836565838368745,0.043929268638010804,0,-2.74057143188275,2.131270718662705
gude1246,afro1255,-1.2269345284194788,0.05893932806764535,0,-0.11170534089425,1.92966187744809
guer1243,otom1299,-0.5982219667552923,0.054778533274352746,0,-1.16498442418465,2.052801879164405
guhu1244,nucl1709,-2.3417996597084434,0.07707898340397384,0,-3.755888530248,2.40937309959095
guiq1238,sino1245,-0.4279717334040454,0.04035483294243553,0,-1.46850168294,1.921721334632685
gulf1241,afro1255,1.468944495085466,0.04481287732529391,0,1.70645407758775,1.91125517414415
guro1248,mand1469,-1.1079520928386541,0.0416399553275877,0,-1.9249545695355001,2.02724079347399
guru1261,sino1245,-0.9368630061795806,0.04015577705215762,0,-1.8901766651475,1.912269017555595
guru1271,afro1255,-1.6274680748964854,0.05223247970646138,0,-0.39539116982475,1.9396056374088801
gusi1247,atla1278,-1.8424439572020956,0.059746459260752234,0,-1.873900192341,1.93023348654047
kwam1249,koma1264,-0.5786227082987041,0.03949245170832351,0,0.18792914101175,2.228734673740025
gyel1242,atla1278,-2.946497697408038,0.06099531011015834,0,-1.95995359093,1.985973951154425
haaa1252,atla1278,-1.9920388603973707,0.0573276452460856,0,-1.86010070494,1.918450345790605
hadi1240,afro1255,-0.03080340400726185,0.0447438797525289,0,-0.142237376193125,1.91374856263024
hadz1240,hadz1240,-1.5796946976701496,0.06529075431807344,1,-0.739695763937225,2.567641344294345
haka1240,sino1245,-1.2511387167418093,0.05229750820403634,0,-1.9650611015153752,1.917219298900065
hakk1236,sino1245,-3.2261545108104883,0.04100253018683967,0,-1.7080997722550002,1.900134127188335
halh1238,mong1349,1.8032059746345708,0.039108022614234655,0,1.94653724477925,2.0516919185247753
halk1245,sali1255,1.3732687894815387,0.07824959647697438,0,0.6324852184225,2.1300208112407297
hame1242,sout2845,-0.06591512112212275,0.06428024860702358,0,-1.354250680547915,2.31554845609981
hani1248,sino1245,-2.2471464712551734,0.04856785021770584,0,-1.8713233363600001,1.8826078555840149
hano1246,aust1307,-1.2238682871732416,0.0363164495181333,0,0.0026619843710000497,1.908869388958375
haro1237,aust1307,-2.0687220564618096,0.0371633344462501,0,-0.434267648651,1.8904422458134649
haru1245,piaw1238,-2.6299750354171807,0.07116470167902732,0,-3.2239682803500003,2.47678659153579
hass1238,afro1255,0.0361972818209883,0.041340389332056166,0,1.74322790163025,1.92103894354874
haus1257,afro1255,-1.4492172155333276,0.04288091051475626,0,-0.46993274052574996,1.947308550359935
nige1253,atla1278,-2.0446719051776365,0.03980498168807337,0,-2.762292874076,2.1112658995578704
hawa1245,aust1307,1.2448217775465733,0.028817230922392946,0,1.08809716765425,1.8644694825766899
sabu1255,aust1307,-0.7986577793108601,0.035708054165471785,0,-0.5801096790760001,1.91480769551563
hdii1240,afro1255,0.16643888563250425,0.04722194254595513,0,0.009698086203999999,1.9303487104415549
hehe1240,atla1278,-1.5959786247411536,0.03554895328569594,0,-1.44245705542675,1.88512935037706
here1253,atla1278,-0.1767112549670396,0.04999908677041768,0,-0.62285058220565,1.936240771677405
high1276,mixe1284,-1.245199699010205,0.045856634263694594,0,-1.96493303638525,2.189971363740595
karb1241,sino1245,-1.5940355183326647,0.045743455230902036,0,-2.01392884662925,1.948243965935595
hind1269,indo1319,0.8063124790376731,0.044137365981739965,0,0.48142546178875,1.937372241965205
hixk1239,cari1283,-2.7359922397313845,0.02683619522423224,0,-2.4854843342552497,2.1915328253954547
ainu1240,ainu1252,-1.0874125518915219,0.037946951787383255,0,-1.91869307044725,2.57523088601052
hone1235,atla1278,-2.2861736311076233,0.049319987276949986,0,-2.6087423817074997,2.0734338718460448
hopi1249,utoa1244,0.09785427772609585,0.07836905333663913,0,-0.7686503798694999,1.9906547415279698
hote1245,aust1307,-2.0762711748937814,0.04067536600914166,0,-0.63997175906475,1.92060481512637
huuu1240,aust1305,-2.2770858961367355,0.04606267637197051,0,-1.44348504748875,1.88218358277268
hual1241,quec1387,-1.4979083404300253,0.03299928822810326,0,-2.36146098619025,2.18199472162416
huam1247,jiva1245,-1.4949570340005645,0.03631708100833134,0,-2.2842329892424997,2.2061456472164647
huar1255,utoa1244,-1.8746757499055793,0.07133883277034422,0,-1.779675954225,2.048867796668385
huas1242,maya1287,-2.2003465145650694,0.03568650398325098,0,-1.2685242566067498,2.122490221814445
huic1243,utoa1244,-1.413806061625922,0.05998905611430054,0,-1.83429632615425,2.0536745457714
hula1239,aust1307,-1.5690826294332365,0.05333915468159748,0,-0.503168205212275,1.87954786456296
hula1244,afro1255,2.0627719918981393,0.0485164017149242,0,1.01506926297075,1.902963368821605
humb1243,song1307,-2.081542539223144,0.04146996717992379,0,-2.35817955219875,2.169790863416315
hung1274,ural1272,1.6051666370367208,0.03217307957377282,0,1.15726854738325,1.99230211088475
hunz1247,nakh1245,0.7165517109738322,0.07800553983837692,0,0.531031819919625,2.022421270156645
hupd1244,nada1235,-1.1154404195071108,0.04204901527307248,0,-2.04077488952375,2.220615796327035
iaai1238,aust1307,0.3549036990790657,0.043499446302113685,0,0.30239438296,1.903497583910845
iatm1242,nduu1242,-2.560600009926202,0.07242095817783696,0,-3.3941708433575,2.491479841917685
iban1264,aust1307,-0.0785725740966094,0.037262862624636926,0,0.04469175462925,1.867100274259665
iban1267,aust1307,-2.042049214452585,0.04876858356165113,0,-0.866494455558,1.919014957470255
ibat1238,aust1307,-2.001017781385798,0.03928641110757279,0,-1.0234496002305,1.9470769383650248
icel1247,indo1319,-2.3557555208631866,0.03499614384530491,0,-1.0463636958057498,1.963624770625325
idii1243,paho1240,-2.9326637325063625,0.0736620550124142,0,-3.2671200381174996,2.47575643906857
idom1241,atla1278,-2.7753328238446047,0.0539531286246113,0,-2.5606025915719997,2.092764088825525
idum1241,sino1245,-1.225249723524772,0.06336375099663506,0,-1.75533847904325,1.905024243337105
idun1242,aust1307,-1.3936677312489432,0.03443292302625103,0,-0.6815542998649999,1.922716875188475
nucl1417,atla1278,-2.9556949833569064,0.06007807584675038,0,-2.5785299593522497,2.09047873471972
ikkk1242,kuli1252,0.35855166649024417,0.05835497066275,0,0.998677682794,2.2783230104306202
ilaa1246,atla1278,-0.9843837113616267,0.047346566513281216,0,-1.8300972370975,1.916921988724705
ilon1239,aust1307,-2.097331037897009,0.049094482950881965,0,-0.9783725204,1.92964459123597
imba1240,quec1387,-1.502792547527047,0.03793033631790818,0,-2.3754935977947502,2.1912082431709
ingr1248,ural1272,-0.9629896711694886,0.04558783677204705,0,0.09403095417474999,1.8786808099750298
irar1238,aust1307,-1.551434264281677,0.03447851505190794,0,-0.54412744133,1.9187425159196851
iris1253,indo1319,-2.595223818937067,0.03815514785995812,0,-0.7266159378327499,1.992480261391075
irul1243,drav1251,-0.13379884921421065,0.036489232773775034,0,-0.1463793281575,1.94693752569094
isco1239,pano1259,-2.0213433584914355,0.034656028602103754,0,-1.76964836942525,2.0946243880506747
isin1239,aust1307,-2.1085480006573687,0.04137322865136373,0,-0.98808483404375,1.945133399479655
ital1282,indo1319,-0.3634214228513186,0.05429637677775473,0,-0.492426247051925,1.8793344992992251
ivat1242,aust1307,-2.000717904608881,0.05028211353675083,0,-1.02172943812125,1.93704716057006
itza1241,maya1287,-0.6123965794268131,0.043109197770483894,0,-1.01718592376125,2.06787764862365
iwal1237,aust1307,-2.050166039960609,0.024282151893363992,0,-0.64112930117375,1.923888259962225
jalk1242,mand1469,-0.6646525577020627,0.04674850456002521,0,-2.0659450375025,2.024970422167315
jamb1236,aust1307,0.6955184495175716,0.03986591641283537,0,0.38797309269725,1.847874987387645
djam1255,mirn1241,-2.523921280324842,0.04098064792385478,0,-3.391147175645325,2.4422006080418903
jams1239,dogo1299,-1.0695380444045441,0.05050521387244012,0,-2.3805814923525,2.2927586006951897
nucl1643,japo1237,-1.3614965275481703,0.03977263289813837,0,-1.62737866425275,2.1338245841784698
japh1234,sino1245,-0.7142878998595501,0.05183461723842917,0,-1.631468199831125,1.92498053826145
jaqa1244,ayma1253,-1.741852438488971,0.03803544917724401,0,-1.10870187906175,2.119533518187705
jenn1240,drav1251,0.6977278095332233,0.046948338565847736,0,0.24150737202,1.9403251806638449
djin1251,mirn1241,-2.7249506221518836,0.07342125726723506,0,-3.39826212442,2.43668819429052
juan1238,aust1305,0.6447450597885604,0.042594020463352276,0,-0.32094832226500003,1.8902213551928249
juku1254,atla1278,-2.631311139102978,0.04110483355382246,0,-2.607069653985,2.06871332997484
jurm1239,cent2225,-1.0435247961405447,0.06900062340111666,0,-1.094280751225,1.96821694535083
kaba1281,cent2225,-2.3555844063644757,0.04239192708163678,0,-1.29876909881965,1.956229734432335
kaba1278,abkh1242,0.3510163552306354,0.03578411600426294,0,-0.350096994805,2.1159730445837797
kach1284,gong1255,0.32818625608385155,0.053505963416140404,0,0.79561573058675,2.010083804088535
kado1242,sino1245,-1.9356842890611152,0.040161253091767435,0,-1.7908970392949999,1.8809953440268101
kafa1242,gong1255,0.4632123634401145,0.06480211234113878,0,0.430321692503,1.988721577306395
kaga1256,aust1307,-0.9588988066036492,0.041968916315165555,0,-0.457209686221,1.900085301255105
kagu1239,atla1278,-1.8327874238257942,0.039366502191051575,0,-1.7062205325785,1.89764024620915
kaki1249,kaki1249,-2.570888508874223,0.08792238283169128,1,-3.3665753028425,2.48049237633468
cacu1241,kaku1242,-0.6565001488360936,0.043553552187413455,0,-0.6862158805575,2.1607889695300297
kala1399,eski1264,-1.2625363194723591,0.05278107675999777,0,-1.0969416426424998,2.1452149119061703
kala1388,aust1307,-0.7178777151118392,0.01695262547947727,0,-0.770728086836,1.896691123273305
kali1308,sali1255,0.8454466055356579,0.07191021829761925,0,0.768904575216,2.114817660863265
kamm1249,atla1278,-2.449584308034495,0.05504075039161997,0,-1.497294060514625,1.9566497199248198
kamb1316,afro1255,-0.0464561425256721,0.04351028882599234,0,-0.15023876524742502,1.92120101772191
kamb1297,atla1278,-1.70186017268597,0.048389250146940406,0,-1.8978458714075,1.932760029682725
kamb1299,aust1307,-1.0365120270535502,0.04755695273378427,0,-0.51769099126685,1.93033766974993
kana1286,aust1307,-1.9506633517978613,0.043380265668800995,0,-0.972567990420075,2.04424473099657
kank1243,aust1307,-2.1378102585862617,0.012710211595642099,0,-1.050300248912,1.9379133091821301
nucl1305,drav1251,0.7152153394528289,0.05117470811364203,0,0.26236155441950004,1.9353401055029051
bidy1244,atla1278,-2.350912900759579,0.04582393820983365,0,-2.7291515738925,2.12524461938059
kaqc1270,maya1287,-0.1331632843729869,0.04082354713010423,0,-0.7265230982099999,2.097381699479665
kara1482,cent2225,-1.3531328362833017,0.06534062460816756,0,-1.256980018768425,1.96148144523212
kara1500,nucl1710,-0.996642017877589,0.04426091010058651,0,-1.1013055327224999,2.10573426692426
kara1486,aust1307,-0.4592276968547696,0.044754934665525034,0,-0.5240983304560001,1.9059068367282799
kare1335,ural1272,-0.9695216383920956,0.04441120654955496,0,0.10382575461374999,1.88518550658792
kash1277,indo1319,0.04565079805477695,0.03937917085014746,0,0.31734069937375,1.90591911192981
newa1246,sino1245,-0.9102315936973391,0.0439794526693399,0,-2.1314643041299997,1.93782299230852
kats1235,sino1245,-1.8058518494041824,0.021817145112983383,0,-1.74758911785575,1.884800772484965
kaya1315,sino1245,-2.589163962745181,0.03936602788032947,0,-1.976600485626,1.93963936827894
keap1239,aust1307,-1.4222669910882528,0.05826281200744799,0,-0.48065674835825,1.87372469486422
kera1248,atla1278,-2.271588484298279,0.05557839103939267,0,-2.7315985733507997,2.1371836305124
keig1242,kadu1256,0.3410035848641234,0.04827027453773546,0,-2.12058432706,2.3164388055948253
kens1248,aust1305,-1.2950863382879274,0.044169426682667136,0,-1.3022018490945,1.9007839566752
kenu1236,nubi1251,1.4445758763104508,0.05392831891452492,0,1.1982641223287498,2.347263685442345
keoo1238,aust1307,-0.8427701995241751,0.04839051248387426,0,-0.10625037303240001,1.90855049899403
kera1255,afro1255,-1.4838355679712891,0.02675981477070215,0,-0.3625198614445,1.96753902554233
kesa1244,nucl1709,-2.7992548307047462,0.07741382013883194,0,-3.6975632141575003,2.414087269219655
kett1243,yeni1252,1.817921035002998,0.03533697890825124,0,1.368382980245225,2.5051210481196797
kgal1244,atla1278,-0.8084395260154376,0.05457666734806942,0,-1.607816299355,1.908858540142245
khak1248,turk1311,1.9233586709244408,0.03574217960425674,0,2.5756623825075,2.05180842397413
khal1275,sino1245,-0.8702067871805144,0.04521965503314322,0,-1.339671454563,1.92057856646542
kham1282,sino1245,-1.159120563303531,0.040685570029844145,0,-1.8029135135035,1.8724427337319498
khan1278,atla1278,-2.9585446852340285,0.045543262616931916,0,-2.4766533444625,2.098024456077905
khan1274,aust1305,-2.6732913001906318,0.05189550351483505,0,-1.452051753022775,1.89243290805394
khar1288,sino1245,-1.7049006453702977,0.023749797879611005,0,-2.11641677637,1.941746404443525
khez1235,sino1245,-1.7524792636725932,0.040413197161907013,0,-2.03544607701175,1.95461958513502
khin1240,nakh1245,1.0626879969573995,0.05042158467114106,0,0.470969497947,2.02860915838418
guan1266,sino1245,-0.6927169751585591,0.04767023178241158,0,-1.69077703387,1.9224773424549548
khva1239,nakh1245,0.9111419138296963,0.04514176368033989,0,0.976495926041095,2.02286812483029
kiku1240,atla1278,-1.6822767559752285,0.045783496296995685,0,-1.894784349585,1.914443547617055
kile1243,tung1282,-0.39168812603451725,0.03316830626515013,0,0.421864634850875,1.92288240829083
kili1267,aust1307,-1.146362306497963,0.03766202311411853,0,-0.61841571336975,1.8965858069373351
kimm1246,atla1278,-2.2550444583476987,0.05762404847169444,0,-1.4633074991188,1.96704190042188
kimm1245,hmon1336,-2.922283250491211,0.05463675772592312,0,-2.4698705726995,2.17478913854969
kina1250,aust1307,-1.310496578903157,0.049084156474863354,0,-0.759797465511,1.8879223108379501
kinn1249,sino1245,0.26618886238659833,0.041372455861802965,0,-1.3666350389945001,1.93031254777412
kips1239,nilo1247,-0.26170688244135715,0.0590913050173791,0,-0.4487875479155,2.028018008388165
miju1243,sino1245,-1.107021550456003,0.03754154457262769,0,-2.1007015727241,1.922006395585055
koda1255,drav1251,0.7992552017852366,0.05071877863092826,0,0.031397891686,1.95416049410356
koho1244,aust1305,-2.4417578470586396,0.03720496302280637,0,-1.6633039734705002,1.911740302491985
koir1240,sino1245,-1.7192689816392814,0.04233025003412553,0,-2.128643000345,1.9407576625743448
koko1269,aust1307,0.150028638705203,0.048612293161404155,0,-0.5062996454397499,1.9077996061513751
kolb1240,atla1278,-2.3148707174496854,0.05031423911837078,0,-1.1672826272774999,1.937093695787445
kolc1235,atla1278,-2.918686784690725,0.055274374651406895,0,-1.9694464479237501,1.9917108954273148
komb1274,nucl1709,-2.906735806363861,0.0940670057082853,0,-3.78917142016,2.401708607796985
komc1235,atla1278,-2.748815534573846,0.0546653418171275,0,-2.1407157753305,2.082159744471095
komi1269,ural1272,0.6198822000430211,0.04377692578406648,0,1.39264296863915,1.949781431600375
komi1268,ural1272,0.4569317027965014,0.042919719843580846,0,1.3903778245195,1.96136389957213
kona1242,east2433,-2.779957419607479,0.07766934698555973,0,-3.40766070634,2.49665905436655
konk1267,indo1319,0.32958805929204094,0.04265599758204566,0,0.036944326431,1.91630246174064
kony1248,sino1245,-1.634331604411575,0.04096320819771297,0,-1.7581100787612498,1.89330812258456
kore1280,kore1284,-1.3019698959508421,0.02395009817889368,0,-2.02620182480725,2.412270070351775
koro1298,atla1278,-2.2289477371968123,0.05186069668196133,0,-1.303678648256,1.949248559166065
kosr1238,aust1307,0.8055708787105123,0.017461382432585392,0,0.41110502166775,1.90201208524802
kota1263,drav1251,0.46416475814293656,0.05632040828822157,0,-0.206149547001,1.9324316363212
koti1238,atla1278,-1.9883785207679874,0.045104405546975895,0,-1.75153506479275,1.91369323017352
kove1237,aust1307,-1.1294887457118352,0.04061199343211481,0,-0.6485366288982499,1.91863244984559
koya1251,drav1251,0.1158830265301928,0.03526992231426396,0,-0.263524591671975,1.949842665727815
koyr1242,song1307,-1.9918499942938361,0.046114369987015374,0,-2.3605378907975,2.16388317644961
koyr1240,song1307,-1.975215677960984,0.06882572060174151,0,-2.35511812947,2.16626538627925
gbay1288,kres1240,-0.8542282899123488,0.05064040090939102,0,-0.00207440682075,2.228586579668805
kron1241,kadu1256,0.31477027499999777,0.04640641228141392,0,-2.15681703413275,2.28383559491862
kryt1240,nakh1245,1.220873602394792,0.02558821205657659,0,1.24475731579125,2.028510712926935
kuku1273,pama1250,-2.146996556041964,0.08175900125572488,0,-2.9856456777075,2.274424333188615
kumb1268,pama1250,-0.0394248892206931,0.054770881767630404,0,-2.1247071025252504,2.214416394407185
kumz1235,indo1319,1.7872236292352048,0.04245393346405804,0,0.67065766066775,1.9559254074995
kuna1268,kuna1268,0.821044265007027,0.05745342779273839,1,1.5572315809825,2.6734410588334248
kunb1251,gunw1250,-2.8329621328890493,0.07943158001663843,0,-3.4413280594469997,2.460429793323055
kunj1245,pama1250,-2.930850290891832,0.09534578253256962,0,-2.8396237940955,2.2943162305915648
kuot1243,kuot1243,-0.4003224463349787,0.0638645448472849,1,-1.1996975638214,2.299986784553655
kute1248,atla1278,-2.6396998902850477,0.05650373094121349,0,-2.5978578660275,2.09026029771176
kuyy1240,aust1305,-2.804216251868358,0.045238794130063875,0,-1.6339587809134999,1.92199164659061
kwai1243,aust1307,-0.2407358196302568,0.04452969805970774,0,-0.04592164967425,1.891339067375835
kwar1239,aust1307,-0.2178307194021166,0.04518821409470867,0,-0.042309277034000004,1.89220337927695
kwaz1243,kwaz1243,-2.277095781738452,0.0267507761044691,1,-1.8121181788575,2.235875686821975
nucl1593,kwom1263,-2.4211095137172216,0.058678035772305355,0,-3.2913732325275,2.48484880396671
kxoe1243,khoe1240,0.5359117534924963,0.05222778800838505,0,2.21310917071775,2.34900889556344
kyer1238,sino1245,-0.8005119420359423,0.031044830099421782,0,-1.672918968645,1.8665077102333751
cori1240,atla1278,-2.4546878662880127,0.05267023355752797,0,-2.4860220616440003,2.083547358230835
laal1242,laal1242,-1.7305822115178884,0.061016635483282365,1,-1.0011034509345,2.50586579711576
labu1248,aust1307,-2.0493547412101076,0.03361438231884083,0,-0.6107178122295001,1.94669629467968
lach1248,taik1256,-2.8607008087943413,0.041295794212898015,0,-2.25511467755625,2.19396617944519
lagw1237,afro1255,-1.0773024313484023,0.04096927151702363,0,-0.21342423971000002,1.922425510013775
zaye1235,sino1245,-2.4843019924133967,0.04793076350635027,0,-1.9769191105659,1.935887963859005
lahu1253,sino1245,-1.9735484540300767,0.035831193400659656,0,-1.9289603917979998,1.90341654868686
lahu1252,sino1245,-2.144263067982968,0.04358699102624307,0,-1.9260956764475,1.905783946794175
laiy1246,aust1307,-1.1019858543490213,0.03781502297489594,0,-0.7658715042415001,1.910967631920815
lala1268,aust1307,-1.6595374549935982,0.04204640897826766,0,-0.54287762626075,1.8792231694666799
lala1264,atla1278,-1.0155060066270387,0.04424053608244709,0,-1.37896502190175,1.91631564587989
lama1277,aust1307,-0.8961387336428995,0.05100913918836106,0,-0.0019977529694999996,1.8964241385814802
lamb1269,indo1319,0.0644442134868729,0.039328261121772456,0,0.1028565058925,1.944386782479495
hela1238,sino1245,-0.9492606757600304,0.053253225442989445,0,-1.7028820617574998,1.86809832427898
land1256,atla1278,-2.358294634433294,0.05065364581650222,0,-2.69845165377275,2.124568632100305
lang1320,atla1278,-1.9883388395154036,0.05362889951068492,0,-1.7620733259725,1.943792531617655
lash1243,sino1245,-1.2341230266865857,0.03916706826152761,0,-1.968930694409,1.902493391162095
teke1275,atla1278,-2.497828574204468,0.06295650979570114,0,-1.5264974095107502,1.9486688378338801
latv1249,indo1319,-1.0832125804645334,0.03843809443655267,0,0.020944143472,1.9437260264227652
lave1248,aust1305,-2.897722603985591,0.034717790848757396,0,-1.66428683268505,1.9261952779116749
lazz1240,kart1248,1.2771364035449055,0.04208146584859342,0,1.51356953324975,2.1503757796447154
lele1276,afro1255,-1.693745437205299,0.043636203595481204,0,-0.35749482999675,1.969505915996195
lele1270,aust1307,-0.8784270809121282,0.04700654981771316,0,-0.09489788894500001,1.89219158455146
lena1238,aust1307,-0.1860389950446078,0.03275443775988954,0,0.42746250967825,1.8811255200156949
lend1245,cent2225,-1.2461722222868312,0.056557314605538964,0,-0.7068415855775,1.98572050101447
lepc1244,sino1245,-1.1219170994376784,0.0469444975019519,0,-1.9240508975225,1.949857464849075
lewo1242,aust1307,-1.276475172195353,0.04529698259518204,0,-0.29569992797475,1.89796242807479
lewo1244,aust1307,-0.888123606269319,0.03942055556126252,0,-0.005091288642699999,1.89295572174267
lezg1247,nakh1245,1.1842811150840784,0.04974901059137238,0,1.22628927529075,2.008304429140945
lian1251,sino1245,-1.4595716735759914,0.04879067560466227,0,-1.6970131908922501,1.9369342281786301
liby1240,afro1255,0.5115116009047854,0.04393519160970433,0,1.7683728322444998,1.91690137513987
liji1238,atla1278,-2.600300089848374,0.05185276171555748,0,-2.5019229196075,2.0916255982291103
lika1243,atla1278,-2.0434032751088513,0.05245312386295545,0,-1.713886833746,1.98423361746178
lill1248,sali1255,1.4031872131234984,0.08809092294012866,0,0.72073076895,2.1130024716942
limb1266,sino1245,-1.0631010855295737,0.04334106062295351,0,-1.893818836901,1.92336237683885
limo1248,aust1307,-2.0736617752572,0.03743758903940453,0,-1.026491670145,1.929928967041615
lipo1242,sino1245,-1.3300394323678733,0.05305469292370297,0,-1.4651342248449999,1.878411002555295
lish1245,afro1255,1.7935417486442962,0.034463064841701786,0,1.0146645944673751,1.909555946521095
lisu1250,sino1245,-0.8912991031141159,0.025454148024809876,0,-1.48751096658325,1.89073821502766
lith1251,indo1319,-0.7797504912770165,0.03871954252335204,0,0.020642837051125,1.9386133751089
livv1243,ural1272,-1.144003006075707,0.04243012184961816,0,0.085561783485,1.87332478220176
lolo1259,sino1245,-1.4020684531813363,0.07501483360060672,0,-1.64251821712325,1.8959402827426999
loma1260,mand1469,-1.1118087687961435,0.03840929152476681,0,-2.160878481045,2.03396046810379
lomb1257,indo1319,-0.6826139746133186,0.042730858496707866,0,-0.42150399491775004,1.884743369396105
chiq1248,chiq1253,-0.9914997932983622,0.040853292167791426,0,-0.45380899837025,2.16352220927438
acha1249,sino1245,-1.5116431701149935,0.04376648098322052,0,-1.9523302499875,1.88519176403485
loni1238,aust1307,-0.8733620226131178,0.020790113499106127,0,-0.15107960553990002,1.887950949978265
lonw1238,aust1307,-1.403573917256965,0.04465793476327673,0,-0.2313524658272,1.9188494502153999
loth1237,sino1245,-1.7410387163414633,0.03749000606157702,0,-2.0687627129055,1.9474648567057802
louu1245,aust1307,-0.9146062496746089,0.045918651416400835,0,-0.047939677129325,1.90251175730719
luan1263,aust1307,-1.5263171483377231,0.024925610137519927,0,-0.62730069391475,1.9179115495955048
onto1237,aust1307,-0.2326844157816121,0.04705973908959679,0,0.7540494767895,1.8490524152302799
lubu1243,aust1307,-2.523512065501605,0.047223426532257876,0,-1.0149897056000001,1.93720828456729
ludi1246,ural1272,-0.9375638471479355,0.03278677937788901,0,0.08387887562497501,1.8799021710459551
lugb1240,cent2225,-1.378279755142902,0.046465697804322366,0,-1.232720965637,2.02824727283207
lule1254,ural1272,-0.6304255007661377,0.04850488978431661,0,0.491563423959825,1.8555011338796898
lumu1239,narr1279,0.3319470844946004,0.05763593966773916,0,1.22231492179975,2.249444721427735
lund1271,aust1307,-0.675825845751545,0.04800482616438318,0,-0.4772227386775,1.8996972952636
luok1236,nilo1247,-1.5731312928693328,0.06540934466426016,0,-0.699079670823,2.0416002757112803
luva1239,atla1278,-0.2783263611310482,0.049644096028161305,0,-0.68573873011495,1.941944097495755
maan1238,aust1307,0.24835269532664717,0.04250801867003144,0,-0.123432644565,1.90856652381957
maas1239,atla1278,-1.8926360369940105,0.043883423485094754,0,-2.7917994451899997,2.092187656789235
maba1277,maba1274,0.5485256565560118,0.03817646776690179,0,0.2572298073375,2.1852423043285
mace1250,indo1319,0.5885210442014672,0.04280051735375766,0,0.75133742751975,1.895756920643585
madi1260,cent2225,-1.310402810362136,0.04734606474517902,0,-1.2133267547775,2.030686760305985
mafe1237,aust1307,-1.2487056215876176,0.04077184342084869,0,-0.18427480505525,1.891449396977605
maga1260,indo1319,-0.1704788520593463,0.052887901874350586,0,0.06669009005875001,1.89582766170136
magd1235,otom1299,-0.50467896588493,0.06758570993837729,0,-0.881494402465,2.023140492670855
mail1248,mail1249,-2.644562806188142,0.08165350185554615,0,-3.32527488942075,2.4979927262357746
mait1250,indo1319,-0.23997935984881347,0.05111470955641001,0,0.19584954605525,1.887722997772045
maka1304,atla1278,-2.9046666196598547,0.04711626712546918,0,-1.97445772535225,1.984015528628495
makc1235,taik1256,-2.5696714311271083,0.040535521483835615,0,-2.3020899856325,2.1708462180542902
makh1264,atla1278,-1.9595810107688754,0.043342156487087204,0,-1.7534960043735,1.91214504493387
mala1464,drav1251,0.606227543677073,0.03835342806878138,0,0.0294687907475,1.932188800097505
mala1522,chib1249,-2.0525230864486472,0.04342886648254639,0,-2.013351059259,2.0152939685095053
male1297,chib1249,-0.8329014578814802,0.0470276480009429,0,-1.7366606084042502,1.98716583233458
malg1251,afro1255,-0.9425296186428538,0.056500751892556406,0,0.0239583582775,1.91173284077709
malt1254,afro1255,0.7702090728317366,0.03503546679521242,0,1.7665797989405,1.91130608714236
mamb1306,aust1307,-1.4966655621575424,0.04250936837380314,0,-0.46005705478775,1.918188457905025
mana1295,aust1307,-1.5371409548527246,0.038515300785185794,0,-0.5467487024925,1.93985898847213
mana1298,nduu1242,-2.587670910025186,0.0780629381942005,0,-3.3847642148075,2.47500700114619
mana1288,sino1245,-0.7783878240219302,0.041472038076881795,0,-1.884162707607325,1.91356736749126
mand1423,atla1278,-1.8221008316327385,0.0517817468081511,0,-1.6296828514675,1.91432963970131
mand1440,aust1307,-0.3813621311939568,0.04177795426495179,0,-0.513529890065,1.9018297086957299
mand1415,sino1245,-1.8128523272172559,0.04259705045046521,0,-1.89868443997175,1.9143980299166699
mand1436,mand1469,-0.8086734157706228,0.045242167741847805,0,-1.8345036921355,2.00488927805582
mang1378,aust1305,-2.52824300001134,0.0485621759721801,0,-1.6847069610591752,1.9142386398928548
rapa1245,aust1307,1.214914148602215,0.018452301842712352,0,1.0859464215974999,1.8673338368889452
mang1401,aust1307,0.29524115992573396,0.03727160083939904,0,0.92867456213675,1.863376527051305
mang1381,mang1423,-2.7869487835031395,0.0777786912027958,0,-3.3228070150175,2.50907445489847
mang1394,cent2225,-1.846291321345878,0.038279093303722866,0,-1.1465103625937498,1.976315056929375
mang1405,aust1307,-0.9999222210080863,0.05181290246291221,0,-0.4843287785275,1.924507416245345
mann1248,mand1469,-0.8510642426785517,0.05179282321597064,0,-1.792443395191,2.0061132822146153
manu1258,aust1307,-0.7708003414587783,0.051604671846134445,0,-0.0985934693795,1.90141393310978
maor1246,aust1307,1.1073512320771313,0.031567219419505806,0,1.0886935447025001,1.8734516550553701
mapu1245,arau1255,-0.9395452199015317,0.038816763036099884,0,-1.741303852837625,2.2586460161837847
mara1382,sino1245,-1.152698091717534,0.04279914220836706,0,-2.068502220958,1.938561273497135
mara1379,sino1245,-1.731842628082977,0.04802404132225973,0,-1.83228738504175,1.94237685948553
mara1378,indo1319,0.3682714351664853,0.04068591889645873,0,0.21132364400025,1.902877955955255
marg1265,afro1255,-0.9201710580690372,0.0484902594162903,0,0.15239293393925002,1.93110991276496
mari1428,aust1307,-1.7551723623265434,0.04390320753745607,0,-0.72651432592275,1.925076699860865
nucl1622,anim1240,-2.7666524568613404,0.08545504146492931,0,-3.40861289939,2.4799718253596748
mars1254,aust1307,0.7942393391557125,0.032425737004373366,0,0.532428637475,1.8754527366237799
maru1249,sino1245,-1.454588561642642,0.03870990646511013,0,-1.902258612752,1.9056572014609698
masa1322,afro1255,-1.462383280654112,0.04123154384244256,0,-0.37770867064372504,1.966888711654795
masb1238,aust1307,-1.5180234260490635,0.04802752673038051,0,-0.6987450469300001,1.898743020083115
mask1242,aust1307,-1.3961634414460982,0.04246471217905709,0,-0.27138621609525,1.901106305924285
kemb1249,aust1307,0.7005530883172084,0.03380859423183465,0,-0.06315501807925,1.903028184213845
mati1250,aust1307,-0.8226830950995979,0.04516485515138363,0,-0.662572029116525,1.90954837177577
matu1261,aust1307,-1.6244547376929381,0.04177651434530373,0,-0.7334430563075001,1.93080004698591
maun1240,iwai1246,-2.7060119256650497,0.05345610673206743,0,-3.3237751855625,2.44660596898846
mayo1264,utoa1244,-0.6855441461620408,0.05535804172364033,0,-1.2542371391159999,2.01944111333413
maza1304,afro1255,-1.2260114243669267,0.04963224547746164,0,0.04108751753025,1.91205143667294
mbay1241,cent2225,-2.310532697266663,0.05959643140013215,0,-1.2828433270050001,1.9627781712598
mbul1263,aust1307,-1.5852128761353697,0.04433141253504247,0,-0.6750979600845,1.91825450363924
meen1242,surm1244,-0.8079170898811443,0.04944512710137657,0,0.1024646296125,2.1458302144380452
mehe1243,sepi1257,-2.4128224841921577,0.07515641514362303,0,-3.2775043492587503,2.479681427993625
meke1243,aust1307,-1.5219881882710133,0.049873340699983115,0,-0.4763347799115,1.872778184366495
mele1250,aust1307,-0.8215713027273222,0.03868046656103378,0,0.96852099105925,1.8590172818617998
melo1242,gong1255,0.45748412214716916,0.05967935159193572,0,0.77272384963575,1.98157558680977
mere1242,aust1307,-1.166901542025038,0.024720445518983017,0,-0.10569821403900001,1.88999348521524
meru1245,atla1278,-1.5959745884216043,0.03608756327264754,0,-1.9066221831415,1.9307266743624099
mezq1235,otom1299,-2.1404733855951337,0.05145176526196658,0,-1.8438032603327499,2.11728562131698
mich1245,utoa1244,-2.1957961407166335,0.07382780609132218,0,-1.8127950428875,2.05363701614858
mika1239,musk1252,-1.9175250876745409,0.03782066380055413,0,-2.541050344075,2.233313031747315
mikm1235,algi1248,-2.867259697887736,0.04396068794484629,0,-2.43444475632275,2.24007910983106
mila1245,sino1245,-1.4545447626997254,0.04711695153666349,0,-2.095149715651,1.9159349647515849
mina1276,afro1255,-1.0044917227148238,0.055082856169412046,0,0.1859735222445,1.920004047813155
mina1268,aust1307,0.37385352683664824,0.031342586023839034,0,0.3284176211084,1.865448912808045
minn1241,sino1245,-3.3597870554491167,0.036959088317359265,0,-1.8109058095277502,1.92757081356682
misi1243,aust1307,-1.0215498165695156,0.034208029356067114,0,-0.624754615524175,1.8955692827806851
misk1235,misu1242,-1.3360600656229922,0.045682461066081675,0,-2.274562195685,2.193661590353235
mixt1426,otom1299,-0.3614393087346496,0.04289941441033749,0,-0.7760608480075,2.03381382323119
miya1266,afro1255,-0.4080631375532226,0.0557813344470778,0,-0.37560369696775,1.9284413593264902
miya1259,japo1237,-1.71680234988976,0.03622522354875589,0,-1.58499103223,2.0650054704865797
lush1249,sino1245,-1.1927836202750557,0.0539614216560809,0,-2.0301514662295,1.932820578716755
mlab1235,aust1305,-2.5549650970227527,0.04470548761216244,0,-1.7024658832475,1.915699410625435
moco1246,guai1249,-0.8647970514799979,0.037063129366083754,0,-2.0228319611804997,2.2191462741353902
mode1248,indo1319,0.5921069564894819,0.04266600747302557,0,0.5589644576585,2.001508653855725
hebr1245,afro1255,0.4584239761973238,0.03438689463995497,0,0.68813623797975,1.9429470801169049
moke1242,aust1307,-1.3541267615529846,0.03326169352141186,0,-0.65151307584975,1.9008723297948
mokl1243,aust1307,-1.0818840486350085,0.014446517214621899,0,-0.651970010281,1.908094607812675
moks1248,ural1272,0.6009593466647486,0.04102277875637093,0,0.9846189571149999,1.909901814627025
nucl1458,monu1249,-2.3316912487310955,0.07671474204304785,0,-3.2503609390475,2.47370254203432
morm1235,aust1307,-1.8504214092713842,0.04276243563199666,0,-0.5771266911655,1.925565329085305
mort1237,aust1307,0.0056352616162357,0.03422372955742568,0,0.56323966639,1.84601650607533
mose1249,mose1249,-1.723834830070539,0.04090091417611685,1,-1.8450822262025,2.24312633625201
moun1252,koia1260,-2.299080923125982,0.10153307420329197,0,-3.44400444434,2.480354489509965
tang1347,aust1307,-1.1103950700062666,0.04399447837670867,0,0.21546539305525,1.88171249418291
moyo1238,sino1245,-1.6413943841312137,0.03885430491401803,0,-2.1265927112675,1.94382165390368
mpad1242,afro1255,-0.8423760302052385,0.026700913800840314,0,-0.21935090485375,1.927601310218795
mpii1239,sino1245,-2.206713276939043,0.04390750547362316,0,-1.8717307460742498,1.889382437149715
mual1241,aust1307,0.6615411217390328,0.029063880801949184,0,0.106975780826275,1.859017183932925
mudu1242,aust1307,-0.7680238013353831,0.04023523031955368,0,0.0299207005225,1.904530587520845
mull1237,nort1547,-1.8182694200038154,0.0709866381749273,0,-3.40671454321025,2.48898726677934
munc1235,sino1245,-0.9213688265265709,0.044868886788736136,0,-1.94304987938375,1.920361348450605
mund1325,atla1278,-2.128758173611024,0.06057763135470844,0,-1.53979788227475,1.9607314843557901
mund1320,aust1305,0.5922221838978787,0.0386221447768702,0,-0.25959738288025,1.91775856165908
mund1330,tupi1275,-1.2716165334019287,0.029802760204670632,0,-1.0376690101250001,2.10124105770731
abar1238,atla1278,-2.533165347686804,0.06148340278330522,0,-0.9762221134394999,2.00889314722344
muru1274,huit1251,-0.5393047945369602,0.03696122303625754,0,-0.7448062278665,2.15475498390597
mwag1236,afro1255,-1.5632757185686665,0.045380545078476386,0,-0.21030255656975,1.93907391709257
mwan1250,mand1469,-1.041799348290727,0.05644320010972219,0,-1.95456114663775,2.040211832711125
motl1237,aust1307,-0.3265021625350333,0.041196816273852285,0,0.3276638001726,1.88315361464926
naka1262,aust1307,-0.6591254769845429,0.04082349906353988,0,-0.07812450513925,1.901002242918035
nali1244,aust1307,-0.4377664803929367,0.04888442383951926,0,-0.5215968851312001,1.9184502301867
nama1268,aust1307,-1.1866704602033857,0.04949654369566542,0,-0.276777867173075,1.91709281181339
litz1237,aust1307,-1.4024064326396952,0.049253310960650554,0,-0.23177737583175,1.90053079798335
nama1264,khoe1240,1.28257120891739,0.05541550617546482,0,2.1632520316879997,2.3623416218451547
namb1293,more1255,-2.931192863831474,0.06903203795457341,0,-3.5174197419575,2.415529447820575
namu1246,sino1245,-0.6787299832867999,0.04143812510510332,0,-1.8321097605641001,1.93736153041952
nana1257,tung1282,-0.3830289614610862,0.035510876410829936,0,0.25303531889499997,1.932944940179145
nand1266,nilo1247,-0.23908341851777645,0.05918489557416017,0,-0.54780746622425,2.0406747300681447
nara1262,nara1262,0.8929682583745675,0.05825747945655818,1,1.3952560992074998,2.56304714577448
yong1270,sino1245,-0.8018643580255298,0.04507598830857644,0,-1.79621044759,1.93466952458556
naue1237,aust1307,-1.5701507725739057,0.04666557367368932,0,-0.6492433332800001,1.91442671005737
naur1243,aust1307,-0.0440252705634053,0.033003452636183095,0,0.044761663747749994,1.878152489456805
nava1243,atha1245,0.0700491945660141,0.037446123950127225,0,-0.287792680288925,2.068709860030445
nawu1242,atla1278,-2.1974720218624713,0.0466050480213038,0,-1.85137837061625,1.99390229165252
ndog1248,atla1278,-1.4427706385765375,0.05669089682445563,0,-1.57031756208375,1.94865742502126
negi1245,tung1282,0.10896548223860965,0.03988981084749852,0,0.756436649436,1.9553202473638152
kuma1276,aust1307,0.2981672485144812,0.04258686141868266,0,0.32648143221000003,1.87520064607414
nenn1238,more1255,-2.953321274564066,0.08068893202760954,0,-3.5129778857525,2.41605994746017
nend1239,nucl1709,-2.7684757101890183,0.08220528909201215,0,-3.703656008925,2.43114014544685
neng1238,aust1307,0.4319056522343126,0.023723230602155337,0,0.31218433453675,1.891466513037515
nucl1706,afro1255,1.4807107668842414,0.03754947492978078,0,1.041506684492,1.91649628017584
nepa1254,indo1319,-0.5620126121529749,0.044575179947408235,0,-0.09558039084125,1.9178719123852699
nese1235,aust1307,-1.3617167387766052,0.05171521224058574,0,-0.22520795771225,1.88782928580732
ngab1239,chib1249,-0.6102966288160975,0.042198471942904936,0,-1.6666792725995,1.968335259700695
ngam1268,cent2225,-2.2480941876111262,0.04302257962452531,0,-1.29021276586,1.947492248866745
ngan1291,ural1272,1.6279373091092482,0.04044325621518608,0,1.10266901715116,1.996641893311645
ngar1284,worr1236,-1.503793685977373,0.06478506277617131,0,-1.39454929137475,2.3110452685779
ngas1240,afro1255,-0.6948846197818184,0.05306103193606157,0,-0.401492760035,1.95409972165151
nhen1239,tupi1275,-1.2795995646673122,0.03641739834825696,0,-0.12776165231949999,2.0166856312634254
niha1238,niha1238,0.9663921827198594,0.037543757609380606,1,0.7571658531850001,2.3854871717540203
nila1242,atla1278,-2.042985143297497,0.048636922183998406,0,-1.7577853338892249,1.93430427957971
nisg1240,tsim1258,0.7764145208113429,0.03641515087094517,0,-0.385649482267,2.19707663138829
niua1240,aust1307,1.591062141704501,0.04424878572739271,0,1.1260611271715,1.86917063930694
niue1239,aust1307,1.577744550897435,0.04571779530378877,0,0.8304881945115,1.84945916486467
niva1238,mata1289,-0.0657889941143142,0.0342183699301618,0,-0.6936390883922501,2.15949429575298
njan1240,atla1278,-2.7231027423390897,0.050794527232491164,0,-2.2554523258372496,2.0850545867269803
nkon1248,atla1278,-2.288214865590707,0.04485142491135703,0,-1.8456727306417502,1.99632274235152
nkor1239,ijoi1239,-1.4847609695522694,0.051074055984392706,0,-1.201222603141,2.357920648545245
noct1238,sino1245,-1.3707707810570862,0.045044342015345844,0,-1.51459346169489,1.895348755614275
noku1237,aust1307,-1.011051943414071,0.04491486311037165,0,-0.11214714353375,1.88090640911701
noma1260,atla1278,-2.9424915694139067,0.05463191031121238,0,-1.7427524961179999,1.989427522402675
noon1242,atla1278,-2.1721766074368065,0.05385599268307429,0,-2.74143147135225,2.1319687453360148
noon1243,atla1278,-2.6949852820664555,0.06411700608757434,0,-1.83324566601475,2.013821236451165
nort2839,aust1307,-1.3688221381191457,0.021406482844231363,0,-0.22607167657675,1.91792944808792
nort2697,turk1311,1.6480888293047342,0.04846521590263281,0,2.6171954487,2.04284820817967
nort2930,kiwa1251,-2.7793612494353503,0.08061585709181976,0,-3.2470583597225,2.46315599973851
nort2972,choc1280,-1.4035533875914696,0.043400818393993165,0,-1.403431744364,2.08218435628846
nort2702,drav1251,0.29909537569182143,0.04921788020035831,0,-0.10471676563,1.9471433482467901
gumu1244,gumu1250,-1.1603315183039402,0.04010072313229472,0,-0.97633569338075,2.284504432032715
nort2938,haid1248,0.3888922153326263,0.03890192081573031,0,-1.133004519497475,2.1648089301929048
sing1264,sino1245,-1.4168991641404982,0.071617838622882,0,-1.6732958145425,1.8833897414828251
nort2877,aust1307,-2.142254665700756,0.04160158060043608,0,-1.04661761880395,1.9338872571625352
nort2684,aust1305,-2.733841614729722,0.046810857165210044,0,-1.686514458190525,1.9285902461172548
lush1252,sali1255,1.347426730637461,0.07473418242043586,0,0.63857936214275,2.127905416793035
nort2774,atla1278,-2.4848904287614237,0.05437947647217569,0,-1.57458213397,1.9652715779478749
nort2954,utoa1244,-0.04971109901503935,0.061001010770209856,0,-0.8244351016635,1.9785929027680251
nort2957,utoa1244,-2.387496264227343,0.07032026155214173,0,-1.8264803551897502,2.03768851165932
nort2723,sino1245,-0.48475826590429727,0.0477964120950627,0,-1.090030847584,1.9131666738813449
nort2747,hmon1336,-2.514452215629306,0.043887349169298165,0,-2.4816396426100003,2.195979391834115
nort2722,sino1245,-0.7575034677048853,0.048570750427339514,0,-1.24423111243175,1.90642232450086
nort2885,aust1307,-0.9610210326817691,0.04004936609967261,0,-0.7686667025789999,1.916344018732255
nort2959,utoa1244,-1.0303107458708807,0.05269330866450894,0,-1.6706979795275,2.02580858678545
tosk1239,indo1319,0.2533369346687458,0.03540945885557464,0,0.20248034661875,1.97322572326426
nort2732,sino1245,-1.7479165778126031,0.043658799292117495,0,-1.953772522685,1.92963131336022
nort2690,turk1311,2.1655945653781736,0.03478752560000127,0,2.5897553562924998,2.0716588928239803
nort2745,yuka1259,1.455103940061365,0.03393245140635428,0,0.980600269275,2.48651027918074
nort3139,afro1255,1.6668493788408978,0.04898304383009173,0,1.701406889191325,1.910295591813885
nort2845,aust1307,1.269826427207133,0.03976888387263065,0,1.0157048255892498,1.8712996440778151
nort2671,ural1272,-0.7800121061744405,0.047270500331792316,0,0.43391455645425003,1.85362839639903
nort2942,atha1245,-0.15516592719472155,0.03355775093938575,0,-0.7075957772075,2.0188986507756246
nort2961,algi1248,-2.3384378859127066,0.02159433423506172,0,-2.50990870454,2.211597165158855
nort2775,atla1278,-2.7658546726121367,0.05730819554819639,0,-1.47471656048475,1.973548347785395
nort2951,maid1262,-0.43732039553854835,0.06257457246934235,0,-1.80643475850975,2.25440575556663
yaki1237,saha1239,-0.7838077028499117,0.07404904751903232,0,-1.4518307408897502,2.2604587880719897
nuer1246,nilo1247,-0.8280882931670264,0.05118192199206503,0,-0.7249482848185,2.052563239956555
nukn1238,nucl1709,-2.8385069323184124,0.12904787538969667,0,-3.75208740507,2.42596677927878
nung1282,sino1245,-0.9779735678535101,0.05041566891911601,0,-1.7045973035175,1.91075941597917
nupe1254,atla1278,-2.598777584766223,0.054752891653005224,0,-2.5799586333290003,2.0566901617964
nusu1239,sino1245,-1.0699316757489958,0.032345008974678464,0,-1.9339500327577501,1.914721334382095
nyah1250,aust1305,-2.601457735584034,0.04067274815699382,0,-1.6537428200364501,1.9325088426206252
nyak1260,atla1278,-1.793872795276322,0.043409935259798374,0,-1.82348100477,1.9350118476863551
nyam1285,afro1255,-1.6704141884946588,0.0518396729255888,0,-0.44674280470024996,1.944652960149405
nyan1307,atla1278,-1.9477173639785397,0.06409494881737929,0,-1.93913976096925,1.92912413718786
nyis1236,sino1245,-1.6414211379287993,0.03419375490649448,0,-2.1501305941949997,1.90731583869561
nyor1246,atla1278,-1.8257847591608596,0.04262460470104657,0,-1.9468300294775,1.9096801412775
nzak1246,atla1278,-2.6198911338696833,0.059346148973182244,0,-1.5314817804407501,1.96883185914076
occi1239,indo1319,-1.1386402318134468,0.04245958392929514,0,-0.6184808041715,1.8722396005006
oriy1255,indo1319,0.3695791247657219,0.029320882010983297,0,0.25130185930175,1.898307322441625
ofay1240,nucl1710,-1.1476641173701694,0.04297341294024295,0,-1.7111532973824999,2.157150897841815
kalm1243,mong1349,1.7366084791110974,0.0384867290236724,0,1.9417121449305,2.0550552612718302
okan1243,sali1255,0.37383853240212406,0.055976355982104826,0,0.7913859449725,2.11310271863636
bira1253,bira1253,0.3763775523373974,0.05872963630918479,1,1.5832510303575,2.601008862998045
onon1246,iroq1247,-2.7555526539081248,0.0372315095342347,0,-2.1237389756075,2.28232885537064
oroc1248,tung1282,-0.05724799047378945,0.040589755968684076,0,0.509830713122,1.92711568282724
orok1265,tung1282,-0.5823033656543399,0.042695374798787676,0,0.214385916725375,1.92878334977023
orok1269,nucl1709,-2.4674314732170775,0.0747114749577131,0,-3.7522202432025,2.4083048558171196
orok1267,nucl1580,-2.696477291609157,0.07223571806102003,0,-3.4187080395775,2.485122702572875
otor1240,heib1242,0.24782888983691706,0.039434716607327565,0,1.246945659539,2.3395726982473697
otta1242,algi1248,-1.8038930752057019,0.03810855750890654,0,-2.51196779086575,2.2109944096913052
paaa1242,afro1255,-1.2828311517103346,0.04579880464086514,0,-0.12501945537825,1.933310822925815
paas1238,atla1278,-1.5212562666370892,0.058495999294221133,0,-0.821184103867,1.946068448746405
paco1243,aust1305,-2.9374034162144342,0.019563508978664233,0,-1.63679952917075,1.916382075281305
pahn1237,hmon1336,-2.946262353391714,0.030858419003173983,0,-2.46753585704975,2.20181533523397
pala1344,aust1307,0.026886002722833,0.042120353596827864,0,-0.1427827617795,1.94203467238485
balu1257,aust1307,-0.815655676725408,0.05269298512394961,0,0.02071131155725,1.9069562523872299
pamb1243,atla1278,-2.0313852655047233,0.04960991036683303,0,-1.58366747495925,1.97184830438406
pamo1252,aust1307,-0.46560834414644653,0.02555781722715231,0,-0.770419300382275,1.929186567222485
pana1307,nucl1710,-2.141484000815625,0.04296837687481598,0,-1.874427256166,2.138155749067585
enap1235,cari1283,-2.0433785187356204,0.03147392431987019,0,-2.5105815497505,2.1751724174711153
pang1290,aust1307,-2.0716206082271293,0.04126874143549846,0,-0.984303938949025,1.939382399054975
pang1287,atla1278,-1.8152637971100427,0.05533703197964592,0,-1.58030155740575,1.89936007707627
papa1265,aust1307,-0.47447855135938877,0.05472222970128347,0,-0.47251933274025004,1.90738019679901
para1302,sino1245,-2.5381859112109044,0.039445779843636404,0,-2.05174681938345,1.94946801803876
patp1243,aust1307,-0.3554130768218332,0.045975115527910566,0,-0.48489928598099996,1.91741994401019
patt1248,sino1245,0.0841860657960789,0.041996031964053174,0,-1.56283808915725,1.923282570633275
paul1238,aust1307,-0.7938574550411794,0.04074747918960219,0,0.00918174699225,1.90883894960718
pech1241,chib1249,-1.1765116032900813,0.05450441456709065,0,-1.9703724158855,2.05923090340149
pemo1248,cari1283,-2.104615845205269,0.04557175079573344,0,-2.5034513750717498,2.186806119887175
pend1242,aust1307,-0.18687987937820588,0.04217631307190338,0,-0.169610975596225,1.891466583633025
peng1244,drav1251,0.1798517666002109,0.03860144377665487,0,-0.33416239341349996,1.9461810380811149
peri1253,mong1349,1.0415506204867593,0.03275920434255153,0,1.9461299416325,2.05473074390741
phom1236,sino1245,-1.7037373234781907,0.051702566473556325,0,-1.7552600529975,1.89273108623627
pila1245,guai1249,-1.587404779142337,0.057524039687218226,0,-2.0055327012340003,2.21747760747576
ping1243,aust1307,0.8296625547201057,0.032451093797119995,0,0.65345026971825,1.849209297486945
pite1240,ural1272,-0.7253960867476427,0.040118751700145734,0,0.50479438307675,1.854363816355805
pohn1238,aust1307,0.692823587615988,0.03447954441538844,0,0.6576011749825,1.8567330873332
poli1260,indo1319,-0.23423427523179696,0.04371624438203059,0,0.7023217709765,1.8763490757756198
popt1235,maya1287,-0.26977679589506887,0.037520838600416856,0,-0.7737056352325,2.0577343731201303
port1285,aust1307,-1.4048823164120032,0.045170272575248166,0,-0.269776396298,1.9005336150657248
port1283,indo1319,-1.7835043481572455,0.020971539182056465,0,-0.6672883123844999,1.886985837410435
phai1238,aust1305,-2.5390704020841177,0.04343887784931965,0,-1.6994359248170001,1.9196736205112699
puka1242,aust1307,1.913947178824699,0.04139611795044227,0,1.0851323965583,1.873123419084225
pula1263,atla1278,-2.1723727824174976,0.041729440482029284,0,-2.80328522454,2.110450865653045
pula1262,atla1278,-2.275989836556814,0.04032605780006106,0,-2.80313612649,2.121692682834205
pulu1242,aust1307,0.1983474550524651,0.04225166313116888,0,0.5967868648035,1.853423659036935
puma1239,sino1245,-0.8912024161416325,0.04895952491613555,0,-2.0163890585175,1.91990182750083
pura1257,pura1257,-2.714574453392159,0.07177436367606305,1,-3.184759863765,2.50904150488843
pure1242,tara1323,-1.4034011080343225,0.03774479052683762,0,-1.9826468668125,2.266760069880105
puri1258,sino1245,0.2049112712714502,0.03409776957457832,0,-1.7964144186939999,1.89021671705718
quio1240,otom1299,-0.7751467056764372,0.04145611421757485,0,-1.87659721035475,2.123921511028535
rabh1238,sino1245,-1.2692954336040465,0.06197437468324481,0,-1.70491035408702,1.8859130027773898
rama1270,chib1249,-0.7227542974402719,0.05035842231072399,0,-1.5893028783825751,1.983787428010785
rapa1244,aust1307,0.9484979496721462,0.03253758488073602,0,1.048734564923,1.8662160511396
beka1241,aust1307,0.628902785634805,0.0444403470762413,0,-0.05734867449885,1.904700496344835
roma1326,indo1319,-0.8564553791349132,0.040033032461090745,0,-0.61619421589225,1.879606465226265
romb1245,aust1307,-1.5945629631760783,0.04855137611873063,0,-0.69391800856675,1.89402878389742
ronn1241,afro1255,-1.7335737904481112,0.045239139746385416,0,-0.45985142286650005,1.957850211180765
rong1264,sino1245,0.19044817301725064,0.040874981209647596,0,-1.13214185220575,1.91789426904538
rotu1241,aust1307,0.7272437303163908,0.040537823469252034,0,0.6572980331795,1.8668169026048949
ruch1235,aust1305,-1.9211603109633002,0.04308861661012302,0,-1.5058306425780001,1.888049081423115
ruka1240,aust1307,-1.9771468806917603,0.025425534595843163,0,-0.9141401614607501,2.03308790055698
ruma1248,aust1305,-1.7964918680728252,0.045123360411258244,0,-1.5087088535545,1.8841001126463
rung1258,maba1274,-0.3855774926972559,0.03541868775468128,0,-0.414061380625,2.1863347306812297
rung1259,aust1307,-1.1923528022552254,0.04117711837440929,0,-0.70953583641475,1.914687844248345
russ1264,mong1349,2.012365073144193,0.05257507915769157,0,1.94313056955825,2.05675184532353
russ1263,indo1319,-0.18775268165088438,0.042935078562921364,0,0.614588354597325,1.8780644232619248
rutu1240,nakh1245,1.102002951825119,0.04273700993501584,0,1.2042780500474999,2.028138811691035
saar1237,aust1307,-1.9621020275913983,0.03980077938970255,0,-0.970097672118,2.0417400633068548
saba1268,namb1299,-1.5490842298444374,0.03340903487622681,0,-2.0935846035075,2.19239752736888
saki1247,aust1307,-1.8573927563409782,0.042499378847744476,0,-0.8122176626875,2.0141410619016504
samb1311,atla1278,-2.403612950922513,0.04569163058976774,0,-2.2652869349337497,2.09916664273132
samb1305,atla1278,-2.2601018021737405,0.049508629201868055,0,-1.068735376134075,1.94437799346524
samo1305,aust1307,1.8400234322785969,0.041797715270180204,0,1.114125712528025,1.8766644804913448
sana1295,afro1255,0.6019604941255089,0.03699667672692752,0,1.7158238756342499,1.90979811542182
sand1278,huav1256,-1.0039384285053488,0.04789324148557055,0,-2.0249094113424997,2.216330399607155
sang1331,atla1278,-0.8079590584707825,0.05488413333064868,0,-0.9004743137411251,1.93774113047811
sang1321,sino1245,-1.746793862677451,0.04366736339442634,0,-2.06549408921,1.93551843909893
sani1269,sino1245,-2.0815777963972746,0.038306959423139636,0,-1.80733386917,1.88596863934398
sanm1295,otom1299,-0.4300641372978917,0.05031564234973065,0,-0.718197399065,2.026710622482895
sant1410,aust1305,0.1800807970889196,0.035663050516153365,0,-0.2811743600675,1.91048386765663
sant1436,otom1299,-0.39512047310682186,0.0964137839778022,0,-0.9339339779825,2.036193157867305
sanu1240,yano1268,-1.8952846096278941,0.03550067251975292,0,-2.24511063662875,2.18044321218575
sapu1248,aust1305,-2.9056850905412865,0.04636818822530784,0,-1.6669681334205,1.925660737822545
sara1321,cent2225,-1.9051228469659072,0.05477440927787371,0,-1.2984733432027502,1.959676656065965
saur1249,drav1251,0.1484485151484213,0.041648175926280576,0,0.41562259203975,2.0267245955957502
saya1246,afro1255,-1.6775980849061267,0.0453186635451878,0,-0.392041796459725,1.946546246931515
seda1262,aust1305,-2.852756006389912,0.04336330209304638,0,-1.6543102408052501,1.9212080325398
seim1238,aust1307,-0.9674732797744687,0.04796260896435208,0,0.13887898415869998,1.919619093130895
sekp1241,atla1278,-2.3092564197610788,0.0399017860081023,0,-1.85033497071825,1.9806654072837149
sela1259,aust1307,-1.2371918462200981,0.024498078586804518,0,-0.076011257321,1.89405990420974
sela1260,aust1307,-1.1120491027380421,0.03958389403519017,0,-0.67599824473575,1.94466471278408
sele1249,atla1278,-2.2974543568106363,0.042915101388703386,0,-1.8494995989175,1.98200492254995
selk1253,ural1272,1.9449311812050927,0.045909627598017304,0,1.0804676760475,1.976401776492915
sema1266,aust1305,-0.6894063458118648,0.035295223430022754,0,-1.17617615096675,1.90032291337072
sema1265,aust1305,-0.7976926144881293,0.03592453717642526,0,-1.218951294049,1.89619584688266
seme1247,aust1305,-0.3989839672289872,0.05224664133361827,0,-1.1750785072905,1.898808868765275
nucl1632,sent1261,-2.267156051659886,0.07522310859474507,0,-3.4291665183460003,2.47862171336504
sout1528,indo1319,0.5116893705643879,0.03401353015764142,0,0.77770851855825,1.88195116328631
seri1257,seri1257,-0.8423295978640708,0.04598005577861862,1,-1.96079404174,2.26955387193718
shab1252,shab1252,0.4560163858022187,0.05856987345264314,1,1.409947826455,2.468945980164455
shee1238,hmon1336,-2.886153094599739,0.047453371666262505,0,-2.477015510915,2.1919116111772947
sher1257,sino1245,-1.483318031200644,0.0463171534644468,0,-1.570028112605,1.9178077131446298
biao1253,taik1256,-2.695298487923286,0.03801587334616243,0,-2.3106828718135,2.176323105571595
shil1265,nilo1247,-0.35976552063358247,0.053983353261817,0,-0.42098432137749997,2.03696758435328
ship1254,pano1259,-1.1013207480327636,0.042860712202413546,0,-1.54926694909775,2.07536410724202
shix1238,sino1245,-0.7257199567693962,0.03964969759114135,0,-1.81175405420925,1.93410832479565
shon1251,atla1278,-1.3951256449035843,0.054178378977522486,0,-1.780159991062525,1.9226999971879999
shor1247,turk1311,2.2438541130219143,0.0409387482609886,0,2.5778720529255,2.05273858864481
shos1248,utoa1244,-0.31742328216302523,0.05695393053239992,0,-1.0286334219675,1.983626835577265
siam1242,siam1242,-0.0305319190335935,0.04428381495248831,1,0.2030484769855,2.400985622003075
sich1238,sino1245,-0.6121718685802073,0.04148414476398964,0,-1.63190566272,1.885301307776085
sici1248,indo1319,0.3594805008767912,0.03878654094573044,0,-0.3986210614975,1.8737073752734301
sida1246,afro1255,0.0327108662071434,0.028550840845407623,0,-0.10093728777675,1.90947729153129
sika1261,aust1307,0.08128780733220206,0.03605229645297274,0,0.984765942799,1.8699361179784901
sina1266,aust1307,-1.5650250854894474,0.0688674238385318,0,-0.5296460269095,1.8685698653551301
situ1238,sino1245,-0.5150423336596486,0.03503617778343533,0,-1.402336250672,1.926488933396795
siwi1239,afro1255,0.1200942048679194,0.03723567196689167,0,-0.1116399460015,1.98830926948005
siwu1238,atla1278,-2.289441190171612,0.0603550384572173,0,-1.83918317584975,1.978455062193515
siyi1240,sino1245,-2.35526776102936,0.04161784132744134,0,-2.096497100637,1.950611806102005
skol1241,ural1272,0.41654848280663714,0.03480822025945938,0,0.53726316240719,1.87487136773525
slov1268,indo1319,0.02651763731909145,0.0359605880360126,0,0.7895372825882501,1.8885541845215852
sooo1254,aust1305,-2.9124113842306754,0.05572245007553772,0,-1.64109583895275,1.9097606961546751
soch1239,otom1299,-0.8196430844139858,0.05042432034522278,0,-1.8807946785335,2.111536723247755
soma1255,afro1255,0.8836481618579992,0.03719458255945305,0,0.6874460410984999,1.8929331035718548
sons1242,aust1307,-0.44631890926790774,0.04760307264858733,0,0.6488233632692499,1.861808502004785
sora1254,aust1305,0.4160778649981979,0.04568865228474194,0,-0.275212993041,1.912655498088415
koon1244,atla1278,-1.9509007060797114,0.04798034939760776,0,-1.5679714216157499,1.94986739950638
sout2856,aust1307,-0.5470072841543347,0.037365190060799594,0,-0.34453589008225,1.9095449722991802
sout2996,ayma1253,-0.205485396204794,0.03509192610045182,0,-0.9443763085422501,2.12611631018972
raro1241,aust1307,1.7120443640465028,0.040573471968572625,0,1.0825048848907501,1.861414383236295
sout3236,gumu1250,-1.1700000591711608,0.04538869866034674,0,-1.0045225108684002,2.29242624207916
sout2956,haid1248,0.5853534265556442,0.04155207824523755,0,-0.75106453962675,2.147230261404025
kach1280,sino1245,-1.2126024148103904,0.02175052748727545,0,-1.6391031072489999,1.8763225950760751
sout2994,namb1299,-1.4235464487255154,0.040780173682472935,0,-2.0848937039499997,2.19632828475113
sout2649,indo1319,1.5466248957569348,0.04384185673323358,0,0.6176287227,1.95736214988973
sout2729,sino1245,-0.6375315956059682,0.04926452170458624,0,-1.086225862548,1.918054555680515
sout2728,sino1245,-0.5407859147102431,0.042909085950212214,0,-1.1620353264165,1.900522837098595
sout2918,aust1307,-0.05203522450260095,0.045909095240267914,0,-0.32802088257100004,1.880916649968325
sout2807,atla1278,-1.5903764808861944,0.04971096398089626,0,-1.68625507201975,1.89926774855127
sout2679,ural1272,-0.7815097244133138,0.04118814845404504,0,0.2527245425465,1.9010185369275
sout2782,atla1278,-2.172149263422321,0.05274788247522181,0,-1.804770787706,2.005591551466745
sout2895,aust1307,-0.9240579871496023,0.037983097295570326,0,-0.22270725287350002,1.90426280106894
sout2674,ural1272,-0.6268894877625646,0.04490036406197356,0,0.3573919531675,1.8499638058494101
sout2959,atha1245,-0.07538528293488644,0.04280480207059885,0,-0.71249621851725,2.0155290324382
para1301,aust1305,-1.724896933378187,0.05253029799293307,0,-1.3277667795324999,1.880985885413255
sout3261,nakh1245,0.23442900301485645,0.06012449877649414,0,1.1656408485499998,2.051358553322265
stan1318,afro1255,2.081861405615145,0.03516294275599636,0,1.70775367946475,1.91326121013896
indo1316,aust1307,0.6014471182441145,0.03518340011634263,0,0.386257539908625,1.854754588672655
stan1306,aust1307,0.12280330323300881,0.03754816141184057,0,0.37781198824475004,1.84754168390239
horp1239,sino1245,-0.6633676709117122,0.045461528809240356,0,-1.688284886578,1.923513652746975
sumi1235,sino1245,-1.7528052724750807,0.042725720127916283,0,-2.03291927157425,1.93729094397174
sunw1242,sino1245,-0.9512426073964146,0.042530643029902664,0,-1.7031579783197501,1.90159147278507
supy1237,atla1278,-0.6356197887395034,0.04388859454860361,0,-0.83757577084575,1.9492605329626351
surg1248,ural1272,1.7214519065613358,0.03835190231961007,0,1.211587348793,1.985619839052295
surs1246,aust1307,-0.19576768709880205,0.04524214003688612,0,-0.06464623962749999,1.895420933473815
swah1253,atla1278,-1.6788365974473245,0.04427856829280199,0,-1.6626449912615748,1.9094560533199099
swed1254,indo1319,-1.6866518596513096,0.042011786515687474,0,-1.022399758773,1.9795523950563
tabo1241,tabo1241,-2.8367285067493233,0.0691461699146011,1,-3.3463152365125,2.5325012640651297
tafi1243,atla1278,-2.260789716444258,0.048015326233199006,0,-1.82975550148175,1.995252540607765
taga1272,aust1307,-0.7361477468611806,0.05573682976010632,0,-0.6381852047325001,1.9109138871283502
taga1273,aust1307,-0.7791933837420386,0.046814899810509014,0,-0.6802021455333751,1.91160038640367
taha1241,afro1255,0.9771916613015756,0.0427561543282049,0,0.37629416687875,1.94942187658441
tahi1242,aust1307,1.5802811715842353,0.03949128104900778,0,1.0867746770325,1.858678179433265
taia1239,taia1239,-2.311318947116681,0.09087047660866676,1,-3.18724317018575,2.4811645631570602
taji1246,aust1307,-0.22385901332942565,0.04320159199299834,0,-0.15887622908975,1.887104459129395
tama1331,tama1329,1.0752413040738793,0.06333722345486535,0,0.85627582820225,2.3345419138829397
malo1243,aust1307,-1.306000255329963,0.04316803095958333,0,-0.16480850257125002,1.8990611158017399
tama1365,afro1255,-0.3706058976765779,0.044560863241959334,0,0.3671266732875,1.93585224941282
tamb1254,aust1307,-1.0388518159155833,0.04208349177846757,0,-0.7062512516925,1.899457337716955
tami1290,aust1307,-1.8526740292104076,0.05008975893075819,0,-0.6698624170875,1.92132140974276
tami1289,drav1251,0.056662399620904996,0.0398678840079693,0,-0.1137237514395,1.93600200180013
tang1377,sino1245,-1.4458841708475811,0.03947413763556136,0,-2.14253736153,1.925227809936815
tang1373,sino1245,-0.6800853543127312,0.039303248358912385,0,-1.938877839985,1.9186939301108001
tari1256,araw1281,-1.9638381735354342,0.042353510334677574,0,-2.20393295587375,2.20209673113874
tari1263,afro1255,0.5119010625366198,0.043071361619322915,0,0.318766208978,1.957480729791305
tata1255,turk1311,1.8483250001098779,0.03302394016432287,0,2.6213923207325,2.050624914653345
taul1251,taul1250,-0.7375049163712585,0.0609066805059974,0,-1.380925573655,2.29894346294631
taus1251,aust1307,-0.12772603300696322,0.03811995568507825,0,-0.5899140448825,1.888660877480615
tawa1286,afro1255,-1.4318495624282013,0.04679964968070442,0,0.2812968269118,1.9327325576626
diga1241,sino1245,-0.9906255534269316,0.02861319051791374,0,-1.58639202744,1.89891097818086
teda1241,saha1256,1.2285783853185177,0.041630520314752284,0,0.903347560690875,2.10841861949707
tedi1235,sino1245,-1.4413341587037007,0.040489452109648855,0,-2.114659118825,1.934224677001375
tehu1242,chon1288,0.29630742441514357,0.029958564214264575,0,-0.17230430605675,2.1890194378001997
temi1246,aust1305,-1.0504690779196229,0.04866954488267208,0,-1.2503906350197,1.90427087226133
temo1245,otom1299,-2.069247555042931,0.041049052592261784,0,-1.8462656089425,2.106652137619295
tene1248,dogo1299,-1.0804012521573436,0.049225163291197686,0,-2.3750831696174997,2.31492781631475
tenn1246,surm1244,0.32438204410450616,0.04632862583785699,0,0.31727155079549996,2.15658677588951
teri1250,chib1249,-0.5972082383403392,0.035837128126968106,0,-1.6626098925544999,1.9707970029275699
term1237,aust1307,-1.310920771274802,0.03668345625276382,0,-0.609915940879,1.9166254696691398
tern1247,nort2923,-1.8634879307840744,0.07098660906008422,0,-3.5336677366925002,2.4896492159253
tete1251,utoa1244,-2.176497943738289,0.0717776985398073,0,-1.83414914146775,2.03822315353972
tezo1238,otom1299,-0.4992359691748304,0.06215885316494473,0,-0.6570405000052499,2.03165251310444
thak1245,sino1245,-0.7081666551085164,0.027594595531722697,0,-1.8812428139975,1.91102730557395
than1259,sino1245,-0.9838029177645643,0.04781833436391881,0,-2.12933569104125,1.9383046178922752
thar1283,atla1278,-1.6167162135404056,0.03570289889888428,0,-1.90308321893275,1.94081334552037
aheu1239,aust1305,-2.868883638528029,0.04999244847205076,0,-1.6566830591105,1.92681509487222
thul1246,sino1245,-1.0396042402898409,0.052021435586238424,0,-1.61663999776575,1.8942007819806101
tibe1274,atla1278,-1.8276273106928278,0.055638393314592915,0,-1.9700754834775,1.981971068958535
tibe1272,sino1245,-1.3161429414491053,0.037681340134806514,0,-1.7787383347005,1.878528844520495
ticu1245,ticu1244,-1.8470183527582207,0.04729103083981802,0,-1.98687260894525,2.2446810222784
tief1242,atla1278,-1.8952612528373747,0.055829104590851615,0,-1.4571803329302502,1.958695433656
tigo1236,atla1278,-2.6309774111040065,0.049762735334751736,0,-2.614208513412775,2.068560655287735
tika1246,atla1278,-2.810178932308125,0.051468587092954786,0,-2.2571375356497496,2.0893917914186053
tira1254,heib1242,1.2905904528408976,0.04659463911954504,0,1.1629231969079998,2.359668669248905
tiri1258,aust1307,0.14273505404277465,0.0442500579666031,0,-0.22265719582275,1.9002305888674549
tiru1241,aust1307,-0.4517546970036847,0.04152892779014924,0,-0.3588785852995,1.9237850974551298
tita1241,aust1307,-0.8089366119669272,0.03597209666870682,0,-0.034662137673,1.888971081001415
toab1237,aust1307,-0.035189588524087004,0.04999037729082461,0,0.08169824080275,1.88673411651263
toar1246,nucl1580,-2.5368976521966453,0.0666510440184456,0,-3.414757255505,2.480925507286655
toba1268,leng1261,-1.0633981032074913,0.04328855564349493,0,-1.9759184550925,2.2221031097218047
tobe1252,nort2923,-1.4262903752511347,0.0785949873619685,0,-3.54036471809,2.4808567750085952
toho1245,utoa1244,-1.422899922579137,0.061859156196562085,0,-1.6360404154932,2.026730543182105
tojo1241,maya1287,-0.5015869529810832,0.05435553570706406,0,-1.0589750808465,2.064862390308935
toke1240,aust1307,1.8720538084868803,0.03658294115675679,0,1.11426850563925,1.870295185352695
toma1245,mand1469,-1.0931347151776913,0.04174503150019347,0,-2.16042346043525,2.040167066161165
tomm1242,dogo1299,-1.1466308110049124,0.050581413361578516,0,-2.33658312167175,2.32560507610673
tond1249,song1307,-1.1183690546731548,0.04762193602867598,0,-2.36463458796125,2.16198595940357
tong1325,aust1307,0.7591885634393534,0.04224293637054596,0,0.75074516950475,1.854713198419945
tong1318,atla1278,-1.146692346463341,0.04746535969032711,0,-1.8303484473565,1.91746127848491
toor1238,atla1278,-1.898206335087004,0.04385852152785214,0,-1.9462720331424999,1.924959993838945
trio1238,cari1283,-2.8403262757391117,0.042254912124368126,0,-2.4555863115175,2.203730268032675
tsam1247,afro1255,0.46361811697438227,0.05100150959306608,0,0.6951828674725,1.91056863437601
tsat1238,aust1307,-2.284998201194734,0.044317302079865846,0,-0.45208325643799996,1.89666414467683
dido1241,nakh1245,0.9125460878274771,0.05434110662587007,0,0.970945390014,2.029398441797885
tsha1245,sino1245,-1.2000103923497067,0.04267171233242246,0,-1.47436452647225,1.901796859696995
tsix1234,khoe1240,1.2887179865137122,0.061526287763190225,0,2.1830529154024996,2.346203144088475
tson1249,atla1278,-1.7710009342328359,0.03949569408108243,0,-1.8124185399975001,1.918660800589595
tswa1255,atla1278,-1.8051009735504413,0.040513263075093786,0,-1.8127576023355,1.90886269012467
tswa1253,atla1278,-0.848991768142022,0.055869373835889365,0,-1.518485620738875,1.9072497223430052
tuba1278,utoa1244,-1.1579569485214685,0.071367667999236,0,-0.8400651124575,1.97875586847187
tugu1245,aust1307,-1.5170385547222562,0.042484712521729535,0,-0.5720193941287499,1.90789265419987
tuka1248,aust1307,-1.303332158685589,0.042101188610826075,0,-0.623737409666,1.924971706424895
tulu1258,drav1251,0.8492874875542871,0.04724084408799153,0,0.10170427609749999,1.9570740711331749
nene1249,ural1272,1.0628539596710485,0.04202293100180465,0,0.8064477132367001,1.97177489046359
tung1290,aust1307,-0.32646129079994085,0.04477079499197105,0,-0.1161622251225,1.905162545484965
tunn1238,afro1255,0.7779597356473749,0.04143401997632354,0,0.6891291469425,1.8947374229566751
turk1308,nilo1247,-0.08759747511301505,0.05286899242915933,0,-0.84951014152575,2.068387432381805
turk1303,turk1311,1.7003100097294308,0.03958027088253904,0,2.5994954552625,2.062617057907695
nucl1301,turk1311,2.130996488024663,0.048596178306478506,0,2.6362608316525,2.043978968509895
turk1304,turk1311,2.4386328521659024,0.044546719088385284,0,2.62371690945,2.042283679395765
tutu1241,aust1307,-1.2894347576425793,0.04967681722821394,0,-0.184995100083475,1.894895522104
tuva1244,aust1307,1.3820965648107557,0.03433628572214624,0,1.10863203187,1.872679534637345
tuvi1240,turk1311,2.176974880079661,0.031539872613479306,0,2.5811727009302503,2.06355839497958
tuwa1243,aust1307,-2.1304358617843384,0.037624902938672294,0,-1.0175975249640001,1.9385198764117249
tuwu1238,atla1278,-2.275584457110651,0.050394644859594814,0,-1.8246105531875,1.997724685880005
ubir1237,aust1307,-1.4933841185605945,0.03964811608943039,0,-0.644347149447,1.922655062736605
udii1243,nakh1245,1.2026340176771555,0.03748768691692427,0,1.23736877909425,2.019653058536835
udih1248,tung1282,-0.2987985941730279,0.03759324958150973,0,0.48318576973725,1.932806871809035
uduk1239,koma1264,-0.5670690965963692,0.03937515125781971,0,0.9424227563225,2.219613277430615
ughe1237,aust1307,0.25948478728800217,0.04051292069503416,0,-0.02961960228175,1.88739542588098
ukra1253,indo1319,0.503557420801285,0.047495462343631355,0,0.7370205872969999,1.8636004480842852
ulch1241,tung1282,-0.2858179045336548,0.0442840591019604,0,0.2147757298845,1.928489942059665
ulit1238,aust1307,-0.30496070310435885,0.04260312368137406,0,0.65001528114475,1.846910341564435
ulwa1239,misu1242,-1.1758635557921173,0.04548310738625145,0,-2.3022476784915,2.1969416809241302
yaul1241,kera1258,-2.502968219726843,0.07452721602286637,0,-3.30440460498025,2.49163621089318
umaa1242,aust1307,-0.3114197617093873,0.039535524969089346,0,-0.7875962818975,1.93059212406547
umbu1257,atla1278,-0.4411721279278687,0.04650560297253481,0,-0.6249791074462225,1.941794156477365
umes1235,ural1272,-0.3583442707533835,0.036794961256547826,0,0.35882256071999996,1.84880756898047
unua1237,aust1307,-1.4167280327044043,0.04784388229249129,0,-0.25389301550775,1.89847602291267
uppe1427,aust1307,-0.5601966623294334,0.03939613682837843,0,-0.71163482841,1.91286995940805
uppe1275,toto1251,-1.5645790490165252,0.06665176222651767,0,-2.187133994520175,2.21194423041961
urak1238,aust1307,-0.7794820233694281,0.04179262696168071,0,0.36718168642525,1.8498574536014698
urar1246,urar1246,-1.9947696188325246,0.042060414522531085,1,-1.9051301656725,2.2723613131714
urim1252,nucl1708,-2.8057936018868856,0.07990531349539808,0,-3.38972689722,2.486438776137495
urip1239,aust1307,-1.3857930811887238,0.041838852162720146,0,-0.24979762702075,1.8928941544617301
utes1238,utoa1244,-0.446957961417444,0.05789440727475444,0,-1.0283394486700002,1.978465092177595
vera1241,aust1307,-0.3915856751049571,0.03930493557912976,0,0.32318564345975,1.880214136226265
viet1252,aust1305,-2.8274798692961736,0.05079143798732085,0,-1.6632721948662499,1.933059817518695
voti1245,ural1272,-0.970784465061629,0.0477484467059856,0,0.26662308584825,1.880769667301085
vunj1238,atla1278,-1.7694184589413757,0.05086679105899187,0,-1.8642564464290001,1.93881635216101
vure1239,aust1307,-0.3969243174100614,0.047089587179179763,0,0.32633997955175,1.875330802980545
wage1238,wage1238,-2.67548023385083,0.07188005499953007,1,-3.2949526375075,2.52629747938725
waig1244,aust1307,-1.131933344296689,0.0472042720082333,0,-0.5740783198935,1.9386790794839701
waim1251,aust1307,-1.6801738700896056,0.04328911391625116,0,-0.54128760915305,1.87381969051557
waim1252,aust1307,-1.5508557520741144,0.04992557249364426,0,-0.6445071809734999,1.91397740618012
waiw1244,cari1283,-2.781745807541369,0.048523693218960974,0,-2.4838206654725,2.1731609372625
wamb1257,sino1245,-0.7330090538541828,0.04810755115660489,0,-1.4029274776375,1.90257947576359
wand1278,afro1255,-0.8198766243905717,0.04368722809985598,0,0.0775210332825,1.910222220421085
saka1289,aust1307,-1.1077746984921075,0.04611771810509372,0,-0.17531564949125,1.8938045698485602
wara1303,wara1303,-2.806677181915432,0.0476651578023308,1,-1.93813587578575,2.258185377451945
wari1268,chap1271,-1.523807973189422,0.04756232967688232,0,-1.978863041705,2.1989559354216803
warj1242,aust1305,-1.499969741152296,0.0385711538038532,0,-1.5013939861335,1.900660318094675
waro1242,aust1307,-1.826622159877148,0.036969429411829034,0,-0.59408760016525,1.93947874174653
waru1265,pama1250,-1.7538484633381248,0.0734816978543526,0,-2.9676537149669997,2.2805929468304598
wawa1246,atla1278,-2.6772413246322806,0.049082706999473716,0,-2.2487378762650003,2.0866003839289347
wayu1241,sino1245,-0.9129276677606827,0.03685229795490583,0,-1.7000427876362498,1.904963653802495
weda1241,aust1307,-1.45936648508625,0.03565099048330083,0,-0.6437207763375,1.93219027023223
wels1247,indo1319,-1.676913143050322,0.040336940364467895,0,-0.86597246338,1.9860659537053849
nort2864,aust1307,-0.9289838012644551,0.04360541714254968,0,-0.2782412457175,1.90212877910075
west2564,aust1307,-0.33407079045364196,0.04055761930438616,0,-0.17375602876930002,1.8898050228887149
west2560,aust1307,-0.6877115876930203,0.03747680620841281,0,-0.49923010840475,1.911682060035445
west2548,aust1307,-1.4121471487535222,0.04298374788489231,0,-0.498508419485,1.9146699238529399
west2397,aust1305,-2.8965073050026002,0.046437675946114226,0,-1.6437815431855,1.91634612267419
west2594,nucl1709,-2.639420634286928,0.07943783043679283,0,-3.7759740981115,2.4006965926712347
west2369,indo1319,1.918914014966037,0.05051710941118651,0,0.6670162265215,1.96432621750902
west2519,aust1307,0.5730650202418229,0.044913689292444485,0,0.49715141275624997,1.8748670611263
west2354,indo1319,-1.9847703241664203,0.04300809069467381,0,-0.99329336684705,1.983545664655665
west2644,otom1299,-0.38455633198642103,0.051030559968842246,0,-0.88179173574825,2.0255137317927296
west2466,atla1278,-0.6387929110929376,0.04310952652445461,0,-0.818405082337735,1.94518641849942
west2418,sino1245,-0.6500218210990305,0.028948094655255194,0,-2.04183118786775,1.9430029952631802
west2392,ural1272,0.26593458641913015,0.034829742758824604,0,0.613207043616825,1.919104342642745
west2386,indo1319,0.28570878763354457,0.0470235261665504,0,-0.0883247086925,1.919797034674785
west2557,aust1307,-0.8640384867834271,0.01995000153199724,0,-0.7658097121585,1.9147628574173101
sanj1284,otom1299,-0.5046398281000245,0.040169977270850116,0,-0.743769817595,2.04044804644115
west2430,hmon1336,-2.3971678548759248,0.03518055448164615,0,-2.47183169065225,2.199746762650785
west2516,aust1307,0.3214523968581861,0.043166070236340275,0,0.9705428570082499,1.86320411687606
wiru1244,wiru1244,-2.7969984617435606,0.07499949759457705,1,-3.2508862394925,2.487170666094545
woii1237,aust1307,-1.6638271596612755,0.046265372531793185,0,-0.618318713395,1.938429706436165
wola1253,afro1255,-0.0839387515022659,0.04313518299312294,0,-0.2272416502282275,1.99391800526872
wola1242,gong1255,0.3848102028543945,0.06267294171465913,0,0.785828583583,1.9814913272115051
wole1240,aust1307,-0.0082288207201073,0.03759976664255379,0,0.62530683040175,1.85844967888431
woli1241,aust1307,-0.8788188820735319,0.042845834277145424,0,-0.80604776831975,1.9160349533761551
nucl1347,atla1278,-2.1119543622426695,0.04072187311140254,0,-2.7503890392525,2.1385544482862953
wotu1240,aust1307,-0.9684482254986118,0.03758722692529076,0,-0.80188801117,1.91523633352964
wuch1236,sino1245,-2.980264418296203,0.050851364043993943,0,-1.743586659629,1.9142306666365752
wudi1238,sino1245,-2.467862430922512,0.036779657603311776,0,-1.73102422949,1.883609449310875
wusa1235,sino1245,-1.5034221448977787,0.0421474338385568,0,-1.742465286240925,1.8882530756865
wutu1241,sino1245,-0.6957601381500236,0.03826469854892777,0,-1.93182582455325,1.915484319381905
xara1244,aust1307,-0.2587535086745716,0.041446007036883954,0,-0.2189668089665,1.8948342894731
xhos1239,atla1278,-1.651879491443033,0.04975347637405601,0,-1.8100225308375,1.91206045603668
xish1235,sino1245,-1.4758670068742865,0.062462874703442785,0,-1.666658085352,1.888217500265085
yaak1241,afro1255,-0.7193313086429425,0.04553409065638276,0,0.71100857462,1.8997546331616602
yaey1239,japo1237,-1.566035217884758,0.03872272918474439,0,-1.491722218216,2.06860043205156
yagu1244,peba1241,-0.5315239282776435,0.03992113229576164,0,-0.69226844940925,2.1594175088934504
yaka1277,aust1307,-0.6490693695876816,0.020073696036375203,0,-0.54777562991225,1.9028296737557349
yakk1236,sino1245,-1.076037471096563,0.03651006739829377,0,-1.8337476687475,1.9202389195266498
yama1264,yama1264,0.45964234299684237,0.03621072970350402,1,-0.1382665511385,2.1927571263603554
yami1254,aust1307,-2.382633691224531,0.013604340058681198,0,-1.0148483002462498,1.93442570299047
yano1261,yano1268,-1.599480396271705,0.03698554063509886,0,-2.24399416425,2.1881136896828
yaou1238,mand1469,-1.1105096804331256,0.03988700070496641,0,-1.92518019074115,2.0148313521783647
yape1248,aust1307,-0.20725848484927578,0.03791743654320965,0,-0.315380905539,1.90054352482524
yatz1235,otom1299,-0.7268529276951767,0.04581923228259509,0,-1.1166626454625,2.029013623694215
yawu1244,nyul1248,-1.951743115531995,0.07094889569443526,0,-3.3353538115105,2.5366290737093102
yecu1235,toto1251,-1.5534158185163587,0.0662119937248314,0,-2.1855233326525,2.212872074305325
yems1235,gong1255,0.2206050925034137,0.05316879959245485,0,0.59673596887925,1.991898110899625
yeyi1239,atla1278,-0.6259839091561306,0.06958031768336082,0,-1.3862076132182501,1.9551798039143549
yidi1250,pama1250,-1.9986749433109787,0.07140961540623385,0,-2.98555973007225,2.281035213238595
yind1247,pama1250,-1.0317543472460382,0.06647871726982986,0,-2.9595493216295,2.264521967421135
yona1241,japo1237,-1.7942213045979403,0.04223672707526312,0,-1.5558598650395,2.070765682584435
yong1280,nucl1709,-3.0401011713236823,0.07892397643659321,0,-3.78926521545525,2.40856018747518
youl1235,sino1245,-2.0793297626007234,0.044931228570342645,0,-1.8381120058715,1.9038030425525299
youn1235,hmon1336,-2.7094980915752673,0.04149038236097215,0,-2.4709485686925,2.202425625175905
yuca1254,maya1287,-0.5222864207623986,0.03699832733464827,0,-0.79911556833825,2.051283463478005
yuec1235,sino1245,-2.9247044130599598,0.04176907479646457,0,-1.54410195866975,1.909497903959715
yulu1243,cent2225,-1.6172581607886332,0.05347785176624212,0,-1.22307757017375,1.96634037367826
yuqu1240,tupi1275,0.02137217604110955,0.03665738454396573,0,-0.10706598935285,2.03972700917374
yura1255,yura1255,-1.3726220929317705,0.043266010809039426,1,-2.010196686835,2.22627684846905
zaca1242,otom1299,-0.48570086078952257,0.04523432402008029,0,-0.9610828387645001,2.02957820983622
zaiw1241,sino1245,-1.5281533595932557,0.024924907007025494,0,-1.97514095878,1.8978768001019901
zakh1243,sino1245,-1.146916537879533,0.04175196348538751,0,-2.0899839908065,1.91888523935011
zani1235,otom1299,-0.5526002460264097,0.052982010265960285,0,-1.1558370886875,2.03596548424572
zapa1253,zapa1251,-1.9938248429299423,0.051814141847941864,0,-1.99572571123,2.223929445641495
zarm1239,song1307,-2.0497665261514926,0.048276243293344186,0,-2.3576639966575,2.17006023499348
zeme1240,sino1245,-1.6352462199139808,0.05146360329766012,0,-1.73909035661225,1.93813640747835
zinz1238,atla1278,-2.039149837548183,0.05125278046026081,0,-1.916918019829375,1.918827820391305
zoog1238,otom1299,-0.7276159492247876,0.03704741636912387,0,-1.119498692499725,2.02330461097318
