Glottocode,Family_ID,GPGLMM_3D_Mean,GPGLMM_3D_SE,Isolate_Flag,Verkerk_BRMS_Mean,Verkerk_BRMS_SE
abee1242,atla1278,-1.716996261829066,0.07456192376375168,0,-1.11945678188675,1.7909194188039401
aben1249,aust1307,-0.5013484935656135,0.0706564221589065,0,0.25041713895975004,1.7346618499127349
abkh1244,abkh1242,-0.4874303613266132,0.04157905476451225,0,-0.49656967530387497,1.926157387494325
abua1245,nucl1708,-0.8742191265867623,0.2450545868735497,0,-0.3572314105825,1.97240347896091
abun1252,abun1252,-1.2091268093024412,0.09150794426680234,1,-0.606086373353,2.04123132675549
achi1257,aust1307,-0.42405676838466244,0.0611474304441009,0,-0.16667151481,1.7210276015500252
ache1245,narr1279,-1.6925793883907128,0.06257957829377303,0,-0.76056022373825,2.087753897632235
achi1256,maya1287,-2.4265403520115667,0.08944920552612753,0,-1.4827120886382499,2.05301805578446
achu1248,jiva1245,0.20154570570811545,0.04191852958923786,0,0.513885421499,1.9697600206796548
acol1236,nilo1247,-0.7661978346069338,0.0565995905731202,0,0.26791413512624995,1.81798033136841
adan1251,timo1261,0.20594577842141076,0.0574824831705828,0,0.6523476207835,2.0272856131599646
adon1237,aust1307,-0.15090283952160424,0.056219965935757496,0,-0.26636252185625,1.757141376616955
aeky1238,kamu1264,-0.871898600417058,0.055617224707157124,0,-0.8088462337965,2.0229981321676753
afar1241,afro1255,0.0798863013355805,0.063011995474172,0,1.3336511019000001,1.734286297327135
aghu1255,nucl1709,0.00517771009639645,0.07353976126658997,0,0.6955931859765,1.82639658881287
agob1244,paho1240,0.5085684770860298,0.09969033843877528,0,0.477810419911875,2.000470763315575
agua1253,jiva1245,0.5894682668573188,0.0627367507910182,0,0.48760770968165,1.98169910552514
agut1237,aust1307,0.00032343187142649997,0.05470472994193361,0,0.2791688969825,1.747715950513975
aime1238,bosa1245,-0.5773966873503054,0.11320127512571425,0,-0.64748531956925,2.019499805385175
musa1266,nucl1709,0.21496632267575722,0.06760182831845427,0,0.73566468418,1.84064622322915
ayiw1239,aust1307,-0.5208081852010498,0.06445548650467414,0,0.04065575464825,1.75327259549148
ajas1235,kres1240,-2.2672461385997136,0.07659444616476915,0,-0.9846815223500001,2.1251015538221303
west2635,maya1287,-2.2775013557541124,0.06359220981077765,0,-1.51039087375,2.071877308730185
akei1237,aust1307,-2.1884666656423892,0.06352165178118603,0,-0.48004979456499997,1.759534117816715
akha1245,sino1245,-0.9773945396603605,0.056184936327204636,0,0.20671576669152503,1.7064189529028
akoo1248,atla1278,-1.6033078645258305,0.06573071631004106,0,-0.51475516776075,1.7494156458322352
akun1241,tupi1275,-0.5322208098193645,0.06009501657968711,0,-0.466562636077,1.95506113305259
alab1254,afro1255,-0.19081756256075155,0.06452831439960956,0,1.228058151794,1.72672163188519
alab1237,musk1252,0.2221978504713403,0.06199034936661245,0,0.5677677975772499,1.94645742552
alac1244,otom1299,-0.36568495039777127,0.06816789627106225,0,-0.04011880283225,1.96813856106596
alag1248,afro1255,0.3759101890308635,0.04687013515384052,0,1.110785094726,1.73719387332101
aleu1260,eski1264,-0.34469078041464,0.047722329640016665,0,0.49234708250125003,2.02321552332422
alor1247,aust1307,-0.2572797166213769,0.05713163051430825,0,-0.26433836500225,1.746703794879405
alya1239,pama1250,0.5316847801760141,0.0963360826510966,0,-1.3231876328475,2.055863548404325
amah1246,pano1259,0.46699990700524047,0.0733778255051551,0,0.7269033616985,1.891585298754035
amam1246,kuni1270,-0.9408921056673045,0.10774681874253995,0,-1.0258218444292,2.0082019108803397
amap1240,left1242,-0.23364725840215075,0.09695648896431361,0,0.4084334255425,1.98902510738024
amar1272,aust1307,-1.7093797809314548,0.0541884198404903,0,-0.46912798375849996,1.75260262783913
amdo1237,sino1245,0.43032057354951964,0.02435282833716801,0,0.75765632535525,1.702082628613105
amii1238,west2434,1.2046978059885856,0.14309263242314285,0,-0.19057780120075,2.02820312356706
amis1246,aust1307,0.04551380674881675,0.08883231083080262,0,0.050776309700750005,1.78469007027388
hoaa1235,kxaa1236,-1.282692688449758,0.07576130974390503,0,-0.001107233608,2.1843493154981397
gily1242,nivk1234,-0.14243328765007834,0.028561615251469778,0,-0.7629826059875,2.241333694342555
anei1239,aust1307,-1.642367071655054,0.026295209221124917,0,-0.45225738484525,1.765792727197855
anfi1235,gong1255,-1.0456649121034185,0.05323190266249372,0,-0.8955803040924999,1.8201504015647352
anga1288,sino1245,-0.2156924068392883,0.05861574838799923,0,0.3304627090165,1.7430341684675952
ango1257,chib1249,-2.011819986160177,0.06200684243166351,0,-1.9842439718355251,2.00202861318626
wara1294,more1255,0.5444267942129524,0.13305863821836858,0,0.526372242000825,1.989866143041515
anuf1239,atla1278,-1.8075792596569595,0.07421702176999374,0,-1.11433290534775,1.78171566561748
anuu1241,sino1245,-0.3765419903872473,0.04445761387425627,0,-0.0317629191775,1.73024902779522
aona1235,sino1245,-0.07204175966181856,0.05674521682755958,0,0.369245639548925,1.72617624013273
aoua1234,taik1256,-1.0280585552109591,0.08552038548315116,0,-0.40091091700075,1.8460696756152601
apat1240,sino1245,-0.1234707967922921,0.05092402192583756,0,-0.17349587647225,1.707619262827025
apin1244,nucl1710,-1.1098849921939702,0.06122718560664175,0,-1.3745633542959999,1.992479047482875
apma1240,aust1307,-2.3301401380690616,0.05407361741917306,0,-0.443457393012,1.751338661917145
apma1241,kera1258,-0.9125471075661091,0.02721665735949558,0,-0.5728486069546875,2.047328374939345
arak1252,aust1307,-2.2181779027961914,0.05096293494805824,0,-0.48706821064350003,1.7606397280135049
arao1248,pano1259,0.653776465247826,0.0737627282425372,0,1.099646496161,1.9339526267408451
arap1274,algi1248,1.3844187285546776,0.08920719787757202,0,2.2518505192725,2.034846184061815
araw1273,tupi1275,0.06350451115207931,0.06682312648783897,0,0.26720948033575,1.941837552502655
arbo1245,afro1255,-0.04718362294539895,0.05370434207762952,0,1.21168604753,1.711315030987395
arch1244,nakh1245,-0.1391821360121849,0.0493279723148648,0,-0.1296596656515,1.83833843721187
aree1239,aust1307,-0.1606283805174024,0.05059767019904058,0,-0.004590007763725,1.74527356630565
area1240,aust1307,-0.22480803708606045,0.052029859323160524,0,-0.15464600951524998,1.7362045136581798
argo1244,afro1255,-0.5456690794552472,0.11785552470513595,0,0.8151865577055,1.781421989649905
arhu1242,chib1249,-2.306490804054686,0.08124944663200764,0,-2.01763591730925,2.0084826219427097
arig1246,atla1278,-1.9538667308008577,0.0582920690608911,0,-1.1660560399887498,1.800017517299295
arom1237,indo1319,0.14060658709897306,0.0803309890061984,0,0.398870121537,1.76321964195873
arop1243,aust1307,-1.4399763147033693,0.055591152645040574,0,-0.554798532811425,1.762482992421765
arop1242,aust1307,-0.8807928155315454,0.048725643721932055,0,-0.439383354706275,1.75819674018447
aros1241,aust1307,-0.4054866664572078,0.06304511109650247,0,-0.27663721004499997,1.736755075853405
arta1239,aust1307,-0.5892604300086943,0.06016709164418461,0,0.286608546387,1.7405343127851949
ashe1272,araw1281,1.099747492101525,0.06458403476608765,0,0.7096692116175,1.9683847265499699
asoa1238,cent2225,-2.1028768593535045,0.05847780945984953,0,-1.0947069489299999,1.79541125361866
assi1247,siou1252,0.0540623446714835,0.06325394854611252,0,0.11892946325475001,2.018557642774395
asut1235,atla1278,-0.29824982487239154,0.06268845416742128,0,-0.08551635187175,1.722076027280015
atam1240,aust1307,-0.0312129763336721,0.07445511745352769,0,0.18705529034425,1.73276014192649
athp1241,sino1245,0.3796604302753288,0.05748365815143673,0,0.6683087220329,1.732682574276955
aton1241,sino1245,0.25417308256792,0.05698849864163701,0,0.1746839784275,1.71314973091529
auuu1241,nucl1708,-0.5402806351395619,0.09326554895147125,0,-0.2450023003705,1.92398065920951
aulu1238,aust1307,-2.3564087475736932,0.05357291263687159,0,-0.36382085315400003,1.7446768199451501
auye1238,nucl1709,-0.20850448166542415,0.07227113854827276,0,1.0741150687785002,1.82938903582945
avac1239,tupi1275,0.06951584540222824,0.060714935768961004,0,0.275509903026,1.95216656754324
avat1244,atla1278,-1.8945954038606665,0.05983802276848902,0,-1.1212176725425,1.782743931504575
katb1237,aust1307,-2.330055133658024,0.06976395630069575,0,-0.43945524605249997,1.75989640827795
awac1239,barb1265,-1.1544971334482326,0.06058821676054728,0,-1.1646637500149999,2.04442409846119
awad1244,aust1307,-1.1875828350610524,0.04856290191520918,0,-0.492997639015,1.760780652773195
awad1243,indo1319,0.3090812311785242,0.057581160011155534,0,0.7583295815205,1.75541222790617
awar1249,ramu1234,-0.9682624602832668,0.05994332242160882,0,-0.581216768165,2.035197277270115
awet1244,tupi1275,0.061947704445192306,0.06610421458242373,0,0.28349230047675,1.956346748013785
axam1237,aust1307,-2.345891116125083,0.07156449277585387,0,-0.36467345441825,1.7450042182408798
axiy1235,sino1245,-0.880587404236026,0.055398119957898125,0,0.104110127498,1.69875260258721
ayac1239,quec1387,0.5387705931125959,0.06741945620810458,0,0.34799515817855753,1.9043784631450449
azha1235,sino1245,-0.8563502825134417,0.020032552144644132,0,0.10619080383075,1.698959607674325
baba1266,atla1278,-2.0421453130526483,0.15836166135683394,0,-1.0539801468090002,1.86143304829694
baba1268,aust1307,-0.7587397698542624,0.057656941956064245,0,-0.37123981642049997,1.757684184357745
bafi1243,atla1278,-1.3482968405400022,0.06452953032534406,0,-0.228333313439575,1.7663177004081
bafu1246,atla1278,-2.160531464895767,0.1637298041304584,0,-1.08152144017075,1.8460151821722
baga1272,atla1278,-1.127659306725231,0.08391841625243555,0,-0.2476083606822,1.7753779927216
bagi1246,cent2225,-1.8922968619276763,0.051164059976139716,0,-1.3025068006592249,1.778513042416645
bahi1252,sino1245,0.289278078029622,0.06503829128545309,0,0.44808206819749996,1.723607596508125
baim1244,sino1245,0.3331482134195199,0.06354374508924035,0,0.74857122880825,1.693140481477525
baka1272,atla1278,-1.918980742706911,0.06645877326085382,0,-1.5119603603825,1.7714532178212452
baka1274,cent2225,-1.888001474435093,0.06730368933314869,0,-1.2430771753295,1.7951540692853
baki1244,aust1307,-2.329310384295054,0.05868081859968645,0,-0.43475883325775,1.763354991112445
bala1311,aust1307,0.12384097549808071,0.052258374326604747,0,0.4379394000405,1.7432729160971001
bala1315,aust1307,0.4657700385238745,0.07533253682991417,0,0.7206879403887501,1.7588061742204
bali1278,aust1307,0.056576385389014855,0.06527032727973787,0,-0.1642994805227,1.72532698906158
liki1240,atla1278,-2.6449838409109345,0.06148083251127074,0,-0.90108487140775,1.7410634926975699
bamb1270,aust1307,0.5843542470677301,0.06550612079887407,0,0.190345972263,1.7416081464302948
bamb1269,mand1469,-1.7240284032549718,0.06887478019928336,0,-1.3647826986962501,1.8585710533429451
bamb1262,maoo1243,-0.7078988691510182,0.06723304779648616,0,-0.8841019399372501,2.10971142087232
bamu1253,atla1278,-1.9258242843115125,0.1649810913656648,0,-1.085909121197,1.85344642575108
bamw1238,atla1278,-2.684427803951226,0.06203129505911024,0,-0.85765516386625,1.736723319640385
band1344,atla1278,-2.6732411737846227,0.10080935908205878,0,-1.48304621189525,1.7716475750231448
bang1363,bang1363,-1.6377279830839926,0.09838166659864869,1,-1.20675182594975,2.23345661877759
bang1369,sino1245,0.10162550631748579,0.056997381257535874,0,0.23170562254775,1.72585717027084
bant1281,sino1245,0.3588013316520272,0.05177107683287164,0,0.527857174204475,1.743541639278475
bara1357,sino1245,-0.11870890579805925,0.029798188087170666,0,-0.14543261681,1.7216158651195799
bare1279,afro1255,-1.2872443766808552,0.04253076549157991,0,0.3743832848645,1.76122583483921
bara1361,atla1278,-2.2773372638973255,0.050963962769693304,0,-1.4911104026725,1.75959238318559
bara1370,aust1307,0.4762480393053685,0.05070898140059647,0,0.455147247978,1.746688743085385
bari1286,aust1307,-1.7098939338265122,0.07134295603893724,0,-0.45118983507875,1.763895219051405
baro1253,aust1307,-1.6613617458011363,0.05748946684196962,0,-0.37268791017625,1.76625605614229
basa1282,atla1278,-2.0833464931404815,0.05556463582405004,0,-1.1812063820660001,1.791799259461395
basq1248,basq1248,0.3938760582462111,0.09413839374542807,1,1.375172149735775,2.1397136618490347
bata1289,aust1307,-0.3316469010928318,0.06520836085829389,0,0.27673903056500004,1.740335645883655
baur1253,araw1281,0.32179154399095145,0.08061349647241932,0,0.5644958064750001,1.950058828021245
bawm1236,sino1245,0.0250508138294221,0.06131999018238949,0,0.398723222729925,1.733161192482335
bayb1234,aust1307,-0.15866060898326367,0.09198529544249187,0,0.1491557131005,1.72652303391131
bebe1248,atla1278,-1.5898806984329137,0.05882662106381754,0,-0.269780752472075,1.75361537948832
beem1239,atla1278,-1.4498240923646981,0.06231688026129476,0,-0.65999632827925,1.7459788533152252
beja1238,afro1255,0.11443879868247375,0.12176074564151458,0,1.3196282065219749,1.7468569797530549
bekw1241,atla1278,-2.0884116806297204,0.07817101500514745,0,-0.7955662554452501,1.808575447835775
bela1256,nilo1247,-1.9341523716092017,0.056502065458701366,0,0.20093609981850002,1.8126333573070101
bela1254,indo1319,0.8320787914842076,0.0659172656919113,0,1.57774004532675,1.76849751982623
nyal1254,aust1307,-1.2603345202730882,0.05323643385336516,0,-0.3556184148965,1.7502075732936349
belh1239,sino1245,0.3703803472826814,0.05843150626220181,0,0.667630653965,1.7328075086138899
bell1243,sali1255,-0.5403799079542845,0.2733450816847056,0,0.55159262748875,1.97694512498337
bemb1257,atla1278,-1.0374887791427378,0.048850324654405586,0,-0.21050230399,1.7178681604119599
benc1235,gong1255,-1.1544909009662954,0.06167897321745387,0,-0.818728035035825,1.8467167338879
beng1282,atla1278,-1.605043430235519,0.05455323413568427,0,-0.47649308761585,1.75117940311457
bent1238,dogo1299,-1.5827032213003736,0.1489568958928274,0,-0.18169638152525,2.057387868499505
zagh1240,saha1256,-1.2351364621229117,0.07103770234273163,0,-0.30406105629769997,1.96277867187106
bert1248,bert1248,-0.35783383241913447,0.0760886422736518,1,1.2472331407625,2.22648576941104
bhoj1244,indo1319,0.4574748218075884,0.061240090701219545,0,0.6684601686,1.7417143217535949
biaf1240,atla1278,-1.0694393326418246,0.08161313387098966,0,-0.37405272630815,1.79106522896991
biao1254,hmon1336,0.4249990336952354,0.02887735441895652,0,0.8280324299999999,1.77099817713579
biao1256,hmon1336,0.5108444985312293,0.052776997400620314,0,0.83420292572635,1.7665951190054199
biat1246,aust1307,0.652740937993773,0.0633181861444161,0,0.4765874805585,1.7426985135917898
biha1246,aust1307,-0.39207892267836175,0.05839858974080164,0,-0.064502525266,1.71049807481963
bila1255,atla1278,-1.472303417413455,0.05110231317973809,0,-0.6960954638725,1.745372306971015
bilb1241,aust1307,-1.0589538567871637,0.06551069759182558,0,-0.45666945002785,1.74603794955515
bili1260,afro1255,0.16603210389739465,0.06535112784078077,0,1.13656943739,1.7220231865447202
bimi1240,nucl1709,0.10935662423192119,0.06423128216247936,0,0.6649148792940001,1.8098382194160951
bina1277,nucl1709,-0.012644464488871,0.09982382292063383,0,0.785334216636225,1.817795739268335
bini1246,atla1278,-1.6460484086355778,0.04867875320717212,0,-0.9547111773420001,1.772939298595675
gunw1252,gunw1250,1.556425606410716,0.0843221968293371,0,0.15071386380250001,2.024421465002575
birr1240,cent2225,-2.586291549826241,0.09431924260093238,0,-0.994573853565,1.80415910585486
bisu1244,sino1245,-1.0178975377275996,0.052359031987794805,0,0.25024455981500004,1.7045985567929298
bitt1240,aust1305,-1.0287716205321864,0.04032130516672546,0,-0.20196416941450002,1.6952873334296301
biwa1243,yuat1252,-0.7991694723192768,0.060690813929002885,0,-0.62862303169,2.02843346000945
blab1237,aust1307,-0.26727535811817404,0.05896353397135432,0,-0.16425017074,1.7441006691993999
blan1242,aust1305,-1.072903518387466,0.02563208417310585,0,-0.20446630067580002,1.69531500802275
bang1354,atla1278,-2.0819572689419905,0.047687117865297446,0,-0.89087528897025,1.742052685750955
bodo1269,sino1245,0.2197852480552377,0.06293184809591154,0,0.244083005217,1.71498454841019
boka1249,sino1245,-0.1856454222083888,0.06044713434149137,0,-0.17617952140225002,1.70676387667774
bola1250,aust1307,-1.6316343761802403,0.05552499745721952,0,-0.32438011756175,1.77130030420074
bolg1251,atla1278,-2.2533735513439046,0.05209275776051115,0,-1.34430032268325,1.78331245487679
chim1302,quec1387,0.08771729462128586,0.04797835873514388,0,0.54395989354675,1.910930412478725
bolo1262,atla1278,-2.6095014356144643,0.17189633880770877,0,-0.90297937691675,1.7384894140980052
boly1239,aust1305,-0.9306380145245903,0.018847674680925644,0,-0.085063796636325,1.70146314329008
bomk1234,atla1278,-0.7305102745035792,0.06643353970781736,0,-0.1005828984695,1.7852422364544052
bona1250,mong1349,0.3748711702632856,0.04848395033524874,0,0.905371674385,1.849712676381235
bong1289,aust1307,0.14115888580524544,0.05493164284185552,0,0.437977879724,1.733475571126585
bong1284,atla1278,-2.0700964116059435,0.07941062385527606,0,-0.7412234763257499,1.7560746771408602
bora1263,bora1262,-0.27571946868602604,0.05909620399531155,0,0.32911312803750004,2.0387702757362147
bord1248,chib1249,-2.4517116185245653,0.07845472243385299,0,-2.05346093502025,2.01105028011893
bori1243,sino1245,-0.1674141209980773,0.058373756885634474,0,-0.17632060007475,1.7085119401537852
boro1277,gong1255,-0.9563803977348109,0.04902230357790968,0,-0.8934210716722499,1.828496828518945
boro1282,boro1281,0.25750187914836975,0.0748152850177712,0,0.39739032977685,2.052493924641785
boto1242,aust1307,-0.45978618165352403,0.08132085493913742,0,0.28581297520275,1.7388723078518549
boun1243,atla1278,-1.3977316390608365,0.07848743530560347,0,-0.77162697489,1.7857399234780051
brah1256,drav1251,-0.29673030367877407,0.06629434608670935,0,1.34111196218575,1.83481887661425
lave1249,aust1305,-0.3288196795732897,0.04154470255439082,0,-0.020391163051500003,1.69832055710223
bret1244,indo1319,0.5768337689296021,0.10985733574061993,0,1.073426274557875,1.8030022935914851
brib1243,chib1249,-2.5396926479778825,0.09437293702710925,0,-2.051565444869275,2.007419717540695
buga1247,aust1305,-0.8587327891881245,0.03052591590519024,0,-0.08538299304075,1.7018496395932101
buga1250,aust1307,-1.240518924701211,0.056659187286869514,0,-0.35206569776465,1.759773096498205
bugh1239,aust1307,-0.2402470582629658,0.0525573895536728,0,0.11283082992624999,1.730557453664555
bugi1244,aust1307,0.8172871464858205,0.0654528995819982,0,0.400686927717,1.7469930751455052
bugl1243,chib1249,-2.474709397422356,0.08835569094037682,0,-2.054791873865,2.0080915450719647
buhu1237,aust1307,-0.03431947940485465,0.05607239672007402,0,-0.15407950621272498,1.7609536158846848
bujh1238,sino1245,-0.069824715949465,0.05689645823371247,0,0.0022597998302500005,1.730781628298245
buka1257,aust1307,0.6539179171476368,0.06546004329934804,0,0.48967399366925,1.753399851809725
bull1247,atla1278,-0.7960610504201602,0.1320834852236163,0,-0.09968321902825,1.7809257266181802
bulo1242,aust1305,-0.14552128347144633,0.04707649908887618,0,0.09489108077122499,1.695652105197875
bumt1240,sino1245,0.24210997215090857,0.05449326050056609,0,0.78818606775125,1.7257702926318501
buna1276,aust1307,0.1810985179891565,0.06253266105272212,0,0.20583711314800002,1.743193712638335
gahr1239,sino1245,0.092445647479881,0.05489222424537861,0,0.5486277041445,1.7174003318653002
bund1253,indo1319,0.5065974062202993,0.07072101276439753,0,0.704474954482,1.7483733039080849
buol1237,aust1307,0.36651937827408215,0.08343025582718525,0,0.036710048664,1.754334937666835
bura1292,afro1255,-1.2791254167540242,0.037397841240090934,0,0.05006382025,1.7380193878474
burj1242,afro1255,-0.21018267374816405,0.12286717476489475,0,1.1511396402454999,1.726735041829925
nucl1310,sino1245,-0.6568134413365434,0.024350488998723357,0,0.270636912119175,1.70639397275087
burm1264,burm1264,-1.1712673724385536,0.0719304584288032,1,-0.4847385165975,2.0412111962769153
buru1320,afro1255,0.45286716239148966,0.05226138299479467,0,1.2516013432447,1.73940099025777
buru1296,buru1296,-0.3743998179737169,0.0785347531565374,1,-0.7325022187797501,2.2300439421491447
bush1247,atla1278,-1.7897863665203497,0.05382447521660276,0,-0.845809338333,1.7460736511477348
buwa1243,afro1255,-1.1899450961965514,0.0439923416285812,0,-0.0297621838425,1.738964906524485
byan1241,sino1245,-0.3852069488990991,0.06429368235546268,0,0.377376740195,1.70975334188433
caac1237,aust1307,-1.2673385097563936,0.062307325318037954,0,-0.30881116686974996,1.748843439699135
cabe1245,chib1249,-2.5538349399575977,0.09390213461962552,0,-2.04387698918075,2.0077495143998902
cahu1264,utoa1244,-0.8871613198357329,0.06281982562269191,0,-1.172802402817,1.964070846566165
cald1236,quec1387,-0.09593732160206585,0.05059512391105693,0,0.54983918583375,1.909290627987885
camp1261,indo1319,0.542138696120114,0.07953513325548095,0,0.5582494543495,1.7436451224363
cams1241,cams1241,-0.5433825809401633,0.0669713738101431,1,0.35716476137375,2.0231293628472997
cane1242,nucl1710,-1.1409881386478737,0.041962215038658914,0,-1.3805768729655,1.99868342396115
caom1238,taik1256,-0.6151424220307958,0.0723589554445532,0,-0.26732168649800003,1.829869357000155
capa1241,pano1259,0.7088383693702887,0.06474232722809807,0,0.8099585856593501,1.910917119081335
carn1240,aust1305,-0.47986787653087043,0.031893479904249296,0,0.041705148954249996,1.7114621894762951
caro1242,aust1307,-0.7826403487064502,0.056759323643197135,0,-0.52381922344025,1.73131246417698
cash1251,pano1259,1.0533462787437782,0.060653939155820784,0,0.8345929661975,1.91667778600813
stan1289,indo1319,-0.16589020138474508,0.08360629293168298,0,0.3164203158028,1.73916935747969
cavi1250,pano1259,0.6228015554790249,0.06977354215695718,0,1.0190594854725,1.9370974428168601
cayu1262,cayu1262,0.16702573602985404,0.06529629029842049,1,0.37824481397225,2.0639026202032147
cemu1238,aust1307,-1.2848571003911466,0.05297506706268211,0,-0.37215456270900005,1.7495080594151449
cent2127,eski1264,0.38258088100128884,0.04734971246965415,0,0.852019325696,2.02363828248603
cent2142,ayma1253,0.8023483652210293,0.06281256386485576,0,0.908777700423,1.996850229965525
cent2004,sino1245,-0.6306509617480089,0.050510009587740205,0,-0.19646963445249999,1.731285267810105
cent2292,aust1307,-0.6085188678371272,0.08534328598802957,0,0.17068957606075,1.7353895666308752
cent2084,aust1307,-0.3659785952556214,0.07470397363125765,0,0.18284919347724998,1.73773715548751
cent2314,aust1305,-0.3234884781323759,0.0364267940907256,0,0.06543634482025,1.702302932021045
guer1241,utoa1244,-1.9095175539939753,0.09694783790902657,0,-1.3716950078174999,1.94890510225039
cent2050,saha1256,-1.2326779928149332,0.0928520966901386,0,-0.03953255710975,1.950439689238165
cent1989,aust1305,-0.028096639857147103,0.03837226660793991,0,0.39058419368075,1.6954878030451401
mala1479,aust1307,0.02306163217597255,0.04950287025746059,0,-0.12310956336525,1.690226518684105
cent2322,ural1272,-0.1713112413835269,0.043073314392427314,0,0.151604963358425,1.787150866296415
cent1992,aust1305,-0.33978749431821376,0.04871132990338832,0,0.044484704212500004,1.69796732636364
cent1990,aust1305,-0.45104406464774965,0.024593523321146928,0,0.04656596711025,1.713308075764465
cent2140,miwo1274,0.5511471439496252,0.07180055550477418,0,1.104649379289,2.060680612992975
cent2131,utoa1244,-0.8648155477836368,0.05505670438551683,0,-1.0131644812095,1.93783444945318
cent2150,chib1249,-2.0512224763520925,0.07611033793777953,0,-1.99614299704,2.007513566897975
chac1251,pano1259,0.33639334946605837,0.06790613232517519,0,0.7125080237947501,1.8980246974599102
chad1249,afro1255,-1.1626315169554595,0.0523458881176859,0,1.126301863495775,1.68577822801544
chak1270,sino1245,-0.335727680056229,0.0580033726495727,0,0.0064461127915,1.71904140587825
cham1315,zamu1243,0.11226424614693925,0.22389625825163292,0,0.28204003238025,2.0471571439399847
cham1309,nakh1245,0.0711132975190472,0.0393530598893544,0,0.32703771339474996,1.837719410603425
cham1312,aust1307,-0.6218108378166403,0.06751736085327162,0,0.256887197093,1.76151740628457
chan1313,sino1245,-0.23996726520548595,0.05683946573590655,0,-0.01388498474005,1.725990432819555
chac1249,barb1265,-1.1765149710682374,0.07737968790061908,0,-1.19204520456575,2.03657695358437
chas1234,sino1245,-0.3699658243026044,0.06711672503443632,0,0.392310055838,1.70546612322208
chec1245,nakh1245,-0.32484600991265244,0.05726234362510747,0,-0.30553715289899996,1.8578503457289748
chek1238,aust1307,-0.4021643028073021,0.02907238793422978,0,-0.2984762249345,1.748776308863335
chep1245,sino1245,-0.0568381009386806,0.061185794162776856,0,0.0024596275975000007,1.729063549803705
cher1273,iroq1247,1.1411003483018713,0.08043473154326472,0,1.516881532515,2.0463679223853752
chic1270,musk1252,0.6370451684625345,0.06108702151018017,0,0.490640454703,1.95517662721141
chil1280,atha1245,-0.1626218900529472,0.05554114379959277,0,-0.100482489124,1.93886373615013
chim1309,chib1249,-2.3957122747913155,0.063306643012699,0,-2.00149384689325,2.01184414955635
chim1312,atla1278,0.09646984782563095,0.07908759985360156,0,0.12460505773149999,1.714424112673385
chhi1245,sino1245,0.39025930930879654,0.061900675536560576,0,0.6621686148825,1.737217865561815
chip1261,atha1245,-0.5697129290940839,0.0694669782703552,0,-0.27442527930575,1.94915094285889
chip1241,algi1248,1.5192118631075284,0.10089101480005173,0,2.3148346175150003,2.023947628117365
chir1283,sino1245,-0.2762485449472455,0.05485851468937674,0,0.3463217273785,1.7307115159707949
choc1276,musk1252,0.10452090428556024,0.058895273974155185,0,0.457476987775,1.951532331692075
chot1239,sino1245,0.0582797330786121,0.06185634526042873,0,0.46846827115125,1.721247592373465
chra1242,aust1305,-0.32700390577196714,0.046902496346109684,0,0.04820053066835,1.6986860005354
chuj1250,maya1287,-2.2672139870918144,0.08290560160157533,0,-1.4804994379025,2.0655874083804653
chuk1273,chuk1271,0.7584643558021684,0.07535585377864205,0,1.5620334421450002,2.22319782713739
chuv1255,turk1311,-1.0261665378227909,0.05933823687492909,0,-1.2796790588375,1.8298629038407102
chuw1238,atla1278,-0.19201160472905893,0.06567392136894587,0,-0.11743301473475,1.70910826639882
cici1237,atla1278,-2.181914613771455,0.13324750510061778,0,-1.1974604345984998,1.79589988603139
chin1286,chin1490,1.0417114495765798,0.05658347245341846,0,0.8760961179345,2.08053400394583
coat1243,otom1299,0.1043591679799118,0.04745019047556696,0,0.30690250223125,1.943705176728705
coca1259,tupi1275,-0.16802148492324603,0.0773632701650729,0,0.088605246005,1.920090103761415
coeu1236,sali1255,1.1319161848760875,0.07675776233802215,0,0.970259559779,1.974185782550935
cofa1242,cofa1242,-0.730401946141568,0.06321754140599921,1,-0.6032447284075,2.0643913569364
cogu1240,chib1249,-2.317608459993939,0.07088742994242214,0,-2.0114037487500003,2.01995827217052
inga1252,quec1387,-0.5542847361015018,0.048325922240148755,0,0.47524782998000004,1.9086606404941548
colu1241,sali1255,0.9543092754132525,0.08199265554277049,0,0.967571715615325,1.97384534726263
coma1245,utoa1244,-0.841104070587418,0.06073126727439108,0,-1.17519655981725,1.936177892880355
como1259,sali1255,0.0684559543900235,0.0740110475828479,0,0.418076751358,1.9568967568464801
cong1236,atla1278,-1.387490175259786,0.04438941970138809,0,0.064269704846,1.7110690455542201
copa1237,otom1299,-0.24664750203841784,0.06965368056561305,0,-0.062234615494,1.96767545475832
cors1241,indo1319,0.3705710283847752,0.0778779210547524,0,0.56078779537225,1.75209578370643
cosa1234,sino1245,-0.7426511271416621,0.0573072682636918,0,0.36580916984625,1.7097723255693151
cree1270,musk1252,-0.12758701066204015,0.054726277357634155,0,0.45216391746124995,1.9675395992746751
crim1257,turk1311,-0.6553278782754943,0.053126290852138804,0,-1.3126016518274999,1.814711913095945
cros1244,atla1278,-1.7448333476362348,0.048091369849076214,0,-0.8140138735025,1.7940649916036402
crow1244,siou1252,0.6136143239456302,0.056199070833635685,0,0.36438238306274995,1.99846473368024
cube1242,tuca1253,-0.34957088607050335,0.07809037451078699,0,0.06840723402675,1.96374490954177
culi1244,araw1282,-0.22033047202835443,0.056104278933893297,0,0.06688674612775,2.01111755776693
cusc1236,quec1387,0.4077295998824184,0.05261657598197432,0,0.35657615463275,1.90392254486695
czec1258,indo1319,0.8830826284553696,0.1099214582329068,0,1.5693417571675,1.7749322059340051
daai1236,sino1245,-0.6374371281071917,0.06536040138746474,0,0.14599582785925,1.7210197277821049
daas1238,afro1255,0.0432377255846291,0.05187191570664677,0,1.24798464848925,1.71411067952178
dadi1250,tebe1251,-0.5700074994423797,0.0663349196997632,0,-0.6617637060586675,2.0293977058780053
dagb1246,atla1278,-1.862477719829505,0.07269273904334934,0,-1.1426762219015,1.783659223669325
dagi1241,narr1279,-1.7520021622364235,0.06176687152545727,0,-0.76602644381275,2.0973585408453896
daka1243,aust1307,-2.357471685698693,0.05311594952063833,0,-0.417690010995,1.76068863392383
damp1237,aust1307,0.648107504088389,0.06572922505360829,0,0.8257610840605,1.756742284138575
dana1252,aust1305,-1.0786661980530987,0.030327864217259283,0,-0.15195846308575,1.6898879365513548
dand1238,drav1251,0.5952561099860902,0.06992814927593269,0,1.7807041548655,1.81367022013951
dani1285,indo1319,0.1874500887503177,0.1083747831166288,0,0.62613911643675,1.76578897472357
dara1250,indo1319,0.0816317632139911,0.07788521170246636,0,0.5390325826175,1.7425666056613
darm1243,sino1245,-0.37956450816081766,0.05790868940744911,0,0.383422652247,1.7175031110705001
daww1239,nada1235,-0.988658234978437,0.07091358077341212,0,-0.95007070422775,2.049808141207365
dawr1236,gong1255,-1.2293839016285737,0.05863781191304339,0,-0.69131428094,1.827444944111485
daza1242,saha1256,-1.624454346106492,0.05583688827002513,0,-0.2795587466625,1.933738370172955
defa1248,ijoi1239,-1.5001240043418407,0.0644463386317821,0,-0.841082102543,2.14553504501227
dege1246,atla1278,-1.8147317832608458,0.05798554178321872,0,-1.0568715477567499,1.7877179102127099
dehu1237,aust1307,-1.1690451541555968,0.0601512460616542,0,0.0093688931696,1.7393226083399802
dera1248,afro1255,-1.3708472723035896,0.042346281752147705,0,-0.0882356532345,1.7714351161606499
desa1247,tuca1253,-0.35797950676946333,0.08660274921242271,0,0.0688710756265,1.957478969044545
dhao1237,aust1307,0.2936221258205822,0.06331953718858846,0,0.22123695169775,1.7441382290209702
dhar1247,pama1250,0.7808765679348475,0.10182211149465938,0,-1.092454519175,2.029483514129095
dhim1246,sino1245,0.0585873030695098,0.03213641031465509,0,-0.147422838395,1.7255066381543251
dibo1245,atla1278,-2.3195612005482893,0.060165707489483876,0,-0.74975626713,1.73979492977528
digo1243,atla1278,0.01089274077476875,0.06969438939512217,0,0.16713887521225002,1.72638634496306
dima1251,sino1245,0.07552496982525775,0.05147359720913089,0,0.2530782820299525,1.71543133318285
diri1252,atla1278,-1.19732420971012,0.06157470682037934,0,-0.6740375965201499,1.7406655797536201
djee1236,mani1293,1.3474826509917768,0.05263559429740964,0,-0.07534093810375,2.085263051124585
djeo1235,nucl1710,-0.9901755287386178,0.06946497880153846,0,-1.1801672606425,2.00179067849206
dobu1241,aust1307,0.08094052179024985,0.057299754392884414,0,0.20930666667225,1.73971256230551
domm1246,nucl1709,0.419807907626927,0.030974668891612038,0,1.2560615097025,1.842975695731595
doro1266,manu1261,-0.3152988423381365,0.07225044008838757,0,-0.7748323019954999,2.037641848046725
drun1238,sino1245,-0.29066003869188445,0.0616104699353582,0,0.18140930662735,1.727899819704225
dual1243,atla1278,-1.6090000078011435,0.06061850626017373,0,-0.492405982232,1.7551134414255651
chug1252,sino1245,0.2176884573435881,0.04615350548528469,0,0.22511376729525,1.724017251277575
dumb1241,aust1307,-1.153261355116012,0.060548802340247024,0,-0.3867700609425,1.744308758576905
dumi1241,sino1245,0.10080944490406055,0.06749164014864499,0,0.19681760929675002,1.7170940591771
dupa1235,aust1307,-0.5941937190691016,0.0674896812954741,0,0.0899686787725,1.7327994020419148
duru1236,drav1251,0.5715896076161813,0.07365287167447906,0,1.37983380907625,1.824849610352375
dusn1237,aust1307,-1.4023668361733495,0.046246747604676855,0,-0.372639679254,1.76699940845464
dyul1238,mand1469,-1.591125802684091,0.07138196088454866,0,-1.31402317528275,1.84891761306518
dzao1238,hmon1336,0.5081314728696187,0.03286379480212749,0,0.8204575959314999,1.77642535422381
dzon1239,sino1245,-0.0214916481630841,0.05773447422593485,0,0.6838586641158999,1.7000022917416202
east2443,aust1307,-2.274646061438132,0.04538896243244662,0,-0.46289997183025,1.77464310583964
tang1336,sino1245,-0.23816842631740148,0.04657759746670356,0,0.191192396245,1.74780509240904
nucl1235,indo1319,0.5343839421160539,0.07272675204168381,0,1.04066633009175,1.84352024857127
east2379,pama1250,0.09719468015838906,0.09214377841002454,0,-1.410480647321275,2.066562346179375
sout2896,aust1307,-0.1966201896320946,0.0542862796067319,0,-0.2667523736563,1.749596586911765
east2555,tupi1275,0.264387791247948,0.06364156159148915,0,0.1688723738325,1.91071226688308
east2332,aust1305,-0.3063867236817126,0.03206796935632805,0,0.12030991835874999,1.69156730908696
east2556,otom1299,-0.17003004247762543,0.09280186161040892,0,0.4108340914925,1.931688902277465
east2342,sino1245,-0.9795219109775073,0.05283384867970133,0,-0.06407846006324999,1.724123121058315
east2782,atla1278,-1.2401261750695118,0.04873746769653043,0,-0.4628936840285,1.7474382946141551
east2328,ural1272,-0.33970621505291854,0.03894959406421722,0,0.1645440729475,1.769763038233485
east2773,sino1245,0.0262264881383443,0.05691213728008472,0,-0.14458072245375,1.7253906599933702
panj1256,indo1319,0.3105358455250069,0.04675368630835123,0,0.8657905093035,1.76258510406665
east2485,aust1307,0.3888327084447163,0.05064038473066078,0,0.4405338947285,1.7504501748891048
fina1242,aust1307,-0.7084423821648864,0.06419589708929974,0,0.13648680065250002,1.72859282236546
east2694,aust1307,-0.1499498142128079,0.0609210876253002,0,0.158072638277775,1.739095686098565
east2447,aust1307,0.4159684664437475,0.06052306536124055,0,-0.021267049643249998,1.72083441120385
east2516,nucl1709,0.4587001536189147,0.08935537368640863,0,1.1760818832985,1.8371055272883101
huaa1248,tuuu1241,-1.3596370352384644,0.05444873258145886,0,0.4860291701475,2.163546845662225
wall1257,aust1307,0.5057415200949898,0.061007928101384126,0,0.001872391444725,1.71135540750254
egyp1253,afro1255,0.6720922531735354,0.09984258119220536,0,1.22357713678,1.687039829533475
eipo1242,nucl1709,0.10256541575664774,0.06173344688669693,0,1.05099144496175,1.833995294732925
ekar1243,nucl1709,-0.3141785544276267,0.08346135430675991,0,0.937635196371075,1.82697224786289
elem1253,atla1278,-1.8643912387426727,0.04787501417335365,0,-1.06459090202525,1.792102780870805
elna1235,utoa1244,-1.7837788355492108,0.0644747393468021,0,-1.31693492689775,1.956170330314275
emae1237,aust1307,-2.2802971473750158,0.05220479229208754,0,-0.14233444544149998,1.71963565333234
emai1241,atla1278,-1.873485309875845,0.07086274982512382,0,-1.0001800584754998,1.7726829827868649
embe1260,choc1280,-2.1715438553109925,0.06656429222102128,0,-1.316594948261,2.0353202198708447
embe1262,choc1280,-1.7944465724926246,0.06632042233319065,0,-1.3169792630875,2.03563598203518
stan1293,indo1319,0.1492324324159903,0.13223064815931718,0,0.41343955499749996,1.75969957721156
enuu1235,sino1245,-0.9064386543570813,0.056371220767747254,0,0.23040309622825,1.693446334502225
epen1239,choc1280,-1.7313031137098132,0.07002128460498258,0,-1.322578085735,2.0349571863189597
ersu1241,sino1245,-0.3868552967379772,0.061931895979049884,0,0.184596604868,1.726601001212285
erzy1239,ural1272,-0.17940931295026002,0.04458733514723402,0,0.277754432985,1.7404443924495
esan1238,atla1278,-1.8257749292462924,0.07299883205206198,0,-0.9880262275939999,1.7697366443579399
esee1248,pano1259,0.5474060590977259,0.058251880122871434,0,1.094199614896,1.938725897387505
esim1238,atla1278,-2.1589505765206094,0.15675211926375612,0,-0.9777574768149999,1.85859879028826
esto1258,ural1272,-0.3679043204813284,0.05675825020270591,0,-0.03896308829025,1.71260999538318
eton1253,atla1278,-1.4128629432706885,0.05933324612534532,0,-0.39539159905974997,1.755673060085495
even1260,tung1282,0.9323194656953018,0.06211285335002612,0,1.69267730472675,1.87538050716387
even1259,tung1282,0.5539719429223442,0.04468547848421855,0,1.715328723,1.872548951207665
ewee1241,atla1278,-1.6657330683514022,0.07055845186680348,0,-0.9952235280587676,1.78659860089093
fare1241,atla1278,-2.0554615748851655,0.14443159106676726,0,-1.14547389838125,1.7826567614696098
faro1244,indo1319,-0.1026763579501107,0.09236903504521218,0,0.5545541644081,1.75240498680505
fiji1243,aust1307,0.13736866568671405,0.05801746319597312,0,0.01536059906505,1.722013548806935
fili1244,aust1307,-0.3644658553869735,0.07288758697026837,0,0.0463341815340675,1.72737689881767
filo1235,toto1251,-1.012991120820132,0.06880630061190832,0,-0.33874866794175,1.958848232074355
finn1318,ural1272,-0.08482168560569389,0.042165123544273674,0,-0.031959276805,1.718716625999985
foii1241,east2499,-0.4858229076398385,0.0724328243236849,0,-0.66281815033225,2.03791661977306
fonn1241,atla1278,-1.5702356021616763,0.06652511604153702,0,-0.77022911518,1.7787248595200449
fore1265,ural1272,-0.04663640347124675,0.04267288746484154,0,0.49344427773825,1.795096913891425
fran1266,mixe1284,-1.5967840460095213,0.06682950513837424,0,-0.8927324222240001,2.039344460541285
stan1290,indo1319,-0.3494211572699119,0.08823938281278061,0,0.35132924906350005,1.74178198761234
fuln1247,fuln1247,-0.6413738753309517,0.04622435623351719,1,-0.61106517868275,2.06394771549118
furr1244,fura1235,-2.079187417211487,0.07967915291249461,0,-0.5464304805295,2.16340112011878
furu1242,cent2225,-2.722058577554865,0.07867559029794015,0,-1.288655240122,1.783640848093055
futu1245,aust1307,-1.7416962272276435,0.058958477602851715,0,-0.15539175514575,1.7236815131129
fuyu1242,fuyu1242,-0.6875304054504129,0.09724156153368403,1,-0.9996709638565,2.01540606949924
gaan1243,afro1255,-1.0986406734034655,0.03324436866085614,0,0.1842744123615,1.750588289940055
gade1242,atla1278,-2.185657804716227,0.06189316190818603,0,-1.1803476427717499,1.7908674364582349
gaga1249,turk1311,-0.058349919715165,0.05907962129584292,0,-1.1705017205175001,1.79171760496616
gale1259,nort2923,0.03522080528924585,0.12265452596873623,0,0.33406464863655,1.90435155420758
gali1262,cari1283,0.0120604159159097,0.07368520249709626,0,-0.02190721428825,1.910673263718725
gali1258,indo1319,-0.47831465514384464,0.09012963252806912,0,0.30343137774225,1.7370622776422548
galo1242,sino1245,-0.0056842769449219,0.05546684543822828,0,-0.1015244883575,1.708049613004655
gamo1243,gong1255,-1.1374634585383827,0.06531134926648555,0,-0.6919954281035,1.830205767909685
gand1255,atla1278,-0.7851254647991086,0.04116084436525172,0,0.057615690309,1.716677987964855
gang1266,sino1245,-0.0920680913471062,0.06455225613731805,0,0.18397348151275,1.730033558793145
gant1244,nucl1709,0.1411791264940045,0.07929459286290505,0,0.6414039203305,1.8539675634505701
gapa1238,aust1307,-0.04127412794431595,0.06987902919522686,0,0.13403213379,1.751991144325225
boht1238,afro1255,0.5904328146496896,0.05479667335443476,0,1.56192701025325,1.73594024846538
garo1247,sino1245,0.1206004293238146,0.05835101833347157,0,0.0731689419115,1.7241042878608348
gata1239,aust1305,0.17518395342398962,0.02919423358451904,0,0.5344231296099999,1.722712643816895
gayo1244,aust1307,-0.2298506786436164,0.049547836291046345,0,0.39536222083600003,1.747565302489435
geba1237,sino1245,-0.9451276429255399,0.06059871838179873,0,-0.06581143655,1.72926761543198
gebe1237,aust1307,-0.899928170729811,0.05769832292009891,0,-0.3677374827505,1.759329832022285
geda1237,aust1307,-1.0769564422427211,0.03226927024704102,0,-0.468381840230025,1.751143473783795
gela1263,aust1307,-0.2161869691456853,0.058484193018663345,0,0.105437964380775,1.735476189285865
nucl1302,kart1248,0.16209017068647855,0.056944096797539874,0,0.30010753316675,1.93148849714051
gheg1238,indo1319,0.1134393847199827,0.08763614207574705,0,0.745847835852,1.82955942002653
ghom1257,afro1255,0.5405789583400417,0.11035515587204837,0,0.92219882005225,1.77496956761565
gilb1244,aust1307,-0.6358668823388658,0.04670695219973237,0,-0.47406520298,1.736418175105125
gira1247,nucl1709,-0.08005413413430296,0.04923088959722175,0,0.3927262298825,1.88744727184158
glav1244,afro1255,-0.9350777209130078,0.03320307793866617,0,0.278145240864,1.734635056816385
ghod1238,nakh1245,0.06471938971101275,0.04590193976694833,0,0.3277180202755,1.84072713825219
gofa1235,gong1255,-1.1344451619219744,0.06601137077931443,0,-0.66360451516525,1.8279037781055898
gogo1265,suki1244,0.16199595127558164,0.06120112115975949,0,0.4188647975825,1.9877778156054902
gola1255,atla1278,-1.1990396458517032,0.07119788640862502,0,-0.500600100928425,1.792091594787295
pare1266,aust1305,0.3229442692164505,0.04474073098354997,0,0.6063009124059999,1.7194873236188801
guah1255,guah1252,-1.2355419301380879,0.0868308266759666,0,-0.908093558811,2.0468100308714847
guam1248,barb1265,-1.475667946570435,0.05697901816841455,0,-1.19084671615,2.05103183043071
gube1234,atla1278,-1.5047935260437213,0.0712560273328896,0,-0.68735083168675,1.7868498247344848
gude1246,afro1255,-1.2098027355162793,0.03858638095489707,0,0.0134840992685,1.7553544728578299
guer1243,otom1299,-0.32534783793253236,0.07571659287505253,0,-0.045080989295,1.97366910261032
guhu1244,nucl1709,0.13468239411559615,0.08868927190033483,0,0.9996801985300001,1.83379553154074
guiq1238,sino1245,-0.2740257789520983,0.04858561572439094,0,-0.0241258439265,1.723247141450365
gulf1241,afro1255,0.6430004650848448,0.05619335976440412,0,1.19401896949075,1.69087058326521
guma1254,aust1307,-0.1873347650107159,0.05630031482659293,0,-0.017664640924925,1.7523672834517598
guny1241,pama1250,-0.08375704692393185,0.11037289232141753,0,-1.4685113169742499,2.0774031644720203
gura1251,indo1319,0.6954790601235209,0.052678656531018636,0,0.61532421405875,1.781784916747875
guro1248,mand1469,-1.8031237047130975,0.06544651053492911,0,-1.6116839936725,1.90608598976443
guru1271,afro1255,-1.5710038937630746,0.04718448671273975,0,-0.05861320485475,1.767137470883425
gugu1255,pama1250,0.5562912249616939,0.07099534954498928,0,-1.4074891245624999,2.07214627807505
gyel1242,atla1278,-1.5634350680734617,0.0697447439497805,0,-0.596018628578,1.756405698687405
haaa1252,atla1278,-0.6401789952980175,0.05809148595822549,0,0.18732743420578502,1.7350359071962451
hadi1240,afro1255,-0.2877116870758173,0.06757589679258869,0,1.18912331248075,1.719475819828285
hadz1240,hadz1240,0.21158432714947295,0.07736022535626831,1,1.341037275447425,2.2631755051693503
haka1240,sino1245,-0.055589326200504455,0.034438100124339316,0,0.349538172175225,1.73327327997331
halh1238,mong1349,-0.6118260448863914,0.06327768426606392,0,0.8004817518175,1.840944253350465
hali1244,aust1307,-1.097482444677377,0.26401817658967097,0,-0.26934083606250003,1.753126760551905
halk1245,sali1255,0.49273259299977895,0.07155278669433783,0,0.5297143846965,1.962086027383175
hame1242,sout2845,-0.11933637607316115,0.08217495911751421,0,0.84654030123625,2.12046010310518
hang1263,nduu1242,-0.16079883520504806,0.08923985926955118,0,0.45212248088675,1.95181820983521
hani1248,sino1245,-0.9040090830572366,0.06537191570569457,0,0.20195241455,1.6991640114725
hano1246,aust1307,-2.2889483054499666,0.05709771452206901,0,-0.47051784254825,1.764090973499165
haru1245,piaw1238,-0.3955873766180517,0.05766583017604119,0,0.11366915444174999,1.97168118516268
hass1238,afro1255,-0.8816558755018424,0.06452753309302471,0,1.1537633823000002,1.67862998674156
remo1247,aust1307,-0.5250535013264797,0.06664021424763854,0,0.141542799247,1.7411485246954999
haus1257,afro1255,-1.653865635953109,0.12469930357718668,0,-0.04897800389875,1.782437356877155
nige1253,atla1278,-2.3674527579189544,0.14747866534687598,0,-0.7091363379390749,1.80029895849354
hava1248,coch1271,0.0085065715169057,0.04315680794852972,0,0.17420175393075,2.015998848912255
hawa1245,aust1307,-0.8596529817920917,0.0457234114028323,0,-0.190536574645,1.71510356644482
sabu1255,aust1307,0.37430661372504037,0.06673790077588027,0,0.21835645273350002,1.73976836313325
hehe1240,atla1278,-0.4646145198011949,0.0690602274729328,0,-0.2935224620425,1.71193593127875
heil1246,waka1280,-0.32231835088692323,0.06843508270851759,0,0.45912390558325,2.025564858610355
here1253,atla1278,-1.497174394718874,0.05008926091397413,0,-0.68257206904425,1.72845919516883
hida1246,siou1252,0.07496336659098021,0.05130003859266134,0,0.19536262153875,1.9997587725050199
high1276,mixe1284,-1.2649731283809982,0.07949888281713774,0,-0.88939604443025,2.0475921316243753
hind1269,indo1319,0.30591538729157824,0.06002807324161734,0,0.5791853845765,1.745605565445145
hixk1239,cari1283,-0.6469700109437255,0.06392802510515624,0,-0.2064120353315,1.910624401329255
hooo1248,aust1305,0.6726520825879014,0.03516562478603477,0,0.698080999535,1.7371495694102
hoav1238,aust1307,-0.7159992070290332,0.05482725196617598,0,-0.43433256866095005,1.7653301126406449
ainu1240,ainu1252,-0.31695404775433694,0.03210366011710501,0,-0.5151106339715,2.2407510665907697
holo1240,atla1278,-1.3109648531937297,0.05802246868484884,0,-0.3447818393775,1.721750618528475
hone1235,atla1278,-2.177399401642695,0.05703300177230063,0,-1.217864414269,1.79291726223666
honi1244,sino1245,-0.8869054962446346,0.05397885590706319,0,0.21212296001675,1.697154656056795
hopi1249,utoa1244,-0.6436028563327398,0.06109299082957238,0,-1.17067883177377,1.95758361921857
hote1245,aust1307,-1.0692367935612188,0.0675085219860116,0,-0.34316422298175,1.76860000563568
hrus1242,hrus1242,-0.24013006307934776,0.048676064973275285,1,-0.55539912168675,2.06002307190949
huuu1240,aust1305,-0.8701506411143582,0.03642709339394642,0,-0.13116437092675,1.69281006654405
hual1241,quec1387,0.9768929537965141,0.0612920100155676,0,0.5138196349794999,1.912823930707535
huam1247,jiva1245,0.3641346252625409,0.07002934490711812,0,0.5150169908075,1.97287235937713
huar1255,utoa1244,-1.1078695174573134,0.057099591193348766,0,-1.142113317257,1.952719435664735
huas1242,maya1287,-1.4115646199700624,0.06720644491701767,0,-1.3132210204530002,2.088218543801315
huba1236,afro1255,-1.2260293509587967,0.03284346410785738,0,0.019924861369,1.748847606956855
huic1243,utoa1244,-1.8080775597724024,0.0785285725900292,0,-1.3207762572925,1.96184994006842
hula1239,aust1307,-0.08056302304964415,0.05503427380146565,0,0.532793448351,1.72727536467083
hula1244,afro1255,0.9281959477836805,0.05378689581975228,0,1.58047871126975,1.735650324709525
humb1243,song1307,-1.4965951489634488,0.11905024755391405,0,-0.7150705488119999,1.88541720871541
hung1275,aust1305,-0.09813377372410595,0.04559222144664298,0,0.33951535610375,1.70745767643442
hung1274,ural1272,0.754582872842025,0.05856021108484789,0,0.561193577857,1.7851300637368501
hunz1247,nakh1245,-0.1392671250725552,0.058830361955323165,0,0.0167803027415,1.823347435506425
hupd1244,nada1235,-1.0197247331816799,0.05056222627098779,0,-0.96405531612475,2.044245149331605
iaai1238,aust1307,-1.3949937352669044,0.02406225783110822,0,-0.3358717070975,1.753287897073835
iama1237,aust1307,0.02740460486787475,0.06660233019136745,0,0.23128905824637502,1.75321014575771
iatm1242,nduu1242,-0.38529047393981386,0.08786605129216501,0,-0.00930226472277495,1.964441263761315
ibal1244,aust1307,-0.7867473604819555,0.06501089692493055,0,0.027394437654,1.737992753866505
iban1264,aust1307,0.28720273261393603,0.06628166774455704,0,-0.034539501715175,1.7152325752106101
iban1267,aust1307,-0.6258009254233801,0.06019194724556091,0,0.07547896985875,1.7446133983951602
ibat1238,aust1307,-0.11408102021042629,0.06280266279817882,0,0.4182030237885,1.719721488263485
ibib1240,atla1278,-1.8457144815024593,0.05845433828631011,0,-1.0686596821949998,1.80118645824378
icel1247,indo1319,0.2810589007278817,0.09815249461373352,0,0.5886891464545,1.75597335259306
idii1243,paho1240,0.47949542789676214,0.08817699732926149,0,0.47158967074775,1.996003312538455
idom1241,atla1278,-2.0352964018651303,0.050628846465851855,0,-1.1577382559332499,1.785681254292185
idun1242,aust1307,-0.06078604054026415,0.05602713752791462,0,0.23811547998125,1.7453321775938901
nucl1417,atla1278,-1.8310568049539633,0.04705040449249078,0,-1.1850609669265,1.79637346511738
ikkk1242,kuli1252,-0.8205606939344712,0.04534170408599237,0,-0.9039556528902499,2.09163063907305
ilaa1246,atla1278,-0.7561602575884045,0.056551024640085566,0,-0.16261077670750002,1.72646923842004
iliu1237,aust1307,-0.4647402173295012,0.06133913843495265,0,-0.36648456665249995,1.7649503047946902
ilon1239,aust1307,-0.7650317492872336,0.057807930231018906,0,0.04662763039975,1.73770248386326
imba1240,quec1387,-0.2946990722685727,0.06237325772002516,0,0.53793233424075,1.91078342646404
ingr1248,ural1272,-0.6056664280743378,0.03837239765666143,0,-0.038524029036975,1.7063533358890202
ingu1240,nakh1245,-0.3204364404087199,0.05232832573048584,0,-0.29367756614325,1.85736758611185
alba1269,aust1307,-0.2713601814600503,0.06824705182098513,0,0.22763157481149998,1.7230620122450548
irar1238,aust1307,-1.340446632834869,0.05934078416354862,0,-0.2783077293516,1.759280245422275
iris1253,indo1319,0.26471340666038484,0.11459987352783832,0,1.061858334021,1.7934854241066
irul1243,drav1251,1.3381585764057777,0.07572569952708855,0,2.0635649778619998,1.830978061482825
isco1239,pano1259,0.832908131372297,0.06364958684977866,0,0.82012365596525,1.91073651097583
isir1237,kwer1242,-1.2421150081882373,0.09176331455878044,0,-0.6532467912987501,2.015589710066295
isna1241,aust1307,-0.44055568328851535,0.06798490130109064,0,0.057290387342250004,1.74294191997881
isth1241,utoa1244,-1.8649543101186552,0.0844470812333986,0,-1.3840934368245001,1.9501446815025751
ital1282,indo1319,0.1001625997384179,0.07509374133298968,0,0.4238478446225,1.7413361566626802
ivat1242,aust1307,0.18379949620109165,0.06280357193262873,0,0.415272300182575,1.724338276228635
iton1250,iton1250,0.009941293288137799,0.057799595209798084,1,0.38028922173,2.05116517854302
itza1241,maya1287,-2.3405588085239066,0.08995880302828074,0,-1.523253494398,2.0599481556439647
iumi1238,hmon1336,-0.6957853010064745,0.04876861054080916,0,0.7707904603375,1.75917566641335
iyoo1238,nucl1709,-0.165615732965252,0.07482667924758343,0,0.9478178598588249,1.831885442774325
jahh1242,aust1305,0.2564568253970972,0.03751859953617976,0,0.39421303885924996,1.704949002652505
jalk1242,mand1469,-1.6821940243363556,0.07626786640068588,0,-1.455830628650875,1.86784284089752
jamb1236,aust1307,0.46833235905217935,0.051047400451287764,0,-0.07736543485725,1.695018703988235
djam1255,mirn1241,1.6071681601186047,0.06788138383498281,0,0.319330504651675,2.0162186543638247
jams1239,dogo1299,-1.3757283016281256,0.10747553419159986,0,-0.163358629875,2.05385974283041
nucl1643,japo1237,0.6863053240909796,0.041567230443735614,0,0.9514408460375,1.925263917745525
japh1234,sino1245,0.2945804885588391,0.07014375968686867,0,0.3302617954425,1.731550992390295
jaqa1244,ayma1253,0.9659440632089975,0.06354856895293665,0,0.899545046705,2.001743165570815
jara1266,aust1307,-0.52451271931658,0.04956696516778936,0,-0.1519419485365,1.71427243130092
java1254,aust1307,0.31731739798056513,0.06876047255991917,0,0.5989788189488475,1.761596368911915
jede1239,aust1305,-0.24053784799556366,0.040222973020402765,0,0.26458906766574997,1.702990397043005
jehh1245,aust1305,-0.032164710436702396,0.03619380304026113,0,0.26427976209250004,1.70807353051152
jeha1242,aust1305,-0.2849710994526944,0.04325490131757596,0,0.27175182268825,1.7037667821661349
jiba1237,atla1278,-2.088394301276389,0.05113538814427651,0,-1.2205906349109998,1.793503541493715
jina1244,afro1255,-1.2684222008401678,0.036316672310880496,0,0.04113047301224999,1.7452901077055851
djin1251,mirn1241,1.6440799639942767,0.07162491509532477,0,0.320538666076775,2.02133675266802
juan1238,aust1305,0.6793393133866845,0.0515993161062947,0,0.59714127029125,1.724336712818535
juku1254,atla1278,-2.041904123963416,0.047642036226055624,0,-1.22172577416175,1.7928944475250201
jurm1239,cent2225,-1.838341613353203,0.06788239265056784,0,-1.2364131941099998,1.791311619473475
kaba1281,cent2225,-2.316767665018972,0.05344082076044009,0,-1.29709152472125,1.787253907405235
kaba1278,abkh1242,-0.4983708416453497,0.039351059211801674,0,-0.51089848169825,1.935460566861585
kaby1243,afro1255,0.7490299323563288,0.12848374205750238,0,0.92610264205515,1.778484146539795
kach1284,gong1255,-1.04054865412922,0.0883276139133837,0,-0.52135611060275,1.828794250950025
cent2100,aust1307,-0.07362291550489344,0.06046398981870676,0,0.189522261955075,1.7352664512962952
kado1242,sino1245,-1.0236588200444476,0.033074640853236234,0,0.0173038779287325,1.7202662382811749
kafa1242,gong1255,-1.1282738786281716,0.0718124180487397,0,-0.8752688341725,1.82467604133325
kagu1239,atla1278,-0.29882463145122634,0.07867537079481747,0,-0.056456900959,1.72178006720237
kaik1246,sino1245,0.12869522495207386,0.06461888012108521,0,0.8399056097505,1.734056369032095
kain1272,nucl1710,-1.2413831808206008,0.07128157908157932,0,-1.3938712880450002,2.0091803013336698
kaki1249,kaki1249,-0.6322564197112082,0.09072990711464872,1,-0.68369386891775,2.033846165293765
cacu1241,kaku1242,-0.8008159004348764,0.06055492281910516,0,-0.64616820885,2.06980607516653
kala1399,eski1264,0.76290522420854,0.10227637146087164,0,0.8671222918795001,2.03522958136731
kara1499,west2604,-1.0916724066050234,0.10063289824884696,0,-0.583366779679225,2.02431176189218
kala1384,atla1278,-1.337647268975922,0.05131400088313787,0,-0.30727909974,1.7229264613392101
kali1308,sali1255,1.0607931044318324,0.0670506497946555,0,0.9625017417175,1.968212823080765
kamm1249,atla1278,-2.135285495813383,0.07319335226652401,0,-1.3442292421275,1.790724368254625
kamb1297,atla1278,-0.08482256226839735,0.053702526232447326,0,0.089281776849525,1.7281850672995
kamb1299,aust1307,0.4918079007531929,0.057113668688397484,0,0.18855143499125,1.73826229393982
kamu1260,kamu1264,-0.5650536290171027,0.038697284662896896,0,-0.82569938548935,2.033683683462955
kana1286,aust1307,-0.009237309470246851,0.07708087081159705,0,-0.201340044205,1.7904995145546598
kani1286,nucl1709,0.2844524440192975,0.07148413195086017,0,1.112349036069,1.841437571151265
kank1243,aust1307,-0.7409453071818515,0.0718345206285825,0,0.09931770181325,1.735322787647395
nucl1305,drav1251,1.5891439918339594,0.08093434644491306,0,2.03505902970525,1.8304700854682499
bidy1244,atla1278,-1.299068658376112,0.07563319339837907,0,-0.6819440476262,1.789001637061805
kaon1241,atla1278,-0.6200081595825762,0.05574837168289198,0,-0.39377226305925,1.732746954006075
kaqc1270,maya1287,-2.3751628582931925,0.08064167858829333,0,-1.4726455946265,2.072656976245935
kara1482,cent2225,-2.4876005294011083,0.0730926152930208,0,-1.2762811323075,1.790811895508885
kara1476,pama1250,0.725985971389302,0.10722087012252914,0,-1.39090249640075,2.0460610794132448
kara1500,nucl1710,-0.8803221706779147,0.07150063790448533,0,-1.1108233379275,2.007209867227395
kara1487,aust1307,-0.7668841528576353,0.06510983433390746,0,0.02303484884075,1.73416017035249
kara1486,aust1307,-1.8813929522031998,0.06305278563390057,0,-0.36813227540482496,1.771950232672425
kare1338,atla1278,-2.2992962849056835,0.07181732280035584,0,-1.4260628483072502,1.7648437727538648
kare1335,ural1272,-0.23346117139378258,0.06076460092774885,0,-0.0536296121475,1.707670874715675
kari1311,tupi1275,-0.6024828352266445,0.055823152943033756,0,-0.38985926512,1.96604649797831
kark1258,pauw1244,-0.37689497675852934,0.07689534858422427,0,0.5160556509112499,2.018067077034405
karn1252,aust1307,-1.5595249345288487,0.06616944273312657,0,-0.5465952794922024,1.763798304442315
karo1304,karo1304,0.6870853276275243,0.07304890984428078,1,0.779200654874,2.08759542338721
kash1277,indo1319,0.2009646921576807,0.04960624409967664,0,0.86043711504675,1.756970667765265
newa1246,sino1245,-0.047626516518489745,0.055118718897263594,0,-0.13671368526125,1.72409971185911
kats1235,sino1245,-0.5898549401787534,0.06997275870045337,0,0.48559345253175,1.7068133327208002
kana1291,katu1274,-0.6992550419495727,0.06110808182409017,0,-0.49401849047985,2.059712285358085
kava1241,aust1307,0.4669882164134226,0.07215251613510063,0,0.17861832629575,1.7888600732835198
kaya1315,sino1245,-0.953673281235385,0.02341458466616461,0,-0.07891396973414999,1.7310406743806248
keap1239,aust1307,-0.048316955279963755,0.02526954581088763,0,0.53528352818975,1.72372181871343
keig1242,kadu1256,-1.7160283711298172,0.07146472515043967,0,-0.6709820964147499,2.16487023972318
kele1255,atla1278,-2.3429772859388227,0.07026179302021197,0,-0.70693233240625,1.744953618361355
kele1258,aust1307,-1.7646362738577417,0.0617567134398499,0,-0.43788562382275,1.769719743001815
kele1259,aust1307,-0.7590612325270867,0.06497870771777604,0,0.026429993249,1.73079848569069
keme1240,atla1278,-2.00780589382071,0.0665949802688361,0,-0.8408562167775,1.797110955706865
keng1240,cent2225,-2.079934322383499,0.054964228849180646,0,-1.3018043050969998,1.77657856149347
kens1248,aust1305,-0.17673438456382815,0.036464662948075904,0,0.28630450941200003,1.6993405025893549
kenu1236,nubi1251,0.10707060003998095,0.08327670606784793,0,0.8906486501405,2.11709914626491
keoo1238,aust1307,0.13291182432250692,0.05648520472902857,0,-0.12701396796225,1.751393359659665
kera1255,afro1255,-1.5103592809336768,0.15495490790054917,0,0.146127891134,1.774817405611425
keri1250,aust1307,0.4544297579387988,0.061379034422011876,0,0.00320264678725,1.70437643272489
kesa1244,nucl1709,0.1393157735059192,0.06371393808936698,0,0.81651032275,1.88684134367988
kett1243,yeni1252,-0.35640486239663555,0.04779875693839884,0,-0.667646854572,2.243069711261355
kgal1244,atla1278,-1.6460844192420865,0.048261909745331906,0,-0.3304845540625,1.7060158233801501
khak1248,turk1311,-1.3269639514009812,0.07499057001652576,0,-1.3410562910485,1.81443783541905
khal1275,sino1245,0.0690045159096232,0.036358860005314395,0,0.1986190723975,1.7213831252910898
kham1282,sino1245,-0.2615542167554839,0.05634657003137411,0,0.6836050051492499,1.693110132886975
khan1278,atla1278,-1.8571316537870413,0.046156141456093494,0,-1.0638177143554999,1.7954585171911348
khan1274,aust1305,-0.8795524137640163,0.026320033216282332,0,-0.2075743177776,1.69344153415789
khar1288,sino1245,-0.21428197748206695,0.0683984881768503,0,0.20530545505,1.73911763893723
khar1287,aust1305,0.7294243898412445,0.04453829603975343,0,0.6072122581806749,1.7290380547256698
khez1235,sino1245,-0.12275028474243665,0.05057201374888252,0,0.405905400262075,1.74516885175641
khin1240,nakh1245,-0.21861889454347394,0.044655242778842114,0,-0.054876270795075,1.8552979028278
khmu1256,aust1305,-0.8251966466379322,0.05117972372996352,0,0.15873348732575,1.69305742301237
guan1266,sino1245,0.1707220143465444,0.057270154943836186,0,0.32917731452,1.73024957409181
khva1239,nakh1245,-0.067442397066774,0.045428857149949695,0,0.0762995240955,1.8270930744403202
kich1262,maya1287,-2.3765444528045485,0.08014389158917905,0,-1.4807827670585,2.0563839136141846
kiku1240,atla1278,-0.24313761758824004,0.04769847860160955,0,-0.020839784899,1.719315375200605
kile1243,tung1282,0.42682095859280245,0.044353074547412816,0,1.5979821883875,1.85448291921685
kili1267,aust1307,-0.3939485742178571,0.06611707152509558,0,0.31877709479175,1.7321440357989348
kimm1246,atla1278,-2.1914922197933064,0.04995298370453335,0,-1.3356388615274999,1.79279510965232
kima1246,kolo1268,-0.8295163642753762,0.07561311133837283,0,-0.8645313215029999,2.0147946145180846
kimm1245,hmon1336,-0.2922042512282796,0.04777717878318768,0,0.8220817929525,1.760746111680025
kina1250,aust1307,-0.26318890557131885,0.10898254609394491,0,0.0594230637815,1.72746934693988
kinn1249,sino1245,-0.1786719886747657,0.04807623252452121,0,0.4398402959105,1.72814148447946
kiow1266,kiow1265,-0.15716678207645646,0.06509684080421524,0,-0.19339501978,2.055118265022855
kips1239,nilo1247,0.0614208304694211,0.08347123257741514,0,0.31066265534505,1.828582540490195
miju1243,sino1245,-0.118196505839243,0.059077102073078806,0,0.1619015961025,1.719848446432065
koda1255,drav1251,1.6397326154995437,0.06710937925251045,0,2.055449317905,1.833176439912305
koho1244,aust1305,-0.35685559681100537,0.026651670567135632,0,0.0543924604124625,1.694042149850145
koir1240,sino1245,-0.2571407208329314,0.0524929506077163,0,0.34309953880474997,1.73178196160075
koit1244,koia1260,-0.3421112067409553,0.060172274525717634,0,-0.388211105541525,1.978932091649245
koka1244,pama1250,-0.5127254261464744,0.08445933258887979,0,-1.468101797728,2.051613538576055
koko1269,aust1307,-0.2911153125660972,0.05548409956871602,0,-0.15822537028065,1.7423733808521948
kola1285,aust1307,-0.7124480920389298,0.06056515126855753,0,0.0775903647025,1.75622739098453
kolb1240,atla1278,-1.928767472482861,0.06822193821293358,0,-1.159707728955,1.7595540884749101
kolc1235,atla1278,-1.7527802539786004,0.051374868289985276,0,-0.6237612606325,1.7580766035799
kolu1245,aust1307,0.012115745969860849,0.03105129622570036,0,0.240977107511,1.74383346153937
komb1274,nucl1709,-0.07466955519078555,0.07614638377160522,0,0.6934348094332501,1.828865145859715
komi1269,ural1272,0.30425732222087915,0.0437829979033534,0,0.6141679723875,1.78291323294807
komi1268,ural1272,0.43870499014327347,0.04911580870226537,0,0.61173332894325,1.7797735319055
komo1260,atla1278,-1.7760171683560182,0.05320425844004174,0,-0.68664015388225,1.7492179593178698
konk1267,indo1319,1.0502345450228217,0.043301460537715546,0,0.88320646919025,1.75581357131564
kony1248,sino1245,-0.22347102785157147,0.057874706548910075,0,-0.011176147423,1.71808894029299
koor1239,gong1255,-0.8227573466696515,0.07177737261498658,0,-0.46713082457224997,1.8298920121227749
kore1280,kore1284,0.754639850073491,0.049472206757073686,0,1.0794254754997499,2.0719725642015447
kork1243,aust1305,0.725578071888733,0.024534678074841335,0,0.649727650415,1.739343101286925
koro1298,atla1278,-1.9620539035764533,0.09406734696979009,0,-1.12162587295725,1.7833706224986852
kosa1249,nucl1709,-0.15858509801186174,0.07063706417570834,0,0.8625115057464501,1.837577037483285
kosr1238,aust1307,-0.8396319069763933,0.04698701605143396,0,-0.43947181479475,1.75171779186279
guan1269,tuca1253,-0.620056477344201,0.07154349453025166,0,-0.1664578099165,1.9922545891855852
kove1237,aust1307,-1.678113647191556,0.054345947067936086,0,-0.46128673388249997,1.760269675144785
koyr1242,song1307,-1.4889798672430652,0.07694633598082784,0,-0.7253337698662,1.8790813200538952
koyr1240,song1307,-1.5473748834893852,0.06828172272288324,0,-0.73284312975125,1.888744279241735
gbay1288,kres1240,-2.3272000353761024,0.07942964117517633,0,-0.9851438295285,2.128832652776795
kryt1240,nakh1245,-0.07211308535685221,0.06457568172272617,0,-0.06029085109,1.8341408866876199
kuan1248,aust1307,-1.4980249603041875,0.05883927256766598,0,-0.41456031281375,1.753316676054925
kuan1247,atla1278,-1.4017128839473671,0.04395455641470861,0,-0.6745378229900001,1.73358687104078
kuii1252,drav1251,0.7757140136764734,0.058657840518518425,0,1.916632161326,1.828331784346875
kuik1246,cari1283,-0.15566525080024013,0.07246664189463566,0,-0.3559362399275,1.943005753406075
kuku1280,pama1250,0.5478605047596004,0.08279081564997388,0,-1.33809381507375,2.073255246751545
kuku1273,pama1250,0.7119243913557,0.09440726530309143,0,-1.2653834248725,2.066948741306795
kulo1237,aust1307,0.3746821379617856,0.06820766503835234,0,0.47385461962175,1.806095465761725
fait1240,nucl1709,0.23711684331075983,0.05206423149003931,0,0.7156312226965,1.849327364051375
kuma1280,nucl1709,0.38894396322041686,0.05340114772301686,0,1.2608457032425,1.8435849156736
kumb1268,pama1250,-0.5169930018384843,0.09595810168823565,0,-1.4931725334187,2.08648545273673
kumz1235,indo1319,-0.543217604722277,0.054526862763460096,0,0.236055354836,1.76586595727027
kunb1251,gunw1250,1.4745507419134403,0.09267877767106979,0,0.14222067923525,2.028440714330515
kuni1267,kuni1270,-0.9580835465453564,0.09385398215709097,0,-0.998728143895,2.010215103089105
kuot1243,kuot1243,-1.6930341493920347,0.07677936260127292,1,-0.44077899645325,2.11801604881689
kurr1243,pama1250,0.7193423837767022,0.09581787109335618,0,-1.0964690884105002,2.0183463047849797
kusa1251,aust1307,-0.7470033095171075,0.05691052128761175,0,-0.43321638931497497,1.762191050468315
kusu1250,kusu1250,-0.3031326030003785,0.05834550305124405,1,-0.5143725478925,2.128950224795965
kute1249,kute1249,1.0671539176695122,0.06270174848891806,1,0.8850435141849999,2.05897362519793
kute1248,atla1278,-2.1689539593314424,0.07080620527151422,0,-1.18098913135025,1.80169399266363
kuyy1240,aust1305,-0.3153750874535234,0.028416427551497616,0,0.11993891485925001,1.692824420855285
kwai1243,aust1307,-0.39944189966397664,0.06267259727530734,0,-0.33132345859425,1.74102718205507
kwam1252,aust1307,-1.8253336297899914,0.052461293322218966,0,-0.494380821397,1.76639672003171
kwar1239,aust1307,-0.41902051009176733,0.05264709667274763,0,-0.34558144865999996,1.7378048355672648
kwaz1243,kwaz1243,-0.7940669463101775,0.06751181975723095,1,-0.488982587993825,2.0550484429633746
kweg1241,surm1244,-0.15121819887234023,0.05813881185340842,0,0.7940627658495001,1.87489005482432
nucl1595,kwer1242,-1.221725816816173,0.09750529741540546,0,-0.6495569693915575,2.0249253135586
kwin1241,worr1236,1.490146417554902,0.10327868619584471,0,0.2390102657396,2.0377334634375304
kwom1262,sepi1257,-0.45908038324797784,0.11703498072125781,0,-0.249518520244175,1.98635700450783
nucl1593,kwom1263,-0.7628916214463224,0.10188050917083763,0,-0.5863411600027499,2.0367464480481
kxoe1243,khoe1240,0.0874896459144225,0.057678054263976375,0,1.58535713784,2.07156495236543
kyer1238,sino1245,0.0328774591073326,0.06341977208452981,0,0.749090059118,1.6960166892314752
laal1242,laal1242,-2.013322180335471,0.07917011654959284,1,-0.762682388375,2.18641760544228
labu1248,aust1307,-1.150552746860836,0.055861247878002236,0,-0.38858572933150004,1.753627735172915
labu1249,aust1307,-0.1156679210484247,0.06154636357074419,0,0.2515950033915,1.7410039315009649
lach1248,taik1256,-1.0171703926411608,0.06874448678498003,0,-0.40725233194849997,1.8482058313107448
lagw1237,afro1255,-1.2717580070961558,0.04111985809216727,0,0.040275686095325,1.747177268929475
zaye1235,sino1245,-0.9910119446808111,0.052325189543894236,0,-0.08034772514374999,1.732829372736105
lahu1253,sino1245,-1.0400810136144258,0.04573739839166274,0,0.13415721571099998,1.7038211600196749
lahu1252,sino1245,-0.9793759408870946,0.021194424756669952,0,0.1302214376325,1.712680757372615
laiy1246,aust1307,0.6963967526822059,0.061289624917204244,0,0.747800021004575,1.752592844353305
lala1268,aust1307,-0.6034893459869879,0.0527790956130624,0,0.488433666746,1.7246532303668198
lala1264,atla1278,-0.8516105412722978,0.05078268210309421,0,-0.21490939754650001,1.724178152865985
lama1277,aust1307,-0.0825315157141967,0.04753253223283363,0,-0.2315261903645,1.7425273264985899
lamb1269,indo1319,0.851937061879958,0.06857306716405084,0,0.50389181817975,1.75604209824888
lamb1273,aust1307,0.5145280270201821,0.04860464742760846,0,0.1902401235035,1.746885833560985
hela1238,sino1245,-0.07082002243052629,0.05124107654091254,0,0.7148253778607,1.696378253111905
lamk1238,sino1245,0.0689785607794802,0.06367563210487245,0,0.468163317111875,1.735312811997705
lamo1244,aust1307,-1.6356081324669884,0.02246560525919576,0,-0.48906169376325,1.75066194554329
land1256,atla1278,-1.356725280266204,0.13192624570879435,0,-0.24971415219374998,1.78220340809817
lash1243,sino1245,-0.491616585144654,0.06574290363902736,0,0.3463626899315,1.7035365168844852
teke1275,atla1278,-1.3988984289583026,0.0640852791186184,0,-0.39219265863525,1.74606732584451
latv1249,indo1319,0.4031514583860159,0.07028082307995824,0,1.4378946575347502,1.80671855308592
lave1248,aust1305,-0.3611018081041066,0.0397198861960558,0,-0.017736333354249997,1.70017996149341
lavu1241,lavu1241,-0.7036512387275582,0.2497495476653409,1,-0.60954838426325,2.065707585491665
lazz1240,kart1248,0.03286334353832935,0.07616879673438218,0,0.0916613094206,1.9259849316787099
lega1250,atla1278,-1.398796997645408,0.05220861115994929,0,-0.35841692063625,1.7209273077072549
lega1249,atla1278,-1.5984895038263178,0.05257267872326184,0,-0.35438917515025004,1.72289961464254
lele1267,aust1307,-2.2033686997906137,0.0658032469822122,0,-0.44195683532999996,1.7482536374284998
lemb1266,nucl1709,0.2690354113963605,0.0854010088600638,0,1.19012522263,1.833455676978295
leme1238,aust1307,-1.9073334821298058,0.06617043576975803,0,-0.4982822124035,1.767053172936
lena1238,aust1307,-1.858419920204684,0.048222691259812246,0,-0.49584486113875004,1.75971509220938
lend1245,cent2225,-1.1509679205989074,0.05192068319796216,0,-0.9801145378522,1.81457239147731
leng1259,aust1307,-0.17969352048528625,0.02185260516576754,0,0.08546970645,1.74528107390119
lepc1244,sino1245,-0.0127934462408585,0.05697182123065899,0,0.0757121483941,1.74782623674336
lese1243,cent2225,-1.1296692678450388,0.06832669178151288,0,-0.8785520034601,1.79765309964806
lewo1242,aust1307,-2.3157692714819067,0.06595843130015115,0,-0.4365464510775,1.7520491040610051
lewo1244,aust1307,0.07050449190948416,0.04657661450277849,0,-0.18891894015675,1.74280172334782
lezg1247,nakh1245,0.0272043690776087,0.04210894455053629,0,0.159094769776,1.831327809120625
libi1244,atla1278,-2.646795354961049,0.04971633464698736,0,-0.9016780083732501,1.740745708928425
liby1240,afro1255,-0.22133050292579745,0.05809143649083226,0,1.21555192226475,1.6852047545954751
lihi1237,aust1307,-1.59360302147913,0.06274193897246466,0,-0.4188662649475,1.77253388362179
nucl1327,limi1242,1.212106186692465,0.29199328152543425,0,-0.00020648115824999991,2.047381788734985
lipo1242,sino1245,-0.42430410523206397,0.05553860869789324,0,0.5332269756863,1.7065332808801048
lish1245,afro1255,1.0085907744952265,0.04748508060629349,0,1.5677300287615,1.732974288257445
lisu1250,sino1245,-0.4075162955659396,0.06024989486136661,0,0.549740849175,1.7085814499110001
lith1251,indo1319,0.6793541811883987,0.07029347319364702,0,1.42900209320225,1.8054263672006452
lito1235,atla1278,-2.726472941699765,0.05710138335014523,0,-0.9049994461774999,1.737092294819575
livv1243,ural1272,-0.5306649027017464,0.05326512921465929,0,-0.044142721977999996,1.69943809385127
logo1259,cent2225,-1.5830172067385795,0.06070642932551313,0,-1.218569498875,1.8496964024508
balo1261,atla1278,-2.4660777022775564,0.0497813128774179,0,-0.887680280868,1.7422605889035
loka1252,atla1278,-1.7430539763921908,0.05174573508564818,0,-0.9465915883255,1.7903989856737001
araw1276,araw1281,0.4666114800555501,0.07522471882178954,0,0.750658895374775,1.975032456547225
lolo1259,sino1245,-0.4412435132601982,0.06974495397544217,0,0.5357452859325,1.7189846929306598
loma1260,mand1469,-1.528131781423062,0.056226659064062795,0,-1.48248078063,1.87666787708737
lomb1257,indo1319,0.12879066859264776,0.07566162372433101,0,0.47700455314055,1.745721275627635
chiq1248,chiq1253,-0.571957335265457,0.22109285788969973,0,-0.44184180741275003,2.08323294205936
acha1249,sino1245,-0.26053633804802556,0.04800886725519954,0,0.41570864207,1.707814242515465
long1395,aust1307,-0.1855726515557347,0.05059843361735907,0,-0.08125571814875,1.746133683730765
loni1238,aust1307,-1.7995704200952516,0.05820854725727483,0,-0.445924961949,1.7746938168845898
lote1237,aust1307,-1.388001988935607,0.05773031088804646,0,-0.55178096282,1.76167347788448
loth1237,sino1245,-0.2186028676428648,0.05885203947330422,0,0.3134740097548,1.7279681485046
louu1245,aust1307,-1.8013107706733202,0.059189290126541054,0,-0.42938195267375,1.772531520825925
vano1237,aust1307,-1.1874300707539267,0.055954139241286845,0,-0.4093315090265,1.75961333512045
lowl1260,tequ1244,-0.44889000044963245,0.05450221912260921,0,0.4507599641115,2.071007599878425
lowl1265,utoa1244,-1.0607951330657546,0.049993899984077717,0,-1.08265868427015,1.932591973242015
lozi1239,atla1278,-0.8302452697157747,0.05651951462038841,0,-0.34905520874350005,1.707236415691005
luan1263,aust1307,-0.5044364370648919,0.02487940922672053,0,-0.36383821113250003,1.7569161001153848
onto1237,aust1307,-0.2854839951463013,0.05463114638856612,0,-0.00786902584025,1.712057607429945
luch1239,atla1278,-0.789941331498019,0.06818296710739746,0,-0.590711379824,1.728172030302255
ludi1246,ural1272,-0.4380139630701957,0.05352950966755369,0,-0.04177728714,1.701926072061065
lugb1240,cent2225,-1.3428564421109015,0.058643247662142364,0,-1.22090297851225,1.8483644969150799
lugu1238,atla1278,-0.31211526774588355,0.14464619438599355,0,0.136557990232,1.727110194464625
lule1254,ural1272,0.803303611045785,0.052509562366023145,0,0.737634673725,1.726692505843945
lumu1239,narr1279,-1.7456564934711756,0.07362440415478771,0,-0.7533747933675,2.0943941799820402
luok1236,nilo1247,0.2251772482309776,0.060514141328551665,0,0.324594143302,1.8243105684910401
luse1252,atla1278,-2.544149021851,0.16499944146775317,0,-0.8449736078700001,1.74316045951194
lusi1240,aust1307,-1.7223314859784247,0.05037925192280345,0,-0.46281612413,1.77051265873912
luva1239,atla1278,-0.7332396841977198,0.060372017721006505,0,-0.4222624239625,1.732642719652425
luya1241,atla1278,-0.9442433464800496,0.06591967283579338,0,-0.69367899771,1.746109475928815
maan1238,aust1307,0.710775864899721,0.06637605428129752,0,0.43937017440000004,1.75710375254033
maas1239,atla1278,-1.8360796087548406,0.1254387421421175,0,-0.727851908865,1.79509720889875
maba1270,atla1278,-2.8705616361993225,0.17800879422266713,0,-0.88396331138175,1.73742977798253
maba1277,maba1274,-1.9660006919692141,0.06394617085380204,0,-0.807618450145,2.063749127448615
maca1259,guah1252,-1.5875074622966971,0.07936932132614892,0,-0.91113297506575,2.04639454038014
mace1250,indo1319,0.28690489440931494,0.08256790660046777,0,1.5335843702175,1.7838668480800801
maco1239,sali1297,-0.2968682448114103,0.08941550882698625,0,0.23859675299,2.0461445518612704
macu1260,tuca1253,-0.6056814137151695,0.07679807853225369,0,-0.069133617315,1.978079800379365
mada1285,aust1307,-1.7306411169070994,0.06315871860461415,0,-0.37114319086,1.77149366246924
madi1260,cent2225,-1.3265350927302961,0.06247425074828297,0,-1.20968861868475,1.8514781910588352
jama1261,araw1282,-0.26500033856289534,0.06082091904944289,0,0.12392565160275,1.999934804929115
madn1237,east2374,0.9272104535097145,0.06960311873749603,0,-1.3069229006224998,2.11767659353726
magd1235,otom1299,0.0315229946223849,0.06023888963418595,0,0.2323667738925,1.9573452847567
mail1248,mail1249,-0.0700634308006256,0.10187306731510101,0,-0.63353623609275,2.015271201990645
mais1250,aust1307,-0.538266587605703,0.057139721859019374,0,-0.11924211355475,1.749732267012025
mait1250,indo1319,0.3393273296641371,0.05938459419847604,0,0.5118537664489999,1.73978896838698
maja1242,surm1244,-0.4737441771243004,0.08284445318990528,0,0.44602753788675,1.880793558653275
maka1304,atla1278,-1.7807416662008553,0.04950250441588742,0,-0.6249052754672499,1.75250720314376
makc1235,taik1256,-0.6611828810568557,0.06357957282202958,0,-0.156272543556,1.84104221036762
makh1264,atla1278,-0.12978056571952284,0.06435095492128205,0,-0.17983287651594998,1.713182381851865
makh1266,atla1278,0.0884325779419369,0.06819268606758061,0,-0.1369416141325,1.7146723703858
mala1463,drav1251,1.547291363236782,0.08259786076197548,0,2.06646051512,1.8391079253695
mala1464,drav1251,1.5992083718494454,0.07325008789217852,0,2.065138218046325,1.839023610168905
mala1522,chib1249,-2.2976594278838443,0.07076725112214614,0,-2.0188399677875,2.023525061010655
male1284,gong1255,-0.879846644545043,0.0635062521122543,0,-0.4394723065225,1.83879878787527
male1297,chib1249,-2.475754705329552,0.1001816413828179,0,-2.0010441119375,2.0257389340433347
male1289,aust1307,-1.6732288104567818,0.06477386079074174,0,-0.52769770394875,1.754846229512905
malg1251,afro1255,-1.01395351198494,0.05450046890529927,0,0.23292876103125,1.7324982306367351
malt1254,afro1255,1.17937693043761,0.12370174613180733,0,1.20940187863,1.6860929392546802
malu1245,aust1307,-2.274768129046565,0.06620380243354969,0,-0.4070267750025,1.7524910461807899
mamm1241,maya1287,-2.2734292658534425,0.0817507896767916,0,-1.456008057995,2.075823491099305
mamb1294,atla1278,-2.021435295047329,0.07416605575910278,0,-1.4233197477994999,1.765321641553325
mamb1296,atla1278,-0.8021307070523616,0.06304423930906523,0,-0.181115306994,1.7363908214224701
mamv1243,cent2225,-1.5599366670190524,0.07378388389278032,0,-0.9584274958947501,1.79741687829605
mana1295,aust1307,-1.1360135011727635,0.07610821892223167,0,-0.40272677289327496,1.74734625673941
mana1298,nduu1242,-0.1938443058759084,0.0995866321944808,0,0.4711631059078,1.954396385990645
mana1288,sino1245,0.1441654708386847,0.06077355587741424,0,0.91791154110125,1.72724391728621
payn1244,nucl1709,0.1154853503020011,0.05614927193112433,0,0.7547903976152,1.85949413103195
mand1440,aust1307,-1.7624143808526265,0.05005394188444815,0,-0.4189963379425,1.7686342557205599
mand1415,sino1245,0.4295287931111086,0.04545730312804615,0,0.40439892433,1.728033329215895
mand1436,mand1469,-1.5912085756511105,0.08616401447281281,0,-1.4155924484225,1.86875491835143
mang1378,aust1305,-0.9843934865846462,0.030309074672981273,0,-0.07505381640075,1.698023300322005
rapa1245,aust1307,-0.0041363348147776,0.04898631107152017,0,-0.04780190786999999,1.7074901845864
mang1401,aust1307,-0.797385669286142,0.051417760626095495,0,-0.19737196686825,1.708292024903645
mang1381,mang1423,1.6687665308842428,0.04209846426810852,0,-0.0030387832050000002,2.05217082372286
mang1394,cent2225,-2.070059837018417,0.05580192491527207,0,-1.0947581140275,1.795640929914025
mang1404,aust1307,-0.8944157336030263,0.059834440414611174,0,-0.15958744669000002,1.75483644754809
mang1405,aust1307,0.45438119713076536,0.050303409925883086,0,0.06916104125725,1.728998287002955
moni1237,otom1299,-1.4344412859510713,0.07311972037233667,0,0.113044566143625,1.95935790645528
tong1308,aust1305,-0.043453861364764,0.03119199403132257,0,0.3271875133615,1.702656320883205
manm1238,aust1305,-0.8864597591995559,0.04752277484634445,0,-0.1471291153805,1.6926298633973649
mann1248,mand1469,-1.565595753087475,0.06788917163374694,0,-1.6134351347295,1.9061221070668
maor1246,aust1307,-0.8301891448962808,0.02186833432355256,0,-0.194281465088455,1.714739212986965
mapo1242,aust1307,-1.0855075824004001,0.06329988535296326,0,-0.2778753074825,1.758722094063395
mapu1245,arau1255,0.2471334003376016,0.05184574674813277,0,0.355148712986,2.07169314173486
mara1382,sino1245,-0.0485959865584973,0.06882058702528013,0,0.48500254610975,1.73705096373403
mara1399,aust1307,-2.2947495953981516,0.0173459158230055,0,-0.44722432452750005,1.75121436102804
mara1404,aust1307,-0.023840066825603003,0.0790190082555497,0,0.290477748187,1.74168313080961
mara1386,west2434,1.1825414944559485,0.08832959499178951,0,-0.1825723056345,2.025454749409985
mara1378,indo1319,1.061622227993471,0.049131212339266456,0,0.8850043085975,1.7633621573411
marg1265,afro1255,-1.1811835291744903,0.04171722571854036,0,0.02332468649,1.75170619894357
mari1440,coch1271,0.29485869854309543,0.06183023138442541,0,0.33488200969994997,2.0139477971930253
nucl1622,anim1240,-0.048761666652536756,0.06894922976341838,0,0.411099852406,1.99237627428456
mari1424,west2434,1.0878854042821318,0.10481526275315062,0,-0.7229661080415,2.05452555225262
mars1254,aust1307,-0.8789765046738316,0.05598022196174717,0,-0.4801185856115,1.74523729369256
mart1255,pama1250,0.5279949457962564,0.09956395415574805,0,-1.252087009909025,2.0374218467577396
maru1249,sino1245,-0.3761479072353287,0.06447789824649731,0,0.495458878017475,1.7073424327796198
maru1252,pano1259,0.4459898285104132,0.06370499305878165,0,0.7627018966725,1.902899258466235
masa1322,afro1255,-1.400984446061662,0.03235931989369776,0,0.023482258942750002,1.78001218947985
masb1238,aust1307,-0.11950583067069839,0.07285419066004577,0,0.176851394695,1.7267660611303501
matb1237,aust1307,-1.0749492732351458,0.025366469961306187,0,-0.37956453739999996,1.76434943029015
kemb1249,aust1307,0.4307004193001098,0.07311065397811245,0,0.29533649345425,1.75289332362244
mati1250,aust1307,-0.11988373870849545,0.0763806326460219,0,0.1415918139725,1.73035333513918
mato1252,aust1307,-1.2418569198431193,0.06614072207199825,0,-0.4893921362595,1.768622954891005
mats1244,pano1259,0.3445020591295487,0.08299826574143768,0,0.88734339414,1.9381209759927551
matu1261,aust1307,-0.9685752849803123,0.07430691593629644,0,-0.321882318018,1.7509983449791
matu1259,atla1278,-0.00610847499545765,0.13135421512038148,0,0.18810435491475,1.7492141376251902
maun1240,iwai1246,1.3512965405643733,0.05905491909430708,0,-0.08457814912924999,2.054942796824565
maxa1247,nucl1710,-0.439663232260411,0.05948100701104346,0,-0.75825379655105,2.000067351873475
maya1285,misu1242,-2.173594616515646,0.10676788193536947,0,-0.8887749061697501,2.049662133473365
maib1239,mayb1237,-0.7016261889686597,0.09763092145101351,0,0.6400930729855,2.02023195666438
mayo1264,utoa1244,-1.1940283209637803,0.05668926584801256,0,-1.16702344849475,1.946774041146445
mayo1261,atla1278,-2.0406393145348445,0.06944575411701366,0,-1.50232340170475,1.76530697745733
maza1304,afro1255,-1.2334826576719058,0.041646767387451926,0,-0.01802797064625,1.741114486152385
mbaa1245,atla1278,-2.2979120550320737,0.07432507292587846,0,-1.4904509114639999,1.76891078940938
mban1263,atla1278,-2.6702259094157923,0.09704149877305987,0,-1.474142616005,1.76881670528571
mbar1260,afro1255,-1.2258216295015485,0.056581165536979484,0,0.20379656406805,1.74453199342971
mbay1241,cent2225,-2.257351625486453,0.07133736759628295,0,-1.2953668249599999,1.79224233889017
mbug1242,atla1278,-0.30578095333422944,0.06933199603840458,0,-0.27251921693217496,1.743458818823115
mbul1263,aust1307,-1.6016524184716034,0.06334570604781099,0,-0.51681393534325,1.757580072175815
meen1242,surm1244,-0.3879907654207001,0.05935082697445636,0,0.631109674303775,1.8627831938874402
mehe1243,sepi1257,-0.5809307440958437,0.2805342400994065,0,0.10997287769945,1.9809282228250549
saki1248,tupi1275,-0.5001774120767472,0.07187991150864895,0,-0.46379028741425,1.9594599566880349
meke1243,aust1307,-0.5987128370203254,0.06742634937780027,0,0.5216685689814999,1.72607603521806
mele1250,aust1307,-2.1899090454614196,0.07055625590445244,0,-0.15219058887999998,1.725394670790505
melp1238,nucl1709,0.4191750123740286,0.06946753417483656,0,1.2374237873685998,1.825262030995125
mere1242,aust1307,-2.1790288772303494,0.05592117537022988,0,-0.47996529626775,1.76026166213931
meta1238,atla1278,-1.8493088637961046,0.06871084832800707,0,-1.074383271076,1.846561857949725
mezo1235,otom1299,0.00297082599987315,0.059142609230483055,0,0.34635874638700004,1.961319770379075
mezq1235,otom1299,-0.20407386004865974,0.08337340489909688,0,0.40079522987375005,1.938450930327725
mich1245,utoa1244,-1.9218194442615384,0.09110743257526675,0,-1.3856992282075,1.954161943056735
midd1327,aust1307,-0.9974813210037197,0.02481413554714215,0,-0.38359745777300003,1.75034836330071
mika1239,musk1252,0.28997082980490196,0.07220922040325188,0,0.53930770139475,1.96160464183984
mikm1235,algi1248,1.4500962706940599,0.12280676597140591,0,2.24429658515525,2.041910275651535
mila1245,sino1245,-0.015790482797017752,0.05820425476993185,0,0.01288392491725,1.709233092811965
mina1276,afro1255,-1.2259455731365012,0.03967338397060281,0,-0.0237774170015,1.74345233195619
mina1268,aust1307,0.33650372350529395,0.05338591065922046,0,0.0077901876665,1.70638493614318
mini1256,huit1251,-0.44396669366864294,0.066014201367353,0,-0.13956422389724998,2.006390608372455
mini1251,aust1307,-1.5238172483433918,0.05973917030351553,0,-0.40908782255795,1.755761841604665
minn1241,sino1245,0.2164888625074487,0.031814324754813265,0,0.15186768022925,1.73706183471896
miri1266,jarr1235,1.5407221419270805,0.06927282118596549,0,0.0427434284975,2.07739281531307
misi1243,aust1307,0.23100583160916416,0.06152312141018294,0,0.37057676862825,1.7321782673526749
misk1235,misu1242,-2.2088811656445286,0.07784632366109884,0,-0.84272062982375,2.05381214323828
mixt1426,otom1299,-0.02841863116258615,0.06549458571301214,0,0.07903475321525,1.942556313895455
miya1266,afro1255,-1.723752134071132,0.12555466726199846,0,-0.047304725522975,1.7759016677963801
miya1259,japo1237,0.7347334410026247,0.03164529442387557,0,0.9097267569227501,1.911161656127185
lush1249,sino1245,0.08776524581245759,0.06274850037206445,0,0.46440831646924996,1.741539665256075
mlab1235,aust1305,-0.37770939862469766,0.03953769282535534,0,0.1881311009345,1.7001782258909
moba1244,atla1278,-1.9195825132702207,0.07790514946714269,0,-1.1398469269613498,1.77431785025958
moch1257,maya1287,-2.1397656571719867,0.07268709159266473,0,-1.5040512272725,2.0654934635213253
moco1246,guai1249,-0.4290933779895518,0.05554334888377626,0,-0.016039144722500003,2.00484893227185
mode1248,indo1319,0.48228549821754896,0.11387927115287844,0,1.059807490321,1.861350723789355
moha1258,iroq1247,1.6350197428970608,0.10429341418962415,0,1.689786206464,2.0375523675717053
moii1235,west1493,-1.1088021653923608,0.06593652919516187,0,-0.565621037237525,2.030673230933965
moke1242,aust1307,-0.13216760389195464,0.055129317563163936,0,0.56843929011025,1.73260042672065
moki1238,aust1307,-0.6167533956290826,0.05769979270133558,0,-0.37587121788475,1.7301629230134798
mokl1243,aust1307,-0.12850325706620103,0.031882980537913316,0,0.569646280107175,1.7411328057022102
mokp1239,atla1278,-1.4482810921627811,0.07452106338589785,0,-0.24974824317425,1.758824210833575
moks1248,ural1272,0.04458845661515835,0.03129539848051829,0,0.31839822517475,1.73929312947869
nucl1452,momb1255,-0.5309460388358023,0.07298700788854784,0,-0.6348799565538501,2.048581756657155
fass1245,baib1250,-0.8164359192252546,0.05590019430056267,0,-0.586294798322,2.032585923110445
monn1252,aust1305,-0.46090837378765537,0.03229630653853235,0,0.120987318561675,1.69265708317169
mong1338,atla1278,-2.2140730075681865,0.05839443092824069,0,-0.8476898910805,1.7390967687815748
mono1273,aust1307,-0.7414252845755315,0.06856975012302288,0,-0.34009650931665,1.748164297498175
mono1275,utoa1244,-0.633879705344961,0.05635531159745262,0,-1.1357232223642502,1.9375224595813951
nucl1458,monu1249,-0.93646485723447,0.10324840150616213,0,-0.53727709579625,2.05399472013512
monz1249,atla1278,-2.611607992253436,0.06372196569056959,0,-1.51620768049525,1.761193031933435
mopa1243,maya1287,-2.4194240746596747,0.09143322686577816,0,-1.522693081725,2.05592055244308
morm1235,aust1307,-1.393644416026113,0.05223382193913904,0,-0.37317025072800003,1.750960232627655
moro1287,aust1307,0.7401963519153076,0.0683648659393445,0,0.713910828136275,1.751253084412
mort1237,aust1307,-1.068555986922791,0.05029566960649341,0,-0.52010226206825,1.736540431214175
mose1249,mose1249,0.4775915042956484,0.06281857574646267,1,0.39420883359475,2.05730797123729
temb1272,atla1278,-2.7092781889378994,0.06849840061066867,0,-0.8544674190892501,1.741174506393415
motu1246,aust1307,-0.21123526651361518,0.04729489830186054,0,0.5173361338642499,1.732090601279615
mouk1239,aust1307,-1.6892358916942631,0.04627784053798051,0,-0.49158539456375,1.751392647141885
moun1252,koia1260,-0.48952903952562216,0.050547279057264374,0,-0.38117236785950004,1.977109109292635
movi1243,movi1243,-0.2254287801237519,0.06673918517524345,1,-0.6056120937172624,2.044209455993345
tang1347,aust1307,-2.2207514491727753,0.06176685841440865,0,-0.48659933573825,1.7575453169034851
moyo1238,sino1245,0.0256657984768117,0.06868785515582888,0,0.466691737275,1.722508753488155
mpad1242,afro1255,-1.232461151521059,0.03274767490345963,0,0.049451875891,1.7470745260358749
mpii1239,sino1245,-0.2595177561519527,0.061405724225043874,0,0.26728117775000004,1.6941088464983851
mpot1240,atla1278,-0.15325800153151836,0.04692399845677547,0,0.179432210994,1.7473560063786402
mpur1239,mpur1239,-1.223433058066766,0.08585166437376265,1,-0.61968058979675,2.065308415721555
mual1241,aust1307,0.5975535265954464,0.06249183331592712,0,0.009872386555000001,1.715407063340305
mudu1242,aust1307,-1.8178554079196625,0.02129202040269227,0,-0.31850483493,1.7743789207924752
mudu1239,drav1251,1.6276319757196844,0.0776948870010615,0,2.0705989631144996,1.83326522963893
mull1237,nort1547,1.4384294655179994,0.062012841540390454,0,0.004916111265,2.0274277192661554
nucl1240,atla1278,-2.1581164753411803,0.0745484251784929,0,-1.3049688297913,1.77076815785426
munc1235,sino1245,-0.7464856372933176,0.05572212894913578,0,0.14883130023725,1.720498082730865
mund1328,atla1278,-2.301285470844036,0.15165375729025918,0,-0.715888127625625,1.796303996740985
mund1325,atla1278,-2.0632881896387865,0.07220967603327107,0,-1.426281630171,1.7647695388239701
mund1320,aust1305,0.7675683000826252,0.027770944669266932,0,0.695906837645325,1.73341356946798
abar1238,atla1278,-2.2433087272405245,0.16342254666807307,0,-0.707757676931525,1.803126980600545
murl1244,surm1244,-0.06274214033842795,0.061125871887938256,0,0.921521028985,1.86967574447034
muru1274,huit1251,-0.3712282116330501,0.06262243168339837,0,-0.0778565027693,2.00496968274801
muru1266,pama1250,0.008984287100346749,0.08708986943858103,0,-1.165001667435375,2.063397856426425
musg1254,afro1255,-1.1437096085622973,0.036920887935236485,0,0.27903813783,1.74613070910786
muyu1244,aust1307,-0.01959623595914645,0.04476409708021585,0,0.3342143435594025,1.73075688655785
mwag1236,afro1255,-1.5409535982521398,0.04802017227363654,0,-0.06615029807350001,1.775234624642555
mwan1250,mand1469,-1.7436364411950693,0.06916483463772699,0,-1.6123237259825,1.910870332243455
mwan1247,atla1278,0.3069472293904462,0.06989870324302735,0,0.14295007143799998,1.714512799372185
motl1237,aust1307,-1.894637733372217,0.01913261080068861,0,-0.49409943071499995,1.763124620216
nade1244,nada1235,-1.1044683079508166,0.04041713620087588,0,-0.8476190769585,2.0414678197787453
sout2857,aust1307,-2.326624732188441,0.06156292312464864,0,-0.43849768225675,1.758279531553875
nali1244,aust1307,-1.8615514715458739,0.04793488382456062,0,-0.365394464976875,1.758126784786505
litz1237,aust1307,-2.3117477786470126,0.059532180635542775,0,-0.4439780725675,1.745275652490665
namb1293,more1255,0.5663319994113525,0.10202087734961655,0,0.562774895495,1.984157778310625
namu1246,sino1245,-0.7323251855823967,0.05178152939993316,0,-0.0853816196785,1.7180287720925649
nana1257,tung1282,0.6972868257641082,0.03979312142973275,0,1.69651154537525,1.867046454895045
nand1266,nilo1247,0.17611893644082016,0.051717887932727774,0,0.36613765588,1.82124547397584
nang1262,aust1307,-0.5078797772572881,0.03409292250287328,0,0.093935462136325,1.75619524479352
yong1270,sino1245,-0.8253844854520341,0.061668674967271894,0,-0.07489061263499999,1.721600693883615
naru1238,pama1250,-0.6174925494201824,0.07778405491797158,0,-1.5264999219835,2.074965337356155
nati1244,aust1307,-2.3265955654757593,0.08277631018715817,0,-0.4310975206025,1.762296747944995
natu1246,aust1307,-0.4803600114127283,0.06867783878935133,0,0.091556052705,1.74237819077364
naue1237,aust1307,-0.4751902722785569,0.05161796680295608,0,-0.35426399919875,1.75705303849282
naur1243,aust1307,-0.17641166553309776,0.05835694766340971,0,-0.16309794803150002,1.74768614258744
nava1243,atha1245,-0.23480527757499203,0.0585575240977888,0,-0.10569231375365,1.9427824136609901
nawu1242,atla1278,-1.7998279827422974,0.06826060473362282,0,-1.11314661725325,1.777259062315075
naxi1245,sino1245,-0.7471262735619417,0.058990304445368014,0,-0.07658470371225,1.7222828445162799
ncan1245,atla1278,-2.063300567016917,0.06585025872042088,0,-0.857020888356,1.7986027627016452
ndam1239,atla1278,-0.0612741107438445,0.07063789289162958,0,0.036786743427500004,1.7338778234086951
ndog1248,atla1278,-2.293244678513326,0.07835759800166069,0,-1.4834568268905,1.762101129396405
ndom1245,kolo1268,-0.8896440934097876,0.09580399559371323,0,-0.836115921824275,2.03023069838976
negi1245,tung1282,0.6920310760127582,0.03603772986400634,0,1.7146008210425001,1.87399903792211
neha1247,aust1307,-0.8555026270099934,0.06046324926312428,0,0.059795921870000004,1.748737314958865
kuma1276,aust1307,-1.0638553557531951,0.0548805409922817,0,-0.22180604751075,1.7395113022792
nenn1238,more1255,0.5438719664635032,0.09397972273946456,0,0.5690012682745,1.98260702552136
nend1239,nucl1709,0.0396077943802274,0.05823961568231219,0,0.5898632772135,1.84772664069664
neng1238,aust1307,-1.0498319467861532,0.06884434704232577,0,-0.0052495476332499996,1.7386818362496501
nucl1706,afro1255,0.5854103546719196,0.04813122686021073,0,1.5505328427915,1.73935000888692
nese1235,aust1307,-2.2757626042945347,0.058098179315252095,0,-0.40319118707725,1.75205588481095
vinm1237,aust1307,-2.319848950939445,0.05575420424828207,0,-0.44724727969575,1.75316864445313
ling1265,aust1307,-2.332494449150612,0.05366584114862914,0,-0.4458060227915,1.7590004551289
nezp1238,saha1239,1.2854440318857216,0.06843938546401143,0,1.134996680367,2.05736974574511
ngaa1240,pama1250,-0.00141161553241905,0.10442912220144353,0,-1.5081208285855001,2.047597354278825
ngab1239,chib1249,-2.393315613079219,0.10150971482018624,0,-2.05251155906,2.009813012604405
ngal1292,gunw1250,1.715616592563701,0.09055708953032633,0,0.15131617093011002,2.0254924694875998
ngam1268,cent2225,-2.154674543127631,0.054044349829226665,0,-1.29988849387375,1.7905335937069151
ngan1291,ural1272,0.4129798594813094,0.04622963024552713,0,0.6636864502865001,1.81246172861415
ngar1235,pama1250,1.2126082516663703,0.09489062182220896,0,-1.0957055003425,2.027779965840635
ngar1284,worr1236,1.6310506399171327,0.10168819880906134,0,0.20908697151814998,2.039831531161105
ngar1283,mirn1241,1.5367421043517808,0.07157102969168493,0,0.27668703488275004,2.013118450477185
ngba1284,atla1278,-2.573086011833369,0.06317773818597446,0,-1.51304867781725,1.7752028737094552
ngba1285,atla1278,-2.625164669745237,0.07970128399151016,0,-1.36754900073625,1.792213190972205
ngit1239,cent2225,-0.9708161021069031,0.049388003844339834,0,-0.9313681283549999,1.81134494899105
wang1291,pama1250,-0.03157303529300075,0.08826332327562728,0,-1.19990796349275,2.0553660101874254
ngom1268,atla1278,-2.653149152397463,0.0628979783848756,0,-0.8565041290275,1.73605738763593
ngul1236,aust1307,-1.2408850207795956,0.06102585820675537,0,-0.4188373702461,1.773114372035335
nhan1238,pama1250,0.6769329317619333,0.08900964895648801,0,-1.10392503997725,2.043519793766235
nhen1239,tupi1275,-0.4738525435434417,0.058174294447108255,0,0.152491015361,1.91091663452953
niha1238,niha1238,0.830729523588926,0.07415460113120534,1,1.5299935026525,2.120868918837135
nucl1633,nimb1257,-1.0078900724913258,0.09265842772586069,0,-0.47816473410825,2.032122543855
nina1238,yano1268,-1.2505435817005854,0.07377349759684561,0,-1.10368245749925,2.029646420320745
nisg1240,tsim1258,-0.6985911849907795,0.057095642903553546,0,-0.0180744647225,2.0681651338906653
niua1240,aust1307,0.2039388643118526,0.0805654350954554,0,-0.014999751295,1.711742252821965
niva1238,mata1289,-0.303498550933676,0.05755645328711627,0,-0.4803970661225,2.056523052091565
njan1240,atla1278,-1.9540449343151285,0.062368844668922244,0,-1.17192699381275,1.837758351831345
noct1238,sino1245,-0.014392875019836649,0.05196988503915887,0,0.15656238630750002,1.714625798653465
noku1237,aust1307,-2.0488602168226073,0.057879094691586225,0,-0.46982000881749997,1.7544075878257002
noma1260,atla1278,-1.3417174046306306,0.05704159002178584,0,-0.17320727847925,1.75586472747817
noon1242,atla1278,-1.7153584095584515,0.15598303799839563,0,-0.5764998796715,1.800313966633445
noon1243,atla1278,-2.0292977937329053,0.06885995062684426,0,-0.853935456347,1.801355670100285
nopa1235,otom1299,0.06424879655802235,0.05879774023497631,0,0.33133651756025,1.9528691203455248
nort2697,turk1311,-0.7241865190102192,0.057360718559632685,0,-1.27563020768,1.80244875935219
darg1241,nakh1245,0.0486168036464551,0.050058498304945465,0,0.3463613908815,1.844665129156915
nort2930,kiwa1251,-0.5889753809332752,0.10286165679772266,0,-0.57212067731,2.036748992287105
nort2724,sino1245,-0.6822926311143565,0.05724279828807987,0,-0.15678909830675,1.731607153700765
nort2972,choc1280,-2.155310523770339,0.0800819125377637,0,-1.3093415232345,2.035052517096755
nort2702,drav1251,0.7953304936975573,0.06848790527068925,0,1.8755931878549998,1.82887174735413
gumu1244,gumu1250,-0.0898758200497829,0.058729541843137785,0,1.34920534249525,2.0543162634167
nort2938,haid1248,-0.38228460546686394,0.06785499579415223,0,0.46083850454249997,2.03749979856615
sing1264,sino1245,-0.0099368799304594,0.06986529024850409,0,0.08605512033025,1.7256807026766952
nort2684,aust1305,-0.02061531957501235,0.03598335646804492,0,0.386862622702,1.69697050735226
lush1252,sali1255,0.370716414318051,0.060959661791855364,0,0.41161641471175003,1.95493188864575
nort2774,atla1278,-2.7613770314470614,0.06745546354246519,0,-1.480994998751,1.765913120177895
nort2954,utoa1244,-0.5442823002165822,0.06643776396943792,0,-1.1323966626050002,1.932413778517955
nort2957,utoa1244,-1.7942861941773462,0.0700546678099854,0,-1.3758008208132502,1.949290835867545
nort2723,sino1245,-0.722641680857485,0.07288017105631231,0,-0.01647348199925,1.73168255012988
nort2747,hmon1336,-0.3320058337414793,0.04377141259989316,0,0.4358050950365,1.7671969786529451
nort2722,sino1245,0.12265009844197336,0.06479312671656622,0,-0.05479601751725,1.723180787452845
nort2994,aust1307,-0.5553470156246971,0.021260571685615525,0,-0.208510326632,1.72196652125201
nort2885,aust1307,0.0028451931426416,0.05090740691587608,0,0.18711337976025,1.73984933273923
nort2959,utoa1244,-0.900659765456934,0.07253177533748514,0,-0.86240974152175,1.91850596697718
tosk1239,indo1319,0.26498876253560877,0.07789289077570322,0,0.8435589412740501,1.8390306018948999
nort2732,sino1245,-0.34263070718577804,0.047040536299630696,0,0.022932381495,1.7305925249822551
nort2690,turk1311,-1.4274402482686186,0.060586159830428324,0,-1.3181507372915,1.8231198918034401
yoku1256,yoku1255,0.43414857154192704,0.04848627372915586,0,0.7945831383824999,2.0786945630872404
nort2745,yuka1259,0.7775409819734769,0.0564389583484061,0,1.5456239352216752,2.1967692876382348
nort3047,afro1255,-1.191102529924585,0.050347904529526706,0,0.09246982638949999,1.7501535317352
nort2980,quec1387,0.985209496188924,0.06146289655875465,0,0.51269359019275,1.92774402090819
nort3139,afro1255,1.0562771910346678,0.08050000344696161,0,1.2080800648242498,1.681983422058645
nort2845,aust1307,-0.9222841358404498,0.04494011526722465,0,-0.205365846574,1.710434351618805
nort2671,ural1272,0.7542015837252098,0.060261427772249326,0,0.74043986522575,1.728245046297205
nort2942,atha1245,-0.971758248921107,0.06889762755721249,0,-0.362990501203,1.945568682307135
nort2847,aust1307,-1.876871425875576,0.049757624787722735,0,-0.49752955461,1.763915991530165
nort2699,drav1251,1.0788642260595573,0.07722290006635397,0,1.4669787924772502,1.83090034917058
nort2961,algi1248,1.549552957506855,0.10598894144036676,0,2.3168217747062503,2.029342263326185
nort2775,atla1278,-2.139668224549041,0.07524231923488098,0,-1.37211794944,1.78332986488083
yaki1237,saha1239,1.0210708160368185,0.058633787478278174,0,1.1494721631632498,2.0524668694026946
nots1237,aust1307,-1.81149350480063,0.06628844583451575,0,-0.41576396230150003,1.77124804147534
nsen1242,atla1278,-0.4318105974018338,0.055440189277256864,0,-0.040148374240750004,1.7273476778428551
nuer1246,nilo1247,-0.6937100824631841,0.07226859176243992,0,0.4166838179575,1.8408552126564799
nukn1238,nucl1709,-0.2311065960085428,0.0691019923971131,0,1.2314862253525,1.81865924625044
nuku1260,aust1307,-0.7359739780995189,0.07040237804173562,0,0.04351383322225,1.7177866660194998
nung1282,sino1245,-0.5294082352519383,0.051164435423095136,0,0.13386899478525,1.728906047900165
nupe1254,atla1278,-2.0264157115349906,0.06324436685105839,0,-1.15380848144175,1.79346680288584
nusu1239,sino1245,-0.55402253447334,0.060574530797414206,0,0.14200545292675,1.7155730153471902
nuuc1236,waka1280,0.1470519874189401,0.07883992570476256,0,0.6742725524175,2.016958466352735
nyah1250,aust1305,-0.10872514563866645,0.04135142363159225,0,0.17127077309975,1.697084492859925
nyak1260,atla1278,-0.33792631353496383,0.06024743042177993,0,0.04921716636825,1.73977958336154
nyam1285,afro1255,-1.514547725247641,0.044554946347298445,0,-0.086120696862925,1.77442942503007
nyan1301,pama1250,0.6538960432651391,0.08234591925768699,0,-1.22519697846975,2.0296876910238497
nyan1307,atla1278,-0.7501569404739149,0.058383043676363704,0,0.09246631438225,1.71670871902631
nyaw1247,pama1250,0.8221332728659146,0.09392533941219533,0,-1.13862397521675,2.05866796326402
nyig1240,nyul1248,1.4337505092650857,0.10769727252754853,0,0.2345519332535,2.044786379705555
nyis1236,sino1245,0.034995828883026506,0.031888046931070564,0,-0.10179238093775,1.70985437248047
nyor1246,atla1278,-1.0843259221740749,0.05675111739913913,0,0.0241085249925,1.7096390701219049
nzak1246,atla1278,-2.3577117842034,0.07142759497536122,0,-1.4309584853025,1.7674525503322451
nzak1247,atla1278,-2.7510431654446217,0.06718829158287128,0,-1.4950741872662499,1.7565283371204599
obok1239,lake1255,-1.1737968221328376,0.10290212527218257,0,-0.5294609945035,2.0179778734433
occi1239,indo1319,-0.1489469755610762,0.06165164555116596,0,0.332666583954,1.74578019281731
ocot1244,otom1299,0.01979089747091175,0.07293161530305516,0,0.16042384602100002,1.947629314715905
oriy1255,indo1319,0.8508429568322354,0.0432983538417056,0,0.74949449378275,1.754621542507795
ofay1240,nucl1710,-1.1867588952211554,0.0689903173427742,0,-1.06459619927175,2.012614079202055
kalm1243,mong1349,0.1066880362475055,0.05651673920820075,0,0.8973091611885,1.853486862737035
okan1243,sali1255,0.8381072339998317,0.06763857602455436,0,0.973180604487,1.97174601294253
oksa1245,nucl1709,0.3532880045439841,0.04397937055962415,0,0.8441512776865,1.807484922254525
oloo1241,nucl1708,-0.4715269032468634,0.08597288411148978,0,-0.1043384809475,1.92268210225397
olut1240,mixe1284,-1.1767243967788987,0.06836851080522942,0,-0.871697090893,2.0435299680722903
omie1241,koia1260,-0.3628624363682804,0.049106880952657785,0,0.043955885722249996,1.971708165749955
bira1253,bira1253,-0.5627509677786737,0.07366929769401287,1,-0.925018248053,2.285369802577665
onon1246,iroq1247,1.5666694510921981,0.10626060798530888,0,1.7019050838347498,2.04086714679721
orok1269,nucl1709,0.15103144684166314,0.09755691136655123,0,0.7773806371212499,1.811137232028605
orok1267,nucl1580,-0.6134118231617183,0.055615279606955594,0,-0.5145471187575,2.028839514898745
orow1242,aust1307,-1.176476157880309,0.04785454517886356,0,-0.3231472599445,1.75338183595851
otta1242,algi1248,1.820603896718345,0.14065211365999125,0,2.311046170015,2.02907850003505
owaa1237,aust1307,-0.2981476814434137,0.058117744336132066,0,-0.17030511200600001,1.735528874266075
paaa1242,afro1255,-1.7183386863249979,0.12241400449916344,0,-0.04925817872075,1.76396633569705
darl1243,pama1250,-0.4774771107553889,0.10672191177677211,0,-1.4777012180675,2.08463666215128
paam1238,aust1307,-2.3430984049309647,0.058634149614922956,0,-0.4029710089595,1.76815021700285
paas1238,atla1278,-1.8400212517309182,0.08563891494412741,0,-1.1104419202132498,1.77637450594352
paco1243,aust1305,-0.07805664183870126,0.019897325322963767,0,0.20939896785095,1.69659981714478
pagi1243,atla1278,-2.7124481617722074,0.06081141733891504,0,-0.6192500071585001,1.751306107148575
pagu1249,nort2923,0.05850985526693375,0.08396111316308054,0,0.33968283850250003,1.9041918831165452
pahn1237,hmon1336,-0.20306035592765975,0.037455509941596236,0,0.7531144019225,1.7705558707147748
pala1344,aust1307,-1.0150384577767757,0.06950207761361311,0,-0.05696943471275,1.757703862625915
balu1257,aust1307,-1.7721695155491377,0.057188370330867655,0,-0.4284939439225,1.7691177400284248
pamb1243,atla1278,-2.3486277862264213,0.051589046483625056,0,-1.4973322902475,1.7536002723323398
pamo1252,aust1307,0.8199400666702313,0.055496189260231754,0,0.718688442819725,1.75285998322545
pana1307,nucl1710,-0.9475587980759298,0.04736143266721133,0,-1.372270225902775,2.01183424258039
enap1235,cari1283,-0.5334183080012849,0.07145264392855974,0,-0.1267941530675,1.935243621547325
pang1290,aust1307,-0.7403888815248274,0.08493226311258137,0,0.0269123907235,1.7318077565362
pang1291,aust1307,0.12941123419477057,0.02147254014540231,0,0.486180213491,1.7473884690488402
pang1287,atla1278,-0.45470027050976475,0.08004627020241838,0,-0.3005321845145,1.716637858050945
pano1254,pano1259,0.17795026033098288,0.06441469571513479,0,0.7426041428145875,1.900049185922895
papa1238,toto1251,-0.9527811164652016,0.08674184594766168,0,-0.34240228471495004,1.95178993418885
papa1265,aust1307,-0.615280138183537,0.05638869800597719,0,0.06348841083975,1.75140903169226
para1311,tupi1275,-0.47570699975839564,0.05126619638333862,0,0.07916324971205,1.907388091752365
para1302,sino1245,-0.09550001068267785,0.061406257292049564,0,0.41074138243575,1.73335270990547
pare1272,araw1281,0.37226596048676536,0.07638375814645827,0,0.7170849401475,1.98016902967457
patp1243,aust1307,-1.5512663378852904,0.0625774982550661,0,-0.39406898880075,1.76287132276676
patt1248,sino1245,0.20206698278975838,0.040854958705849286,0,0.56539120481,1.7252251724962648
paul1238,aust1307,-0.8267133790453265,0.061064439569131934,0,-0.22699742820725,1.7638136248935399
pawn1254,cadd1255,0.59850787601892,0.0594786340420971,0,0.776055189022,2.058257988152575
pech1241,chib1249,-2.523655759314795,0.09090662934678767,0,-1.75503097845575,2.0460320143111748
peer1241,atla1278,-2.0861734302662143,0.0789084450757123,0,-1.2333863937725,1.7687462089523551
pela1242,sino1245,-0.2863310008678766,0.06228210866240301,0,0.49769896511225,1.70969616747773
pemo1248,cari1283,-0.7787291961630958,0.0714482646447924,0,-0.2078684116165,1.9192710663475752
pend1242,aust1307,0.814403364460486,0.054693432758339995,0,0.816677945945,1.759909456451945
peri1253,mong1349,-0.340235803905826,0.0482479223544811,0,0.79953366697995,1.840578097731
pich1237,araw1281,1.0394493577434432,0.07963312571256789,0,0.7100677730535,1.9659433580076149
pila1245,guai1249,-0.0857365055772631,0.06903224622682187,0,0.1070931124585,2.016744219109965
pima1248,utoa1244,-1.067166523336975,0.05818845344986477,0,-0.90901904677825,1.926732723003915
pina1252,piaw1238,-0.44616699496211304,0.051868478031571054,0,-0.1799738888875,1.97170992146336
ping1243,aust1307,-0.8230783042075455,0.06024091816121562,0,-0.499990033435875,1.741917853670605
pint1250,pama1250,0.4512607235996933,0.08157212694971423,0,-1.3703675651145,2.03542202941634
pipi1250,utoa1244,-2.794723040355151,0.08366635091526137,0,-1.3834861026774998,1.9467526221795999
pite1240,ural1272,0.7581867506313924,0.04761681411122941,0,0.732750357931,1.73015609078579
plai1258,algi1248,1.1893462140911408,0.07562402136777527,0,2.285160777331,2.03482064695741
pnar1238,aust1305,-0.01257456577518855,0.045574139301027765,0,-0.13149661922,1.700729908436935
pohn1238,aust1307,-0.8667155210062402,0.024151339465869896,0,-0.5043987970335,1.73939017543933
poko1263,nilo1247,-0.07237094193878024,0.08100959991479949,0,0.27196070338625,1.8290045147755252
poli1260,indo1319,0.9274475895450958,0.09408380293833564,0,1.56461109174125,1.779712110446285
popt1235,maya1287,-2.204015801046438,0.10435831696978919,0,-1.5115243439325,2.06178857088359
port1285,aust1307,-2.3517866704560113,0.06245243911843382,0,-0.366446949405,1.74478265767628
port1283,indo1319,-0.48859468619029256,0.09108918243948465,0,0.30167365955525005,1.73643279559817
pras1239,indo1319,-0.46256845373674554,0.057216562353504564,0,0.36520571815375,1.79607634449682
psik1239,afro1255,-0.9950657709254842,0.034244747288219725,0,0.3005993916385,1.72945677738719
puka1242,aust1307,-0.23361729760004668,0.040445527330072055,0,-0.04512973716175,1.705677046233405
pula1263,atla1278,-1.7481630707965512,0.12006131934607153,0,-0.73060794547575,1.785376170439805
pula1262,atla1278,-1.5977797218838226,0.11854491920889229,0,-0.727506915824,1.78690660887667
puma1239,sino1245,0.3693597262097772,0.06352356876759269,0,0.5307393671392,1.7455125677337748
pume1238,pume1238,-1.0973769644561528,0.052463832711030306,1,-0.6475854660541009,2.079266288059395
pure1242,tara1323,-1.0929503629302038,0.11914919451037896,0,-0.337951471770575,2.076922591710535
puri1258,sino1245,0.1455185105775981,0.057183012739829356,0,0.7694688406965,1.7049112635330799
qanj1241,maya1287,-2.332471625833276,0.0797711929491139,0,-1.5131427292764998,2.057113436384245
qawa1238,kawe1237,-0.7141635419612749,0.06913245743791178,0,-0.50690590595425,2.112484184207505
qima1242,afro1255,-0.21574618335146034,0.07371784734706409,0,1.0958914148435,1.71821399203628
quer1236,otom1299,-0.4325411051873571,0.07932733500371061,0,0.37026109299825,1.941226906138215
quio1240,otom1299,0.19174808765278445,0.05072270114336554,0,0.4057291471405,1.95102961257908
rabh1238,sino1245,0.07891295722754754,0.05296466434349989,0,0.11260842644845001,1.7135737081847249
rade1240,aust1307,-0.5454632839781953,0.06922948659619303,0,-0.14341441846699998,1.715949646719485
rama1270,chib1249,-2.53098869271836,0.1097921911559308,0,-2.0018034344575,2.018246551866405
rapa1244,aust1307,-0.8753847134899813,0.05156785364182484,0,-0.177199275256075,1.715223091964075
rata1244,aust1307,0.37946931473460166,0.10078806880015344,0,0.4170881852075,1.76167077421617
raut1239,sino1245,-0.2377794019948824,0.05517570527276584,0,-0.055923056136249996,1.727963292584115
remb1250,aust1307,0.18712545581930912,0.05495578448131525,0,-0.045093343191500004,1.739534194140175
reng1252,aust1305,0.00121090631750505,0.03500323577186152,0,0.314333597562675,1.7001707217447448
rere1240,aust1307,-2.3547043532853547,0.06315333196245697,0,-0.36504249528050003,1.74799946324413
reye1240,pano1259,0.7955863993341058,0.05647484151664393,0,1.0980408921452498,1.93130491451139
rian1263,kolo1268,-0.9543443524495178,0.07269631444165589,0,-0.8719653554637501,2.0165163039323
rikb1245,nucl1710,-1.0747302017963873,0.08094141623848869,0,-1.1533193930835,2.019023431074965
beka1241,aust1307,0.7420028944589109,0.06519013715127657,0,0.4823009950995,1.75154813140964
roma1326,indo1319,-0.10137169131349766,0.08056637915066976,0,0.34553529717675,1.747875900286205
romb1245,aust1307,-0.43566284194596305,0.06570289356541076,0,0.10452945397657501,1.73018952951249
rong1264,sino1245,-0.33349335048484163,0.055909065668143014,0,0.48957905678475,1.713725777666415
roto1249,nort2933,-0.7109201218096213,0.06604622126961314,0,-0.7553219802437501,2.051308574509045
rotu1241,aust1307,-0.46671975564170376,0.029988346804445114,0,-0.138964164424,1.73461641743447
rovi1238,aust1307,-0.7181961168294356,0.02883082073669898,0,-0.43459185031865,1.76538501483369
ruch1235,aust1305,-1.0848191250381627,0.03011455005999139,0,-0.1874138507215,1.69577181219669
ruka1240,aust1307,0.2464890865919282,0.11210702288750231,0,0.355586595192,1.797874918477405
ruma1248,aust1305,-0.4089940854737447,0.03639500689754443,0,-0.103734423417875,1.6883983444764499
rung1258,maba1274,-2.280724895440348,0.06902360321716336,0,-0.8176903468615,2.07980298696758
rung1259,aust1307,0.13746627631861125,0.05895703396389017,0,0.296984955638,1.738559554956455
russ1263,indo1319,0.36811829367174176,0.06168118020058696,0,1.57181374259,1.770035368110565
saaa1241,aust1307,-2.332440420876013,0.047537665058777316,0,-0.4436616005726,1.749441442545515
saaa1240,aust1307,-0.3896533289804225,0.06312217604913806,0,-0.29068647996,1.74772863494396
saar1237,aust1307,0.05404013314310515,0.06820285990978595,0,-0.1915400713085,1.789955054912985
saba1267,aust1307,0.22932011813990466,0.06429889844419967,0,0.35143497291025,1.746802062684225
saba1268,namb1299,-0.242522105570255,0.07050444361839406,0,0.153771257866,2.0056248945918096
sais1237,aust1307,0.49968360158413555,0.08302508997941878,0,0.471756212139,1.8180807594513548
yaku1245,turk1311,-0.8381789410858564,0.054043574793396144,0,-1.32797157214275,1.8156512266343698
tsis1238,atla1278,-2.0090896460073955,0.05398297046179546,0,-1.20430307480135,1.78886832344647
samb1311,atla1278,-2.066300125325929,0.06138340789280728,0,-1.17839709937925,1.837643258164465
samb1305,atla1278,-1.914091049533602,0.06927906082012572,0,-1.109296116137575,1.7548833843040201
samo1305,aust1307,0.4981611874160239,0.057685127938191715,0,0.128755262309,1.70709460059516
sana1295,afro1255,0.11227363879980834,0.06916151485176349,0,1.09178919494575,1.693566993589795
sanb1242,chib1249,-2.4927557881171145,0.08488613107751064,0,-2.04962118790075,2.00928245639558
sand1278,huav1256,-1.0493963121363206,0.08700226927805305,0,-0.64382719234,2.061193566237205
sang1331,atla1278,-0.9676311475816952,0.0657947459121601,0,-0.4835025159795,1.7234158431999
sang1321,sino1245,-0.26606741803763356,0.05197067824276903,0,0.3082676240025,1.729523569684225
sani1269,sino1245,-0.8864931371793437,0.047836336762257355,0,0.10474093120274999,1.697775888227935
sanm1289,quec1387,0.7597458112335178,0.06382759597561118,0,0.53555700332675,1.91629133526594
sanm1295,otom1299,0.020201918163669598,0.06663189137434943,0,0.2290208306655,1.95867988585361
sant1410,aust1305,0.49227803211019616,0.0339661756855482,0,0.68228156668575,1.7377112421889
sant1451,otom1299,0.0987359763478245,0.06083986916192985,0,0.3013741541725045,1.945898778488185
sant1436,otom1299,-0.25566277864532294,0.07655760179163525,0,-0.03605903343425,1.960734738729165
sanu1240,yano1268,-1.197529813239726,0.058858052919445486,0,-1.0966058558494,2.0324899064604196
sapo1253,aust1307,-0.8412678485971623,0.04791199481461904,0,-0.268709463235,1.759296668875495
sapu1248,aust1305,-0.3426209661613371,0.03949788566292401,0,-0.023619258523045,1.694072568843735
sara1321,cent2225,-2.389836287283587,0.07226279114653013,0,-1.2921242366999999,1.7842249157478949
sars1236,atha1245,-0.02311086952109105,0.06565982074617385,0,-0.28727747908675,1.9542401473847648
sasa1249,aust1307,0.0911311707608163,0.07126114944726075,0,-0.1630618029675,1.71482364418219
sata1237,aust1307,-1.2799344264516672,0.05184617968608011,0,-0.52396499003225,1.7308428879060398
saur1249,drav1251,0.894372423818442,0.06354238955943026,0,1.51519678363675,1.84844715258522
savo1255,savo1255,-0.37064671942016986,0.0772868013460052,1,-0.82653298,2.05679951120866
saya1246,afro1255,-1.5854235851539944,0.05039578743201742,0,-0.0595150422515,1.779822578481585
seda1262,aust1305,0.03256986847114625,0.04076939197923579,0,0.316588809445,1.7011100018775749
seim1238,aust1307,-1.2910914758958334,0.06318142474418519,0,-0.34927721598475003,1.756756089111275
seke1241,aust1307,-2.3298006689263953,0.04779645032660645,0,-0.4510296664125,1.7427066007708851
sekp1241,atla1278,-1.890591347388386,0.061150066059962885,0,-1.127202917894075,1.7827433242891901
sela1259,aust1307,-0.4679039762411553,0.054501113885500725,0,-0.20962522226125,1.75206373672567
sela1260,aust1307,0.7316411828303806,0.059393535864296396,0,0.39632006744475,1.736673608895755
sele1249,atla1278,-1.900696759644935,0.06124737788440371,0,-1.128555587985,1.778453226514955
selk1253,ural1272,0.10391614617561645,0.05082681695287548,0,0.6528412346835,1.79767972030879
sema1265,aust1305,0.3036364482234265,0.031097573612196942,0,0.45280022084250005,1.710994626268965
seme1247,aust1305,0.40044756077029714,0.038114217211816945,0,0.45575438413812497,1.7079899365690299
sene1264,iroq1247,1.6333393378645253,0.10478449915380421,0,1.68882859096375,2.0456531012543353
sout1528,indo1319,0.5226554832327905,0.12680590091533878,0,1.40694971228175,1.7600740394720251
seri1257,seri1257,-0.4660396210087657,0.060369044476004476,1,-0.236332179301,2.0655044317039
seve1240,algi1248,1.4197312859351108,0.10469178710508623,0,2.3197106553325,2.031071013051335
sgaw1245,sino1245,-0.45842627201882175,0.052478282982506626,0,0.070995489717,1.7122856756125349
shab1252,shab1252,-0.5148285862013089,0.1535929093489043,1,1.5576727455114998,2.250866497811065
sham1280,atla1278,-0.2076561042036147,0.07586882007427838,0,-0.053541137730499996,1.723526484364365
shan1283,pano1259,0.5024156341664818,0.06692375394623229,0,0.757985526295725,1.8960001019609551
shaw1249,algi1248,1.5437114502374443,0.27097652139710976,0,2.277569852767,2.033022157175885
shee1238,hmon1336,0.18359672403131394,0.045606894933932496,0,0.470725273079245,1.765454531296325
biao1253,taik1256,-0.24603524569881974,0.061464469069672546,0,-0.31527785394175,1.8364406724280449
shil1265,nilo1247,-1.1429206799999125,0.05720939190139202,0,0.200327415698,1.815996375922005
shix1238,sino1245,-0.7368651399192693,0.05134274175076738,0,-0.080817374260225,1.7180476348185
shol1240,drav1251,1.6622180573635275,0.07953332374496914,0,2.030832944990525,1.831218274514785
shon1251,atla1278,-0.9307970586062166,0.0558524638284257,0,-0.306619331916,1.72743637084532
shor1247,turk1311,-1.1973841978960955,0.061706990250757765,0,-1.3473152707985,1.8134110871601101
shos1248,utoa1244,-0.42908434727326755,0.06528638820663597,0,-1.1669236150325,1.93241263225278
shua1257,jiva1245,0.12570862336208075,0.058994322967791175,0,0.44449245550425,1.9718434868857249
shwe1236,aust1305,-0.6459157810928514,0.02680020076139696,0,-0.18984327446799998,1.69262523210127
siam1242,siam1242,-1.4100017408769023,0.07038063702088315,1,-1.39291433407735,2.185175529990315
siaw1243,amto1249,-0.2409600463346753,0.05467301940626231,0,0.3941793089475,2.016117455973705
sich1238,sino1245,-0.7714050940434896,0.05861800578824566,0,0.083492990131,1.699080696013935
sici1248,indo1319,0.5197810874783158,0.08919901403019756,0,0.4687171661185,1.741303386996265
siee1239,aust1307,-1.9827783602120226,0.049245744648685606,0,-0.433081006553025,1.75999677867171
sier1250,otom1299,0.2343932634232544,0.06284287879479487,0,0.38550445650125,1.94760738806613
sier1248,utoa1244,-1.58011441610086,0.08213870927539557,0,-1.4011053707575,1.9545676888387251
sika1261,aust1307,-0.138276147739879,0.05551937226536802,0,0.03880650632755,1.7199197155395
siks1238,algi1248,1.5797277422488172,0.09754719548112625,0,2.2511328486249997,2.03089355421835
sina1266,aust1307,-0.15424867582823742,0.060701163071202394,0,0.52553968113725,1.72556747352901
sini1242,mand1469,-2.066915167250892,0.07155492714592696,0,-1.48723746404425,1.889315050774755
sioo1240,aust1307,-1.3825186646844496,0.06120302087767315,0,-0.5350037827545,1.756270442625505
siri1273,tupi1275,-0.22149733035473623,0.06761623503298288,0,0.048367639947250005,1.923852956066515
situ1238,sino1245,0.21878544135278538,0.03414874869062601,0,0.33418736028874996,1.73029935751322
siwi1239,afro1255,0.0348620988925804,0.09154475679724086,0,0.5133110208083,1.785719128106615
siwu1238,atla1278,-1.869605967851605,0.06734768322497571,0,-1.12036820603,1.778670755807475
siyi1240,sino1245,0.1243682754796425,0.07047555048256599,0,0.23560485129800002,1.73356433296473
skol1241,ural1272,0.5115643703717763,0.05065890225896257,0,0.64310625038925,1.73138503118674
slov1268,indo1319,0.7326825915848917,0.13441166079596514,0,1.4642284494497502,1.769202398082125
sooo1254,aust1305,-0.2093760758507581,0.04331092751856248,0,0.13177452937,1.6951125814302501
sobe1238,aust1307,-1.1078126879836645,0.05388194179027141,0,-0.05658945512,1.753156317333175
soch1239,otom1299,0.16578398263230684,0.0699048173122552,0,0.4100284526265,1.951027734360045
soga1242,atla1278,-0.4443437797496,0.045693068859847745,0,0.13718691389275,1.723451076669235
soni1259,mand1469,-1.7471666080391473,0.07249898620318083,0,-1.4863407626465,1.8896656210607299
sons1242,aust1307,-0.5151740764775183,0.05999597189796568,0,-0.456414304622,1.73891316096033
sooo1256,kuli1252,-0.6696212600528837,0.04455205413551452,0,-0.8976771303987,2.109951286123665
sora1254,aust1305,0.3017173237338667,0.04010315513679777,0,0.56163431388775,1.7182929276128251
koon1244,atla1278,-1.4481646694902983,0.15790375013831623,0,-0.55540810125925,1.741342253917175
sout2859,aust1307,-2.3500462316680855,0.024249064618112243,0,-0.41783596804400003,1.7607060888035502
sout2976,utoa1244,-1.7285361382339488,0.08211441849638547,0,-0.9126552411495,1.92275611307978
sout2996,ayma1253,0.8397517780098416,0.07050522724723762,0,0.9094699008575,1.9994112331674398
sout2730,sino1245,-0.5903062963858768,0.056308134145113764,0,-0.196922749209,1.7322388871664
raro1241,aust1307,0.22756683394680605,0.0531888326333127,0,-0.041960539913375,1.708450807575875
sout3236,gumu1250,-0.09717732977894315,0.056606842924277555,0,1.34646839335175,2.0663741463663747
sout2956,haid1248,-0.19486455906933975,0.07717334744269727,0,0.6815367306575,2.03121726202885
kach1280,sino1245,-0.40420025897162,0.0622396363108621,0,0.054740973355,1.72155552332104
sout2994,namb1299,-0.37041716079351505,0.05937234266650359,0,-0.146946311544,2.014328808773355
sout2649,indo1319,-0.9833330088142815,0.1754279075637531,0,0.2994660170645,1.77934432447806
sout2729,sino1245,-0.8179640721582965,0.05934983475013027,0,-0.01619564508325,1.72907069432053
sout2728,sino1245,0.17605779954351825,0.052330669657812204,0,0.030221913936500002,1.7208932296708
sout2918,aust1307,-0.09246011764737695,0.05431725992133713,0,0.41576858621495,1.7430829345241898
sout2985,miwo1274,0.6227845491723347,0.08066234541689367,0,1.1130342450050001,2.0625928569355096
sout2807,atla1278,-1.4349566574699093,0.05372500647116907,0,-0.34547216586575,1.705611904820135
sout2679,ural1272,-0.3020154271497476,0.0440368441819105,0,0.110356287563,1.7303999810274848
sout2782,atla1278,-1.8126092779157275,0.07422703285575703,0,-0.5452031804405,1.796425459422595
sout2674,ural1272,0.5981033250001886,0.052056591343885544,0,0.719749968845,1.73334503787263
sout2959,atha1245,-0.9570832764212165,0.06459503837083504,0,-0.3662909623125,1.94713880560237
para1301,aust1305,-0.9642845726098979,0.0451803364699994,0,-0.2163966584535,1.6916005484753498
sout3261,nakh1245,0.0483513411249325,0.0478971297643092,0,0.349710273912,1.84202835136488
sout2869,aust1307,-1.8328419225528159,0.06788112952924778,0,-0.491413702532,1.76171554854962
stan1318,afro1255,0.31601089931463877,0.043858016621173695,0,1.087744981261,1.68031081229379
indo1316,aust1307,0.04534537331541985,0.04268632854616469,0,-0.10700591498824999,1.69413069919912
stan1306,aust1307,-0.14181418093816311,0.0557535935684586,0,-0.1118311679,1.69645130221884
suba1238,atla1278,-0.14400340875090029,0.05542519707369594,0,0.1636648778115,1.7356071127001251
sund1252,aust1307,-0.033060271669107646,0.06379758502530448,0,-0.05194697393225,1.735085198648455
mari1426,aust1307,-2.199393057400629,0.06463445767186583,0,-0.46272007777625,1.7627319348396049
supy1237,atla1278,-1.861573522853851,0.13562393993918195,0,-1.39473146297275,1.78409705883797
surg1248,ural1272,-0.2812283402906518,0.0367371106702695,0,0.157056350244,1.7898976566244298
susu1250,mand1469,-1.229285777723775,0.062124933988680006,0,-1.46131983495725,1.86524045063044
swah1253,atla1278,-0.17801298443091096,0.06421427402937709,0,0.060485436127,1.70743472722803
swed1254,indo1319,-0.25889726701368687,0.12107228939802123,0,0.5095309191715001,1.7556452641226
taba1263,nort2923,-0.14429091904396624,0.1195555120946624,0,0.195038598751,1.904024205339095
tabo1241,tabo1241,-0.3156828019185246,0.0673144657773878,1,-0.76248444996125,2.068058237462665
tafi1243,atla1278,-1.8904509590122007,0.059613639598028546,0,-1.1237264394175,1.7796922154612949
taga1272,aust1307,-0.0137604261404483,0.05783064059291713,0,0.23986622750275,1.7407387442999651
taga1273,aust1307,0.28793096733228896,0.06391745204644712,0,0.28222564662825,1.7401021217264199
tagi1241,sino1245,-0.16684241005580686,0.06572123325784072,0,-0.12148263732,1.7114388899263302
tago1246,rash1249,-1.5535788903339767,0.04979511315343726,0,-0.7007045482550001,2.150720436592505
tagw1240,atla1278,-1.6844363159135862,0.08131092066489302,0,-1.3975817248,1.7897055864335298
taha1241,afro1255,-0.800982832765468,0.10839805053359586,0,0.55149232609475,1.75344500149422
tahi1242,aust1307,-0.6522767721588256,0.04891597695195289,0,-0.19255498315300001,1.719150175713305
taia1239,taia1239,-0.47817110889964215,0.045791394366043174,1,0.5287052399134999,2.00605538380393
taji1246,aust1307,0.7806688169583704,0.0643673677548436,0,0.834497809805,1.759975420295315
taku1257,aust1307,-0.7936636114204279,0.05644097057700958,0,-0.09024363837325,1.71667983485667
malo1243,aust1307,-2.2576685271157206,0.061846022465503796,0,-0.46873644935750003,1.7627944287653299
tama1365,afro1255,-1.3230926545567825,0.11223597665836367,0,0.5738633935349999,1.74790783734736
tamb1254,aust1307,0.14202410310587138,0.06123556897231351,0,0.2932089997865,1.73037323977383
tami1289,drav1251,1.5290760550186688,0.07296169310170328,0,2.06491882522725,1.833777420492455
tane1237,aust1307,-1.2360653679266256,0.05475175752359209,0,-0.4066713798375,1.76325228677654
tang1377,sino1245,-0.20165500530573355,0.054426397200303206,0,-0.169307057532475,1.7118908159460648
tang1373,sino1245,0.14779277782409705,0.053636780138843355,0,0.294598422685,1.72549052623491
tari1256,araw1281,-0.17321049750189416,0.23203990010375738,0,0.78374515537825,1.97227179912462
tari1263,afro1255,0.39239799783607776,0.08023104036723941,0,0.8773503578899999,1.78314199829484
tata1257,aust1307,0.0615420822236823,0.051341168239209346,0,0.149794411189,1.73770525806744
taul1251,taul1250,-0.884290776588237,0.09052412796543133,0,0.679526983425,2.03371226022667
taus1253,taus1253,-0.5458183502242251,0.07453988474321643,1,-0.64432201692125,2.055472202718975
taus1251,aust1307,-0.11612030664166664,0.06259583390514581,0,0.06846229576815,1.72618124459351
tawa1286,afro1255,-0.855960707255583,0.11374225093250304,0,0.60267394097575,1.749011020550515
diga1241,sino1245,-0.25289769960953085,0.04916004882963708,0,-0.16914057324377502,1.72932846793642
taya1257,afro1255,-0.9951003849056019,0.06799521571779732,0,0.56178834903675,1.75100671487502
tbol1240,aust1307,-0.1758538404039677,0.047036806655749136,0,0.12792997638925,1.7468171990363999
tean1237,aust1307,-1.217555206374355,0.05218858175675161,0,-0.41019091104375,1.781100429914055
teda1241,saha1256,-1.4026208448627262,0.0622250332821863,0,-0.2826915287435,1.9335259493788999
tega1236,rash1249,-1.5251439501739612,0.050031417500158305,0,-0.70963232586725,2.1496157299205
tekt1235,maya1287,-2.2193948618989934,0.08280099628902984,0,-1.45476208120535,2.078828723937285
telu1262,drav1251,1.200585553187877,0.067387172130715,0,1.922460282535,1.8335350739018699
temo1245,otom1299,-0.47842416289194556,0.06631642638432596,0,0.31343970479325,1.936982739746695
temp1235,aust1307,-0.052152635119660604,0.03420834965940704,0,0.18887190323300002,1.7292186496496251
teng1272,aust1307,0.42792528205580316,0.07545781777348846,0,0.5851633192895,1.7596387356154
tenn1246,surm1244,-0.24810284606581257,0.05742513614754212,0,0.921654588385,1.8726613376521648
teop1238,aust1307,-0.652702798433108,0.06127708147779553,0,-0.08179754511275,1.7474095019649
tera1251,afro1255,-1.2356499916469912,0.061596357348400486,0,0.09626462364124999,1.74900677474443
tere1279,araw1281,0.10801516042653915,0.10636888949323954,0,0.46895118147750003,1.94462629818121
teri1250,chib1249,-2.4967521604215164,0.08945038442428374,0,-2.0451145741977497,2.010183223469755
term1237,aust1307,0.0512434488397722,0.049345567748458594,0,-0.37261022998875,1.767511824046995
tern1247,nort2923,-0.2063078203514494,0.10263446035648713,0,0.0624372808825,1.930545646446945
tete1251,utoa1244,-1.8371096342462818,0.1040811857578263,0,-1.3737867552037502,1.948818515054025
tezo1238,otom1299,-0.22335964769296418,0.06061119677827372,0,-0.042537089315025006,1.969232254789075
thad1238,sino1245,0.13288083796631617,0.029882593465898756,0,0.23997134133875,1.73058455304919
thak1245,sino1245,0.1663113018644632,0.02920098844653768,0,0.912726520702,1.727485700113585
than1259,sino1245,-0.1636224151040106,0.058587296232710244,0,-0.14849243173624999,1.7241743463796149
thao1240,aust1307,0.2696168761385259,0.0693060741663847,0,0.46548211981974996,1.811884295613825
aheu1239,aust1305,-0.02711087502896865,0.03954107127248864,0,0.340562331365,1.70339808208778
thul1246,sino1245,0.03181425320938645,0.05903242735826046,0,0.27199805013825,1.720817634734845
tibe1272,sino1245,0.17820989596397696,0.0590804078237589,0,0.764531078848,1.70452521617144
ticu1245,ticu1244,-0.6721301870319705,0.06928370545508332,0,-0.43005079240974997,2.051536261749985
tief1242,atla1278,-1.4308554720143594,0.06887689256015969,0,-0.8086916101445749,1.787217283715685
tief1244,atla1278,-1.6327773465695716,0.14502357369697097,0,-0.8819243280506,1.78136775691665
tien1242,atla1278,-1.731691652341346,0.07462517217180772,0,-0.7375936841549999,1.746933019991695
tiga1245,aust1307,-1.8903878938301526,0.06454870314002913,0,-0.372356725129875,1.763784037097195
tigo1236,atla1278,-2.0585259303464105,0.06666599506955986,0,-1.20971557712285,1.7988973082807251
tika1246,atla1278,-1.7846757647179774,0.07407678426078004,0,-1.17811934764755,1.836137177051
tiko1237,aust1307,-1.5086699674332376,0.061771885955509795,0,-0.14231052240199998,1.716259206553535
timn1235,atla1278,-0.9030836312974047,0.12490890080087835,0,-0.21783644108025002,1.7805478333759899
timu1262,aust1307,0.06165192569111045,0.059587058732745245,0,0.20167148735225,1.7323886797664
tina1248,aust1307,-0.4146195531841146,0.10252664097234507,0,0.32300655856175,1.73433884714751
maee1241,aust1307,-2.2854546663653164,0.05629490559358904,0,-0.451551786175,1.75022122499775
tiri1258,aust1307,-1.0082752683522915,0.06318739299820887,0,-0.21540709995649998,1.734040392673365
tita1241,aust1307,-1.730479089786622,0.06234521442580926,0,-0.44195984820275,1.768215513605005
toab1237,aust1307,-0.42216295391044756,0.061644226594559426,0,-0.33679949832925005,1.7382082657784599
toba1268,leng1261,0.1881580781012128,0.06695042173345127,0,0.24399398246600001,2.03156556905733
tobe1252,nort2923,-0.0696124666088961,0.10077761356499863,0,0.341692651008925,1.90881867560654
toho1245,utoa1244,-0.5276068281740989,0.05458217444290084,0,-0.8827894256447699,1.93407200171385
tojo1241,maya1287,-2.236621926015578,0.06516390570088171,0,-1.4800078910424999,2.0688535384353353
toke1240,aust1307,0.414345986924737,0.051475918810288825,0,0.128035929946,1.704441367913255
toll1241,jica1245,-2.1313232633292385,0.09551562426496545,0,-0.58675377985725,2.081138557768325
toma1245,mand1469,-1.5916216216289334,0.05494552440305174,0,-1.48192415933975,1.8749533305922
tomm1242,dogo1299,-1.2130168045318412,0.08186035513026604,0,0.296812758301,2.0510774708515447
tond1249,song1307,-1.5446785326491133,0.10654604992508293,0,-0.71010303884,1.8800024572565102
tong1325,aust1307,0.38761141950217515,0.0721965620752437,0,0.04002968889625,1.7268175307740399
toor1238,atla1278,-1.1126853592179788,0.05100232849393214,0,0.0242796285265,1.71073794625939
tote1238,atla1278,-0.6396258544479736,0.049932831132736034,0,-0.033136975235999996,1.7300680700765398
toto1302,sino1245,-0.00612080128894285,0.06953994218014956,0,-0.13828718631775,1.725115652470485
trin1274,araw1281,0.2200218853094427,0.23459310639565756,0,0.46719693966224995,1.95604613954839
trio1238,cari1283,-0.2352089449830776,0.0811319983121955,0,-0.191208791103,1.918449494921455
trum1247,trum1247,0.01756568202943105,0.07060995360769201,1,0.366847575632,2.041551615163425
colo1256,barb1265,-0.8684965213936123,0.05743962911367845,0,-1.195633439594725,2.043455413589345
tsat1238,aust1307,-0.5336655125500942,0.05271657760058447,0,-0.207618425392,1.715107890133005
dido1241,nakh1245,-0.03629152060075565,0.055651457162086984,0,0.1677494384781,1.824206167487115
tsha1245,sino1245,0.25479912340028105,0.058721871191224,0,0.777801083905,1.72263505427742
tsix1234,khoe1240,-0.2297142240431183,0.1578839336428191,0,1.59595080768575,2.07481092916189
tson1249,atla1278,-1.2917511140017015,0.04441237054759998,0,-0.3356544545445,1.7095414870182601
tswa1255,atla1278,-1.2153030057737826,0.04483358379640063,0,-0.33978124180290004,1.706753693692235
tswa1253,atla1278,-1.632757957063867,0.048381097806980126,0,-0.3311278980725,1.703487505225145
tuge1241,nilo1247,0.2259744912050734,0.05213912417129063,0,0.36581916275500004,1.822104042456115
tugu1245,aust1307,-0.5259531195498106,0.046531394200313464,0,-0.36743055382175005,1.764198177649455
tuka1248,aust1307,0.41236639160455274,0.0484215038520171,0,0.7246004026099999,1.76222379989298
tuki1240,atla1278,-1.276047995581263,0.0651568534656041,0,-0.11264194019625,1.761192897862915
tulu1258,drav1251,1.5370363235688087,0.08006174055957202,0,1.99081891776,1.835624945767945
nene1249,ural1272,0.24887798695562985,0.042430580993672154,0,0.61997466765575,1.789080705320915
tune1261,atla1278,-1.4247351712892875,0.059256877772156547,0,-0.266185455131775,1.74445085427659
tung1290,aust1307,-1.9083534138815552,0.05999364452140062,0,-0.3852887979855,1.78006376882475
turk1303,turk1311,-0.9747569206459146,0.058849850662104124,0,-1.3277130053234,1.81081084991027
nucl1301,turk1311,-0.5414344942400228,0.0591459810102581,0,-1.223211032455,1.790422982402925
turk1304,turk1311,-1.4517170390990195,0.08807076808491258,0,-1.27808556848725,1.80333249824084
tusc1257,iroq1247,1.724386882291383,0.1237760305656986,0,1.70436989024,2.03681702335977
tutu1241,aust1307,-2.2714643250499504,0.07010715732241411,0,-0.47415247313475,1.758720010760525
tuva1244,aust1307,0.14610292751957274,0.045565845348588624,0,0.11014774974975,1.70835303200242
tuwa1243,aust1307,-0.7183350964405433,0.0896124039390243,0,0.07574628698575,1.740539622960935
tuwu1238,atla1278,-1.8802326441468378,0.0635850117955456,0,-1.116407478844,1.7845008287696849
uuuu1243,aust1305,-1.0120741095768913,0.03140837685407427,0,-0.160628780784725,1.692018971284865
udih1248,tung1282,0.6227594863554734,0.04837033933394578,0,1.643675461105,1.859865183031665
uduk1239,koma1264,-0.2953640013032339,0.06246442988480281,0,0.7661394483702499,2.1079206299443003
ukra1253,indo1319,0.8055305590096469,0.06599253766890469,0,1.576810778575,1.782711441592625
ulch1241,tung1282,0.6874596551100485,0.03591270850231532,0,1.689997698919,1.875743546786145
ulit1238,aust1307,-1.2182220365652403,0.06163793667446084,0,-0.5008067755515,1.739285888337615
ulwa1239,misu1242,-2.170696325220111,0.11613428516110771,0,-0.8884613679144999,2.04531384218598
yaul1241,kera1258,-0.9112958029542463,0.08851823503841211,0,-0.6390869270595001,2.055555472740875
umbu1258,nucl1709,0.5264155735887721,0.0669180170178765,0,1.23130018890625,1.83830804895257
umes1235,ural1272,0.5925616264552771,0.04729968583494744,0,0.72276305105925,1.727221846051525
unua1237,aust1307,-2.3452274403267395,0.01909021393692829,0,-0.363511965652925,1.751672934325385
uppe1427,aust1307,-0.0718147288786678,0.058480462008730694,0,0.22415616387325,1.741616986066175
uppe1275,toto1251,-1.041314976985848,0.08049103946260894,0,-0.328096333926,1.96264542228566
urak1238,aust1307,-0.33950149761681864,0.0625980654600257,0,-0.1253556132895,1.69545526831792
urar1246,urar1246,-0.3423900851328669,0.04757721648568429,1,-0.633549036981775,2.08547177584562
urav1235,aust1307,-2.0043303779578325,0.061665327977545516,0,-0.4344665800525,1.768430358013205
urim1252,nucl1708,-0.3129305096428785,0.12650354395186209,0,0.022102608593,1.9393446269765149
urip1239,aust1307,-2.157042477274896,0.06492352847809456,0,-0.182085832,1.74888673569458
urni1239,giim1238,1.589099431551935,0.07976402119375542,0,-0.10557774440850001,2.03662689956645
utes1238,utoa1244,-0.060710684143578095,0.054398976233421964,0,-1.0031423606560002,1.932546442813465
kagf1238,atla1278,-2.0690713684687623,0.144025339685626,0,-1.194934428727025,1.795614956327785
pile1238,aust1307,-0.6377113787300399,0.05727088988953453,0,-0.16887208831724998,1.7184546412683699
veps1250,ural1272,-0.1252894533172778,0.049095133747425385,0,-0.02933640389275,1.707189136286855
vera1241,aust1307,-1.9437529012282067,0.055956517371210664,0,-0.49647328677425,1.775851387398895
viem1243,atla1278,-1.7168010478046298,0.18583031556496765,0,-0.91680522220725,1.78096077527062
voti1245,ural1272,-0.5354814774759507,0.05087881643090083,0,-0.036632183587375,1.719068313689825
vure1239,aust1307,-1.9537258951348162,0.05904723017848778,0,-0.49209796251975,1.7632771866051051
vwan1235,atla1278,-0.6057795738557117,0.07534774646607548,0,-0.29906743876499997,1.71479265350839
wadj1254,wadj1254,1.347713459871843,0.09442677493941787,1,0.010206198938500001,2.079719274506525
waga1260,pama1250,0.4312446104015146,0.09328938105409082,0,-1.55807851420575,2.1108493419915098
wage1238,wage1238,1.5633375660969868,0.08884523185013916,1,0.0267617985965,2.063503479519615
waig1244,aust1307,-1.1379703871765847,0.06061517042986811,0,-0.38332110344475,1.770899632965845
waim1251,aust1307,-0.4909360652876935,0.06744649554956117,0,0.515452568295,1.73068344736969
waim1253,cari1283,-0.6711797461393665,0.08175503026805798,0,-0.29198139754075003,1.93351248442805
waiw1244,cari1283,-0.34368973105032696,0.04843491180758723,0,-0.1929790977675,1.912279415968865
wala1266,aust1307,-0.4233658210270064,0.05664242730440488,0,-0.34807345045274996,1.73459077294177
walm1241,pama1250,0.9607596420680788,0.07652727107989947,0,-1.0982056014517498,2.026718747365055
wamb1257,sino1245,0.337770918681737,0.06313997095132957,0,0.3636004773655,1.725886326894725
wann1242,mand1469,-1.7431911332336139,0.07180892816863581,0,-1.61237156597675,1.910750107081095
wand1278,afro1255,-0.9601868254804381,0.03631486380427456,0,0.26241847958325004,1.7364571206983799
wand1267,aust1307,-1.4174179940172542,0.047293384858631424,0,-0.401431885797775,1.767556110021165
wanm1242,pama1250,0.2957356530132855,0.10326608785309892,0,-1.4601896027635002,2.0554911380713303
saka1289,aust1307,-2.1619620970080398,0.06158887064883127,0,-0.4743534588815,1.76336473598185
waor1240,waor1240,-0.6473041911549324,0.05285020838826905,1,-0.744953714067175,2.06402535073625
wara1303,wara1303,-0.5807416977859341,0.06753796112067129,1,-0.54498944851625,2.0853428222518753
wara1300,aust1307,-0.3358120849052959,0.06392516128633247,0,0.1109959035659635,1.723883555091105
ward1246,yang1287,1.6334862343012566,0.09856736305230314,0,0.041125774739325,2.08191328282338
ware1253,aust1307,-1.4156665747002386,0.07775764109077532,0,-0.40587991302299997,1.7697854792940348
wari1268,chap1271,-0.668105653235886,0.061688736401537596,0,-0.38073604327175004,2.05284253602677
warj1242,aust1305,0.0820442582362713,0.046621005136725645,0,-0.015001749052499999,1.6899390150558151
waro1242,aust1307,-1.4436468890621295,0.05591262253613337,0,-0.371041913408175,1.76019026030464
warr1255,pama1250,0.8553195200061439,0.08758516606810678,0,-1.1387238222775,2.0559329692290653
waru1265,pama1250,0.7197866819848069,0.09970357487790632,0,-1.12098145322325,2.02190485506627
wash1253,wash1253,0.08848203910600674,0.07834070843825758,1,-0.11970693529000001,2.06651085377435
wawa1246,atla1278,-1.9813132548441783,0.06038735290377164,0,-1.17095389986325,1.83069998235736
waya1269,cari1283,0.0170460726047231,0.053074240514873694,0,-0.012322844187500001,1.9070961551838699
wayu1241,sino1245,0.2625471807265938,0.0730214275896847,0,0.4489827997915,1.72793579621995
weda1241,aust1307,0.08680102938175815,0.05707359875305203,0,0.18849600630175,1.750229226885915
wels1247,indo1319,0.5937552637372421,0.11220540990665404,0,1.080609579886475,1.7985315036466099
weri1253,kuni1270,-1.0002856549155257,0.08856494557642168,0,-1.02672946209225,2.002595248674095
west2560,aust1307,0.16338395137301265,0.05634787764213108,0,0.49709150599875,1.7485346914845201
west2548,aust1307,-0.3490974777292062,0.03240755564737841,0,0.09673376179250001,1.745494434573005
west2615,atha1245,-0.0504030962799555,0.06402153197538346,0,-0.079841912285,1.94418271170868
west2397,aust1305,-0.14863012244475515,0.03880969057880464,0,0.15309265692745,1.690868133756155
west2555,aust1307,-0.17890369586262855,0.04915218129028714,0,0.11333765093875,1.7340370427926501
west2650,aust1307,-0.5063434467984755,0.04439572058123749,0,-0.17655505119525,1.7175202607766948
west2594,nucl1709,-0.0689139806487605,0.05623743242388737,0,1.18981607187425,1.833179810426
west2778,utoa1244,-1.7146629275108114,0.0771660014348502,0,-1.38107350909425,1.946917262021985
west2369,indo1319,-0.43521719435553474,0.05524981663237899,0,0.2341976123825,1.7742009581041
west2519,aust1307,0.03430785847742615,0.04897066332509763,0,-0.061621653815625,1.735616706302935
west2354,indo1319,-0.24862404692704237,0.10222621045342203,0,0.42702691487021,1.7604926791197801
west2466,atla1278,-1.5284568599153552,0.08901740376368414,0,-1.402319478865175,1.78837214942197
west2632,kere1287,0.4617773256086841,0.07042028290371466,0,0.6711633237557499,2.0477271963158747
west2396,aust1305,-1.0552601037949718,0.024906567910785323,0,-0.213943465489775,1.6957422063749399
west2418,sino1245,0.178604990505152,0.0664324154546463,0,0.102715915922825,1.726634829135365
west2763,afro1255,0.6841578379998763,0.17331700138370473,0,1.54487046148075,1.742219906760265
west2415,sino1245,0.06881749846989875,0.07326670550676254,0,0.92907573859875,1.7255210370985599
sanj1284,otom1299,0.2034478090565116,0.04784208192109454,0,0.27695974021957503,1.94603556893373
west2430,hmon1336,-0.2573318868659389,0.04302894475904772,0,0.4510175436675,1.758669005431325
west2600,nort2923,-0.31182232222955963,0.11476390659205042,0,-0.00443402013925,1.93732401472734
west2516,aust1307,-1.4447213281231264,0.05279537571534511,0,-0.16243117514325,1.730538184983025
whit1269,aust1307,-1.851435879645985,0.06110074753590325,0,-0.49841315800475,1.7593052941085099
wikm1247,pama1250,0.44564777677485545,0.0938709205404273,0,-1.39517973226875,2.071257166129485
wiru1244,wiru1244,-0.06428522077245385,0.08355078315437321,1,0.413167245176,2.0168443210199998
babi1235,atha1245,-0.8243068081812119,0.0640155134387489,0,-0.28140337064425003,1.9436908766364
woii1237,aust1307,-1.4928261844825752,0.06489722330057487,0,-0.39977308983,1.77756585859635
wola1253,afro1255,-0.6225474277676883,0.1276496661147347,0,0.8133815974525,1.7779779165221652
wola1242,gong1255,-1.0652441852485,0.059224112926708906,0,-0.6320843351300001,1.831876193758675
woli1241,aust1307,0.5972162534311707,0.04712956370446503,0,0.7750244672475,1.75544283370871
nucl1347,atla1278,-1.711540264842886,0.07278472805894656,0,-0.68919052908975,1.7914528892052899
wood1236,algi1248,0.9861912994336688,0.08393268052486648,0,2.2853264537307503,2.03736939045107
wotu1240,aust1307,0.8540772357445336,0.05363641977182672,0,0.77652110109725,1.75996977951714
woun1238,choc1280,-2.1968567007566753,0.08678000046267303,0,-1.26681046333075,2.0363140853972252
wuch1236,sino1245,0.7379995694712145,0.05526556395247068,0,0.437717603415,1.732000354029815
wudi1238,sino1245,-0.7855050314500731,0.06334956936382395,0,0.07523044382875,1.695461791544995
wuna1249,worr1236,1.5235191142566125,0.12004090974022258,0,0.238056723311,2.025838326294515
wusa1235,sino1245,-0.7815886232592868,0.06528481505817804,0,0.077926295757,1.698796254250335
wutu1241,sino1245,0.4579291975934334,0.05245722999595984,0,0.3832863866335,1.7258788882907101
wuvu1239,aust1307,-0.8743639773278697,0.06234527954865332,0,-0.121076411128,1.7570662732362399
xamt1239,afro1255,-0.43071696989513,0.11084309477958468,0,1.1057228327000002,1.72060055922106
xara1244,aust1307,-1.1737776044696813,0.06508308449462248,0,-0.31254194715149997,1.742349857168845
xava1240,nucl1710,-0.9226273455316878,0.058534670416642245,0,-1.3690390485925,2.01982769360586
xish1235,sino1245,-0.4005154919205966,0.0597285658732977,0,0.5319313855300001,1.70563194090112
xokl1240,nucl1710,-1.1942595961168667,0.07414149432027266,0,-1.3890486453492499,2.00750344508239
yaak1241,afro1255,0.44198162583465866,0.13048915151916649,0,1.3243049552547501,1.72111023166801
yaey1239,japo1237,0.587939665891771,0.055402749385417456,0,0.82854650863325,1.897165342675355
yagu1244,peba1241,-0.7076051602165017,0.039416328772561536,0,-0.668955037795,2.072394510732745
yaka1272,atla1278,-2.484968631362703,0.05842066802214434,0,-0.75121854688375,1.736472202843025
yaka1277,aust1307,-0.08900501584917786,0.04476585944881357,0,0.2756015466363,1.745912042348145
yaka1269,atla1278,-1.4750590810536022,0.06768689580802109,0,-0.667975438132,1.75508288050833
yakk1236,sino1245,0.188329253898689,0.05770140045920072,0,0.6691248271185,1.73764848764502
yako1252,atla1278,-2.7703696354551335,0.06889279457353414,0,-1.4821469684985,1.76286138546579
yale1246,yale1246,-0.761407005071215,0.08068928499426935,1,-0.74424237666575,2.033875193231565
yama1264,yama1264,-0.8499206705329685,0.04268934812333395,1,-0.6434037208482499,2.11371863407815
yami1254,aust1307,0.2441880048234454,0.0617246377126061,0,0.41532634356375,1.7274789917319948
yami1256,pano1259,0.4828689271364239,0.08394999239762417,0,0.7954088889190001,1.89442973297164
yand1253,pama1250,0.055530325855427,0.10658112846292574,0,-1.1710314560633,2.06881515849753
yane1238,araw1281,1.2000455421787466,0.08350118143578945,0,0.6771851720040001,1.98636685122867
yank1247,pama1250,-0.2937961939909014,0.10270918254915419,0,-1.5100166058047502,2.05523838334851
yano1262,yano1268,-1.1689516142100844,0.08558291355007075,0,-1.1303278720239,2.0351505220134447
yano1261,yano1268,-1.2027040955601165,0.07997705889310346,0,-1.128959193490255,2.02886395235152
yaoo1241,atla1278,-0.41809337795400814,0.05505966980103236,0,-0.0764355273425,1.738102878506145
yaou1238,mand1469,-1.8094664078532139,0.06524862279724901,0,-1.609995126895,1.90229569594204
yape1248,aust1307,-1.236384771396521,0.05579651256929432,0,-0.42102097795275,1.7636779388839798
yaqu1251,utoa1244,-0.951737196260513,0.04310727050961699,0,-1.159608674080225,1.947478479022355
yare1248,yare1250,-0.4444825137503444,0.07634904951970341,0,-0.6785677116385,2.05381073722512
yatz1235,otom1299,0.15531128032955305,0.08275399692236671,0,0.37407534325475,1.946175376290945
yaum1237,nucl1709,-0.17321090199316536,0.08234524485615652,0,1.23535627393575,1.82237334059548
nucl1454,yawa1259,-1.4061194513097548,0.05988302028861791,0,-0.6353505635127501,2.0589458568280747
yawu1244,nyul1248,1.323200249692757,0.1062409694139685,0,0.24350150349150002,2.05343118768008
yecu1235,toto1251,-0.7591493591316694,0.07293558647940414,0,-0.17976086050774998,1.97047106920239
yele1255,yele1255,0.43860333204375945,0.07535596710883255,1,0.30463687707,2.014984280334765
yems1235,gong1255,-1.2481775894147296,0.06871302274544434,0,-0.8113715647274999,1.8398340312852302
yapu1240,nucl1708,-0.575850270959259,0.10776364933419934,0,-0.38487233425625,1.94034970721582
yidi1250,pama1250,0.8061061750934153,0.09090244327978568,0,-1.2072998410397502,2.07178840327427
yind1247,pama1250,0.7358149798825975,0.08652976148505992,0,-1.09614802258,2.02020663687089
yoga1237,aust1307,-0.714045853269575,0.06497504085007616,0,0.11872475843225,1.735150991794
yona1241,japo1237,0.7056431231393667,0.057005573625648856,0,0.8617343025515001,1.8945663439513099
yong1280,nucl1709,0.05843530306516245,0.06570217554626959,0,0.689227636075,1.812756962162335
yora1241,pano1259,0.7336005688096305,0.06590549751343171,0,0.78914019466725,1.89648672932135
youl1235,sino1245,-0.7220269645246217,0.05278801079747352,0,0.37813009386525,1.7105793592832201
youn1235,hmon1336,0.3463317832859749,0.04224589404909958,0,0.73935121708,1.76585788455278
yuca1254,maya1287,-2.151237105612501,0.07700010454041692,0,-1.5214837570225,2.060097615539715
yuch1247,yuch1247,0.915875575138534,0.04909534103761773,1,0.7976162979175,2.05613180308319
yuec1235,sino1245,0.19567870796122888,0.05419411302162652,0,0.4447879111155,1.727574529401695
yukp1241,cari1283,-1.760757552991285,0.06632846644918153,0,-0.28969141179575,1.931183067247935
yulp1239,pama1250,0.8205256174302069,0.09741412057953162,0,-1.267172097695,2.03790659170566
yulu1243,cent2225,-2.6259945166510823,0.07752605477331564,0,-1.2586018774215,1.790849211087005
yura1255,yura1255,0.47282362799735356,0.07228248962077372,1,0.42837088183415,2.039327034756285
gami1243,pama1250,-0.41082294657941276,0.08245364132425693,0,-1.3929435331625,2.0782750613472496
zaba1237,aust1307,-0.5610407948921887,0.06131800967184095,0,-0.34408037553275,1.747479879892735
zaca1241,utoa1244,-1.8019821324625864,0.07401479124406439,0,-1.3945383323542502,1.9500089328165449
zaiw1241,sino1245,-0.511854027486043,0.057060129355579754,0,0.33542259039675004,1.7045631241770849
zand1248,atla1278,-2.3869058977597852,0.062620262025547,0,-1.49523744772175,1.754746118435545
zani1235,otom1299,-0.08059244249690814,0.07731550437256862,0,0.13100344036474998,1.9438108349988301
zarm1239,song1307,-1.0825037786997258,0.0686784689598928,0,-0.67343820351075,1.8782074856654951
zays1235,gong1255,-0.9931797317940922,0.07988471526892649,0,-0.5239129928925,1.830043402876985
zhab1238,sino1245,-0.2765341357150576,0.066952018687238,0,-0.055380266287999996,1.72259183671519
zoog1238,otom1299,0.2098363924322049,0.06694355932345751,0,0.39181815642075,1.95099713280558
