Glottocode,Family_ID,GPGLMM_3D_Mean,GPGLMM_3D_SE,Isolate_Flag,Verkerk_BRMS_Mean,Verkerk_BRMS_SE
abad1241,aust1307,-4.614244948991216,0.11106214918207136,0,2.0486040573467497,2.88580848883171
abee1242,atla1278,-5.013427897503194,0.11353498600729142,0,3.32299114476,3.03047151795126
abkh1244,abkh1242,-10.900908106419683,2.7564113712484777,0,-3.604875159745,3.2893963722533996
abua1245,nucl1708,-15.737093742795206,3.4376587919553696,0,2.2699156914925,3.34230716209994
abun1252,abun1252,-14.538682612631172,3.340823084756047,1,0.9574798175875,3.482190133587765
achi1257,aust1307,-1.4321812164596213,0.04647607031259864,0,1.857299077616,2.861939231470815
acha1250,araw1281,-1.988968549721152,0.11738521688281574,0,-1.3802103313700749,2.84006517821154
ache1246,tupi1275,-8.448385663401643,1.6057375115098833,0,1.0139026789974999,2.91862049303635
ache1245,narr1279,-14.158149560761021,3.7230878688704245,0,4.594955917855,3.746496029464155
achi1256,maya1287,1.160794025458178,0.0819148449161148,0,-3.673539770757,3.199665632588305
achu1248,jiva1245,-7.917468540476438,1.8580026952943538,0,0.44494867592,2.9573860870737603
achu1247,pala1350,2.8705285348596883,0.620636023784214,0,-2.5999151932002498,3.45476405296743
acol1236,nilo1247,-1.1561417911949317,0.049955987684562546,0,2.350670143618,2.940875952511255
adan1251,timo1261,-14.476326230951095,3.3007253629475555,0,1.14173809636175,3.5052794750804948
adon1237,aust1307,-3.6682503751888396,0.06657840335795373,0,1.87929044875625,2.93421933742037
adze1240,aust1307,-5.206123561634919,0.14251593145277436,0,1.568855905275,2.91934096048932
aeky1238,kamu1264,-15.534830121163704,3.4616085990139807,0,1.1776468922485002,3.4102434236351353
afad1236,afro1255,-2.091961849918297,0.08183193102237306,0,0.54732189836,2.83397487568518
afar1241,afro1255,-3.5679199167609577,0.2807956475273549,0,0.44655125057824996,2.814478217582855
aghe1239,atla1278,-5.986854330144945,0.0848189953113644,0,3.08468788728675,3.01923491368122
aghu1255,nucl1709,-15.369941147669621,3.3426700902560667,0,0.6229484359799999,3.02445772939902
agob1244,paho1240,-14.378634819411747,3.533602824183125,0,-2.2909274624785,3.2905011425482
agua1253,jiva1245,-8.620484084621673,1.70982496457113,0,0.6203480140775,2.999068420073355
agus1235,aust1307,1.883203493084276,0.022729051909702928,0,-1.3266350461799998,2.7918389796551297
agut1237,aust1307,3.1611108254147497,0.04543186603855211,0,-0.73760440360575,2.8584308283392748
aika1237,aika1237,-7.684770685980662,1.9866783448859582,1,-2.424737479829,3.298856948753135
aime1238,bosa1245,-15.571880895525226,3.4466773484252813,0,1.18142360925625,3.37892825668459
musa1266,nucl1709,-15.978447976969559,3.276219539196095,0,0.21618340119200002,3.02076768725719
ayiw1239,aust1307,-2.3967403978100634,0.018190293163869543,0,1.63650492254775,2.93404738233642
ajab1235,atla1278,-4.366614288159392,0.05366075116997959,0,2.9978722436550003,3.072525230677135
ajas1235,kres1240,-13.666552695473294,3.6348112123388883,0,-1.45350489678615,3.35508465193432
ajie1238,aust1307,0.41362696778320274,0.05730950856386418,0,0.83736254682575,2.83913287177205
west2635,maya1287,2.7583411903511124,0.04541087686892134,0,-2.164966556198,3.080656878296295
akei1237,aust1307,-4.190681543151783,0.06362645851593354,0,1.2849846316825,2.865169902072085
akha1245,sino1245,-14.713503143119116,2.3218305399777317,0,0.0147874238325,2.7347287849977198
akoo1248,atla1278,-5.058868112104772,0.13116278240458493,0,0.35463853308025,2.9038334225083453
akun1241,tupi1275,-8.622612342325052,1.5780984678017311,0,2.1063866374725,3.05046836903872
alab1254,afro1255,-4.1588315281956,0.3668963110970196,0,-0.6142500234145,2.810038347730135
alab1237,musk1252,-8.902966712678271,1.9739962163812406,0,2.00886009504075,3.1376286781584497
alac1244,otom1299,1.4471033767610577,0.033416801105828994,0,1.766472440474,3.143572328220495
alag1248,afro1255,-3.801121848136983,0.2996519423695584,0,1.3978879075777502,2.90290384356123
aleu1260,eski1264,-11.017472573265433,2.680184153866678,0,0.46082072070650004,3.209956530621635
alor1247,aust1307,-3.7285813086955066,0.07501830936987555,0,1.87489533561,2.93679234313976
aluk1238,drav1251,-12.081241981817286,2.7011275819987612,0,-8.235111705975,3.907996570820575
alya1239,pama1250,0.07186767813974534,0.11292342034730156,0,1.54480697704825,2.91691692935507
amah1246,pano1259,-3.2639884650379987,0.07078429453978861,0,0.58488411261,2.808874072336065
amam1246,kuni1270,-15.599539141728588,3.331173559781939,0,1.74236815498225,3.33835617651303
amap1240,left1242,-14.876101302731977,3.55398013364704,0,-1.91185707921125,3.25263643720728
amar1272,aust1307,-4.954078805292402,0.142115596845828,0,1.947708907565,2.9411691734086
amas1236,nyim1244,-13.841703166921533,3.7516004525997886,0,4.226682996094224,3.980400551970975
amdo1237,sino1245,-12.111247004187378,2.243251319705905,0,-0.2551572980695,2.728615714140365
amii1238,west2434,-14.570691596269851,3.3084659339991016,0,1.991130560179,3.38501788726017
amis1246,aust1307,0.9447377764997169,0.04237050195857333,0,-1.233023883275,3.022869639715505
hoaa1235,kxaa1236,-12.187660374928772,3.068149555991912,0,1.66231175339,3.48034242297941
amri1238,sino1245,-12.14616125620456,2.1236795896787926,0,-0.23624897782600002,2.8124263478834
gily1242,nivk1234,-11.36958391625063,2.938434887330127,0,-6.2540022281182495,4.714937642792066
anei1239,aust1307,-2.3883455856925933,0.04907562641363188,0,1.50639165603,2.905934248812625
anfi1235,gong1255,-13.051258103694211,3.4206914412542226,0,-2.6855646521925,2.980573543175365
anga1290,anga1289,-15.820180433791247,3.3568113068318035,0,1.1230646309755001,3.41412605222663
anga1288,sino1245,-11.3009657224131,2.26489799390083,0,-0.6856350730175,2.8149171139260902
ango1257,chib1249,-9.476280439760679,1.591053629366437,0,3.3704661978425,3.10805184121175
wara1294,more1255,-14.37720631585804,3.5332531353107766,0,-2.488511338935,3.321896533415765
anta1255,aust1307,-2.1690269969929696,0.13125289541808752,0,-0.6856364356181499,2.75291989999715
anuf1239,atla1278,-4.678467193914887,0.060836932037448284,0,3.2861265564649997,3.0409501780411397
anuu1241,sino1245,-12.713524668692642,2.1636786651449342,0,-0.109545745155,2.8141801603945753
anut1237,aust1307,-3.51871112700959,0.10217077431560843,0,1.4141201930675,2.770284926622665
aoua1234,taik1256,-12.86878615609346,3.2332106026333536,0,-0.9826452740425,2.9691465580933
apat1240,sino1245,-12.297446283099328,2.0807549545825887,0,-0.0850508862725,2.7473760903181246
apin1244,nucl1710,-11.13888505045004,2.048847406949626,0,2.6712239114600003,3.14188050367009
apma1240,aust1307,-3.956026173082355,0.13956537305804978,0,-0.633047172608,2.823196866870485
apma1241,kera1258,-15.87399625081591,3.4318955606061774,0,1.21442831738725,3.459063143947105
arak1252,aust1307,-4.3405234832764155,0.06691630088506084,0,1.3703177976399998,2.87783376462102
arao1248,pano1259,-2.6278544623588873,0.021973749364843954,0,1.8837310534925,2.99947609214031
arap1274,algi1248,-2.6714876573346533,0.12414162193440048,0,-4.7510133385092495,3.25085978312646
araw1273,tupi1275,-11.302528142248036,1.9220774559915803,0,1.12095190845375,2.98213732018123
arbo1245,afro1255,-4.162799747882843,0.4638362307414224,0,1.8828363215800001,2.8190100917759153
arch1244,nakh1245,-11.474269127412228,2.449648821219785,0,-6.0382331556299995,3.47065825232657
aree1239,aust1307,-3.4785052665083294,0.038340563356226945,0,1.6121217140575,2.9180976112521
area1240,aust1307,-1.6573360938430701,0.0432442110627869,0,0.9438454680292501,2.8269411638628803
argo1244,afro1255,-3.914694708152675,0.31062989096700444,0,-0.6898981494575,3.03469125975138
arhu1242,chib1249,-8.230447505338146,1.4673259839780168,0,3.4148127751575,3.1046436446747947
arig1246,atla1278,-2.8659941600540666,0.08709394563718288,0,0.5969293533925,2.9426079265683596
arom1237,indo1319,-4.4713722595361,0.15480194027495023,0,-3.92699221395,2.93255583254957
arop1243,aust1307,-5.2529700262182395,0.1608889165298535,0,2.0634009756775002,2.935194251812125
arop1242,aust1307,-4.900148887361717,0.21877615046505205,0,1.6895577804525,2.94891324982357
aros1241,aust1307,-1.5914309082106968,0.046154909339689916,0,0.7574378070625001,2.821236653172405
arta1239,aust1307,3.2106052114068566,0.04877468122048718,0,-1.2725498894260001,2.857097303137235
ashe1272,araw1281,1.326860109458142,0.12471536950530304,0,-2.599062105143,3.091414103175945
asoa1238,cent2225,-14.178009686388668,3.249697942868629,0,2.3066698816824998,2.8679569818831
assi1247,siou1252,-11.316685799359181,2.545019532036848,0,-0.24027007115522497,3.112803593595165
asur1254,aust1305,-3.638496479245312,0.07178253925749817,0,-2.1045653691255,2.81310566542873
asut1235,atla1278,-7.614657489053824,0.45885575958985236,0,3.790222705505,2.902030781839445
atam1240,aust1307,2.347998003791476,0.043757931712452694,0,-1.38473460348825,2.793336065901665
atay1247,aust1307,0.5830064369951895,0.015944474675604274,0,-1.2833264304075,3.1059005846399
athp1241,sino1245,-12.554253628946707,2.2620186313290973,0,-2.4906359681,2.888538996436295
aton1241,sino1245,-12.353748036591776,2.1403872379452054,0,-0.260633078474925,2.774745917821585
auuu1241,nucl1708,-15.650141919084664,3.4386602566874167,0,2.5839581137525,3.253455825526535
aulu1238,aust1307,-4.582199671338779,0.07461406177020749,0,0.8392022925875,2.8404550535753
auye1238,nucl1709,-14.617752098041258,3.387617171298221,0,-1.58610082271765,2.991941644687355
avac1239,tupi1275,-10.761383921594755,1.8698316698856734,0,1.17624507487315,3.031071106304095
avat1244,atla1278,-4.723714020965517,0.06505279505456836,0,3.169617565745,3.06662073429691
katb1237,aust1307,-4.5242963978678645,0.0728305993554469,0,1.4328085176675,2.86416991905256
awac1239,barb1265,-7.658315707978525,1.6155951914677538,0,-2.91228405156975,3.23095930600537
awad1244,aust1307,-5.278226392938937,0.15870828106548268,0,2.01693776348,2.92925874858153
awad1243,indo1319,-6.501432413705933,0.5434439545714138,0,-3.99725095758,3.0462632250852
awar1249,ramu1234,-15.952675443598746,3.4366916696133956,0,0.919911535785,3.38987411372616
awar1248,nucl1709,-15.96778794348745,3.238747049776489,0,0.6142286422150001,3.0949647604475548
awet1244,tupi1275,-10.170665478093007,1.8624483334726816,0,-0.205046004255,3.0043234151073346
awji1241,afro1255,0.7876508171750825,0.07402199393832325,0,2.2459107971825,3.01348343717819
awtu1239,sepi1257,-14.891098003467096,3.5350321216188814,0,-1.245330141300075,3.074739224344145
axam1237,aust1307,-4.520542444977378,0.07418224139560874,0,0.7103161820217501,2.832450463742125
axiy1235,sino1245,-14.263607159976115,2.2857646815967825,0,1.37712034077,2.839271010289075
ayac1239,quec1387,-7.125649409910191,1.4411905880992384,0,-3.83371955805675,3.1172720851633002
azha1235,sino1245,-14.438187283833408,2.2912425779976737,0,1.3533542671325,2.83958631003197
baba1264,atla1278,-6.159674942833496,0.09828251179864117,0,2.1816966889850002,2.9209460961819653
baba1266,atla1278,-6.053035809153254,0.0883773172869617,0,3.2350084129025003,2.9872250851804347
baba1268,aust1307,-0.5977569292990914,0.03421255878273998,0,1.16902470583,2.884676610344855
bada1257,drav1251,-12.083197215316769,2.703155708980605,0,-8.2099929457375,3.91472648224594
bafa1247,atla1278,-4.99102637342288,0.12877982029234286,0,0.3750852118175,2.9037398545892703
bafi1243,atla1278,-6.3147502658502495,0.11433282502302587,0,2.27205117410675,2.90970677994381
bafu1246,atla1278,-5.9871508226987595,0.08333857993261143,0,2.36852263096075,2.94929588519759
baga1273,atla1278,-2.97584422208777,0.07490237296900623,0,4.9194286687975,3.227939074275225
baga1272,atla1278,-2.5581715500225846,0.0670886094178555,0,4.9235363147769995,3.21341143627383
bagi1246,cent2225,-12.401115263873038,2.6716688121760623,0,1.702137998314,2.740024309518085
bagv1239,nakh1245,-11.417391572904474,2.4364845945161533,0,-6.06803469039,3.463570564482535
bahi1252,sino1245,-12.666393070925187,2.258581288166464,0,-1.9916864842853501,2.807315725052515
bahn1262,aust1305,-4.962074083779052,0.08525452927229428,0,2.79966724682,2.808471558367025
baim1244,sino1245,-13.062378895581173,2.111378517818426,0,0.33878178205,2.7250541985613097
baka1272,atla1278,-6.2267513667068926,0.3247223547507284,0,-1.7211499452825,2.822463545841325
baka1274,cent2225,-13.594806087893913,3.449275243449903,0,0.9913252504400001,2.78118945504608
baki1244,aust1307,-4.515585149881853,0.07533635729101999,0,-0.18920671326424998,2.79185197787105
bala1316,aust1307,2.1915142741746507,0.08997441497917003,0,0.12366969546420001,2.82261944419856
bala1311,aust1307,2.2245588757189916,0.07444607529521452,0,1.3877626345525,2.814010198365705
bala1315,aust1307,-1.941461544176927,0.03491779788931085,0,0.748510068137775,2.881937835695445
bali1278,aust1307,-3.49593366956603,0.15023266521277426,0,2.036169353638,2.878483882362885
liki1240,atla1278,-7.762661270870896,0.45837493049112443,0,4.5929073662762505,2.9530810186714502
bamb1270,aust1307,-2.190849633611534,0.037938122477885604,0,1.5857934536975,2.92459614620621
bamb1269,mand1469,-9.5046224039953,1.9242637531340643,0,7.508747137695,4.037706410106945
bamb1262,maoo1243,-13.315462727719709,3.5309212104215657,0,-1.90187304113,3.45636713445667
bamu1253,atla1278,-5.587309040680511,0.17646714497656224,0,1.814011166028,2.917889793238815
bamw1238,atla1278,-7.812666361860378,0.46086293977703974,0,4.524248287954251,2.974903334414225
band1344,atla1278,-7.591886539921809,0.6342187222102887,0,-1.7251566178005,2.84910338052358
bang1363,bang1363,-8.843512429195442,2.3452307675579456,1,5.27720927765475,4.486216122354355
bang1369,sino1245,-12.380507408155609,2.0731917350879816,0,-0.170281083655,2.852697567061905
bant1281,sino1245,-12.577736864672069,2.261793299915309,0,-2.44359255174,2.89239580824081
bant1288,aust1307,3.780824396018965,0.07315588428788672,0,-0.6804873885595,2.7569472952909297
bara1357,sino1245,-12.70181005584839,2.256415066176457,0,-2.812499568945,2.847754626440685
nucl1630,koia1260,-15.07933499329441,3.2854822970687336,0,0.0791469333765,3.042047674271155
bare1279,afro1255,-3.195686932894044,0.2336574033973114,0,-0.6237092868175,2.935545596864785
bara1369,aust1307,0.8635521642744752,0.07132930573738189,0,-0.6558624854749999,2.763741599810135
bara1361,atla1278,-7.995897337660754,0.8418333076797344,0,-1.8553657239099999,2.8488927217969
bara1370,aust1307,-2.1945304763528055,0.07458593383354688,0,1.55369183105525,2.9512525418854203
bare1276,araw1281,-2.7939220778412412,0.07776790993930005,0,-0.996262656,2.90537794930328
barg1252,nucl1709,-16.033547412864035,3.2767809082561667,0,1.316583075495,3.20948680916406
bari1286,aust1307,-4.966569297767091,0.14467314978336096,0,1.8453848126425,2.9392843034636
baro1253,aust1307,-4.643901109708886,0.2863061411791749,0,1.3829035740250002,2.862241074703155
basa1282,atla1278,-4.555434563946109,0.023601298845375058,0,2.6292290583174998,3.00350256223884
bash1264,turk1311,-11.5882827690506,2.581717570165649,0,-7.5429609663125,3.64885943642076
basq1248,basq1248,-9.527221736790747,2.3611628096963284,1,2.1606757152435,3.76504472315917
bata1289,aust1307,-0.1677635406696955,0.07695747319686794,0,1.866207682215,2.8705786619616154
bats1242,nakh1245,-11.357291204413647,2.4284331307105687,0,-5.9643796593475,3.49525943562588
baur1253,araw1281,1.1092746770409985,0.0816396433384339,0,-2.794669289,3.02405243051794
bawm1236,sino1245,-12.459744603286888,2.1514755040375975,0,-0.44684980450875,2.771981227725385
bayb1234,aust1307,2.642624258645907,0.020964361645668252,0,-0.55630229680325,2.73813898630391
bebe1248,atla1278,-6.814941110092608,0.18412639842708453,0,1.7384619303495,2.8881445774277
beja1238,afro1255,-2.745480182879456,0.2408508116723328,0,-0.1216928075575,2.91262000099423
bekw1241,atla1278,-5.343965671286667,0.05063956683205435,0,3.76288960927425,3.1286097537121798
bekw1242,atla1278,-6.394431107229727,0.36184473050747107,0,0.87412275586,2.859396220989905
bela1256,nilo1247,-1.5758773010352352,0.08482093055256261,0,1.5849574241625,2.891748430141595
bela1254,indo1319,-5.007936521662457,0.1951114674521015,0,-2.9711145218399997,2.79747225463311
belh1239,sino1245,-12.550712274391884,2.261017435579334,0,-2.48962567276625,2.8830518178898297
beli1257,cent2225,-14.406055888320079,3.403583905765897,0,1.5659636867484998,2.781293541112975
bell1243,sali1255,3.003753039889604,0.0838609659327903,0,-4.0486917526375,3.3127661292414
belu1239,atla1278,-8.386355976645618,0.7715949121566257,0,3.6809219215775,3.03025247854315
bemb1257,atla1278,-7.4642218988621964,0.5023478853042131,0,4.2642871326725,2.94495213250529
bena1262,atla1278,-7.693267376629542,0.4730067275094731,0,3.3860739718997497,2.847399522271055
benc1235,gong1255,-13.556436838459849,3.409377053589266,0,-2.5151578897125,2.99472502472773
bent1238,dogo1299,-8.857678661607803,2.0861576124855445,0,5.251550984445,3.960989336071055
zagh1240,saha1256,-12.50262990512627,3.0762173490913236,0,2.512169490873,3.257517069837405
bert1248,bert1248,-14.065692700607674,3.488967470293314,1,4.91930163591675,4.26759583316188
bezh1248,nakh1245,-11.417898111834955,2.4371827734547375,0,-6.084221370225,3.456434958752025
bhoj1244,indo1319,-6.510632671662771,0.5379898635491754,0,-4.15256109798,2.9900816662648353
biaf1240,atla1278,-1.3575303490893784,0.10116130383484284,0,4.90309968749,3.2342436713131653
bian1252,kuni1270,-15.751351190632555,3.336413088057045,0,1.7048028584975001,3.31476136623546
biao1254,hmon1336,-12.499541223724806,3.1013653014729425,0,-0.5607938594274999,2.859687965257045
biao1256,hmon1336,-13.014501300189574,2.9164469264691064,0,0.33435273206024996,2.83339436546544
bier1244,aust1307,-3.718244029647881,0.13064690661421707,0,-0.373311172621,2.79345125946798
bign1238,aust1307,-4.445000604664433,0.07037825066845882,0,1.5199959362025002,2.8590490697200748
biha1246,aust1307,-4.106751752312073,0.08830127548855193,0,1.50587739704,2.76648704914685
bila1255,atla1278,-8.375727065306668,0.7657782969700747,0,4.139872683307,3.0270647581223953
bilb1241,aust1307,-5.2895309347630555,0.1736479773119958,0,2.017351162788,2.9400907044647298
bili1260,afro1255,-3.75632226763667,0.18605769283772283,0,0.83961152026025,2.797936558703785
bimi1240,nucl1709,-15.633606234934472,3.3233978004801656,0,0.5410552941925,3.0040582834038503
bina1277,nucl1709,-15.257360046549374,3.1804203739825563,0,0.508123614156325,3.0219052783292604
bini1246,atla1278,-2.1613251891633363,0.14528188994024208,0,3.035717335297825,2.9427772239577
gunw1252,gunw1250,-13.828999830237727,3.409962204887191,0,-2.5386846993985,3.2028989219634703
birr1240,cent2225,-14.335498020147678,3.2294924996718195,0,2.27139121996725,2.907679487556845
bisu1244,sino1245,-13.767640172677158,2.4731176047863648,0,-0.486198016317515,2.76138561899278
bitt1240,aust1305,-4.7826675334135045,0.07235915474974806,0,2.3337528439725,2.778818586962535
biwa1243,yuat1252,-15.857507678260545,3.440938911582448,0,1.3059560993325001,3.35514522083613
blab1237,aust1307,-0.27097645087866695,0.04810820543953116,0,0.458217484775,2.7927379253681446
bang1354,atla1278,-7.3273881337656235,0.3975200539984361,0,4.573364535271001,2.97336289294995
bodo1272,atla1278,-8.895372226633526,0.7798420081777783,0,4.107594190915,3.005429128436605
bodo1267,aust1305,-3.506742169389758,0.060897617851656066,0,-2.1085506209517497,2.8150283389263997
bodo1269,sino1245,-11.261569191964503,2.2769488957262314,0,-1.1093882340299999,2.778243111901655
boka1249,sino1245,-12.512422374010036,2.0743492876890723,0,-0.070859707605,2.744327319085265
bola1250,aust1307,-4.5136619399736695,0.1404756865377936,0,1.36624096703325,2.926394026111185
bolg1251,atla1278,-7.935606024894595,0.39017497514083155,0,2.058086421925,2.9692281643015903
boli1256,aust1307,2.548612916058361,0.029910410207932035,0,-1.36752311658275,2.86017384104935
chim1302,quec1387,-8.390930952601924,1.462810315417975,0,-3.9267338702815,3.0873886607214303
bolo1262,atla1278,-7.6173536060845315,0.4353601633331574,0,4.5948572702275,2.963749881701955
boly1239,aust1305,-4.323480491371223,0.0636268447204326,0,2.26238417734575,2.820972729657295
bomb1262,atla1278,-7.778031157360349,0.44486817899316455,0,4.537633539251,2.9796625125423
bomk1234,atla1278,-3.8837095177154453,0.11775414095074532,0,4.91874879759,3.22391410811798
bona1250,mong1349,-12.722676313086353,2.7605222058230687,0,-3.2269921219075,2.90889159968955
bond1247,atla1278,-7.682174535624531,0.4576593543808862,0,3.6655716963485,2.85603094715283
bond1245,aust1305,-3.6018178925403026,0.06436319545538106,0,-2.1077211078694997,2.8270860699102753
bong1289,aust1307,0.38843801762189045,0.06989803644120905,0,1.5588940088449998,2.9090893856832
bong1284,atla1278,-7.31572632176097,0.3691529336875839,0,4.16229257879,3.01470147606989
bong1285,cent2225,-14.043884071206268,3.4662759807058774,0,0.95251345032,2.79428983849595
bora1263,bora1262,-9.487380957400283,2.3337374331183156,0,1.07702263978175,3.293624622630505
bora1271,afro1255,-2.979893835001744,0.30449549983832774,0,1.9391032996925,2.7881160145143546
bord1248,chib1249,-8.774224060152115,1.2750059923002994,0,3.371777405425,3.079291534193315
bori1243,sino1245,-11.64878917239224,2.238817378710596,0,-0.6960485763095,2.7786316486827447
boro1277,gong1255,-13.387188615658983,3.285829937572905,0,-2.686590779032,2.98170544586132
boro1282,boro1281,-7.993794897447671,2.114703921948375,0,-2.2735856623514996,3.311032876979165
boto1242,aust1307,3.147098222434588,0.04753069158556459,0,-1.2946472525925001,2.86211422458849
boun1243,atla1278,-4.14776492287745,0.06779475139941687,0,1.0891584165819999,2.9231995305883203
boun1245,nucl1709,-15.822319260109104,3.2923475701346554,0,1.231981320599,2.98193532356047
brah1256,drav1251,-12.269524510559574,2.799920889723641,0,-8.05481703363,4.01704512282097
lave1249,aust1305,-5.2183882103684915,0.09519473790355384,0,2.77823101177,2.84135797366974
bret1244,indo1319,0.3717022372162804,0.10857444822017318,0,-3.155595945,3.065051882917245
brib1243,chib1249,-8.069541560996177,1.3119475491821684,0,3.396310900255,3.094009952738905
budu1248,nakh1245,-11.612321496105128,2.4977231507750317,0,-6.103026337447,3.44500172463088
budu1265,afro1255,-2.8586220430182836,0.057821646101037905,0,1.3849948181265,2.8472974860751803
budz1238,atla1278,-8.206815096410082,0.6049088236329598,0,4.48876649706,2.97984043476153
buga1247,aust1305,-4.492079943574742,0.0625787749266393,0,2.25543213905075,2.822564740842565
buga1250,aust1307,-5.05692025294468,0.11850564055100778,0,1.46616530982675,2.9281852756598
bugh1239,aust1307,-0.06265280293051839,0.03713821328058457,0,1.9768218115825,2.844122848858595
bugi1244,aust1307,-2.5881067427470272,0.04278463315725563,0,1.5809447855175,2.92227324722283
bugl1243,chib1249,-8.327837419179712,1.3176147006905057,0,3.39896444304625,3.089478646985105
buhu1237,aust1307,-3.399403511577085,0.050237747730832345,0,1.2732812296175,2.9156046066156547
bujh1238,sino1245,-12.791973955111507,2.26330146067848,0,-2.66172100265625,2.87517531376836
buku1249,atla1278,-6.340938914531528,0.7981210211248981,0,4.257892511605,2.939173894732315
bull1247,atla1278,-3.616047540391058,0.09765125450210282,0,4.9321261734899995,3.2261716933921454
bulo1242,aust1305,-5.126284161780914,0.09824274725425203,0,2.7684647343465,2.838394596802745
bumt1240,sino1245,-12.528509178721656,2.090601091910764,0,-0.560915137398,2.8026265276736853
buna1276,aust1307,-2.887701905928843,0.021871563349212298,0,1.6031827649422499,2.90396675717639
gahr1239,sino1245,-12.575755018264374,2.274061437542791,0,-2.252360500833925,2.87783958338404
bund1253,indo1319,-6.787804135947837,0.5939711722174948,0,-4.0545058614325,3.011618067871145
buol1237,aust1307,-1.6740798058214983,0.06388316202212949,0,-0.06888960397725,2.85447623556027
bura1292,afro1255,-1.9671893231083217,0.043863829271095264,0,1.42567873801425,2.853529518364355
bure1242,afro1255,-2.8093097872890915,0.07408915356230196,0,0.040916730343500005,2.8007944212912603
burj1242,afro1255,-3.4256808281169295,0.3829038186306244,0,-0.5737288785325,2.831948443514235
nucl1310,sino1245,-12.968450173496036,2.1837768303178064,0,0.64614028391425,2.83484812578891
burm1264,burm1264,-15.300069893837456,3.4241201533178005,1,0.92119161815475,3.473477246652935
buru1320,afro1255,-3.820394543970746,0.28592993843415476,0,1.3563402887,2.9069554061684153
buru1296,buru1296,-12.153351978399751,3.1518310522906035,1,-5.9137328961925,4.718924186843405
busa1253,mand1469,-10.544107316403096,2.1153421696417034,0,7.5112168207225,4.0767619742674945
bush1247,atla1278,-7.5014680782957495,0.5118505182574549,0,4.4259900237175,3.009689354459505
buwa1243,afro1255,-2.0139577546283123,0.04243265902701419,0,1.6096986619720002,2.879723432156965
bwai1242,aust1307,-3.249693564948303,0.023961789593515515,0,1.681141762235,2.915411435675065
bwat1240,aust1307,1.6997702934322927,0.06728032689194414,0,0.2801409320725,2.829687548506965
byan1241,sino1245,-12.746200833725986,2.282383895889639,0,-2.16858307491825,2.884067787859355
caac1237,aust1307,2.1854159388672825,0.08959666723502582,0,0.299933408525,2.823410655093765
cabe1245,chib1249,-7.996492909401054,1.3177815056546764,0,3.3958629425074998,3.096085224666065
cahu1264,utoa1244,-4.691069771704109,0.21009386366036578,0,-1.8178138134942499,2.8853338798471198
cakf1236,afro1255,-1.9144945061612209,0.0566081306853296,0,0.781975631,2.87354206121159
cald1236,quec1387,-8.334680883863337,1.455908637283917,0,-3.92945642269,3.07467593635635
camp1261,indo1319,-4.041076255484243,0.12188505949370998,0,-3.6641140965475003,2.85777609675469
cams1241,cams1241,-7.409079136128829,1.846188251437728,1,-1.91065369565725,3.329172508134155
cane1242,nucl1710,-11.144778941542299,2.0856180612178674,0,2.66926821742425,3.146458904219525
caom1238,taik1256,-13.441753555307887,3.0486066639422087,0,0.31819324253799997,2.9806279336889148
capa1241,pano1259,-3.2952562614510548,0.1280744784989761,0,-0.00588161285895,2.82858066766106
carn1240,aust1305,0.9574176332029545,0.09326769841351527,0,1.006424838695,2.784006622287855
caro1242,aust1307,-1.3508576383744524,0.05172515032699279,0,1.4713530072049998,2.769724937212735
cash1251,pano1259,-2.48733414583807,0.040493221028138744,0,-0.008627458058249951,2.91391302648929
casi1235,aust1307,3.3380877888607534,0.05919637229275597,0,-1.2858805007075,2.840073391001
stan1289,indo1319,-3.2394466910944244,0.04296599145986191,0,-4.0461498156425,2.85334603879498
cavi1250,pano1259,-2.176025111083913,0.05427128034746244,0,1.657575370394,3.04406790491549
cayu1262,cayu1262,3.22777291853461,0.5109802591246553,1,-1.981093649395,3.359024928700175
cemu1238,aust1307,1.098828088210392,0.05836807766481486,0,0.8176026503725,2.8284797253771297
cent2127,eski1264,-10.230465236906582,2.7044002572810806,0,-1.04232840578,3.12554294442926
cent2142,ayma1253,-6.716981681870195,1.4797778588731036,0,-3.3412580326695,3.175086896018705
cent2004,sino1245,-12.795730844826533,2.3568433378853473,0,-2.5420171555292503,2.8356664418584154
cent2292,aust1307,1.7984414125655626,0.044205123115065276,0,-0.9782891715665,2.791687178727315
cent2084,aust1307,2.696571825970335,0.038226337912524465,0,-1.176986406849375,2.8316676245698753
cent2314,aust1305,-4.8727864148812525,0.1029210201586133,0,2.2974759205367503,2.81495392842122
cent2050,saha1256,-10.860975014106238,2.8317813126437907,0,0.9083281781725,3.088533733284325
cent1989,aust1305,-5.173668373764269,0.11235880878439895,0,2.153409585316,2.8178074121300902
mala1479,aust1307,-3.613370683973708,0.07613600071366546,0,2.5764265563242503,2.7873240897064653
cent2322,ural1272,-11.572102610155405,2.4730816213380216,0,-7.743051259342501,3.680232027965495
cent1992,aust1305,-5.13204267316085,0.09546493736997018,0,2.7751523268635,2.82216115513
cent1990,aust1305,0.8411147264920737,0.0879941407944693,0,1.00168191063075,2.774125316117745
cent2126,japo1237,-10.591724857293972,2.507675818278204,0,-4.4119247181975005,3.253197748079965
cent2140,miwo1274,-10.859941524183714,2.8286800161053884,0,-3.034521436635,3.385725241833125
cent2131,utoa1244,-2.8045704407954037,0.06446966457364874,0,-2.12823931498725,2.8915157567147602
cent2150,chib1249,-9.346784664371848,1.57750318321108,0,3.3818833820325,3.119099824827925
mbal1255,atla1278,-6.5380061173494255,0.3227053214527539,0,4.4612117689775,3.006713010977445
chac1251,pano1259,-2.73324032411797,0.08765344578411424,0,0.48789749567425,2.82072759313627
chad1249,afro1255,-2.5107836008409996,0.054314198945758625,0,3.4223003877875,2.880401383334335
chak1270,sino1245,-11.920966367921087,2.3198055474061454,0,-1.2002831299075,2.765508292502775
chak1271,atla1278,-4.73293067952318,0.0850932306818107,0,2.833948687740675,2.9985664272191
cham1315,zamu1243,-7.192653363720661,1.8772033334385156,0,1.140439643373025,3.33609387599102
cham1309,nakh1245,-11.407429419719664,2.4339971984675346,0,-6.086239493775,3.4626224864268
cham1312,aust1307,0.6157897881281684,0.07156876332973221,0,-0.4881345412675,2.927566721898065
chan1313,sino1245,-11.656080649668581,2.2556216179386728,0,-1.6013816386525,2.81972756075724
char1269,gong1255,-13.776459407603936,3.338825593386709,0,-2.07262036285825,3.0001553245987953
chas1234,sino1245,-13.431390441113976,2.179756000140246,0,0.23700399107499998,2.750114262204085
chec1245,nakh1245,-11.356783297543934,2.4362636084472897,0,-6.038054235664999,3.4668746740521748
chek1238,aust1307,0.36919739134577156,0.06434035796235045,0,-0.224447983947,2.78977798284492
chen1255,drav1251,-12.721142785569585,2.7797768252810187,0,-8.2248484218775,3.92111638140066
chep1245,sino1245,-12.79856032692611,2.2658099413778596,0,-2.660706358025,2.87947012979578
cher1273,iroq1247,-7.661635252178026,1.607817481667206,0,-3.0526068890075,3.2253955671782997
chey1247,algi1248,-2.4290685100748943,0.09882352495467858,0,-4.716691483100525,3.24497357847136
chic1270,musk1252,-8.371647434801504,1.7645823029729544,0,2.0313478253875,3.14116240372668
chil1280,atha1245,-10.194829750180789,2.5733376931974874,0,-1.281905968175,2.8816811730972
chim1309,chib1249,-8.47421083171487,1.44474189678089,0,3.3787828806775,3.15060368792683
chim1312,atla1278,-7.859291702721125,0.4474128242557647,0,3.8899911394949998,2.8632676190481448
chhi1245,sino1245,-12.570203299172924,2.263962750933172,0,-2.466923181485,2.88349306295849
chip1261,atha1245,-11.0349230379789,2.284854590410207,0,-1.2752487975825,2.924379562221005
chip1241,algi1248,0.9982351124225843,0.07846919086641778,0,-4.7268668646025,3.268467004697725
chir1283,sino1245,-11.448902944260517,2.267759851291148,0,-0.6797113250625,2.7961694616752597
choc1276,musk1252,-8.392626629394362,1.7524066599760586,0,2.01677957287555,3.138711892729725
chon1284,aust1305,-4.920063712523367,0.10424591708722894,0,2.29045128157,2.81479075404562
chot1239,sino1245,-11.462151119284044,2.289323176662066,0,-0.611875867145,2.786507334417525
chra1242,aust1305,-4.951251067831019,0.09569594224188867,0,2.7754813325725003,2.827541525235345
chuj1250,maya1287,2.708094754657361,0.04349598625537732,0,-2.9067957831875,3.161294648283855
chuk1273,chuk1271,-11.236575571882447,2.9322011240410424,0,-5.6733777623925,4.188031229603275
chuu1238,aust1307,-3.1391010349893946,0.3003389582915141,0,1.1882991380024999,2.73795770233085
chuv1255,turk1311,-11.491283338529655,2.517312957587603,0,-7.4955297612,3.71920057025855
chuw1238,atla1278,-7.094954998348461,0.44527234701172586,0,3.4502723890249998,2.858862120055985
cici1237,atla1278,-5.236310206684244,0.07133836464251657,0,2.637526820463,2.982949359671805
chin1286,chin1490,-10.625779168058102,3.0286517222803186,0,-3.2526630156475003,3.3792503566684653
cent2087,aust1307,3.758399247821159,0.0904511802899223,0,-0.9784376082775,2.779275700996895
sout2912,aust1307,3.584448668543928,0.09635862057105468,0,-0.9861727820625,2.783977351077275
coat1243,otom1299,3.354311018729481,0.06013085276985885,0,2.9602468435075,3.21842525477141
coca1259,tupi1275,-8.683861544356578,1.864862607535774,0,-0.2165275650525,2.89528854182728
cofa1242,cofa1242,-7.600543263133804,1.8803272498327273,1,-1.763577052516125,3.38402125637475
cogu1240,chib1249,-8.17712824676348,1.4484553640659728,0,3.39222569003475,3.1425727029591597
inga1252,quec1387,-8.134294413826751,1.523499973164625,0,-3.90212281039125,3.096334954290705
colu1241,sali1255,1.125308620518508,0.09130051446577853,0,-4.1416092995625,3.271311817252845
coma1245,utoa1244,-2.575889569519254,0.10050429502656104,0,-2.539160603905,2.909207004797545
como1259,sali1255,2.7888179606915786,0.08610828679903194,0,-4.1627144086075,3.293704568109535
cong1236,atla1278,-7.633246877683062,0.5591956607498315,0,3.921800756825,2.84984302048584
copa1237,otom1299,2.449188167466233,0.02362915396863845,0,1.9601750979600001,3.2206504051601
cors1241,indo1319,-5.08572699897749,0.10819028957654353,0,-3.0942502411097497,2.8361401333559
cosa1234,sino1245,-14.741584523199032,2.320998164547251,0,0.2522525819775,2.77383062861611
cota1241,aust1307,2.2693124888042995,0.07655319597574906,0,-1.28868267290575,2.8003668314666452
cree1270,musk1252,-8.305627652123924,1.714683941259371,0,1.97331703703725,3.13409697780862
crim1257,turk1311,-10.726478693535835,2.377220502941509,0,-7.56146988375,3.69974956624171
crow1244,siou1252,-11.241577792955443,2.6062189369300293,0,-2.035888925545,3.073301134374835
cube1242,tuca1253,-3.018449894306163,0.16111162339766533,0,-1.011736851751,2.896214486240315
culi1244,araw1282,-8.70756145596772,1.9838577972113562,0,1.4319866313055,3.230657828437125
cusc1236,quec1387,-7.120915816804546,1.4473660184975914,0,-3.8422146907699997,3.12572286429221
czec1258,indo1319,-5.497516593224989,0.10622025216408618,0,-2.153829933655,2.80301165265791
daai1236,sino1245,-12.943140591538569,2.1804737713792077,0,-0.42411851064625,2.754240480514415
daas1238,afro1255,-3.4887054717061377,0.5649114650705505,0,1.87840582085225,2.80987501850313
dadi1250,tebe1251,-15.034430333595743,3.5159026229181882,0,-1.9731353229875,3.321758329865005
dagb1246,atla1278,-4.744316543545793,0.06980574920990255,0,2.8779596480335,3.00490045594643
dagi1241,narr1279,-14.184502319337595,3.747955535408336,0,4.64461501298425,3.76009885388918
daur1238,mong1349,-11.448631000189149,2.778995864420411,0,-3.5653683482975,2.9447216400092247
daka1243,aust1307,-4.698549164922662,0.07808783681016276,0,1.20487896794425,2.85217011202959
damp1237,aust1307,-1.0794010196400006,0.08033405250244158,0,-0.03196475753475,2.840269887684495
dana1252,aust1305,-3.8872633867430655,0.0625904670003116,0,2.1795827836425,2.78900002687558
dand1238,drav1251,-13.311732192744609,2.8240605855486773,0,-8.22260617081,3.902847068238845
dani1285,indo1319,-4.096940371301867,0.09992458754803298,0,-4.51706043637,3.00592136352817
dara1250,indo1319,-6.377380724854739,0.52435561677105,0,-4.1436131206275,3.00465611080817
darm1243,sino1245,-12.753426294827147,2.284377978080503,0,-2.1669236681825,2.882558075672415
dawr1236,gong1255,-13.788457705407916,3.2470539656781696,0,-2.4870922567171,2.9822815889174947
daza1242,saha1256,-12.366738676911751,2.855998017452227,0,2.2778931620275,3.1040527282332198
dege1246,atla1278,-4.03667942322278,0.045100936266659584,0,2.80826070706,2.990712520976815
dehu1237,aust1307,1.2505571404003897,0.08065061233136717,0,0.047442243252,2.8713609742734896
dera1248,afro1255,-1.580557697208838,0.044808478436819676,0,-0.699471329597,2.85437514156148
desa1247,tuca1253,-3.3084264463126263,0.19086322851460813,0,-0.97358936759775,2.88711044482191
dhao1237,aust1307,-3.92156194239691,0.12580341783424442,0,1.4602823275685,2.93192013759872
dhar1247,pama1250,0.41600240480286743,0.07189380521389142,0,-1.02775438530775,2.9550042437621746
dhim1246,sino1245,-12.329242998180462,2.2676009345198116,0,-1.6107263612352498,2.8141043208720102
dibo1245,atla1278,-7.458310786106198,0.3902940743076062,0,4.207283711575,3.0427225779143052
dier1241,pama1250,-3.393336045264747,0.06816290997852466,0,0.9059885022152501,3.07455519014807
digo1243,atla1278,-7.652270940819076,0.4567602584816117,0,3.8123605181925004,2.882489480182255
dima1251,sino1245,-11.833114350303731,2.1169014474076637,0,-0.6348355850975,2.7695909028036
diri1252,atla1278,-6.7089376756415335,0.33706308641565336,0,4.414859949365001,3.00896385176393
djee1236,mani1293,-13.871337774099445,3.4662666613171513,0,-1.6784044952825,3.39290761582797
djeo1235,nucl1710,-7.591218873279924,1.8624598251119255,0,2.1345300516285004,3.172540673088965
djin1253,pama1250,-3.906338431674847,0.11681141018309366,0,-0.8164335691819999,3.078993670897495
dobe1238,aust1307,-4.542858021882642,0.21766974258130478,0,1.935971502788,2.96588662569393
dobu1241,aust1307,-2.8826789934584873,0.012835877282867302,0,1.60164540899275,2.91603941845331
domm1246,nucl1709,-15.894852610465534,3.275361406704336,0,1.149637056044,3.0057874593032947
doma1260,indo1319,-5.884903175352584,0.4940694474175418,0,-3.94775991529675,3.05749444076074
dong1285,mong1349,-11.939569259703575,2.9193002346565278,0,-3.3116746852825,2.910853284334285
doro1266,manu1261,-15.040044589837706,3.3058233753941337,0,1.03453331147825,3.42042327442653
drun1238,sino1245,-12.347056245526764,2.2956482968124905,0,-0.9354703832965,2.799170150083595
dual1243,atla1278,-5.706780590086065,0.06773961051323406,0,1.6965850502939999,2.895570368662265
chug1252,sino1245,-12.306424918168654,2.082105675389168,0,0.17443430407799998,2.8293286272083797
dumb1241,aust1307,-0.4328803359380018,0.08048700395756747,0,1.1097826654774998,2.879760869021245
dumi1241,sino1245,-13.359903950219335,2.0990496208784166,0,-1.19373925723925,2.79938833390771
dupa1235,aust1307,2.991671015367434,0.0495950303866106,0,-1.3271987552375,2.85020791325335
dusn1237,aust1307,-4.536498799947637,0.145169221558883,0,0.94992598231825,2.9141129357412847
dutc1256,indo1319,-3.2719508389112377,0.057452572711959464,0,-4.4491660043757495,3.037995192970825
dyir1250,pama1250,-3.894134099911458,0.09365595210351674,0,0.44541358244624996,3.0669023083028
dyul1238,mand1469,-10.35593649352062,2.000035936865409,0,7.49903385935,4.04089771936221
dzao1238,hmon1336,-12.387725839210471,3.0903308698622047,0,-0.58697552269975,2.8533699900300054
dzon1239,sino1245,-12.767333518477173,2.098612308252526,0,0.32584279966925,2.73103653032757
east2443,aust1307,-4.689429340185905,0.07787775973079417,0,1.42654687436925,2.861155483066505
tang1336,sino1245,-11.442343039689726,2.276266063746775,0,-1.4085916387544999,2.8220751899392598
nucl1235,indo1319,-5.069424347152908,0.21257543145290794,0,-3.42602308803,3.2367010489223196
east2379,pama1250,-2.3693913674020175,0.07182157961491703,0,1.4654986609825,2.921990095282765
sout2896,aust1307,-3.7556864682188182,0.07704884637538281,0,1.8272358957647499,2.949835034011715
east2555,tupi1275,-7.825560331379103,1.504597030768819,0,1.0170240833982498,2.90355567347819
east2332,aust1305,-5.166789660266289,0.10033043558916006,0,1.9476536151219999,2.756837961494675
east2690,afro1255,0.7793543496568969,0.08524121044188684,0,3.459502345965,2.8657394779339898
east2556,otom1299,1.2888312606766519,0.07909525872913226,0,-0.9408858546075001,2.96748313333868
east1236,aust1305,-4.270588584880229,0.20138193421905592,0,1.333774313425,2.770834241257485
east2342,sino1245,-14.23975898286615,2.2932010227677435,0,0.5612146619112499,2.85354289218632
east2328,ural1272,-11.535915393987064,2.408895248304527,0,-7.857774501134999,3.69890907246221
east2773,sino1245,-12.684027957676083,2.258853175140274,0,-2.75275790281025,2.86570958684012
panj1256,indo1319,-6.2671064751926,0.5476648327109087,0,-4.068220287495,3.039561194054915
east2485,aust1307,-1.4555146398900445,0.048448696718988674,0,1.5658716121525,2.92970647960602
fina1242,aust1307,1.4146459911011915,0.08172765968763111,0,-0.77891618013925,2.801236405150615
east2694,aust1307,2.1643771713754187,0.08110872785214995,0,-0.618999610887,2.788833199640465
east2516,nucl1709,-15.01136459896855,3.400632957257156,0,-0.82960950484425,2.966367539506555
huaa1248,tuuu1241,-12.113337773820149,3.0561869910662853,0,1.5761409581191002,3.5589670335705152
wall1257,aust1307,2.8519555110723624,0.11308465338454324,0,0.98760149761,2.7165848211421197
egaa1242,atla1278,-4.2896005752092545,0.0749375275801747,0,0.764809223355,2.9620110166900746
egyp1253,afro1255,1.3542467852325366,0.05633609939314766,0,3.45807301938075,2.878112673267485
eipo1242,nucl1709,-14.742184736512524,3.4355672256048018,0,-1.24318962487685,2.99420628225489
ekar1243,nucl1709,-14.631806195356948,3.395640810931003,0,-1.5892680981375,3.00232455246758
elem1253,atla1278,-3.6434804539541417,0.06745068197683002,0,0.228946180434,2.951830078166325
elip1238,atla1278,-6.338464540729262,0.11479174041313904,0,3.2120096119925,2.930994912819265
elna1235,utoa1244,0.31665304620375423,0.05319778704176544,0,-2.2034391132874998,2.88902210452907
emae1237,aust1307,-4.2996908852987,0.07520469210702992,0,1.4207506234124998,2.77074508793411
emai1241,atla1278,-3.10480781739901,0.07864454421330073,0,2.9605430213745,2.94499520935822
embe1260,choc1280,-8.0426998573505,1.5642521144155117,0,2.3563537478975,3.15497158098258
embe1262,choc1280,-8.353975173785045,1.6466181869725882,0,2.361072664935,3.161843782774705
stan1293,indo1319,-1.7911635696765114,0.04441165271040214,0,-4.48809988312925,3.02755094040499
enuu1235,sino1245,-14.54831773660328,2.300602215021315,0,0.29608662355967497,2.7508501483641252
epen1239,choc1280,-8.232951112078977,1.579178516273994,0,2.36478401659,3.148101916042355
ersu1241,sino1245,-13.369065595961088,2.161063409834788,0,0.3358593387685,2.842601249163855
erzy1239,ural1272,-11.480661658235224,2.387120797442262,0,-7.910182834325,3.6488506237846403
esan1238,atla1278,-3.0499565794603196,0.08760698468889459,0,3.01007032928175,2.948393058649505
esee1247,koia1260,-14.976423736428512,3.2728940833598417,0,-0.07601241458,2.993230095259785
esee1248,pano1259,-2.91159124337445,0.04695422618156224,0,1.76897873364,3.026439400035525
esim1238,atla1278,-5.8918905693985595,0.07822084601949424,0,2.3932196613325,3.04796136841859
esto1258,ural1272,-11.324398230769397,2.319908702143323,0,-8.012527923450001,3.61821675267246
eton1253,atla1278,-5.720630833246687,0.2010025624014248,0,1.2728447964985001,2.88292703994913
even1260,tung1282,-11.3664343634401,2.7062212096354417,0,-6.541263576135,3.52344379084601
even1259,tung1282,-11.484683977968022,2.726262031622695,0,-6.517860528261,3.540563419548635
ewee1241,atla1278,-4.579487242842826,0.06160507775352797,0,3.0042764824055,3.09053585200467
fala1243,sino1245,-11.160484411497919,2.305685775888284,0,-0.59958103890575,2.76321464801612
fare1241,atla1278,-4.503063923006572,0.07299165250801763,0,2.8707134408044,2.99469420946019
faro1244,indo1319,-3.9247278666965935,0.0909501291632179,0,-4.5731916828915,2.996179245724115
fasu1242,fasu1242,-15.649503990489938,3.436133386149726,1,1.47238360827935,3.37290687361367
fiji1243,aust1307,-0.3590942687482048,0.05056005798097117,0,1.44948161982725,2.82690593825543
fili1244,aust1307,3.681633274674904,0.06967190392798144,0,-0.89546201062425,2.818266170805975
finn1318,ural1272,-11.264827212946493,2.3451910808897507,0,-8.01081436095,3.614335567374035
fipa1238,atla1278,-7.711211374269944,0.5249662507826355,0,4.201163083267501,2.955479839994935
foii1241,east2499,-14.944978445618482,3.5390353724040042,0,-2.3539496573400003,3.3396345964655803
fonn1241,atla1278,-4.370795517120399,0.05298264092396286,0,3.0175965326774996,3.09073319578041
fore1265,ural1272,-11.48381612181646,2.4808198943477953,0,-7.681845657049999,3.73557109830454
fran1266,mixe1284,1.7508527510224754,0.08487251247938375,0,-2.5985691642475,3.239899371022365
stan1290,indo1319,-2.3684460660174507,0.05346156819162795,0,-4.0438232670337495,2.853844224023325
fuln1247,fuln1247,-10.739643359724322,2.627951209889044,1,1.2411563511255,3.40945832795835
furr1244,fura1235,-13.658360665318881,3.4616140239989868,0,4.28442912313575,4.033457706648265
furu1242,cent2225,-13.136583906996407,3.1227206123848754,0,1.168367921165,2.736976073348205
futu1245,aust1307,-2.9101366682024756,0.058582673983790946,0,1.384840541362,2.77758618196137
fuyu1242,fuyu1242,-15.369618699127278,3.325258608206778,1,1.6701967044182,3.35598115189736
gaaa1244,atla1278,-4.724834949714364,0.06997924363331026,0,3.21957716093425,3.0492679559182347
gaaa1245,atla1278,-6.565306913525991,0.14204684551948493,0,4.0812521200575,3.1777468730019
gaam1241,east2386,-14.062876369346,3.510327026856533,0,4.54240714220125,3.8874106386816303
gaan1243,afro1255,-1.5489299268503562,0.04342492337034735,0,1.65991807869125,2.9131041605948447
gada1258,aust1307,1.7553187678446944,0.08715701584140341,0,-0.60786642706925,2.8123366803895102
gade1242,atla1278,-5.138780957631437,0.05583998767979531,0,2.398845426395,2.9225158942032197
gaga1249,turk1311,-10.731382625990229,2.382124732606428,0,-7.5684989365524995,3.657391297691865
gale1259,nort2923,-12.59624335603922,3.106878701102168,0,2.340111172065,3.329515036146315
gali1262,cari1283,-3.875243899127297,0.17089564760451137,0,-0.78809601972,2.835121917393205
gali1258,indo1319,-2.814641453414671,0.07644104242859394,0,-4.07247758129,2.8322201764313997
galo1242,sino1245,-11.723346935734273,2.2397129484522695,0,-0.41274613575950003,2.73310154362891
gamo1243,gong1255,-13.74702012092213,3.230910137114239,0,-2.49097202133225,2.96903758277022
gand1255,atla1278,-7.938723592924975,0.8169127593838758,0,4.3165875657375,2.929844443729805
gang1266,sino1245,-11.414164741887358,2.2861331557536624,0,-0.459302057489,2.7825069461241947
gant1244,nucl1709,-15.939959823618901,3.2847101592582515,0,0.06883143355675,2.988978538245795
gapa1238,aust1307,-3.5617067520383543,0.04135103419770208,0,1.6026245453125,2.922590759276105
garo1247,sino1245,-11.647416657788469,2.295518461610765,0,-1.3565830920475,2.786723596002665
gata1239,aust1305,-3.560189280679108,0.06100519540741058,0,-2.052752863395,2.819035505432935
gayo1244,aust1307,-1.5672688447888548,0.050281674860857044,0,1.7531262668449998,2.8880371188439
geba1237,sino1245,-13.831396307846841,2.2629897082928285,0,0.5597321502047501,2.845934241977565
gebe1237,aust1307,-3.2456100039833604,0.0831254139081624,0,1.29328029924825,2.95148533083656
geda1237,aust1307,-5.297345915283659,0.17587900889675626,0,2.03120179190675,2.932983075720495
gela1263,aust1307,0.1461560397756498,0.04549004587588508,0,1.9197781544825,2.8488382519556996
nucl1302,kart1248,-11.150351660712754,2.736282040185753,0,-5.051428811995001,3.58405711568496
gese1240,aust1307,-4.348978566723268,0.1433503375279783,0,1.788769327117,2.9952227376592546
ghad1239,afro1255,1.7306605290306711,0.11873099783570053,0,0.893992109424,2.9646050485689397
ghan1242,aust1307,1.502094764322929,0.08717805823164856,0,0.71743442819325,2.822828148994855
ghar1239,aust1307,0.6350137563411673,0.06270011411610048,0,1.9164184316575001,2.8466815086759096
gheg1238,indo1319,-5.457852127269079,0.0917949531030252,0,-0.2447254227,3.0259376640875297
ghom1257,afro1255,-0.5246307384232871,0.1115650076719405,0,2.02620427849075,3.035531542021915
gida1247,afro1255,-2.7748809447180287,0.04982051401154792,0,1.277291289195,2.84984875236396
gilb1244,aust1307,-2.4747855046411287,0.10372836120751705,0,1.403767700986275,2.8683537156698247
gira1247,nucl1709,-15.99942764136538,3.271793964733004,0,1.14887184098725,3.23418972480004
giry1241,atla1278,-7.5827347101792295,0.44698818236523913,0,3.80727575569,2.87509174158467
glav1244,afro1255,-1.2013879097828064,0.05659837086420187,0,1.3679140146995001,2.8334986206671653
ghod1238,nakh1245,-11.421073594261907,2.4393545517472024,0,-6.0680135563675,3.47553948198769
goem1240,afro1255,-2.0983763536737063,0.05916566777731657,0,0.7564273067675,2.8717146060218948
gofa1235,gong1255,-13.7867801085809,3.2516971892002395,0,-2.48487559621,2.97252926936378
gogo1265,suki1244,-14.621410640808504,3.5466536222084946,0,-1.89218790245225,3.3323101083445703
gola1255,atla1278,-4.390926030928814,0.1342069908498411,0,4.793361502970001,3.24933030345104
pare1266,aust1305,-3.577544462520903,0.06278771306505164,0,-2.1174058157989997,2.850390462149615
guah1255,guah1252,-7.67442499657051,2.025937389989807,0,-2.07964749267475,3.3158600550632
guam1248,barb1265,-7.4960205016967585,1.7056390256302005,0,-2.9743647332075,3.194387822851485
guat1253,guat1253,3.0938777402158566,0.6464349940918311,1,1.5192159914525,3.2966562723309396
gube1234,atla1278,-2.874934786034312,0.09783849026975411,0,4.9146944383025,3.25817642881186
gude1246,afro1255,-1.5058598527528737,0.052726304916634006,0,0.06022672290099999,2.883027296433805
guer1243,otom1299,2.3490827820780353,0.02307155796533683,0,2.002012245915,3.223132253904935
guhu1244,nucl1709,-15.517230534608766,3.1974555333188,0,0.33869215127225,3.050113181489465
guiq1238,sino1245,-12.445995888164305,2.300250834225833,0,-0.36720486767399996,2.8189680503280803
gulf1241,afro1255,-2.394854231178358,0.06074929899189251,0,3.3008008643325,2.877893185074995
guma1254,aust1307,-2.6954422771949824,0.02013245512391995,0,1.5825842579725,2.93027696331801
guny1241,pama1250,-2.9508513919248847,0.0925529223462806,0,-0.7317817224635,3.0274156505687397
gura1251,indo1319,-5.955611361089403,0.16634581134318596,0,-0.9424111430425,2.9446792805659348
guri1248,guri1248,-14.857884801846833,3.5547432838032154,1,-1.95166794521375,3.342067536933805
guro1248,mand1469,-10.587260534838885,1.99688062780856,0,7.542503961515,4.04475060718893
guru1261,sino1245,-12.666618261944409,2.2581690000911854,0,-1.4257245679675,2.7610956522354897
guru1271,afro1255,-1.9406617322074364,0.046133941857265645,0,-1.4615785759025002,2.93837357484417
gusi1247,atla1278,-7.089355970691267,0.7505359621986919,0,4.1980881195925,2.942345700705385
gugu1255,pama1250,-4.525529142533901,0.08692480554504628,0,1.17589436868685,3.0719609404184602
kwam1249,koma1264,-13.986062143421403,3.531323030488043,0,4.86862638040275,3.822883651070385
gwen1239,atla1278,-7.561181592482219,0.4642514617961854,0,4.03370515557,2.951419558636985
gyel1242,atla1278,-5.955046232742065,0.10653214989370668,0,1.84559827123,2.87422574861849
haaa1252,atla1278,-7.922284385274584,0.6446878020793891,0,4.169737379888749,2.957868144131995
hadi1240,afro1255,-4.159103300322836,0.3997571093410074,0,-0.5941191370102501,2.821967821122895
hadz1240,hadz1240,-13.408126342176011,3.32786182041399,1,4.598003288239999,4.42222932279424
haka1240,sino1245,-12.309811667029695,2.148793341811784,0,-0.36631804450500005,2.810791458506925
hala1252,aust1305,-5.151767537923694,0.08985545483158795,0,2.7562949726859998,2.8326440046510397
halh1238,mong1349,-11.578462796270253,2.826294662672445,0,-3.7497140193250003,2.952504803442195
hali1244,aust1307,-3.491516548726839,0.1258345739351769,0,0.9369095435575,2.878494459625335
halk1245,sali1255,2.2283512724220502,0.05917469721246711,0,-4.1303059863025,3.285766949455545
hame1242,sout2845,-13.924022887542616,3.4864776545388527,0,3.600360795075,3.815480958660465
hang1263,nduu1242,-14.997393233155298,3.536782131884236,0,-3.13946875135075,3.26921272737277
hani1248,sino1245,-13.851615261581053,2.4764648507214635,0,-0.23876134707250002,2.7251636205553247
hano1246,aust1307,-4.738166020346566,0.08043269451364866,0,1.4649565008062,2.871876336016575
haru1245,piaw1238,-15.898534522600542,3.4211591435637336,0,-0.416147198331525,3.16298807637717
hass1238,afro1255,1.6115762607141573,0.22196749202558297,0,3.4613684848275,2.84580795006931
remo1247,aust1307,3.602920666808856,0.0709002488423165,0,-1.23529524326595,2.878715361445745
haus1257,afro1255,-1.9264092596354294,0.05273780088701335,0,-0.61397040172325,2.8910099044954247
nige1253,atla1278,-6.507955157693726,0.14663371205189638,0,4.8675411659425,3.249118978621965
hava1248,coch1271,-11.832530999122032,2.777480680025389,0,1.02895924782775,3.204445533306785
hawa1245,aust1307,1.8031718119990154,0.264330104782647,0,1.719325900872475,2.73947470865615
hdii1240,afro1255,-1.1032386714107578,0.06141689195508574,0,1.20022482726,2.840157244397015
hehe1240,atla1278,-7.771287495799404,0.4682626615370497,0,3.3759413330725003,2.853646881346765
heil1246,waka1280,2.992177222083757,0.4854772150174462,0,-2.6053353561434998,3.411025195346555
here1253,atla1278,-6.581964870595851,0.3115002642843966,0,4.4446918738,3.005470105555475
hida1246,siou1252,-9.894882978719815,2.514562573175317,0,-2.0470695912599997,3.0706074771570098
high1276,mixe1284,0.3191808488234411,0.007310608599507247,0,-2.602436576497325,3.2289178733317
hind1269,indo1319,-6.683825322661792,0.5967187276902675,0,-4.05009932706025,3.019672740800405
hixk1239,cari1283,-4.387863948091201,0.10578097214631323,0,-0.7519092103912499,2.86037083876961
hooo1248,aust1305,-3.0332934386622625,0.04876467285440902,0,-2.1342926554415,2.804581865451505
hoav1238,aust1307,1.574894977850053,0.0795809236688027,0,1.819256669144,2.8479285767705598
ainu1240,ainu1252,-11.355620150162782,2.95727628423945,0,-5.448038625487525,4.24558058632555
holo1240,atla1278,-7.8012008810247,0.5972752332145537,0,4.28605242736,2.959773990231695
hone1235,atla1278,-6.6067825408427865,0.14024809707335803,0,1.6941878131607502,2.803384248254495
honi1244,sino1245,-13.69543006487091,2.464900434357354,0,-0.38371134929575,2.743576601674805
hopi1249,utoa1244,-4.04852652463371,0.22578313842429162,0,-2.2427663184775,2.890108053529215
hote1245,aust1307,-5.062666102998027,0.11891109723780184,0,1.2300055179875,2.894421884782835
hozo1236,maoo1243,-13.257330334482592,3.55132214512673,0,-1.9125800048525,3.4614543469340147
hrus1242,hrus1242,-11.305292112608829,3.090692903459498,1,-5.1140995429975,3.9979529355189403
huuu1240,aust1305,-4.599193794944867,0.06265615321470347,0,2.32391954767,2.781534007924785
hual1241,quec1387,-7.516286472896017,1.6083474844609371,0,-3.728746929282,3.143086570103835
huam1247,jiva1245,-8.639530414960205,1.7014695580510797,0,0.5479041267139999,2.958922007484735
huar1255,utoa1244,-3.9340755901545688,0.08790510816170806,0,-1.2300562494,2.89171477763115
huas1242,maya1287,-0.686927708458847,0.1265295401788838,0,-3.2904961640424997,3.27010653013126
huba1236,afro1255,-1.940767284793301,0.04217315760924843,0,1.54824015055975,2.84560552260128
huic1243,utoa1244,-0.4631039497474312,0.012767425315665607,0,-2.2763394794407503,2.886345285207855
hula1239,aust1307,-4.285203716917129,0.09755594056779814,0,2.06071538809,2.89605126691105
hula1244,afro1255,-1.2578157778143808,0.06511672249498364,0,0.0238427093265,2.83435470936988
huli1244,nucl1709,-15.68504944817829,3.309286623863692,0,0.031048064905750003,2.979772771190235
humb1243,song1307,-9.007516476732306,2.123366708099687,0,6.5380821351775005,4.00319859245222
hung1275,aust1305,-5.0704387579462065,0.09615201244621308,0,2.1379874649925004,2.84221912414639
hung1274,ural1272,-11.083517171749303,2.281153388898029,0,-7.794016565774999,3.71250029628139
hunz1247,nakh1245,-11.427269394774122,2.4386888646438276,0,-6.0726369177374995,3.44615494912221
hupd1244,nada1235,-1.1842723513240871,0.1925978987221995,0,1.9088648068935,3.21741523400242
wyan1247,iroq1247,-9.18595071941023,1.816139154321033,0,-2.05615171920325,3.036424112540065
hyam1245,atla1278,-5.723044850673684,0.0962852626334893,0,2.052590944261,3.006935636617495
iaai1238,aust1307,0.7981659412328828,0.06256533923394612,0,1.410208366135,2.8935198908892854
iama1237,aust1307,-3.0037441384176713,0.014250222113581389,0,1.64776472585475,2.924131008599725
iatm1242,nduu1242,-15.056617089969432,3.5328629196124304,0,-3.11163464703915,3.27673965017902
ibal1244,aust1307,2.7460060742822856,0.027024580642996107,0,-1.3285070649775,2.85244171739155
iban1264,aust1307,-3.038157780644589,0.11823451874941257,0,2.3696166726075,2.82681012720167
iban1267,aust1307,2.8687393362009574,0.04039990055097298,0,-1.2390951411725,2.835179110250685
ibat1238,aust1307,2.4315747180065275,0.039221519587972695,0,-1.048172522844725,2.810584846805815
ibib1240,atla1278,-3.9652639535600462,0.07854215788728412,0,0.5373023632001499,2.976553669195705
icel1247,indo1319,-4.218798094407447,0.12141111454688332,0,-4.5713605164299995,3.001888489103635
idii1243,paho1240,-14.427838583307144,3.534324538116544,0,-2.273421218037,3.30409176352606
idum1241,sino1245,-11.92058365225667,2.2425669693500447,0,-0.7451074281415,2.826980456819525
idun1242,aust1307,-3.2246496191934257,0.02302088280346908,0,1.6836196160774999,2.90279145499559
nucl1417,atla1278,-4.371954782590693,0.03295984384046679,0,2.5661318979475,2.93775344743442
ikkk1242,kuli1252,3.210140481925694,0.6237081542120299,0,4.9048081375275,3.7001202290965303
ilaa1246,atla1278,-7.029872962350127,0.41642427826125655,0,4.174713374562501,2.945902837486245
iliu1237,aust1307,-3.9476987636409344,0.09389581136148153,0,2.058900966240275,2.9603989733144553
ilon1239,aust1307,3.1932671249411104,0.045895008436433495,0,-1.2862246155045,2.860621279611985
imba1240,quec1387,-8.25524406093738,1.4310498001325684,0,-3.905579027375,3.0854385677906153
ingr1248,ural1272,-11.368807122919709,2.340481396027177,0,-8.028651147625,3.590169647382285
ingu1240,nakh1245,-11.320345651816641,2.4278419805103466,0,-6.02048993135,3.47589359873138
alba1269,aust1307,3.7537861753158746,0.08232407738154127,0,-0.91794013104575,2.79096315499371
iqui1243,zapa1251,-8.30596570462527,2.0890702076684855,0,-2.4962079082925,3.2580084530109
iraq1241,afro1255,-3.7758288861131124,0.3240023482477529,0,1.39785147178325,2.9094590174213497
irar1238,aust1307,-4.496725421371099,0.1593466237001379,0,1.333182705285,2.96392592042393
iris1253,indo1319,-2.210093141225201,0.21537918724343913,0,-1.881988426507,2.986322014135565
irul1243,drav1251,-12.134739358397027,2.7176516784327025,0,-8.2411988512,3.91011090597692
isco1239,pano1259,-3.0413515329147955,0.08380386470431653,0,0.2220109760665,2.84383359697891
isin1239,aust1307,3.0317687738867005,0.03867419250881179,0,-1.2117268539675,2.85734480482462
isir1237,kwer1242,-15.2238471955603,3.416326977157149,0,1.2709816986275,3.43238550500238
isna1241,aust1307,2.234909446791983,0.029025771905067537,0,-1.263638812184025,2.8349650714181402
isth1240,utoa1244,-0.29325757820182563,0.055818628411651625,0,-1.8139635115165,2.83306942771744
isth1241,utoa1244,-0.3122908818162051,0.049126071679969546,0,-1.81177438838165,2.835382647403865
ital1282,indo1319,-4.531017054172853,0.14322564846915214,0,-4.0107213693275,2.85063260829869
ivat1242,aust1307,1.7173118590681034,0.030863981070288347,0,-1.0122557196595001,2.7928722395989
iton1250,iton1250,3.1501479194870443,0.5995116728025695,1,1.4709152024923,3.2816301202857954
itza1241,maya1287,2.192594206426654,0.0524239806659011,0,-3.5730647895949996,3.2053124466544647
iumi1238,hmon1336,-14.589132370072402,3.0965350851701188,0,0.22396146554075,2.809846620407765
iwal1237,aust1307,-5.014399865459063,0.11571943536042352,0,1.234032532745,2.903157276518025
iwam1256,sepi1257,-15.633160833125633,3.4325238511739458,0,0.625446264045,3.07739414936627
iyoo1238,nucl1709,-15.997543157226875,3.25159783008497,0,0.60461602046675,3.097139231712085
jahh1242,aust1305,-4.430652997386979,0.057417824487650634,0,1.951546631555,2.82505149532654
jalk1242,mand1469,-10.294066578587419,1.9905347478284716,0,7.4946485017,4.05168606914283
jamb1236,aust1307,-2.833575042367152,0.13833422552956218,0,2.5882224124675,2.78778547588674
djam1255,mirn1241,-13.472555784144328,3.3575208626801794,0,-2.830717019135,3.26316251238032
jams1239,dogo1299,-8.844598530550162,2.160990256588824,0,5.2808620802475,3.9250302421154704
nucl1643,japo1237,-11.231226073102683,2.5748611326104687,0,-4.1932156967675,3.307264160362795
japh1234,sino1245,-13.106272079035659,2.1164247718760216,0,0.8530296971605,2.844405906851605
jaqa1244,ayma1253,-6.980277881608898,1.5489193049380907,0,-3.302874558407,3.1756829410296747
jara1266,aust1307,-3.432567288428859,0.2168799771818231,0,1.1175578479825,2.75050415044086
jede1239,aust1305,-4.482408844752328,0.062097048474880845,0,1.7382082172525002,2.7905843119169003
jeha1242,aust1305,-3.62905180840916,0.16024461011759708,0,1.6227456540022498,2.7863832361511447
jiba1237,atla1278,-6.518851872843712,0.13755312944563478,0,1.69601171497175,2.81344522609794
jina1244,afro1255,-2.9416465128976963,0.052295467127401754,0,1.30635037512125,2.857413526947135
djin1251,mirn1241,-12.101239252748872,3.308697869824186,0,-2.7806042678800003,3.26503191415747
jjuu1238,atla1278,-5.82824214582417,0.10214979606268368,0,1.951327067367,3.02715203221782
juan1238,aust1305,-3.414389628670464,0.06258396813467372,0,-2.0536268342625,2.8202762405603803
juku1254,atla1278,-6.120016642139033,0.098988147044476,0,1.745238631061,2.803072758140065
jurm1239,cent2225,-14.320669603270094,3.3992279932765466,0,1.571918287825,2.788141754381135
kaba1281,cent2225,-12.71733632634971,2.904570534962474,0,1.1134193218044999,2.729383163791625
kaba1278,abkh1242,-11.931642860176044,2.6097700854535124,0,-1.8261340600475,3.209075758681755
kach1284,gong1255,-13.723949585763265,3.152470921793116,0,-1.80197321658,2.942349457619855
kada1242,drav1251,-12.052065974283568,2.6996024681810162,0,-8.2782108038,3.89544223424208
cent2100,aust1307,1.5710327602155143,0.050420033172421004,0,1.1300067721225,2.8382111679994253
kado1242,sino1245,-14.533947365571667,2.3066448783732754,0,-0.7967504378225,2.7633636893821247
kafa1242,gong1255,-13.589079276130356,3.343269389396558,0,-2.6775087445,2.994395720170525
kaga1256,aust1307,3.242851921010641,0.047655599657400134,0,-1.20404909431625,2.8165413817113603
kagu1239,atla1278,-7.771667290236467,0.46290841906924135,0,3.64197543744175,2.868890334491715
kaik1246,sino1245,-12.783619244045092,2.2689519320763507,0,-1.64886481468025,2.840358967015315
kaki1249,kaki1249,-15.645432791104275,3.3712247041407104,1,1.0408119222495,3.4398315839226
kala1399,eski1264,-10.983076387715228,2.661270412372859,0,0.692972417107775,3.0947553407718704
kala1388,aust1307,2.3621592218707033,0.07196116017011182,0,-0.8168780399625,2.7610270689084198
kara1499,west2604,-15.21317438064353,3.383430640651517,0,0.99546988674425,3.426914309427505
kala1384,atla1278,-6.685233540089879,0.3427359144004384,0,4.157440222975,2.940757877892965
kamm1249,atla1278,-6.464439159952895,0.13383340411129283,0,1.840278912884225,2.96093737130249
kama1370,nucl1709,-15.19569200306822,3.359768852129273,0,-2.1954505431825,2.98498368775757
kamb1316,afro1255,-4.167319774749364,0.38511454169259235,0,-0.61105010653825,2.810023974662145
kamb1297,atla1278,-7.214187472508559,0.47390326867050847,0,4.04350659097,2.933832102943035
kamb1299,aust1307,-3.8474428631623026,0.10386441374930247,0,1.04999119268925,2.883090811877575
kana1286,aust1307,-0.2662652180913563,0.07001384301625072,0,1.2347917621865,3.031750859577895
kani1286,nucl1709,-15.169102451185244,3.362900703676811,0,-2.1682243936625,2.99247307777528
nucl1305,drav1251,-12.351087851090625,2.746445203772671,0,-8.234196726124999,3.89727855616212
bidy1244,atla1278,-2.293620809040596,0.07683440429564076,0,4.8141533707325,3.272693485341415
kaon1241,atla1278,-7.207148510118836,0.45669518628101097,0,4.2242564761575,3.0464937886144
kaqc1270,maya1287,2.12569824663505,0.02652570334090117,0,-3.6426450604275002,3.230397379737865
kara1482,cent2225,-13.939968945569682,3.163836146611771,0,1.691559477661,2.78584725592057
kara1476,pama1250,-3.9570673425356455,0.10913507817907019,0,0.6059124179512501,2.9448070879056747
kara1500,nucl1710,-10.07252666727172,2.0311378545812793,0,0.55577545844525,3.04965512616914
kara1487,aust1307,2.7344516116481428,0.026733609823082087,0,-1.351589365175375,2.850539049072535
kara1486,aust1307,-4.849271211505615,0.3758962569587709,0,1.3082112429255,2.913663240231595
kare1338,atla1278,-6.717232988205557,0.3412404983679184,0,0.030096248204649997,2.802109467781235
kare1335,ural1272,-11.33831475738913,2.3697753707883686,0,-8.00996845065,3.60273733813197
kari1306,atla1278,-8.78341890564764,0.7557101590589107,0,4.09880113334,3.012775311988665
kari1311,tupi1275,-8.74104765956616,1.7947399697114004,0,1.945240237888,3.067124391623915
kark1258,pauw1244,-14.814681593351107,3.5532668989068523,0,-2.0127960415575,3.321759621528425
karn1252,aust1307,-5.093063135769363,0.13933460574418227,0,2.06607137591125,2.9218668529512604
karo1304,karo1304,-10.934709265199778,3.011401917922887,1,0.59759500508425,3.39004468537258
kash1277,indo1319,-5.995841000919639,0.5103140119562759,0,-4.01202622572,3.04719136711573
kask1239,atha1245,-10.490983955769519,2.3115829185338193,0,-1.1897657990775001,2.926834010916025
newa1246,sino1245,-12.760724454933936,2.2607626189006154,0,-2.752000683175,2.87629852561502
kats1235,sino1245,-14.224184850278913,2.268875376517981,0,1.16346477386675,2.8554141209945447
kana1291,katu1274,-8.992577266307158,2.2162955253149015,0,0.8306061169772501,3.32806517479412
kaur1271,kaur1274,-15.470142513484564,3.4538166482079817,0,1.210131189647,3.36294314372472
kava1241,aust1307,0.7828403707201788,0.025347406182138717,0,-1.175982892515,3.04661649377698
kaya1315,sino1245,-13.970260924387762,2.271243990906334,0,0.5653752898225,2.84716479541311
keap1239,aust1307,-4.198446360114706,0.09428133699431188,0,2.057220328414,2.895116083315055
kera1248,atla1278,-2.6328006675582847,0.08909322124334397,0,4.82094760561875,3.276280362807255
keig1242,kadu1256,2.6777082885824397,0.651904685870091,0,-0.543584943505,3.39674496757892
kele1255,atla1278,-8.163267032102285,0.6440557035882423,0,4.16923081067,3.0279127973065902
kele1258,aust1307,-5.197781332448244,0.25108530480245705,0,1.129320419235,2.8866851004871954
kele1259,aust1307,2.596580098497017,0.024811635333587146,0,-1.3352241261275002,2.8606342623490404
keme1240,atla1278,-6.182318171405642,0.10272669706663082,0,3.8301557144064997,3.1412510530423603
keng1240,cent2225,-13.467459532950643,2.844672090070643,0,1.6990846496224998,2.752326589066275
kens1248,aust1305,-4.393484635712071,0.06543616255541831,0,1.89580646912425,2.792642218327405
kenu1236,nubi1251,-11.517130218776229,3.043985013095162,0,4.748766657313,3.8742151763665102
keoo1238,aust1307,-3.7849274675057885,0.08214953240179089,0,1.5871427263175,2.9581775664003
kera1255,afro1255,-3.313258289579555,0.06581559749846314,0,0.8374815312725,2.96425058312965
kesa1244,nucl1709,-15.975541486626135,3.261798158171816,0,1.0951642780065,3.219542849080315
kett1243,yeni1252,-11.456907280780225,2.994099452302792,0,-6.414020233025,4.629342868621196
kgal1244,atla1278,-6.46078151694678,0.2854958735396266,0,3.2273696634349998,2.84343730871445
khak1248,turk1311,-11.579077197384727,2.6219969851956573,0,-7.5749772883325,3.668246454519855
khal1275,sino1245,-12.461265336733984,2.2574745275860693,0,-1.4567229413775,2.809952549993195
kham1282,sino1245,-12.747838177177922,2.0733011801693517,0,0.340458284954,2.723679910297875
khan1278,atla1278,-3.773434860619992,0.06908976784076061,0,0.24427955791,2.946629808716875
khan1274,aust1305,-4.800745671612379,0.07465972215715592,0,2.3329171502425003,2.7860386538435797
khar1288,sino1245,-11.321798754780692,2.2711042803303196,0,-0.2829495210975,2.75332325916122
khas1269,aust1305,-1.720982310148235,0.1450030119244538,0,1.5942476158565,2.763457942261395
khez1235,sino1245,-12.208858689117951,2.10415412857183,0,-0.3046945636535,2.8053482306530952
khin1240,nakh1245,-11.597459239908016,2.490746284853738,0,-6.0642750578615,3.4845093249947148
khmu1256,aust1305,-4.831412643637227,0.07922554829635058,0,2.3628300429225,2.800811205443265
guan1266,sino1245,-12.336505961166448,2.281249210232056,0,0.10589983428075,2.835821531666465
khum1248,sino1245,-12.325172005701152,2.149358728293179,0,-0.0407283849655,2.833941185013535
khva1239,nakh1245,-11.41183050542255,2.4345975151474204,0,-6.09866671181,3.45229147331125
kich1262,maya1287,2.226295549712897,0.035338045148945785,0,-3.64529143624,3.21598659965131
kiku1240,atla1278,-6.574795559449647,0.5677908507533993,0,4.0538862676525,2.9343456648095803
kile1243,tung1282,-11.406391367738175,2.668488551201233,0,-6.5921099397,3.5511548084704847
kili1267,aust1307,-1.720445490186216,0.09375902114887595,0,2.1021532877175,2.8875954836429
kimm1246,atla1278,-7.580632037994187,0.24366862317579355,0,2.01875676729567,2.97583371560728
kima1246,kolo1268,-15.030675664691806,3.4677151041095957,0,1.540258385831925,3.33278180482092
kimm1245,hmon1336,-14.383862755266046,3.0737878387192414,0,0.2231097802495,2.82764589580614
kina1250,aust1307,2.8401122437375586,0.13101619102198422,0,-0.230430015725,2.7581856124182202
kinn1249,sino1245,-12.645274047174102,2.2802363026708514,0,-2.1239936049384998,2.888440048972255
kiow1266,kiow1265,-9.712525513129028,2.5515690632192882,0,0.2188375409495,3.320028887637125
kips1239,nilo1247,0.6500453597200719,0.10449747055208462,0,1.3547978361265,2.884461315851055
miju1243,sino1245,-12.090283149737534,2.267696884969113,0,-1.8297924096125,2.8317799442007647
koda1255,drav1251,-12.200026284871946,2.7255566625777905,0,-8.24871149445,3.876240166382515
koho1244,aust1305,-4.912069727524326,0.08742722972112683,0,2.739433487515,2.823647582584195
koir1240,sino1245,-12.15145315628558,2.1099445843815787,0,0.12467229251225001,2.7982281376894953
koit1244,koia1260,-15.255078345348661,3.313371123571145,0,0.31501771794,3.1332617472164452
koka1244,pama1250,-3.6509334677454675,0.07333496183568135,0,0.5545546860635,2.9371280597021947
koko1269,aust1307,0.2995497476077196,0.04056253761621068,0,0.542506288555,2.78336704247101
kola1285,aust1307,-4.605415769642302,0.20428427105491462,0,1.9306198899395,2.95038082912865
kolb1240,atla1278,-6.8035853187404625,0.17616972414676607,0,1.077815141705,2.8473771104576553
kolc1235,atla1278,-6.094510812058562,0.2670006252983259,0,0.9549929258425001,2.8434521133007
kolu1245,aust1307,-3.087704218283707,0.017055720678218762,0,1.6582338553975,2.924659512856815
komb1274,nucl1709,-15.434181589234889,3.337186855768806,0,0.66372736754325,3.033143755825675
komc1235,atla1278,-6.09050699882258,0.0917644330460187,0,3.2322294975625,2.991133650435275
komi1270,sino1245,-12.288035470149476,2.1215474003989874,0,0.10086666574262501,2.79318396519741
komi1269,ural1272,-11.565145254610325,2.447254782070939,0,-7.8252712542000005,3.674401041422355
komi1268,ural1272,-11.515945282852979,2.452975940378019,0,-7.8378191727025,3.689449054576375
komo1260,atla1278,-8.161952255310881,0.6849947157775509,0,4.1160696354625,3.00571149612338
kona1242,east2433,-15.608728857561985,3.4526243549763436,0,1.4117342758090001,3.3361839705162453
konk1267,indo1319,-6.425803373583122,0.5837917168956841,0,-4.1284735242220005,3.026474021012965
kons1243,afro1255,-4.479327191002661,0.3751019423158246,0,1.9145681768674998,2.808398623760215
kony1248,sino1245,-11.696606443455853,2.2576277282908137,0,-1.5542171237070002,2.836284934549625
konz1239,atla1278,-8.244777416386933,0.7655192568311445,0,4.184965478515,2.9480693950991848
koor1239,gong1255,-14.28552359238406,3.085709620865278,0,-1.34942621824,2.9162116860677
kore1280,kore1284,-11.323695656877229,2.961646361743042,0,-5.1905855598479995,3.8594839772109353
kore1283,tuca1253,-0.49867333716432416,0.16291977367744032,0,-0.07632192560975,2.969075575136515
kork1243,aust1305,-3.380518329064255,0.0657168198915724,0,-1.9313568844045501,2.834143205436395
koro1298,atla1278,-3.273163006871287,0.09634707350184128,0,2.7876962540871,3.02921801691528
koro1313,sout2948,-12.501417503198889,3.3297923430347702,0,-2.1864970162399997,3.3469825118005803
korr1238,drav1251,-12.2761662733434,2.743757652284863,0,-8.17960838666,3.94323355329952
kosa1249,nucl1709,-15.458777197854054,3.32363544858804,0,-0.38733749550225,2.9470586010913546
kosr1238,aust1307,-3.151907521604926,0.32337844792311665,0,0.2023709195685,2.8411796628174253
kota1263,drav1251,-12.093788472441222,2.7026208421648588,0,-8.2082828571,3.8837478453878154
koti1238,atla1278,-7.27462511739237,0.46388984878983036,0,3.459889764635,2.862741302812875
guan1269,tuca1253,-3.215224370741317,0.1766855826035816,0,-1.00890654030325,2.966618566264845
kova1243,nucl1709,-15.114429637295022,3.3486015350291596,0,-1.71469231736075,3.0650911752458
kove1237,aust1307,-4.663766693522491,0.13917612799295603,0,1.8613423491525,2.94261062609497
koya1251,drav1251,-13.118540460423803,2.8097858919151233,0,-8.2182518962475,3.9042310300983702
koyr1242,song1307,-9.157924315614132,2.0859806126465297,0,6.5581568827725,3.9978321631796048
koyr1240,song1307,-8.884883314656431,2.0306892265950744,0,6.5556743599825005,3.9870329299436147
kren1239,nucl1710,-10.528225646976814,2.0154255268664447,0,2.13145677153,3.106725074337775
gbay1288,kres1240,-13.618864697110233,3.601380405119053,0,-1.5049629349577498,3.367524632520815
kryt1240,nakh1245,-11.605205932487364,2.4944426449382178,0,-6.098079005545,3.442258477884345
puoc1238,aust1305,-4.888855185947415,0.08310627014737121,0,2.40124398434925,2.793202195794915
kuan1248,aust1307,-3.7065003014025693,0.3124455956773993,0,-0.4944521707,2.84770992011116
kuan1247,atla1278,-6.559564611140015,0.3246530024024263,0,4.4597500784625,3.001112091127145
kuii1252,drav1251,-13.474484105458851,2.8231735714201203,0,-8.231800557425,3.93336857866392
kuik1246,cari1283,-3.477553719611164,0.1532587117257601,0,-1.2174449567319998,2.9330002851158152
kuku1280,pama1250,-4.403755052037873,0.07333790077119164,0,1.3346975631350002,3.045844056332955
kuku1273,pama1250,-4.2584555058480085,0.08781211574528573,0,1.1431285760693,3.058971863272255
fait1240,nucl1709,-15.227066992036844,3.3779668193185586,0,-0.23106828296499998,2.9802920527291548
kulu1253,sino1245,-12.469746659745258,2.262407018398808,0,-2.3471760111,2.9012162168899396
kuma1280,nucl1709,-15.915963375888303,3.275111162461987,0,1.14514636227,3.00184388395536
kumb1268,pama1250,-3.5250261458735626,0.15425971027056767,0,0.203597403495,3.036413518273225
kumz1235,indo1319,-6.292522979137887,0.36110533334509753,0,-0.88464158594225,2.926850682726915
kuna1268,kuna1268,-13.708360642532474,3.213426046507909,1,4.94683998405225,4.50815515104782
kunb1251,gunw1250,-13.927376828667402,3.4180123440132046,0,-2.4911700887275,3.2312175687960147
kuni1267,kuni1270,-15.551910108494699,3.332299538692817,0,1.6954468719662499,3.38197925678676
kunj1245,pama1250,-3.7865539171515064,0.08153719694449706,0,1.15041110468775,3.0681803034994948
kuot1243,kuot1243,2.540303148954698,0.8071633064073681,1,2.4202481882375,3.394201246448715
kusa1251,aust1307,1.3673125874802752,0.06906338912189972,0,1.8237192892005,2.849191090694175
kusu1250,kusu1250,-12.6971292059776,3.207242448023541,1,-5.97344537249675,4.788818230548335
kute1248,atla1278,-5.372765518442611,0.16389629934231587,0,0.8223916230825,2.85137859989439
kuvi1243,drav1251,-13.417968123360804,2.8193647691252535,0,-8.238107935925001,3.92944959296699
kuyy1240,aust1305,-5.259147166399985,0.10901582038680996,0,1.9173849185725,2.76143878268335
kwai1243,aust1307,-1.6590516924558045,0.04973809865189614,0,0.9002509760224999,2.8148410913844497
kwam1252,aust1307,-2.840216969022867,0.054967189469230536,0,1.61740420332375,2.879969643722915
kwar1239,aust1307,-1.6157641581028628,0.05150789593367396,0,0.81050256942,2.809726416732855
kwaz1243,kwaz1243,-7.641695135828191,2.002532530582946,1,-2.4359544797105,3.302686962538065
kweg1241,surm1244,-0.29281709163530234,0.16008376847716704,0,4.81033800726925,3.4290396840092896
nucl1595,kwer1242,-15.272644574862618,3.4190213327097774,0,1.302910726965,3.447771217425255
kwin1241,worr1236,-13.859666862548075,3.4598650827458326,0,-0.84393355911175,3.136048808109445
kwom1262,sepi1257,-14.981590401007423,3.535775726769145,0,-1.2572812553722499,3.096212649607405
nucl1593,kwom1263,-14.843836375849698,3.553426608199837,0,-2.136065635589275,3.35463229677792
kxoe1243,khoe1240,-11.830059607266108,3.0531570479012275,0,-2.5867196606025002,3.229517270058915
kyer1238,sino1245,-13.447185543905793,2.0969058774509386,0,0.5398920993153,2.71423891426576
cori1240,atla1278,-5.7763806471445385,0.09991453840654312,0,2.0447148616365,2.9923626485494452
laal1242,laal1242,-13.57146934415532,3.1282903242387374,1,4.418965003265,4.061095928907665
labu1248,aust1307,-5.120213587742951,0.12356240696476112,0,1.5480899511565,2.9100709767879103
labu1249,aust1307,1.6822679856604452,0.05464891546045278,0,1.393258911768,2.876347367945465
lach1248,taik1256,-14.417041797504448,3.1631485600920315,0,-0.5906333537385,2.9646164379612747
lafo1243,tege1244,-13.621687110545526,3.8040439283571272,0,-1.66547189251225,3.59522828049956
lagw1237,afro1255,-2.9678916693176416,0.05426681318777219,0,1.32233925035,2.84349138660778
zaye1235,sino1245,-13.821359831956212,2.2563111791559343,0,0.58119614943,2.8362130163582
lahu1252,sino1245,-13.911664133073424,2.481647333538461,0,-0.48656424054575,2.7897440534937648
laiy1246,aust1307,-3.0905504884306154,0.043008703830879305,0,0.6566904072499999,2.849582940847575
lakk1252,nakh1245,-11.498672008226205,2.456024974175658,0,-6.0464689629925,3.484223553444375
lala1268,aust1307,-4.6666103101285366,0.11761148060416506,0,2.050146542055,2.87513957245293
lala1264,atla1278,-7.3232489943302745,0.4717519196162488,0,4.243700602077499,2.94479791439603
lama1277,aust1307,-3.665431350789153,0.06595720670878893,0,1.8830925100347,2.9411512624024096
lama1288,afro1255,-0.2774507444366412,0.08774437195918149,0,0.8364978252474999,2.835876747864925
lamb1269,indo1319,-6.437328620750179,0.5496705358560218,0,-4.00620579641,3.028603979458365
lamb1273,aust1307,-3.043439989343568,0.19843460141062716,0,0.42659407711499997,2.8585312301334502
lamb1272,atla1278,-7.645675931445403,0.4958054110857452,0,4.1901510582955,2.9799506892017797
lame1260,aust1307,-3.752417279619121,0.13184792393765843,0,-0.623442251995,2.7875052426178053
hela1238,sino1245,-13.46860722467665,2.1002960785866938,0,0.543247828165,2.7023609583211403
lamo1244,aust1307,-4.674628631323614,0.12484932841297176,0,1.975015187595,2.94315521222748
land1256,atla1278,-2.527774677242747,0.06872071718886559,0,4.9252515454725,3.2146634095662803
lang1320,atla1278,-7.788368950994732,0.46258591383542297,0,4.126226151895,2.995884513777805
lang1324,nilo1247,-1.0126114415954635,0.04584420474271374,0,2.34049113375175,2.967407811300995
lara1258,lara1258,-14.771168272795357,3.329583707501945,1,1.4141218078325,3.379732803956465
lash1243,sino1245,-12.589066446222436,2.336387330899392,0,0.03749296817625,2.75571681059611
teke1275,atla1278,-6.927363106123169,0.3200648000651134,0,4.207485559404875,3.0235177728566898
latv1249,indo1319,-5.010683428757218,0.19334273113414377,0,-3.5796658947295,3.00822833204629
lave1248,aust1305,-5.2493609256174345,0.09884901391096858,0,2.7620018920143,2.83102957349315
lavu1241,lavu1241,-9.820923392366591,2.8480887605844956,1,1.1966181542280752,3.47475388482437
lazz1240,kart1248,-10.895918767710818,2.7300361381036775,0,-5.0811957423625,3.590614713182545
lega1250,atla1278,-7.9436799896866725,0.6460242069433177,0,4.295677233505,2.96373885622741
lega1249,atla1278,-7.889683429131519,0.6248918786314931,0,4.29973951610725,2.96491097399897
lele1276,afro1255,-3.581190213850779,0.09318503589567882,0,0.8535846311124999,2.96214993272625
lele1267,aust1307,-3.808296766315899,0.06056812885415993,0,0.43310535818,2.801088367573125
lele1270,aust1307,-5.1933430077142075,0.2570529955086886,0,1.152717799472875,2.87116122219126
lemb1266,nucl1709,-15.85376911197294,3.300556169657691,0,0.16907652005375,2.99720561783171
leme1238,aust1307,-4.116982671196455,0.06265239520986207,0,1.2254208791311498,2.847537978300265
lena1238,aust1307,-2.8554276867260002,0.053689145621476475,0,1.6232110072467498,2.8819907361112502
lend1245,cent2225,-13.311315947677677,3.4282729350474437,0,0.2029243583034,2.86825894992639
leng1259,aust1307,0.13469742666562465,0.041947665359813986,0,1.9065142020275,2.85745065729001
lepc1244,sino1245,-13.024911222514008,2.1021108189019713,0,-0.38531700187587503,2.898020004786815
leti1246,aust1307,-4.270037831491736,0.13113180709790312,0,2.0714317787925003,2.96105355115412
lewo1242,aust1307,-3.6803768497920535,0.13341566697320217,0,-0.63272189912,2.783898792052785
lewo1244,aust1307,-3.724464690505398,0.07355169649613327,0,1.8833308822450001,2.937119661455905
lezg1247,nakh1245,-11.574516097775152,2.4817283458480146,0,-6.0881895603250005,3.46029705967391
libi1244,atla1278,-7.761806383556709,0.4503457287037961,0,4.594790272992499,2.957473014386335
liby1240,afro1255,-1.5722241572634483,0.05766467367702493,0,3.428823849005,2.84613030712712
lihi1237,aust1307,-4.618682902905145,0.2854767928210568,0,0.09067931444499999,2.813229298515425
liji1238,atla1278,-4.80987549280038,0.1590264525879695,0,0.6958778656275,2.96229051527609
lika1243,atla1278,-8.504439896874164,0.7582426104492328,0,4.04016376641,3.0083935529657646
lill1248,sali1255,2.17269822640824,0.061272360287536895,0,-4.11793301214,3.292152483554415
limb1266,sino1245,-12.394232753713368,2.258101216243454,0,-2.1847313411325002,2.88678790285758
nucl1327,limi1242,-14.684227806560369,3.327195976879739,0,1.7743240409749998,3.3903296439568003
limo1248,aust1307,2.358833468403822,0.031005270916003837,0,-1.11699740353375,2.81185695942505
lipo1242,sino1245,-13.996258858932762,2.241885802178363,0,1.3550963071575,2.85154304219711
lish1245,afro1255,-1.8710678730669323,0.06579560039701679,0,-0.023355694115,2.829480596025695
lisu1250,sino1245,-13.34507950803366,2.1655355981148943,0,1.310539537346,2.84810603494709
lith1251,indo1319,-4.998880944487133,0.1901726667441018,0,-3.55777921949025,2.99681594658089
lito1235,atla1278,-7.860202275562129,0.46529629301161224,0,4.5975152468675,2.972630394057875
livv1243,ural1272,-11.341439482609509,2.343600262784389,0,-8.0195748123,3.5873199994745253
loba1239,atla1278,-7.694063756506237,0.4296207846134286,0,4.561677395905,2.98625788993481
logo1259,cent2225,-14.150231612438116,3.349716357140976,0,2.5353349558105,2.907019659972205
balo1261,atla1278,-7.581695552859484,0.4234654354290906,0,4.570419505025,2.980584723883765
loka1252,atla1278,-4.756361424683158,0.022467880618471752,0,1.82060288242925,2.973770714411985
araw1276,araw1281,-2.7965696792975088,0.1420266872494834,0,-2.3153303166855,2.979803220648785
lolo1259,sino1245,-13.935611124916097,2.2341410395451375,0,1.3601519286125,2.85832382239547
loma1260,mand1469,-10.167135776180743,1.9883210006118106,0,7.5039333681,4.045866346030195
lomb1257,indo1319,-4.173492885582457,0.094832810190936,0,-4.00682037026,2.8715070990916303
chiq1248,chiq1253,-7.051804129662362,1.8360822045693614,0,-2.2330512447075,3.33257662402416
acha1249,sino1245,-13.514724148266414,2.207712133674798,0,0.36285647709675,2.7871303251908452
long1395,aust1307,-0.15619279800032926,0.03291949822953033,0,1.350588600635,2.86194953690607
loni1238,aust1307,-5.192144914107291,0.2578737370254689,0,1.1273243402175002,2.87991083176259
lonw1238,aust1307,-4.709445737475079,0.07834472986227141,0,1.277034580409,2.843893822189285
lote1237,aust1307,-4.035801304865809,0.11363426242864225,0,2.06518803547575,2.90870715400303
loth1237,sino1245,-12.16158115118206,2.0993330648649358,0,0.00652472362875,2.7968672684608
louu1245,aust1307,-4.452655216665489,0.36128067929725777,0,0.0030011196894999996,2.84831277591553
vano1237,aust1307,-3.0026364362376423,0.026363560528140383,0,1.6564679969524998,2.946972084808455
lowl1260,tequ1244,3.3760342232274656,0.3223651127272318,0,-2.19868445778775,3.3401003388719097
lowl1265,utoa1244,-2.9885611716487386,0.07645988237231666,0,-2.137275993402,2.8849652236099503
lozi1239,atla1278,-6.840573034301228,0.38053255591597435,0,3.0179823444425002,2.8197809931958053
luan1263,aust1307,-4.284996191016747,0.13496083644472542,0,2.0835663725374998,2.962655072343445
onto1237,aust1307,-2.4154813020250874,0.09743376141124444,0,1.601555766135075,2.793067842454095
lubu1243,aust1307,0.8849762012454532,0.10159767169106827,0,-0.7940956654135,2.799865073963905
luch1239,atla1278,-6.967612093032951,0.39786629850167177,0,4.4080072685325,3.02038831477247
ludi1246,ural1272,-11.397033760943536,2.368102540027903,0,-8.02361223635,3.5886641009676
lugb1240,cent2225,-14.01924175421695,3.3680358620680946,0,2.5399680827725,2.88169171085254
lugu1238,atla1278,-7.07074999973404,0.5460716284380418,0,2.6534064014835,2.847686735182915
lule1254,ural1272,-11.139917414756466,2.3355813494535465,0,-8.02128674152,3.620571430259945
lumb1249,atla1278,-6.273073589767343,0.2212474146816196,0,3.652208952935,3.0087441156576853
lumu1239,narr1279,-14.163538033575263,3.72859050038872,0,4.5269784944675,3.75624144552867
lund1266,atla1278,-7.2093633937807216,0.4596010741583311,0,4.3918788399,3.017002375737925
lund1271,aust1307,-0.9413751713593093,0.03377917115938443,0,1.56651312884,2.936103496125215
luok1236,nilo1247,-0.5556933837255418,0.10620113286675799,0,2.354314273215,2.9474614499678298
luse1252,atla1278,-7.562968881511853,0.4363292049230881,0,4.5189252690875,2.98864846856965
lusi1240,aust1307,-4.827194809177579,0.14155932373913915,0,1.8593112957375,2.93835534356174
luva1239,atla1278,-6.99693518829718,0.40652493238440485,0,4.3861157321499995,3.041831618321575
luya1241,atla1278,-6.941033029346469,0.3852798836123735,0,4.2050834860975,3.032596772426535
maan1238,aust1307,-3.0798169287869266,0.11068368992080611,0,0.573403399974,2.84683031453682
maas1239,atla1278,-4.401452355782563,0.11505532446560786,0,4.8850030734925,3.26387490447655
maba1270,atla1278,-8.018926625131506,0.5325046716593039,0,4.589525702542501,2.95646145697565
maba1277,maba1274,-13.40253500581463,3.2738998666324655,0,4.1788890332025,3.670660954174025
mace1250,indo1319,-4.527884332931077,0.15187707242695533,0,-3.1655497567615,2.8533551452700348
maco1239,sali1297,-8.732665024877653,2.168117182739488,0,1.2349918771075,3.30639392115922
macu1260,tuca1253,-3.7652835303067196,0.09225998275448787,0,-0.4199576279475,2.9089560467604
mada1285,aust1307,-4.690041861698799,0.3202559672799875,0,1.3766959050975,2.850325152236435
madi1260,cent2225,-13.842151245768298,3.4000600473616776,0,2.41988541811725,2.9301708254054
jama1261,araw1282,-8.723000779632443,2.095683380070634,0,1.4212668405925,3.21512537218977
madn1237,east2374,-14.426071217450199,3.314116222208933,0,1.3684820054975,3.453334203808595
mafe1237,aust1307,-4.5133613971937,0.07108999138641399,0,1.44760905408275,2.851232645667775
maga1260,indo1319,-6.659815076861442,0.553895324317954,0,-4.17851813346225,3.017776339740545
magd1235,otom1299,3.5477391042605584,0.10587496154343366,0,0.66762440276225,3.07194402176862
magu1243,aust1307,1.013398054768496,0.07265189597639796,0,-0.18548506165325,2.838946297282795
maia1254,nucl1709,-15.981043917961863,3.292598480180717,0,1.3370387092681,3.1887652915679148
maia1253,nucl1709,-15.997576209600826,3.2912942688451388,0,1.3521423172775,3.202648775419405
mail1248,mail1249,-14.397868356101402,3.2744981107011073,0,0.6550578625375,3.3938478568868
mais1250,aust1307,-3.326303450060767,0.16296881543276995,0,0.16468250282750002,2.841115037773725
mait1250,indo1319,-6.349131689739744,0.5299593405562253,0,-4.17065464800375,3.010343798286605
maja1242,surm1244,0.608416683116193,0.0845455832623782,0,4.825935622985,3.4471366552001648
maka1304,atla1278,-6.836156587156097,0.19799867685284786,0,1.28774105398,2.83870981241418
makc1235,taik1256,-13.70366003219354,3.084017061019331,0,0.2741149326915,2.97908654640426
makh1264,atla1278,-7.3872560215925684,0.4741326537108782,0,3.45646778274,2.8560132171273
makh1266,atla1278,-7.493449723116692,0.48612678516594166,0,3.464380814863575,2.85148931601642
mako1251,atla1278,-7.627294698392122,0.49668452881205427,0,4.368781069355,2.92179174215376
maku1277,aust1307,-4.237167246555045,0.1256201765198726,0,2.091601344915,2.96660639603784
makw1236,atla1278,-7.652891586631624,0.5001171248708589,0,4.3634643579275,2.931204933400285
mala1463,drav1251,-11.811543940902297,2.6853130053812024,0,-8.25753575756,3.90329590302446
mala1534,aust1307,2.398940921431312,0.030432058253056306,0,-1.25655017106225,2.834184493713135
mala1464,drav1251,-11.901797445429395,2.6917214679551313,0,-8.258194851225,3.89368608988566
mala1522,chib1249,-8.099552260056765,1.4744822335312415,0,3.4108038582475,3.1104510060704
male1284,gong1255,-13.692480351706156,3.2696269620067704,0,-2.3641225361782503,3.01060292704923
male1297,chib1249,-7.684191004355059,1.3679229825500185,0,3.2090352205925,3.14676301413253
male1289,aust1307,-4.99624010291146,0.14088388142633096,0,2.09279244243375,2.916281535714055
malg1251,afro1255,-1.9415704247752312,0.043529365977612824,0,1.10606180814,2.79719859948021
mali1285,otom1299,1.2801219605373042,0.04718625549472598,0,0.9638350746075,3.1325432272471954
malt1254,afro1255,-1.8563396230019658,0.20175030754272813,0,3.4168458800625,2.872847300815395
malu1245,aust1307,-4.459273667833026,0.07006199382552109,0,1.1347465041765,2.870856364613665
mamm1241,maya1287,2.535053706433902,0.02433518407688603,0,-3.5507124374975003,3.2332435337952647
sauk1252,nucl1709,-15.933439614568,3.2314662398249943,0,0.5383779860475,3.1008366110139702
mama1275,aust1307,1.1044383536737938,0.0813615458193743,0,-0.964371024715,2.7665137940544247
mamb1306,aust1307,-4.067132209117906,0.11576536379257257,0,1.8100934128375,2.97434603924954
mamb1294,atla1278,-6.7723683468382045,0.17395389464146377,0,0.6119788125872749,2.83427061684848
mamb1296,atla1278,-7.646933979750625,0.5107884136831202,0,4.2101445828565005,2.969674887344765
mamv1243,cent2225,-14.179012057654877,3.3164946835694344,0,2.27509228773,2.893752244022495
mana1295,aust1307,-5.238277219451405,0.20546654345160398,0,1.5338341815005,2.96272766095445
mana1298,nduu1242,-15.004899455856659,3.5380428923258966,0,-3.070951148603,3.2798364029747598
mana1288,sino1245,-13.527191763656374,2.1048095966941305,0,-1.2161437460057498,2.76192353477193
payn1244,nucl1709,-15.962454699098913,3.2871583012796752,0,0.506082683075,3.055794808756505
mand1423,atla1278,-7.609120593323957,0.4862284307535341,0,3.5786737510125,2.878410281961585
mand1440,aust1307,-3.999705322562157,0.4620477797352635,0,-0.28476463377675,2.805412749117605
mand1415,sino1245,-11.763588767692305,2.1620549644402565,0,-3.0188762825925,2.9145486168769903
mand1436,mand1469,-8.133797222426793,2.015849562341801,0,7.47440345045,4.06191277165901
mang1378,aust1305,-4.778772844010898,0.07310583798260996,0,2.2502095775675004,2.8292159023615397
rapa1245,aust1307,2.508172826089357,0.39092730470533704,0,1.7681911411375,2.732629649310935
mang1401,aust1307,2.3964096631237135,0.38089629623806953,0,1.555178958375,2.75145322553294
penr1237,aust1307,3.2401998009505313,0.4041138218124991,0,1.2878083312034998,2.7233812547995546
mang1381,mang1423,-12.984207440573812,3.398865729296435,0,-1.8328340785925001,3.3644162463504053
mang1394,cent2225,-14.219764883884203,3.2630801816918478,0,2.3082130040325,2.8624230103944504
mang1404,aust1307,-5.101387564516555,0.12373571340474343,0,0.9619215758174999,2.85822574807876
mang1405,aust1307,-3.7314214129705077,0.082286523538236,0,1.643497965237,2.935698354491815
mang1403,aust1307,-4.151997911329899,0.11893531153305409,0,1.9310548648555,2.95500841407011
moni1237,otom1299,2.7626941218381154,0.5310558108215618,0,1.196995395345,3.084376430221135
tong1308,aust1305,-4.262790165354255,0.07115520045586292,0,1.88919696447525,2.797358143638915
manm1238,aust1305,-4.59026255641987,0.062295396467484165,0,2.3391880790075,2.78663714963005
mann1248,mand1469,-10.372185317845958,1.9887235743967582,0,7.531073360984999,4.0333343086777145
mans1262,aust1307,1.4081541945438731,0.06744667295262212,0,-0.53007561566275,2.749584788151225
mans1260,hata1242,-14.770311235737655,3.3577666291235007,0,1.049739202242,3.4570729217199
manu1258,aust1307,-4.089156379992366,0.11396935027217328,0,1.90489964481025,2.97416543128257
maor1246,aust1307,1.7734088408660513,0.2376143638556406,0,1.7370849106800001,2.739764973073375
mapo1242,aust1307,-5.117155609123159,0.12400624543550794,0,0.9878191617775,2.8729457104308302
mapu1245,arau1255,-9.252980164007536,2.38742021352481,0,-2.499694725465,3.4017385598646896
mara1382,sino1245,-11.780627171831537,2.3184257829014165,0,-1.2236695392949999,2.8183942199517
mara1399,aust1307,-4.512170043823314,0.0722687322586328,0,1.51777174944,2.852751918122765
mara1379,sino1245,-12.168626588316549,2.107608642291511,0,0.014677816546500001,2.805750336018555
mara1386,west2434,-14.526732614548784,3.3089940014129016,0,1.995756474715,3.37957255705833
mara1396,tama1329,-13.198488247310948,3.2703268949884756,0,4.9703270154525,3.99599311631772
mara1378,indo1319,-6.57228432620801,0.5710673131322682,0,-4.1011243986274994,3.00701378823167
marg1265,afro1255,-1.674609542004739,0.045669130100889015,0,1.56112343197875,2.86561161712329
mari1414,drav1251,-13.296677393518472,2.836545640957197,0,-8.241521917002501,3.89707229817568
mari1440,coch1271,-11.713313078995792,2.7299528658006476,0,1.01966876915675,3.20947917898837
mari1428,aust1307,-5.275904856000433,0.17417315556750862,0,2.06776308412,2.924397539370055
nucl1622,anim1240,-14.347906524314473,3.5702123280856894,0,-2.313622236174,3.27445458688185
mari1416,sino1245,-11.413037710172091,2.290879696221507,0,-1.3595439454405,2.80736872163094
mari1424,west2434,-14.474554278189775,3.303673026818684,0,1.896701827253,3.38399870009352
maro1244,aust1307,1.6451739754886923,0.08890543284764246,0,1.660813387244925,2.850115060799775
mars1254,aust1307,-3.0947715643321736,0.20066218795236798,0,1.46380359486525,2.84830705498452
mart1255,pama1250,-0.8841963574969478,0.02619821178888062,0,-1.3763746172075,2.9184348139215848
maru1249,sino1245,-13.059135641733356,2.389154658195383,0,-0.1086889035145,2.7565944018089548
masa1322,afro1255,-2.7521519679461504,0.1214760920849875,0,-1.2693077921345002,2.945396565355935
masb1238,aust1307,3.6355724423073594,0.06557027494601127,0,-0.7197768078555,2.749694035557315
mask1242,aust1307,-3.718451696357241,0.1275179485628859,0,0.1742023042325,2.824909008271095
matb1237,aust1307,-3.937954157771679,0.11306775608380207,0,1.295041463415,2.9587960160595603
kemb1249,aust1307,-3.560014710568418,0.17024458606137194,0,1.66552440195,2.924983046387915
mati1250,aust1307,2.4016823822392794,0.04826504790570575,0,-1.3792095805825,2.800426592896385
mato1252,aust1307,-5.229162343582853,0.14286169876209517,0,1.9866089070485,2.92942309334007
mats1244,pano1259,-4.222487922648268,0.1420901232451795,0,1.0634905493365001,2.98088959588327
matu1261,aust1307,-5.2972203195926575,0.18185947193283616,0,2.026185550988,2.938405320886755
matu1259,atla1278,-7.714808003969553,0.4807823985366148,0,4.3583976702325,2.93930927373435
maun1240,iwai1246,-14.025635529345795,3.4717234515415956,0,-1.620444670017,3.31535519694419
maxa1247,nucl1710,-10.651861767650583,2.038419332279372,0,2.1319120187825,3.12122070081329
maya1285,misu1242,-6.837764086243581,1.4949916631269826,0,1.63431716615,3.29954424993433
maib1239,mayb1237,-14.796895967766204,3.351814382230908,0,1.169775578055,3.521798534066825
mayo1264,utoa1244,-2.885869668754669,0.08662973790842239,0,-2.567422709134,2.9227448849892
mayo1261,atla1278,-7.926578768968277,0.856347645364249,0,-1.7848971692725,2.7914470191152754
maza1304,afro1255,-2.4243187508235344,0.050052507653056744,0,1.5987153326175,2.902116508957495
mbaa1245,atla1278,-7.636966835387531,0.7590338953239146,0,-1.2305480512225,2.7680388008466297
mban1263,atla1278,-7.310851560739268,0.5534082467498477,0,-1.661183213272,2.8578179457659
mbar1260,afro1255,-3.3209223810116373,0.06926225614268135,0,1.4218591327749999,2.84978627983177
mbay1241,cent2225,-13.22847872389738,2.763145172641573,0,1.52354126944675,2.753773930975275
mboc1235,atla1278,-5.193421917235778,0.14041067100276763,0,0.35212488334250003,2.9223000726087403
mbol1247,atla1278,-8.049817141800006,0.6251804380456972,0,4.17463362367,3.0366493264768897
mbug1242,atla1278,-7.667957218311271,0.5012233371293826,0,4.139046804702501,3.00115463811458
mbul1263,aust1307,-5.079386968835281,0.14100510947067368,0,2.09269759342,2.92316779425048
meen1242,surm1244,-0.4231121458096547,0.11669737596838523,0,4.829683141652501,3.43365747808375
mehe1243,sepi1257,-15.697193720519,3.4262847702610184,0,0.46162696071525,3.0924238589910047
saki1248,tupi1275,-8.148195558258106,1.6256483251844096,0,2.1180992434325,3.045584891092195
meke1243,aust1307,-4.835191727003034,0.1215471546182863,0,2.05508897706275,2.882093587226045
mele1250,aust1307,-3.771143536906557,0.060647607330356484,0,1.383836675242,2.772402423408475
melo1242,gong1255,-13.787494136373542,3.28520901636763,0,-2.4366726956775002,2.990575224917005
melp1238,nucl1709,-15.87390413612019,3.2889664299487125,0,1.22870394565925,3.0032222626551848
mend1266,mand1469,-10.019910734521257,2.001560552005323,0,7.496115399425,4.046540657520455
mere1242,aust1307,-3.4922436586051715,0.12408412322400388,0,0.263404433805,2.8719897439185997
meta1238,atla1278,-5.190396911675737,0.14522334019956026,0,1.492716067145,2.955601444679245
mezo1235,otom1299,2.3902293867249425,0.03571335022100795,0,2.747267094295,3.193102055298585
mezq1235,otom1299,-0.0253270109912473,0.07050384996411535,0,-1.10003213884,2.93913874781066
mich1245,utoa1244,-1.8098373469052333,0.06695784713220097,0,-1.8277156652015,2.850005595297675
midd1327,aust1307,-5.1358255724999236,0.13208912298454872,0,1.54284521689225,2.9037226587619953
mika1239,musk1252,-8.283353605925523,1.6796187204120991,0,1.98905585962,3.1559665168567452
mikm1235,algi1248,-1.9986157708617396,0.0876128062716122,0,-4.629277203412499,3.2778766201153653
mila1245,sino1245,-11.830679731387056,2.242469150466216,0,-0.9673040886075,2.8079205312633952
mina1276,afro1255,-2.3010860143386678,0.041488007692018276,0,1.6036640672475,2.89213813036078
mina1268,aust1307,-2.0764170606432932,0.0646754612497406,0,2.50770629098,2.806113846781005
mini1256,huit1251,-8.543163332694505,2.110071000056703,0,-2.69849561419925,3.240244898781015
mini1251,aust1307,-4.471180373158465,0.21265305514643387,0,0.27491812254225,2.846088976657545
minn1241,sino1245,-11.741622190572162,2.247777457827467,0,-2.608794274515,2.96244895736394
miri1266,jarr1235,-14.031420293508958,3.318527722289188,0,1.68118829710175,3.34667253952009
misi1243,aust1307,-2.341014847069024,0.034701848548440904,0,2.0370199153875,2.89954390702075
misk1235,misu1242,-6.837415240196007,1.4761945618752508,0,1.5248617097655002,3.3238492836481752
mixt1426,otom1299,3.3217049783832007,0.05516397897650809,0,3.07577809211,3.184476993870655
miya1266,afro1255,-2.1195947313281733,0.057211211139733396,0,-1.3338912301739998,2.9390808550195198
miya1259,japo1237,-10.477892334308855,2.548036797148335,0,-4.44584364044225,3.245127120707295
lush1249,sino1245,-12.386457321745914,2.1513910511520846,0,-0.250424746806,2.82585671218335
mlab1235,aust1305,-4.795092448027832,0.0886499721681261,0,2.3323839838015,2.79713883055408
moba1244,atla1278,-4.600168519516738,0.0653950048524752,0,2.862915442715,2.987872465133795
moch1257,maya1287,2.745638686887836,0.04445459734120328,0,-2.62365863581425,3.1326082266851
moco1246,guai1249,-7.821546109264195,1.8950545194396615,0,-1.102863584079,3.109845101626825
mode1248,indo1319,-4.0163682293641525,0.1423041045827612,0,-3.47087427868475,3.20198347666616
hebr1245,afro1255,-0.3111614336143615,0.08058025125882695,0,1.6680654957610002,2.9395353346282853
moha1258,iroq1247,-8.971758898342362,1.9172626733487195,0,-2.9409783083549996,3.08977845811685
moii1235,west1493,-14.59065419846683,3.331687918161156,0,1.16634132264125,3.46253324672891
moke1242,aust1307,-2.9282423934830297,0.051284800912731375,0,1.8324176589125,2.846455340284945
moki1238,aust1307,-4.000682484922711,0.24754392609669992,0,1.54921415195575,2.837714948179935
mokl1243,aust1307,-2.8157551713467477,0.06356189494359628,0,1.8138600783299998,2.8551811355023897
mokp1239,atla1278,-5.5257009949118885,0.056396200725189666,0,1.6994505359579999,2.9001602292515454
moks1248,ural1272,-11.457543540957044,2.3794175975197014,0,-7.924656857975,3.666386117215185
nucl1452,momb1255,-15.000577182415494,3.477662253012637,0,1.2721378361965,3.4112168775555
fass1245,baib1250,-15.57808180518142,3.4502669671525066,0,1.6827365970797499,3.35455834779513
mong1338,atla1278,-7.660361732143299,0.5059511400817868,0,4.42457958428,2.9982176149440596
mono1273,aust1307,-1.0694880737401906,0.10212135008216246,0,-0.016018724765,2.767874794123075
mono1270,atla1278,-7.39332504755692,0.5735665507113448,0,-1.70237714842475,2.844044939171045
mono1275,utoa1244,-3.972579146631954,0.3196139923022552,0,-2.4098844789625,2.89722093185992
nucl1458,monu1249,-15.96776882239723,3.4319660288423073,0,1.03324012170875,3.495628890343845
monz1249,atla1278,-7.134530323442015,0.5169752144060237,0,-1.8203295448575,2.803485539362995
mopa1243,maya1287,2.082792745787099,0.09583786393608934,0,-3.57040690230225,3.182448574846945
more1259,utoa1244,-0.7899231702518801,0.0450557685946823,0,-1.1393207994702501,2.82694953116616
morm1235,aust1307,-4.598834699615516,0.1606163975365761,0,1.4076459310875,2.921186426136495
moro1285,heib1242,-14.137522685809607,3.735747574219351,0,4.7673470556175,3.7239131938054246
moro1287,aust1307,-1.2512613905895789,0.06768974443047857,0,-0.2965776323025,2.85774275206728
mort1237,aust1307,-4.228941056763924,0.2776173405225507,0,1.3244941144,2.740762335271345
mose1249,mose1249,-5.986966713803959,1.5909000944176084,1,-2.39491750818,3.3199302937807804
temb1272,atla1278,-7.954997853519261,0.5126171632432305,0,4.520288856197499,2.980302879909315
motu1246,aust1307,-4.406740552618662,0.10223240941610244,0,2.0540615184254998,2.875548087970455
mouk1239,aust1307,-4.780006788918298,0.1334530568463929,0,1.9792500756184999,2.9446276237099402
moun1252,koia1260,-15.272560535517588,3.30094087960154,0,0.3179068504775,3.1292761048148297
movi1243,movi1243,3.236021554739457,0.5169992643366301,1,-1.956541003565,3.3750392875453
tang1347,aust1307,-4.350215573839973,0.0670262137066626,0,1.38765852437025,2.8698282898702
moyo1238,sino1245,-11.485398567414109,2.2885503784092536,0,-0.63506349668,2.78592576333983
mpad1242,afro1255,-2.8192562802669867,0.0545285246246337,0,1.0884085055825001,2.851836264409235
mpii1239,sino1245,-14.658896567980655,2.3383487320373306,0,0.25962358264625,2.7366498503196253
mpot1240,atla1278,-7.55249553868247,0.483219927993669,0,4.356564819912499,2.95387534189107
mpur1239,mpur1239,-14.653186533025702,3.3497310072553814,1,1.02826111634125,3.50237494498509
mual1241,aust1307,-3.5442349495442773,0.1623233330022467,0,2.3756935471825003,2.834617241002925
mudu1242,aust1307,-4.911488578852497,0.19709208294664535,0,1.317985114996475,2.93265536309169
mudu1239,drav1251,-12.05701621041894,2.701244742662407,0,-8.2311090434625,3.8929648684579554
mull1237,nort1547,-14.538821477840528,3.3195327947796742,0,1.2060744194450002,3.3706289223477848
nucl1240,atla1278,-5.875550990697476,0.2029405865435505,0,-0.5656378812025,2.858865812779525
munc1235,sino1245,-12.324204396273561,2.3545920163588274,0,-0.549937515087925,2.756158988145555
mund1328,atla1278,-6.0854614922221195,0.09176466769218522,0,3.6916158316211254,3.10528807983053
mund1325,atla1278,-6.939944264778901,0.1840105309119254,0,0.607289604903425,2.83446116964529
mund1320,aust1305,-3.3363060815534613,0.058640567973796805,0,-2.149467983535075,2.80732346744493
mund1326,atla1278,-7.842988682483275,0.9345022044362443,0,-1.7689035684649999,2.79871444685805
mund1330,tupi1275,-10.32150986818521,1.7600383581136245,0,1.9062608979750002,3.0623014670199202
abar1238,atla1278,-6.065320843723212,0.08933199535658384,0,3.6888501155125004,3.1165541272276753
murl1244,surm1244,0.9395795567771881,0.04342264085887841,0,4.8825972009775,3.39655036012312
muru1274,huit1251,-8.244999548266984,2.053115218378204,0,-2.6887563601275,3.24809329266859
muru1266,pama1250,-3.136442214378855,0.09900997334822238,0,-1.45849455443825,3.040831123418355
musg1254,afro1255,-3.097986283240784,0.05750636603865661,0,1.426951412938,2.840722603347465
muso1238,aust1307,-5.148651720356762,0.12715150790809807,0,1.547493197623,2.900608511679295
muyu1244,aust1307,-2.0979757722037853,0.015273175608650049,0,2.0994189887875,2.884493742460605
mwag1236,afro1255,-2.0695318302602965,0.05815585004439939,0,0.755034468415,2.883300139395065
mwan1250,mand1469,-10.571322660154497,1.99773368121878,0,7.511588093775,4.0406968262166405
mwan1247,atla1278,-7.5699211623295275,0.4999627766269275,0,3.856107780495,2.8704322140816503
mwer1248,atla1278,-7.672600873086668,0.48981833517830137,0,4.373842784151526,2.9292335968095298
motl1237,aust1307,-4.14813577338013,0.06764227048457651,0,1.1110313506775,2.846773972877375
nade1244,nada1235,0.890535068324728,0.12612849946794555,0,2.009948514951525,3.209080774977375
sout2857,aust1307,-4.376979210235139,0.06950625793588856,0,1.4407396869355,2.869056650754325
naka1262,aust1307,-4.224039879527869,0.13607221935453692,0,1.3665639032105,2.92594983154939
nalc1240,nucl1709,-14.731771383112102,3.4349768933099867,0,-0.966235963778,2.9364085910395747
nali1244,aust1307,-4.801459738682253,0.38989879130242844,0,1.347318651565,2.8879654434801
nama1268,aust1307,-4.401799293778196,0.07534250200654509,0,0.600208904621,2.836262279826895
litz1237,aust1307,-4.5409425270635175,0.07300672911701399,0,1.40725060777075,2.8687132347352247
nama1264,khoe1240,-11.349837225352218,2.960743511988526,0,-2.547811487595,3.2594622827354103
namb1293,more1255,-14.392851716316365,3.5317915102591426,0,-2.5738196670624998,3.2898443149722247
namu1246,sino1245,-12.65954553425567,2.3309190186489994,0,-0.26518599213435,2.77405017866724
nana1257,tung1282,-11.401309501504393,2.6606412418080487,0,-6.57339009696,3.539732305556295
nand1266,nilo1247,1.1075445797111456,0.09845279885486442,0,1.30734081882,2.8853646914461253
nang1262,aust1307,-1.816740127527494,0.04636299735332396,0,1.78334659024125,2.936622733162845
nara1262,nara1262,-13.5603978562253,3.191505156116227,1,4.7774178814615,4.475526754869725
yong1270,sino1245,-13.478797084702665,2.1811656174550627,0,0.13748569140625,2.7891337022271854
naru1238,pama1250,-2.9907979042150448,0.1330830175321258,0,-0.49591981184715,2.963452165382355
nati1244,aust1307,-4.418895290439183,0.07111385987394232,0,1.4727267159584998,2.86343338017926
natu1246,aust1307,-1.636927042535198,0.05371747126981001,0,1.9142795592223498,2.926054109177515
naue1237,aust1307,-4.197595168107121,0.12268328841933852,0,2.0873000308145,2.95335288393686
naur1243,aust1307,-3.3804603170254603,0.21578352721918467,0,1.31210667856175,2.89994845710953
nava1243,atha1245,-11.030730679306973,2.1909772021554446,0,-2.686813622443,2.974453189156525
nawu1242,atla1278,-4.780130071833198,0.06541866971751774,0,3.286018389855,3.045672540466875
naxi1245,sino1245,-13.417636440037537,2.1723700615091386,0,0.13961637779475,2.78199607678542
ndam1239,atla1278,-7.717919517030223,0.487268112992977,0,4.081265662718749,2.9578529856864
nden1248,atla1278,-7.728458026520158,0.47267515704728597,0,4.35804061123725,2.947989759516945
ndog1248,atla1278,-8.34534586858894,0.9500564540804057,0,-1.364671391115,2.8811021293795
ndom1245,kolo1268,-15.037229318091343,3.4653977803448806,0,1.489623499168,3.36078854715603
ndun1249,atla1278,-8.106728820721301,0.5665863373819415,0,-0.9933551322125,2.77194576511258
nege1240,aust1307,-3.44111912611977,0.06845839374954085,0,2.5100578764675,2.803031483414325
negi1245,tung1282,-11.391499415182539,2.658156090353345,0,-6.5270310983525,3.563570708008955
neha1247,aust1307,-3.1709212074976056,0.25318457277281803,0,-0.62886682805975,2.82150981586834
kuma1276,aust1307,1.383003779620041,0.08682161374813115,0,0.66648052025475,2.8321598904967447
nenn1238,more1255,-14.428523438987291,3.525873235660909,0,-2.5695641450349997,3.28263786186254
nend1239,nucl1709,-15.96069134679942,3.2866018426710606,0,0.4678683467925,3.051506571162085
neng1238,aust1307,0.8808635242530558,0.0584264529176886,0,0.090710486775,2.877416070396905
nucl1706,afro1255,-2.864656769823766,0.06787827225848378,0,1.1949407279355,2.88951258059237
nepa1254,indo1319,-6.281505946915871,0.5175381050771986,0,-4.006151698161251,3.034467033339665
nese1235,aust1307,-4.4757522268675025,0.07073327026001364,0,1.1276263766021,2.8690056903615453
vinm1237,aust1307,-4.509638545725027,0.07198414262120785,0,1.3933497825274999,2.880543986383885
ling1265,aust1307,-4.56110413667876,0.07296847846866085,0,1.41997228831825,2.87544768928988
nezp1238,saha1239,-11.019668287710108,2.9671157534158996,0,-1.75196456522375,3.1887667597900498
ngaa1240,pama1250,-3.5808325710107862,0.07708876355154846,0,0.806924003983,2.883317219082085
ngab1239,chib1249,-8.20750786742964,1.3127141852795996,0,3.4026131326874998,3.1025205573000196
ngal1292,gunw1250,-13.217657562989526,3.3842215366290334,0,-2.5422661050675,3.19971061478915
ngam1268,cent2225,-13.150047270335843,2.7400937967588357,0,1.3293433278405,2.7393194098808
ngan1291,ural1272,-11.453264354840766,2.4790481610776345,0,-7.6894618146375,3.77445540908842
ngar1235,pama1250,-3.5214315428357743,0.09711404236235124,0,-0.9434614747500001,2.928107529214845
ngar1284,worr1236,-14.16589698362127,3.315051738681942,0,0.29745351887000004,3.13962201196818
ngas1240,afro1255,-1.722390635682019,0.04392514291372834,0,0.9246504307750001,2.8527030977130847
ngba1284,atla1278,-7.123705308378585,0.49955484066730743,0,-1.804423715145,2.801291945599075
ngba1285,atla1278,-7.834250328638124,0.4621675289652496,0,1.5641595238575001,2.88981079217422
ngit1239,cent2225,-13.272823061623743,3.3951088842222394,0,0.21312277814525,2.8735883654219796
ngom1268,atla1278,-7.87856061264877,0.5017259695200464,0,4.532387115020001,2.9701912915942748
nhan1238,pama1250,-1.6971463775765907,0.04602648721813312,0,-0.77883471776465,2.9134781724280847
nhen1239,tupi1275,-9.886039107725285,1.9581222285315372,0,-0.26087462738050005,2.882690488227635
niha1238,niha1238,-13.058389442841124,3.2826968921553465,1,-6.0950185581900005,4.326206652827705
nila1242,atla1278,-7.806515637998076,0.5439955789276928,0,4.189832971616999,2.979218207477895
nucl1633,nimb1257,-15.39779911840031,3.4465316818925165,0,1.0849441752335252,3.38800377271909
nina1238,yano1268,-8.808745575119243,2.067884786875756,0,-0.9850496662604,2.9184975311978647
labo1244,aust1307,-4.410115772133517,0.06999207342954572,0,1.47183920562425,2.863677447195935
nisg1240,tsim1258,2.975419490603416,0.5219941168735994,0,-2.8246470891774997,3.4506210103537196
niua1240,aust1307,2.378831085668982,0.187814885744002,0,1.1357819521325,2.7206722498393052
niue1239,aust1307,2.9602896812106234,0.3573980488376804,0,1.27510243116925,2.779365524973615
niva1238,mata1289,3.198632335345094,0.5695051182444242,0,-1.79097765994725,3.34127721189028
njan1240,atla1278,-6.502365018105111,0.12905735050266998,0,4.1067361398425,3.18918657359369
nkon1248,atla1278,-4.762166064281876,0.0631677814323869,0,3.2713152507175,3.04634202068305
noct1238,sino1245,-12.576570050966954,2.095372038515373,0,-0.475607200663475,2.8214316504149153
noku1237,aust1307,-4.051428191164348,0.058589998210244056,0,1.3339119152825,2.86861859571067
noma1260,atla1278,-5.579933812738871,0.17442369462174723,0,2.2858133869449997,2.93073112180585
noon1242,atla1278,-3.0681043751728563,0.10382990458520593,0,4.85981640622,3.258871228534315
noon1243,atla1278,-6.19292162425446,0.10256860265338938,0,3.8513454538205,3.1426376555973548
nopa1235,otom1299,3.2789353409649715,0.06032348108097458,0,3.0241722166575,3.19475458137298
nort2839,aust1307,-4.734523014085314,0.07875092031636535,0,1.2772575523207501,2.84623791190287
nort2697,turk1311,-11.496204405217023,2.441932331859603,0,-7.56282555499675,3.6725045953050497
darg1241,nakh1245,-11.513333477978666,2.464419436448041,0,-6.08108010935,3.482016337494845
nort2930,kiwa1251,-14.928191491563254,3.5157705912190873,0,-1.9431168760970001,3.309997058735735
nort2836,aust1307,-3.894541598574811,0.06428655259148529,0,0.4296774679525,2.8044126616049203
nort2724,sino1245,-12.661692170183098,2.3369930927381213,0,-2.51117658294975,2.8317340032271847
nort2972,choc1280,-8.016088580005828,1.5265485313217413,0,2.352331892035,3.152295712625615
nort2702,drav1251,-13.221882494115107,2.816452517903755,0,-8.2222414891125,3.899754003352615
gumu1244,gumu1250,-13.404950947764839,3.444855481025265,0,0.30511560607050003,3.219597074284115
nort2938,haid1248,-9.760085614415956,2.6745995107712033,0,0.9118163207795,3.3115984387763504
sing1264,sino1245,-11.839928585099603,2.2568711205426903,0,-1.014503375655375,2.772738249981635
nort2877,aust1307,1.8719121060741255,0.05070343544922371,0,-1.0392729598225001,2.8120978166598203
nort2684,aust1305,-5.176131710844375,0.11047189930318985,0,2.1416632372690003,2.812424733900345
lush1252,sali1255,2.210941034143806,0.07390521126571929,0,-4.14336472499,3.290280819661155
nort2774,atla1278,-7.57879965595602,0.6599878966818652,0,-1.7790756740325,2.85585117696752
nort2954,utoa1244,-3.808498996388418,0.4458098486400169,0,-2.4104521275957502,2.888063979101875
nort2957,utoa1244,-0.7573850539502303,0.04930922082009865,0,-1.4936279541925002,2.816332097626155
nort2723,sino1245,-13.398564884943514,2.1660122149010945,0,0.5281322772052499,2.79180052359817
nort2747,hmon1336,-13.53070174771484,2.9744812757874217,0,-0.096282052325,2.88066835882949
nort2722,sino1245,-13.115016957546423,2.1167656782206064,0,0.2621630483675,2.78690600437779
nort2994,aust1307,-3.8588143091654086,0.08172505985160508,0,1.918358743763,2.82096334333622
nort2885,aust1307,2.962617723685156,0.044657769631550236,0,-0.73893464865,2.79222643661799
tosk1239,indo1319,-5.403677083662262,0.08976225858657265,0,-0.24912339682425,3.01760122807418
nort2732,sino1245,-13.308181123565898,2.155166952667938,0,-0.1832144128475,2.8310298621340397
nort2690,turk1311,-11.9687752736671,2.7175882528321806,0,-7.52856495201,3.670158559867065
yoku1256,yoku1255,-10.957922270544373,2.8858082861228667,0,-2.83577136499225,3.42280236433266
nort2745,yuka1259,-11.280713754524122,2.945044565979727,0,-5.6193756589875,4.1815588932498
nort3047,afro1255,-2.318358255388013,0.043234355116044274,0,1.3130685419175,2.876595619149525
nort3139,afro1255,1.2156439607809721,0.11062188076134873,0,3.4088970239479996,2.85788236041068
nort2845,aust1307,2.754787022529089,0.3604224193576138,0,1.18718055501775,2.7493434439296047
nort2671,ural1272,-11.220267471512717,2.3631426532616526,0,-8.01608877675,3.619920307633415
nort2942,atha1245,-10.04294973332157,2.3719782723637306,0,-2.2023732115487498,2.893399002658115
nort2847,aust1307,-2.949719151100722,0.05573153804013346,0,1.6333807787995,2.878974071384
nort2699,drav1251,-13.213443360810409,2.839040068899091,0,-8.030443890075,4.011504085733906
nort2961,algi1248,-1.40116132861391,0.05957894960819103,0,-4.76690038317,3.249521567095365
nort2775,atla1278,-6.694517485759139,0.35889775272962865,0,0.7377460129635001,2.884207914536395
yaki1237,saha1239,-11.01380180445365,2.962810205955301,0,-0.4285265858065,3.18439171253636
nots1237,aust1307,-3.9954139991967783,0.49230794438524006,0,-0.2791762479525,2.794940742187805
nsen1242,atla1278,-7.164371643886145,0.44562461703405015,0,4.20104206824,2.96091686613669
nuer1246,nilo1247,-1.622960997383366,0.038963070341208716,0,2.3694317758075,3.0405969963217103
nukn1238,nucl1709,-15.946577520576932,3.2328211771048334,0,0.6982275892250001,3.0893212995254
nuku1260,aust1307,-4.358051143136789,0.31231276484130305,0,1.478893481535,2.7911539469992404
nung1282,sino1245,-13.254036055860338,2.153126142611485,0,-0.7477306874784999,2.7979795207878198
nupe1254,atla1278,-4.533769136106368,0.022308934412789663,0,2.2560240249205004,2.95405369589022
nusu1239,sino1245,-13.351826545816742,2.1698359932938347,0,0.28332974634625,2.79243148400316
nyah1249,aust1305,-5.240287583301955,0.09735270485010207,0,2.7778802732,2.82420835972919
nyah1250,aust1305,-4.804557150435574,0.09411864324837381,0,2.174880217375,2.7995779887555052
nyak1260,atla1278,-7.635944617172302,0.4955253213617794,0,4.1804998137325,2.981242529667135
nyam1285,afro1255,-1.9180876945486904,0.04527471205234146,0,-0.26597798042775,2.807640055302345
nyan1307,atla1278,-8.110576659637559,0.7583302996153871,0,4.372720244009675,2.918885217436465
nyat1246,atla1278,-7.818621779170997,0.5132594904672968,0,4.194859597285,2.9953474824314696
nyis1236,sino1245,-12.307723569912811,2.080737231805236,0,-0.32796801037900003,2.72631394345101
nyor1246,atla1278,-8.14216064665009,0.8138885734918316,0,4.3869381051125,2.9089437195353396
nyun1247,pama1250,-3.2798655607799105,0.10067030110280974,0,0.31227559394975,2.933557115008215
nzad1234,atla1278,-7.438644743923563,0.4872306209044701,0,4.27568240686575,3.01286093348115
nzak1246,atla1278,-7.5055730178576106,0.27568216558094544,0,0.271757183304,2.799293607522125
nzak1247,atla1278,-7.768903762738569,0.7168487043560973,0,-1.8356112800825,2.838169667277755
obok1239,lake1255,-15.335871988014553,3.424819212770704,0,1.04679958899625,3.34282205059235
occi1239,indo1319,-3.837167336382928,0.07220969382075046,0,-4.02127704794,2.865800448574625
ocot1244,otom1299,3.268874338475453,0.05372359985680367,0,3.092324798713,3.19092552518142
oriy1255,indo1319,-7.028729119862579,0.5885070772880878,0,-4.114755152055,3.0233086049369797
ofay1240,nucl1710,-8.079916581151895,1.6945363246223781,0,2.1305074874825003,3.140653288173745
kalm1243,mong1349,-11.323927424764173,2.6434245682953303,0,-3.7225074414867496,2.957056989995415
okan1243,sali1255,0.3072342757809148,0.08946361824965875,0,-4.172901529685,3.253799603780125
okin1246,japo1237,-10.727224104405007,2.510238377307198,0,-4.439925918649999,3.23976603486003
okoe1238,atla1278,-3.7218998074615754,0.038828611403876404,0,2.3635020294505003,2.93714067188384
oksa1245,nucl1709,-14.905468436927023,3.428600960260184,0,-0.80070938030825,2.9700343119801
okuu1243,atla1278,-6.172667354561051,0.0915278817554615,0,3.2201364861455,2.990564510328845
oloo1241,nucl1708,-15.64252014292763,3.436835869732571,0,2.57613969125625,3.266124496331635
olut1240,mixe1284,0.1152324607833152,0.03231127478315254,0,-2.628650913465,3.234347934282535
omah1247,siou1252,-9.17370017072123,2.2827076153427104,0,-0.24757943671575,3.10770448184618
omie1241,koia1260,-14.33479216872322,3.3883703987871185,0,-0.73630563747675,2.98097934365207
bira1253,bira1253,-13.426872661928307,3.4812343880495105,1,-2.398506314965,3.670572432447155
onon1246,iroq1247,-8.597574097578075,1.8592225800773412,0,-2.925519575065,3.07302396741688
orma1241,afro1255,-3.500208646767309,0.25962904694828476,0,1.94838224303415,2.793947886537345
oroc1248,tung1282,-11.398056090284662,2.6558000020332933,0,-6.5916881751,3.5534600428437253
orok1265,tung1282,-11.388265943298732,2.6667817970042624,0,-6.5872021345250005,3.522355804028365
orok1269,nucl1709,-15.11806598959766,3.167200902373432,0,0.583401869013,3.015080438699855
orok1266,atla1278,-4.792566798138514,0.11480804881767435,0,0.972530484175,2.915220221201925
orok1267,nucl1580,-15.655222365187935,3.3793950809171256,0,1.603643231885,3.3554413125737153
orow1242,aust1307,0.5529818502947785,0.04973834214789842,0,0.8801339478200001,2.812499759920505
otor1240,heib1242,-14.134787284211864,3.701963108445734,0,4.641181687116751,3.730726203590895
otta1242,algi1248,1.6121018669087714,0.1580672331852858,0,-4.7159766041525,3.27680032024157
owaa1237,aust1307,-1.3458685938427726,0.07809469083235339,0,0.31639787000749997,2.8135914042168153
paaa1242,afro1255,-2.083135345956075,0.05759198074520515,0,-1.31980048841375,2.94737043517161
paam1238,aust1307,-4.638077457047822,0.07844771347918564,0,1.04847237319675,2.8510086126780854
paas1238,atla1278,-4.665695459199593,0.08363063946127318,0,2.82919549907575,3.01319707433847
paco1243,aust1305,-5.095556329416443,0.09023659459847794,0,1.9550543907675,2.76997376847509
pagi1243,atla1278,-8.24077623248862,0.5903351408229698,0,4.047403015691501,3.0302430941148852
pagu1249,nort2923,-12.998803384458148,3.117263171696459,0,2.2523375951052502,3.3297595705372203
pahn1237,hmon1336,-14.403331552695224,3.076593107241553,0,-0.41927200090100003,2.87344979224207
pait1244,sino1245,-12.068670291329802,2.134669315576257,0,0.01210424234075,2.7721243558281152
pala1344,aust1307,1.1175680874827973,0.05591812898629375,0,-0.4575353126785,2.937483310967605
pali1279,araw1281,-3.2484172962007696,0.28957606078120485,0,-2.42928919974625,3.0264283416682547
balu1257,aust1307,-5.23713200788276,0.24162493521882975,0,0.223884296534025,2.841919376427305
pamb1243,atla1278,-8.039873154091577,0.8415946466936751,0,-1.8512098425849999,2.834964174385195
pamo1252,aust1307,-0.5271278997293081,0.06684335429936353,0,1.03626113121875,2.86115033492837
pana1307,nucl1710,-10.787739670726136,1.8471517056568572,0,2.69078444154575,3.13903022958172
enap1235,cari1283,0.193037695145696,0.07625853246529102,0,-0.7754390703912499,2.91416615145856
pang1290,aust1307,2.9747593104024395,0.038167506130278965,0,-1.28242092936,2.858055942905425
pang1291,aust1307,3.1553818011545234,0.0790082855162765,0,0.737754151527,2.8131907873993
pang1287,atla1278,-6.95257632848303,0.5687122472926602,0,2.734144007455,2.83627439575894
pano1254,pano1259,-3.9407747534266053,0.06333732693424095,0,0.495406958283,2.8361635484524497
pany1241,pama1250,-1.4828509036311053,0.03101941127413745,0,-1.45066997664075,2.90721459820565
papa1238,toto1251,4.210052394077745,0.5946243546801685,0,-2.721284274745,3.22208518463329
papa1265,aust1307,-2.4449965330735672,0.20761675640744182,0,-0.640640678125,2.81634887963519
para1302,sino1245,-12.48899527273588,2.1037390183845375,0,0.12157242225,2.826835962551595
para1316,araw1281,1.5129150088787835,0.09096944438588979,0,-2.3282523205725,2.9765407502088053
pare1272,araw1281,-1.9545920392540355,0.09565426962381067,0,-1.333010977274,2.9616087541675054
pate1247,aust1307,-4.355423093554986,0.22802518472121996,0,0.24271497343525,2.85909958360599
patp1243,aust1307,-3.7999214082130046,0.34277424076002067,0,-0.49136694933825,2.855877432699555
patt1248,sino1245,-12.54044331015859,2.2712983951957257,0,-2.1324357272525,2.91212029401522
paul1238,aust1307,-3.9598084271866125,0.10526846557931965,0,1.87652772235,2.96403102434753
pawa1255,pawa1255,-15.057207569592636,3.5013031449789223,1,-2.0205407674225,3.3324479804088902
pawn1254,cadd1255,2.9699271488212027,0.6435549759902046,0,0.95069661078825,3.3417218568875153
pech1241,chib1249,-7.0961411628178395,1.4319974183431947,0,2.699252108913,3.2519197378178646
peer1241,atla1278,-6.662415087035118,0.1421961417518477,0,0.978625760731,2.860945601001045
pela1242,sino1245,-13.599253475158122,2.212682536853113,0,0.040063179869249996,2.7531687119573203
pemo1248,cari1283,-3.5240358157245835,0.07467464678987155,0,-0.38505921555825,2.90246067927731
pend1242,aust1307,-1.8880149468570544,0.05608882216627455,0,0.42577016389,2.842624537885245
peng1244,drav1251,-13.482299267934636,2.822425975004373,0,-8.224417123875,3.9266248511509048
peri1253,mong1349,-11.660720779926235,2.8529947745573137,0,-3.7454050010225,2.948064572670535
phom1236,sino1245,-11.607398662685782,2.2550278694036674,0,-1.592566151017,2.8113098537037198
phon1246,aust1305,-4.97880061007592,0.08939343237286698,0,2.40457997133125,2.78190668157389
pila1245,guai1249,-7.850760993483723,1.7948217658326038,0,-0.48082068695825,3.12194316196853
pima1248,utoa1244,-3.337122555744341,0.1024994436003203,0,-2.21309038864,2.8784028591704054
pina1252,piaw1238,-15.126951365519947,3.5314656061419507,0,-2.02196858712375,3.151376811219465
ping1243,aust1307,-3.999439386274807,0.2453666772614272,0,1.5997114500474998,2.82140638970239
pipi1250,utoa1244,1.9542246690593679,0.2565820447516088,0,-1.74866241535825,2.8529636147490898
pite1240,ural1272,-11.120758150527848,2.3242223503037636,0,-8.0131426274025,3.615114189715555
pnar1238,aust1305,-0.5292919713724911,0.07052337746522637,0,1.4832309580207501,2.7613430781536747
pohn1238,aust1307,-4.006080462368381,0.2625188016026469,0,1.60191446447075,2.83366248783695
poko1263,nilo1247,1.665592928361769,0.07508500929860262,0,0.880104008155,2.9025708506369
poli1260,indo1319,-5.6248697258943885,0.10246814480749271,0,-2.157676625715,2.796432220122615
popt1235,maya1287,1.9954152496130098,0.07836603035591526,0,-1.6185425471900001,3.04243978096384
port1285,aust1307,-4.544714512637523,0.07443593293745546,0,0.7118262415675,2.8394562797736747
port1283,indo1319,-3.2681527241581656,0.05762977025885564,0,-4.0748973842,2.8349278102728697
phai1238,aust1305,-4.815559018246876,0.08357102886925183,0,2.4098176522825,2.79185056300444
psik1239,afro1255,-1.0249574717847487,0.049183909229105406,0,0.18398769205499999,2.8695023818121097
puin1248,puin1248,3.0253454677513076,0.6558100561931142,1,-1.63512233221575,3.35564286329788
puka1242,aust1307,2.9252021708729234,0.3915583980335012,0,1.33183331472675,2.7573874393923052
pula1263,atla1278,-2.7844479572608254,0.10681389544983418,0,4.919106528555,3.252633087440405
pula1262,atla1278,-2.925927803387858,0.10355111618801713,0,4.9215572404475,3.246208584163335
pulu1242,aust1307,-3.6402084147514797,0.18242922020488303,0,1.37922404132775,2.7655530780043946
puma1239,sino1245,-12.62141392151216,2.2619567346704894,0,-2.4270793782785,2.8888846810873803
pura1257,pura1257,-14.933120260585433,3.4996679889211504,1,-2.3618889813535002,3.35638941484985
pure1242,tara1323,-8.600357686882036,2.336940229412773,0,-2.6622270386,3.43212537814738
puri1258,sino1245,-12.43807837279483,2.259273407072995,0,-0.6965505277092501,2.7680292857847597
qanj1241,maya1287,2.48354430789242,0.02442458522233393,0,-2.0588800463109997,3.045729710575315
qawa1238,kawe1237,-10.641139696757792,2.6022198641248844,0,1.04214142707225,3.4234680245425997
qima1242,afro1255,-4.332542565498527,0.29585881415759485,0,0.92245849985475,2.79915020207041
quer1236,otom1299,-0.24724793107575754,0.07753577828100698,0,-1.0883564150075,2.927598815691495
quey1238,sino1245,-13.17444261158039,2.1325640562634622,0,0.5419913797614999,2.81426464151134
quio1240,otom1299,2.9151696511877017,0.04290989201986164,0,0.8678328402693,3.04323287764126
rabh1238,sino1245,-12.210287443659428,2.131551052908293,0,-0.3049563078425,2.794635423353895
rade1240,aust1307,-4.048764532612245,0.0823530041582638,0,1.4969355839185,2.766990856030715
raji1240,sino1245,-12.869051690121257,2.285352533761415,0,-1.45177611056875,2.848779035190695
rama1270,chib1249,-7.656048159121425,1.350696239096748,0,3.20974284566,3.14988363482769
rapa1244,aust1307,1.9889104651424416,0.333871295037966,0,1.68690241969,2.771835563371985
rapo1238,nort2933,-0.01171136030604985,0.11997262470031356,0,-2.079515257923,3.3727492046482404
rata1244,aust1307,-1.9393035698437298,0.0501246499509409,0,1.12868236539525,2.937244627141145
raut1239,sino1245,-12.841042072485372,2.2854462212756057,0,-1.4348398045800002,2.852810252623465
remb1250,aust1307,-3.7159904205582546,0.0767357680474789,0,1.6322926920929999,2.9334897460823797
reng1252,aust1305,-5.062876851248993,0.09103008738782795,0,2.81875627943375,2.81762735857848
reye1240,pano1259,-0.956171117786779,0.11382669812341495,0,1.9025186929625,2.994603828174175
rian1263,kolo1268,-15.125551638254173,3.4656628167259207,0,1.53969905240325,3.32069439019314
rikb1245,nucl1710,-9.608653624509394,1.7227546866983872,0,1.8751949947575,3.14423979198372
beka1241,aust1307,-3.51205812203826,0.18135030356978052,0,1.6482465726967002,2.9284367363196653
roma1326,indo1319,-4.212193881536164,0.09907195564514239,0,-4.045729319735,2.871163459263455
romb1245,aust1307,3.792886173025856,0.0729234487835073,0,-0.71323575541725,2.7612094299615304
ronn1241,afro1255,-1.9955095475300597,0.056045485136493156,0,0.3691520452825,2.89390987470339
rong1266,sino1245,-11.2202648569695,2.274513555069638,0,-0.56630968681725,2.7935640653504104
rong1264,sino1245,-12.708993739556519,2.2866709182301745,0,-2.249354440608,2.86600665730482
roto1249,nort2933,-0.2267227534015985,0.15007641715373507,0,-2.2805194913599998,3.336905326235925
rotu1241,aust1307,-1.5242924514569527,0.04419499131492853,0,1.5964289914285001,2.8370366314367
rovi1238,aust1307,1.5611571807606754,0.08089033219077618,0,1.7888690838549999,2.85145783257439
ruch1235,aust1305,-4.112605806589231,0.058439240220362926,0,2.328510567693,2.776902828045325
ruka1240,aust1307,1.0109485628587107,0.055738836051167855,0,-0.6713469322300001,3.03526758288245
ruma1248,aust1305,-3.58524381228942,0.09212807507407428,0,2.3048577112924997,2.789464052536895
rung1258,maba1274,-13.831505047684397,3.3236896084411076,0,4.13969425225,3.646495266978535
russ1264,mong1349,-11.549533421853976,2.81661387855174,0,-3.738430453645,2.950352317937075
russ1263,indo1319,-5.238869720431886,0.302198842677304,0,-2.94198271665,2.8206631609124253
rutu1240,nakh1245,-11.532729870522907,2.467085517219192,0,-6.0631302065962505,3.46700997029095
saaa1241,aust1307,-3.9525877185479996,0.13961908357853015,0,-0.65611738856775,2.8102198407609
saaa1240,aust1307,-1.7998745462602814,0.046220263227311015,0,0.9723510439430001,2.823227144155635
saam1283,atla1278,-6.9901573720800485,0.8096526040120625,0,4.2469894638045,2.949331857338095
saar1237,aust1307,-0.04422245562413525,0.04871126000600006,0,1.4645779564525,3.0164790215204498
saba1268,namb1299,-8.422466494144613,1.9196128226842002,0,1.5182734505905,3.2669022599203847
sais1237,aust1307,0.0864395747221742,0.02770982572129158,0,-1.42267849567575,3.067400932774685
yaku1245,turk1311,-11.417706846254532,2.585178112117037,0,-7.5644414461725,3.66201257453808
tsis1238,atla1278,-4.92583257968945,0.046854685561074305,0,2.641429994237,2.988128348055765
samb1311,atla1278,-6.562107254815332,0.13845977248077285,0,4.087601142357499,3.1890202581990748
samb1305,atla1278,-6.56050050420521,0.14268552302246246,0,1.0875597028297501,2.847022690282005
samo1303,east2433,-15.580526920779533,3.4502373660825927,0,1.3933237392687001,3.313401846215585
samo1305,aust1307,2.983510706772634,0.29057058170347344,0,0.974226210275,2.7194194830296547
sana1295,afro1255,-3.8012196158002296,0.09509726167900247,0,3.30352564098325,2.899541396754585
sanb1242,chib1249,-8.5251406073354,1.2253688372633555,0,3.3817934793299997,3.07846355983427
sand1273,sand1273,-13.498179936437257,3.2763704148455672,1,4.2872526822575,4.249677009277
sand1278,huav1256,3.335432527814654,0.367700144124138,0,-2.251540045415,3.4045382459633053
sang1331,atla1278,-7.409807986440433,0.504774206200956,0,4.2446221406025,3.0395803877819354
sang1321,sino1245,-11.541207032367076,2.2644245674941024,0,-0.48696680177499996,2.8095434804152797
sang1330,atla1278,-7.71578746461201,0.5012867414089387,0,3.3475090373325003,2.8540270180278497
sani1269,sino1245,-14.352259946492119,2.281073681156037,0,1.3645059051150001,2.839792678988725
sanm1301,otom1299,1.9308046599930284,0.030629503496551493,0,2.7695571838950004,3.17815192672928
sanm1289,quec1387,-8.473656403538195,1.6124446292731547,0,-3.9071055805925,3.09072020009804
sanm1295,otom1299,2.86772886326465,0.04249002383626269,0,1.210495057573,3.0761223076534
sant1410,aust1305,-2.7559190528189097,0.04254635045732619,0,-2.0017648455725,2.8419333026853497
sant1451,otom1299,3.318379332045132,0.054524860741592074,0,3.1249387784775,3.18796285950526
sant1436,otom1299,2.6722894833580053,0.03499761130417934,0,1.8034950275835,3.14967148842318
sanu1240,yano1268,-9.025470264646032,1.9393767468552523,0,-0.3320647163725,2.976490553186575
sapo1253,aust1307,-2.4871002886706,0.215215036662041,0,-0.0892936183345,2.860567056979835
sapu1248,aust1305,-5.199261552499669,0.09364710736847574,0,2.7882776137315,2.83699376636737
sara1321,cent2225,-13.748290684296256,2.9419317384313923,0,1.40434967195,2.734573627263345
sars1236,atha1245,-11.168974108692124,2.4941788936937104,0,-2.0168010168799997,2.893329135776195
sasa1249,aust1307,-3.5629673747145665,0.13387661964977826,0,2.0506628686915,2.8761299314809303
sata1237,aust1307,-3.3213618795306132,0.15316708423530823,0,1.47509010907675,2.7571853121174197
saur1249,drav1251,-12.63298278114167,2.7943419318409535,0,-8.047499796577501,4.02414549085014
savo1255,savo1255,-9.4270103362216,2.841878187406844,1,-3.145693044245,3.29190500508145
saya1246,afro1255,-1.6423430571467694,0.0374024695573124,0,-1.4971821225275,2.93518790552885
seda1262,aust1305,-5.041334051304844,0.0879735270280326,0,2.8072469593577747,2.8098646412658397
seim1238,aust1307,-4.888752234983497,0.23956342390820196,0,0.87289962878925,2.9072819680202553
seke1241,aust1307,-3.9590026454656044,0.13906006369573434,0,-0.61880963640825,2.81281353441718
sekp1241,atla1278,-4.702967520624003,0.061102724520154805,0,3.27014617614625,3.0621871828823
sela1259,aust1307,-4.333037870403443,0.19186763658909117,0,1.836962656545,2.964003614543325
sela1260,aust1307,-2.958471146157982,0.03850602944209958,0,1.538639160752,2.9272712793543
sele1249,atla1278,-4.741274565599309,0.06278996433164531,0,3.2588811838174996,3.06091002965534
selk1253,ural1272,-11.57863777306294,2.499142810626184,0,-7.664683732225001,3.763866166528205
sema1265,aust1305,-4.588262937522222,0.06129225224741135,0,2.076634774705,2.830331634514305
seme1247,aust1305,-4.5278106715600055,0.05788744466494181,0,2.0658288893625,2.835467889647445
sene1264,iroq1247,-8.26063706866472,1.8392072767135976,0,-2.91279943366325,3.0767451596289
seng1281,aust1307,-4.374996891005508,0.10831174947949501,0,1.93364726161875,2.95545804786743
nucl1632,sent1261,-15.42344288351662,3.4474335937185625,0,1.1405955823162501,3.347538477321015
sout1528,indo1319,-4.732353149470174,0.16359828954470737,0,-3.20411617073225,2.839981754681375
seri1257,seri1257,-11.36225830909258,2.7202122101280453,1,0.6479379934639999,3.346567752982515
sgaw1245,sino1245,-13.97708454028772,2.28529387125871,0,0.5058767425224999,2.858799182216765
shab1252,shab1252,-12.963964212172517,3.62007430817538,1,-1.694960683875,3.6604089145867897
sham1280,atla1278,-7.666234677511645,0.4563297633272599,0,3.66253878892525,2.8653005677987453
shan1283,pano1259,-3.1010848798156516,0.11568827798845617,0,0.41630768411124996,2.783343285500205
shaw1249,algi1248,1.925764266511865,0.26414355498127806,0,-4.6932208509325,3.2716627266417397
shee1238,hmon1336,-11.93664857957907,3.0639292785739625,0,-0.807663983797575,2.9008752603633647
shek1245,dizo1235,-13.92554376216968,3.601786305577332,0,4.40454195296,3.73317564242119
sher1257,sino1245,-12.204585391021276,2.0861166156490265,0,0.16254674307,2.82885161511763
biao1253,taik1256,-12.229566901701387,3.169614825390703,0,-0.7245888718075,2.98393973433149
shil1265,nilo1247,-1.8674282396987245,0.05460631745839123,0,2.05367133673275,2.8965658655911053
ship1254,pano1259,-3.149277789715825,0.09143775957140306,0,0.01473470424,2.8307116281366502
shix1238,sino1245,-13.338924502568869,2.1615282480669675,0,-0.01158476555075,2.793466170584135
shol1240,drav1251,-12.138039632530027,2.707926530976606,0,-8.24617594365,3.9012610752412202
shon1251,atla1278,-6.994717348158954,0.41182650920680264,0,4.153404884437,2.95007650605802
shor1247,turk1311,-11.632546624746796,2.653308027112598,0,-7.556877777585,3.67815281985641
shos1248,utoa1244,-4.116159410460493,0.3887579647398927,0,-2.5234779891325,2.91890566093265
shua1257,jiva1245,-8.620893890207672,1.680018599756263,0,0.623080723415,2.9654245319236052
shwe1236,aust1305,-3.73040679613994,0.08430046447669368,0,2.3214378709085,2.787088087293915
siam1242,siam1242,-10.002356491473538,2.5713588474709934,1,5.08498363093,4.502963759631665
siaw1243,amto1249,-14.84451278346991,3.5597526191702205,0,-2.0783489175662497,3.3592847958180903
sich1238,sino1245,-13.515980154375505,2.181171879390167,0,1.410959905165,2.8358864672145003
sici1248,indo1319,-4.429807489726423,0.2082429616231375,0,-4.023985230745,2.87220701725315
sici1249,atla1278,-4.340880218242722,0.14461141104799555,0,2.50916167188975,2.98783734988749
sida1246,afro1255,-4.097608291671334,0.36909031648893087,0,-0.58665222952575,2.82015843934276
siee1239,aust1307,-3.2345758637574304,0.058189719968006384,0,1.474292202855825,2.894695552865535
sier1250,otom1299,3.002595437169688,0.04630289465744572,0,3.1109532361825,3.18127558471805
sier1248,utoa1244,1.3084797071230776,0.07486368779672967,0,-1.4405406339937499,2.812570812565315
sika1261,aust1307,-2.6178312269568624,0.07003312465195524,0,1.5144221745820001,2.7975317848554297
siks1238,algi1248,-2.706756776333119,0.2673008794415937,0,-4.77503499927,3.22723714912379
simb1256,aust1307,0.9367102619245609,0.07290880509247365,0,1.157113380856,2.8355119195208953
sina1266,aust1307,-4.29627852485353,0.09066156567107414,0,2.04333849507775,2.89390813907712
sini1242,mand1469,-9.588717887338873,2.025343996494058,0,7.4849790566,4.05401358129994
sioo1240,aust1307,-5.163497840642366,0.13690667029168255,0,2.0710970495,2.9170031265026397
sion1247,tuca1253,-0.5894176208087618,0.09385717974691055,0,-0.5835329570482499,2.94248105989032
siri1274,tuca1253,-3.8984458355167595,0.09216542157696779,0,-0.740814187247,2.897425719642735
sile1255,nucl1709,-15.993527488734326,3.2824684712390373,0,0.50464495016,3.061460327931975
situ1238,sino1245,-13.155387649206975,2.125899080331481,0,0.8817678034675,2.825827371156325
siwi1239,afro1255,-0.9468488638352408,0.06131850559176035,0,2.1968356976675,3.0155105170244
siwu1238,atla1278,-4.737356937526879,0.060581606135055165,0,3.25712485964625,3.077319965918395
siyi1240,sino1245,-12.155197918895164,2.1390652123097063,0,-0.17531423133000001,2.7834221301483453
skol1241,ural1272,-11.307680367757584,2.38785233152161,0,-8.0111331196,3.6011658043862997
slov1268,indo1319,-4.647797946906843,0.14393791975928513,0,-3.20835741505,2.834535045880155
sooo1254,aust1305,-5.200972234835313,0.10465250173150512,0,1.95603413957675,2.75856547367617
sobe1238,aust1307,-4.493409526737347,0.19693986930303056,0,1.56047224775475,2.93641040912225
soch1239,otom1299,2.756756395620644,0.03910441977794287,0,0.88574776841,3.0450909996742
soga1242,atla1278,-7.392815497564948,0.8166997170980329,0,4.3171831802355,2.9377392978125254
soma1255,afro1255,-4.011852348024636,0.28764077222155837,0,1.87635409143975,2.797430987487675
soni1259,mand1469,-8.931768495077858,1.9759088434,0,7.48523520327525,4.060559814681885
sons1242,aust1307,-1.5082753329180854,0.0508973817978126,0,1.5035226828677501,2.771521719831085
sooo1256,kuli1252,3.641126354589881,0.6757325929794387,0,4.91927653698,3.69757345923723
sora1254,aust1305,-3.5508592875926155,0.06289425647871254,0,-2.1220602751874997,2.824321914354495
mani1235,east1459,-14.949680634028825,3.357141114572582,0,0.82594646504125,3.38236059671913
koon1244,atla1278,-6.735334539445407,0.33074221839838835,0,3.6601383788775,2.99829477432462
sout2859,aust1307,-4.699214823223178,0.07916063864331188,0,1.27311525859125,2.851437939045375
sout2976,utoa1244,-0.0205859503641034,0.09621451701034017,0,-1.2365376637124998,2.88416838123274
sout2856,aust1307,-3.7907952202794077,0.06192670235723655,0,0.3808472558695,2.81112275376345
sout2954,japo1237,-10.806364269123222,2.5145435963089615,0,-4.438319713275,3.2298733823595347
sout2996,ayma1253,-6.928021398620681,1.4407828908682367,0,-3.346749403922,3.172285617347165
sout2730,sino1245,-13.016461602034708,2.380594494280278,0,-2.53636783069725,2.83423363385771
raro1241,aust1307,2.864777422574641,0.44665430392475697,0,1.777044409975,2.7477126293919447
sout2826,krua1234,-9.77906095028024,2.613777285819323,0,0.661950201544075,2.986180742726135
sout3236,gumu1250,-14.051664101075003,3.425619354807906,0,1.741886946995,3.265311775855265
sout2956,haid1248,-9.727913951846382,2.6746727502197363,0,0.9271728524675,3.29816246237402
kach1280,sino1245,-13.190837312655747,2.1653073279064783,0,-0.8895977044525,2.759534245279095
sout2994,namb1299,-8.501266979973046,1.9457591512291421,0,1.4730883835475002,3.291534099034825
sout2649,indo1319,-5.900276481099478,0.5359049029362604,0,-2.4688343940174997,2.9976018988419604
sout2729,sino1245,-13.442040828493791,2.1733309112749435,0,0.520440292973275,2.78606539270631
sout2728,sino1245,-12.389037467333864,2.289610244233819,0,-0.00733046363,2.78918832058742
sout2918,aust1307,1.750870033162176,0.06221223885580243,0,1.3775716367925002,2.811394742647505
sout2985,miwo1274,-10.82704812523366,2.8419965281431834,0,-3.043806031781,3.37621437853002
sout2807,atla1278,-5.580834629820705,0.366285541663277,0,2.66411533943525,2.80876791323353
khan1277,sino1245,-11.422407447213523,2.26156910628785,0,-1.4116088662325,2.817907218432885
sout2797,atla1278,-4.474498974172281,0.13515500386853185,0,2.3523114222785,3.04315325269153
sout2679,ural1272,-11.350181385709337,2.3241375600875585,0,-7.97626459815,3.607788357724825
sout2782,atla1278,-6.6103947672405905,0.1608077446855555,0,1.8288223614049999,3.01838561379687
sout2895,aust1307,-4.051655577958739,0.1115188373419509,0,1.894009788655,2.96272544383487
sout2674,ural1272,-10.949003168318116,2.2836254616331306,0,-8.0169730940225,3.6246412635451497
sout2959,atha1245,-10.155773440466472,2.4095416420022078,0,-2.20111441480525,2.9016419403170604
para1301,aust1305,-4.2531264673311595,0.060400224193337744,0,2.34735502274625,2.7833439797781
sout3261,nakh1245,-11.53610943804554,2.4690296012970316,0,-6.0762893362715005,3.49258839813711
sout2869,aust1307,-2.8219270122266544,0.05398820655193645,0,1.6222975698985,2.88875166684081
stan1318,afro1255,0.22372690287493396,0.09347618812686523,0,3.42869398663025,2.862934498042105
indo1316,aust1307,-3.216700056381627,0.18538695763649754,0,2.5885613029375003,2.78451741644793
stan1306,aust1307,-3.232501856175599,0.07020298836392916,0,2.578052052775,2.8042703713567096
horp1239,sino1245,-13.162689061701588,2.127111620535573,0,0.6118840137220001,2.8307118293349403
suba1238,atla1278,-7.5055225197414615,0.7603701505086696,0,4.2013304265055,2.950865851740065
sude1239,aust1307,-1.9902193183876156,0.044638412431680485,0,1.884908367885,2.9120071107375702
sumi1235,sino1245,-11.495172469989042,2.258923972417303,0,-0.8674626302324999,2.8388922891067203
mari1426,aust1307,-4.608212169067098,0.07907935640911508,0,1.4176899523692499,2.876708381716615
sunw1242,sino1245,-12.661329959076708,2.2579180204879514,0,-1.9933067020825002,2.806931401030985
supy1237,atla1278,-4.162170962592826,0.15792944019468025,0,2.51257129973775,2.9955948338142
surg1248,ural1272,-11.57218438312303,2.4940882186541438,0,-7.761469354,3.693335607884
surs1246,aust1307,-3.6811545424902317,0.3129129467203256,0,-0.3627631212325,2.8662746575657447
suru1262,tupi1275,-8.865271171647898,1.6463149573752673,0,1.7722138126527498,3.154810914221195
swah1253,atla1278,-7.7230455497512684,0.478664402338551,0,3.9132446735865,2.86884182456338
swed1254,indo1319,-4.767750513377177,0.17078281222257627,0,-4.53752852420925,3.019875744035415
taba1263,nort2923,-12.839962308784218,3.1110607134849717,0,2.33619790008175,3.339564847123265
tabo1241,tabo1241,-14.665560287783233,3.5394741637172817,1,-1.9364501532179998,3.3750067057674853
tafi1243,atla1278,-4.719428314859199,0.06560010401276752,0,3.1748566171899997,3.0557658873972953
taga1272,aust1307,1.5555220027967849,0.05252005798848479,0,-0.72049712159,2.7762864323155
tagi1241,sino1245,-11.673301299143846,2.236223538232649,0,-0.455556875555,2.736231632739335
tago1246,rash1249,-13.968000643554767,3.660896591975227,0,4.4304672213475005,3.855746165874085
tagw1240,atla1278,-4.782832843992908,0.12867696779739524,0,2.4774429176115,2.98028234730537
taha1241,afro1255,1.3465627403018416,0.15220735103444075,0,2.0394452225475,2.956832088735705
tahi1242,aust1307,2.7776868191165187,0.43855437395858377,0,1.7684723478725002,2.740552679966685
taia1239,taia1239,-15.175911489474563,3.5436922116480942,1,-2.8396413289955,3.277986409497465
taji1246,aust1307,-1.7897386161051534,0.05288518480952796,0,0.4248153409625,2.8449899272078847
taku1257,aust1307,-3.0473798375169086,0.131726512720773,0,1.6095614291575,2.778853714765875
tali1259,aust1307,0.07843533257426655,0.046485391166222904,0,1.6297294679051,2.878759811162575
tama1331,tama1329,-13.159326820293554,3.281276547649916,0,4.9450535150875,3.994179484844005
malo1243,aust1307,-4.47149448763887,0.07036208853639274,0,1.3889757049515,2.849738759959025
tama1365,afro1255,0.9798426414490446,0.25248076496713634,0,1.9253147342624999,2.909559145424375
tami1290,aust1307,-4.947791703054078,0.11223176705179763,0,2.0623004374475,2.92449165906341
tami1289,drav1251,-11.885686500685704,2.6850834920288404,0,-8.2326326204,3.883965515863245
tane1237,aust1307,-3.118924631102125,0.03331493124060016,0,1.65559701545625,2.931192003694025
tang1377,sino1245,-12.622010921036775,2.078870779370983,0,-0.09527810813975,2.77377459826134
tang1373,sino1245,-12.096635638932844,2.235114485908224,0,-3.02665680859275,2.90868869767348
tani1257,tuca1253,-2.8229091074527686,0.1875542437838215,0,-1.25833414041875,2.94929697079493
lowe1412,aust1307,2.2778199971684465,0.03625655313935624,0,-1.02210315841675,2.793329044986225
tara1313,sino1245,-12.196438241079935,2.128554303370713,0,-0.02344547718,2.78785105649234
tari1256,araw1281,-2.817129469208977,0.20841717706411528,0,-1.7481215415525,2.86142060055542
tari1263,afro1255,0.47188540837758364,0.0955227049496968,0,2.064737540540325,3.0304999209060552
tata1258,otom1299,3.0942145504160763,0.05267862023748197,0,2.979257645385,3.20031921016945
tata1257,aust1307,0.8832937517200006,0.04550138326963973,0,1.65982890081405,2.9102790753941647
tata1255,turk1311,-11.51377717854269,2.526730403589771,0,-7.54178078135,3.6341967754463953
taul1251,taul1250,-15.127943564210245,3.4285945320905253,0,1.7588999193925,3.408025066092085
taus1253,taus1253,3.0815043719312074,0.6445014821455801,1,-1.5859243865165,3.3850398737366003
taus1251,aust1307,1.8761079833237249,0.06508332877663914,0,-0.32866718745074996,2.74553947038618
tawa1286,afro1255,-1.3519573198805013,0.11988818728853241,0,1.765028459018,2.885796920553005
diga1241,sino1245,-12.856711464430882,2.1051023089879064,0,-0.075040454317,2.82024426103726
taya1257,afro1255,1.0296045420834679,0.06633669595995166,0,1.46584563629825,2.8695831221234602
tbol1240,aust1307,1.4481193334799372,0.044925311116382365,0,0.19158214389,2.85787636383795
tean1237,aust1307,-3.0726039349715277,0.030005520702234518,0,1.6455113014724998,2.929430492288765
teda1241,saha1256,-11.604594197344301,2.8059234424560433,0,2.26482641391075,3.111909910799835
tedi1235,sino1245,-12.169574545196744,2.141637483786444,0,-0.0250271137775,2.762249046842375
tega1236,rash1249,-13.997256985486668,3.6528821779590603,0,4.37812454614825,3.8433429060269297
tekt1235,maya1287,2.75952161424315,0.04561938699276203,0,-3.5576022927475,3.236415212454585
telu1262,drav1251,-12.80208409536938,2.789851889646758,0,-8.215413848165,3.913202600241755
temi1246,aust1305,-4.342431784590293,0.060690952643684716,0,1.995349681477,2.81768974153277
temp1235,aust1307,2.2063377927273473,0.09950937369405112,0,0.795765136724,2.82532545584835
tene1248,dogo1299,-9.013252378947639,2.103154182768766,0,5.258578959075,3.9288743025253954
tenn1246,surm1244,1.0213973472354372,0.04536275541347404,0,4.88779360626,3.3970670770093303
teop1238,aust1307,-3.2256541139177006,0.12160682953563996,0,0.9132725273992499,2.85886249168509
tera1251,afro1255,-2.3184336852836696,0.05197753749825221,0,1.5876018414545001,2.90695689819843
tere1279,araw1281,1.213271519469716,0.06500825051364405,0,-2.788091142882,3.02998865041083
teri1250,chib1249,-8.129662038147039,1.3125367919888153,0,3.38263045927225,3.085318369715335
term1237,aust1307,-3.9484921856397976,0.12886611009834908,0,1.9947103371075001,2.96594325037409
tern1247,nort2923,-13.084233312218057,3.120377873323171,0,2.165798262455,3.36221010966128
tete1251,utoa1244,-0.8599550688124706,0.04754873999819837,0,-1.19857028037625,2.8385558612104154
teun1241,aust1307,-4.337944771845184,0.14916582396208766,0,2.032151533443,2.9637002053631303
tezo1238,otom1299,2.3751826994231253,0.027158127605084882,0,1.802561126004025,3.14858508655602
thad1238,sino1245,-12.0857757642845,2.133235342921127,0,0.02059468357475,2.76841127361536
thak1245,sino1245,-12.772534127205386,2.2657441149967905,0,-1.468331423216,2.76857649265044
than1259,sino1245,-12.58283137409975,2.254418200056933,0,-2.8165140880795,2.857667739775305
thao1240,aust1307,0.07781844850606305,0.04339219867938724,0,-1.6093416909425,3.038328762567835
aheu1239,aust1305,-5.136945218002381,0.10314262474751451,0,2.14622305246175,2.8439722528469646
thul1246,sino1245,-12.42955176481036,2.2546786778744847,0,-1.763603015535,2.813414869030105
tibe1274,atla1278,-5.737667261984642,0.19001024488254767,0,1.2556718835598502,2.8924598701669453
tibe1272,sino1245,-12.69002004987573,2.0856980684763364,0,0.36350481736874996,2.7285094904345897
tief1242,atla1278,-4.524796702181965,0.12833803862713258,0,2.52384225469575,3.05052291394755
tief1244,atla1278,-4.492735591871593,0.12791631385600596,0,2.5209794298875003,3.0405644207388898
tien1242,atla1278,-7.106000306941743,0.3805557900914282,0,4.262012941537501,3.02410169465917
tiga1245,aust1307,-4.891154900433008,0.3696827126491166,0,1.33008802717,2.922854166690275
tigo1236,atla1278,-5.606033451777773,0.17947425123583818,0,1.06979916432225,2.8235662675638302
tika1246,atla1278,-6.516171716262216,0.13103487307990147,0,4.1332808798825,3.1697020792811452
tiko1237,aust1307,-3.753204694717102,0.08422195668537577,0,1.3984393185075001,2.77747924575583
tilu1238,sino1245,-13.445163528879778,2.103316606363002,0,-1.15727869372875,2.793273051765075
timn1235,atla1278,-3.83426634784389,0.10891558586782896,0,4.92892575597,3.2160502425346102
timu1262,aust1307,0.8923471294560805,0.044229308799545765,0,1.6415349446515,2.907799849246565
tina1248,aust1307,3.022108731061052,0.04239884829423673,0,-1.35090661689825,2.85732568329143
tira1254,heib1242,-14.161428051037536,3.684845157835776,0,4.759662514206751,3.743987835168205
maee1241,aust1307,-4.509519881692626,0.07227972432722084,0,1.5282596747414998,2.86188806516027
tiri1258,aust1307,0.9778813264009267,0.05558554074922922,0,0.3334759967175,2.8149339894334053
tita1241,aust1307,-5.201244182446549,0.25360074197727656,0,1.1515730151039998,2.86935738596528
tivv1240,atla1278,-4.925316648882104,0.13855535650068126,0,1.2098926612874998,3.02784380508251
toab1237,aust1307,-0.7786553241078025,0.09360993728324518,0,0.32120148242425,2.8083189181100803
toar1246,nucl1580,-15.626231916573637,3.3585278774540175,0,1.3680456431375,3.40566341911049
toba1268,leng1261,3.229333751088596,0.5343283202678176,0,-1.97046406270175,3.349734281086925
tobe1252,nort2923,-13.145421169215648,3.123754355261874,0,2.277600373715,3.33192814441097
toda1252,drav1251,-12.08251753743375,2.70026045725198,0,-8.2421974375,3.9190225083162247
toho1245,utoa1244,-3.972183955317783,0.19742753500301868,0,-2.2141065667975,2.878741736685065
tojo1241,maya1287,2.535734797737571,0.04128642724303627,0,-2.8803755810325002,3.1600066477395448
toke1240,aust1307,3.2008775524499207,0.2442461568775491,0,0.83169519992175,2.720280811136345
toll1241,jica1245,-6.24609568475061,1.6168411817008093,0,1.07486116934675,3.3725330198785652
toma1245,mand1469,-10.176025776504375,1.9846770381395702,0,7.50471428738725,4.022931481581475
tomm1242,dogo1299,-8.891789313394096,2.0695186756045296,0,5.234220784350001,3.958505821057585
tond1249,song1307,-8.863332844786072,2.08622185914404,0,6.5539246705855,4.0150755791817705
tong1325,aust1307,2.8312271421192152,0.19575047384857952,0,0.97740415935475,2.764843210196025
tong1318,atla1278,-6.927948980070489,0.39175372587943297,0,4.16238132442,2.951759997916475
toor1238,atla1278,-8.196311597380507,0.7876783032638779,0,4.3836451366275,2.909208308536165
tora1259,aust1307,-2.8577952719148216,0.09531925115056673,0,0.1403251760255,2.76131746259105
tote1238,atla1278,-6.894951125430211,0.36860585935057893,0,4.119663275835,2.95491561746615
toto1302,sino1245,-12.159390543205,2.2674795488127004,0,-1.6258443207255,2.817814442540875
touo1238,touo1238,-8.346342310870881,2.5696235002857866,1,-3.2055795731375003,3.345332638131095
trin1274,araw1281,0.22441271561621876,0.07020479479810444,0,-2.853927919685,3.01393712752154
trio1238,cari1283,-4.138347190185859,0.23238643695275935,0,-1.1426109228599999,2.8937582730450746
trum1247,trum1247,-10.416956293936034,2.3138750456066672,1,1.3847444183905,3.281701912205445
colo1256,barb1265,-7.805765871032696,1.6167563478608056,0,-2.903306282252,3.244340045870945
tsam1247,afro1255,-4.462717051034354,0.45298412210613814,0,1.71698927405125,2.81502039722896
tsat1238,aust1307,-3.5619421583476383,0.07608868532064839,0,1.96210255015075,2.813893387391315
dido1241,nakh1245,-11.39648237407811,2.4326411988244208,0,-6.093244270967499,3.4524729205943796
tsha1245,sino1245,-11.55623983328751,2.2465498273623683,0,-1.38565584218,2.8021910224774498
tsix1234,khoe1240,-11.737309518634426,3.0289743071581436,0,-2.598797078705,3.228308155393335
tsog1243,atla1278,-6.240308260050085,0.197668082754275,0,3.3308096203905,3.088510292656955
tson1249,atla1278,-6.4934815531262515,0.3364512240612126,0,3.0418936645374997,2.85905084525317
tswa1255,atla1278,-6.526984119083604,0.34638992367971966,0,3.05406823188775,2.85075161803962
tswa1253,atla1278,-6.5053481357056855,0.29304946650627517,0,3.209717428518,2.8428555886511298
tuba1278,utoa1244,-4.110183319258831,0.2819198888140909,0,-2.0332970450624996,2.88603915729274
tuca1252,tuca1253,-4.030477430378051,0.09706745827149912,0,-0.1984511075085,2.9593813746146598
tuge1241,nilo1247,1.7205518910575037,0.08808123544520285,0,1.1165727334022502,2.88360959342847
tugu1245,aust1307,-4.089118617857569,0.10684016844311978,0,2.04171787536,2.948570096324345
tuka1248,aust1307,-2.049206645615139,0.025020746784466325,0,0.6270863317922251,2.8855635992559554
tuki1240,atla1278,-5.776214576546536,0.20330437909176866,0,2.1061140155,2.9170280327643052
tula1252,atla1278,-6.469071365301941,0.13769043215474583,0,2.77148088488725,3.0335206510186747
tulu1258,drav1251,-12.261908162316011,2.74119070746726,0,-8.188899631125,3.925299783751485
nene1249,ural1272,-11.5160290249137,2.4775106658798456,0,-7.6868716714375,3.7502180287883453
tune1261,atla1278,-6.163728477568721,0.0958803081947945,0,2.8127949748418253,2.91778879687958
tung1290,aust1307,-4.985186537086177,0.340404273849815,0,1.3125020736755,2.9139976073222
tunn1238,afro1255,-3.859110175741421,0.2737600830588882,0,1.885232500555,2.78647252390342
turk1308,nilo1247,0.0167381243129929,0.07210819139182405,0,2.3540058877657497,3.078539762580225
turk1303,turk1311,-11.895454988438523,2.6422430678505386,0,-7.539038678639249,3.6608921263691947
nucl1301,turk1311,-9.749220284334793,2.3526533410112873,0,-7.566720706450001,3.67385619093901
turk1304,turk1311,-11.985068045474232,2.7051913143390296,0,-7.5647929783,3.6792705105533097
tusc1257,iroq1247,-7.927530662143439,1.8601910253200413,0,-2.9715976902075,3.07799534699896
tutu1241,aust1307,-4.536390963472373,0.07215083151007906,0,1.4436984267478001,2.845356501897675
tuva1244,aust1307,1.4131179445274924,0.05316047367137844,0,0.733061584115,2.73154780109998
tuvi1240,turk1311,-11.620203141587716,2.649591841312078,0,-7.561484700425,3.67561561885721
tuwa1243,aust1307,2.7193593580568733,0.027105982400782914,0,-1.1499982849425,2.8248882613105097
tuwu1238,atla1278,-4.7515955510281,0.06181318820869391,0,3.1517839451875,3.0679335251301803
uuuu1243,aust1305,-4.592221956796317,0.0620848202405249,0,2.3465688785125,2.77822853445465
ubir1237,aust1307,-3.779552571401772,0.05109815452039297,0,1.6313790257149998,2.92145464223274
udii1243,nakh1245,-11.587795082114916,2.4896764999291037,0,-6.0925006010375,3.4368515154604298
udih1248,tung1282,-11.390960672067227,2.662297502916014,0,-6.596427716199999,3.555761206435445
uduk1239,koma1264,-13.91587215994164,3.5464904727621054,0,4.866276997318749,3.7916823066459253
ughe1237,aust1307,1.661187114048606,0.09645906476733641,0,1.714199560565,2.86921049941689
ugon1239,sino1245,-14.41207138319501,2.335865800091393,0,0.7516309929535,2.8864353079222598
ukaa1243,atla1278,-3.7180762012561663,0.03950172112983002,0,2.4479099700595004,2.923960604036525
ukra1253,indo1319,-4.895056985063569,0.19020988631390826,0,-2.96993052096725,2.801318945518685
ulch1241,tung1282,-11.392341383545798,2.654319003679352,0,-6.5806643535525,3.520144097405865
ulit1238,aust1307,-1.0706568853728209,0.06534972335650903,0,1.51407223309875,2.764604192761575
ulwa1239,misu1242,-7.055957811863912,1.4567340803106823,0,1.6495687066097,3.285349813411835
yaul1241,kera1258,-15.120830695139132,3.542551975843508,0,-2.447454601706,3.248320091491555
umaa1242,aust1307,0.0352002573930985,0.0851424726856631,0,0.1443026309166,2.84827480842591
umbu1257,atla1278,-6.564451520035499,0.33454879580142194,0,4.4301112453675,3.012487617587475
umbu1258,nucl1709,-15.800833323600441,3.291727134577867,0,1.1971225692837502,3.00058043714467
umes1235,ural1272,-11.126117363657869,2.3164154174409073,0,-8.014173521475,3.61571366698437
unua1237,aust1307,-4.582770975787724,0.07419217416504548,0,0.820354303065,2.84078370128492
uppe1275,toto1251,3.907722409548505,0.5907907223919396,0,-2.7617009996375,3.20239219976984
urak1238,aust1307,-3.1246927516255356,0.0641709722963898,0,2.574525234440975,2.79763097056928
urar1246,urar1246,-8.724785789300835,2.1072541747937934,1,1.2097781873,3.28062926954526
urav1235,aust1307,-3.2921374043610605,0.061365197216837176,0,1.4498743668372,2.89926111584409
urim1252,nucl1708,-15.710930998414089,3.430957056079899,0,2.41932458606125,3.315874412792605
urip1239,aust1307,-3.709158810813621,0.1262850917761165,0,-0.09153793763175,2.858669651988045
urni1239,giim1238,-13.506906875396403,3.433467031206719,0,-1.62812637403125,3.3440505641759
utes1238,utoa1244,-4.799986001540319,0.23123236688480914,0,-1.7118805042675,2.87579022811613
kagf1238,atla1278,-5.164327657980866,0.07006716114889322,0,2.57338691281525,2.99852014528966
pile1238,aust1307,-1.5952129190659665,0.11092821230704306,0,0.6208885683025,2.761153705992795
veps1250,ural1272,-11.417062871244115,2.3681087354484918,0,-8.01813801095,3.593916496635035
vera1241,aust1307,-4.183543487128097,0.06439496117222479,0,1.2264818373975,2.843792509695545
viem1243,atla1278,-4.4921049906160615,0.11655190950429796,0,1.906447070414,2.979943046904145
viet1252,aust1305,-4.799798468549016,0.08005771299735066,0,2.11638736128525,2.8399128397087647
voti1245,ural1272,-11.356352239345362,2.333114796479545,0,-8.00311910355,3.614682073901205
vunj1238,atla1278,-7.5221557397423595,0.46924490335893815,0,4.0432256363598995,2.951502079119205
vure1239,aust1307,-3.4173397668631837,0.1404500778030975,0,0.5015181736575,2.83107071206949
vwan1235,atla1278,-7.68692716094556,0.4967918873476853,0,3.3440184516725,2.85622801631457
wadj1254,wadj1254,-13.930453708282908,3.4589401640816133,1,-2.5508037728625,3.320254295763095
waga1260,pama1250,0.8814259240200846,0.08986408990491909,0,-0.6608034393035,3.063410526632315
wage1238,wage1238,-14.292683139756967,3.305985859305501,1,1.6314164147199999,3.37876227196683
waig1244,aust1307,-3.5382126357229544,0.10031067923982355,0,1.2989377983,2.95422046793097
waim1251,aust1307,-4.743500193199095,0.1230684430117115,0,2.046005697455,2.8702654835243653
waim1252,aust1307,-4.136462613056565,0.11318801024053855,0,2.093482691029375,2.9529542967477953
waim1253,cari1283,-3.3969318030594984,0.18109801350207966,0,-1.2927820957095,2.9171539614433604
waiw1244,cari1283,-3.676222459841923,0.17230192085603716,0,-0.86162519059325,2.8618547128041802
waja1259,atla1278,-6.399335311547484,0.13653428694336806,0,2.772345917317,3.021606151690125
waja1257,pama1250,-2.81388331138771,0.11582561402794608,0,0.2279923562845,2.91981364817528
waka1274,pama1250,-2.7865134881043545,0.07027430458931064,0,-1.236131576577,3.02142175603201
wala1266,aust1307,-1.4434072483783913,0.045135714673564205,0,0.8928971632375,2.808263300504055
wamb1257,sino1245,-12.67326024229494,2.259141202462045,0,-1.77976564364275,2.8157741205533
wann1242,mand1469,-10.58123261949776,1.9992275303684008,0,7.50842968669,4.04537675847315
wand1278,afro1255,-0.8656029971188541,0.05329770391186087,0,0.939678796185,2.80077133768572
wand1267,aust1307,-3.652959272497689,0.25008294702663997,0,-0.3338509885382,2.87821627524326
saka1289,aust1307,-4.362642944513892,0.06748461688006784,0,1.40611205081,2.85434847980991
waor1240,waor1240,-7.763635657061048,1.950108822094861,1,-1.83873337679125,3.345257594768295
wara1303,wara1303,-9.796848178211867,2.237626718611176,1,1.0712649066425,3.3279058097140997
wara1300,aust1307,2.199050345502865,0.13516376789184908,0,-0.46011910008650003,2.73822087249091
ward1246,yang1287,-12.94394066652222,3.395317234795099,0,-2.1426323358575,3.411621407621105
ware1255,araw1281,-1.896250645106898,0.15367867944055588,0,-1.7603034553575,2.8660657423413154
ware1253,aust1307,-4.413913706200276,0.18133465035756743,0,1.07277035048575,2.914984832420835
wari1268,chap1271,3.15535928188309,0.5577495954496047,0,-1.5782198630467499,3.305047716059075
warj1242,aust1305,-1.9935794962547133,0.1431443787630792,0,1.903901182003,2.7798992827660998
waro1242,aust1307,-3.756406824213932,0.2727941067288461,0,-0.41126564094499996,2.89261837046881
waru1265,pama1250,-1.4765278464135205,0.049242102386072316,0,-0.930006466045,2.922530680966805
wash1253,wash1253,-10.880867094241161,2.9339901366467047,1,-2.815573213654725,3.452990132013955
wawa1246,atla1278,-6.5800901869441155,0.13833631223875922,0,4.0887612552765,3.2005369085616
waya1269,cari1283,-4.938977655281121,0.16531746088426502,0,-0.45462041634149997,2.84613712885057
wayu1241,sino1245,-12.704145086339338,2.260268509056928,0,-1.97992249943325,2.8140292133709046
wayu1243,araw1281,1.5912692466370748,0.11221136811665362,0,-2.3175118191875,2.9830700480238947
weda1241,aust1307,-3.423866689304405,0.04326536891476387,0,1.5593400474395,2.9146249469324603
wels1247,indo1319,0.12387986494468615,0.08311782695508534,0,-3.1673043421875002,3.0645499410939347
nort2864,aust1307,-3.944261434199903,0.1032453246647425,0,1.8817940614725,2.955256542303065
weri1253,kuni1270,-15.641002830767341,3.3322052863785836,0,1.75574929367375,3.346761670569435
west2564,aust1307,-1.9516445141457068,0.06763999748567352,0,1.5770761604449999,2.92487708790003
west2560,aust1307,1.393064979422403,0.0522628831060793,0,1.25489304191475,2.8119596005508347
west2548,aust1307,-4.29129483271285,0.1406875506695867,0,1.83051223946,2.966806520511515
west2615,atha1245,-11.008010829332797,2.161974157350839,0,-2.6861733012525,2.965108321757075
west2441,pama1250,-3.1027843162655406,0.0729332824554208,0,1.46603431849,2.934725061718
west2397,aust1305,-5.214011390808649,0.10655342244512188,0,1.9510766782759998,2.757085833916755
west2555,aust1307,2.3820065718705337,0.045356866543658184,0,-1.3181486686425,2.804325588780795
west2618,eski1264,-11.013557341320446,2.663980305571437,0,0.67773737282925,3.109769513015115
west2650,aust1307,-4.259293016232551,0.121659012712872,0,1.894041943356,2.822030183170085
west2594,nucl1709,-14.654517464816486,3.420147191520891,0,-1.48673331839185,3.0093665360912247
west2369,indo1319,-6.371839878960631,0.3059555210453766,0,-0.8830389830550001,2.924545380316495
west2519,aust1307,0.05713142055746755,0.0339484192924311,0,1.6992950341805,2.849554129304005
west2354,indo1319,-3.5247260157989846,0.06791793587194286,0,-4.4929513625399995,3.019079429519235
west2644,otom1299,3.2145039065817196,0.05621361336112577,0,3.03503110333875,3.19112905723376
west2624,utoa1244,-0.9505822630735352,0.10479948470124817,0,-0.88187182874675,2.8539173868965104
west2466,atla1278,-4.528928413757507,0.13237166985042634,0,2.3949032092075,2.99500714159766
west2632,kere1287,-10.673941629294347,2.7514935518474077,0,-2.9375659141500003,3.3727393058499153
west2396,aust1305,-4.4329679271324025,0.060847341730028974,0,2.3387012745774998,2.785476551102735
west2418,sino1245,-12.835556156099756,2.270260659400284,0,-2.5797016483975,2.8865457959949152
west2392,ural1272,-11.517947143474437,2.401198801347341,0,-7.8549885047500005,3.6953629866997
west2763,afro1255,1.1492090479741828,0.09847423105978771,0,1.5483659769137499,2.907435911292625
west2386,indo1319,-6.253372680882798,0.5478644207112937,0,-4.06222526176475,3.024349242088875
west2557,aust1307,3.2880187764155977,0.060606851689178114,0,-0.9247428587725499,2.79435115305916
west2415,sino1245,-12.742910941033196,2.260696428927251,0,-1.5905203742125,2.7851139361276154
sanj1284,otom1299,3.1899046201933476,0.05129858364774972,0,3.0948578027,3.2073308112637653
west2600,nort2923,-13.301104188597334,3.1299897286256613,0,2.08882135999175,3.3902509706201354
saka1291,aust1307,-1.3848455001206013,0.05126022354219413,0,-0.67041073115925,2.75693962049
west2516,aust1307,0.7478878040515644,0.06597400025664273,0,1.522966492695,2.768388225236975
whit1269,aust1307,-2.896796727025038,0.05613216328639893,0,1.6449063842075,2.88362282947456
wikm1247,pama1250,-4.45360880310629,0.07400769750145547,0,1.332007080985,3.04686209146795
wiru1244,wiru1244,-15.04020934307433,3.523654141566972,1,-2.06805473534075,3.32178805224226
babi1235,atha1245,-9.298657369541395,2.5777169363665666,0,-1.969752608835,2.9201364845567452
woii1237,aust1307,-4.335489199745192,0.1566595214643169,0,0.37055377081237,2.8848045847675
wola1253,afro1255,-4.1192274852490645,0.37211325447767823,0,-0.62432515470975,3.02185043583791
wola1242,gong1255,-13.725379756754776,3.171902091703958,0,-2.436607391822,2.992175460041235
wole1240,aust1307,-2.7483659365873434,0.10183722354219808,0,1.4724662132500002,2.78345695969275
woli1241,aust1307,-1.1961103459278046,0.07824225005956414,0,0.6526358594965,2.824876834518975
nucl1347,atla1278,-2.890966785711814,0.09933901897991206,0,4.906912431486575,3.262219613824615
wotu1240,aust1307,-0.7850419071619763,0.046562544344819476,0,0.10600430138325,2.8044046635101303
woun1238,choc1280,-7.816709317584558,1.499352645468109,0,2.16459202227,3.2088110854792697
wuch1236,sino1245,-11.690746442778114,2.172181001648628,0,-2.73994391887475,2.9488897807538352
wudi1238,sino1245,-14.03678067295866,2.2511485153447808,0,1.3962022128875,2.85146844711415
wusa1235,sino1245,-13.958621412050622,2.2437901345413995,0,1.4087111934449998,2.845759885332815
wutu1241,sino1245,-12.10666951866699,2.238103440405422,0,-3.0994057260025,2.907620911735785
wuvu1239,aust1307,-4.084894592022499,0.320883012624583,0,-0.23339522539250002,2.86932690088505
xamt1239,afro1255,-3.7502328332897594,0.30632765332934403,0,0.733430842907,2.7893830283663297
xara1244,aust1307,0.6570059945696034,0.05142094625235521,0,0.19205609183,2.829326204264435
xava1240,nucl1710,-10.198864800436773,1.8036084800454788,0,2.6366673829975,3.14901189136535
xhos1239,atla1278,-5.51088618211077,0.3372931230597901,0,2.5431940993774997,2.831457244719295
xish1235,sino1245,-13.993168127527035,2.2422054619091645,0,1.3540767425475,2.848572287409815
xokl1240,nucl1710,-9.44388416324048,1.8025187528782594,0,2.60963065825525,3.163696519842115
yaak1241,afro1255,-2.6324169320940998,0.35028595363370973,0,1.73531468724,2.813245086856325
yaey1239,japo1237,-10.528824761425378,2.5973534991474327,0,-4.46008271087,3.25349426378652
yagu1244,peba1241,2.9658823163391963,0.6991802906963793,0,1.4882652853425,3.28408371022661
yaka1272,atla1278,-7.634627161548318,0.3818650422940035,0,4.2282677215525,3.0153987318180597
yaka1277,aust1307,2.3340935477614604,0.07767082843373038,0,1.327370873495,2.848294770984505
yaka1269,atla1278,-6.292427809598068,0.4719980972265213,0,2.336677820085,2.92885966746675
yakk1236,sino1245,-12.376177392019184,2.2582847100917682,0,-2.48682852795025,2.88774607003302
yako1252,atla1278,-7.653193084974025,0.6780947811621103,0,-1.7732136685525,2.84630729916308
yale1246,yale1246,-14.857934361427498,3.551474742592437,1,-1.886971815395,3.3546285707131798
yama1264,yama1264,-10.146391452978992,2.711859182628735,1,-2.4517567248775,3.444483467344055
yami1254,aust1307,-0.1322310850428003,0.08622489634901255,0,-0.83432995036775,2.802003711175435
yami1256,pano1259,-3.4958981874492947,0.057116588330953504,0,0.5715637816635,2.7871311157692
yane1238,araw1281,1.245636441414666,0.11769414525431969,0,-2.35895443289275,3.10005092331789
yank1247,pama1250,-3.3761228705388335,0.06962934545451639,0,0.7950542785725,2.882343361332185
yano1262,yano1268,-9.107643121502182,2.107309074817688,0,-0.7839902150667251,2.91905105612533
yano1261,yano1268,-9.818536712149765,2.03190093950134,0,-0.65657918357575,2.914815766135865
yaoo1241,atla1278,-7.387558147400352,0.4748745548912749,0,4.366595151219,2.932257144656485
yaou1238,mand1469,-10.67690590828775,2.007093641238189,0,7.537668370856824,4.04056543568377
yape1248,aust1307,0.9491659408290176,0.050054647832902706,0,0.07485309885725,2.879937920667885
yaqu1251,utoa1244,-3.751223472500646,0.15724296021228312,0,-2.565493117825,2.91434741011717
yare1248,yare1250,-14.0967688538146,3.389877723480631,0,-2.734989880767,3.3012667667763154
yasa1242,atla1278,-5.42534077588153,0.19907124079501134,0,0.75351864020225,2.90417272859654
yatz1235,otom1299,2.9914995236017994,0.03992029169331158,0,3.113842620994,3.20135747359404
yaum1237,nucl1709,-15.947275196549313,3.2330848915499137,0,0.6960929047995,3.0767929238561553
nucl1454,yawa1259,-15.140333810751763,3.3788088710117377,0,1.3785936281625,3.4238242060920703
yawa1261,araw1281,-2.3458312615623083,0.11595285196432967,0,-1.88015582014825,2.98103133154663
yawa1260,pano1259,-3.762842654485026,0.0504420219508543,0,0.59309115644375,2.793737683229535
yawu1244,nyul1248,-13.017310524347014,3.4261615637221094,0,-2.20438977971,3.400648393891675
yecu1235,toto1251,4.4126941891104625,0.5885297422033141,0,-2.720749287025,3.24227202772558
maqu1238,cari1283,-2.745290138430204,0.06565551574757239,0,-0.45986514604124995,2.86026058030311
yele1255,yele1255,-12.163959446794493,3.1406052727611122,1,1.04051666775,3.455014411630295
yems1235,gong1255,-13.759037328335854,3.172039588543166,0,-2.4386756253237003,3.02099688206258
yapu1240,nucl1708,-15.68197732493396,3.4360740660910336,0,2.5029658800225,3.3399330794871647
yidi1250,pama1250,-4.006298347095849,0.09339393498081267,0,1.01189424941,3.0849895236632348
yinc1238,aust1305,-4.167237875289667,0.05568491900230114,0,2.2820476462317503,2.78152188512083
yind1247,pama1250,-0.1531737689769734,0.0473627818356275,0,-1.363501458159625,2.9255914234556704
yoga1237,aust1307,3.079876401716838,0.043335117900382074,0,-1.08354599594325,2.816923181265685
yona1241,japo1237,-10.626316107138209,2.628580575928175,0,-4.462992479385,3.256483390204245
yong1280,nucl1709,-15.454548412991365,3.3335855222196873,0,0.45565404537999254,3.017384768989185
yora1241,pano1259,-2.920094428951379,0.11381198476547852,0,0.5989457871002499,2.7848374697539002
youl1235,sino1245,-14.634091032966069,2.3105239521694316,0,0.44292056834649995,2.805094542407925
youn1235,hmon1336,-12.59994841728701,3.1133076955993397,0,-0.74353866671088,2.8731377527660653
yuca1254,maya1287,1.9334346622210363,0.11294118581019615,0,-3.5659717084792497,3.2060445614925097
yuch1247,yuch1247,-7.465341493009545,1.9392881512854603,1,-2.7153207092175,3.38064376131491
yuec1235,sino1245,-12.480067456352948,2.3314594968939355,0,-2.7149117114095,2.9419064643753
yukp1241,cari1283,-1.402153376703322,0.19886274467079135,0,-0.20102527830400002,2.9178686455010396
yulp1239,pama1250,-3.059576577302765,0.09571234323854133,0,-0.6918383587375,2.9101562400538548
yulu1243,cent2225,-14.18412045186307,3.2041359636195264,0,1.7349144623725001,2.803035319560355
yuqu1240,tupi1275,-7.914232739875892,1.4478615337311442,0,0.91488566669,2.91868197761396
yura1255,yura1255,-6.889501787057805,1.7743440694480195,1,-2.4629758935575,3.323570032785225
gami1243,pama1250,-3.0734955714746626,0.09165118838906967,0,-1.4856337691267498,3.0531416428167697
zaba1237,aust1307,1.2363295364229634,0.08477490985830911,0,-0.1712863543625,2.777903207433765
zaca1242,otom1299,3.212291351793197,0.05859093633647268,0,3.0260970011767503,3.193588007578935
zaca1241,utoa1244,-1.3874699382567233,0.05171494237806719,0,-1.218258826161545,2.814641361009415
zaiw1241,sino1245,-13.726024443864617,2.2233102323169573,0,0.28876156597575,2.772074845190825
zakh1243,sino1245,-12.096973842121294,2.2689582078916795,0,-1.8187962629625,2.82534002914333
zamb1245,atla1278,-7.627306755858816,0.42906422830205715,0,4.564162318905,2.9825596981368703
zand1248,atla1278,-8.160634205794022,0.8613991859056983,0,-1.8331409371574998,2.839847851227155
zani1235,otom1299,3.189265879336934,0.05347355191680892,0,2.92234788811,3.21487751946602
zapa1253,zapa1251,-7.880097273791966,1.8642311677554144,0,-2.417390045145,3.295809618358705
zarm1239,song1307,-10.487479066076087,2.279922069009589,0,6.543678542275,4.008196963765555
zays1235,gong1255,-13.639173493763733,3.2243133243946684,0,-1.84963613504,2.93293439089983
zeme1240,sino1245,-11.959286451729595,2.111856796996641,0,0.01091167740974995,2.819911806414105
zenz1235,otom1299,3.1249397398744936,0.05183837249491701,0,2.8955844158275,3.221219369430715
zhab1238,sino1245,-12.358361634595942,2.2853398586290865,0,-0.23972464834325002,2.79554470836057
zigu1244,atla1278,-7.714982435627352,0.45915244906504515,0,3.656217209815,2.86414388356676
zinz1238,atla1278,-7.881151104260023,0.6791362650564351,0,4.34160249672,2.9110838457363304
zoog1238,otom1299,3.0177034831323595,0.04176845488800626,0,3.10413429934275,3.19404946009605
zulg1242,afro1255,-1.219257252962363,0.05384022993049988,0,0.09609607114025,2.8676469542197998
zuni1245,zuni1245,-11.51104199373254,2.7384832153233685,1,0.7213668836980001,3.3267663899546847
