Glottocode,Family_ID,GPGLMM_3D_Mean,GPGLMM_3D_SE,Isolate_Flag,Verkerk_BRMS_Mean,Verkerk_BRMS_SE
abkh1244,abkh1242,-0.49496379476760366,0.04472199949692069,0,-3.567859147403,3.6293473362473554
abua1245,nucl1708,2.030986542853129,0.061396907900853295,0,3.0799433995375,3.7000528427207
abun1252,abun1252,2.007088705348391,0.03819654874693583,1,1.1624166021739,3.89813913218577
achi1257,aust1307,2.4043986104884674,0.03542214469989059,0,2.161933638205,3.1887357329151698
acha1250,araw1281,-0.3475639215652719,0.02644141369420696,0,-1.5136881726925,3.1901437811270847
ache1246,tupi1275,2.0254287676990517,0.033254848768322534,0,1.216462954995,3.2340889471700454
achi1256,maya1287,-2.5425363915572614,0.02183127432396712,0,-4.8123568765445,3.5975455774720997
achu1248,jiva1245,0.29994352000927865,0.04376754164615126,0,-0.298476026615,3.30099241877752
acol1236,nilo1247,1.3842278044363885,0.03389533650892479,0,3.49183413738,3.292226978543535
adan1251,timo1261,2.1672834191923736,0.0329693393089529,0,1.403375522658,3.8649221146528
adny1235,pama1250,-0.5563154662813667,0.03827225825754496,0,-1.4863485973800001,3.32389052029007
adon1237,aust1307,2.7544294790651653,0.03328870314953556,0,2.3859971943325,3.253046558125645
adze1240,aust1307,2.2298011053175038,0.03192165768219252,0,1.6890777585644998,3.200411443733885
aeky1238,kamu1264,1.3715930638509763,0.0464060578233046,0,1.2459868509827499,3.764340122459365
afar1241,afro1255,-0.7164941432597687,0.013339925643153469,0,0.9532410436634999,3.1207296177481503
aghe1239,atla1278,0.8978113276303379,0.027442194224999154,0,3.655426744025,3.33427750394252
aghu1255,nucl1709,0.8277037964057024,0.018460733656638063,0,0.697030420897975,3.209363439091205
agob1244,paho1240,-1.3318211921838354,0.050500267314840364,0,-2.8678008745275,3.6942602824846302
agua1253,jiva1245,0.5970626063675615,0.02756575517797766,0,-0.01798526972,3.3423352203928953
agus1235,aust1307,-1.1293531356633393,0.04467767057748206,0,-2.57544482633425,3.069097347228015
agut1237,aust1307,-1.1572460357963306,0.035015635512735434,0,-1.4481337771325,3.15277364570426
aime1238,bosa1245,1.1751396130598701,0.056262036677314026,0,1.6409876897100002,3.757690823887605
musa1266,nucl1709,1.403886042458838,0.03022553438746308,0,0.362243301855,3.24925986576315
ayiw1239,aust1307,1.363140443669249,0.024903974148106762,0,1.8712471495825,3.226050535607845
ajab1235,atla1278,2.5675309067101595,0.031369102339318,0,3.68764695729,3.4134498958045603
ajas1235,kres1240,-1.7357354793837243,0.04340155858185517,0,-0.96039094562775,3.75329720093332
west2635,maya1287,-2.5530345285462994,0.038391435379913214,0,-3.168424825935,3.41640043560506
akei1237,aust1307,1.6141503080817654,0.022744372504734434,0,1.4725908440552251,3.1750072463009147
akha1245,sino1245,1.8366190355465564,0.028265448656166037,0,0.0274189243365,3.0230185723225746
akoo1248,atla1278,-0.14956841316168565,0.021939883751854673,0,1.34046040782,3.2546817820725398
akun1241,tupi1275,1.7713535694907854,0.03813608665949294,0,2.2607004134625,3.43730870036642
alab1254,afro1255,-1.0998193200585291,0.028402260131181235,0,-0.0827894793525,3.114925502511225
alab1237,musk1252,1.1408887193189854,0.03957103450047553,0,0.973279935375,3.505101402964525
alac1244,otom1299,2.228559435381935,0.03679308883080785,0,-0.00785566328299995,3.5216704777423047
alag1248,afro1255,2.593426264898348,0.024924039766500372,0,2.07285158081,3.1865662998570548
aleu1260,eski1264,1.1813654052893316,0.01621092235759884,0,-0.60308810777,3.64301037792891
alor1247,aust1307,2.9387525742371032,0.03241838432767478,0,2.3780006599125,3.228769110936485
aluk1238,drav1251,-4.503629838294693,0.040190722304211064,0,-8.9651875476825,4.27283169646277
amah1246,pano1259,0.5628713215901238,0.029900981495370647,0,0.1583126483725,3.135980093864165
amam1246,kuni1270,2.3112473108228637,0.05473957268743677,0,2.0445698528475003,3.7464685844684897
amap1240,left1242,-1.1203299737834087,0.03852603195425792,0,-2.0750032007225,3.618154231342985
amar1272,aust1307,2.7513804283967627,0.026680962518282225,0,2.1272843760624998,3.2219221717736
amar1274,hara1260,-1.2012551380145482,0.03794173326449024,0,-3.3364237336925,3.709306891598935
amas1236,nyim1244,1.6788170538284366,0.023564323594186126,0,5.116533554995,4.31672118245399
amdo1237,sino1245,-0.5893932565485831,0.009452277343570473,0,-0.30635319629625,3.016547281584725
amii1238,west2434,1.5311720987259858,0.05933052894025845,0,2.3240751966035003,3.7003306959749898
hoaa1235,kxaa1236,1.6984694692445617,0.030790625554957353,0,3.5906739443799998,4.021967034071575
gily1242,nivk1234,-3.5568499493405556,0.019743333677454854,0,-6.5487376904055,5.120177818747145
anei1239,aust1307,1.5509212003684132,0.029226332687666372,0,1.5723485873625,3.20123365066147
anfi1235,gong1255,-1.6974103435431476,0.03800703199726355,0,-2.375266637895,3.303008711419
anga1288,sino1245,-0.3551127301833594,0.03288387179177065,0,-1.066966207558,3.105140829321985
ango1257,chib1249,3.4046481088474616,0.06437356427762009,0,2.636742437707225,3.49765968795337
wara1294,more1255,-1.6288397890829742,0.04902420655574303,0,-2.8510794239650004,3.697702069953535
anua1242,nilo1247,1.1153400580785653,0.031427612973458974,0,3.191176752265,3.262340999779635
anuf1239,atla1278,2.9825764119422136,0.03566829220802425,0,3.9403787988175,3.38776738260516
anuu1241,sino1245,0.2373616243889246,0.02355115080492392,0,0.07766959901125,3.115632644003115
anut1237,aust1307,1.937116962272972,0.021799257629086945,0,1.120080764685,3.026124316015615
aoua1234,taik1256,0.4735771596861539,0.01911236990268862,0,-1.14683384007,3.2548908876271803
apin1244,nucl1710,3.5049427577080596,0.047690442085900085,0,3.1413514057725003,3.62349877052893
apma1240,aust1307,1.1323726571808388,0.030322894504080645,0,-1.13945865281575,3.108399667870645
arak1252,aust1307,1.609688741550519,0.020558614642304303,0,1.5651889066775,3.162144721485605
arao1248,pano1259,1.9764013870949957,0.03371642653433484,0,1.2883405201375,3.347327135523615
arap1274,algi1248,-2.522581578850171,0.059007401312036294,0,-6.2279035302825,3.657556097711105
araw1273,tupi1275,2.087979756322902,0.03461797129171276,0,1.3466199834655002,3.3682585773457747
arbo1245,afro1255,1.0453019090308815,0.019423414757985435,0,2.302292331545,3.1358315146387303
area1240,aust1307,2.0919137224664173,0.026839900061294185,0,0.9923535228795,3.11963736855813
argo1244,afro1255,-1.093462963170778,0.026690594630349986,0,-0.37115575440375004,3.36198105453147
arhu1242,chib1249,3.5153881784915044,0.05508074414502964,0,2.7975043131075,3.50991913496664
arig1246,atla1278,1.3359870371794824,0.028965038732115145,0,0.77756863590975,3.2292955989381698
arom1237,indo1319,-0.7235172796818706,0.020801074361580855,0,-4.300104980370125,3.234745240970005
arop1243,aust1307,2.7135711542490832,0.024982443864169555,0,2.18839789263385,3.2202599269950998
arop1242,aust1307,1.0743639267017513,0.02622774780936852,0,2.068689674608,3.20054889008959
aros1241,aust1307,1.7340929790965256,0.028412533546720655,0,0.8053072146975,3.1009664939664248
arta1239,aust1307,-2.165000946944675,0.03881759602116822,0,-2.14648798300375,3.157874286544625
ashe1272,araw1281,-2.897845997131374,0.03659107043503017,0,-4.12577235269575,3.36652098532024
assi1247,siou1252,0.356568500523937,0.030760073978180667,0,-1.273733382145,3.4961969470767
asur1254,aust1305,-2.4024743775921324,0.034265893976937085,0,-1.8547171963225,3.14210052823916
asut1235,atla1278,3.223738520813308,0.03320500139463997,0,4.747693137485,3.27922751241719
atam1240,aust1307,-0.7107800342406121,0.04229973885392899,0,-2.6385312092765,3.0633700289273103
athp1241,sino1245,-1.6769237151986358,0.01236857700230273,0,-2.6648104956175,3.21529209035657
aton1241,sino1245,-0.01871273859825015,0.0237721714930191,0,0.33648871895575,3.10243733686867
auuu1241,nucl1708,1.7636696007304653,0.07231181631169786,0,3.34569360285075,3.59171928568668
aulu1238,aust1307,1.6878976318937324,0.010621402853468697,0,1.171410579015,3.154385834412675
auye1238,nucl1709,0.24809868948415054,0.029661049477492974,0,-1.38073363047475,3.176264441029045
avac1239,tupi1275,2.772523032409083,0.029158862215878496,0,1.343864885945,3.43146666073349
avat1244,atla1278,2.626789203780808,0.02523626087834727,0,3.8560580647425002,3.38491995132275
katb1237,aust1307,1.8063669691083746,0.027990594363439432,0,1.4825352066725,3.16258127811028
avok1242,cent2225,0.7033561530577552,0.03147118986306985,0,3.8006071469569997,3.2895654170205297
awad1244,aust1307,2.853963842357921,0.02776577280775748,0,2.1672913864125,3.2325340049975253
awad1243,indo1319,-3.9647705879961412,0.03124644301598153,0,-4.426389294955,3.374805451625305
awap1236,nucl1709,0.7547424668454934,0.029397835097966035,0,-1.62869659723675,3.209630177742575
awar1249,ramu1234,1.6192266936232533,0.03663338369846781,0,1.2292570588135,3.7870260690046953
awji1241,afro1255,1.8520605497129767,0.02223959745030495,0,2.3444142860075,3.282347244539245
awtu1239,sepi1257,-0.29917123940431756,0.045018611657970574,0,-1.1779722041477498,3.41746191935256
axam1237,aust1307,1.6752602690123255,0.03499038524706426,0,1.23609454046605,3.1252589176845
axiy1235,sino1245,1.85499172699704,0.019960152277536815,0,1.76116141424,3.1532070853369847
ayac1239,quec1387,-2.8512770684010036,0.04035415043051159,0,-4.9653213309,3.502198546330705
azha1235,sino1245,1.9708613831411226,0.02030975499799892,0,1.741336540407,3.154562167974215
baba1266,atla1278,0.6571518976020657,0.027115440938963824,0,3.9006331560151004,3.30444794297852
baba1268,aust1307,0.9451181022021303,0.023107965847335897,0,1.4044965087675,3.183070817048905
bafa1247,atla1278,0.15262880324532854,0.030319811349161164,0,1.20245070098325,3.231929631103085
bafi1243,atla1278,-0.05634773237822565,0.02749468655795982,0,3.7907903593550003,3.29586587030336
bafu1246,atla1278,0.6971697875347308,0.02924245532093081,0,2.61680293794425,3.28591608911967
bagi1246,cent2225,2.6926941003738936,0.029264173453511344,0,2.841187805035,3.122909302687765
bagv1239,nakh1245,-3.6034308474705896,0.03695228601775042,0,-7.2856590126444996,3.9940518813101997
bahi1252,sino1245,-1.9943193266401105,0.023528320811280732,0,-2.343675488345,3.148052220607915
bahn1262,aust1305,2.4290468823338545,0.012072677305423432,0,3.2758025131977497,3.1763659663526553
baik1238,aust1307,2.794112767215891,0.03664211338397641,0,2.499037316992,3.273154967019655
baim1244,sino1245,0.26982954303770823,0.02153949621407736,0,0.3846012980275,3.0230248217036797
baka1272,atla1278,-0.06046668106808385,0.029618150864388397,0,-1.690891995955,3.163102038630485
baka1274,cent2225,0.4031115185356115,0.02803843262299506,0,1.9218973796365,3.111681798156285
baki1244,aust1307,1.3094797156644655,0.025130641196798455,0,-0.50914603631,3.06600358609904
bala1316,aust1307,0.1458931355264807,0.02159630286376515,0,-0.37918055213574997,3.1152873280533546
bala1311,aust1307,1.0409680117670952,0.03070128874762897,0,1.93435774016,3.188035205683235
bala1315,aust1307,2.20962281282037,0.027428722427545724,0,1.474078869385,3.159748462544165
bali1278,aust1307,2.217210857005634,0.022565844524337686,0,2.3748118324975,3.177287207481685
bamb1270,aust1307,2.000144943172832,0.04283053112340739,0,2.00163342056375,3.2520173690471
bamb1269,mand1469,4.338388181148469,0.05058234868180386,0,8.497575537075,4.396029582501734
bamb1262,maoo1243,-1.3605317975916682,0.051121432594627654,0,-1.169901884685,3.866237052594835
bamu1253,atla1278,0.09080927217303361,0.0254672103354953,0,1.9954155784125,3.261491965600815
band1344,atla1278,-0.7173859427666882,0.029559356421454137,0,-1.73477664041675,3.154633947170125
bang1363,bang1363,3.037988695583298,0.033067216847304425,1,6.583433078411176,5.027466770623455
bang1369,sino1245,0.5880378717209347,0.02172827752724968,0,-0.14876795023425,3.147932209011975
bant1281,sino1245,-1.9977987140199986,0.026239660536074957,0,-2.6014800292125,3.2314584706667597
bara1357,sino1245,-1.5239414521187902,0.020268643584985913,0,-3.0621327124945,3.173371784821315
nucl1630,koia1260,1.2831931016289921,0.028727034016454083,0,0.49872347077,3.34651814183022
bare1279,afro1255,0.6843541983359601,0.02243865290906711,0,0.004843438197499999,3.211052347152675
bara1369,aust1307,-0.9550203741635154,0.025528649626203263,0,-0.20537634097425,3.10699173686733
bara1361,atla1278,-0.4390195793538914,0.02334857443767947,0,-1.64611336650175,3.18459890961791
bara1380,tuca1253,-0.19537178368978095,0.021073490992161763,0,-2.04308692398,3.264564663567895
bare1276,araw1281,-0.8767504764894481,0.023422751920635056,0,-1.1743534152350001,3.23688064459991
barg1252,nucl1709,1.9734148095196176,0.03420065758943664,0,1.4155875438524999,3.455693721632045
bari1286,aust1307,2.745219697875182,0.03151212172810599,0,2.0259508262840003,3.230077732108435
baro1253,aust1307,0.6956948318484604,0.026287470039847598,0,1.787223217812,3.1591780345904352
basa1282,atla1278,1.5472352211215874,0.03454919782267216,0,2.958206686825,3.340012440238565
bash1264,turk1311,-4.679349470961363,0.0425508681915116,0,-7.3555162872499995,3.898972083019125
basq1248,basq1248,0.7432074127751898,0.04666483823402703,1,2.66627907006475,4.26580056515074
bata1289,aust1307,3.1670855412324936,0.03289801414168025,0,2.245373581908,3.2089998772600747
bats1242,nakh1245,-3.5027823740249766,0.038581995947614627,0,-7.163723155415,4.00869720909512
baur1253,araw1281,-0.7009054544670577,0.027025674631615867,0,-4.1572553264,3.3376564833768754
bawm1236,sino1245,0.5908395179806831,0.031071948123231715,0,-0.5855154464742175,3.0840215419697152
bebe1248,atla1278,0.20706090898552054,0.023974744970865776,0,3.1805915067275,3.2399928662116597
beja1238,afro1255,0.46506844215627263,0.022599046738147728,0,0.469881869265,3.206366834916985
bekw1241,atla1278,0.8215062511940712,0.0362938119615132,0,4.736936620525,3.535289602515975
bela1256,nilo1247,-0.6843336540996414,0.038659824724062944,0,2.7707430056745,3.2266659187579654
bela1254,indo1319,-2.501361823621223,0.01584312931674405,0,-3.2447544831175,3.13113054205731
belh1239,sino1245,-1.6631888790209288,0.02629940529326729,0,-2.6627570714899997,3.2178598523194752
beli1257,cent2225,0.982592889473769,0.020293628064380086,0,2.5739981428525,3.124965222713765
bell1243,sali1255,-1.8440455488492078,0.06034917642487869,0,-5.7378606807075005,3.6839348845927447
belu1239,atla1278,1.3837704139755964,0.02852523811394956,0,4.469435487895,3.435010768732925
bemb1257,atla1278,3.287578133144281,0.019670074983869693,0,5.3925405661375,3.325940019153345
bena1262,atla1278,2.514117195611621,0.033746598653352736,0,4.40828399778,3.19527364130945
benc1235,gong1255,-2.104250088720631,0.03843254135927201,0,-2.04704999017,3.353707591640425
bent1238,dogo1299,3.317876309932167,0.039393928758213126,0,6.7002666751765005,4.637576485637791
zagh1240,saha1256,1.6564841658902194,0.03991037621213151,0,2.8044058484275,3.5759667177231202
bezh1248,nakh1245,-3.561670390047288,0.03085792132057657,0,-7.3332211724,3.9893446854310204
bhoj1244,indo1319,-3.3933216063047626,0.03441846188318338,0,-4.641138833795,3.36568497128604
biaf1240,atla1278,3.5137238848249117,0.023563269048246235,0,6.0076636934,3.652993833217315
bian1252,kuni1270,2.2375589651897414,0.055194844942227955,0,2.138197404605,3.704277415798075
biao1254,hmon1336,-0.5367221810675806,0.01609331600963909,0,-0.8973915560650001,3.168048371672035
biao1256,hmon1336,-0.6647221229176079,0.018745180530885853,0,0.1961972950625,3.1457792824676503
bier1244,aust1307,0.9169814607724296,0.030261380129381888,0,-0.7422075794025,3.07427365529177
bign1238,aust1307,1.5643786247270985,0.018794372918697243,0,1.624784798075,3.15687597278833
biha1246,aust1307,2.4953793571059935,0.03327779490532954,0,1.4909068218605,3.09558939526128
bila1255,atla1278,1.2739684529840856,0.0264121186321207,0,5.2976699668,3.37497998435577
bilb1241,aust1307,2.506883701694214,0.02471398799024257,0,2.2382762225299997,3.22004239450404
bili1260,afro1255,0.6319838762280575,0.02007170261323868,0,1.4596479214675,3.0901076172756747
bimi1240,nucl1709,0.4775698385687137,0.033541600028190864,0,0.6914349296525,3.1660582779331197
bina1277,nucl1709,1.5876484459105824,0.037871727185269585,0,0.3724589971875,3.228150135295765
bini1246,atla1278,1.5373294085349363,0.018288255860597454,0,3.3464585814825,3.2761991241088397
gunw1252,gunw1250,-2.0624646491435614,0.04532505894595812,0,-2.96523791121,3.59057517641092
birr1240,cent2225,0.2754543467499438,0.026912056710356926,0,3.150905082897,3.271500846559285
bisu1244,sino1245,1.5337451729053881,0.03458219748423864,0,-0.37616111823325,3.0547093779176997
bitt1240,aust1305,2.75043251037265,0.007338628925273293,0,2.69060863272375,3.095146633686395
biwa1243,yuat1252,1.498270699725013,0.042634877185760006,0,1.5090754624725,3.7410192880814046
blab1237,aust1307,1.4350834296045298,0.029402511704309377,0,0.9667582233625001,3.11513028317369
bodo1272,atla1278,0.1087656879718199,0.019301455915757482,0,5.305159212472001,3.3732321915062897
boka1249,sino1245,0.510385166440751,0.024287811878316527,0,-0.46071183908625,3.117932341904215
bola1250,aust1307,2.3588360150603744,0.024208549454048663,0,1.5888962642575,3.2265548920932954
chim1302,quec1387,-2.518758144526318,0.056259960989142065,0,-4.96588643004175,3.522768204306465
bolo1262,atla1278,1.7119508220197552,0.024753978067956733,0,5.43652407032,3.38629034184143
boly1239,aust1305,2.697308285092509,0.014896013243754122,0,2.812842038505,3.1546726472999147
bomb1262,atla1278,1.133255573219158,0.029770701609163425,0,5.3420658728825,3.4083101971838747
bona1250,mong1349,-0.4691870364721328,0.021383330816960956,0,-2.9176127034099997,3.26329372894219
bond1247,atla1278,2.968827016664945,0.019227894822583965,0,4.6013008158775,3.2273347274557853
bong1289,aust1307,0.8625222617533167,0.026115406595073373,0,1.73506194561,3.22501365057986
bong1284,atla1278,1.6472725666819215,0.02557192589651206,0,5.03779728108,3.43169327382666
bong1285,cent2225,0.0363922430837305,0.027977159723636305,0,1.9496450482449998,3.130605619157925
bora1263,bora1262,0.9101224562266936,0.04027809222888474,0,0.8198577090200001,3.736032801300065
bora1271,afro1255,2.0119884761164877,0.024970030413771844,0,2.3212308710625003,3.1190716632152498
bord1248,chib1249,3.495760309748705,0.035037642438884464,0,2.5578236333969997,3.509086498295905
boro1277,gong1255,-2.086694967109663,0.040696788772954975,0,-2.3426269174865,3.296497546848915
boro1282,boro1281,-0.7549269683289581,0.044520097421165035,0,-2.77569822497,3.7360046671315947
boto1242,aust1307,-1.8716360864061123,0.034492593128231455,0,-2.1182018707525003,3.1680452498680154
boun1243,atla1278,1.939585882218183,0.03159967250353787,0,1.846783377158,3.21863022583435
boun1245,nucl1709,0.8430044484267861,0.028922973623430874,0,1.3203831415175,3.20633902127173
brah1256,drav1251,-2.995703875726994,0.037081642370254464,0,-8.818921710275,4.364361083887195
lave1249,aust1305,2.6415366221066465,0.012455269687358765,0,3.2874973968275,3.17853247493392
bret1244,indo1319,-1.7548289655101055,0.013118966498499434,0,-3.842885130065,3.36231883111603
brib1243,chib1249,3.4451606824148673,0.04776482579967157,0,2.5046038948115,3.523378281686795
budu1248,nakh1245,-3.4336472784139254,0.040605988220777434,0,-7.251703251665,4.040862295261546
budu1265,afro1255,1.8677436663016986,0.02006703801305202,0,2.3242238808825,3.1909503766404352
buga1247,aust1305,2.93220345373605,0.019046507555723166,0,2.80528527961,3.14995502118339
buga1250,aust1307,2.6293507447409805,0.030172542016030007,0,1.5295948090237501,3.19588335787882
bugi1244,aust1307,1.9497023906676674,0.032683104909483125,0,2.0046383464949997,3.241452482230205
bujh1238,sino1245,-1.8629059897442501,0.02747281237245155,0,-2.9434246809975,3.196152951856675
buku1249,atla1278,2.6757134306702555,0.030841293512686527,0,5.47332875455,3.322716113230175
bull1247,atla1278,3.1666704357662727,0.021867398011267303,0,5.990861588855,3.655970059395835
bulo1242,aust1305,3.0517140048738938,0.015065951109158125,0,3.3094392911224997,3.1600101139448347
bumt1240,sino1245,0.5198055925599621,0.02916412890465497,0,-0.543553896206,3.12353593147662
gahr1239,sino1245,-2.8551144524456094,0.032184870995299354,0,-2.3152703161475,3.19789314191949
bund1253,indo1319,-4.2585187088222725,0.02492006911998989,0,-4.542311478395,3.356286958047395
bure1242,afro1255,0.28657794514511736,0.022855585580254936,0,0.7814093335345,3.137098579233185
burj1242,afro1255,0.37165134908842984,0.01870785049932252,0,-0.0638742900635,3.1082006178510353
nucl1310,sino1245,0.6021051475142474,0.025508421289284815,0,1.186791856347225,3.156681702381025
buru1320,afro1255,2.4513202022615053,0.020884419607018104,0,2.0282254156885,3.20845567708489
buru1296,buru1296,-3.1163951282739157,0.021379128798675057,1,-6.27410651623,4.9812860259883145
busa1253,mand1469,2.887376897626882,0.05351704437544601,0,8.493917232605,4.410438174898145
bush1247,atla1278,2.3537331570730675,0.021590710041413032,0,5.30246139169,3.4101151317401097
buwa1243,afro1255,1.0920220040153459,0.01531042003965954,0,2.16559638605925,3.1764181281511954
bwai1242,aust1307,2.5352800097041133,0.027404454564475805,0,1.8747731743174998,3.2060592923827853
bwat1240,aust1307,-0.02206379057920765,0.023586830487559086,0,-0.17236262907674998,3.1022047007405797
byan1241,sino1245,-2.752919181719288,0.03586307394786525,0,-2.2595699790325003,3.20943471219848
caac1237,aust1307,0.10350779111128075,0.03655449942483066,0,-0.1854837997605,3.1011325489295203
cabe1245,chib1249,3.4173002274150956,0.04057612668678083,0,2.502625459133,3.527318971973095
cahu1264,utoa1244,0.04809512422904155,0.02115883509485501,0,-2.8069515537000003,3.24759317513778
cakf1236,afro1255,0.499934411655414,0.018399890277647407,0,1.34883985753,3.1653912846376198
camp1261,indo1319,-0.9654549925475888,0.022792617462120916,0,-4.0575167857425,3.20092899423327
cams1241,cams1241,-1.673040144197374,0.025971559411118342,1,-2.744691687858,3.7766581296134447
cane1242,nucl1710,3.5426228115331733,0.0507109203527392,0,3.1694009361825,3.6232269067932448
caom1238,taik1256,0.3322393702083323,0.023525887230824282,0,0.206160919543,3.2562291786185202
capa1241,pano1259,-0.39876896709347925,0.02471692406583497,0,-0.733375078597125,3.16014382787625
carn1240,aust1305,-0.4961280132039936,0.028034602152483715,0,0.90542076630925,3.10479365815192
cash1251,pano1259,-1.1664434357078743,0.03775810227304327,0,-0.6254677259165,3.2364944724592197
casi1235,aust1307,-2.269049408598478,0.02760317541762098,0,-2.2070260239049997,3.136433150179675
stan1289,indo1319,-1.261854149086239,0.025605177261513245,0,-4.497179471532499,3.193879391233235
cavi1250,pano1259,1.935368402947605,0.04376685906440779,0,1.077996825039,3.405394141721655
cemu1238,aust1307,0.2438980612039181,0.026593791049767678,0,0.555407636645,3.114229302599595
cent2127,eski1264,-1.2110228574164121,0.026710706016342674,0,-1.84197631263775,3.56723568971063
cent2142,ayma1253,-2.2307390094202626,0.03787661352450405,0,-4.292185213425,3.58230871222704
cent2004,sino1245,0.7003283526404602,0.029730089931189856,0,-2.09896446451875,3.12492021062043
cent2292,aust1307,-1.8692525463586676,0.03343122626527714,0,-1.6908256830225,3.10701722337429
cent2084,aust1307,-1.7212180029039084,0.02998865216431522,0,-2.1106832113975003,3.11169307741085
cent2314,aust1305,3.5360725414270098,0.01435989442641745,0,2.807445010515,3.1477044719275797
cent2050,saha1256,0.4765523557944662,0.025856556344852313,0,0.99404204094525,3.39783075020974
cent1989,aust1305,3.4041267260114694,0.014966757089163191,0,2.7169354344625,3.1386728672230753
mala1479,aust1307,3.0758961206543836,0.03344761061839341,0,3.0071773785099998,3.096401795772435
cent2322,ural1272,-5.097629486666474,0.04577616749757472,0,-8.9834358114,4.224726090028035
cent1992,aust1305,2.5182830397265743,0.015177391732084145,0,3.320634959665,3.173322716793765
cent1990,aust1305,0.0431817229352036,0.025566129949301793,0,0.8850345606615,3.1029474710071048
cent2126,japo1237,-3.837501954240457,0.02839222773066333,0,-4.9320481207421505,3.678160023152175
cent2091,aust1307,-0.19393905004476475,0.030690636701004546,0,-2.0449919710674997,3.12670043093022
cent2140,miwo1274,-2.4658993237816462,0.02844276251360226,0,-4.28977857455675,3.88393711162183
cent2090,aust1307,-0.7957123304032663,0.03328500571898703,0,-2.02708598180275,3.11839295770524
cent2131,utoa1244,-0.9897323313348492,0.025957378387017747,0,-3.7255738533600002,3.35099808631101
cent2150,chib1249,3.434425912097911,0.05086117368838706,0,2.6245863549474997,3.496895981424765
chac1251,pano1259,1.576617983143525,0.03692161605595632,0,-0.05620206891325,3.1549771769371597
chad1249,afro1255,1.9012704131880398,0.016320359254554467,0,3.4304986286775003,3.1845399431118846
chak1270,sino1245,0.1769691985114734,0.026497668329794947,0,-1.028937416734,3.0556420832936553
chak1271,atla1278,3.035061757024911,0.03242608142887829,0,3.725393705028,3.368440597750475
chal1275,afro1255,0.5567093163289515,0.02346509826306848,0,1.00799560766425,3.1408189585891853
cham1315,zamu1243,1.1393677720614923,0.045310916197116066,0,1.112773869795,3.7195572389000953
cham1309,nakh1245,-3.6275066769674824,0.03823575396372921,0,-7.330229337595,3.98595000134233
cham1312,aust1307,-0.6110034003043368,0.01831978808851093,0,-0.71809236440775,3.215537967501265
char1269,gong1255,-2.0765202231604256,0.03042695351835516,0,-1.7095134299067252,3.27725824535273
chas1234,sino1245,0.9696602999871413,0.011011625527356494,0,1.18584443377275,3.133441224327475
chec1245,nakh1245,-3.5949234720597234,0.043465084807201605,0,-7.1891118552275,4.0163288645451
chen1255,drav1251,-4.967715027051925,0.04406492104872248,0,-8.9210983758025,4.306601491415915
chep1245,sino1245,-1.8507591609455796,0.008127249003636525,0,-2.9149551517698002,3.1991498311536253
cher1273,iroq1247,-1.7691687511848544,0.04091534002510848,0,-5.370708814663001,3.7642303061960947
chic1270,musk1252,2.0074765009213342,0.057297940360240135,0,0.8658057766675,3.519288084026975
chil1280,atha1245,-0.3835181595606888,0.02387602275402309,0,-3.20006739686065,3.307594542783285
chim1309,chib1249,2.9904750044814383,0.051097478650407036,0,2.79076299810125,3.48184016354282
chip1261,atha1245,0.10340338120684656,0.02169367508371358,0,-3.27928737945,3.306577906997335
chip1241,algi1248,-3.158897608707654,0.04874056246016684,0,-6.2432956578075,3.6727239272352152
chir1283,sino1245,-0.1381410031540063,0.029484016468076062,0,-1.074008530785,3.129294619663675
choc1276,musk1252,2.2186774689148177,0.050713702715131266,0,0.8600091443275,3.528757893370755
chon1284,aust1305,3.547896038816142,0.01683732850558329,0,2.8093452425125,3.14869727378451
chot1239,sino1245,0.03557670270357515,0.027814665278898434,0,-1.016540360054,3.12638323718563
chra1242,aust1305,3.0235787154633034,0.015473247638690518,0,3.3150958673825,3.16341816913895
chuj1250,maya1287,-2.5986842105231838,0.039977611762991715,0,-3.8673690185402503,3.4996063656507053
chuk1273,chuk1271,-3.0000937120001634,0.03293235317319769,0,-6.4785761593825,4.80287142505367
chuu1238,aust1307,0.4721488889526045,0.021285341117021045,0,1.45372550515825,3.014517339432765
chuv1255,turk1311,-4.998375239666296,0.04164251516830925,0,-7.1680005668325,3.9039686321076053
chuw1238,atla1278,2.1973681818172484,0.02308768653876952,0,4.583019601245001,3.224017286764655
cici1237,atla1278,2.012227312771551,0.03932060412198143,0,2.9881565286055,3.32488651069136
cent2087,aust1307,-2.1571757435080374,0.03704792518548963,0,-1.8528680323841251,3.0790375446761953
coat1243,otom1299,2.345640358059161,0.028380984495628397,0,1.4636596122349999,3.54038018242497
coca1259,tupi1275,-0.7629925474565747,0.02876870363487071,0,-0.35153177802775,3.186400134794165
cofa1242,cofa1242,-1.9089336449181968,0.0272158474451391,1,-2.7062127592175,3.77302635368868
cogu1240,chib1249,2.875978334012993,0.05131408652914605,0,2.799406981921,3.49906591675455
colu1241,sali1255,-3.399947755290895,0.041746295064230055,0,-5.6031293549225,3.694315434707865
coma1245,utoa1244,-1.5728642882263721,0.021201693003100743,0,-3.6253492452974996,3.2986245478734846
como1259,sali1255,-2.848105243946214,0.06150053908384397,0,-5.7732132582725,3.6792866188030153
cong1236,atla1278,3.1459094113774277,0.02711327664713796,0,4.8602088667025,3.24802627355602
copa1237,otom1299,2.274377299301548,0.02976844010780754,0,0.1995079501175,3.5711102436883753
cors1241,indo1319,-0.7249547551853841,0.013503003676273407,0,-3.2632353003125,3.15656709139939
cosa1234,sino1245,2.1085292384269123,0.028707490517999642,0,0.38645078375124997,3.084060474044035
cota1241,aust1307,0.16632845880466673,0.03739820472953046,0,-2.547105751887,3.0536370434873747
cree1270,musk1252,2.2205698642277296,0.04953781636836786,0,0.7992753806599999,3.520139109780165
crim1257,turk1311,-3.1321149260875494,0.03587968896075972,0,-7.298183226575,3.8805343271331703
cros1244,atla1278,0.9185095646424843,0.019889359528254623,0,2.5349169049175,3.2720758237802503
crow1244,siou1252,-0.5487440977851314,0.028621776505764213,0,-3.3588291256325,3.455753334447145
cube1242,tuca1253,-0.11144440362663464,0.030767983841448632,0,-2.16205199857,3.25633406433763
culi1244,araw1282,1.3970509387098762,0.03032491035505993,0,0.95371704927575,3.60966729227151
cusc1236,quec1387,-2.3884250393354014,0.0372215545390725,0,-4.9680780084750005,3.507110736859365
czec1258,indo1319,-0.5164257754393875,0.028271394842907034,0,-2.24346248942275,3.113650830825075
daai1236,sino1245,0.8544570957073085,0.029694436364762627,0,-0.68013307547225,3.04937506143935
daas1238,afro1255,1.469917701630215,0.019656832525668636,0,2.276515034475,3.135040190257455
dadi1250,tebe1251,-0.8340079194123065,0.03406352684573916,0,-2.44363884555125,3.692208803773375
dagb1246,atla1278,2.8719458703005536,0.03758437065419544,0,3.8439813152235,3.3256893072341898
dagi1241,narr1279,1.8201506711414177,0.030048961355568712,0,5.681037767995,4.28244728604861
daur1238,mong1349,-3.3354176001353517,0.030636238978618422,0,-3.3915814349025,3.2873058645376947
daka1243,aust1307,1.444822548247382,0.028187914320982794,0,1.2689202755425,3.1527137694698
dana1252,aust1305,2.4709793615711018,0.01684446179891551,0,2.56020649619475,3.10899879352771
dand1238,drav1251,-5.219129573169195,0.043384500628430814,0,-8.912971425335,4.29545230136772
dani1285,indo1319,-2.1104887308734757,0.0156875864563574,0,-4.9897891245375,3.3589293928297552
dara1250,indo1319,-3.097157486181323,0.03753202728118179,0,-4.6462369696509995,3.3528394244319752
darm1243,sino1245,-2.7705517734614373,0.030383535900113893,0,-2.2650539757279997,3.2123022957833296
dawr1236,gong1255,-2.6682938081362835,0.03507930137989265,0,-2.111104241895,3.31750933521336
daza1242,saha1256,1.6764060061169923,0.019855001092025714,0,2.40874575546981,3.443040584932695
dege1246,atla1278,0.8775368717000243,0.024253465739095804,0,3.2227827631775003,3.28735645220135
dehu1237,aust1307,0.34042889888376926,0.02391202274186878,0,-0.46989003331175,3.141063837476115
dera1248,afro1255,0.43609764473144097,0.019620756703161497,0,0.046310888995,3.152464472949215
desa1247,tuca1253,-0.0608354958988835,0.027380150641615517,0,-2.06398337489675,3.252135460726625
dhao1237,aust1307,2.287674862781685,0.035297101449824626,0,1.90922646466125,3.243671003839805
dhar1247,pama1250,-1.8855367668283245,0.03496625932657765,0,-2.1277881223375,3.3068833892751153
dhim1246,sino1245,-1.1463411512721247,0.02035717923928891,0,-1.7127074950625,3.10907517140602
dier1241,pama1250,0.39536498076908166,0.03313529041967756,0,0.42849584251350004,3.3689594060542554
digo1243,atla1278,2.977847253440357,0.029693677182596582,0,4.78148067570875,3.276372853373005
dima1251,sino1245,0.23927266767141125,0.02841432645831921,0,0.079489888046,3.08435981406081
dime1235,sout2845,-0.27933941367148096,0.011057256266623027,0,0.4836276254685,3.624992729033125
diri1252,atla1278,2.5506242499647103,0.032879132286450695,0,5.4230724937275,3.40114308588223
djee1236,mani1293,-1.466722691826135,0.02331581511749788,0,-1.7460299638425,3.798828981824645
djeo1235,nucl1710,2.0366786198369446,0.06652954520349173,0,2.8560508912707503,3.68105168325184
djin1253,pama1250,-0.7312834188993598,0.037111074098323,0,-1.2190960124,3.414442948437435
dobu1241,aust1307,2.5260777952292632,0.025058098557865206,0,1.7348164814775,3.21503061389833
domm1246,nucl1709,1.2833259543696665,0.023190473660604935,0,1.12490598531375,3.20244760754375
doma1260,indo1319,-3.6370306510592156,0.022234128769578,0,-4.3857093565395004,3.409526303459325
dong1285,mong1349,-0.8105639708966615,0.025844386088312753,0,-3.0295553248825,3.2633495670979498
drun1238,sino1245,0.4020088878041992,0.025639378845685623,0,-1.03468787744,3.10068401645059
dual1243,atla1278,0.11383174947126676,0.020738536891747848,0,3.1114586839525,3.2721888880544947
chug1252,sino1245,0.5455956905633419,0.023487783703071495,0,-0.10860120504085,3.19086645256276
dumb1241,aust1307,0.2268170134708743,0.018091514922218853,0,1.1527300150735,3.143937973470565
dupa1235,aust1307,-2.119494147708129,0.025140644053337147,0,-2.23993197658,3.151738565044165
duru1236,drav1251,-5.211757294058758,0.047018815133275965,0,-8.786034651800001,4.35494998958924
dusn1237,aust1307,2.183524640561798,0.03140753772597295,0,1.976687998295,3.2650219689980746
dutc1256,indo1319,-2.1356134074274618,0.016243779449420598,0,-4.955868166599,3.37783455787962
dyul1238,mand1469,3.8784934565966096,0.051234110809484854,0,8.4931202458425,4.4057775417648894
dzao1238,hmon1336,-0.7246132292403722,0.017669672665861672,0,-0.95199112589675,3.156281250952695
dzon1239,sino1245,0.06826310896914059,0.02975327618900635,0,0.36893334785175,3.028765980062865
east2443,aust1307,1.32148232454706,0.024358088919556646,0,1.646312853083,3.172170395617365
tang1336,sino1245,-0.15957994701938225,0.01867771616592228,0,-1.93835199256225,3.1501112803261053
nucl1235,indo1319,-1.6463026193057242,0.02154746208202428,0,-3.7860898728025,3.54249209883156
east2379,pama1250,0.6446822216208544,0.038725052378885995,0,0.2545423047475,3.338741715640425
sout2896,aust1307,2.8134339801335333,0.023894468895534912,0,2.33773336688225,3.25773940417708
east2555,tupi1275,0.9750596038916188,0.03790079602151973,0,1.225126478707,3.228996601299675
east2332,aust1305,3.367118890710069,0.01588846466379526,0,3.0311413524125,3.1449401352782154
east2690,afro1255,1.8851574847338832,0.016421923490315633,0,3.4159973625545,3.18828570341907
east2556,otom1299,0.2881266704269124,0.03178120606095422,0,-2.78443872619,3.328836484703185
east2342,sino1245,2.205048375841,0.024695662626063264,0,0.7226341020264999,3.1792863216320653
east2782,atla1278,1.9428304227146174,0.020038280757587068,0,4.718849099694999,3.32309619887807
east2328,ural1272,-4.467994303871954,0.029167111579272778,0,-9.0682610516,4.177029369192351
east2773,sino1245,-1.6368343049769227,0.025414276967433393,0,-3.0232716505132498,3.1809263267397503
panj1256,indo1319,-3.9905170486590027,0.018055252749011774,0,-4.5399182157275,3.3819732515037453
fina1242,aust1307,-1.792890317072654,0.02988257327786195,0,-1.4439579686630002,3.099229368101225
east2694,aust1307,-0.3774831886901602,0.02594295837251157,0,-1.7496712969997499,3.055521191799265
east2516,nucl1709,0.7717155797898756,0.0322685582260367,0,-0.68570332466,3.16324995243098
huaa1248,tuuu1241,1.6528512983237298,0.03335836903257346,0,2.25218097270975,3.93728122705904
wall1257,aust1307,-0.12965662729333294,0.024274848567751237,0,0.27526638088,2.98450079208638
egaa1242,atla1278,1.1907664937781415,0.033460967002108676,0,1.083626317585,3.2999786555431303
egyp1253,afro1255,2.2026434017960375,0.019371513779538618,0,3.4258228861899997,3.1926020485654147
eipo1242,nucl1709,-0.09339793236048946,0.025480040255182183,0,-0.945888638074475,3.18524214685152
ekar1243,nucl1709,0.19789228981683227,0.029121830916959975,0,-1.36161582777675,3.1791985788678403
elem1253,atla1278,0.5055436068160527,0.026609257324189124,0,0.5979866375075,3.236889424483225
elna1235,utoa1244,-0.5697039661603922,0.02348912901171787,0,-4.13859110809,3.34351591368206
emae1237,aust1307,1.1444623195179615,0.028123984294145917,0,1.1560642893850002,3.045623036680805
emai1241,atla1278,1.5005584784387085,0.017583331096338358,0,3.34402607611,3.27184836101126
embe1260,choc1280,2.469743113483889,0.03259318625087834,0,2.28474025664325,3.523998402481535
embe1262,choc1280,2.583921828702973,0.04577578174501192,0,2.270513683932,3.52201404682239
stan1293,indo1319,-1.9700627059885027,0.012990987472383003,0,-4.9829976594765,3.371707434553715
enuu1235,sino1245,1.5892636313859638,0.022684289611194015,0,0.3368806776425,3.00861510674792
epen1239,choc1280,2.2066584350743454,0.05522577424466913,0,2.270068900045,3.5282017869428897
ersu1241,sino1245,0.4290064417883548,0.025694220460153627,0,0.369026302915,3.16799607920221
erzy1239,ural1272,-4.17609817923259,0.02577189626656243,0,-9.041417605025,4.180322433924109
esan1238,atla1278,1.3660816657628985,0.020315227373127586,0,3.3499353153655003,3.27355080483983
esee1247,koia1260,1.40694367800587,0.028844753534842688,0,0.3170991718105,3.3121805740844152
esee1248,pano1259,2.1414448840248954,0.030144919651708242,0,1.205048430675,3.3767959896889996
esim1238,atla1278,0.8074583059087277,0.032071896558950944,0,3.1131785877775,3.40727912983329
esto1258,ural1272,-3.9395104374581815,0.03526373160610245,0,-9.141015540025,4.098361826655674
eton1253,atla1278,-0.2605565254988167,0.022499474763126467,0,2.6391605686675,3.234437995892435
even1260,tung1282,-3.7439994891341355,0.03953371838230217,0,-6.3656243120175,3.825757918609535
even1259,tung1282,-3.940540638936058,0.02906849410920724,0,-6.3728324218675,3.81973749261353
ewee1241,atla1278,2.5301122679573727,0.029728484812020808,0,3.69109114950525,3.402618193677355
fala1243,sino1245,0.04620263812958335,0.014449431398782343,0,-0.720766692256575,3.082371949843115
fare1241,atla1278,3.1401978869231435,0.03982820905014241,0,3.8508464576585,3.35093769393018
faro1244,indo1319,-2.3482705563336914,0.014184454935577425,0,-5.0400763734325,3.345746611734445
fefe1239,atla1278,-0.1328731070855126,0.029324452184149644,0,1.9789983418352501,3.27721647189892
fiji1243,aust1307,1.396250362921592,0.022202268724756034,0,1.197799379639,3.0879493749879403
fili1244,aust1307,-1.8514472905813921,0.027805396554653413,0,-1.84273335733875,3.105609885308915
finn1318,ural1272,-4.354455646762374,0.03203427578365016,0,-9.170012962575,4.076779418424685
fipa1238,atla1278,3.2309857576893846,0.0209512787862282,0,5.2644160314625,3.373131553918885
fonn1241,atla1278,2.576301314462462,0.03432213760429989,0,3.70842006028,3.404362634486385
fore1265,ural1272,-4.873308933398853,0.06336577361220538,0,-8.84771507995,4.26457644999871
fran1266,mixe1284,-1.7825984755442514,0.03569725661969101,0,-4.418238201968,3.6233010125754452
stan1290,indo1319,-1.970586107310139,0.01296861959121639,0,-4.4860069487002505,3.189807417441375
fuln1247,fuln1247,1.964125245217869,0.023362321375033898,1,1.0699535594085,3.7848962867238347
furr1244,fura1235,1.6590524782780747,0.023881958603191415,0,5.5366042622750005,4.4443555389966
futu1245,aust1307,1.7095261622258655,0.02540949805662404,0,1.061493531608,3.03757152109418
fuyu1242,fuyu1242,1.9083603527322113,0.04089134933900386,1,2.048119184852,3.741999378275735
gaaa1244,atla1278,2.228331257408928,0.028313899647485426,0,3.8857915700200003,3.40123983358653
gaam1241,east2386,1.3642954999254675,0.03137169777851941,0,5.697075035175001,4.385586172918745
gaan1243,afro1255,0.819336856107198,0.022665607822836463,0,2.21055540272025,3.1871396491079897
gada1258,aust1307,-1.7797601011794582,0.02839766750979726,0,-1.36616586,3.095937726610695
gaga1249,turk1311,-2.6840336583780973,0.041575645765801195,0,-7.300442066052,3.8851987048231553
gali1262,cari1283,-0.7659101808406708,0.03504977866866354,0,-1.6927412195925,3.1804082265969553
gali1258,indo1319,-1.3828385248826027,0.015433133877369274,0,-4.5360521961716,3.17536382998044
galo1242,sino1245,0.0619791319005441,0.0257462304878127,0,-0.74246908475175,3.0966560288606297
gamo1243,gong1255,-2.312633485248588,0.042026262311744576,0,-2.1381808508524998,3.31907103264152
gand1255,atla1278,2.3025227224316636,0.021742834557776463,0,5.5331693832925,3.3150445021602097
gang1266,sino1245,-0.33906029107627844,0.02493494708422046,0,-0.75511638746525,3.0781932211271847
gant1244,nucl1709,1.32650326252034,0.02958986398385855,0,0.32801936529950004,3.2401537268491802
gapa1238,aust1307,2.4885420470502204,0.022288928687016926,0,1.706998284817875,3.2071329006166502
garo1247,sino1245,-0.5665104058801614,0.018101425042160106,0,-0.85639289129,3.07626481242331
gata1239,aust1305,-2.7292444426490707,0.03705564082768761,0,-1.687802163983,3.15790627178786
gayo1244,aust1307,2.639331533171372,0.03783393755049264,0,2.2370043575125003,3.195887689770535
geba1237,sino1245,1.9854718182092472,0.025508017179242556,0,0.704328306596,3.175267136046825
gebe1237,aust1307,2.8105280683907554,0.04338917520991923,0,1.96342930564,3.2853788809008453
geda1237,aust1307,2.837058078259033,0.030750611370346567,0,2.23766055774675,3.2112190009241903
gela1263,aust1307,1.7206856232320458,0.033994180831508056,0,1.48391109795725,3.180211747366225
nucl1302,kart1248,-2.1570623243376312,0.024252103176040544,0,-6.228341206915,4.100253088349775
ghad1239,afro1255,0.07088801585206339,0.015586369741203922,0,1.04712808958,3.1928871969212853
ghan1242,aust1307,0.7583573183903176,0.031128745574339825,0,0.13949694228,3.1566773637093
ghar1239,aust1307,1.8090034918748579,0.026819667988302428,0,1.5287578974275,3.16524786020988
gheg1238,indo1319,-0.4848837566716826,0.021064614128209508,0,-0.2353349133675,3.32698953476155
ghom1257,afro1255,1.3615994375237834,0.016314944859315166,0,2.1562388233475,3.320216755546655
gida1247,afro1255,1.024639228608883,0.017741975205881447,0,2.238788885315,3.18107253782252
gilb1244,aust1307,1.2197384647044198,0.018966363137507092,0,1.6503713164475,3.14000432324001
gira1247,nucl1709,1.4707127276230034,0.029994198708075223,0,1.37796582413825,3.442988549230675
giry1241,atla1278,3.0089751065336867,0.03048104423807478,0,4.76855820254225,3.266614041523095
glav1244,afro1255,1.32070591782729,0.012470048986440906,0,2.19512563408,3.1870842952824097
gobu1238,atla1278,-0.7285162377499848,0.043467572747321645,0,-1.782478074355875,3.1476608330967553
ghod1238,nakh1245,-3.651552285222337,0.043684449759194874,0,-7.31532264435,4.005172546446875
goem1240,afro1255,0.5715798542489064,0.01675092281590677,0,1.2507105225544999,3.1878563554144854
gofa1235,gong1255,-2.250203149327586,0.03804342481166075,0,-2.13352502370425,3.309274340853425
gogo1265,suki1244,-1.0242092240307827,0.02081865929527457,0,-2.3462210375945,3.7009779015244897
gola1255,atla1278,2.6041031715710448,0.023865552304888654,0,5.911815291002251,3.687484133664015
pare1266,aust1305,-2.319797566559578,0.03296003352695954,0,-1.6878220667347499,3.1614149377006653
guah1255,guah1252,-0.7186921110293314,0.042215036258960316,0,-2.82840272040675,3.6677859649905
guam1248,barb1265,-1.066458204973221,0.047765702728009916,0,-3.5585526270025003,3.63384037158378
guat1253,guat1253,1.3201283106410846,0.044505017891807414,1,1.01987470913,3.70890734627587
gube1234,atla1278,3.6410890275550534,0.02019556686851522,0,5.9685462893075,3.670186427365135
gude1246,afro1255,1.011239301527207,0.020970725192004776,0,0.7677555673650001,3.161125602968955
guer1243,otom1299,2.3671455840839353,0.033919708209103845,0,0.26845196001750005,3.5888647510121547
guhu1244,nucl1709,1.6682930711497415,0.02479188275247225,0,0.30684829639625,3.243771051782515
guiq1238,sino1245,0.3162319529660781,0.024973292468719044,0,-0.630560676196,3.143068224201745
gulf1241,afro1255,1.239974405914025,0.019925660149410628,0,3.3784348824265,3.227660606329425
guma1254,aust1307,2.5048798326610697,0.027865360436574897,0,1.743012156249,3.22729351712354
guny1241,pama1250,-1.296651092987615,0.03695715530604922,0,-1.6479824069135,3.330039952517245
gura1251,indo1319,-0.1724323160207584,0.01736057816293041,0,-0.87653637936625,3.2672012481900747
guro1248,mand1469,2.7520800292269056,0.04673327716456023,0,8.5358813946875,4.383844301214181
guru1261,sino1245,-1.6731265128395307,0.020628927227644617,0,-1.468573258215,3.075265402294025
guru1271,afro1255,0.0100696840212562,0.023189046170448938,0,-0.8027477206265,3.206019633048985
gusi1247,atla1278,3.1186764283391772,0.025069731795835545,0,5.3920506617425,3.3206418923781547
gwen1239,atla1278,3.285271131172796,0.019335748831559682,0,5.236286332276,3.3119337783523397
gyel1242,atla1278,0.2667650854267707,0.022912128990168017,0,3.476628608285,3.2980388913644
haaa1252,atla1278,3.066788583016515,0.020973032210350667,0,5.38298102841,3.34596907283653
hadi1240,afro1255,-1.0718920760150707,0.03319385870549659,0,-0.051488307675,3.11971753208073
hadz1240,hadz1240,2.731865368633592,0.03350839034116712,1,5.4121744012675,5.02727592080871
haka1240,sino1245,0.5845390903756456,0.0283107777176803,0,-0.46498717292299996,3.11628681895538
hala1252,aust1305,2.842567218778007,0.011050627947944924,0,3.19560560443,3.1864078197788004
halh1238,mong1349,-2.662551351142092,0.01975314511080978,0,-3.48881799735,3.3072786608761504
hali1244,aust1307,0.3756675568707126,0.025885026557615,0,1.16021163169025,3.1423679288936652
halk1245,sali1255,-3.0238597455033878,0.052385211706489306,0,-5.70546293061175,3.691074056974895
hame1242,sout2845,0.5905487654147212,0.021312414749350098,0,2.759057509837,3.780559866723475
hang1263,nduu1242,-1.7114650150914534,0.06492806242694732,0,-3.18351771081,3.621456245464345
hani1248,sino1245,1.5582879256742517,0.025637957543464478,0,-0.241086976856,3.025886547295825
hano1246,aust1307,1.13305787288435,0.03248215617836287,0,1.70353746889,3.17309817878863
haru1245,piaw1238,0.30980894954781957,0.03151236516978949,0,-0.2891513498525,3.448111184047535
hass1238,afro1255,2.724549062544553,0.025154629826641475,0,3.5072840191330004,3.16417215611705
remo1247,aust1307,-2.0358826895681723,0.03987082801964627,0,-2.192289585653,3.15054781099833
haus1257,afro1255,-0.05325841498092495,0.022530723324520264,0,0.0616619728015,3.20177231895359
nige1253,atla1278,1.3569329569091786,0.01809082955664631,0,6.080320533075,3.651313580739035
hava1248,coch1271,1.265622351204899,0.04477912487373564,0,-0.34963973513175,3.61866090034746
hawa1245,aust1307,1.3428344890001178,0.018326460510103892,0,1.156696212842,3.01169651284242
hdii1240,afro1255,0.9898202095248732,0.020723277684208737,0,1.968923835925,3.163408740899475
hehe1240,atla1278,2.737468916716158,0.033335469586835,0,4.4004025426875,3.213729317358715
here1253,atla1278,2.587303948103844,0.02789031096986646,0,5.398800942945,3.40799758254088
hida1246,siou1252,-1.2095191073055438,0.03498656203077447,0,-3.26778957438275,3.483962994763805
high1276,mixe1284,-2.8191161727123415,0.04190827269965819,0,-4.334014253483,3.639893215833445
hind1269,indo1319,-4.17803034737064,0.025506889915554436,0,-4.548647018045,3.34680328991392
hixk1239,cari1283,0.01448503464175575,0.027910297165478944,0,-1.65843911524725,3.212605189160685
hooo1248,aust1305,-1.4212044136549227,0.01946852827104544,0,-1.890167070106,3.133512408456845
hoav1238,aust1307,1.2931922994832252,0.027966562732492175,0,1.6615204406225,3.143673431009295
ainu1240,ainu1252,-3.4155765124436925,0.019002437415206613,0,-6.7094459752175,5.09444080399586
holo1240,atla1278,3.0586028119990667,0.025621949953812805,0,5.2834879986525,3.356404975914005
hone1235,atla1278,1.2776924173950752,0.024451941549835383,0,1.6719586455812498,3.1780247539840047
honi1244,sino1245,1.3892027495886805,0.014381720774829555,0,-0.27900435983,3.025290882662145
hopi1249,utoa1244,-1.9156022011825276,0.02453191750091408,0,-3.2421967899895003,3.3094165257071397
hote1245,aust1307,2.4033871741874293,0.009736173028618823,0,1.3871686684600002,3.173301673229115
hozo1236,maoo1243,-1.3597558588339176,0.05015205188574383,0,-1.14418924568675,3.8555164787964147
huuu1240,aust1305,2.8592645960185825,0.011750731129348603,0,2.6615984063625,3.078036100730995
hual1241,quec1387,-3.3912282782224747,0.05819462727253636,0,-4.844151323565001,3.541694517684385
huam1247,jiva1245,0.6977226459282477,0.03339389043764067,0,-0.11953374766549998,3.305075746987915
huar1255,utoa1244,-0.6625622790606616,0.02689331871940073,0,-2.53885421737,3.31416239225556
huas1242,maya1287,-3.655780549295052,0.0387456340739466,0,-3.94316991599,3.778545804643075
huba1236,afro1255,1.1208017018682792,0.018379683451354652,0,2.165301079640975,3.19200718102358
huic1243,utoa1244,-0.7296302310246916,0.01842630269671309,0,-4.08045683304775,3.3387415238449103
hula1239,aust1307,2.8218180016926424,0.02540996499499769,0,2.32036477474775,3.155027370539565
hula1244,afro1255,0.5719809934010627,0.02071138815151053,0,0.3032007441925,3.08713213675294
huli1244,nucl1709,0.67892091404657,0.028065027693107127,0,0.1113912147775,3.162663891898065
humb1243,song1307,3.3968824143786236,0.02750591511052843,0,7.16358617604,4.175497047478284
hung1274,ural1272,-2.092252333264663,0.040391891511131095,0,-9.009024714525001,4.24928631915137
hunz1247,nakh1245,-3.563451704017819,0.030081810652783567,0,-7.30639981018,3.9725145157924597
hupd1244,nada1235,0.8961044567133521,0.048612522050617314,0,1.0717149337301,3.6283244541261803
iaai1238,aust1307,0.8508210800373691,0.023580765809510396,0,1.2220256646849998,3.184496271013815
iama1237,aust1307,2.5367575636252964,0.008688721430694307,0,1.8308347851825,3.216069957482045
iatm1242,nduu1242,-1.538412093527203,0.057870104798799234,0,-3.21407090962,3.592897309020265
ibal1244,aust1307,-2.044392837701695,0.027123050293171466,0,-2.2697844833775003,3.1596190010237253
iban1264,aust1307,2.9113871530416957,0.025450893728879036,0,2.7789521068475,3.150886982058065
iban1267,aust1307,-2.0178038588552383,0.04329816082878285,0,-2.1579394244482497,3.135101247645955
ibat1238,aust1307,-1.863830661579538,0.026276660645524388,0,-1.7801101026275,3.083184741727325
icel1247,indo1319,-2.1692764537272313,0.012371577216203342,0,-5.0282309800825,3.340681968316365
idii1243,paho1240,-1.4120914352138831,0.052092308556002734,0,-2.84416919856,3.66645504637378
idun1242,aust1307,2.5142356537065638,0.036634147824700765,0,1.8793503151320001,3.206573101337365
nucl1417,atla1278,0.6349165319455913,0.027897141602026842,0,2.9105690120925,3.261130805334685
ikkk1242,kuli1252,1.9845782034902255,0.024010571806085148,0,5.062148232315,4.229199776732905
ilaa1246,atla1278,3.1210679884989374,0.02240434883639366,0,5.3590125418214996,3.3016148540695953
iliu1237,aust1307,3.0258662206634215,0.028705536087094415,0,2.567740418585,3.246371425486295
ilon1239,aust1307,-2.1961060260026746,0.025285334514254628,0,-2.212302720203,3.163692155729275
imba1240,quec1387,-2.2893928731135205,0.04854064739345277,0,-4.9763064033675,3.515820910967525
ingr1248,ural1272,-4.188451812516676,0.031606602662431184,0,-9.173223435175,4.0955997223066944
ingu1240,nakh1245,-3.506648334649234,0.04508426296670502,0,-7.20710513823975,4.029183964018425
alba1269,aust1307,-2.1072277369641257,0.034274867896751327,0,-1.830829123765,3.09308416779148
iqui1243,zapa1251,-1.8710422571418008,0.04734291002287464,0,-3.2613118828852503,3.6505084017442098
iraq1241,afro1255,2.6556477583926785,0.027731631862492848,0,2.0671987904025,3.195689239037665
irar1238,aust1307,2.705603377501344,0.02764958067448978,0,1.73734743063925,3.288724403936585
iray1237,aust1307,-1.2041856448965786,0.031102532737728335,0,1.6257529542525,3.193649458379805
iris1253,indo1319,-0.8185196947137646,0.01781671881233981,0,-2.068559815744,3.28748405856951
irul1243,drav1251,-4.326405144388192,0.02882796587573392,0,-8.978839051025,4.27516515398469
isco1239,pano1259,-0.5218825624043261,0.037178219826432136,0,-0.51760397560725,3.18476004248022
isin1239,aust1307,-2.148058023040682,0.030387368384818543,0,-2.1682990472293,3.1538659148862997
isir1237,kwer1242,1.5357505479109737,0.044683539012961564,0,1.4545362533000001,3.74377348660989
isna1241,aust1307,-1.860923568332475,0.026459308816383736,0,-2.1667759500375,3.139177332894935
isth1240,utoa1244,-1.5465663553342068,0.03361563707144835,0,-3.4614551374099998,3.3268622856832497
isth1241,utoa1244,-1.602266196270542,0.03336539612952102,0,-3.472781629445,3.3249757362227603
ital1282,indo1319,-1.3056011365870492,0.013609236325226393,0,-4.4214519341675,3.1789197820969353
ivat1242,aust1307,-1.3416067671046585,0.022809277539097828,0,-1.7224087298192852,3.08479929492848
iton1250,iton1250,1.0961960963457764,0.041499202383833395,1,1.01072626379375,3.703019127860345
itza1241,maya1287,-2.654222099890136,0.041982442837163465,0,-4.66137067098775,3.54667230439204
iumi1238,hmon1336,1.6410928726447749,0.01805632666596744,0,0.078790339175,3.13994362478575
iwal1237,aust1307,2.4674920546134707,0.02712220770250811,0,1.408463318325,3.1625538185700197
iwam1256,sepi1257,-0.12077116698761059,0.04148019762855664,0,0.93142399598125,3.40956402196296
iyoo1238,nucl1709,1.4727699411886446,0.03169613854935553,0,0.86337661931995,3.26948043959721
jahh1242,aust1305,3.598418644888233,0.01960410919446044,0,3.0233758750465,3.1939582752002798
jalk1242,mand1469,3.9570884112125393,0.04539238561080627,0,8.460629668635,4.42096468737585
jamb1236,aust1307,3.5839252449402172,0.03255407678760839,0,3.0044549944925,3.0962057995259498
djam1255,mirn1241,-1.2887323070869798,0.059127960845322514,0,-2.8578377884324997,3.653077732361175
jams1239,dogo1299,3.302235938884949,0.03358489024512495,0,6.7389463721750005,4.552248397708315
nucl1643,japo1237,-3.9262082891421684,0.03447794384384324,0,-4.73583967265,3.73926096601065
japh1234,sino1245,0.4261140490423857,0.02380423808540689,0,0.897719198403,3.1660456599921902
jaqa1244,ayma1253,-2.6502801981698854,0.04369583625088622,0,-4.241265626380001,3.589547573837125
jara1266,aust1307,2.2538371025167176,0.02789072562610881,0,1.01275172354975,3.0685219036281053
jaru1254,pama1250,0.6204516202750128,0.029913195168002362,0,-0.23933097361974998,3.214697515025515
java1254,aust1307,2.7587364869124924,0.029336938918282696,0,1.6268147281425,3.256497054370925
jina1244,afro1255,1.6137037374120462,0.016459281349267225,0,2.329081057692,3.20018716414317
jita1239,atla1278,3.2004354756126263,0.030619563278483704,0,5.4045642694625,3.3389300560034147
juan1238,aust1305,-2.0121457890700247,0.02979508296133194,0,-1.7089669001274501,3.151734766535495
jurm1239,cent2225,1.0100450350935848,0.021163223862770978,0,2.57375751007,3.127002138606925
kaba1281,cent2225,0.2326782559526647,0.027031119877733406,0,2.3432726907425,3.0865494263490048
kaba1278,abkh1242,-0.6181783702059436,0.040157461888184344,0,-1.475922429805,3.535032210192385
kach1284,gong1255,-2.323679530975876,0.03625658790474509,0,-1.499507329792,3.232109903546765
cent2100,aust1307,1.5981809849370345,0.05079269719399954,0,0.6917893625575,3.15175579236238
kado1242,sino1245,1.9689914352729354,0.032588425554561005,0,-0.6204485465975,3.052676637461055
kafa1242,gong1255,-2.414425977686971,0.03951094330395775,0,-2.3201405216974997,3.32981295400831
kaga1256,aust1307,-1.137670716422841,0.021701077000020032,0,-2.336560794325,3.0736022983819398
kagu1239,atla1278,2.717833566948908,0.030179912001540365,0,4.55451352843,3.24443905266569
kaik1246,sino1245,-2.14445699512335,0.02312951263415203,0,-1.7420880725355001,3.149119910785775
kaki1249,kaki1249,1.566923681448532,0.032325649658363334,1,1.52656710921525,3.815817749406655
kala1399,eski1264,1.5869539947963172,0.02474640308411574,0,-0.36245396679175,3.50574108903403
kala1388,aust1307,-0.08060535055517185,0.031283710920181555,0,-1.7792970940772501,3.0285813122738947
kala1384,atla1278,2.4348521912631638,0.018023232058221487,0,5.129864662025,3.30074281070572
kamm1249,atla1278,1.0240434562446548,0.03059778191569818,0,2.566328208075,3.28531086146306
kamb1316,afro1255,-1.0618364778691873,0.029449837129055422,0,-0.0769430859814275,3.107075631763225
kamb1297,atla1278,3.170807011646287,0.029089049595339804,0,5.2343378704525,3.316652986195055
kamb1299,aust1307,1.8372886108420645,0.03705180686535201,0,1.485756001633,3.1865901385890503
kana1286,aust1307,-0.49814580820004317,0.022110208290258265,0,1.36549375691325,3.343750751942585
kani1286,nucl1709,0.7762113384309687,0.02940019042791017,0,-1.623486669160705,3.218161665277335
nucl1305,drav1251,-4.311988027091408,0.03755724430232703,0,-8.972933099025,4.276343242190835
bidy1244,atla1278,3.411926641162453,0.026397174431683715,0,5.9850577744475,3.65919980233057
kaon1241,atla1278,3.2467106270791293,0.02164257987807264,0,5.2320450898425,3.418795551588105
kaqc1270,maya1287,-2.557102600235238,0.02516013667567697,0,-4.780262726929999,3.60756218840967
kara1482,cent2225,1.7296405595627329,0.02227059843670547,0,2.7941044964325004,3.139889478615685
kara1476,pama1250,-0.37243359467237036,0.03204684384607397,0,0.12821796808375,3.227945110490915
kara1487,aust1307,-2.0595573313102316,0.027823868076997774,0,-2.27507689626975,3.15357986307185
kara1486,aust1307,1.622635252694145,0.03587128398398989,0,1.527020565695,3.21500319887289
kare1338,atla1278,0.03777858367143215,0.03052965678015038,0,-0.13026782223,3.182389929953795
kare1335,ural1272,-4.474205260829861,0.033268199087705515,0,-9.160377422517499,4.09729628259061
kari1306,atla1278,0.02768207687239065,0.019485184318067384,0,5.295613381675,3.3672878038882397
kari1311,tupi1275,2.1550491469068924,0.045780495361166046,0,2.1421550306225,3.507251241143465
kark1258,pauw1244,-1.0151424369852642,0.045601720600532386,0,-2.4072416274000004,3.70451265119018
karn1252,aust1307,2.7909768855026176,0.029281155033546676,0,2.1963161075135,3.213123990428625
karo1304,karo1304,0.4488095590623127,0.04464177984251663,1,0.15170313303837502,3.7088020055791153
kash1277,indo1319,-3.7354317046248076,0.02094945323186985,0,-4.468954928557499,3.3760370816234246
newa1246,sino1245,-1.7153771416364543,0.02268203769170466,0,-3.0372293322603996,3.171076376359745
kats1235,sino1245,1.6631378494254547,0.022710910135234283,0,1.569345512995,3.18137609191907
kana1291,katu1274,1.0636447066153214,0.02479385355030569,0,0.74059785922,3.637774205148715
kaur1271,kaur1274,0.9442679802279081,0.04479682849776921,0,1.7777492562875001,3.73672423850401
kava1241,aust1307,-1.2391710198267532,0.026297838374009834,0,-1.1096681582742751,3.37232213412251
kaya1315,sino1245,2.10861615846408,0.014150386707460574,0,0.7529179875800001,3.17153465564373
keap1239,aust1307,2.4866805429809657,0.031813672231773026,0,2.3278977373805,3.1673730857743596
kera1248,atla1278,3.678198818877809,0.022564680587406235,0,5.9706230771849995,3.689500360090845
keig1242,kadu1256,-0.5655422985471446,0.06462609350786687,0,-0.6984785458137499,3.777758497499935
kele1255,atla1278,0.9982575922320134,0.02483044874534425,0,5.1341491271625,3.40482183059519
kele1258,aust1307,1.9084269935372056,0.025436067554545607,0,1.4023907678445,3.1550133652485
kele1259,aust1307,-2.0168108509528873,0.03225966510228601,0,-2.277325477812,3.155232175654295
keme1240,atla1278,0.9669822597977374,0.023457174087183324,0,4.877946251712499,3.501709255713025
keng1240,cent2225,2.207035160243182,0.02789114340525188,0,2.8688753436125,3.1141636441191247
kens1248,aust1305,3.0920157867582025,0.010649041727428359,0,3.05712883018475,3.17689657935847
kenu1236,nubi1251,2.1456732039613087,0.023083828077116154,0,5.18007228883,4.38560112843209
keoo1238,aust1307,2.2742017334636504,0.028305213760824177,0,2.05645370424975,3.241223335783155
kera1255,afro1255,1.1066657653469547,0.019377964010520974,0,1.49027647089,3.249529503614045
keri1250,aust1307,3.105062459896031,0.057748910349005964,0,2.9363172883025,3.10230563216854
kesa1244,nucl1709,1.6031731420958972,0.030687330271604567,0,1.3045435657725002,3.449306464384345
kett1243,yeni1252,-3.5016977534703937,0.0283210056268407,0,-7.55280156522375,5.33110883356942
kgal1244,atla1278,1.9477206380045589,0.031010457210219687,0,4.298940389,3.1939755238413152
khak1248,turk1311,-5.19745722529273,0.07960267446694086,0,-7.314085564825,3.901214389966235
kham1282,sino1245,0.4367458165469448,0.02709852987736163,0,0.398468290281,3.0195011125805147
khan1278,atla1278,0.4303566302483425,0.02391540473921842,0,0.61289233683525,3.259052505355805
khan1274,aust1305,3.0538531182941533,0.008644954461048607,0,2.688766667635,3.0946859172146297
khar1288,sino1245,-0.09656384253640185,0.013097352764323741,0,-0.57943718135,3.04736886480734
khas1269,aust1305,0.9861256447771901,0.028241374149082638,0,1.6841922393805,3.0610681831021154
khez1235,sino1245,-0.3598001457496103,0.03427698107156715,0,-0.5797935369314999,3.1270098173158702
khin1240,nakh1245,-3.4328790660519304,0.028387207059887225,0,-7.24748094504225,4.05327624498392
khmu1256,aust1305,3.288091340859494,0.021145888426385054,0,2.9501917853824997,3.1565336971068447
guan1266,sino1245,0.2460044380379435,0.02344897230688542,0,0.020952455454500002,3.11324864084047
khva1239,nakh1245,-3.5738029541723164,0.034278716047573515,0,-7.33767153776125,3.98453267321444
kich1262,maya1287,-2.566395660467445,0.02908642894982318,0,-4.797452714792501,3.579519837405515
kiku1240,atla1278,3.010907807468585,0.0267691659598617,0,5.24196470581,3.32115011962184
kile1243,tung1282,-4.135535376483994,0.03118090158980672,0,-6.4477600687975,3.7599466490315647
kili1267,aust1307,2.3691568247734036,0.026876370685711293,0,2.2612618945509997,3.165907118402205
kima1246,kolo1268,1.4369998388557783,0.06595671871492775,0,2.1861102362495,3.70584470759409
kimm1245,hmon1336,1.8642691563940752,0.025131025529901412,0,0.07749553486875,3.14016633563297
kina1250,aust1307,-0.8872729766000125,0.03363926660414097,0,-1.0522414641997502,3.0577686253276353
kinn1249,sino1245,-2.901460067283151,0.030045303570894705,0,-2.1973868093875,3.2294667014307903
kiow1266,kiow1265,0.9894598346924299,0.02574077197672623,0,-0.81271621389825,3.7432198981092553
kips1239,nilo1247,2.6180817147190205,0.030857349513558566,0,2.4219939529055,3.34290708557237
miju1243,sino1245,0.1730650250619768,0.028063116668305462,0,-1.5945897063505,3.13194343163308
koda1255,drav1251,-4.519479506403302,0.03826881860758385,0,-8.9610277165,4.295401201085985
koho1244,aust1305,2.772215878822329,0.012916267248083771,0,3.26847546510425,3.1802335052594053
koir1240,sino1245,-0.0128593757948247,0.022346473620214975,0,-0.21226570339200002,3.116660872842445
koit1244,koia1260,1.4334722731112541,0.03075357183860116,0,1.01222885226475,3.4914019198004898
koka1244,pama1250,0.4031357852500881,0.033199458349594445,0,0.10856780575675,3.25772392409561
koko1269,aust1307,1.412999326340096,0.023351159642182196,0,0.98016777991325,3.112520426719955
kola1285,aust1307,1.802474916655119,0.02872776710375281,0,2.28358644322,3.26681811435947
kolc1235,atla1278,-0.13281361369951933,0.01829674462754994,0,2.5688165995825,3.2380750716657047
kolu1245,aust1307,2.5383368725577453,0.03645459606433591,0,1.8522314044985002,3.2152085224678846
komb1274,nucl1709,0.7190821360262258,0.024438028313942397,0,0.7254100424300001,3.2074430646684
komc1235,atla1278,0.8875206648971736,0.02304380109085285,0,3.87023763513425,3.321371712620415
komi1269,ural1272,-4.701987912654884,0.042976999597645935,0,-8.985177488942501,4.21618040063591
komi1268,ural1272,-4.7523866898396125,0.04645795857484201,0,-8.9707191407,4.191704931382731
komo1260,atla1278,1.7094751254514857,0.02617487996201958,0,5.29462141448525,3.38888349957465
kona1242,east2433,1.187848450642675,0.043787560255336117,0,1.303742195242,3.7003664951627453
konk1267,indo1319,-4.1407776426663805,0.0216619107781986,0,-4.586216129805001,3.36998986344005
kons1243,afro1255,0.7605983654003,0.022522379218672655,0,2.29152676424625,3.1339323382905198
kony1248,sino1245,-0.41881429123742675,0.02402448664547432,0,-0.9096769905225,3.09942522147548
konz1239,atla1278,1.7710339822316294,0.019581064762722002,0,5.3808839550825,3.33501848574295
koor1239,gong1255,-1.6777151677509305,0.0313386716955084,0,-0.953765398745,3.2197335371277953
kore1280,kore1284,-3.433191318688305,0.01824536040238475,0,-5.93230370156975,4.4932560148022755
kore1283,tuca1253,-0.3786144600945422,0.02376916372450731,0,-1.1039809792325,3.29650001460384
koro1298,atla1278,3.6595100415630784,0.04333264800742933,0,3.721188147825,3.35904189716097
korr1238,drav1251,-4.511147969642173,0.03818734260187515,0,-8.93489404385,4.30897009924756
kosa1249,nucl1709,0.40852424895721257,0.02897319806078562,0,-0.30703243016549997,3.16502842082539
kosr1238,aust1307,0.624639969534468,0.02497744135679749,0,0.2295378113725,3.129718373425365
kota1263,drav1251,-4.5294193050302916,0.03541277360520298,0,-8.968567077075,4.32729856046811
koti1238,atla1278,1.8983305525126397,0.024754052746145852,0,4.5896266755675,3.2145268454823652
guan1269,tuca1253,-0.12512679612013605,0.028599703591084713,0,-1.97448764958225,3.3171927131060848
kove1237,aust1307,2.533205408068678,0.023041868930625372,0,2.0661448841632497,3.2365211119089503
koyr1242,song1307,3.079432044560628,0.030091277589064564,0,7.16454669725,4.163092406222814
koyr1240,song1307,3.530666155052887,0.03273317744526128,0,7.16168966972,4.206133204363245
koys1242,afro1255,0.6371224706683823,0.024248015824137846,0,0.589145122915,3.083215891539615
kren1239,nucl1710,3.530205780219008,0.0527767026675723,0,2.8757434622295,3.6693267920037353
gbay1288,kres1240,-1.7112940610277443,0.04526354647132223,0,-1.0101949549859999,3.7489301038759653
kryt1240,nakh1245,-3.4268233718812304,0.0416502622141594,0,-7.251472417794,4.024558355436345
puoc1238,aust1305,2.9004278118870426,0.0147652612175241,0,2.972011483725,3.15351193584965
kuan1248,aust1307,0.7356430399127585,0.026041198791852904,0,-0.30226859753375,3.13068921303244
kuan1247,atla1278,2.415274301625542,0.023022245752553853,0,5.4302414034224995,3.39003096037889
kuii1252,drav1251,-5.132945128080928,0.050436778499800675,0,-8.900721210025,4.3136768021395895
kuik1246,cari1283,0.13137066272244954,0.027647063826574565,0,-2.44285391044175,3.272203430410575
kuku1280,pama1250,1.0605514001407363,0.03560274229651521,0,1.272932736335,3.33732960689858
kuku1273,pama1250,1.4411100031137032,0.03704153626209207,0,0.9002775323325001,3.400021654699535
fait1240,nucl1709,1.1891613745143856,0.032899845874732124,0,-0.0731752957865,3.22722146260642
kulu1253,sino1245,-1.8143797591677773,0.0256185092801423,0,-2.4848430715257503,3.2420678181412548
kuma1280,nucl1709,1.365654090497017,0.0378280174957085,0,1.107382899085775,3.1983652006312697
kumb1268,pama1250,-0.4679048500985687,0.03404431467792025,0,0.01398554711875,3.340856470099035
kumz1235,indo1319,0.24600498247217725,0.022224340518904904,0,-0.649279824585,3.24960791415253
kuna1268,kuna1268,1.211222620473873,0.035886934756844284,1,6.365469005834999,5.30382137062368
kunb1251,gunw1250,-1.9550359258455385,0.050083850805239166,0,-2.862544145077,3.63162968739479
kuni1267,kuni1270,2.3708112987238943,0.06334964737245184,0,2.07309437503,3.7339111631455753
kunj1245,pama1250,1.309198659662513,0.040914711392401264,0,1.06390348115925,3.3810525670045353
kuot1243,kuot1243,0.909765036722169,0.041907459258138595,1,2.1406032750675,3.7976985539959403
kusa1251,aust1307,1.227849825565337,0.021974061375651256,0,1.67000403624775,3.138511667250425
kusu1250,kusu1250,-2.99047837745781,0.022795508730108813,1,-6.0625903810325,4.9832794711834545
kute1248,atla1278,0.735420913631258,0.02603124873024559,0,0.9751033834225,3.192537529011705
kuvi1243,drav1251,-4.751000761816682,0.04710699573772938,0,-8.897084905225,4.29397783109224
kuyy1240,aust1305,3.471433153583705,0.014448365926676632,0,3.0282813331350003,3.1395285175071104
kwai1243,aust1307,1.7329223380981298,0.02651794872186761,0,0.92952710862425,3.1098824825566
kwam1252,aust1307,1.6980015578713177,0.022812730335521298,0,1.7022532774495,3.177478627131485
kwar1239,aust1307,1.6649306936726629,0.025838442558184634,0,0.81238705378,3.10067115512168
kwaz1243,kwaz1243,-0.694822701151515,0.052396340351995,1,-2.799157080905,3.692752618385515
kweg1241,surm1244,2.4092202054484124,0.04955855836313515,0,6.378066370374,3.9905243948159796
nucl1595,kwer1242,1.8056545828120312,0.048713966396406246,0,1.399756747268,3.771977491854635
kwin1241,worr1236,-0.5877407964851492,0.04086208354302559,0,-1.702369476161,3.395950662081
kwom1262,sepi1257,0.1704307307027219,0.044983859540919324,0,-1.3234935828199998,3.426341749620465
nucl1593,kwom1263,-1.1943281931204177,0.03984151501797983,0,-1.99153312976525,3.738080491637465
kxoe1243,khoe1240,-0.8937540283991119,0.05605322801493117,0,-2.10371527558,3.58483183097944
kyer1238,sino1245,-1.2759997035437267,0.030537061857846246,0,0.64305265949,2.999687101305455
cori1240,atla1278,1.2449652511665712,0.028289642311735523,0,2.3678313135525,3.32629890185172
labu1248,aust1307,2.448356842047784,0.023102477317892355,0,1.6359243269075,3.2113673293461247
lach1248,taik1256,1.7168223931537745,0.02233707400560315,0,-0.7168710777880001,3.254068702229085
lagw1237,afro1255,1.6595535505686234,0.014891234992375884,0,2.3022383709598246,3.203674068569975
zaye1235,sino1245,1.936402598022472,0.023663573227800695,0,0.77048688888675,3.155288466814795
laiy1246,aust1307,2.1041472183914323,0.037651085228958214,0,1.05863887130875,3.1377224049462553
lakk1252,nakh1245,-3.6184774071963455,0.02892557902316602,0,-7.243427532335,4.01067606724455
lala1268,aust1307,2.5435916713144984,0.02398347414193262,0,2.293564812782,3.1702001052779503
lala1264,atla1278,3.2096877725355775,0.019580202366294517,0,5.392662109625,3.336488705540895
lama1277,aust1307,2.7023292475777128,0.030995087809128363,0,2.3990290493775,3.230492236007505
lama1288,afro1255,0.9809573050633622,0.01476098137652987,0,1.44327663152925,3.153043510165845
lamb1269,indo1319,-4.422997703451212,0.027679869040137525,0,-4.4362277347,3.387396249863235
lamb1273,aust1307,1.4222115888520501,0.03719444980814228,0,0.721956866228,3.152325986445515
lame1260,aust1307,1.2066564302907854,0.03685145879361299,0,-1.17362814056775,3.08188914591575
hela1238,sino1245,-1.3619173690165005,0.02812004301027457,0,0.6400717971594749,3.00446029682807
lamo1244,aust1307,2.6469247597793357,0.024196433383488966,0,2.15142643158,3.237663393763345
land1256,atla1278,3.4840422755415084,0.02271973569950586,0,6.00921180321,3.63711535101607
lang1324,nilo1247,1.7624821962775885,0.031030524898804764,0,3.4971198683275,3.29146449030591
teke1275,atla1278,1.558720927463872,0.020448909360578936,0,5.235929908715001,3.419877033292485
latv1249,indo1319,-2.7189290915850375,0.02050863061292365,0,-3.9435446117925,3.3380041248287853
lave1248,aust1305,2.9051975891609008,0.010466770461770268,0,3.253172510105,3.17928303027323
lavu1241,lavu1241,1.2917579929511187,0.04393153682574386,1,1.5489991302532502,3.816326542333715
lazz1240,kart1248,-1.9973118666486358,0.027940691625471855,0,-6.21148688175,4.10038800877526
lega1250,atla1278,2.7166266359768576,0.026523167471786745,0,5.287040669865,3.35874215802866
lele1276,afro1255,0.5189496146260879,0.02068499843616542,0,1.6496619214727501,3.239888866127955
lele1267,aust1307,1.6497973164144026,0.027156546040167887,0,0.187463208369,3.107533137714565
lele1270,aust1307,1.890866575875736,0.0299767336657193,0,1.4386272423284998,3.15390033564592
lemb1266,nucl1709,1.18917759929873,0.03361316557326428,0,0.31746489770700004,3.1842563551592997
leme1238,aust1307,1.5230184881596445,0.026321788613047778,0,1.3692485964875,3.103784520170745
lena1238,aust1307,1.9852341876162067,0.03461217026823427,0,1.7025143534255,3.167913170385475
lend1245,cent2225,1.138634799980766,0.0323198702873086,0,0.76335534828,3.214807323353725
leng1259,aust1307,1.8745741586013613,0.02311020666255499,0,1.50690174770275,3.1690320520517847
lepc1244,sino1245,-0.6920878065535712,0.02364759520007096,0,-0.31122186565625,3.219468626049205
leti1246,aust1307,2.882113052901148,0.04343051869964611,0,2.573785914134,3.236397212723055
lewo1242,aust1307,1.197816608643752,0.031220023116340867,0,-1.1769487402125,3.0835209849799448
lewo1244,aust1307,2.6639463237935526,0.03528272897097046,0,2.39111558891325,3.2349440071957503
lezg1247,nakh1245,-3.523554739082914,0.031571144514500105,0,-7.2752963912999995,4.007591264479265
libi1244,atla1278,1.3749321540267112,0.02209898163238985,0,5.428348248955,3.38267496504066
liby1240,afro1255,2.2468091524767053,0.015268528715751553,0,3.4942796306624997,3.177269671525655
liji1238,atla1278,0.9932407294596678,0.025900358353086125,0,0.8609271312025,3.2925428855466503
lika1243,atla1278,0.516031126463769,0.02712611561782637,0,5.2405231647725,3.40676348271077
lill1248,sali1255,-2.959669681120241,0.04491627462825026,0,-5.596531030245,3.72669466679441
limb1266,sino1245,-1.2834280299083511,0.028691840750118984,0,-2.471657338271,3.2342273179678047
nucl1327,limi1242,0.9873990530529118,0.04928026728166725,0,2.214673525901,3.7306723706126848
limo1248,aust1307,-1.9184828442180213,0.03361993942509268,0,-2.1676392111130003,3.1394922844333752
lipo1242,sino1245,1.3835662746569388,0.026001148815185733,0,1.7424937264225,3.15291315304641
lish1245,afro1255,0.5229258167681216,0.020210825601296327,0,0.2606494840935,3.088781344911605
lisu1250,sino1245,0.9473259918852195,0.023904264730672874,0,1.7017474636175,3.14204306287939
lith1251,indo1319,-2.3707701979161797,0.01754083800441284,0,-3.9440488202379997,3.336266594748805
livv1243,ural1272,-4.334368402532093,0.031589811038274115,0,-9.181413450792501,4.0977944318410096
loba1239,atla1278,1.3335720382687288,0.028921896540455707,0,5.4156435850125,3.387863370259775
logo1259,cent2225,0.9536113216592486,0.02677290568947466,0,3.7604939057575004,3.29336311241667
loka1252,atla1278,1.080372522493533,0.022651143641313563,0,2.4158982446325,3.2898525721221796
araw1276,araw1281,-1.0946275907981544,0.028890644716949538,0,-2.9621934279574997,3.317036746543915
lolo1259,sino1245,1.3384718786081249,0.0118291700383119,0,1.7414861130105,3.1429743666378247
lomb1257,indo1319,-1.7392084224893472,0.01289693825449982,0,-4.44842923555,3.200930372113815
chiq1248,chiq1253,-1.0152974283713636,0.03885291783280587,0,-2.774910253295,3.715168445065105
acha1249,sino1245,1.3728965284660015,0.023266906216272594,0,1.145335377465,3.1460992407381747
long1395,aust1307,1.8893466028936383,0.026911591673956462,0,1.130193169841,3.17150736734901
loni1238,aust1307,1.876729895174789,0.022842295355341595,0,1.3905682093760001,3.1567432431443603
lote1237,aust1307,2.0606779754297913,0.025503234739933676,0,2.22416235618475,3.2174057091060497
loth1237,sino1245,-0.2509438137620431,0.019621289285599877,0,-0.48325940221925,3.1138765321993054
louu1245,aust1307,1.7846044015871594,0.02721292864027098,0,0.066312202295,3.12761954169964
vano1237,aust1307,1.7295755168493105,0.02099625249368695,0,1.9037970955349999,3.22780180404488
lowl1260,tequ1244,-1.4590205646838674,0.03606528278715417,0,-3.84292542955765,3.844818918208995
lowl1265,utoa1244,-0.919269096575118,0.016770377182325068,0,-3.7178742756,3.3450971908928953
lozi1239,atla1278,2.7093955662768945,0.026127839152681,0,4.0658057889925,3.171672332043935
luan1263,aust1307,3.220832513682976,0.035334689227004536,0,2.5556637141875003,3.25472184316453
onto1237,aust1307,1.515756833187368,0.027271499843600833,0,1.25542119956,3.0634083618954
luch1239,atla1278,3.1056424689189557,0.02944649261636634,0,5.34124557907925,3.4096897909339
ludi1246,ural1272,-4.456293234566621,0.03312899021573312,0,-9.17291899775,4.0929473217726855
lugb1240,cent2225,1.3917591596038854,0.02407498704202532,0,3.7645646043787497,3.2825598432057648
lugu1238,atla1278,2.39128690174153,0.03727564324995628,0,3.551180610946,3.20226229241301
lule1254,ural1272,-4.212905874116501,0.03476771552758526,0,-9.132216500775,4.11163881829183
lumb1249,atla1278,1.6517936236029074,0.019721405081305075,0,4.659356938085001,3.3481689631547003
lumu1239,narr1279,1.9681121467358023,0.028184937692843304,0,5.70083838761725,4.265750267237751
lund1266,atla1278,3.0913918942711724,0.024620298265058717,0,5.3841989999085005,3.41362067301666
luok1236,nilo1247,2.8975576853094047,0.04013366749050478,0,3.4330643539,3.302257422492535
lusi1240,aust1307,2.664313543899402,0.029371846778323607,0,2.0626516153730003,3.229417267265345
luva1239,atla1278,3.1325771864023313,0.02727232488158829,0,5.3493919749625,3.4036405418027904
luya1241,atla1278,2.8545778674676745,0.02762352018791473,0,5.2196640803925,3.431392900141155
maan1238,aust1307,2.7209839946709984,0.04088455598692813,0,1.0751209093835001,3.164397654662875
maas1239,atla1278,3.3078738018664775,0.02968788102314694,0,6.0728093340275,3.6371420319613
maba1277,maba1274,2.447710980962687,0.02936591056157175,0,5.386556482383025,4.20885826846973
mace1250,indo1319,-0.759471473239923,0.019906147948143597,0,-3.5278560129375,3.1721689467161047
maco1239,sali1297,1.8303508678344333,0.029402585759102703,0,0.5787707018275,3.760821572530125
macu1260,tuca1253,0.09152639323298059,0.02490904729567369,0,-1.6220240364665,3.26661319889842
mada1285,aust1307,0.8163405016661998,0.025171363316986273,0,1.75569208181625,3.16500805546811
madi1260,cent2225,2.0129663985226975,0.03346642698695587,0,3.4674363230992498,3.3300895459003153
jama1261,araw1282,2.1449733372362276,0.034692853156104354,0,0.9668879564185,3.6050095801936752
madn1237,east2374,1.0234152698788326,0.042534088166063494,0,1.9656454331575,3.830891795558665
magd1235,otom1299,2.0592580651655377,0.025861741966001033,0,-1.5112367702465002,3.460367924728015
magu1243,aust1307,0.07040859984021315,0.042940343166743326,0,-0.786658836174825,3.11750159508731
maia1254,nucl1709,1.79697613805524,0.03580476576502463,0,1.4665181719702498,3.43309460835131
maia1253,nucl1709,1.8870791567639338,0.01670180584527853,0,1.4749007362622502,3.43996218992086
mail1248,mail1249,1.8595380712638065,0.03939931196586812,0,1.1786739998770002,3.73027051565263
mais1250,aust1307,2.046341478302371,0.03310580686267064,0,0.1210468371475,3.146638463871655
mait1250,indo1319,-3.1178013027047493,0.028472087687014633,0,-4.62946788317075,3.370720667640855
maja1242,surm1244,2.100163211191862,0.06030925220002674,0,6.1494088703125005,4.017415764039654
maka1304,atla1278,0.0840942620382352,0.01916109864633608,0,3.0644046233975004,3.2523917720377753
makc1235,taik1256,0.914312223254061,0.023188219432392118,0,0.14127693713925,3.2737217902029947
makh1264,atla1278,2.4054450975421573,0.027285000763001433,0,4.5971354359425,3.202995904862755
makh1266,atla1278,2.451664106677553,0.02710992227855802,0,4.6098241155675,3.207588404100885
mako1251,atla1278,2.6016473088394427,0.019330121670799096,0,5.5371906323,3.32407988966067
makw1236,atla1278,2.576092444221291,0.01820324116989149,0,5.5381118604725,3.318997538156215
mala1463,drav1251,-3.897626975816112,0.037453833614799495,0,-8.991793867075,4.267277161165885
mala1534,aust1307,-1.969981630988502,0.017755000706902262,0,-2.1750620925644997,3.137398305686005
mala1464,drav1251,-3.964099773579046,0.03252714132766756,0,-8.99301512155,4.285698029809225
mala1522,chib1249,2.841322424447063,0.05992640785949431,0,2.8002779716874997,3.49010879883701
male1284,gong1255,-1.9152814167508532,0.04157893872197493,0,-1.9978236288075,3.3400792951746547
male1297,chib1249,3.216698503082588,0.032754644899548144,0,2.4358456121806498,3.54943865092069
male1289,aust1307,2.7732539710553707,0.03068656516982733,0,2.197626593885,3.21550010551265
malg1251,afro1255,1.4004170667672093,0.01698638213352427,0,2.2124901929325,3.18760363193745
mali1285,otom1299,2.2318764547909087,0.024538200835860138,0,-0.4916938911515,3.45559663158032
malt1254,afro1255,0.5947584896367519,0.022024278113555732,0,3.4845082716975,3.192767684674405
malu1245,aust1307,1.5691225948601408,0.032505448663935586,0,1.30286446789625,3.16900217936794
mamm1241,maya1287,-1.5195049721009448,0.02692298469743398,0,-5.015949315895,3.551293314219405
sauk1252,nucl1709,1.8735288963089376,0.018240525938992436,0,0.7361178375325,3.281007213557825
mama1275,aust1307,-1.301819861320901,0.03225333135971788,0,-1.790241062545,3.034504935047345
mamb1306,aust1307,2.882306077729918,0.02789845478909255,0,2.240021231517225,3.2793127905815247
mamb1294,atla1278,1.9247186404902064,0.02442625867005946,0,0.85037991657025,3.164000302149955
mamb1296,atla1278,3.2034665662631356,0.02104267853383324,0,5.265387480729499,3.3675779896195346
mamv1243,cent2225,0.9094967737357692,0.03191506443899492,0,3.1897977269815003,3.26293548296635
mana1295,aust1307,2.2512921445273464,0.024411473766905754,0,1.7913149294389998,3.2367983015439448
mana1298,nduu1242,-1.7195409295802184,0.05915540903126909,0,-3.153030069375,3.631742563684175
mana1288,sino1245,-1.6302988265759544,0.03382534213520773,0,-1.1856699243025002,3.063051015792645
payn1244,nucl1709,1.4396184065459772,0.02623638489232217,0,0.7317847424649999,3.291809148092245
mand1423,atla1278,2.426741008777633,0.037633474259136206,0,4.6259714373825,3.248276687181815
mand1440,aust1307,0.6339073112585262,0.03074026313840877,0,-0.66555823106,3.113125672577935
mand1415,sino1245,-2.4610969973279717,0.024515724992366865,0,-2.868232089047,3.16742530612156
mand1436,mand1469,4.277497577293339,0.05211044595597372,0,8.4827671235,4.358205000528114
mang1378,aust1305,3.0416059678436937,0.0150720209399503,0,2.7812521856294996,3.162122940419145
rapa1245,aust1307,2.0856384719677927,0.019916819314334554,0,1.211110330132,3.00786741128709
mang1401,aust1307,1.7894226483092281,0.018169094678892345,0,0.964664918815,3.0056065118389848
penr1237,aust1307,-0.4465279980067338,0.020947892286335708,0,0.60605813842475,2.9937650103952853
mang1381,mang1423,-1.3815281824603667,0.03233429221833982,0,-2.0777419178575,3.731348154842005
mang1405,aust1307,2.0916637128759783,0.038458891638510476,0,2.0900779036605,3.2585883344386852
mang1403,aust1307,2.468070097386036,0.014991235313313452,0,2.06854118294,3.22792836858246
moni1237,otom1299,1.8113632822162948,0.025698571694699777,0,-0.2187503319875,3.40560821077047
tong1308,aust1305,3.2199982885839837,0.018430299239906647,0,3.0513051987199997,3.192288797108655
manm1238,aust1305,2.8394127998643834,0.011138598040787602,0,2.662233578426,3.08760285077389
mann1248,mand1469,2.9912208633934476,0.0564057542408238,0,8.5278776501025,4.381601817528734
mans1262,aust1307,0.0193891946006754,0.035741203592480265,0,-1.3570769515564,3.027252711660575
manu1258,aust1307,3.05378224930414,0.03440442848102756,0,2.2900472118554998,3.27224501397526
maor1246,aust1307,1.583788521469382,0.019654302493324175,0,1.17581539381825,3.006442374973335
mapo1242,aust1307,2.3438938229044863,0.028186800446613397,0,1.0875917138475,3.1685157012409952
mapu1245,arau1255,-1.769159585278747,0.0221081377474352,0,-3.1269832327375,3.802658784511675
mara1382,sino1245,0.44323682570139394,0.03024683265096091,0,-1.54534373706025,3.150148226946545
mara1399,aust1307,1.831453764654487,0.027296824105030672,0,1.5841548317265,3.15980526855059
mara1379,sino1245,-0.0221128703626241,0.025052713750415807,0,-0.19840013650125,3.114019519002265
mara1386,west2434,1.4853248801247778,0.047779868414450116,0,2.3059753817699997,3.718331593891535
mara1378,indo1319,-4.154011783640895,0.01859514044853638,0,-4.56861189469725,3.355583407704765
marg1253,pama1250,-1.3611789219366717,0.04633506816464928,0,-1.6660931028725,3.3403194823720703
marg1265,afro1255,1.1978543272225832,0.016383617829648322,0,2.1635540058959997,3.196934228497335
mari1414,drav1251,-4.904672823427945,0.041157267582696805,0,-8.917562033907501,4.28111989821566
mari1440,coch1271,1.1875305848521411,0.04394873646063206,0,-0.333454624237,3.630497700131585
mari1428,aust1307,2.4286496605161254,0.02386966953071557,0,2.2454966040175,3.22091901151758
nucl1622,anim1240,-0.8678291078391627,0.03724197212198358,0,-2.488161477325,3.670866177039925
mari1416,sino1245,-0.198267209467007,0.02011503779728194,0,-1.8577453001975002,3.1474602217902152
mart1255,pama1250,-1.7535765810674155,0.034498822847810404,0,-2.27745879770825,3.322821691262735
maru1249,sino1245,0.8491181228391543,0.031271030860328265,0,0.32193392263925,3.08415262089185
masa1322,afro1255,0.9138645994713877,0.01734760536209496,0,-0.8695956065265,3.210740081567025
masb1238,aust1307,-1.8073093979749943,0.038953145492221404,0,-1.7426727230995,3.051866549440165
matb1237,aust1307,3.304011044576956,0.05167897334430961,0,1.9410820154245,3.30602569801904
kemb1249,aust1307,3.583247154837641,0.03597617738526161,0,2.0584573829924997,3.2311844776124152
mati1250,aust1307,-0.6437447702710272,0.03687947682756272,0,-2.6510577418125,3.06157597687305
mato1252,aust1307,2.9503929417966406,0.032757781149912686,0,2.138302998145,3.238269313647335
mats1244,pano1259,0.802608890407661,0.030289324596483765,0,0.5370737466965001,3.33315242009846
matu1261,aust1307,2.8766667601443334,0.026560140520907837,0,2.22321104267375,3.22553327261555
matu1259,atla1278,2.624132923350089,0.01241583162186187,0,5.476014230325,3.321920548651815
maun1240,iwai1246,-1.4399134503065405,0.0238579836857466,0,-1.971223706596,3.737958682658245
maxa1247,nucl1710,3.0076113443340677,0.05622592815758121,0,2.934725688152,3.653274407826835
maya1285,misu1242,2.5741376353793983,0.03300426595858773,0,1.23290026776,3.68541060391463
maib1239,mayb1237,2.048507599756941,0.029897876545811268,0,1.29705008283,3.8302764405278653
mayo1264,utoa1244,-1.8221022915554366,0.027390616727297656,0,-4.01879869716175,3.34169223096927
mayo1261,atla1278,-0.0467081080702697,0.030855696152268408,0,-1.74926032575,3.14676173837604
maza1304,afro1255,0.9936126336869044,0.021647021337165975,0,2.15632150035,3.1933776165866803
mbaa1245,atla1278,0.36805487175338514,0.029429279233675498,0,-1.63937112614,3.1749354643052703
mbar1260,afro1255,1.212282502022994,0.014890462768009967,0,2.3106793,3.17349293910495
mbay1241,cent2225,1.0578657856337568,0.028165743266683856,0,2.75591960178995,3.1212288903806904
mboc1235,atla1278,-0.16012034594593966,0.0223543641795817,0,1.3446730015822501,3.2577240191595953
mbug1242,atla1278,3.4395989034858148,0.029268188125989202,0,5.18205934275,3.408841477992225
mbul1263,aust1307,2.787944237133276,0.025559467776686048,0,2.215774357905,3.2107006848607096
mbya1239,tupi1275,1.7018858551502754,0.027854088424917215,0,1.2575273711072499,3.236052594353035
meen1242,surm1244,1.8834870260376066,0.0519355328897594,0,6.3818227872,3.973428125467995
mehe1243,sepi1257,0.29057386754468845,0.05263501810159638,0,0.7375944489547499,3.4419620893372453
saki1248,tupi1275,1.5965154027373938,0.02814764942837139,0,2.2703545583049998,3.438144248054055
meke1243,aust1307,2.7743932433859895,0.02684451158544323,0,2.2883574260943247,3.16472279654897
melo1242,gong1255,-2.178744677096881,0.03407977778123969,0,-2.0903357808700003,3.3203420538161152
melp1238,nucl1709,1.045915647871702,0.026663095895332656,0,1.30815279651,3.210697209028715
mere1242,aust1307,1.4481032837415666,0.03350676907175563,0,0.12412618151150001,3.13007825127029
meta1238,atla1278,0.37343468490969,0.03091480529049552,0,1.73156611760575,3.2843879431519047
mezo1235,otom1299,0.898604683653485,0.02814051730961223,0,1.6291968521709999,3.484164031709425
mezq1235,otom1299,0.2619201686685053,0.02884553697115624,0,-2.8471553906644,3.32588746682149
mich1245,utoa1244,-1.679485397462527,0.026790782452528753,0,-2.7096966162,3.224908644075455
mids1243,atla1278,-0.6960774314709741,0.042992824322109977,0,-1.77204102054475,3.14394930792672
mikm1235,algi1248,-3.132985284777541,0.0379642220273625,0,-6.1249911358495,3.73014566119915
mila1245,sino1245,-0.1990352783085486,0.027898286423071055,0,-1.15294094886325,3.141148312972695
mina1276,afro1255,1.2788574067302805,0.022489742554776353,0,2.13714037301175,3.20415720179654
mina1268,aust1307,3.0668740021741927,0.03950784512543041,0,2.9334888068525,3.113471657388435
mini1256,huit1251,-1.9450498540234347,0.04274129768110796,0,-3.3039957558655,3.6405208000599147
mini1251,aust1307,0.9019276563281162,0.021319102761389663,0,0.6060969065305,3.12250947324205
minn1241,sino1245,-1.9088844780976664,0.025531487332956435,0,-2.381230858615,3.224465835064915
miri1266,jarr1235,1.0950665200967038,0.042480760721693815,0,1.82786946070425,3.749441979456995
misk1235,misu1242,2.4332472295860788,0.04304388725240886,0,0.904664010931325,3.7358590421838302
mixt1426,otom1299,2.1397918527683393,0.02677936382857228,0,1.46866995095575,3.5326165827433753
miya1266,afro1255,0.08454086210037765,0.024823084014048827,0,-0.899176203114,3.194349491120675
miya1259,japo1237,-3.9688161539207183,0.030209869354870914,0,-4.90608491978,3.687236574892835
lush1249,sino1245,0.5133321610621189,0.025143216877231537,0,-0.332409112151,3.141464305587525
mlab1235,aust1305,3.1620765685040872,0.015041529456865141,0,2.94324607194725,3.143318884175165
moba1244,atla1278,3.1116784840816187,0.02876121791862479,0,3.8207082237752497,3.342493334904255
moch1257,maya1287,-1.5183393514158317,0.026743052012963998,0,-3.65694593655125,3.4397954624097897
moco1246,guai1249,-0.5090579256967412,0.02145670429091019,0,-1.19251886169815,3.44300334921209
mode1248,indo1319,-0.7450395584644386,0.012444833707144822,0,-3.7877632345975,3.53697688356029
hebr1245,afro1255,1.9996782616941504,0.017612563427879962,0,1.8178576080875,3.26493201722037
moke1242,aust1307,2.5778631166479755,0.036448215118559224,0,2.23822629932675,3.17248969997067
moki1238,aust1307,1.271866831493441,0.024618379362841846,0,1.819803144645,3.10308206737277
mokl1243,aust1307,2.509075324361886,0.03434339316986823,0,2.23231286839775,3.170036960238725
mokp1239,atla1278,0.2620869405660595,0.028951616257934798,0,3.2161293671225,3.27118572913783
moks1248,ural1272,-4.2064137792582965,0.027090497868565898,0,-9.046428971025,4.170715780993465
mono1273,aust1307,0.41410101257610554,0.027598480252551127,0,0.15339628646325,3.03451469138368
mono1270,atla1278,-0.6235978419965293,0.03855441691214481,0,-1.769489060024625,3.142267641480485
nucl1458,monu1249,1.9017447716942621,0.04037782036360105,0,0.84941375208825,3.83636801882126
mopa1243,maya1287,-2.455327205643999,0.039455842191940205,0,-4.663059184415,3.55653376693634
more1259,utoa1244,0.01498857876776385,0.02067713848424564,0,-2.29702364162275,3.21954443926224
mori1269,aust1307,1.6544886491852933,0.03600465328176402,0,1.3985562106565,3.14092409082249
morm1235,aust1307,1.5703788359227977,0.036241917868197006,0,2.110264245005,3.24838936495614
moro1285,heib1242,1.8699782504230487,0.024423150155839613,0,5.6185410774175,4.300160488812001
moro1287,aust1307,1.877309042974779,0.029188026404048797,0,0.3622450545775,3.141762921379255
mort1237,aust1307,1.5030043780338151,0.023059690771940384,0,1.5707125908479,3.01525902270624
mose1249,mose1249,-1.454457280699633,0.03228483838313808,1,-3.1546292397685,3.69781974234539
temb1272,atla1278,1.0029833254589766,0.028370170351513176,0,5.3944658425275005,3.3927689065511952
motu1246,aust1307,2.8438864769007957,0.02570068991227435,0,2.2670515669575,3.176416485243635
mouk1239,aust1307,2.678561976309097,0.029208086151343834,0,2.1535318465519753,3.237669339973205
moun1252,koia1260,1.430858876650563,0.033428392719014405,0,0.98764819217,3.487895476995585
movi1243,movi1243,-1.1546790598109864,0.035113712327510475,1,-3.254857864405,3.7135924475553352
tang1347,aust1307,1.9018720232560284,0.02555120213255206,0,1.532841133948775,3.16598068054481
moyo1238,sino1245,-0.02029830168924715,0.031128324213585627,0,-1.084831395635,3.128328230619155
mpad1242,afro1255,1.580517639394682,0.019909137170016,0,2.3559445863825,3.1977612841744003
mpii1239,sino1245,2.548593711350492,0.029650229253455753,0,0.29724718472875,3.0179722171696897
mpot1240,atla1278,2.6056232826440375,0.022674585738222768,0,5.49416143316275,3.31870395940147
mpur1239,mpur1239,1.9380316680988692,0.033909954120164384,1,1.2231373765272,3.87775662448889
mual1241,aust1307,3.217699906228483,0.031108725804580843,0,2.7896426687975,3.16901562885791
mudu1242,aust1307,2.372426625537769,0.026491414639102186,0,1.5122432403275,3.2440090315742154
mudu1239,drav1251,-4.129898896707765,0.04020553478107087,0,-8.97356427458,4.274630666308095
nucl1240,atla1278,0.9256715974044905,0.03240250181712099,0,-0.2667125363505,3.2086707081157098
munc1235,sino1245,0.4819067578860934,0.026040101638825718,0,-0.79957373154225,3.0560759782813003
mund1328,atla1278,0.9771940656158814,0.03144462667263788,0,4.8504582377864995,3.502185277657015
mund1325,atla1278,1.7843463859132274,0.026081873818607517,0,0.905741183305,3.16647793030803
mund1320,aust1305,-1.8952772904826232,0.024135448427487827,0,-1.886251776524,3.125637544350665
mund1326,atla1278,0.33678638809468076,0.03378607413844143,0,-1.7530135209675,3.15216963335377
mund1330,tupi1275,2.0842471498396273,0.021210921235803707,0,2.1363482466525,3.4813512804950797
abar1238,atla1278,0.9762143058606053,0.038219764210725156,0,4.7924245279375,3.522981171170985
murl1244,surm1244,2.4026726494860773,0.04253360012406009,0,6.3516695126575,3.97909579553054
muru1274,huit1251,-2.042495826845755,0.03875072738949955,0,-3.2798481711725,3.6249112098237797
muru1266,pama1250,-1.4374447479330095,0.03955229928568318,0,-1.782839931985,3.4074735763975452
musg1254,afro1255,1.459675945238395,0.01213760741291044,0,2.278593317475,3.18279720424754
muyu1244,aust1307,2.037154341791781,0.023421598419474682,0,2.260807764115,3.162631703976555
mwag1236,afro1255,0.49795251165884363,0.02449024189309448,0,1.33511322219,3.1763282287462102
mwan1250,mand1469,2.962632062856008,0.05237553637330558,0,8.525691937729999,4.385709226044295
mwan1247,atla1278,2.4213234169531868,0.026388613386181103,0,4.823462034573,3.2441237398075247
mwer1248,atla1278,2.636223224573432,0.01804436697084774,0,5.5381618194025,3.3064117878853247
motl1237,aust1307,1.5410831847147155,0.03098022935190759,0,1.22662999032075,3.1305319741854
sout2857,aust1307,1.793483666479537,0.029463702229898654,0,1.487202350865,3.167819679122
naka1262,aust1307,1.998377871671027,0.030411654965443697,0,1.5916148096775,3.23166101936705
nalc1240,nucl1709,0.22153034229196494,0.028341270039226943,0,-0.7710642929689999,3.17187623018685
nali1244,aust1307,1.181365621503509,0.029595568196152815,0,1.63194128405975,3.205181464109155
litz1237,aust1307,1.8141028327692394,0.02819376880523903,0,1.4486525833944999,3.1535850552575253
nama1264,khoe1240,-1.8917877118202582,0.05942704334644471,0,-2.02005334860375,3.6158986157392903
namb1293,more1255,-1.6965179795895124,0.06050995548712456,0,-2.920719475296,3.6695107694109153
namu1246,sino1245,0.6855009556367125,0.02323343418254815,0,-0.603781551,3.127650270308925
nana1257,tung1282,-4.125345722602093,0.03265253946466313,0,-6.460927203283999,3.787040593956975
nand1266,nilo1247,2.4124838549802696,0.03116251417131058,0,2.3994715719475,3.33336731894327
nang1262,aust1307,1.485292882273301,0.02313866036344372,0,1.79795346661275,3.2368760531465
nant1250,araw1281,-2.0324266518680694,0.025058157954719832,0,-4.112252609795,3.357000777037185
nati1244,aust1307,1.4930390148024113,0.024247954503273515,0,1.5810459172835,3.1585179479121352
nati1243,atla1278,3.494821226994127,0.03740143474619156,0,3.1397092320924997,3.36408055411168
naue1237,aust1307,2.947692859054278,0.035882034825481586,0,2.5869351768330002,3.239319744472975
naur1243,aust1307,1.3656685514375844,0.00978192286259653,0,1.6006223226874998,3.18707940283136
nava1243,atha1245,-1.4937612928366126,0.028555777607115106,0,-4.633527662885,3.4153577622061
nawu1242,atla1278,2.800312755242052,0.03158083422294266,0,3.9383704845825003,3.3951701285602898
ndam1239,atla1278,2.649554899431604,0.028000813631674344,0,5.24714346997475,3.35337610996568
nden1248,atla1278,2.6113161745885938,0.01352023805460448,0,5.4936112245299995,3.3253529076272903
ndob1238,atla1278,1.6461429037251647,0.03516215809837345,0,5.426200171715,3.396379811622615
ndog1248,atla1278,-0.16910699937325718,0.030383141844151706,0,-1.3690735172925,3.2012933342674046
neha1247,aust1307,0.1814909223636781,0.03050929527110538,0,-0.7021746612124999,3.1088343716473297
kuma1276,aust1307,0.2171108822262348,0.02658164715833666,0,0.33066563321762,3.10137947278605
nenn1238,more1255,-1.6706654851329947,0.05746652780562179,0,-2.8929481604225,3.653395389950535
nend1239,nucl1709,1.7341125051768351,0.030082061736828918,0,0.6394611146692499,3.3042618470267398
neng1238,aust1307,0.3180266727664738,0.02955880225273834,0,-0.43162230007174995,3.16441502193289
nucl1706,afro1255,1.4502036309709343,0.017346447679566716,0,1.3458485913025,3.179176492131295
nepa1254,indo1319,-2.7420524428267523,0.036621275842822903,0,-4.5348480137500005,3.390831702431
nese1235,aust1307,1.8712811033986714,0.028760120914698626,0,1.27390478529675,3.182138239487545
ling1265,aust1307,1.7898865365322307,0.029472306482128542,0,1.449304922551,3.163071683622115
nezp1238,saha1239,-0.6400753055258332,0.02167779097820085,0,-3.332931121365,3.606986113061735
ngaa1240,pama1250,0.4710576874646908,0.027630016773192587,0,0.0500211470775,3.25894913006564
ngab1239,chib1249,3.4768317229076864,0.03701298461767369,0,2.5324853315085,3.519451815397105
ngal1292,gunw1250,-2.139776001592433,0.04131302793774974,0,-2.9614573124925,3.59117028898729
ngam1268,cent2225,1.240241577954682,0.028223507488906598,0,2.53244735992,3.101192897440715
ngan1291,ural1272,-4.759566700208343,0.06707144809343399,0,-8.839932380215,4.28911631240007
ngar1235,pama1250,-0.2593658569664471,0.03472083959259176,0,-1.22779825006375,3.20369474459445
ngar1284,worr1236,-0.21673081588351184,0.03904138763052331,0,-0.219753009765,3.4277682551552253
ngar1283,mirn1241,-1.7775640548812635,0.039298169438698426,0,-2.8290378680524997,3.63958737496207
ngas1240,afro1255,0.6234556249607632,0.024514137491163743,0,1.2707283180775,3.171772527574195
ngba1284,atla1278,-0.17854406869379724,0.029674143490611333,0,-1.705938465288925,3.15380824331212
ngba1285,atla1278,0.6928086402490864,0.0257909951454042,0,1.9367673339775,3.23042411137975
ngit1239,cent2225,1.3044674054964713,0.030731566616144575,0,0.7782219193025,3.21233023626055
nhan1238,pama1250,-1.9649806322117842,0.04383577889654503,0,-2.00000484909975,3.302966129113125
nhen1239,tupi1275,1.5775018072359726,0.034761615532256186,0,-0.46646956671,3.191368415222105
niha1238,niha1238,-3.884775398587616,0.03680923121949809,1,-7.3159955805225,4.943312172613015
nila1242,atla1278,3.406118007927965,0.023709360831198692,0,5.19677395588125,3.36536723952662
nucl1633,nimb1257,1.218905778084284,0.04047197689634466,0,1.433889838567,3.776226666059705
labo1244,aust1307,1.5134503448580134,0.010796682115777598,0,1.5868861633184999,3.1597501730461097
nisg1240,tsim1258,-1.944808181319526,0.030574370152573232,0,-4.12195545598,3.946958224853565
niua1240,aust1307,0.9058531555031122,0.019352488292523534,0,0.45230492983000004,2.97554276813632
niue1239,aust1307,1.1517312143414276,0.020826939386430994,0,0.6526710497452499,3.021212313834205
niva1238,mata1289,-1.2061208876207044,0.03673535776240824,0,-2.8143461174475,3.69152905380794
njan1240,atla1278,1.059860055246744,0.026853092027992968,0,4.769950191576751,3.63174285905973
nkon1248,atla1278,2.7312558521464725,0.03156428054556365,0,3.9243785247150003,3.4166643373502197
noct1238,sino1245,0.08363695504615501,0.031039704899293367,0,0.08813422877249999,3.103355953823285
noku1237,aust1307,1.5904807367872171,0.008972058855902767,0,1.6019183221217501,3.17610250548219
noon1242,atla1278,3.5018443569869375,0.022992913378097304,0,6.0123303073555,3.6589056346763247
noon1243,atla1278,0.9376244944666161,0.023014042353159434,0,4.9256717262375,3.5087257637094353
nopa1235,otom1299,2.443720320240649,0.0345642414246975,0,1.5308171633724998,3.521947253551045
nort2839,aust1307,1.0453506595463815,0.024772099550826602,0,1.3272843784125001,3.133989905455515
nort2697,turk1311,-3.1946329860506166,0.03438139862029546,0,-7.3286587991675,3.873689138669505
darg1241,nakh1245,-3.6524784260780323,0.032889705578040926,0,-7.232883993925,4.012332141019115
nort2930,kiwa1251,-0.8251694103590936,0.03787041038111859,0,-2.2415834067552503,3.647705346753845
nort2972,choc1280,2.330825099643878,0.03258007541431213,0,2.29803068227975,3.54221739331488
nort2702,drav1251,-4.841820363813525,0.04403868834745134,0,-8.903982226975,4.29245976714688
gumu1244,gumu1250,-0.17933204725497026,0.012344603548079532,0,1.20778942860435,3.58771112945648
nort2938,haid1248,1.4249147881290436,0.03936528418290005,0,-0.1781336887015,3.77873271402435
sing1264,sino1245,-0.013705950043333099,0.025409678420066414,0,-0.88314278748,3.0460445962407
nort2877,aust1307,-1.8242585699352214,0.031220157823588602,0,-1.907703975104,3.125055817400575
nort2684,aust1305,3.2596490062673014,0.01536835741972399,0,2.72833560330775,3.137353701409275
lush1252,sali1255,-1.9433494779167706,0.05437481896248229,0,-5.7960977349260006,3.661012907172175
nort2774,atla1278,-0.21719987386683415,0.028740132964164004,0,-1.7317629880475,3.159749624043155
nort2954,utoa1244,-1.8825561744221821,0.030120470828942664,0,-3.35158078955575,3.2988913908846698
nort2957,utoa1244,-2.0241658209828666,0.030677707282371285,0,-2.51724667559575,3.23148263870376
nort2723,sino1245,0.8719605038648808,0.02295103493061089,0,0.736743886284,3.1383356795139052
nort2747,hmon1336,0.8334055671736498,0.01367867837313694,0,-0.3229840143525,3.20408616903382
nort2722,sino1245,0.43881735626310403,0.027116298955610626,0,0.3433350305785,3.11765342223941
nort2994,aust1307,2.3684826832446957,0.0287432688664137,0,2.177762657045,3.13776563817244
nort2885,aust1307,-0.623736034204646,0.03239568091009211,0,-1.920046010015,3.06111522995212
tosk1239,indo1319,-0.3611287980943614,0.02273179399646498,0,-0.2360207741225,3.3310297407598553
nort2732,sino1245,0.49666919340310245,0.016379791014751545,0,-0.13893497035000002,3.160652931555875
nort2690,turk1311,-4.3256106015531675,0.05364524915729561,0,-7.291138185265,3.88899968743128
yoku1256,yoku1255,-2.155485630417137,0.027533009527092884,0,-3.7820667532225,3.887418748760445
nort2745,yuka1259,-3.1544568477698536,0.02662160214861209,0,-6.291909122677501,4.763611189139031
nort3047,afro1255,1.1361933180125527,0.01861115866303565,0,2.2141723308424996,3.19702036131947
nort2980,quec1387,-3.218498866628643,0.04546149305015808,0,-4.8627795672425,3.51867468631042
nort3139,afro1255,1.145245667632354,0.02342657299208046,0,3.3744198562400003,3.20499249282575
nort2845,aust1307,-0.5481969928187407,0.01940271743407821,0,0.5304332025425,3.01522185315785
nort2671,ural1272,-4.313951267890751,0.041184038793245906,0,-9.12969445865,4.106332887718706
nort2942,atha1245,-1.5827533178758864,0.02188088516366007,0,-4.3186228512,3.348903312995405
nort2847,aust1307,2.0016379366260155,0.031840609833883024,0,1.7096700537375,3.174803591997415
nort2699,drav1251,-4.8474847619483405,0.03942899699595151,0,-8.765225063425,4.351561120901545
nort2961,algi1248,-3.1891033334700447,0.03725867738008428,0,-6.2857923534874995,3.66019654087404
nort2775,atla1278,-0.2380609117964447,0.02928732026892639,0,1.26519281015675,3.230511711364605
yaki1237,saha1239,0.2770483821173644,0.017324777864908703,0,-2.06531439118075,3.582197957401995
nots1237,aust1307,0.8256948014337399,0.021443643822035084,0,-0.7157652084425,3.1130840510744298
nsen1242,atla1278,3.0335349202182202,0.02387932764133184,0,5.3348382421975,3.33283737172367
nuer1246,nilo1247,1.2533867014160531,0.0212073962187556,0,3.4214031930488247,3.389927064364795
nukn1238,nucl1709,1.7568772102771493,0.02783253093115708,0,0.840239832331,3.260728427473735
nuku1260,aust1307,1.3508861953402687,0.02765758095472442,0,1.13878190085,3.080094524894255
nung1282,sino1245,0.824872885141379,0.028087322232504104,0,-0.72503413869325,3.1104825594155248
nusu1239,sino1245,0.953597047099771,0.02228434784743932,0,1.02155276724,3.1579102243029498
nyah1249,aust1305,3.1623456572437787,0.012733130789776774,0,3.2881150645924997,3.1688905080586
nyah1250,aust1305,3.573488511974985,0.02229425572892858,0,2.7920850898457497,3.16209029877895
nyak1260,atla1278,2.9247959572377074,0.02923601102793428,0,5.1917394249325,3.385780988906725
nyam1285,afro1255,0.09907647851393839,0.02969623620658761,0,0.42016259611609996,3.12612650674512
nyan1301,pama1250,-1.208219617587135,0.04679977041063308,0,-0.941009346376,3.204582687486305
nyan1307,atla1278,2.2888049607516106,0.02849206633336159,0,5.5600260816925005,3.30511282235434
nyat1246,atla1278,3.3497834520809104,0.022288592784069076,0,5.20397363752575,3.37001664400142
nyig1240,nyul1248,-1.5839952460772762,0.05435721631983549,0,-3.1948951703560002,3.685880376182085
nyor1246,atla1278,1.8500594369741217,0.02241269913161099,0,5.56541033248,3.3006019238840096
nzad1234,atla1278,2.196288855217442,0.026726225978417763,0,5.2046131098157495,3.408597490687575
nzak1247,atla1278,-0.6865896015475803,0.021834316322520714,0,-1.64556729688475,3.165626843824435
obok1239,lake1255,1.14000337059881,0.03765846665003212,0,1.7646238378030001,3.7543876833164154
occi1239,indo1319,-1.571081819312519,0.017508096702202755,0,-4.476153900502499,3.1770819418910197
ocot1244,otom1299,2.2604916958794785,0.022490485493578218,0,1.4613210910465,3.539971863514525
oriy1255,indo1319,-4.108167634797198,0.02878903028184807,0,-4.585482302067501,3.366116303262965
okan1243,sali1255,-3.2941399766954405,0.04553015616391426,0,-5.5932628048075,3.7128845282372147
okin1246,japo1237,-3.8752932022908464,0.026837322729059282,0,-4.96942048638,3.647460698058565
okoe1238,atla1278,1.407433223719866,0.03197875931959325,0,2.78059567412275,3.283930047127545
oksa1245,nucl1709,0.31237245835287497,0.030755107079281606,0,-0.50345950966,3.14814632321942
okuu1243,atla1278,0.8626786715983964,0.019839361861982725,0,3.8774942405225,3.30303824261349
oloo1241,nucl1708,1.7991318510685965,0.07781161436782316,0,3.31797040071,3.59966629902247
olut1240,mixe1284,-1.6810374665755605,0.05401595112550976,0,-4.399363097619499,3.6412238980051503
omah1247,siou1252,0.6790835463881142,0.02862610814644739,0,-1.259294551085,3.491299308990145
omie1241,koia1260,1.3709900992550874,0.024767268198431152,0,-0.4523852732375,3.30893786443999
onon1246,iroq1247,-2.148072591620881,0.02503801791484328,0,-5.523764426078175,3.746019785193755
orma1241,afro1255,2.3844356736528587,0.024379979841590082,0,2.3373209695124997,3.11352103445198
oroc1248,tung1282,-4.082675511541268,0.035119887760412895,0,-6.45042576834,3.75536779976952
oroh1237,aust1307,1.7750329298338925,0.0204459200423739,0,1.0047273603925,3.10775433947035
orok1265,tung1282,-3.8999051140056236,0.03972141310460016,0,-6.460065576697501,3.7776077783498847
orok1267,nucl1580,1.674780750440793,0.04834919538206507,0,2.0503365042799997,3.75718047585599
orow1242,aust1307,0.378774849022177,0.026552698190138987,0,0.6274342630725,3.11024232521601
otta1242,algi1248,-2.509614943319116,0.03949783465925633,0,-6.3290762075675,3.64140129929844
owaa1237,aust1307,1.2445999179247855,0.028148449658386823,0,0.23914335656000002,3.09258729236117
paaa1242,afro1255,-0.17304791362693295,0.022755061592493107,0,-0.7672304480735,3.22309209333374
darl1243,pama1250,-1.2269657993037146,0.03659392577992775,0,-1.248233950226,3.38439783277807
paam1238,aust1307,1.008262129060201,0.01465604850562591,0,1.1406607939575002,3.143130877227525
paas1238,atla1278,2.963820756703062,0.03491261363522197,0,3.7357871824849997,3.3550458999822297
paco1243,aust1305,3.041031599423248,0.016570077549526534,0,3.00636913403675,3.15077523088251
pagi1243,atla1278,0.0580582273146737,0.027988744724648136,0,5.252065484345,3.4047335140985098
pahn1237,hmon1336,1.8388738892236416,0.0254632759261589,0,-0.63296608907925,3.178855550836185
pait1244,sino1245,0.5029062370245241,0.03165355831662085,0,-0.271741992125175,3.0467039575704504
pala1344,aust1307,-0.2554978399373781,0.020943817104101748,0,-0.716192876165,3.21773678495242
pali1279,araw1281,-1.2691735641557045,0.019195054802120106,0,-3.0298635742035,3.4044551640280902
balu1257,aust1307,2.239757903416187,0.03315316595007834,0,0.35323996899575,3.1253303681779547
pamb1243,atla1278,-0.5181272897436446,0.02471638346668701,0,-1.643543754615,3.177445485322905
pamp1243,aust1307,-1.9348934832243234,0.04063208881408868,0,-2.1818092435549996,3.16271313176291
pana1305,utoa1244,-1.776516654237387,0.016405757463362345,0,-3.6735577316225,3.29074226931942
pana1307,nucl1710,2.5379938084721516,0.05110327241449205,0,3.18026687567875,3.6242664201953803
enap1235,cari1283,-0.01185224474165125,0.02718558614461489,0,-1.93108071341227,3.216335461838935
pang1290,aust1307,-1.6964406509002952,0.032447523227062146,0,-2.2572886616075003,3.1633880566756254
pang1287,atla1278,2.3019312297143957,0.029455978247177116,0,3.6317883194125002,3.205700047988185
pany1241,pama1250,-1.661883053741983,0.035369628799968474,0,-2.3362550688574997,3.313883023050325
papa1238,toto1251,-2.777976208576792,0.03493353682971153,0,-3.878966891687,3.694669940524145
papa1265,aust1307,0.24573346864536189,0.029778078975708513,0,-0.6892167788575,3.117567533862025
pare1272,araw1281,0.39627956260238517,0.031868094359934776,0,-1.732404965912,3.3725677206753604
pate1247,aust1307,2.1542749707984057,0.029687368052715053,0,0.18335649069249998,3.1409274008128403
patp1243,aust1307,0.39095223185112365,0.030198693772452833,0,-0.30594515613997497,3.14037278139681
patt1248,sino1245,-2.8593511943921452,0.025392178512050043,0,-2.231127004535,3.230209978036395
paul1238,aust1307,3.0662466414142475,0.036191212188799914,0,2.2648591418975,3.2774774245501748
pawa1255,pawa1255,-0.6190255004840556,0.04501160027513713,1,-2.58105927902825,3.721330159478425
peer1241,atla1278,1.2478765183575815,0.03146300974233557,0,1.094243030355,3.201877827752625
pela1242,sino1245,1.4310330797621078,0.026695372717803346,0,0.5262182569830001,3.088492867079565
pemo1248,cari1283,0.29726522032521613,0.02902654462099819,0,-1.33611470088675,3.21567666390079
pend1242,aust1307,2.195558458363425,0.02275109673273762,0,1.6715215149825,3.200174327470675
peng1244,drav1251,-4.792148962052268,0.04251658563497812,0,-8.895522110875,4.304563271783421
phon1246,aust1305,3.3542767689391972,0.017155688408301367,0,2.9635506281675,3.152481865148305
pich1237,araw1281,-2.853116055791183,0.025671492027550587,0,-4.1340416028125,3.364978153131435
pila1245,guai1249,0.2562727598653881,0.02080332172560956,0,-0.46399131071325,3.4264690763223298
pima1248,utoa1244,-0.9200486300615548,0.026523153172536295,0,-3.62817299532,3.32874459086268
pina1252,piaw1238,0.3907334276031384,0.044765725571269024,0,-2.3222629656825,3.456769233408955
ping1243,aust1307,1.4112465707899653,0.020298442699068008,0,1.87630234900375,3.096512284822035
pipi1250,utoa1244,-1.0921420510862998,0.028608781337868955,0,-3.4241854599500003,3.31692119372324
pite1240,ural1272,-4.190002562921627,0.036812202061209026,0,-9.131747473874999,4.10613236615151
pnar1238,aust1305,0.8961162348777227,0.014062898391999784,0,1.5286305801150002,3.05622352950297
pohn1238,aust1307,1.3445235027384774,0.024268592058070124,0,1.8806939219799998,3.094165042081735
poko1263,nilo1247,1.7380988949949727,0.03016768987865887,0,1.6471107023625,3.32128820285622
poli1260,indo1319,-0.608292254419736,0.023311523137511104,0,-2.239396341959,3.11329158998964
popt1235,maya1287,-2.421187226517782,0.03299750664484112,0,-2.5522243391682498,3.3775099026839204
port1285,aust1307,1.318457169725578,0.026246979557444573,0,1.2507166044125,3.11993293599477
port1283,indo1319,-1.0956897593624562,0.011256762705051875,0,-4.534692604118,3.183664751822285
phai1238,aust1305,3.4360626931125955,0.012379395991592702,0,2.9726972970107504,3.139118738266715
puka1242,aust1307,0.9243251883644434,0.022453403010347827,0,0.7137626023275,3.0070283283483796
pula1263,atla1278,3.701272511567876,0.023184292205168336,0,6.0958622196325,3.620656585645275
pula1262,atla1278,3.6194290386650403,0.024125660329925143,0,6.0924607950060246,3.62732023247037
pulu1242,aust1307,1.0540897003925478,0.018204754337685494,0,1.64848170051,3.023891954945115
puma1239,sino1245,-2.039163559023401,0.027682540378117647,0,-2.595151913035,3.234648481430265
pume1238,pume1238,1.398005928399357,0.03964811182519146,1,1.0373961113705001,3.711220821193065
pure1242,tara1323,-1.4874734611678644,0.041598682765776177,0,-4.2876877789400005,3.823244168783805
puri1258,sino1245,-2.7468723556920063,0.0277174274023516,0,-0.7205274796900001,3.0751968909208847
qanj1241,maya1287,-2.54697520085322,0.0322538581250719,0,-3.091380262625,3.41543155791215
qawa1238,kawe1237,1.1128243509668556,0.029140931175968596,0,0.42433640832499997,3.80472179238353
qima1242,afro1255,0.4201392287169624,0.012896631902619868,0,1.5281767275275,3.1037397092940253
quer1236,otom1299,0.2703066978400952,0.03144957599888548,0,-2.84240074026,3.32028647583981
rabh1238,sino1245,0.2840304576855741,0.02423247045525587,0,0.3059625848925,3.091742714369215
raji1240,sino1245,-2.6697024221261554,0.03426086599580384,0,-1.4126082134705,3.178451040258285
rapa1244,aust1307,1.656507332946051,0.016407820290589712,0,1.1477403391206251,3.035921604328435
rapo1238,nort2933,-1.8483613780996928,0.052610700896990846,0,-3.104892966155,3.703372093470925
rata1244,aust1307,2.2160932980992767,0.025740439416215285,0,1.5636508079175,3.2418511822096896
raut1239,sino1245,-2.734799274886981,0.02720920651864586,0,-1.4225389206925,3.1838118798036996
reng1252,aust1305,2.313456035611275,0.009547870512662433,0,3.2849441283000003,3.1742739587307103
renn1242,aust1307,1.792936311158738,0.023719668545338666,0,1.1462196232175001,3.0260873719474652
reye1240,pano1259,1.5323820306659384,0.039612716932200316,0,1.2975503975,3.33723163027306
rian1263,kolo1268,1.7573211691102044,0.04931964322632141,0,2.1392600300159996,3.71326868712402
rikb1245,nucl1710,2.676632325671547,0.05783528021424811,0,2.85173820337375,3.665305807588965
beka1241,aust1307,3.333682437012448,0.03256220242334249,0,2.0651593818,3.23458998481069
roma1326,indo1319,-1.7364773510418066,0.013381818486330216,0,-4.47551338055,3.19459183706417
romb1245,aust1307,-1.7090302684698886,0.03301603717257985,0,-1.7644777014525,3.059131770531455
ronn1241,afro1255,0.5029667245066944,0.031270837518220254,0,1.0207762257795001,3.19745022306118
rong1266,sino1245,-0.3406952878120457,0.020395253134272085,0,-0.74237530300325,3.11574700705602
rong1264,sino1245,-2.8425809598406238,0.03043261074178804,0,-2.3129977109071502,3.19802032521135
roto1249,nort2933,-1.8721205164194687,0.049959916302867516,0,-3.0870640863575,3.716933147208475
rotu1241,aust1307,1.0658000781757315,0.019287958627226407,0,1.42822667051,3.12610933904161
rovi1238,aust1307,1.2574114595146189,0.022739656369399702,0,1.6199940588950001,3.153440544150805
ruch1235,aust1305,2.7673186378936645,0.01065069213211573,0,2.67117019890375,3.09291514525162
ruka1240,aust1307,-0.6725802335549727,0.0303057370720268,0,-1.334799523331,3.333311647815545
ruma1248,aust1305,2.3046236443153667,0.011937536097531553,0,2.62850110941,3.096334939486325
rumu1243,tura1263,1.137530754494684,0.060668697641934735,0,2.1923253088503,3.704624078322875
rung1258,maba1274,1.2883527499714065,0.03250375545006796,0,5.401147337299751,4.140911779297316
russ1264,mong1349,-2.7995510137065,0.026134256576792185,0,-3.4850035415104,3.304808576219755
russ1263,indo1319,-3.730657114745926,0.021533366715020173,0,-3.2337201797675,3.14794655327574
rutu1240,nakh1245,-3.5271289532161636,0.03528727907071005,0,-7.2579613803125,4.05480571295705
saaa1241,aust1307,1.1221812255708636,0.03435050736154344,0,-1.157713668575,3.097009769658455
saaa1240,aust1307,1.781301048542773,0.030486032818945928,0,0.9968043028325,3.1347237039353297
saam1283,atla1278,2.7630433997065253,0.028039683208435636,0,5.44515567617975,3.31357756155745
saar1237,aust1307,-0.5143705056929729,0.04030590458661515,0,1.3532257865077502,3.353526091085835
saba1268,namb1299,1.8482088670638617,0.04337811083249701,0,1.2714968510797502,3.63907237800641
saga1262,atla1278,3.1965088788525255,0.02715888527809356,0,5.24451291872025,3.3129310375313947
sais1237,aust1307,-1.1187021959197685,0.02530308576442213,0,-1.456644657246225,3.3812197652503597
yaku1245,turk1311,-5.209448471757469,0.08726199197446305,0,-7.2861005767285,3.8537026136584798
samb1305,atla1278,1.2507547761040279,0.032022730478776754,0,1.09969381849175,3.20711244507613
samo1305,aust1307,0.9409193172266488,0.02341742683852896,0,0.2409394841485,2.984373731317305
sana1295,afro1255,0.5693621494925014,0.01211055668873575,0,3.38146421994,3.1984198628623552
sanb1242,chib1249,3.443786928374708,0.03401353470140926,0,2.58828144270475,3.49586084293063
sand1273,sand1273,2.7855267497442493,0.028668974168645008,1,5.7012276313850005,5.286530481651486
sand1278,huav1256,-1.7240854437038626,0.02733179218848556,0,-3.26267488716275,3.842097721452215
sang1331,atla1278,3.283317730150868,0.02057403035007842,0,5.2349712735075,3.42668774786514
sang1321,sino1245,-0.176057904743673,0.03240594607910191,0,-1.0417863032999999,3.1297323568213553
sani1269,sino1245,1.8976671396309608,0.017533267273153397,0,1.7476801719725001,3.1590173316450754
sanm1301,otom1299,0.6201088984096057,0.027514402014219574,0,1.6379051156975,3.472421226657935
sanm1289,quec1387,-3.2385333631480533,0.06848060857221439,0,-4.957173126444999,3.502285300346535
sanm1295,otom1299,2.275917415949423,0.022894436555569463,0,-0.678626361720175,3.4833118194417
sant1410,aust1305,-0.9843844558984958,0.01799185733881052,0,-1.721364632360775,3.1566743154399504
sant1436,otom1299,2.406356609788243,0.027281126991723362,0,-0.026165711504000003,3.52203556738246
sanu1240,yano1268,1.4140867268681678,0.02737996934689636,0,-0.41264355697974997,3.418145622314495
sapo1253,aust1307,0.2490388480362764,0.01717255658497423,0,-0.07874971236025,3.155529514067025
sapu1248,aust1305,3.092924017033075,0.011454299144587012,0,3.26583218565,3.1848883120256604
sara1321,cent2225,1.1841462275132693,0.03162239917701451,0,2.8547219132675,3.13189624689148
sara1327,aust1307,0.22209616386694048,0.02311667520636771,0,-2.5131147052325,3.0733023136689397
sars1236,atha1245,-1.314663009002374,0.024192052960164967,0,-4.025913659305,3.35096566169159
sasa1249,aust1307,2.0683283054318067,0.026910806325779794,0,2.39026469276175,3.18416856660843
sata1237,aust1307,1.2126904401225034,0.02133417308853955,0,1.7345788609600001,3.023840796285695
saur1249,drav1251,-3.5039649574290728,0.055575430358688914,0,-8.809498930875002,4.37038830116735
savo1255,savo1255,-0.6986561654432066,0.05615126237520551,1,-3.5477977913425,3.73984361296693
saya1246,afro1255,0.0655654546870805,0.024443107952374227,0,-0.8315763656297499,3.2126909747170203
seda1262,aust1305,2.6635029454365906,0.010857475279461183,0,3.2793818630125,3.1792005786258297
seim1238,aust1307,1.4584335942606788,0.026780104403280908,0,1.1185264645726,3.18117552121263
seke1241,aust1307,1.123868198167301,0.030726027054407155,0,-1.12818790033625,3.122431863325055
sekp1241,atla1278,2.695742914758412,0.027883642308784345,0,3.8581232163625003,3.3724217415360753
sela1259,aust1307,2.3622796581696655,0.03283211819055413,0,2.321103152085,3.26563934057802
sela1260,aust1307,2.057736582778121,0.03834066967385467,0,1.9438869383775,3.24123039409372
sele1249,atla1278,2.693091784803216,0.027276051267445322,0,3.86892320687575,3.388461689932125
selk1253,ural1272,-4.880698562797514,0.05910381630661806,0,-8.8409737203675,4.28609029794247
sema1265,aust1305,3.2955518922509706,0.014750814247181124,0,3.046332012275,3.19185745309275
seme1247,aust1305,3.284463268728457,0.015599634059579325,0,3.0513813789924997,3.19727034931507
sene1264,iroq1247,-3.2732977023163263,0.03588061317143902,0,-5.3117325793875,3.79618060459531
sout1528,indo1319,-1.1441475871258744,0.018492485480198516,0,-3.5045693269875002,3.1646916589202503
seri1257,seri1257,0.8367278676870957,0.030956691368528327,1,-0.39891580964075,3.8005803451037847
seve1240,algi1248,-2.999078975860992,0.039218112542849674,0,-6.247189247050001,3.64956529637977
sgaw1245,sino1245,2.1263722627288275,0.023730577160212644,0,0.63851459609,3.17978549579122
shab1252,shab1252,-0.9892543976857128,0.046962034973996224,1,-1.360380387664,4.151824068501201
sham1280,atla1278,3.054346625383454,0.01931726437381465,0,4.6032740158775,3.24363656539569
shan1283,pano1259,-0.5700926023896086,0.036878098426463744,0,-0.0352977165675,3.1146136536541853
shaw1249,algi1248,-3.5446514507431965,0.03863665897939236,0,-6.18686550344,3.717048367988755
shee1238,hmon1336,-1.2560760187860192,0.017446200472658015,0,-1.0649700291325,3.2137120751734
shek1245,dizo1235,1.101835922940198,0.03643231299254281,0,5.420449977137499,4.26070988860028
biao1253,taik1256,-1.054438007654225,0.019750731674623455,0,-0.70555141952,3.25600061309497
shil1265,nilo1247,1.4638880598258823,0.031898367497490296,0,3.210733294385,3.2511308247770803
ship1254,pano1259,-0.5986450027485163,0.02850954207733441,0,-0.727946356386,3.164051915723825
shix1238,sino1245,0.9202839715267381,0.02128734236219554,0,-0.30068324687575,3.13006079555772
shol1240,drav1251,-4.249046582529386,0.037196640840915784,0,-8.971242145400002,4.292369913542155
shon1251,atla1278,3.1742735907727395,0.017968521114343508,0,5.1086057685425,3.3344534998316453
shor1247,turk1311,-4.886987356396858,0.0755335606206426,0,-7.3116423193405,3.900857651385005
shos1248,utoa1244,-1.000814077998302,0.02130101194956081,0,-3.755727945425,3.2837776773358147
shua1257,jiva1245,0.7058321458858725,0.03572971239814642,0,-0.080529287275,3.3096067120905346
shwe1236,aust1305,2.399553966396458,0.015221120982860797,0,2.6715181643625,3.092066741517875
siam1242,siam1242,2.6571484981237465,0.020489528558569926,1,6.5041567211775,5.1132905577131496
siaw1243,amto1249,-1.1574561233397405,0.030793198340252823,0,-1.8427703862359999,3.663340130561515
sici1248,indo1319,-0.7543408895172112,0.017577398195411428,0,-4.4290720590025,3.1888489909050097
sici1249,atla1278,3.4665842678450822,0.03852314756663966,0,3.0454181144075,3.303923367424745
sida1246,afro1255,-0.7575372826378886,0.02178372521084001,0,-0.037409468485,3.122813441434255
siee1239,aust1307,1.633343653881877,0.01127769378592573,0,1.44422708293525,3.20383028272204
sier1250,otom1299,2.06893893412345,0.02547785802940104,0,1.513164661906,3.52807055257367
siks1238,algi1248,-3.53699676844972,0.048912058682304686,0,-6.16731692941425,3.7153735109001
siku1242,aust1307,2.3319246408827476,0.037763836457301705,0,2.2543844004749998,3.2070007567048053
sina1266,aust1307,2.467128643508798,0.0256146763228176,0,2.3171003200275,3.165577535143515
sini1242,mand1469,4.358809359912628,0.04649108671127174,0,8.44047215368925,4.453638659789766
sioo1240,aust1307,3.0489873439728425,0.01291811902319342,0,2.18030821420825,3.223677256928945
sion1247,tuca1253,-0.9969815484119959,0.024952820367602907,0,-1.5926201086925,3.3114573939330603
siri1274,tuca1253,0.10301044630704756,0.028108341374786964,0,-1.74737047799175,3.251022215425005
sile1255,nucl1709,1.5496205909727319,0.02953638550118095,0,0.7343207536325,3.28860158795022
situ1238,sino1245,0.45411163405587984,0.016123974897180492,0,0.947707225645,3.179916877423155
siwi1239,afro1255,2.280643844152519,0.018833913259928566,0,2.2771002525675,3.2710593840715747
siwu1238,atla1278,2.7037419156654448,0.03092522337297511,0,3.85743210971575,3.3892825394150448
siyi1240,sino1245,0.6028923524513534,0.022140208181170015,0,-0.43108974408075,3.07127103778506
skol1241,ural1272,-4.431153705605913,0.041108226770401206,0,-9.094773242799999,4.09384683684514
slov1268,indo1319,-1.3941566521100925,0.020588337370369886,0,-3.537174758605,3.163163107240385
sooo1254,aust1305,3.4884728559107727,0.015352258095927948,0,3.057490469585,3.145256474251015
soch1239,otom1299,1.9240655199438286,0.031013502291907254,0,-1.128967189333,3.436413001529105
soga1242,atla1278,2.6632895566156924,0.022594871448369976,0,5.5064923620575,3.323896794346005
soli1239,atla1278,3.1721534741108224,0.029580740447980685,0,5.32412234942575,3.307724387330045
soni1259,mand1469,4.571168056667135,0.05011266213410074,0,8.438617051025,4.431073971919285
sons1242,aust1307,0.9510359583160013,0.017792465223981004,0,1.80543000182275,3.037566969204235
sooo1256,kuli1252,2.2786939761290297,0.02999954170911164,0,5.01215782513125,4.1969636517059605
sora1254,aust1305,-2.607906389266874,0.032482583799370586,0,-1.681578601501725,3.160496163655865
mani1235,east1459,2.042046675875981,0.03606152315424546,0,1.2593522849375,3.82990991918464
koon1244,atla1278,1.818755520282934,0.01893861367199922,0,4.726904335675,3.3440608084844303
sout2859,aust1307,1.333895047243195,0.025232140204482074,0,1.32602517001775,3.1398643348442947
sout1549,drav1251,-4.844413759918517,0.038503579049385006,0,-8.7948534069125,4.35195703248853
sout2976,utoa1244,-0.35447412564483083,0.02339429717484431,0,-2.883316639246475,3.301823955145975
sout2856,aust1307,1.6762562985030374,0.01914110977216775,0,0.18518317596349998,3.09078425700408
sout2954,japo1237,-3.887556829972925,0.0287687858222671,0,-4.974526368205,3.62241060518108
sout2996,ayma1253,-1.9147874861086853,0.033653181381046025,0,-4.30840731005475,3.572718220697025
sout2730,sino1245,0.7778193212219631,0.028485959478124552,0,-2.0908141329175,3.1239044522950348
raro1241,aust1307,1.6609099223213326,0.012896501406755505,0,1.1870514755525,3.003664907604005
sout2826,krua1234,-0.8668498367638653,0.0413752547544257,0,1.215349437461275,3.319987824823775
sout3236,gumu1250,0.02269642963347085,0.012208647503688998,0,2.9967424300782497,3.6446685687476803
sout2956,haid1248,1.5048599893421022,0.04147793456565762,0,-0.19191924528975,3.7665653383915547
kach1280,sino1245,0.9391815390813996,0.021071481248425204,0,-0.6296252708975001,3.0588997139260004
sout2994,namb1299,1.8874246585532088,0.04337456708785352,0,1.2495263266549999,3.638628535044475
sout2649,indo1319,-2.4353912674123723,0.020778282217189824,0,-2.623742112105,3.33062937824959
sout2729,sino1245,1.0185499887952116,0.02179014303073525,0,0.72151351145275,3.1412373713188604
sout2728,sino1245,0.27456412611148917,0.020620486078384688,0,0.07525461515500001,3.11142968024346
sout2918,aust1307,1.7265955855849582,0.037451355078041634,0,1.9331146340925,3.2002763739642948
sout2985,miwo1274,-2.4403225570023457,0.03813739105737339,0,-4.368094442908,3.891549854139475
sout2807,atla1278,-0.27291961121955477,0.017758982999907805,0,3.6755067710275,3.15808407802093
khan1277,sino1245,-0.13666570535825706,0.02144044778532288,0,-1.948054928276,3.13753130633688
sout2797,atla1278,3.317225722449069,0.040928713730233074,0,2.9380852070875,3.36789858431852
sout2679,ural1272,-3.9139681077982997,0.030169852212713646,0,-9.1203005486825,4.143048178465785
sout2782,atla1278,1.5719143356873095,0.04328101664011162,0,2.52782827934875,3.3476084202216203
sout2895,aust1307,3.0754379000899252,0.03641725019250585,0,2.29949690193975,3.24860615671862
sout2674,ural1272,-3.8925397067913483,0.03820572619999373,0,-9.108652933275,4.100743530616885
sout2959,atha1245,-1.241422936190149,0.025226593991354133,0,-4.32526776692,3.343993580253565
para1301,aust1305,2.5913684969234074,0.00841899181662758,0,2.6673403120887498,3.077312009764705
sout3261,nakh1245,-3.5853250651899,0.03722187585980505,0,-7.225995099125,4.032377548538754
sout2869,aust1307,1.6845484965883775,0.02823939775047286,0,1.698679352005,3.1735340140547397
indo1316,aust1307,3.0437144835481025,0.03591086672271865,0,2.9976567565825,3.10957958284308
stan1306,aust1307,3.0354967544669575,0.04032420770539727,0,3.0201913366855,3.0985232501047353
horp1239,sino1245,0.4131172204841226,0.02488193867137673,0,0.61829798073,3.13146216304422
suba1238,atla1278,3.1023488757752355,0.030012944231336228,0,5.39680061059075,3.32894532830456
sude1239,aust1307,2.2753243458688854,0.021510878755792995,0,2.1246339835125,3.182059001634475
suku1259,atla1278,1.75517083407183,0.023984245467853584,0,3.6940137301925002,3.241236554069835
suku1261,atla1278,3.275311755743364,0.03126395703016671,0,5.0486396812750005,3.3202437758344203
sumi1235,sino1245,-0.1508103924644845,0.02292213792251374,0,-1.366289745705,3.1331941005357704
sund1252,aust1307,2.800519010197119,0.03515211975748934,0,2.08339311566875,3.224202753116135
mari1426,aust1307,1.3670395051750734,0.025162881469800735,0,1.63375805834,3.16872429422987
sunw1242,sino1245,-1.6409506486225622,0.026215694051319353,0,-2.32189723844525,3.1470058859262
supy1237,atla1278,3.5514635977610256,0.037842060777800154,0,3.0639656732025,3.2927084196630503
surg1248,ural1272,-4.8390461762661205,0.0569590642625573,0,-8.9592282197675,4.22318987479971
surs1246,aust1307,0.3071748876380684,0.026001056891722208,0,-0.0241227405415,3.14031534859038
swah1253,atla1278,2.5520840244213074,0.025171003195884223,0,4.880044954124999,3.251570835640055
swed1254,indo1319,-2.81608115550348,0.02497222376649313,0,-4.9983730114450005,3.355343232361395
taba1263,nort2923,2.361978558099672,0.050111576456228914,0,2.441908159013,3.724148868508335
tafi1243,atla1278,2.6060112028219855,0.02467836312421185,0,3.874381091,3.393225610336515
taga1272,aust1307,-0.11079774404757775,0.03554493924639486,0,-1.7892968386055,3.04913731606782
tago1246,rash1249,2.0590154430179437,0.023409435272857274,0,6.020627353009999,4.517720554267435
tagw1240,atla1278,2.4727849218301943,0.03253502988682741,0,3.065014561233,3.309380996512905
taha1241,afro1255,1.474108210174221,0.014532214168133223,0,1.9993717248015,3.218080572693535
tahi1242,aust1307,1.418900951148543,0.021280434507297396,0,1.169612893485,3.0106670959830097
taia1239,taia1239,-0.5607982211519329,0.05316099165344604,1,-3.0279190361325004,3.600074939210375
taji1246,aust1307,2.16587376568864,0.02630569936273618,0,1.6746596258677502,3.1995113102236497
taku1257,aust1307,0.8157667686467929,0.02780883153078486,0,1.2750903125505,3.05523910757982
tali1259,aust1307,1.8869228025022031,0.031212647904613127,0,1.432274862136,3.20022840809096
tama1331,tama1329,2.1390972144490243,0.02301390188884238,0,5.33742545817,4.432443676239551
malo1243,aust1307,1.5810130370224025,0.019370833386774977,0,1.55441147743,3.1466207912360202
tama1365,afro1255,2.8821563330541125,0.04007246343436174,0,1.75666961433,3.1928013099055352
tami1290,aust1307,3.0047482640894487,0.028811465674613984,0,2.20536939931825,3.230748823358585
tami1289,drav1251,-4.441242606852972,0.042261737305628995,0,-8.978051982675,4.286829033142736
tane1237,aust1307,1.7429835889985044,0.026910845295561377,0,1.8913347682875,3.2379289808905547
tang1377,sino1245,0.38545829199778536,0.024531168947145222,0,-0.297525408055,3.1032530515324552
tang1348,aust1307,0.6834248742125972,0.03144397636646781,0,1.045684638346375,3.166361409252395
tang1373,sino1245,-1.0019872510260892,0.018644094949341022,0,-2.90791541349,3.164875411689155
tara1313,sino1245,0.1127545186351694,0.029089507750106967,0,-0.4523896716505,3.110025230602755
tari1256,araw1281,-0.9982248983854545,0.0279775346146185,0,-2.019766265355,3.187154486942585
tari1263,afro1255,1.123890214058707,0.018720193024456423,0,2.21903775016,3.335121321193985
tata1258,otom1299,2.4820464180307362,0.031563603017832974,0,1.534587210755,3.5470345827744003
tata1257,aust1307,1.8845732763520227,0.03496405679138092,0,1.5594473034175,3.20578917766489
tata1255,turk1311,-4.728466043308133,0.04530590456131892,0,-7.347907477425,3.8864994115956453
taul1251,taul1250,0.9962838641452598,0.045589271638412004,0,1.90741300910575,3.777648219459965
taus1251,aust1307,1.5949337388066618,0.02732345442212418,0,-1.1241293327465,3.0509828151035547
diga1241,sino1245,0.27024239289729995,0.022259550312681484,0,0.166520842495,3.1867154190067897
taya1257,afro1255,0.512766984741416,0.015065230301845733,0,1.4322982607724999,3.19136885299439
tbol1240,aust1307,0.4020680237581788,0.03142420212559761,0,-0.341837203189175,3.1389439822449052
tean1237,aust1307,1.742932927692136,0.02218764843755982,0,1.8828492042202498,3.23164172085403
teda1241,saha1256,1.690530919897,0.017694004828323243,0,2.3905994587485,3.436862895335445
tedi1235,sino1245,0.6467822725166985,0.02957232713904611,0,-0.26253364388,3.0540291181977848
tega1236,rash1249,2.047655377089579,0.023309104017770498,0,6.0337070272875,4.53440239689532
tekt1235,maya1287,-1.5276175268281857,0.032119734607117395,0,-5.0290327163474995,3.545556118156755
telu1262,drav1251,-5.002594173544447,0.0444386712513959,0,-8.911792838325,4.29846600245058
temi1246,aust1305,3.4966705139108836,0.01903320509342142,0,3.0028816376825,3.21350520206404
temp1235,aust1307,1.0870577174467781,0.0347707709234588,0,0.32247861280335,3.1389620016872852
tene1248,dogo1299,3.3500503138345854,0.0317923668139247,0,6.755614111739501,4.5832998151805295
tenn1246,surm1244,2.4919032102473846,0.040010224388580276,0,6.354299232975,3.97589536334984
teop1238,aust1307,0.34340508419416377,0.032614718570973845,0,1.1037379679165,3.14899676305832
tera1251,afro1255,0.9838428434394317,0.017587792068427373,0,2.1393722345181,3.19740713525163
tere1279,araw1281,-1.1658586966955515,0.022915814877822065,0,-4.131236722320001,3.350976178221345
teri1250,chib1249,3.4177348628223028,0.036619459338859385,0,2.485612088709,3.5321082477528147
term1237,aust1307,2.3675983299401935,0.038458714855516794,0,2.5265010339735,3.256931456377535
tern1247,nort2923,2.52313079678226,0.04905812493983227,0,2.352567633185,3.73154696067986
tete1251,utoa1244,0.08543026279092095,0.0234686294344332,0,-2.2951763239850003,3.21663169378039
teun1241,aust1307,2.8827049769924478,0.025334923930253078,0,2.531292013785,3.2458427871561
tezo1238,otom1299,2.121916474167766,0.021524010555609475,0,-0.10201848910149999,3.5130469410337346
thad1238,sino1245,0.46121563297671875,0.026398931665515202,0,-0.1950190858425,3.063767599569355
thak1245,sino1245,-1.9306939250046171,0.02706543635972085,0,-1.60044656969225,3.083210122335315
than1259,sino1245,-1.2872308542536777,0.024821083145987865,0,-3.063859603051,3.1806586685720397
thao1240,aust1307,-0.8412549755659482,0.02460650323041982,0,-1.6111758860782501,3.3830283977606053
aheu1239,aust1305,3.5329079465873177,0.01646030138618782,0,2.6115924871375,3.172237280867435
thul1246,sino1245,-1.3186236192584877,0.02783671568037388,0,-2.0577542657950003,3.15654553706295
tibe1274,atla1278,0.07603975265463615,0.025686176981035824,0,2.532015181177,3.26685139654467
tibe1272,sino1245,0.4573382443409913,0.025587604920272417,0,0.3806271915327675,3.03425861959079
tief1242,atla1278,3.294854137294272,0.03068766403411967,0,3.3222172693900003,3.40105308435349
tief1244,atla1278,3.329768095333501,0.03133845832231721,0,3.3471715663625,3.3966695468725003
tiga1245,aust1307,1.427686133997935,0.03024683104410075,0,1.5844238737045,3.2200149056083953
tigo1236,atla1278,0.7892225306191731,0.0212245899392524,0,1.0411391886249999,3.1675156046418103
tika1246,atla1278,0.7507982311940783,0.02092926182294555,0,4.78169889277975,3.626199268493035
tiko1237,aust1307,1.688208976187676,0.027045373361217175,0,1.1511163841625,3.0262057072146202
tilu1238,sino1245,-1.5981805292092064,0.029440398447576288,0,-1.3214298268735,3.13039766848664
timn1235,atla1278,3.1486887341824827,0.022716710712097802,0,6.0011798957275,3.6376493399684753
timu1262,aust1307,1.8557555089606639,0.05099847956522943,0,1.56556486762,3.21731674782272
tina1248,aust1307,-1.9269116190924045,0.028891030202753645,0,-2.1189726012047503,3.154159294701845
tira1254,heib1242,2.1737177645610584,0.026444131390014947,0,5.6058738919715,4.334712517898755
maee1241,aust1307,1.8401997358010203,0.02422387545285797,0,1.6280961718512499,3.159563966451115
tiri1258,aust1307,-0.06355838068034,0.02753588700572285,0,-0.14240001774525,3.118261706033855
tita1241,aust1307,1.9330224723945661,0.008350296338945969,0,1.4422760399345,3.15157896306205
tivv1240,atla1278,0.697972954265329,0.02944375411373266,0,1.71614322943,3.37219962957663
toab1237,aust1307,1.3629979244188384,0.028041316303489737,0,0.29746488762925,3.085802037409205
toar1246,nucl1580,2.1376488803770726,0.04094464827751973,0,1.795340588581,3.80660453198563
toba1268,leng1261,-0.9781729442070977,0.04008940603810758,0,-3.019039582625,3.6966789880185402
tobe1252,nort2923,2.4766232869671914,0.04206163311932204,0,2.4444709418975,3.71378225114332
tojo1241,maya1287,-2.63891374330085,0.034267087192918995,0,-3.87019862411,3.5030920288524303
toke1240,aust1307,-0.260085481318458,0.019977931128893588,0,0.0421896811175,2.988547961713055
tolo1255,aust1307,1.5679852176564069,0.02372658273281189,0,1.5987553002950001,3.1666895748858197
toma1245,mand1469,3.377728208036521,0.046592017197580576,0,8.463273331025,4.392558328430625
tomm1242,dogo1299,3.3557591401934608,0.03495709003219565,0,6.716102249483,4.65927862859216
tond1249,song1307,3.5490739766315222,0.024957477090278603,0,7.1668469244775,4.184536480664869
tong1325,aust1307,0.41823638781649086,0.020125952026997133,0,0.29458173425,3.0181405681831652
tong1318,atla1278,2.9696041839475438,0.021374052711598982,0,5.357119528125,3.29751799926551
toor1238,atla1278,1.7714727340655503,0.021621777099174493,0,5.5738235216425,3.30427220359371
tora1259,aust1307,0.7268662713873721,0.025951308292214884,0,0.3161368988925,3.04201195828275
tote1238,atla1278,2.8090557790057966,0.03281221845537361,0,5.3141174018625,3.31500084657917
toto1302,sino1245,-0.7384463446053156,0.020573375963232825,0,-1.7325500191825,3.117305954519275
touo1238,touo1238,-0.9279995846970315,0.044951610655697756,1,-3.0774675092475,3.77087886882219
trin1274,araw1281,-1.8271179362295888,0.027041622771129776,0,-4.09462889762,3.355303506519555
trio1238,cari1283,-0.4892334286263553,0.02735959475468648,0,-2.1586791834775,3.214617419159845
trum1247,trum1247,1.8503426428468175,0.030233860687499618,1,0.9308255094475,3.76554139758135
colo1256,barb1265,-2.6539021063936907,0.042712025526096785,0,-3.3789878872525,3.648075838745565
tsam1247,afro1255,1.0040439576970186,0.01656387024778581,0,2.16729486335,3.1489066949230304
tsat1238,aust1307,2.1411122040205526,0.029130727446767195,0,2.1848851416375,3.124256446761255
dido1241,nakh1245,-3.557937855924366,0.03378560000167798,0,-7.32362690936,3.9722406587890546
tsha1245,sino1245,0.36737852500755697,0.03172437119976176,0,-1.5121839212545,3.103023346364635
tsix1234,khoe1240,-1.031510688053264,0.0571962082078768,0,-2.0992511078375,3.586938680143475
tsog1243,atla1278,1.3338196552032904,0.024578079203826788,0,4.3304527356274995,3.45288081084874
tson1249,atla1278,1.7009823855073183,0.016673302262873526,0,4.1299065891649995,3.205955751183655
tswa1255,atla1278,1.7946245102455363,0.016042299885230454,0,4.135239924839,3.1981397995799847
tswa1253,atla1278,2.033950933314914,0.0320694092671,0,4.298237833565,3.18465244691229
tuba1278,utoa1244,-1.614335041971621,0.02618618555435592,0,-3.0105497505775,3.2528528516951702
tuca1252,tuca1253,0.0378746123366615,0.0290999424459643,0,-0.9526072767830001,3.31421137831754
tugu1245,aust1307,3.0345091777849733,0.030676355764204556,0,2.569140840535,3.25717535947293
tuka1248,aust1307,2.4054850470294524,0.028297099974907893,0,1.4101564168625,3.160901969275375
tuki1240,atla1278,-0.1773657346740542,0.021070594249799346,0,2.808696979344,3.32901157072441
tula1252,atla1278,1.2892952348544484,0.03432166194513903,0,3.7725648029650003,3.355335663154515
tulu1258,drav1251,-4.5046660447174744,0.0375573333949176,0,-8.923387899009999,4.316194251827396
nene1249,ural1272,-4.854187841985795,0.05378501338246452,0,-8.8491354438,4.279840108360885
tung1290,aust1307,1.6676505906678778,0.025530703781450878,0,1.573022328765,3.20968764994595
tunn1238,afro1255,1.23699529803502,0.015496383100699104,0,2.300552968225,3.1417597669482
turk1308,nilo1247,1.9071261724789552,0.03012656756748246,0,3.0798556975925,3.49565290257264
turk1303,turk1311,-1.3976195567281424,0.04617613826382157,0,-7.2779468854400005,3.90958087033039
nucl1301,turk1311,-2.1433970429041915,0.04479611541508866,0,-7.3222773913,3.8790206283543753
tusc1257,iroq1247,-3.2486775224775486,0.027355680722932967,0,-5.3586200560775,3.7637433067817847
tutu1241,aust1307,1.5361318881965755,0.028677667535586506,0,1.520285423507,3.1439342987176504
tuva1244,aust1307,-0.2225926956046809,0.02053156545603137,0,0.00368795203375,2.99007099718615
tuwa1243,aust1307,-1.7353200262995334,0.03171412362485715,0,-2.0956647982785,3.138722910932475
tuwu1238,atla1278,2.7040636737596087,0.035025921891122774,0,3.83928196528975,3.382896245480825
uuuu1243,aust1305,2.575502830842768,0.01424691883337621,0,2.68164825089175,3.081570862832665
udii1243,nakh1245,-3.3563297384870405,0.03558520891445147,0,-7.257774762875,4.02496621826497
udih1248,tung1282,-4.101847367922025,0.03336921501067785,0,-6.44655039638,3.74689275257817
uduk1239,koma1264,1.1923516669229357,0.0350993528375262,0,5.511199179722251,4.2023741321685
ughe1237,aust1307,1.2706910079741185,0.02468715203694256,0,1.547234244695,3.1739394281431
ugon1239,sino1245,2.4411311510939893,0.021853093265385974,0,1.1361976974945,3.209633793672875
ukra1253,indo1319,-2.2406542042246596,0.018879897049666958,0,-3.25740668452,3.1297896903547704
ulch1241,tung1282,-4.01133921402327,0.04185500873273826,0,-6.47024789475,3.78001991391254
ulit1238,aust1307,0.16509698200758005,0.021532608237669764,0,1.8215612047245,3.035981739731235
ulwa1239,misu1242,1.7315232494888322,0.023500875698852494,0,1.28797100425775,3.6510416954974803
yaul1241,kera1258,-0.5121975495471093,0.052682301160447254,0,-3.0804186128345004,3.606090590621675
umbu1257,atla1278,2.4693840397932085,0.02607974618159398,0,5.4153656250674995,3.40262655913424
umbu1258,nucl1709,1.054906175818263,0.02642777813075363,0,1.205678360665,3.2126696977050546
umes1235,ural1272,-4.155307670028801,0.03723627928780351,0,-9.10813820365,4.1096904057539145
unua1237,aust1307,1.7465833325699458,0.02625939138633803,0,1.17318592090925,3.1564750559292998
uppe1275,toto1251,-2.7449416721657918,0.042841870328250216,0,-3.8768763178225,3.68913386655558
urak1238,aust1307,2.810119683421025,0.03246050667880943,0,2.9991372450075,3.1032276532213148
urar1246,urar1246,0.3557793448979514,0.045966198752550994,1,0.9382531569625,3.737650087226895
urim1252,nucl1708,1.9503785340280615,0.0653075890766535,0,3.0867335610425,3.66807993097534
urip1239,aust1307,1.4253452716549826,0.03529824964097713,0,-0.00202535092125,3.11987193539283
utes1238,utoa1244,-0.27314653433350466,0.020839556680546663,0,-2.814025249865,3.259158249204015
kagf1238,atla1278,2.179334680689732,0.031723053606925705,0,2.98377839065,3.33808514109533
pile1238,aust1307,1.2283376395365426,0.013188758468627125,0,0.164279994701,3.01736703539382
veps1250,ural1272,-4.398153717414186,0.030463053068637794,0,-9.16502338838,4.0935021608680255
vera1241,aust1307,1.473183845122794,0.008898832046741205,0,1.373133600843,3.103045435982235
viem1243,atla1278,3.2177462524924643,0.049070777888526255,0,2.5151148219,3.2859568761770097
viet1252,aust1305,2.7933181681010257,0.014684702747476526,0,2.6141199404925,3.169521539845165
voti1245,ural1272,-4.148751272877254,0.03505994788575345,0,-9.1454124434925,4.10398149049621
vunj1238,atla1278,3.3055688615938967,0.019936672642515172,0,5.2475754580875,3.32463477594953
vure1239,aust1307,1.3883777227969767,0.028337603722404812,0,0.37345036930925,3.098639283288045
vwan1235,atla1278,2.746140641931554,0.029092404308322224,0,4.4018820819525,3.2128065726876702
wadj1254,wadj1254,-1.004283962447762,0.048255113974483455,1,-2.82595363882275,3.722385959575095
wage1238,wage1238,0.9495469632582758,0.04822639167935568,1,2.0364964189775,3.772157574873485
waig1244,aust1307,3.074660508055713,0.0476535074861554,0,1.92804568384125,3.28551099945612
waim1251,aust1307,2.4886708532973483,0.009665245582825513,0,2.29464969549,3.177234888280805
waim1252,aust1307,2.9877249435011635,0.0343784221728788,0,2.5879840187125,3.24238443255997
waim1253,cari1283,-0.9254502891818078,0.02908935742836503,0,-2.2879376104675,3.28103620849288
waiw1244,cari1283,-0.48009283795520796,0.02614937300323675,0,-1.8337066094325,3.212567562988615
waja1259,atla1278,1.3282123537756996,0.034228671004948995,0,3.7636861761025,3.37005730903852
waka1274,pama1250,-0.9298839713589766,0.030472643705109232,0,-1.6031417343335,3.39008164782086
wala1266,aust1307,1.6868231158078464,0.009052332789249508,0,0.92548176008,3.09572602341738
wamb1257,sino1245,-1.7105709397089286,0.03566816323750774,0,-2.0500030207749997,3.16467827869449
wann1242,mand1469,2.950229625437485,0.0519430373461636,0,8.520427875675,4.400263997342725
saka1289,aust1307,1.5388819988540932,0.026850588256465167,0,1.5608704354045,3.148893942320675
waor1240,waor1240,-1.6861240563635165,0.030927807732136086,1,-2.8736109002475,3.764359657286445
wara1303,wara1303,1.1936971333752855,0.037948149783669095,1,0.884736863375,3.708955838099785
ware1253,aust1307,1.664325141543308,0.04010816299596891,0,2.051117105605,3.26995473052958
wari1268,chap1271,-0.8564393222871372,0.048376196886632625,0,-3.10339461008,3.6790106086505903
warj1242,aust1305,1.0604804768185443,0.01250909953736362,0,2.1031161797499998,3.0837294534732704
waru1265,pama1250,-0.1678686639312318,0.034013578145831405,0,-1.429654456275,3.2648754829723696
wash1253,wash1253,-2.3024251426460935,0.028408233892575532,1,-3.758284277375,3.91681245129954
wawa1246,atla1278,0.9354530806170629,0.024445885091870876,0,4.812168376045,3.618838119977485
waya1269,cari1283,-0.092146399764284,0.0265434576446682,0,-1.2862910325975,3.192773507408575
wayu1241,sino1245,-1.7502830885123069,0.019481894002370236,0,-2.34065572158175,3.15234511247319
wayu1243,araw1281,-0.5561534037696024,0.030068284244852642,0,-2.9725008732145,3.302319407094855
wels1247,indo1319,-1.6536707304088667,0.010495367965265874,0,-3.8363792898225,3.34698445974385
west2560,aust1307,1.5693948582082804,0.027806058763300466,0,1.9281827793750002,3.1986501133879397
west2548,aust1307,2.9429008033300987,0.031823306049793824,0,2.2721254366125,3.261252064530775
west2615,atha1245,-1.4580227024512682,0.03824413570585907,0,-4.64559333818775,3.4213201228698997
west2397,aust1305,3.527222740596293,0.01650568283742032,0,3.0564392666274998,3.14589070677391
west2618,eski1264,1.7203812391067985,0.030097376053042413,0,-0.3622635633725,3.5082785799830702
west2650,aust1307,3.061700476891713,0.039386247451602394,0,2.1814111050927503,3.136105418913655
west2594,nucl1709,0.05255647796944015,0.028735096111489694,0,-1.037996515649,3.192597347897705
west2778,utoa1244,-0.3236175149354119,0.02258147815306884,0,-2.3724041056175,3.22014640684398
west2369,indo1319,0.3567726355129526,0.017610009234142916,0,-0.68600178565,3.256615686996915
west2519,aust1307,1.7615202244569557,0.02420772082275437,0,1.4037860260800001,3.122164933011385
west2354,indo1319,-2.1692240797561837,0.014045711426619376,0,-4.98378452814425,3.3625028469667697
west2644,otom1299,2.488856660145295,0.03258602475657165,0,1.54344339791,3.53754878522135
west2466,atla1278,3.2514157860580766,0.03499136709278269,0,2.9385575019325,3.327916631653515
west2632,kere1287,-1.607137314825972,0.03290468635453078,0,-4.42372941454975,3.816599648641265
west2396,aust1305,3.1182893237114273,0.013797651088789288,0,2.6641000770725,3.0860353198962347
west2418,sino1245,-2.112096946823799,0.020252411552835956,0,-2.8995819164425,3.220780540538785
west2386,indo1319,-3.9656611195854907,0.017254945589440407,0,-4.5344609911300005,3.38257810029596
west2557,aust1307,-0.2520478299183435,0.03787139226805867,0,-2.1158475284325,3.06818741567714
west2415,sino1245,-1.6559930969028778,0.026069062890451158,0,-1.668080729935,3.11325801946768
sanj1284,otom1299,2.17949947085424,0.027275157916198067,0,1.4690758327925,3.55965374916857
west2600,nort2923,2.6306059710692806,0.04595861367186728,0,2.2489624130475,3.75398709402792
saka1291,aust1307,-0.196760759879338,0.02470846650917615,0,-0.2663104702565,3.1103344484905753
west2516,aust1307,0.9304735561704454,0.01233754739258334,0,1.1276448278625,3.041567132812025
whit1269,aust1307,1.7094224948932046,0.025505696011919533,0,1.70537211958,3.160047632936525
wikm1247,pama1250,1.05378358067769,0.03479787884593178,0,1.2737446328205,3.35281698348108
wiru1244,wiru1244,-0.7883478537249471,0.047411523353529154,1,-2.51527379111,3.682908951156315
babi1235,atha1245,-1.0666781088914514,0.021424567821437823,0,-4.091606065835,3.33921529506119
woii1237,aust1307,2.291809751604501,0.03698083691188866,0,1.9207816286447499,3.27481441874939
wola1253,afro1255,-1.1888545196887517,0.029394981153780874,0,-0.3076136263575,3.378893136883235
wola1242,gong1255,-2.4246396654513167,0.03745998153658153,0,-2.080328589133,3.316601305170415
wole1240,aust1307,1.111530335291125,0.018501583009623335,0,1.7562296284844998,3.0299865026967447
woli1241,aust1307,2.1511748495117082,0.026476721558481277,0,0.81288584826375,3.107229461169645
nucl1347,atla1278,3.5931048828462604,0.02335785144434948,0,5.995989165459999,3.663607001761495
wood1236,algi1248,-2.4953741222737396,0.05472924598390783,0,-6.06290757262,3.73753010765872
wotu1240,aust1307,1.7891003670972483,0.026719122358253196,0,0.312733420822,3.09917247424802
woun1238,choc1280,3.120428449581831,0.027997820542876264,0,2.0532708806214996,3.583068395641095
wuch1236,sino1245,-2.1095916688462637,0.020296145480906653,0,-2.543513708096,3.1974963256857754
wudi1238,sino1245,1.6094060047677643,0.024978388388421053,0,1.71182309890525,3.15444021407433
wuna1249,worr1236,-0.645664292116281,0.03749787228708177,0,-1.6937337394125,3.39301870763898
wusa1235,sino1245,1.5393516803158271,0.024047667967195038,0,1.70784956255575,3.15296064337497
wutu1241,sino1245,-0.6828516548637806,0.02110052101008196,0,-2.9496030720432502,3.15899065032219
wuvu1239,aust1307,0.8966806313056199,0.025103623846329755,0,-0.1659935655625,3.15685328238139
xamt1239,afro1255,-0.5404037890630569,0.022300061383196932,0,1.2582752803325001,3.094974671168705
xara1244,aust1307,-0.032259132063280155,0.022727603003203003,0,-0.10585738882449999,3.11340163801987
xava1240,nucl1710,3.1024845003658483,0.061098805363936026,0,3.0818756904475,3.6380931052409746
xhos1239,atla1278,-0.7088433205328324,0.028041860642269545,0,3.52798795976125,3.16209776804208
xish1235,sino1245,1.2276423735147648,0.02359405762778511,0,1.744755543464,3.138523924932805
xokl1240,nucl1710,2.9496061656305566,0.04324653558281724,0,3.08846037994,3.6505976857529303
yaak1241,afro1255,2.031994226600948,0.022751023962663895,0,2.22535241718075,3.141911723505605
yaey1239,japo1237,-3.4493621166797235,0.030320110714200228,0,-4.9337961475625,3.669378325926305
yaka1277,aust1307,0.7847234243109137,0.040535253560817414,0,1.7814195622325,3.2071781475608
yaka1269,atla1278,1.638327975414555,0.025007561563711964,0,3.17422232415,3.24318985596204
yakk1236,sino1245,-1.2173162414423442,0.027160833658446112,0,-2.6549744017025,3.212646777515455
yako1252,atla1278,-0.5134116971384781,0.030142054018163573,0,-1.7343244321405,3.16482905724651
yale1246,yale1246,-1.1797566725401767,0.03624649576922824,1,-2.2635605960795,3.76548120839664
yama1264,yama1264,-1.3282955481741845,0.028753418202144183,1,-3.34790158704,3.8304467131354647
yami1254,aust1307,-0.6895541748358014,0.024936427949335108,0,-1.4435095758190002,3.070021507891465
yami1256,pano1259,0.8735689706249652,0.026048626529529363,0,0.07192327057299999,3.129478038525755
yane1238,araw1281,-3.661122250581792,0.025798702313210305,0,-3.15001105114575,3.423906284643995
yano1262,yano1268,0.00746881389015665,0.019040114310631486,0,-0.7897394018692501,3.325873303532465
yano1261,yano1268,0.9699897725546329,0.020754013555317866,0,-0.723403993335,3.329877630784705
yaoo1241,atla1278,2.743532053694109,0.018425006553019922,0,5.54028398227725,3.317496888420065
yaou1238,mand1469,2.484351098824302,0.05128525151242119,0,8.5424581183,4.37145478683092
yape1248,aust1307,-0.360566614983973,0.018628907624492742,0,-0.24093095975625,3.165623614270195
yaqu1251,utoa1244,-0.7779244712439767,0.021081526411025894,0,-4.09952369922,3.3309623967716
yare1248,yare1250,-0.4324623087353253,0.05481469697481874,0,-2.7382283073325002,3.719583806323025
yasa1242,atla1278,0.08068027924600604,0.018501585574688215,0,1.9116899737600002,3.2358009927116598
yatz1235,otom1299,2.034764756621411,0.022777182893649744,0,1.5163146159999998,3.525419562501165
yaum1237,nucl1709,2.0217345281094783,0.033779423150297534,0,0.83226217256225,3.2653905036590203
yawa1260,pano1259,1.2878420187330808,0.032375822400054266,0,0.15566658057802502,3.1340548317659547
yawu1244,nyul1248,-1.6650216900342802,0.058798784146092936,0,-3.2075043594770003,3.70443529800932
yecu1235,toto1251,-2.575804945273796,0.03689944991350023,0,-3.84170981053425,3.69453551679128
maqu1238,cari1283,0.5376594226780047,0.02713294649261914,0,-1.29894646262505,3.20300788958331
yele1255,yele1255,1.6393217621485165,0.03703758242549077,1,1.614424821027,3.81365603922769
yems1235,gong1255,-3.0807223319468413,0.029935979342986585,0,-2.139583964911175,3.3612911251636053
yidi1250,pama1250,1.3304757327337002,0.03811915724644106,0,0.91879214112275,3.39539466033886
yinc1238,aust1305,3.0194807154549475,0.01894158615363019,0,2.6641328164319997,3.09989369601272
yind1247,pama1250,-1.8086918883600975,0.035311037490215295,0,-2.337099237450975,3.2973357443511997
yoga1237,aust1307,-1.8857121885710484,0.03948939715974705,0,-2.0761313821025,3.1158395325359347
yona1241,japo1237,-3.3330175738974104,0.032103665824499764,0,-4.9377559395125,3.6695529207192052
yong1280,nucl1709,0.8790602789789702,0.024654274495089622,0,0.55552982652375,3.175799169681545
yora1241,pano1259,1.0831366602471673,0.02979136555294771,0,0.1602178199475,3.12729817626608
youl1235,sino1245,1.9703046056864868,0.024713309589809492,0,0.62329734335,3.12806240898514
youn1235,hmon1336,-0.18225235971596215,0.01296393355396466,0,-0.9951732228175,3.196240268413765
yuca1254,maya1287,-2.5945107699868872,0.045490859051614346,0,-4.6237616702147495,3.57845131403739
yuch1247,yuch1247,-1.276001296997738,0.03590741202652376,1,-4.75358986029,3.834928043477655
yukp1241,cari1283,0.8728377946167439,0.04717837189863579,0,-0.97673860984475,3.2814992743836298
yulp1239,pama1250,-0.70358501394138,0.040121732792747666,0,-1.48741777496875,3.24582858089084
yulu1243,cent2225,0.7249031992309147,0.028835381723148232,0,2.8863193124475,3.156537975188415
yuqu1240,tupi1275,1.2973988830629704,0.04272102365468725,0,0.95685485471975,3.250383209453775
yura1255,yura1255,-1.3344256392858984,0.03287623316979043,1,-3.08160566046375,3.69093602555247
gami1243,pama1250,-1.3214389720420536,0.035387512712892207,0,-1.86083657855175,3.37311769418486
zaba1237,aust1307,1.0548011902848224,0.02854379612115486,0,-0.08760485748275,3.05175914811025
zaca1242,otom1299,2.446606574885008,0.026615320109331694,0,1.5416230689305,3.53377066468086
zaiw1241,sino1245,1.4461795670581443,0.025701454568945722,0,1.1918719414974999,3.127802373253835
zamb1245,atla1278,1.6324862477392599,0.02811598621677082,0,5.41837799416925,3.3947342953619497
zand1248,atla1278,-0.44326864216726325,0.021842250955154737,0,-1.649257521164,3.172148034100995
zani1235,otom1299,1.3284418255194859,0.02412745172149085,0,1.5502434897175,3.51640016393801
zapa1253,zapa1251,-2.0928622540513446,0.04195033942395126,0,-3.2063130992425,3.6707880247179103
zarm1239,song1307,2.574061038051244,0.030280303410802928,0,7.16431353512725,4.19300243625107
zays1235,gong1255,-1.901345895804318,0.04399284081547095,0,-1.4159935252685,3.245327854576895
zeme1240,sino1245,0.12072241294549566,0.0237597535713744,0,-0.2117398488225,3.1343562154804
zenz1235,otom1299,1.381667725636498,0.028409349541021645,0,1.5829156970865,3.51397454524007
zoog1238,otom1299,2.0932335743482398,0.032951733296100495,0,1.5315044611275,3.5410718142026347
zulg1242,afro1255,0.9977786157152064,0.026773609767593628,0,0.9439088738525,3.1764019612806997
