Glottocode,Family_ID,GPGLMM_3D_Mean,GPGLMM_3D_SE,Isolate_Flag,Verkerk_BRMS_Mean,Verkerk_BRMS_SE
abee1242,atla1278,-1.8616913660442072,0.03582977876844472,0,-3.71324715223225,2.781229718604105
abkh1244,abkh1242,1.658084723568681,0.009943587258680877,0,1.76022480430475,3.0962454216562403
abun1252,abun1252,-2.3428271960541807,0.04207046007237786,1,-1.43361057172475,3.186199797225625
achi1257,aust1307,-2.908379013182231,0.030048729741118843,0,-2.3921509229925,2.592262968930595
acha1250,araw1281,-1.8579438135037072,0.029010369059111734,0,-1.9263002186275,2.797154672292455
achi1256,maya1287,-3.705672650466222,0.03709123307806871,0,-2.186565338547,3.05841121288446
achu1248,jiva1245,-1.875893102181521,0.027731527024081156,0,-1.6424437035750001,2.98495395103128
acol1236,nilo1247,-2.7952048278098194,0.0479274054754136,0,-4.1262483396775,3.2382123684215554
adan1251,timo1261,-2.260303743464771,0.03267647335841018,0,-1.2195401972425,3.1759203960373004
adny1235,pama1250,-2.4430731097871203,0.04922562599717603,0,-2.0536924821447498,2.8594673549417946
adon1237,aust1307,-2.9774912063600616,0.021728050283239493,0,-2.7677908412549996,2.635438253273275
adze1240,aust1307,-1.9279413584486342,0.042674792814117804,0,-2.99168932320125,2.634824657199225
afar1241,afro1255,1.0101564349695835,0.029037523164378017,0,-0.7588394161332499,2.571077959445025
aghe1239,atla1278,-4.666153786250831,0.041512897946580044,0,-4.18292242274,2.9144141669120147
aghu1255,nucl1709,-0.3987466817419751,0.036673069367853285,0,0.019108923830799998,2.694489732661765
agob1244,paho1240,0.7747549891842375,0.03261064698446099,0,0.5276714225300001,3.00188860932211
agua1253,jiva1245,-2.040876549134455,0.030165190119125704,0,-1.6327177525725,2.990924867100515
agut1237,aust1307,-2.5776243385625097,0.029813687946385375,0,-2.1150001976575,2.61578428088929
aime1238,bosa1245,0.8743705466189854,0.03904369096778451,0,0.259545069526,2.9746562463975748
ayiw1239,aust1307,-4.676008376821434,0.023982696919672617,0,-3.0039403299879996,2.6610157619183052
ajab1235,atla1278,-2.8886415558034058,0.04164689995485471,0,-3.661626529055,2.790914390353355
ajie1238,aust1307,-4.719197159511987,0.026025089968262582,0,-3.2062180252625003,2.663079203812625
ajyi1238,araw1281,-1.533190749946327,0.03864347296993965,0,-1.8536138445077501,2.833966613306485
west2635,maya1287,-3.2764928205707946,0.03325555837481974,0,-2.1940789583975002,3.057077979903645
akha1245,sino1245,0.7648564674071882,0.027627255353522534,0,3.2770294661175,2.59341135678555
akoo1248,atla1278,-4.599068417949023,0.03073661690463532,0,-4.48736800023425,2.79227478104304
alab1254,afro1255,1.0835968230263169,0.023968464561590377,0,-0.5727103902374999,2.572249476231905
alab1237,musk1252,-1.1071414124194783,0.03040868792101425,0,-0.4963174374125,2.86467110150653
alag1248,afro1255,-2.894933161605911,0.03938248998682686,0,-1.03458920512,2.6252930867346898
aleu1260,eski1264,-0.9867994099885675,0.017930651722510318,0,-0.347090219344,2.9685249222191548
alor1247,aust1307,-3.1759019703974305,0.0394628686911149,0,-2.7620535043575,2.63267879734044
aluk1238,drav1251,3.7857190740863342,0.025557784732518473,0,5.6283399120447495,3.3101231390747703
alya1239,pama1250,-2.5077726085910723,0.06144610990059849,0,-2.095589310584975,2.877074010131245
amah1246,pano1259,-0.5504793042412346,0.030723630829193105,0,1.002646451781375,2.68627521613952
amap1240,left1242,-0.7715935577505082,0.043762899818469245,0,-1.9395124390225,3.030350030926635
amdo1237,sino1245,3.0651725509170036,0.024487349902744957,0,3.7038814966575,2.67991296238322
amii1238,west2434,-2.320899139191676,0.05791007685242789,0,-1.1009333527395,3.127911495818275
amis1246,aust1307,1.6684431096989083,0.028263330297782836,0,-1.1720732308325,2.65838367547703
hoaa1235,kxaa1236,-2.5552904866580337,0.04325276346615963,0,-2.515489946162,3.48315335823145
gily1242,nivk1234,2.7577080765455144,0.027372177106283497,0,3.188890263483,3.7814746826330197
anei1239,aust1307,-4.942021800608945,0.024384031129623028,0,-3.202369698255,2.66138588159203
anfi1235,gong1255,2.223246508093934,0.034573613976332906,0,2.05783674053475,2.8289847351786648
anga1288,sino1245,1.801303446796422,0.04066735275791683,0,3.00029920178915,2.684846708022775
wara1294,more1255,-0.9368539883553212,0.04384285202838182,0,-2.0491424649367502,3.08842934814284
anta1255,aust1307,-1.8252257942083037,0.022686642155966608,0,-2.820589508717,2.61163933385434
anuf1239,atla1278,-2.3041187492661304,0.045720919677470474,0,-3.7014016337875004,2.8090576852933102
anuu1241,sino1245,1.4186267741207623,0.033119109845802554,0,3.4620933572509998,2.69885424555796
anut1237,aust1307,-4.858759391943424,0.036564048882450434,0,-3.348017946735,2.6131411311613
aoua1234,taik1256,0.7291905719250261,0.02606976968078886,0,2.0928390691935,2.89824342026757
apat1240,sino1245,1.9154674734452128,0.03402815710620107,0,3.0524646216575,2.623003700313795
apin1244,nucl1710,-1.714168260062857,0.03225963371672458,0,-0.9293462030792501,2.901586845803915
apma1240,aust1307,-4.634462039749238,0.03380488508896531,0,-3.2777729754425,2.66830981108907
arak1252,aust1307,-5.002439325263532,0.022951011189260986,0,-3.22660260924,2.66265794581882
arao1248,pano1259,0.05850949065937345,0.03294575174399665,0,0.8977436620315,2.7084125863738047
arap1274,algi1248,1.1701036505094042,0.03410097866191672,0,2.385456293015,2.809094015345655
arbo1245,afro1255,-1.452924015514871,0.03114455817889628,0,-1.19282177392,2.547952217238165
arch1244,nakh1245,2.031759460830784,0.019928542622175114,0,1.4019096933675002,3.0039550342969097
aree1239,aust1307,-2.1165843707956604,0.0323057477288137,0,-2.7727873616679997,2.629924633826665
area1240,aust1307,-4.12237964895907,0.013077694441419336,0,-3.30974514638,2.65472416214311
argo1244,afro1255,1.3253090443518067,0.01875611195753256,0,-0.8333823593925,2.69749783004062
arhu1242,chib1249,-0.8115971448358038,0.02559333051596842,0,-0.5173183129865,2.72159792996292
arig1246,atla1278,-2.7110777321762893,0.023767344454688432,0,-4.559820545173499,2.905186462398005
arop1243,aust1307,-2.7683158048049124,0.028453249815844826,0,-2.9519048174245,2.638867933695805
arop1242,aust1307,-1.4625983826208822,0.03844822701166081,0,-2.82013884584175,2.63089160093437
aros1241,aust1307,-4.167779391403091,0.027018073363241895,0,-3.31132430780925,2.6589903875370453
arta1239,aust1307,-0.9294120812246784,0.03311595836895141,0,-1.3412594832725002,2.5491065969003603
ashe1272,araw1281,-1.9260298582007447,0.03320635131372725,0,-1.839554985915,2.835761609426295
asoa1238,cent2225,-2.6411729169206852,0.022149207004105425,0,-1.9486401691161301,2.739031273871065
assi1247,siou1252,-2.2889276889634322,0.02830056760230784,0,-0.87401303308775,3.03122331401159
asut1235,atla1278,-2.527138434976637,0.04567928032465071,0,-3.67896258488475,2.646903146366525
atay1247,aust1307,1.5485331441876684,0.03525279483218064,0,-1.00049109510525,2.709145965299455
athp1241,sino1245,2.7146187435801865,0.030581974745863844,0,3.369087825338,2.71379057498575
aton1241,sino1245,2.1745850512377474,0.011523566323056523,0,3.8347196624524997,2.67068940476684
auuu1241,nucl1708,-1.5247981970605038,0.052385582248827764,0,-2.8891850758675,3.021125612889955
auye1238,nucl1709,-0.5093156130076827,0.026627470080910803,0,0.7220610110825001,2.682901205129495
katb1237,aust1307,-5.055935824190007,0.004784728193726924,0,-3.2613427062925,2.65897503252959
avok1242,cent2225,-2.1003529437367487,0.03424423660695555,0,-1.8110253637905,2.726139791787575
awac1239,barb1265,0.7481671299602967,0.019841803363624,0,0.77709757003,2.91717858912699
awad1243,indo1319,-0.08600115888806785,0.021955923535228693,0,-1.7776429183885,2.7324853765430053
awar1249,ramu1234,0.26828563023810237,0.0353996440675866,0,0.46686986232745,2.94267246462333
awar1248,nucl1709,-0.5010154106640112,0.011326320374031508,0,0.51458400485125,2.6808771289986053
awji1241,afro1255,-3.068571290761254,0.02350125643631826,0,-2.8482202982200002,2.8145616075966053
awtu1239,sepi1257,-0.07867281345498084,0.0493492944055375,0,-0.2969610898845,2.829574922732085
axam1237,aust1307,-5.065449329544422,0.039255436948317526,0,-3.25851406721,2.64879859349493
axiy1235,sino1245,0.9005862591363876,0.030290342908545178,0,2.9288909138949997,2.609157650275925
ayac1239,quec1387,0.8034332099381397,0.03759571467632917,0,1.2321189017845,2.77951660151556
baba1264,atla1278,-4.7147250591896395,0.0403049668832131,0,-4.21120138782,2.9253302562276797
baba1266,atla1278,-4.753342485830842,0.02890794906150804,0,-4.1807292611225,2.911072444053395
bafa1247,atla1278,-4.542841477594577,0.029446217171652803,0,-4.485254170575001,2.783705174115065
bafi1243,atla1278,-4.7447513938572765,0.04075501566794266,0,-4.463819998042499,2.814307441641655
bafu1246,atla1278,-4.711602988734574,0.035103353735964356,0,-4.2114469015800005,2.90977558111184
baga1272,atla1278,-1.649413017283682,0.03417968603323002,0,-2.8969907787175,2.7596480123819047
bagi1246,cent2225,-3.4193751043674387,0.027293959289413344,0,-2.19738418522675,2.711926153663105
bagv1239,nakh1245,2.2011349241966407,0.014629021046389717,0,1.54673056620275,3.0522746027721146
baim1244,sino1245,3.2500100958701,0.03640403576006126,0,3.6980145926525,2.675755465851235
baka1272,atla1278,-3.4137949001282655,0.03982086477855192,0,-4.17620685438515,2.7420628979214348
bala1316,aust1307,-4.6367513545169246,0.030638160930069745,0,-3.24031814482,2.64340756404678
bala1311,aust1307,-3.4470114880829077,0.031369021288321274,0,-2.684176568969,2.652023203333115
bala1315,aust1307,-3.485319389519672,0.02476623228793156,0,-2.764314525705,2.6391125168257696
bali1278,aust1307,-2.0795880818517194,0.02584122309382402,0,-2.4845191133849998,2.604411846256575
bamb1270,aust1307,-2.6787881399967546,0.027941806299888877,0,-2.3187569495925002,2.62803957128076
bamu1253,atla1278,-4.7151471759799035,0.04618458988013367,0,-4.2091635147475,2.91726201258969
band1344,atla1278,-3.9775966546459465,0.046736620774162914,0,-4.1485784633475,2.7413563615973002
bang1369,sino1245,1.9345340288437491,0.02072009831506709,0,3.5381951055825,2.70379506126514
bank1256,atla1278,-4.557965151366525,0.03985316992057676,0,-4.4494239743175,2.8161944939253347
bant1281,sino1245,2.6462290757982947,0.037945987459860116,0,2.910122232625,2.6915055493649502
bara1357,sino1245,2.1585762640224604,0.02446760779234528,0,3.4135006072825,2.7244974407356652
bara1380,tuca1253,-0.0064364513157377,0.06657964539394672,0,-0.17498361808945,2.75956436226838
bari1286,aust1307,-3.223474051450137,0.03996405701738147,0,-2.8865493412495002,2.6506730011809303
baro1253,aust1307,-4.063627367200604,0.027761322409255662,0,-2.9126289689655,2.6461650771956853
bash1264,turk1311,2.879224783263186,0.03642219305268231,0,3.25086110947175,2.9526036966793
basq1248,basq1248,0.3667126306576516,0.012369598039090239,1,1.0440715219676,3.33884322259982
bata1285,atla1278,-4.145963683958142,0.03707392036932293,0,-4.50946537753375,2.7761360666260098
bats1242,nakh1245,2.1959474719445042,0.01759055098017559,0,1.5732562793599998,3.07042371369222
baur1253,araw1281,-2.189023669795649,0.029375509614101535,0,-1.714864496206725,2.8659090804152747
bawm1236,sino1245,1.3729807866905657,0.03326314581811621,0,3.0706543085074998,2.65037095476468
bebe1248,atla1278,-4.819703054850065,0.028049589984713536,0,-4.4626948809625,2.7943574599287953
bela1254,indo1319,-1.9636340876940108,0.030236242338356242,0,-3.10814609090925,2.686744769915415
belh1239,sino1245,2.7053931906965225,0.009249939854480638,0,3.3614853517650003,2.71850138589088
beli1257,cent2225,-2.1029486281167564,0.02339102745402876,0,-2.135560812219,2.722885418756925
bell1243,sali1255,-0.9145468982202769,0.041845887256451685,0,0.12754931942,2.857024304425025
bemb1257,atla1278,-3.79205732490205,0.044411367797320724,0,-4.403551977019999,2.71734790736848
beng1282,atla1278,-4.119365041244052,0.03890933073944016,0,-4.50843673786,2.79313135137749
bent1238,dogo1299,-0.24563986152038414,0.04309415913918342,0,-0.18143974347,3.1102914477129247
zagh1240,saha1256,-3.4427942542703613,0.041145350550982646,0,-4.277540779740001,3.4937597386487598
bert1248,bert1248,-1.0453019740426597,0.024666063185788296,1,-4.050597009935,3.842458669162925
bezh1248,nakh1245,2.146765348435171,0.024371149554441512,0,1.572828241986,3.03976730231973
bhoj1244,indo1319,0.22645686760767805,0.025633953009394857,0,-1.48414103397,2.688472228548995
biaf1240,atla1278,-1.9718057260284598,0.03443828272636791,0,-3.658885910715,2.866417322373735
bian1252,kuni1270,-1.5049139908015987,0.05361123173257013,0,-2.3876672041224998,3.02405625839849
biao1254,hmon1336,3.4711921234572567,0.02712332012557869,0,4.438576626834999,2.974659556936895
biao1256,hmon1336,3.6670308484181575,0.02939919173686864,0,4.4800096706525,2.959789159000945
bier1244,aust1307,-5.078107189484005,0.026429160508919036,0,-3.2678069253390003,2.6504791920993203
bign1238,aust1307,-5.037619586545457,0.03299278396193757,0,-3.259373946505,2.6594932200518304
biha1246,aust1307,-1.703879489210102,0.03216266338480584,0,-2.3585283990101,2.5845939600243604
bilb1241,aust1307,-2.066980416840086,0.02740542017504602,0,-2.99952423498325,2.6289104758783903
bimi1240,nucl1709,0.6105640283241925,0.03584876013895908,0,0.26691854589249997,2.67285569809493
bini1246,atla1278,-3.6755285744551545,0.03070708685887762,0,-4.5713150272425,2.9250289336864297
gunw1252,gunw1250,-2.1556253934424348,0.03640901780179418,0,-1.620043239555,3.088675892157175
bisu1244,sino1245,0.3722927660767371,0.023228632419502047,0,2.9947763220575,2.60295958955721
bitt1240,aust1305,-1.836537011429286,0.03238568408332126,0,-2.37012635222,2.589186868320435
biwa1243,yuat1252,-0.8424425727736478,0.02437176497832663,0,-2.1385061273437502,3.087003232588555
blab1237,aust1307,-4.001423179882165,0.022851437655469823,0,-2.99737272017,2.6468416089032347
bang1354,atla1278,-3.2642830515942203,0.04864179434844805,0,-3.5893299461375,2.68360417412978
bodo1267,aust1305,1.503815249701359,0.026746543002672124,0,-0.82525785841025,2.64592734253223
bodo1269,sino1245,2.0690942632937737,0.029540371334668924,0,3.8251843268275003,2.6612586917169248
boka1249,sino1245,1.598808948780206,0.03312098914690235,0,3.02280729493425,2.6260528597492048
bola1250,aust1307,-3.4950261825065714,0.029360927776489847,0,-2.8791060494625,2.6473873787484647
chim1302,quec1387,1.1476961940285086,0.04372107774605829,0,1.1735885179525,2.7682603810625404
boly1239,aust1305,-1.3889838050282792,0.028248256517330768,0,-2.3936414036165,2.62439608190717
bona1250,mong1349,3.057149032816593,0.03176907412806419,0,5.606978780088,3.47893579906395
bong1289,aust1307,-3.0321783389810104,0.028732471800939532,0,-2.5612971905500004,2.636156899999685
bong1285,cent2225,-2.4995513210499873,0.03064752849891367,0,-2.1020098600774997,2.7391964128465753
bora1263,bora1262,-1.659039547348811,0.022794571715081088,0,-0.75986823206,3.0254692115879003
bord1248,chib1249,-1.6735209974012242,0.03076820194503904,0,-1.127161811405,2.7708520829329597
boro1277,gong1255,1.7555956697575228,0.03343936475805569,0,2.0425662626500003,2.828989506596905
boro1282,boro1281,0.805436927420751,0.02719912105968605,0,0.76640081263575,2.9836672148549948
boto1242,aust1307,-0.4035424621719188,0.025831434730917462,0,-1.36455299387225,2.561657032331455
boun1243,atla1278,-2.063708237561686,0.046843428636564745,0,-3.30511773918,2.688640016873785
boun1245,nucl1709,0.6620687232783258,0.032041143420347314,0,-0.00611339276999995,2.677655387175755
brah1256,drav1251,2.0007827196130643,0.03721366433125074,0,5.4895768371175,3.37748232177816
bret1244,indo1319,-2.9581034842838525,0.01005685217074309,0,-3.0604646948075,2.7756930293253053
brib1243,chib1249,-2.026374060950227,0.02922410035734264,0,-1.034201699695,2.776427505521605
budu1248,nakh1245,1.7463915149831264,0.019680053469198218,0,1.4679385316435,2.9795680875627752
budu1265,afro1255,-4.424287536188032,0.01746983819535339,0,-3.245199196295,2.83322466856361
budz1238,atla1278,-4.4123407621694035,0.034925626438868575,0,-4.0604497573125,2.7127730547954396
buga1247,aust1305,-1.5409258082438229,0.027282679591715174,0,-2.3947938723651747,2.62380360697085
buga1250,aust1307,-2.426019454680108,0.023875394294093733,0,-2.9246858036668,2.644963598449615
bugh1239,aust1307,-3.968554556495982,0.028063135163911165,0,-3.28050121948,2.65510642035332
bugi1244,aust1307,-2.195326135655526,0.03454055865756605,0,-1.7729175769701,2.597189432898465
bugl1243,chib1249,-1.9965053314316612,0.03177957420205794,0,-1.1193492130425,2.763283499009075
bujh1238,sino1245,2.6964085541694676,0.03138324402936008,0,3.38484272000775,2.731478950802895
bull1247,atla1278,-1.9944469304537837,0.026281844227314822,0,-3.14761189350075,2.789856824493385
bulo1242,aust1305,-2.385192709137512,0.03059731143241856,0,-2.183711898941,2.6285208791003702
bumt1240,sino1245,2.238019598999896,0.030911399520598636,0,3.51446937006725,2.6899851493630953
gahr1239,sino1245,1.2126935646267951,0.03818874089247142,0,2.844049341562,2.64985737861715
buol1237,aust1307,-3.492098839310187,0.03801886557531909,0,-2.38603971664525,2.609660458143785
bura1292,afro1255,-4.468488439710775,0.03981809387068917,0,-3.229745771456,2.84500275538881
bure1242,afro1255,-4.116784543782657,0.025843137392954643,0,-3.2460570727925,2.8460918337226246
burj1242,afro1255,0.0949539168317905,0.013631525297217142,0,-0.51138614032225,2.5686555608771453
nucl1310,sino1245,1.307211826455775,0.020931853240144453,0,3.53169905297,2.688634227329125
burm1264,burm1264,-1.3949599402127224,0.04536048661206016,1,-1.50485610015,3.12906061292177
buru1320,afro1255,-2.880372778897767,0.03012020342730846,0,-1.0305517931547499,2.618023166434615
buru1296,buru1296,1.638944797661157,0.03768116189479974,1,2.6663175229075,3.6992186041854502
busa1253,mand1469,-0.8863214133743,0.017323543565150774,0,-0.60725425067,3.0206732809995946
bush1247,atla1278,-3.918868162890451,0.03290245142323735,0,-4.1312434224425,2.711145160018615
buwa1243,afro1255,-4.646219674500397,0.025060695389768996,0,-3.2271697160999997,2.86009934468039
bwat1240,aust1307,-4.683189664285521,0.028727367786335944,0,-3.2352961279192503,2.64850236561348
byan1241,sino1245,0.9928550287932939,0.032236180111231756,0,2.5813716265792497,2.6648609846736697
caac1237,aust1307,-4.2308246090457295,0.03401517699086866,0,-3.247553061333875,2.6640194876551098
cahu1264,utoa1244,-1.3251784067705328,0.03330315608329912,0,-0.98262613174,2.783577806166215
cakf1236,afro1255,-3.9481213591488524,0.02707964680228964,0,-3.2346457456925,2.8304350401117047
camp1261,indo1319,-0.9545344221849711,0.029930493904951488,0,-2.3210355523775,2.68037205819695
cane1242,nucl1710,-1.8624023816788913,0.026678612790012247,0,-0.91742900520325,2.89674562424698
caom1238,taik1256,1.6541888204708708,0.032507845579654915,0,2.9156325118875,2.9329791333632453
capa1241,pano1259,0.6016779051994954,0.038642853520327085,0,1.36374989334875,2.687562732133355
carn1240,aust1305,-1.9154558273528848,0.026598283002071968,0,-2.4907746243249997,2.64112567967293
caro1242,aust1307,-1.3744577341985031,0.020199377261106034,0,-3.4556336268825003,2.639469444608705
cash1251,pano1259,0.6183972914190035,0.029268922466833776,0,1.357171794461,2.706176894149285
stan1289,indo1319,-1.9624495447336137,0.024449670481437782,0,-2.8664469960480004,2.6776964331818247
cavi1250,pano1259,0.16752499064742385,0.04241758268439837,0,1.1370679551825,2.7222376837302003
cemu1238,aust1307,-4.711796822630703,0.027102991870611916,0,-3.2289452852677503,2.66382353761
cent2127,eski1264,0.2127344852767302,0.01864865684569907,0,0.346019721204,2.9077127032144
cent2142,ayma1253,0.13202716727707445,0.028647894866262576,0,0.7673735573864999,2.8175845306981397
cent2004,sino1245,3.0772011950944167,0.028048175005777887,0,3.47543930045,2.69642389711319
cent2292,aust1307,-0.7777238797383922,0.0290101303506692,0,-1.5156143082525,2.542111726347475
cent2314,aust1305,-2.223246305047436,0.019366231613280913,0,-2.10732489224,2.60874806392905
cent2050,saha1256,-3.9882608385540532,0.040856146141055906,0,-4.2921008138175,3.48641705620703
cent1989,aust1305,-2.517007578380112,0.02366021068453803,0,-2.5403664188125,2.638567647093695
cent2322,ural1272,0.6934486776549225,0.018835344613083102,0,-0.1808738807425,2.729254130292675
cent1992,aust1305,-2.4185474730899172,0.04045925961911746,0,-2.150284432536,2.6273161903462148
cent1990,aust1305,-2.679147429824772,0.03487034639955441,0,-2.46939337999925,2.64190615674084
cent2126,japo1237,3.0144493478891823,0.010541178987976345,0,4.63163679683,3.182214254154395
cent2090,aust1307,-2.523617638447271,0.027305138157699003,0,-2.36506309627625,2.62255895464424
cent2131,utoa1244,0.6823927464715034,0.045057055144389804,0,0.55380483619425,2.73183213461077
cent2150,chib1249,-1.0437944999338882,0.029947816823192305,0,-0.8134894541918001,2.751229753403965
chac1251,pano1259,0.20952155362572572,0.031040272732122936,0,1.3599612201345002,2.6957005111399353
chad1249,afro1255,-4.113607501022891,0.03053024854144819,0,-2.77938926147125,2.6507646562407
chak1270,sino1245,1.4978357877098256,0.02557875386255556,0,3.8366253237474996,2.659116887000805
chal1275,afro1255,-0.667234178554551,0.016276513148055703,0,-1.90556933754675,2.6173107839302903
cham1309,nakh1245,2.2332182587059295,0.029545002031751113,0,1.53614489935775,3.04546231661954
cham1312,aust1307,-1.0622185296082585,0.026862928011015075,0,-1.6496478366357499,2.606056088693525
chan1313,sino1245,1.689795769842053,0.03707364173739946,0,3.3367753904525,2.63369634877567
chas1234,sino1245,2.4858381406241197,0.02778831067069295,0,3.56035857268,2.6883704693759096
chec1245,nakh1245,2.3380379232843858,0.015349398951173189,0,1.6287592957600001,3.07116532087201
chek1238,aust1307,-3.5473344807478124,0.03413040210314756,0,-2.9941232257025003,2.645369681826285
chen1255,drav1251,4.137124375016106,0.048626507429699185,0,5.554110220455,3.31130692928302
chep1245,sino1245,2.7116092259834255,0.009941916746636283,0,3.378588258231,2.72373296825964
cher1273,iroq1247,0.12128951601609066,0.019685177275998954,0,0.2404869978078,2.9217183329690553
chic1270,musk1252,-1.022223341101018,0.03100287199603096,0,-0.65048083447925,2.86209627097832
chil1280,atha1245,-1.4745084654631042,0.03863104829795708,0,-0.6736114707775,2.87500476248478
chim1312,atla1278,-1.9472549604444596,0.04231125247130364,0,-4.265382586742501,2.69238935234275
chhi1245,sino1245,2.6835761178521884,0.03421620732019505,0,3.353288116931,2.7178296020515003
chip1261,atha1245,-2.0181079971594293,0.03611103918058602,0,-0.72802602197305,2.85693561267786
chip1241,algi1248,0.07895559396852896,0.031932315627265444,0,1.8841396710525,2.749694072645765
chir1283,sino1245,2.3086525369617714,0.012733407238702258,0,3.25557983260125,2.69067484417761
choc1276,musk1252,-0.961447383497985,0.030868377148430527,0,-0.6611105954209999,2.860343969927735
chon1284,aust1305,-2.372348253424266,0.047590819218641334,0,-2.2297021122424754,2.610901674816775
chot1239,sino1245,1.5202754300608583,0.027263772356021097,0,3.32423900788525,2.673349765893425
chra1242,aust1305,-2.0426223843372964,0.03165569850668398,0,-2.05275314797225,2.6211299167987203
chuj1250,maya1287,-3.162383800766285,0.03148044731854072,0,-2.1783169270625002,3.0505707827517403
chuk1273,chuk1271,-0.7036599846785069,0.018508653382627048,0,-0.25356461106149997,3.3098057967262298
chuv1255,turk1311,2.439580721198122,0.028174433859866385,0,3.1323678501275003,2.98933868334767
chuw1238,atla1278,-2.8047309024643416,0.025128691308463392,0,-4.0495894882775,2.652838629111955
cici1237,atla1278,-2.943415749221735,0.023257477780726118,0,-4.5689015987025,2.9140848236736847
coat1243,otom1299,-3.2703675431801598,0.04015863332221105,0,-1.7697645185625,3.012593687759475
coca1259,tupi1275,-0.29940360452873427,0.0328154447076502,0,0.617525077545,2.7318093477963448
cofa1242,cofa1242,0.4303259909121015,0.032308144882623305,1,0.4776473141875,2.96462141089968
colu1241,sali1255,-0.426780974007521,0.034588080462031996,0,0.136463821325675,2.844942764448205
coma1245,utoa1244,-0.28112886314093544,0.02268882345198864,0,-1.00557706706,2.769063401553865
como1259,sali1255,0.1025828830292499,0.03300033235825044,0,0.6524260367525,2.82013236930836
cong1236,atla1278,-4.014889744346976,0.03349987332955069,0,-4.2841659919675,2.690839619278465
copa1237,otom1299,-2.8184177061992886,0.030249668565046087,0,-1.735632397135,3.039984082436665
cors1241,indo1319,-0.9931783094096505,0.02972074079399442,0,-2.310888375154,2.6525261614100053
cosa1234,sino1245,0.8635257009313665,0.031021238317552803,0,3.23787020166,2.60443121567965
cree1270,musk1252,-0.5544355045551894,0.03598533729015621,0,-0.213986537025,2.865343573101375
crim1257,turk1311,2.7366173218080556,0.037610866156543625,0,3.2593406783767502,2.96223450243314
cros1244,atla1278,-4.350323293026982,0.02614522932182951,0,-4.5404841627875,2.8981482682886446
crow1244,siou1252,-2.0557812266038944,0.03087838061221689,0,-0.9443135086375001,3.0288136514329
cube1242,tuca1253,-0.3580787178442496,0.02699916004290741,0,-0.315368056368,2.763196400400555
culi1244,araw1282,-2.3148314415652793,0.03094572739079105,0,-1.1244628716277498,2.97242447720593
czec1258,indo1319,-2.720943827764751,0.010340785387896538,0,-3.20834117598325,2.7094872857103454
daai1236,sino1245,1.3488154124615672,0.032608240900280645,0,2.99932857088,2.66341764950059
daas1238,afro1255,-1.7584858662485283,0.03665043025526212,0,-1.1880686031627499,2.55728248312966
dagb1246,atla1278,-2.2502120255047737,0.03343181441416713,0,-3.24733966524,2.7033447318498
dagi1241,narr1279,-2.6941263525765002,0.02172083156024259,0,-3.3792563986074997,3.4860691552095746
daur1238,mong1349,3.6975497744389623,0.030578176124123748,0,5.5869923768725,3.497442212258985
daka1243,aust1307,-5.079765212844883,0.025107248581591454,0,-3.2505647172575003,2.66911899078368
damp1237,aust1307,-3.381629193417141,0.03226369399444798,0,-2.7673376488995,2.62267274408084
dana1252,aust1305,-2.0677963682406695,0.031138841063836322,0,-2.2552333046274997,2.59374479530358
dani1285,indo1319,-3.0512183095606082,0.013046681264451023,0,-3.54360612409425,2.77693395173825
dara1250,indo1319,0.38161393791856646,0.023834148113960736,0,-1.3116195250175,2.684428532482905
darm1243,sino1245,0.991456639109923,0.030908143909593313,0,2.57863444103775,2.663158644318585
daww1239,nada1235,-0.28017787309752895,0.030125564383137685,0,0.5655402405875,2.83624697262039
dawr1236,gong1255,3.0269708970275664,0.053777879211990585,0,1.9277900131045,2.8951223134544852
daza1242,saha1256,-3.7559130237043985,0.03368099280157062,0,-4.361170138812724,3.465717853935095
dege1246,atla1278,-4.056706619380046,0.02614559157491096,0,-4.58153351143375,2.91224777954477
dehu1237,aust1307,-4.406823602273404,0.04419244078132904,0,-3.2106296741075,2.67213532926321
dera1248,afro1255,-3.548028477442103,0.03816324234148297,0,-3.22935797369325,2.8548649505476096
desa1247,tuca1253,0.20710618056075755,0.03563444553840162,0,-0.32020544203975,2.7566619405550803
dhao1237,aust1307,-2.6254014130191354,0.010120257311139346,0,-2.6598962505375,2.6188213807957004
dhar1247,pama1250,-1.0274343817875233,0.04949794646986337,0,-1.1476251220575,2.75900338880899
dhim1246,sino1245,2.8502069290502114,0.030186938022258577,0,3.4447204668525,2.70265354067703
dibo1245,atla1278,-3.973898405221675,0.033001436905843964,0,-4.3774459855,2.755036008133615
dier1241,pama1250,-2.9820406249762046,0.050581206880419366,0,-1.93439705769375,2.90978174189507
digo1243,atla1278,-2.7182733986769163,0.03546709869761061,0,-4.27669723646,2.691752471045325
dima1251,sino1245,1.8633730242698276,0.030963002102987237,0,3.82381923426,2.656232694927205
diri1252,atla1278,-3.5742894435343153,0.03877404869692054,0,-4.4590772555800005,2.7617676093933152
djee1236,mani1293,-1.9190042006530275,0.026028849544996537,0,-1.7146885953325,3.133973552121345
djin1253,pama1250,-2.186984498701427,0.05054930673624617,0,-1.8621961525336501,2.9393554792189747
dobe1238,aust1307,-2.652716676377866,0.03472927785407055,0,-2.8116731013200003,2.661276148560165
domm1246,nucl1709,0.3738046061010373,0.028936232709151428,0,0.3282436905575,2.706100176323205
dong1285,mong1349,3.7005994250254677,0.029976116939549796,0,5.60145179777,3.47249529950573
doro1266,manu1261,-0.587357356432419,0.03591895876597555,0,-2.50566709881975,3.05924714862757
drun1238,sino1245,2.5775472403782196,0.029911488744836224,0,3.449770274210925,2.728675928177525
dumb1241,aust1307,-4.739395320867652,0.031187521664076227,0,-3.2108312498215,2.653505505286255
dupa1235,aust1307,-0.5124090060588298,0.014907210717139657,0,-1.85965193993185,2.56722218397008
dusn1237,aust1307,-2.683989845401417,0.007848143270235019,0,-2.6808418334925,2.65317541901185
dutc1256,indo1319,-2.7799999714442363,0.014868639532958168,0,-3.5107359521649997,2.79121616224264
dyir1250,pama1250,-1.290559147516735,0.04935907604252949,0,-1.50581605122832,2.85354988371813
dzao1238,hmon1336,3.5655405834378913,0.028863577423873358,0,4.4425318016999995,2.978411382102695
dzon1239,sino1245,2.299120419656611,0.028718413177218544,0,3.69850544988775,2.6720637987410596
east2443,aust1307,-5.049419301047989,0.027965592263261774,0,-3.24174877136,2.6737279172994652
tang1336,sino1245,1.7002070212486027,0.030070182163029972,0,3.40930641004,2.70123388717349
nucl1235,indo1319,-0.7141517694329738,0.014098897042646283,0,-2.748259750945,2.8665996277372248
east2379,pama1250,-2.7983145722519582,0.056670789264420554,0,-2.1016488928275,2.869496602665505
east2555,tupi1275,0.05674295398462365,0.04254074675507553,0,0.71392463883625,2.72736323226805
east2332,aust1305,-2.4663284332049225,0.010887670228885996,0,-2.52892516993625,2.644765282515855
east2690,afro1255,-2.5219321059139084,0.038836173698199236,0,-2.7936362589825,2.64242309937512
east2342,sino1245,0.3135704762918078,0.03840493056273395,0,2.8929048155425,2.6402411219377253
east2782,atla1278,-3.7283119378881926,0.03194059944803988,0,-4.39634189457,2.74788174640029
east2328,ural1272,0.8972203386445026,0.02364498383285396,0,-0.31138793166775003,2.712161689853075
east2773,sino1245,2.7066719062248987,0.03290354807619782,0,3.40458555834,2.71827815803933
panj1256,indo1319,-0.022951957342911,0.018093410311087032,0,-1.252827871972,2.71770037247326
fina1242,aust1307,-0.9525342153790788,0.034126305511425925,0,-1.6441362531925,2.5461721461612
east2516,nucl1709,0.8304910906304346,0.023472425744789166,0,0.50248770641775,2.701736710388185
huaa1248,tuuu1241,-2.580981395005855,0.02767609900476864,0,-1.7435255032025,3.38695726838549
wall1257,aust1307,-4.424530672206691,0.03911207820810495,0,-3.367786063223,2.61868471816768
egaa1242,atla1278,-1.4042533662869805,0.040290407519441976,0,-2.60694452104415,2.75273700707563
egyp1253,afro1255,-2.9189602071417178,0.026737760304043685,0,-2.79039196503,2.6382350096635854
eipo1242,nucl1709,0.1828918318102288,0.03646001039392285,0,0.736275682215625,2.70411747254435
elem1253,atla1278,-3.24722482780073,0.01848018876448654,0,-4.584399462547999,2.90038361522108
elna1235,utoa1244,-0.35838229079140405,0.030452564846338976,0,0.39607094276599997,2.7227925881597947
emae1237,aust1307,-5.073055160198784,0.022133534731526173,0,-3.3281420658475,2.613590968293635
emai1241,atla1278,-3.637447720343597,0.03262779833380803,0,-4.5700949362575,2.9071732662812453
embe1260,choc1280,-2.399296108129789,0.03071565068877127,0,-1.53865026164,2.983767758291375
embe1262,choc1280,-2.012518160455798,0.03543160934004628,0,-1.549566160005,2.97461101955578
stan1293,indo1319,-2.9226458557235677,0.009776303902367165,0,-3.5259371104,2.7912044707934403
enuu1235,sino1245,1.2172693620201502,0.03613639340263925,0,3.2135023942850003,2.5904829684283097
epen1239,choc1280,-2.0272459410061066,0.03437565760521317,0,-1.5545911490300002,2.985557444349835
ersu1241,sino1245,2.8307583622717614,0.029605573796634962,0,3.7809414781,2.707092787555725
erzy1239,ural1272,0.12023978725316364,0.01780833073934577,0,-1.4905287059535,2.676063240630905
esee1247,koia1260,-1.0088151376171195,0.04681245707727839,0,-1.75988956143015,2.8828042224368398
esee1248,pano1259,-0.093381117428119,0.032401420015828075,0,0.744760616815,2.712049751763005
esim1238,atla1278,-4.692155457096198,0.035737954533980036,0,-4.1356941310765,2.93832007676271
esto1258,ural1272,-1.8170233570947252,0.00986711342534256,0,-1.7390618228855,2.654057767465055
even1259,tung1282,3.165780450955448,0.019559207027327274,0,5.628703809625,3.6282241683819247
ewee1241,atla1278,-2.8099528375631104,0.03451573123904701,0,-3.66876059888695,2.80695292748483
fala1243,sino1245,1.7194123111773654,0.02245856248966538,0,3.0467048810556,2.6506010276058003
fare1241,atla1278,-2.122331508304971,0.03597898767236415,0,-3.2474863244009997,2.69440200038827
faro1244,indo1319,-3.1670275026709525,0.014694876431035868,0,-3.5598529798405,2.76695487389474
fefe1239,atla1278,-4.6727990569709075,0.032097439222895464,0,-4.2069205383,2.93479258273288
fiji1243,aust1307,-4.681463877784245,0.04072325613805661,0,-3.2815101711102503,2.6199302937111604
finn1318,ural1272,-1.796547171373886,0.015413432937519829,0,-1.7308994098450001,2.647095119357375
fonn1241,atla1278,-2.8141713813483813,0.04105771035094,0,-3.66419004986925,2.80959122221774
fore1265,ural1272,2.149502643051621,0.014490422839793033,0,1.1806230879475001,2.8296090092914197
stan1290,indo1319,-2.7849934016654077,0.019098737178444868,0,-2.84399445730375,2.6892083425234397
fuln1247,fuln1247,-1.9093059872919809,0.024787801112199144,1,-1.0904064159867501,3.1093905167117653
furr1244,fura1235,-3.597739103223923,0.04250991788865336,0,-3.180707790705,3.5940519241073803
furu1242,cent2225,-2.261592223438342,0.03029884395643423,0,-2.2106712911825,2.70427172678162
futu1245,aust1307,-4.970796839033016,0.024126938297218185,0,-3.335036433195,2.6145141353556998
fuyu1242,fuyu1242,-0.7630348536765301,0.03899696636145836,1,-2.43852139800525,3.02352364688905
gaaa1244,atla1278,-2.5895243309838394,0.04174669678066338,0,-3.68598032778525,2.7864965400662998
gaan1243,afro1255,-4.532232320894946,0.027423902300361607,0,-3.21736806921,2.84143232661806
gade1242,atla1278,-3.941790903082973,0.030601762357234434,0,-4.5517712313297505,2.9125390709608903
gaga1249,turk1311,2.2819864604400633,0.029165810876419267,0,3.299982737655,2.93778208049168
gali1262,cari1283,0.5724025170250355,0.031807691341532315,0,0.079631071436,2.738296942670715
gali1258,indo1319,-2.698751128498585,0.020084954203513583,0,-2.8822534941475,2.67178786708644
galo1242,sino1245,1.873864686977305,0.038074645689006904,0,3.11012065349925,2.6258379412049253
gamo1243,gong1255,2.8097265512429077,0.047299873776735654,0,1.9386181500725,2.892966903857865
gang1266,sino1245,1.4075878702342528,0.027246360978987628,0,2.5842559674755003,2.637320644828995
gant1244,nucl1709,-0.13647735634987435,0.03879578986368204,0,-1.294650065965375,2.8286435403832346
gapa1238,aust1307,-2.0150898711898346,0.027098772336306438,0,-2.765718352035,2.616685385080205
garo1247,sino1245,2.7628588601297475,0.03383316024444189,0,3.8028432289425,2.68196707477614
gata1239,aust1305,1.5153139853167152,0.026015592769184824,0,-0.81832005809775,2.65814913406846
gayo1244,aust1307,-2.9706782971026584,0.03811544131015086,0,-2.596399339549,2.6505858581271102
geba1237,sino1245,0.08278620277501965,0.030274463425954183,0,2.74672872334175,2.63514623661731
geda1237,aust1307,-2.10921322826995,0.025514294423954417,0,-2.9873868358975,2.634281492362315
gela1263,aust1307,-3.9464666853687147,0.028638027686048527,0,-3.2790939052225,2.6511920634089448
nucl1302,kart1248,2.0542744905692114,0.02854664560273621,0,1.55944654226425,3.157044271772565
ghad1239,afro1255,-2.4378898036045022,0.02644666388533955,0,-2.83395577908,2.81520262579226
ghan1242,aust1307,-3.9297143399123255,0.024782457273358854,0,-2.9426657497475,2.652784547262645
ghar1239,aust1307,-3.897672473179713,0.0293474884972549,0,-3.30400709427,2.639820922872895
gheg1238,indo1319,-2.359871546399024,0.011834313059399507,0,-2.67258385795853,2.848337386019895
ghom1257,afro1255,-2.22594026788432,0.030712044907195757,0,-2.7891463865847497,2.805676838741335
gilb1244,aust1307,-4.12470788062294,0.02898347647511752,0,-3.310067320205,2.65842420531448
glav1244,afro1255,-4.602286514398323,0.032257617692960004,0,-3.2403700984109998,2.84777589501294
ghod1238,nakh1245,2.2304440296083285,0.013136247192920556,0,1.5577385581675,3.0455536534996
gofa1235,gong1255,2.962068696379734,0.03795488043582129,0,1.929673536618,2.88823666287389
gogo1265,suki1244,0.9276381771169084,0.047692286521597606,0,0.1883604400556,2.970518415783255
gola1255,atla1278,-2.0298286050215313,0.029620581495118155,0,-3.3537689239975004,2.8230055734075554
pare1266,aust1305,1.4618072348727817,0.025229900136195523,0,-0.8724258608262501,2.65302084733383
guah1255,guah1252,0.7722680622236585,0.018689786572459607,0,0.43560206928375,2.94326696139263
guat1253,guat1253,-0.9732903716811203,0.025638261399105817,1,-1.1098412220334999,3.04345380260605
gube1234,atla1278,-2.212210324668632,0.03773975276805324,0,-3.61826833966,2.882330058453535
gude1246,afro1255,-3.712878137925016,0.02916258852006164,0,-3.2236345890435,2.8404130199081896
guer1243,otom1299,-2.903664932446648,0.024079365177094875,0,-1.7045698508375,3.042008699656905
guiq1238,sino1245,2.9947481773401607,0.03216931658943703,0,3.7853889649125003,2.723298229750855
gulf1241,afro1255,-1.5992363956043874,0.023758290869725935,0,-2.77354307115825,2.656753533575705
guma1254,aust1307,-2.5768960873272677,0.04398206900791709,0,-2.7291179297259998,2.628429062956185
guny1241,pama1250,-2.8404794219442877,0.0824627360847061,0,-1.7067726821827751,2.888685359975045
gura1251,indo1319,-1.9181526027540725,0.03284802565209598,0,-2.0326311295475,2.74842733155937
guru1261,sino1245,2.6748889921813186,0.0341424380073621,0,3.5575401177625,2.661543773169675
guru1271,afro1255,-4.114677404644571,0.038242015574618406,0,-3.1948852472500002,2.848014622621935
kwam1249,koma1264,-1.1849355628296756,0.024194335239519884,0,-3.7766852122575,3.5658539284657
gyel1242,atla1278,-4.40007843987637,0.03251837697362741,0,-4.4860001321785,2.7925047599555253
haaa1252,atla1278,-3.8058596539993177,0.03959153637962249,0,-4.437807641765,2.725305964215985
hadi1240,afro1255,1.0618302869954133,0.03794514077122561,0,-0.5724386553425,2.558340615988125
hadz1240,hadz1240,-2.5327401672169545,0.04442380104359195,1,-3.4197439132975003,3.967680231749525
haka1240,sino1245,1.4612178562720124,0.031002642480812595,0,3.0400562778925,2.664369720197675
halh1238,mong1349,3.562813855115551,0.019666934174671954,0,5.601156011537499,3.48665849629204
hali1244,aust1307,-4.116069877508458,0.031287340444970946,0,-2.9567958731450004,2.65582805417782
halk1245,sali1255,-0.11186363043812815,0.043271508573448476,0,0.37368348599175,2.82601622595382
hame1242,sout2845,-1.3028251597008809,0.027417906959040596,0,-3.212645837723,3.589612559541405
hang1263,nduu1242,1.4893079159941043,0.07456264497808622,0,0.9716244138575,2.90421488753537
hani1248,sino1245,1.000348736274862,0.032996996155702285,0,3.2701745587,2.589389419037585
hano1246,aust1307,-5.065270816507377,0.024702347347044636,0,-3.2208029723975002,2.6670406780547
haru1245,piaw1238,0.8328148920795344,0.035227107320735036,0,0.82064389782675,2.93263459679822
hass1238,afro1255,-2.127411726358071,0.03351698084730956,0,-2.7879676187265,2.64015679069489
remo1247,aust1307,-0.5871888460893913,0.02857022061558621,0,-1.3770346938225,2.561670753717005
hava1248,coch1271,-1.71870022726463,0.03441742182104416,0,-0.948484822685,3.0358492546205147
hawa1245,aust1307,-2.8459283575312724,0.007450741565699472,0,-3.26596574936325,2.586724752512005
hehe1240,atla1278,-3.4395674549166353,0.0421033492089934,0,-4.36013936153,2.7070423977641997
heil1246,waka1280,-0.9924238438928286,0.030299435029836667,0,-0.62517049516,3.0287674913388454
here1253,atla1278,-3.493660968354845,0.03702978271387553,0,-4.4487738846175,2.747909342998275
hida1246,siou1252,-2.429428356898484,0.027605541448319396,0,-0.936858491063,3.015524906629945
high1276,mixe1284,-0.690004143324568,0.04410740298166466,0,0.705500441634,2.885254687120535
hind1269,indo1319,0.5344722630704857,0.024896198731977646,0,-1.32689565163584,2.7472275739118
hooo1248,aust1305,0.7312174559082353,0.028569703732814974,0,-1.0105324393675001,2.6594586561691402
hoav1238,aust1307,-3.964920291801881,0.03247981872031273,0,-2.98445196146,2.6445565480865802
ainu1240,ainu1252,2.713593665471193,0.029514388391327886,0,3.23551113566575,3.73657787371787
holo1240,atla1278,-3.9250492321153523,0.047252667478997146,0,-4.4274766041374995,2.72939692077577
hone1235,atla1278,-4.736358239726124,0.028355959681922904,0,-4.5680333894850005,2.9016415576175403
hopi1249,utoa1244,-0.3496570233072551,0.02556768539014065,0,-1.026691082193,2.8018173162678153
hual1241,quec1387,0.32366159055579746,0.03356173705404952,0,1.268052784224175,2.779617345946915
huam1247,jiva1245,-1.9719381252904022,0.029784942177234448,0,-1.652750838205,2.98785136591792
huar1255,utoa1244,0.0887872129915524,0.02780364711726716,0,0.51710704487475,2.736013015907285
huba1236,afro1255,-4.591853624658636,0.050608771493504026,0,-3.243490478151,2.852984194268525
hula1244,afro1255,-1.8645440307634331,0.01677793771126224,0,-2.174931728055,2.6193911307884052
humb1243,song1307,-2.3011122562532362,0.039072346236942605,0,-3.753930419335,3.21069247280438
hung1275,aust1305,-2.3850709393820497,0.020500046901098537,0,-2.459329811662725,2.6591290970361
hung1274,ural1272,0.15600477568466709,0.012649001369239632,0,0.18044047887672499,2.80573620536936
hunz1247,nakh1245,2.1184827798325996,0.02111095896520257,0,1.5648501163975,3.034548011732635
hupd1244,nada1235,0.2878133991197807,0.028666942425359564,0,0.72259317130625,2.835256429125245
hyam1245,atla1278,-3.9763902684260244,0.026216388116042582,0,-4.48917839852,2.91127232200041
iaai1238,aust1307,-4.833245607929042,0.03523303877666507,0,-3.1803253425375,2.653065953528535
iatm1242,nduu1242,1.4571463105317037,0.049492129146054394,0,0.8982986004517499,2.893061173721285
ibal1244,aust1307,-0.5660886971245775,0.0332041583595996,0,-1.8651174899475,2.5743428581239503
iban1264,aust1307,-3.014018873026017,0.008003471545632648,0,-2.380157901465,2.551374151451845
ibat1238,aust1307,-0.11499033253222929,0.026729740702705958,0,-1.14081081131725,2.532429745399185
ibib1240,atla1278,-3.3700197086873027,0.02429234645515921,0,-4.5769451908275,2.914248517786225
idum1241,sino1245,2.2629434219745868,0.027250284706261674,0,2.6259818046075,2.644461575685765
idun1242,aust1307,-2.343540689325737,0.024178865583700544,0,-2.7430998759175003,2.639079355638035
nucl1417,atla1278,-4.151862660658557,0.030902118966403012,0,-4.571934359165001,2.910122711158515
ikkk1242,kuli1252,-1.8950350266287193,0.03785686949647257,0,-3.5959867942425,3.564132605092475
ilaa1246,atla1278,-3.675816519323892,0.021461997063242776,0,-4.42915274936,2.72805092153474
iliu1237,aust1307,-3.349957184241471,0.034980361361350534,0,-2.8125885212475,2.650800624701245
ilon1239,aust1307,-0.6221390571357895,0.02872942338382929,0,-1.980841566943,2.604488606433645
imba1240,quec1387,1.3035938105955738,0.02799802458404869,0,1.1498637705102501,2.766309372571705
ingr1248,ural1272,-1.5359378111672801,0.016307360111444354,0,-1.7525947229895,2.6447289936533247
ingu1240,nakh1245,2.3426409328201663,0.013743832186734797,0,1.6167513447,3.07305167626226
iris1253,indo1319,-3.4543827831197795,0.016148201540524855,0,-3.03105280356625,2.8062061441664
irul1243,drav1251,3.76412230042057,0.0412465840251428,0,5.630431081165,3.3233261379475847
isco1239,pano1259,0.5781582821101946,0.03990990906135019,0,1.2664846388635,2.69268289445909
isin1239,aust1307,-0.6240117984979479,0.028424506283302897,0,-1.9563531424557499,2.5743024701446853
isir1237,kwer1242,-1.6426424470582512,0.046172877060865265,0,-1.6528209439289752,3.098471199353375
isna1241,aust1307,-0.21974596939827273,0.03645598637958754,0,-1.8772217407265,2.58501380864664
isth1240,utoa1244,-1.9000189636526152,0.036383137344460456,0,-0.42760327589,2.70806726440744
isth1241,utoa1244,-1.804511219602296,0.044308388372252,0,-0.4363612788475,2.7146333692347353
ital1282,indo1319,-1.8996520603721159,0.017040319346107096,0,-2.85483149480575,2.691792775420355
iton1250,iton1250,-1.6818416011631028,0.0245149789216133,1,-0.93223799679,3.072029601221245
itza1241,maya1287,-3.494296448806093,0.03636978090383687,0,-2.197432053855,3.0471460139846
iumi1238,hmon1336,1.2179379800302907,0.020614722030287993,0,4.46514813781,2.96392146173085
iwal1237,aust1307,-1.9752223273860325,0.028163318947149994,0,-2.9738272979675,2.645363137769885
iwam1256,sepi1257,-0.1308467978172628,0.04120424243021253,0,-1.1868039856325,2.874835005732405
iyoo1238,nucl1709,-0.5898655181464934,0.029197647064669957,0,-0.14128409779524997,2.7105198963500454
jahh1242,aust1305,-3.3979260462918073,0.007918525843087701,0,-2.5847563173375,2.653657098615915
jalk1242,mand1469,-0.3724422369334509,0.01836247061641272,0,-1.62061068977375,3.086511375446515
jamb1236,aust1307,-2.778747674509505,0.034114475477469465,0,-2.22848805958525,2.5251725705276504
jams1239,dogo1299,0.07942098602320474,0.027798095064721574,0,1.1366937832950001,3.032598926836605
nucl1643,japo1237,3.2813931572258053,0.021443576174126143,0,4.5671296295440005,3.21205414331475
japh1234,sino1245,3.154989747109214,0.025377418361513956,0,3.8095117461444996,2.72350317641289
jaqa1244,ayma1253,0.20453718506588592,0.04371453447656213,0,0.8291970419075,2.823986793506815
jaru1254,pama1250,-2.487823003247972,0.05306595243590892,0,-1.7885964572497501,2.812185805301025
java1254,aust1307,-1.7194365105972076,0.027880998770770833,0,-2.6890694021467496,2.649755478811055
jede1239,aust1305,-3.342895572841865,0.02483753858774661,0,-2.59903916182625,2.6461540889220547
jeha1242,aust1305,-3.3271257837085217,0.025927633634280606,0,-2.5997752174775,2.648182564089815
jina1244,afro1255,-4.648828501025205,0.033838420297803866,0,-3.25870275178175,2.83939591960949
djin1251,mirn1241,-1.058704264751117,0.04392532715519706,0,-0.3294049616565,2.95793757604811
jita1239,atla1278,-3.4313171844161197,0.03332562635232095,0,-4.4384398069,2.704988710496295
juan1238,aust1305,1.2512060571847368,0.03406053752211928,0,-0.81054339490225,2.64387783291311
juku1254,atla1278,-4.735202941493186,0.025716428548338152,0,-4.5712275385425,2.9002469583004054
jurm1239,cent2225,-2.056915687962814,0.02341527642210285,0,-2.1378430981371253,2.7247162997547
kaba1281,cent2225,-3.493479356552966,0.03610376565371857,0,-2.1960311383375,2.70255628034147
kaba1278,abkh1242,1.814244443584367,0.008826431997802179,0,1.7439114856625,3.108806524799935
kach1284,gong1255,3.044302673256041,0.037476133253917715,0,1.9743349830980002,2.87609508697715
kada1242,drav1251,3.7702421001515125,0.03460891468690422,0,5.647299102725,3.313277634757375
kado1242,sino1245,0.8498897220941994,0.03194684184426852,0,3.8526512964475,2.6504161250421348
kafa1242,gong1255,1.941464467377095,0.03131082616525945,0,2.055158211369,2.8303452190043
kaga1256,aust1307,-2.6054303108463714,0.0256533226486726,0,-2.4508242446575004,2.61006169082088
kagu1239,atla1278,-3.250130942784468,0.03379645662324558,0,-4.285781179975,2.684083326381195
kaik1246,sino1245,2.2760368811234226,0.03816904885320945,0,3.4786261872599997,2.69526717253845
kaki1249,kaki1249,0.8678888451141392,0.03974960765432704,1,0.0645687984745,3.013706072173055
kala1399,eski1264,-2.1707390142441936,0.02412843685312738,0,-0.366512530495,2.9232089171957
kala1384,atla1278,-3.3888618726804145,0.02354426154192055,0,-4.374243222756,2.73075878861769
kamm1249,atla1278,-4.785271734747772,0.046194355678226245,0,-3.82946262150225,2.803984419045955
kamb1297,atla1278,-2.8586052881549913,0.03069706399828385,0,-4.4495303409025,2.71588248410234
kamb1299,aust1307,-1.9124562002199181,0.029946318879756257,0,-2.1381227821823003,2.592098382589315
kamu1260,kamu1264,-0.5497023456865326,0.032456184572538856,0,-2.30784503393,3.091504642697485
kana1286,aust1307,1.0834622737028243,0.038296211399926776,0,-2.2145984837025,2.71313208213607
kani1286,nucl1709,0.5899639213668776,0.021793478959840726,0,0.452920044425,2.707436003528155
nucl1305,drav1251,3.949505086540964,0.04352322495282985,0,5.636519498099975,3.312684105310465
kaqc1270,maya1287,-3.2689073599104193,0.02372824696483537,0,-2.177283789215325,3.05180443327037
kara1476,pama1250,-1.389099443436582,0.04763227166472176,0,-1.126965125731325,2.751087869637775
kara1500,nucl1710,-0.777521405252867,0.03289732271636046,0,-1.1370303721575,2.96951144086276
kara1487,aust1307,-0.45701830110919295,0.016933026067018485,0,-1.55746561118,2.549858383365935
kara1486,aust1307,-3.9417832952070344,0.03555355428817583,0,-2.91001984094,2.664095308033255
kare1338,atla1278,-4.190919032747297,0.03612076030663751,0,-4.054165842160501,2.762393549425445
kare1335,ural1272,-1.4434134913700758,0.012936228318184454,0,-1.7532466044817498,2.646911023587055
kari1311,tupi1275,-0.9064507122862576,0.03433504264620331,0,-0.32683276214449997,2.898843089983375
karn1252,aust1307,-3.002040410094188,0.02891833181557174,0,-2.9406965132,2.637597064452515
kash1277,indo1319,-0.4530091251685461,0.02349966139561655,0,-1.61881962164125,2.7245173316662097
newa1246,sino1245,2.719911779915223,0.028096376698488145,0,3.4036828833225004,2.7113079336710753
kats1235,sino1245,1.5498805677619996,0.034737640923701824,0,3.4007708744349996,2.65344959104626
kana1291,katu1274,-1.928958633247126,0.024179263980062003,0,-0.8773508412075,3.025472553976835
kava1241,aust1307,1.988178274254322,0.04774682385292321,0,-1.1719958290974999,2.654712819582175
kaya1315,sino1245,0.2182237074422519,0.041074631675686646,0,2.9707826499643,2.635379295802905
keap1239,aust1307,-0.6805147214417105,0.02545288339151488,0,-1.412006578135,2.505010679262655
keda1252,aust1307,-3.0940542683328247,0.031424584750198464,0,-2.7370693692324997,2.6469707297529403
keig1242,kadu1256,-2.6858640540197025,0.039962819856461045,0,-3.44877149877,3.6505652441702248
kele1255,atla1278,-4.268673541315508,0.04192136288791911,0,-4.338776196662501,2.76746982965618
kele1258,aust1307,-3.0505545503507205,0.028693547434698603,0,-3.01066032708825,2.65350058639505
kele1259,aust1307,-0.5775029796166645,0.029058581509730248,0,-1.90886599765975,2.5682154179690997
keme1240,atla1278,-4.735402723831539,0.03667834449074525,0,-4.3172827549754995,2.88348173283177
keng1240,cent2225,-3.408558596031394,0.027439366845722225,0,-2.1988656517934997,2.7162701377144503
kens1248,aust1305,-3.318310161951209,0.027269019746613297,0,-2.6028876016874998,2.64179518487818
kenu1236,nubi1251,-2.433079823277791,0.03279803539721211,0,-3.3352287880800002,3.5667150643042103
keoo1238,aust1307,-2.48551502874626,0.034643427715227076,0,-2.7221287516389996,2.64328926136532
kera1255,afro1255,-4.734767916515473,0.03724130283566458,0,-3.15334341508875,2.87075973687126
keri1250,aust1307,-2.8825721461144473,0.02306897589166285,0,-2.307499069490775,2.54579116348716
kesa1244,nucl1709,-0.1357473323878462,0.03020423820569372,0,0.0132985977395,2.81047771078496
kett1243,yeni1252,2.6910797210011186,0.03014637070067749,0,3.2545114021555,3.75054895404271
kgal1244,atla1278,-3.5506048864480757,0.025336519309258256,0,-4.223033838815001,2.6573864878003253
khak1248,turk1311,4.586143206003213,0.019929556871263812,0,3.1894019312325,2.986416512435805
khal1275,sino1245,2.7590290571233345,0.02659137823215432,0,3.4214297002992504,2.7112871751267598
kham1282,sino1245,2.135386974844886,0.02815941981697352,0,3.709193402925,2.665254675287545
khan1278,atla1278,-4.197892771881785,0.018962296297354186,0,-4.58241988474125,2.91114432955959
khan1274,aust1305,-1.8853017453259358,0.008679346888642615,0,-2.36107573800975,2.5919929426558053
khar1288,sino1245,1.7459893578779921,0.04170967744534673,0,2.8277364757,2.64118441498551
khar1287,aust1305,1.160229068934906,0.028648663712614035,0,-0.80094041890475,2.65443190384849
khas1269,aust1305,-0.6073251667065416,0.03510846090652124,0,-2.134074541866,2.5921468251982054
khez1235,sino1245,1.6096698384722061,0.02706811368341435,0,2.8077597917299997,2.67923353820101
khin1240,nakh1245,1.6554592135584862,0.044203218523688206,0,1.2468519579500001,2.9818403255749297
khmu1256,aust1305,-2.223918605288774,0.024992248163287326,0,-2.4606068081599997,2.61484477776454
guan1266,sino1245,3.0972871028296103,0.009595491149540971,0,3.8065540909599997,2.72564923042202
khum1248,sino1245,1.4456380241378068,0.03757429637924198,0,2.98876560755,2.67269121124677
khva1239,nakh1245,2.1941908105665835,0.01774004321440398,0,1.5565902140184749,3.02195831626668
kich1262,maya1287,-3.2858943821513753,0.03505974802421629,0,-2.1809759327195,3.0601536834915404
kiku1240,atla1278,-3.003556110316833,0.03158941292875342,0,-4.44788247925,2.7180073133510048
kile1243,tung1282,3.572751729280577,0.028555978773393963,0,5.6754166307350005,3.5980122729327952
kili1267,aust1307,-2.8367664047160424,0.041876786958962305,0,-1.9383619373132501,2.564027101174265
kimm1245,hmon1336,1.6361241970960365,0.02791208217410443,0,4.4859514432215,2.9607224063398
kina1250,aust1307,-2.6069883316335267,0.027911235510625552,0,-2.47457801362,2.61822285824886
kinn1249,sino1245,1.6387698767461023,0.0328524822012419,0,3.14874639709,2.700586087108965
kiow1266,kiow1265,0.3604572757866118,0.01968445315380624,0,1.06517818819775,2.952208836432235
kips1239,nilo1247,-3.1106469388400257,0.03400391207856446,0,-4.1065260670475,3.2456431300083652
miju1243,sino1245,2.2846669773377495,0.028918314120758074,0,3.501719213625,2.6961516956739047
koda1255,drav1251,3.8847580875306176,0.03662633217638844,0,5.642739163559501,3.32371157632166
koho1244,aust1305,-2.3129961894645175,0.03472270518145357,0,-2.23883934497025,2.62428359322409
koit1244,koia1260,-0.3898516641141585,0.03961716070914531,0,-2.32137308779215,2.9139067471137547
koko1269,aust1307,-3.989744664749965,0.014739757106616324,0,-3.00034423954325,2.64194522784751
kola1285,aust1307,-2.631975494965535,0.02523449399027714,0,-2.81935700465725,2.64135540729798
kolb1240,atla1278,-5.113813075574232,0.028071199750252008,0,-3.9974854346125,2.78556520262925
kolc1235,atla1278,-3.7427461687099357,0.026916796782958323,0,-4.4961030273,2.788444468927575
kolu1245,aust1307,-2.416149695531607,0.031187196523419225,0,-2.7404005153675,2.632067760070615
komb1274,nucl1709,-0.30314257467189487,0.03358777625221049,0,-0.039958144104,2.692149598640505
komc1235,atla1278,-4.768583980634478,0.02794839018050219,0,-4.1837440041625005,2.9213052642779997
komi1270,sino1245,1.6716895242619645,0.03342001779067667,0,3.30044270482375,2.687192191377525
komi1269,ural1272,0.9584524573008819,0.012848580777035752,0,0.508667225475,2.772268796861235
komi1268,ural1272,0.9143407032087241,0.010841653052259743,0,0.51178945367575,2.76118426008394
komo1260,atla1278,-4.1043451778349755,0.02746607849191343,0,-4.426331232247501,2.7805128429446953
kona1242,east2433,0.8349407209038276,0.020409795026421044,0,0.12549516727749999,2.95712195405213
konk1267,indo1319,1.3203293116405432,0.012322938507675223,0,-1.03639716722,2.7076678265340703
kony1248,sino1245,1.869770837355044,0.029282906181337328,0,3.565395908313,2.63079519663764
konz1239,atla1278,-3.53601376455374,0.04067215714918352,0,-4.4519724050275,2.707077227487045
koor1239,gong1255,1.8396145578260148,0.03231832474839755,0,1.990437018252,2.86503714091196
kore1280,kore1284,3.417510391009764,0.023286459003694342,0,4.414708561993,3.65970850750693
kore1283,tuca1253,-0.3499660400831346,0.03103685649725327,0,-0.098230094455,2.77786299285236
kork1243,aust1305,0.37703071802059623,0.02297368347006575,0,-1.2325735610250002,2.659444111438205
koro1298,atla1278,-2.1587140582571007,0.03898117440433828,0,-3.19456948096225,2.69246534055481
korr1238,drav1251,3.8739517151892597,0.034431594396930526,0,5.607541746706255,3.333199870949575
kosa1249,nucl1709,0.09915406394497535,0.035353098302674614,0,0.7589486372605,2.70450912525621
kosr1238,aust1307,-3.397122845152281,0.035469537110487316,0,-3.279712988115,2.653526757385085
kota1263,drav1251,3.7930329843964676,0.03798205010380575,0,5.6017163159825,3.3371688831397153
koti1238,atla1278,-2.5554283800931072,0.0248804826940121,0,-4.0574857288285,2.65668164825856
guan1269,tuca1253,-0.16009358834073414,0.03941276546080744,0,0.31449281472427504,2.75715648446971
kova1243,nucl1709,-1.1335368413763147,0.037205653936324246,0,-0.018576090504375,2.712914636049255
kove1237,aust1307,-3.3985473146583645,0.03492420478769537,0,-2.8918709956199997,2.63861896780158
koyr1242,song1307,-2.361072082671037,0.03410168553878561,0,-3.75358648374,3.21791363237953
koyr1240,song1307,-2.281673472240448,0.03551909949924769,0,-3.7400887937525,3.20841648199002
koys1242,afro1255,-1.2198336961139906,0.01394174367477333,0,-2.200840243094,2.620835020220405
kryt1240,nakh1245,1.7303447530224563,0.017155850501995907,0,1.4666374181165,2.972522716603465
puoc1238,aust1305,-2.064238372292767,0.029189013237150358,0,-2.4654867602625,2.627186982896455
kuan1248,aust1307,-4.0077776766495194,0.024616164328108616,0,-2.90774804598275,2.662854704987875
kuan1247,atla1278,-3.653878551221016,0.037230543765950454,0,-4.4441161396024995,2.749679706896525
kuii1252,drav1251,4.349022225653259,0.05725042290740575,0,5.566593972462501,3.339696802519965
kuik1246,cari1283,1.129365666813106,0.03130643449198449,0,0.3731633471375,2.77885673613206
kuku1280,pama1250,-1.410232438590242,0.03543046339192698,0,-2.0048415801625,2.91165832724861
kulu1253,sino1245,2.761964585348286,0.024878737790735954,0,3.105123760245,2.71425914144492
kumb1268,pama1250,-3.1981307126138745,0.07283445390561169,0,-2.042062816905,2.93587747106022
kumz1235,indo1319,-0.3857728542128449,0.022392213669668096,0,-1.4808300101225,2.738708940661415
kuna1268,kuna1268,-0.9507862538889407,0.02860496962783216,1,-3.5485099632050003,3.9462911121427853
kuni1267,kuni1270,-1.1072426714189583,0.04394015370589522,0,-2.39026814132975,3.04518853206523
kunj1245,pama1250,-1.4718029368906256,0.0520579053200612,0,-1.9669700881224998,2.91329618145813
kuot1243,kuot1243,-2.988343356985486,0.03181290448355346,1,-1.1676154729875,3.2085834498374
kusa1251,aust1307,-3.9748377569015165,0.008932060024113847,0,-2.98364413283,2.64088168301182
kusu1250,kusu1250,1.7892306501660813,0.028778706057228085,1,3.585023400645,3.66460325286707
kute1248,atla1278,-4.705325468145716,0.025110643296454408,0,-4.55545232309525,2.91020293219662
kuvi1243,drav1251,4.304984441164871,0.04795864251020009,0,5.5702386868025,3.340505948933595
kuyy1240,aust1305,-2.639912173179302,0.03139663558268908,0,-2.5281603976125,2.640484379165735
kwai1243,aust1307,-4.098442662378221,0.03035974748730756,0,-3.3241731214600003,2.66145725212386
kwam1252,aust1307,-4.980887621513873,0.027861443151446535,0,-3.21804162186595,2.66425564089897
kwar1239,aust1307,-4.083007006695589,0.026181847630593325,0,-3.3153532579375,2.652952829847905
kwaz1243,kwaz1243,-1.0833653593475088,0.028991372792460657,1,-1.09928397531345,3.03646845052135
kweg1241,surm1244,-1.1348055613818735,0.02886301548389625,0,-2.4025135394985,2.927053429517045
nucl1595,kwer1242,-1.588021257815412,0.04283577411916836,0,-1.64543235953075,3.12176126329422
kwom1262,sepi1257,0.2909713131360161,0.05035691526342597,0,-1.4061835625749999,2.89613785005938
nucl1593,kwom1263,0.5957707029403392,0.03452339600660504,0,0.32232419827975,2.9831377293229098
kxoe1243,khoe1240,-0.8513110402652453,0.01863052390883011,0,-0.79289281064775,3.1026039417804654
kyer1238,sino1245,2.183022435290021,0.0210330316954716,0,3.6967109905565,2.66822996611491
cori1240,atla1278,-4.01004163765599,0.021302908502354327,0,-4.4969853160675,2.90305869361766
laal1242,laal1242,-4.133552904591012,0.047317155085321326,1,-3.1715559337725,3.70553470746448
labu1248,aust1307,-2.202035704219676,0.025939517215706455,0,-2.95598598305825,2.642059866592735
zaye1235,sino1245,0.23253308045566434,0.03059323694579923,0,2.8225569449545,2.633811241857695
laiy1246,aust1307,-2.4894866920097796,0.006414898835653207,0,-2.74576284653798,2.6218285960366403
lakk1252,nakh1245,1.8086395186785678,0.020806329105961717,0,0.5861829472925,2.953912495719445
lala1268,aust1307,-0.679768475905514,0.03772253918071913,0,-1.382117099075,2.5114062486028
lama1277,aust1307,-2.9006273742347357,0.006860346750481156,0,-2.7712548529725,2.63188484112999
lamb1273,aust1307,-1.6478356310453623,0.031582072082722366,0,-2.4403154459075,2.617809571631155
lamb1272,atla1278,-3.715143974575441,0.024896564180376012,0,-4.401543060214999,2.72732346176989
lame1260,aust1307,-5.079705820152181,0.029080578240051714,0,-3.2678748566055003,2.6549372144530903
hela1238,sino1245,2.174168196737499,0.029860712859967022,0,3.700845685925,2.673239104869975
land1256,atla1278,-1.8493756279986733,0.032600988790722214,0,-3.0704142181025,2.7631031517355202
lang1320,atla1278,-3.3048629317319698,0.03189838966379728,0,-4.39352535495,2.73631147637692
lash1243,sino1245,2.4689539187781113,0.012465101026776311,0,3.55977702479,2.6850894341103597
teke1275,atla1278,-3.7599582820385193,0.033757986721535044,0,-4.3183091641099995,2.7549509013081197
latv1249,indo1319,-2.9825020652491085,0.016372143676977265,0,-3.2081795448475,2.7573394825452953
lauu1247,aust1307,-4.105088247277157,0.02743373110638299,0,-3.32593034979825,2.6711686264207897
lave1248,aust1305,-2.5135375281338916,0.030990280306043345,0,-2.25972542996975,2.66234391190644
lavu1241,lavu1241,-2.89903709193067,0.05359487160609033,1,-1.4906675090305002,3.166411836998635
lazz1240,kart1248,1.9230804167705586,0.02484979296216218,0,1.57682236165425,3.1539391746388654
lega1250,atla1278,-4.018619499592949,0.02631565850996061,0,-4.4341089825474995,2.724424804721805
lega1249,atla1278,-4.069170567813273,0.026738352157193054,0,-4.4380914178625,2.7229560367069903
lele1276,afro1255,-4.750461611570038,0.033239604860607674,0,-3.142870998642,2.86865514389224
lele1267,aust1307,-5.050355742718002,0.0253787559627417,0,-3.2596711660375,2.66050056073788
lele1270,aust1307,-3.0992404466027574,0.02678617068552508,0,-3.0096948863025,2.654191003037295
lemb1266,nucl1709,0.41563166907848764,0.03977194263501427,0,0.5696848527845,2.6896739517721553
leme1238,aust1307,-4.937903599342066,0.041576097881452105,0,-3.2622367230775,2.67003911548552
lena1238,aust1307,-4.9864106988091645,0.005810375376890511,0,-3.2186464591495,2.662552799814455
leng1259,aust1307,-3.99207373400607,0.012382380368380333,0,-3.29610329037,2.63651979714023
leti1246,aust1307,-3.38943917184986,0.036670812739539684,0,-2.813954835801,2.66216225958462
lewo1242,aust1307,-5.078564309957002,0.03570455918159051,0,-3.25879181881325,2.661245557109985
lewo1244,aust1307,-2.875012287419718,0.03008214812401205,0,-2.77176969873525,2.626517380104545
lezg1247,nakh1245,1.7125652414772399,0.03488099914078803,0,1.170310007184,2.955490391714545
libi1244,atla1278,-4.186995762137732,0.04680890399298992,0,-3.93145802330425,2.704702587891
liby1240,afro1255,-3.4846720394293778,0.023347058387988524,0,-2.8035205339567497,2.6426448932299
liji1238,atla1278,-4.223825293422719,0.02659855994306908,0,-4.486649177837499,2.926214129445555
lika1243,atla1278,-4.075563703454163,0.021315945283389252,0,-4.4071624990425,2.78832103630563
lill1248,sali1255,-0.5462897726478914,0.028219416089893187,0,0.03108322635125,2.8529374142041153
limo1248,aust1307,-0.44508936723286263,0.02153126585413316,0,-1.8981911930675,2.574483856826215
lipo1242,sino1245,2.0839462961278965,0.03347662893847536,0,3.368045996665,2.64446782584296
lish1245,afro1255,-1.1692370418003912,0.015345091873519932,0,-2.21304771567225,2.6280901432496497
lisu1250,sino1245,2.600018299569549,0.011015133695247143,0,3.3614911189625003,2.6486263040613602
lith1251,indo1319,-2.6399410903247675,0.013262407825112487,0,-3.20358640876825,2.7765012946587397
livv1243,ural1272,-2.2507302694563602,0.024302051517001363,0,-1.73712327916433,2.636327137235935
loba1239,atla1278,-4.279083158518061,0.03874955074491055,0,-3.97262368065,2.69901953125457
logo1259,cent2225,-2.061362063399266,0.032288291245669655,0,-1.8134824429525,2.737146117329195
loka1252,atla1278,-4.326037047220998,0.028079691441173525,0,-4.535670217810001,2.9162290178207453
araw1276,araw1281,-0.4169726434869956,0.021571602337135613,0,-1.361758386815,2.7647620070728953
lolo1259,sino1245,2.1658639389801473,0.026375019525619325,0,3.38507108751,2.641668362454495
lomb1257,indo1319,-2.269618719850116,0.024218038307325516,0,-2.8397058020192496,2.671542869756125
chiq1248,chiq1253,-1.453207559195712,0.02273892748826966,0,-0.9146425471849999,3.06686285436029
acha1249,sino1245,2.0722193954964925,0.022440717486450473,0,3.543354924815675,2.68873259335155
long1395,aust1307,-4.0377492572446965,0.038066220403947935,0,-3.2834807053125,2.6521921581610304
loni1238,aust1307,-3.1421700815694047,0.03534899196055411,0,-3.0063281878185,2.64589620781303
lonw1238,aust1307,-5.079698897182636,0.024657183025165768,0,-3.2458002179000003,2.65234529426318
lote1237,aust1307,-3.5607290174660395,0.035093646884288655,0,-2.9557911494075,2.6396514645955103
louu1245,aust1307,-2.6865674034226785,0.02959860751261166,0,-3.0192941434975,2.66624393783106
vano1237,aust1307,-4.77844560901114,0.030974129049400778,0,-3.0173335532675,2.6733370071043803
lowl1260,tequ1244,-2.3542602439555362,0.03275450402660051,0,-0.992827474875,3.126872101572585
lowl1265,utoa1244,0.18059053873888595,0.03668866216393926,0,0.5665550914949999,2.738824081360625
lozi1239,atla1278,-3.4302484176170305,0.027813035300103046,0,-4.23450633278,2.667715845025115
luan1263,aust1307,-3.3860640211259314,0.02445272552203855,0,-2.821643602265,2.668549439892015
onto1237,aust1307,-4.206681500148468,0.032038667159844554,0,-3.312270324835,2.5971700349967053
luch1239,atla1278,-3.861730865353403,0.042211485377631384,0,-4.4429908887375,2.75063090830391
ludi1246,ural1272,-1.1237305138247982,0.02406949661432929,0,-1.742900261775,2.63723435818606
lugb1240,cent2225,-1.7666527968075043,0.03291325566205903,0,-1.8292644159,2.731521619417645
lugu1238,atla1278,-2.293560650250721,0.03597820392513717,0,-4.2730441292675,2.6763327480253603
lule1254,ural1272,-1.5781621398871615,0.03874246627778953,0,-1.6401315446775,2.622184792893515
lumb1249,atla1278,-3.7727727660632207,0.03250798256331074,0,-4.397726677830001,2.74841893022269
lumu1239,narr1279,-2.586263464994466,0.021052861209907795,0,-3.3616398795285,3.47421676625249
lund1266,atla1278,-3.884287201873568,0.0381090269434767,0,-4.4385259541724995,2.75301194527668
luok1236,nilo1247,-3.2328233924227052,0.04884987960292888,0,-4.120808792669,3.2398426709748502
luva1239,atla1278,-3.881595302091575,0.04200966217641423,0,-4.4437004759325,2.74328060276499
luya1241,atla1278,-3.8657077884843583,0.03613330868407641,0,-4.3730322918399995,2.764520421968675
maan1238,aust1307,-2.708384527104832,0.012141162936726584,0,-2.711967396855,2.633399744844895
maba1277,maba1274,-3.832983892216141,0.028759028765972656,0,-3.2620254803125,3.4045674262413703
mace1250,indo1319,-1.8561362245748265,0.013219710463992567,0,-3.2288820271825003,2.7312209442835247
maco1239,sali1297,-1.0559866307844945,0.032189100797631036,0,-1.0270599216007,3.04264206260504
macu1260,tuca1253,-0.26906458624256135,0.042324531879187076,0,-0.050619630355,2.760001440983005
macu1259,cari1283,-0.3620930546432224,0.03688684934117213,0,0.34142235495325,2.7240099052844
mada1285,aust1307,-4.0472675108328655,0.033482033370431964,0,-2.9083674282049996,2.644625974700385
madi1260,cent2225,-1.2467457719176829,0.03687507277488031,0,-1.418146355135,2.701110369429525
jama1261,araw1282,-2.0282736652035602,0.035722950507811525,0,-1.147320351057,2.96934758740664
mafe1237,aust1307,-5.019289768071731,0.00834179033363566,0,-3.2451292792775,2.6578276511205
mail1248,mail1249,0.36767706866105804,0.038972755995136804,0,0.5758639163852499,2.9346228614220298
mais1250,aust1307,-1.576076092987804,0.02737208473299465,0,-2.7906795610125,2.626578916927985
mait1250,indo1319,0.24310812855378386,0.027701969063341256,0,-1.4787023004747502,2.679598425272815
maja1242,surm1244,-0.8095030677717102,0.031914321556632735,0,-2.76001496304,3.00053278761453
maka1304,atla1278,-4.734508720045181,0.028090581479855985,0,-4.4976180573025,2.804655600477935
makc1235,taik1256,1.1245181729389646,0.03060072790349413,0,2.93078504525,2.94293372501944
makh1264,atla1278,-2.2034404666488068,0.018547188478264354,0,-3.82567375015725,2.644874925046345
makh1266,atla1278,-2.461675795759235,0.025711968210454947,0,-3.9702223468874998,2.660713830707685
mako1251,atla1278,-2.9038930309645052,0.02636701219199216,0,-4.42032372243,2.71552323741337
mala1463,drav1251,3.413922692898467,0.02830384986889086,0,5.6350144941850004,3.321854287003665
mala1464,drav1251,3.5406595712821987,0.033243245902529896,0,5.649260451437501,3.32621228717898
mala1522,chib1249,-0.976114782610947,0.024292835679628515,0,-0.59220794937425,2.7306715127239753
male1284,gong1255,2.50635599456524,0.036952311440067234,0,1.929526548857,2.875023313145145
male1297,chib1249,-1.9736776396919606,0.03673192876550587,0,-0.5705253383815,2.751985309881625
male1289,aust1307,-3.1512540279993546,0.014101970795769043,0,-2.9586645314025,2.65338769160068
malg1251,afro1255,-4.508780050964379,0.031101118151504605,0,-3.23788127884175,2.85047011690532
mali1285,otom1299,-2.642026670057124,0.03918510924097752,0,-1.284317524908475,2.9459808842923048
malt1254,afro1255,-1.6032330713111602,0.03152279169509411,0,-2.8257983302809,2.6515687161330552
malu1245,aust1307,-5.033531753319101,0.03908882754936188,0,-3.25547810401875,2.6689595969899402
mamm1241,maya1287,-3.774862310451411,0.043377079922845715,0,-2.090983777938,3.080637088117745
sauk1252,nucl1709,-0.8827965670800073,0.02435403600312601,0,0.012610008414,2.70466991994783
mamb1294,atla1278,-5.101589893013768,0.03481444745390748,0,-4.0277100416675005,2.777786029659995
mamb1296,atla1278,-3.854921318322634,0.024584827111158863,0,-4.4168443109024995,2.72356090504239
mamv1243,cent2225,-2.2282142173757404,0.04394852652129975,0,-2.0536382655245,2.82083229525049
mana1295,aust1307,-1.718891203150576,0.03401593099776716,0,-1.97464736440075,2.5546631217014246
mana1298,nduu1242,1.4720686384502615,0.08378292800483819,0,0.9782993957449999,2.9124855609348597
mana1288,sino1245,1.989518897450869,0.02459992852076854,0,3.5527974765637502,2.669866993530745
payn1244,nucl1709,-0.3307978893196452,0.03402511918035681,0,-1.3042729579777501,2.825998002438705
mand1440,aust1307,-3.6004452267308795,0.041297006085479614,0,-2.915529272245,2.6454899447426
mand1415,sino1245,4.086029518794779,0.029323948910951032,0,3.8127592696974997,2.71709799596931
mang1378,aust1305,-1.8342198695762137,0.03046143081940041,0,-2.3956000293759,2.6186714492229104
rapa1245,aust1307,-3.1059106855512946,0.028681928425890305,0,-3.2596313450275,2.6078802787501703
mang1401,aust1307,-2.7178895358019264,0.023098274982492353,0,-3.259464381053,2.58982458900506
mang1381,mang1423,-2.1095530447780426,0.04478856749558254,0,-1.348016236545,3.1477791453402304
mang1394,cent2225,-2.610850111656818,0.023511696484264773,0,-1.945139894465,2.734137189702715
mang1405,aust1307,-2.3381781425352752,0.029174549248055633,0,-2.74714121740175,2.634384796338205
mang1403,aust1307,-3.528604120700958,0.0487006599958929,0,-2.912083877215,2.6393546222894653
tong1308,aust1305,-3.2675781686739738,0.03277729534273245,0,-2.5939644232259997,2.64177124417203
manm1238,aust1305,-1.479830620402695,0.023825749365238676,0,-2.3878476830065,2.58785178468752
maor1246,aust1307,-3.818471193044478,0.02582819253377511,0,-3.26187914187325,2.59638598221302
mapo1242,aust1307,-2.067034816211115,0.017055113600399182,0,-2.97796860539425,2.64283449991345
mapu1245,arau1255,-1.4809825961541936,0.018658049513863805,0,-1.25345236494675,3.1130471932557997
mara1382,sino1245,1.2007236073949192,0.02978936159191979,0,2.51197687398375,2.669003391531275
mara1399,aust1307,-5.045315564490601,0.03023918531149961,0,-3.26710982323,2.658975458835095
mara1379,sino1245,1.746539577845999,0.027412932311814613,0,3.420699542095,2.7155898830171203
mara1378,indo1319,1.4690776686458673,0.015305816576698598,0,-1.02746277808725,2.71368663654158
marg1265,afro1255,-4.531949249859915,0.009582516827639352,0,-3.24258242057,2.854252401315965
mari1440,coch1271,-1.4245696560818297,0.034940040142867695,0,-0.9634225493474999,3.04158833652066
nucl1622,anim1240,-0.9260531722067491,0.03569048847742369,0,-1.37496387285325,3.09969959913122
mart1255,pama1250,-1.6030469581181157,0.050406170700376764,0,-1.7205941500415,2.7995165957920003
maru1249,sino1245,2.192814569804524,0.032843291946499535,0,3.5572229539277496,2.6711330684146004
masa1322,afro1255,-4.7360699089792035,0.047641026786596055,0,-3.1273908728624997,2.8918522807441454
masb1238,aust1307,-1.8158079387001056,0.025068152734068504,0,-2.4921412621925,2.60151473253746
mask1242,aust1307,-5.070952362779327,0.033799291678940885,0,-3.2548667929275,2.6663194333127453
kemb1249,aust1307,-2.9009725343392745,0.03913664276726364,0,-2.601472458505,2.62650176659863
mati1250,aust1307,-2.8302684594994405,0.010060211793901505,0,-2.44678041886875,2.61965726393443
mato1252,aust1307,-2.5297600065504486,0.031215348542819894,0,-2.94245640597225,2.645468150337905
mats1244,pano1259,0.4142920756661266,0.033075949182053435,0,1.3501432357245,2.72182930900332
matu1261,aust1307,-2.1827086490677874,0.02860703261770663,0,-2.9928217379605,2.628410134712655
matu1259,atla1278,-3.0715669400783794,0.025305378787254,0,-4.4037151987015,2.712202828310165
maun1240,iwai1246,-0.39639890984549936,0.03460689857517785,0,1.20547730508925,2.9876597311160547
maxa1247,nucl1710,-1.7797341087747576,0.022972717359784792,0,-1.1036153542817249,2.964325686612475
maya1285,misu1242,-2.5959983886654685,0.025979686283264723,0,-1.6162175888422499,3.031826567478955
maib1239,mayb1237,-2.3130731432098552,0.04554848493647902,0,-1.2125641957075,3.156022981574695
mayo1264,utoa1244,0.0640978656695896,0.03189698505540746,0,-0.6228808912865,2.755630285020815
mayo1261,atla1278,-3.254965919948641,0.03713183009887002,0,-4.16661568104375,2.732681792781375
maza1304,afro1255,-4.655229961747773,0.028004539784610614,0,-3.212326530135,2.85867791671524
mbaa1245,atla1278,-4.261222164370169,0.04123301192987224,0,-4.14852384392,2.75082706937766
mban1263,atla1278,-3.7936378069664647,0.04534477939544187,0,-4.1293309247875,2.748838832863135
mbar1260,afro1255,-4.696072661509277,0.03357392098163836,0,-3.2406321127175,2.828282222948305
mbay1241,cent2225,-3.554520325548994,0.03749819404236996,0,-2.1844562075625,2.70924562844565
mboc1235,atla1278,-3.736262666227299,0.03418030518133027,0,-4.4940376394175,2.79099876585756
mbol1247,atla1278,-4.194539952195514,0.04073663407750734,0,-4.3399796277525,2.76734914062002
mbul1263,aust1307,-3.050374068704728,0.0300020185230086,0,-2.9482296340125,2.6510153035554103
mbya1239,tupi1275,0.1465404126682926,0.029283619096257586,0,0.65968217024975,2.714163945366135
meen1242,surm1244,-0.6147349038189018,0.03171326451709702,0,-2.1358432340375,2.9162100193274103
mehe1243,sepi1257,-0.1058881616278032,0.04875875495006921,0,-0.156650008995,2.812294528116415
meke1243,aust1307,-1.1152357629490561,0.027315568040540722,0,-1.50860709231625,2.5225574451501
mele1250,aust1307,-5.049180082418003,0.035804241581726924,0,-3.3354585547775,2.6092880140567303
melp1238,nucl1709,0.2891184738155282,0.03309508679751362,0,-0.0531128023765,2.68040132054975
mere1242,aust1307,-4.5426815905353966,0.03624712608661712,0,-3.2437946939025,2.67324879770892
mezq1235,otom1299,-0.8971273552081653,0.031454665102877075,0,-0.9289681634832501,2.860618657155935
mich1245,utoa1244,-1.205440850770065,0.06837371336293976,0,-0.026973239479,2.712200857289125
mila1245,sino1245,2.443112644631035,0.02853430089447566,0,3.1851382920465,2.6633288827741852
mina1276,afro1255,-4.6566256689076795,0.011917879663088273,0,-3.2070812604325,2.854446657893735
mina1268,aust1307,-2.9477337450881285,0.030224059235492932,0,-2.2883594520055004,2.5577540580417297
mini1256,huit1251,-1.236686815669243,0.025763782274002004,0,-1.012279576509,3.051484721392435
mini1251,aust1307,-3.9947585603909106,0.025161728744082318,0,-2.8988130241745003,2.6401341213930403
minn1241,sino1245,3.989758714880884,0.026447174603791496,0,3.747798219665,2.736749898446365
misk1235,misu1242,-2.6179750116449947,0.03437779162234705,0,-1.5855611134797498,3.0416369034105797
mixt1426,otom1299,-3.3244265645793365,0.03010904944605285,0,-1.792936503223,3.00999398216028
miya1266,afro1255,-3.8752708880474676,0.02859949640862783,0,-3.2183523871875,2.853973489888605
miya1259,japo1237,3.6273539729631468,0.021422594116856167,0,4.627268248595,3.1840190783529447
lush1249,sino1245,1.2909359105664615,0.02826278043849203,0,2.596582617817,2.65472641646927
mlab1235,aust1305,-2.7384313026525176,0.015123728633324599,0,-2.4532974747375,2.6222143719717996
moba1244,atla1278,-2.2482465837701993,0.04103456631748166,0,-3.2227489724275,2.6915086147101
moch1257,maya1287,-3.301905185430925,0.04380988306931034,0,-2.14922460884175,3.0593578026711947
moco1246,guai1249,-1.8312950872270726,0.02735342624879186,0,-1.284524887111,3.028337814280305
mode1248,indo1319,-2.168077786469645,0.01656897260599172,0,-2.7157900524375,2.840639240930615
hebr1245,afro1255,-2.3925844703995853,0.019070855743263164,0,-2.2706440184380003,2.666845621179145
moha1258,iroq1247,-1.8366048973499742,0.027246521651948543,0,-0.7609153242425,2.93218456281249
moke1242,aust1307,-2.2771208366541664,0.023119351081168315,0,-2.6661552414939997,2.61535685313264
moki1238,aust1307,-3.6552200986497505,0.03112498208155244,0,-3.38312653941,2.65579026036605
mokl1243,aust1307,-2.47687718515082,0.011391572251265018,0,-2.6654689016512503,2.60775893414698
mokp1239,atla1278,-4.424035976358933,0.027480709615913063,0,-4.4896787928472,2.786239108769675
moks1248,ural1272,-0.11490567747101374,0.01944278707352633,0,-1.48022099035,2.687095178384405
mono1273,aust1307,-3.992309433910852,0.023109244963863317,0,-2.9908638797175,2.64772021592975
mono1270,atla1278,-3.876179403764246,0.04679179119383921,0,-4.145975567185,2.748575827467725
mono1275,utoa1244,-0.7874522479634116,0.04187368358099325,0,-0.805598299651225,2.75141060467159
mont1268,algi1248,1.1451852083408256,0.025815517459923512,0,2.482168178705,2.79428135431322
nucl1458,monu1249,-1.149157321989495,0.04246035502646498,0,-2.1575129141250002,3.04488246818019
more1259,utoa1244,-1.1484289178472182,0.05081766592137953,0,0.17744566152250002,2.694062696049925
morm1235,aust1307,-2.155017031842573,0.02922742248560464,0,-2.8383431416495,2.640454817768235
moro1287,aust1307,-2.830823063894843,0.02585120749173295,0,-2.7687763064262496,2.62375868124769
mort1237,aust1307,-3.444710440524277,0.026399458558457344,0,-3.4473426525915,2.633926786849425
mose1249,mose1249,-1.4825703191928963,0.02378477110584384,1,-0.9621505997199999,3.0521453966718397
motu1246,aust1307,-0.6193978859452555,0.030565541960848614,0,-1.405725254024,2.51194922868945
moun1252,koia1260,-0.6040697406978499,0.04206112755245097,0,-2.2913118465155,2.917869236609
movi1243,movi1243,-1.747591571707337,0.028613565001132345,1,-0.799263425384,3.0345117509535253
tang1347,aust1307,-5.002010591190444,0.03479575759051503,0,-3.22103523276275,2.6710989407561
mpad1242,afro1255,-4.488892707780853,0.032263888370203726,0,-3.2464269036025,2.849625536522395
mpii1239,sino1245,-0.42768763728102765,0.029760528954220794,0,3.1223174309874997,2.58696535268381
mpot1240,atla1278,-3.466271195828373,0.027069037025153002,0,-4.4123559611125,2.721892275747895
mpur1239,mpur1239,-2.247644054983989,0.043587007813450894,1,-1.3535763348775,3.2058811043361652
mual1241,aust1307,-2.887933950115042,0.028773816154023454,0,-2.382971743435,2.5656088911931603
mudu1242,aust1307,-3.5272130805643354,0.007163876165235333,0,-2.8734618779925,2.64439721347707
mudu1239,drav1251,3.844225848005059,0.05245276012095972,0,5.6365221441275,3.338611805263985
mull1237,nort1547,-2.3078008071388245,0.024821675555903065,0,-1.308058648209,3.134333573913875
nucl1240,atla1278,-4.944759228090573,0.04599388277572849,0,-3.992207750675,2.7734989320028447
munc1235,sino1245,1.143183121084054,0.012544678057298813,0,2.9988126929865,2.6508688620799
mund1328,atla1278,-4.741172393926341,0.03283196746863959,0,-4.2962514605,2.886370583589335
mund1325,atla1278,-5.122538636548617,0.034558125053563135,0,-4.0296526688522505,2.7630991411984
mund1326,atla1278,-2.816306195117429,0.038886037991698395,0,-4.163483821542499,2.740756713158765
abar1238,atla1278,-4.737004498623239,0.026700615030492602,0,-4.296284873139999,2.851483217714065
murl1244,surm1244,-1.5151268550578112,0.031901246245098575,0,-2.598363401305,2.9577594798624602
muso1238,aust1307,-2.3234497922523136,0.03571390852830089,0,-2.9581007629305,2.642705680582445
muyu1244,aust1307,-3.1939501563075634,0.03162798828662946,0,-1.9437275449769,2.5628690614296996
mwag1236,afro1255,-3.8494600159240635,0.03460147894698596,0,-3.234706232073,2.835258698634515
mwan1247,atla1278,-2.7319148805869347,0.03712828227512512,0,-4.2828577210725,2.68663770180933
motl1237,aust1307,-4.948683174356265,0.04184937996972398,0,-3.259892687026,2.65201790821515
nade1244,nada1235,0.013926681978156,0.019410184574277695,0,0.97362539052175,2.859796696093335
sout2857,aust1307,-5.053080184942603,0.028353786190381355,0,-3.2670531786675,2.6584343867902147
naka1262,aust1307,-3.6342779031707053,0.02853344940920162,0,-2.8754998151275,2.64296052985126
nali1244,aust1307,-3.973477882114778,0.02761069540554383,0,-2.88869785656675,2.651727998193015
nama1268,aust1307,-5.076935136446023,0.014833719017931905,0,-3.275058030055,2.66735555497037
litz1237,aust1307,-5.051563706013973,0.03073707394052778,0,-3.2612040546375,2.65332976718701
nana1257,tung1282,3.496757258305299,0.026183625525567654,0,5.673436176525,3.5907539135142903
nand1266,nilo1247,-2.965424172663992,0.029497813259176026,0,-4.09437056316,3.239526970434165
nang1262,aust1307,-4.669221764231829,0.03625932863353129,0,-2.99772198144,2.671035160581325
nant1250,araw1281,-1.925501208726244,0.04013164114789627,0,-1.8280358968825001,2.8451958598727
nara1262,nara1262,-1.1111732575551811,0.030992543752773768,1,-3.47259298994875,3.88089160728724
yong1270,sino1245,2.7000070807659062,0.028609789466043048,0,3.8063331823425,2.7250859746997502
naue1237,aust1307,-3.343160367211836,0.03162668002910732,0,-2.807502880155,2.678615419711095
naur1243,aust1307,-4.224564865835699,0.037701393796976145,0,-3.23546958509675,2.6678930399450502
nava1243,atha1245,-0.5760231250196177,0.02316677170055641,0,0.023458185536250002,2.8371089743636
nawu1242,atla1278,-2.41230778683947,0.04587814953612646,0,-3.706280086025,2.809203555165885
naxi1245,sino1245,2.69302713745536,0.0311478654826506,0,3.8067755321825,2.724042360485655
ndam1239,atla1278,-3.448851344479399,0.02715461189367577,0,-4.3904367256525,2.7313665775021603
ndog1248,atla1278,-4.219865366559763,0.040035239247564074,0,-4.1302697733175,2.7506218310076953
ndun1249,atla1278,-4.451607788339533,0.04067696577470628,0,-4.148260836537499,2.748996142828625
neha1247,aust1307,-4.134936634277383,0.032471397415258646,0,-2.9530578705300004,2.65235414062978
kuma1276,aust1307,-4.629946277166239,0.013671262730246924,0,-3.24280630744575,2.6545343453119
nenn1238,more1255,-1.1466030452370468,0.040567288730695816,0,-2.10665075159,3.09375831919096
nend1239,nucl1709,-0.28274277612252025,0.017656808615677123,0,-1.2973824081275,2.8279449453436447
neng1238,aust1307,-4.391531851962901,0.02657009235732943,0,-3.22416229814,2.6514337309460547
nucl1706,afro1255,-1.4101438599970857,0.021636993991873906,0,-2.1859213409315004,2.6310215255230753
nese1235,aust1307,-5.036041547332966,0.031146579665997667,0,-3.249902742721,2.644210160884165
vinm1237,aust1307,-5.0539077361548665,0.022866973340914955,0,-3.2595925319565753,2.66632425699733
ling1265,aust1307,-5.057974839561654,0.036348093789572176,0,-3.259402823775,2.65300065213667
nezp1238,saha1239,-0.45249540469948635,0.022394845252558946,0,0.1172567839685,2.98148477978756
ngaa1240,pama1250,-2.579092855033691,0.054664758262228684,0,-1.8677798138955,2.824296101700905
ngab1239,chib1249,-2.0314998005458094,0.021940748617514837,0,-1.115495880881,2.7579256925343048
ngal1292,gunw1250,-2.245958469379342,0.045123950041100695,0,-1.6074914379985001,3.089185084773355
ngam1268,cent2225,-3.5453006745926485,0.03541187047532912,0,-2.1993177362900003,2.7007368201390953
ngan1291,ural1272,1.835497324997783,0.015756201461131783,0,1.1096127396435,2.8601724953048304
ngar1235,pama1250,-2.650865399970294,0.05578981323769758,0,-1.7747728846045,2.81746483124245
ngar1284,worr1236,-2.0585757596713394,0.04981069049154892,0,-1.437195261047,3.162231970436475
ngar1283,mirn1241,-0.69576302895304,0.032928469904311926,0,0.405311016083325,2.92824165918827
ngas1240,afro1255,-3.998743527314705,0.012870905391316656,0,-3.2386235735125,2.84032371122056
ngba1284,atla1278,-3.731645269489283,0.04061345631936925,0,-4.1723443154024995,2.74356305454244
ngba1285,atla1278,-4.454787360347301,0.04045452641524124,0,-3.8933268489875,2.786986506093255
ngit1239,cent2225,-0.740713057289098,0.028282784339281025,0,-1.40622205491525,2.717613335944915
ngom1268,atla1278,-4.232573894650999,0.04068047397162699,0,-4.0782374909175,2.72440830686644
nhan1238,pama1250,-1.6984632831683668,0.0488346532273474,0,-1.82299440049,2.8412902976833703
nhen1239,tupi1275,-0.6200470794642778,0.03831703005619061,0,0.473639159905,2.7330047011163447
nila1242,atla1278,-3.621325106348236,0.028416190135207152,0,-4.40824847878,2.73360745841121
nucl1633,nimb1257,0.40342105435681413,0.03660359595897943,0,0.6214466458282499,2.98864232175282
nina1238,yano1268,-0.5561017967212523,0.025711246395139872,0,-0.32927731844175,2.821501976080825
labo1244,aust1307,-5.052819109751937,0.02512773822971985,0,-3.2638198305725,2.65759666002899
niua1240,aust1307,-4.423681581608744,0.035635380815050896,0,-3.3653413943599997,2.6232523932529
niue1239,aust1307,-4.14638220712229,0.033913024203189424,0,-3.325340403787,2.6254186300539297
niva1238,mata1289,0.3015470261842126,0.02566314094373413,0,0.622409759269,2.9738824261425
njan1240,atla1278,-4.880200100559536,0.032445724894758936,0,-4.1686377052475,2.9230848073379
noct1238,sino1245,1.9832675417712906,0.031110146796274527,0,3.6378581975325,2.672577392719705
noma1260,atla1278,-4.713481330476919,0.02348934156882771,0,-4.416814510157501,2.796287839587325
noon1242,atla1278,-2.3804457329398057,0.04345451086609008,0,-3.65190018207475,2.88670168750863
noon1243,atla1278,-4.739361253628546,0.036188360085962656,0,-4.313139641719999,2.87552848936229
nopa1235,otom1299,-3.2290708824589656,0.03282659478658602,0,-1.8020927506125,3.01934493245928
nort2839,aust1307,-5.0821605126208285,0.0377962502283929,0,-3.243175916855,2.669041718124735
nort2697,turk1311,2.7266052168389825,0.033273379862350815,0,3.31730096286475,2.96395742396835
darg1241,nakh1245,2.006144365196728,0.01239181036588263,0,1.5091958217775,3.0197156994477803
nort2930,kiwa1251,0.959876961374384,0.04107033507780623,0,-0.147513989177725,2.9998162812069147
nort2724,sino1245,3.1983655231234014,0.03724362145268898,0,3.468533131267,2.6891128225789602
nort2972,choc1280,-2.4670808601867527,0.04385738406130795,0,-1.5359374421825,2.977791691127975
nort2702,drav1251,4.230814324938601,0.04240523292757405,0,5.521116652317501,3.347177274306775
gumu1244,gumu1250,1.2150711740100837,0.028015101898362132,0,0.72812075487075,3.050436112603435
nort2938,haid1248,0.885798616006623,0.021216446928421135,0,1.51745360777975,2.98962863586883
sing1264,sino1245,2.0227086152265095,0.029921108861427535,0,3.8195115033425,2.66677875427027
nort2684,aust1305,-2.6529716420167535,0.02500884606461317,0,-2.53844932599425,2.638959219493745
lush1252,sali1255,-0.2658623073940951,0.03737690950752936,0,0.74287291268675,2.8176220106742047
nort2774,atla1278,-3.679358213998309,0.04128849086326867,0,-4.1263042208327505,2.75390386749923
nort2954,utoa1244,-0.18089826090119004,0.03055878127295721,0,-0.6798825027622499,2.74968468050307
nort2957,utoa1244,-0.5154165151899304,0.029862651393721885,0,0.3748451404525,2.6819979843903052
nort2723,sino1245,2.7881351058250594,0.02916206234267264,0,3.8072768484675,2.72481258314987
nort2747,hmon1336,3.039492634460801,0.027694104991222556,0,4.35308318888775,3.01706943940192
nort2722,sino1245,3.190875246385982,0.020772015889084117,0,3.83323222112975,2.73037558276691
nort2885,aust1307,-2.716513101367223,0.025051338066595596,0,-2.43960845156775,2.61592857480332
tosk1239,indo1319,-2.477170594562298,0.013881385282753915,0,-2.66533499416975,2.8489197478838353
nort2732,sino1245,3.018900515882559,0.017140133559518038,0,3.45687893273975,2.7121212779340453
nort2690,turk1311,3.001981550061786,0.02899988621198465,0,3.23293318367225,2.968424084083405
nort2745,yuka1259,1.5453865610610666,0.01510938357259661,0,0.8877399699699999,3.360961755067135
nort3047,afro1255,-4.663852155353736,0.03131958731667221,0,-3.217499259795,2.849420861662705
nort3139,afro1255,-1.9885181428245633,0.028211346321129514,0,-2.7863696253325,2.64673243454396
nort2845,aust1307,-3.0191173728011753,0.03326374888064944,0,-3.2410564035525002,2.5986132905445
nort2671,ural1272,-0.8998873873721974,0.016371302291881686,0,-1.61704113299075,2.621898661783025
nort2942,atha1245,-1.6340376382014608,0.033072794228058124,0,-0.7490458331100001,2.84423817816582
nort2847,aust1307,-4.993257664220442,0.03741328283458021,0,-3.22419129050775,2.662015993354075
nort2961,algi1248,0.155858710616704,0.029597615848986215,0,1.8784180370025,2.747929803525645
yaki1237,saha1239,-0.09412844340068655,0.025689299959669742,0,0.6146890916550001,2.943459743282445
nots1237,aust1307,-4.0188887218782785,0.035880716528407464,0,-2.9235252888695,2.643530980407665
nuer1246,nilo1247,-2.6190747532680874,0.040646800255788804,0,-4.070123352622501,3.267808727224815
nukn1238,nucl1709,-1.1223114459029142,0.030100397992682205,0,-0.000995308314749999,2.70121157465897
nupe1254,atla1278,-3.167416152864676,0.034190595672440184,0,-4.5664171361775,2.90699625793376
nusu1239,sino1245,2.5778796103564057,0.02951512461231455,0,3.34744899835175,2.6506723118102498
nyah1250,aust1305,-2.8120903357412557,0.03148868870537298,0,-2.43845590365995,2.636975381563635
nyak1260,atla1278,-3.650080406302346,0.02014693462672761,0,-4.4134003552625,2.719037622749175
nyal1250,atla1278,-3.5159272274816424,0.02527253528597278,0,-4.4565722751182495,2.792199404034065
nyam1285,afro1255,-4.310883784498082,0.026683919750787006,0,-3.23866749847,2.832258308171665
nyan1301,pama1250,-1.7651868655117542,0.046055292754909036,0,-1.4591346726049998,2.791283787935255
nyan1307,atla1278,-3.649051396516496,0.032863738721654746,0,-4.482879884152499,2.700002124526025
nyat1246,atla1278,-3.594904869375882,0.029644491800776777,0,-4.4138998386025,2.72683426328493
nyor1246,atla1278,-3.3653433742457963,0.033078889472120565,0,-4.480036747545,2.70314537745296
obok1239,lake1255,-1.3699137447937324,0.03942446683697498,0,-1.56804522732725,3.128214863925805
occi1239,indo1319,-1.933839653207434,0.018915015325569166,0,-2.8577175803407497,2.68451757904363
ocot1244,otom1299,-3.1475840324436843,0.025417045072158796,0,-1.79808356113,3.02272035768811
oriy1255,indo1319,1.547897639626938,0.018719516648892594,0,-1.2498252467725002,2.7033498462337704
kalm1243,mong1349,2.078912074566569,0.027403775016208012,0,5.5982317310775,3.509382024308595
okan1243,sali1255,-0.19544754894669658,0.03694058492749061,0,0.336010346925,2.826066653253715
okin1246,japo1237,3.5334612429064114,0.02372887681512745,0,4.636132325725,3.190310994782405
oksa1245,nucl1709,0.6076839872152181,0.02419896036806943,0,0.30208900569499997,2.6784650830384997
oloo1241,nucl1708,-1.6261196589746638,0.04948389520394656,0,-2.86311243941,3.022998046461165
olut1240,mixe1284,-1.0219363351250457,0.04187474132100454,0,0.19618508766075,2.883848665494415
omie1241,koia1260,-0.7352130344526189,0.052030499411897635,0,-1.379987798244,2.85274579207769
bira1253,bira1253,-0.4377933404363873,0.035886561366631556,1,-3.91745703788,3.751497145946745
onon1246,iroq1247,-1.8111004491582714,0.024339061687158374,0,-0.76857516795825,2.9377633140338597
orma1241,afro1255,-2.1980334965766044,0.0324404743484923,0,-1.1589934888564999,2.5593650558677252
oroc1248,tung1282,3.339217707947454,0.03069048669456627,0,5.664466337735,3.59170859896441
oroh1237,aust1307,-4.17442280100569,0.035836083790140846,0,-3.30556721479175,2.6565824071170203
orok1265,tung1282,3.075766663343754,0.03015437051825507,0,5.66586947337,3.588200687584745
orok1266,atla1278,-4.456745418216306,0.028215894746475772,0,-4.498303947625,2.791481711166745
orok1267,nucl1580,1.274074013228355,0.03826655119023899,0,0.4533163838155,2.96702973196233
orow1242,aust1307,-4.702944928564438,0.03273409944686038,0,-3.21824509909,2.6720962175218
otta1242,algi1248,0.7715718901756775,0.031500323259312964,0,2.3024507439725,2.751525414879495
paaa1242,afro1255,-2.8323531984269996,0.0321141914676931,0,-3.2332911748625,2.84507829090998
paam1238,aust1307,-5.082186477182513,0.031739601476149404,0,-3.243557814975,2.6752626684993253
paas1238,atla1278,-1.6739824783441357,0.041415177664689974,0,-2.5924592615465,2.677121564740275
paco1243,aust1305,-2.2740137072210627,0.03426512838774367,0,-2.5333307863575,2.637436018199425
pagi1243,atla1278,-4.564578933340944,0.02942573302232147,0,-4.41876189144,2.78894240647611
pagu1249,nort2923,-3.100637154474807,0.06351909433537388,0,-1.76650416884,3.1122286147827554
pahn1237,hmon1336,1.6721273790147075,0.026922486343000544,0,4.38937787065,3.0153799780199897
pait1244,sino1245,1.3508070631730391,0.028983999696988477,0,2.69375300268225,2.6388857425431747
pala1344,aust1307,-2.2962619051225777,0.01762344580500577,0,-2.41409651911765,2.64647224041577
pali1279,araw1281,-1.9862843544221827,0.034418170028982877,0,-1.5213501509482499,2.852573495673115
balu1257,aust1307,-3.0934566475739276,0.03522969524254052,0,-3.01767566405875,2.6659542635575297
pana1307,nucl1710,-0.0763525185192178,0.02184380888192018,0,-0.4854908550075,2.87180936947352
enap1235,cari1283,0.1991802296513345,0.032161761893399705,0,0.5201898534285,2.72890623852734
pang1287,atla1278,-2.6268358948414443,0.026487223469892927,0,-4.3605292873975,2.71324860968339
pany1241,pama1250,-1.7995423970615574,0.04770281547528165,0,-1.7479182471625,2.822812406694675
papa1265,aust1307,-4.098759959774851,0.03313816612104082,0,-2.9499736504425,2.6478369054115802
para1311,tupi1275,-0.6001227607819439,0.03640120331128321,0,0.5393192844925,2.719905352759575
para1302,sino1245,1.8373474166354542,0.030982672068007415,0,3.3391941748400003,2.6865131727729947
pare1272,araw1281,-0.6130839933394351,0.025665127799746508,0,-0.8202134302076001,2.80172116450655
pate1247,aust1307,-1.9504379813291925,0.033464798198313,0,-2.9915637204200003,2.6358549648876552
patp1243,aust1307,-4.075585144441229,0.034712872148728806,0,-2.905292423436025,2.642631055632415
paul1238,aust1307,-3.5540848137297187,0.039423120007471134,0,-2.7716963178030003,2.648534154118715
pech1241,chib1249,-2.328515227494978,0.02499991756575521,0,-0.95677409726725,2.88535542734177
peer1241,atla1278,-5.015001842332381,0.04315269926294155,0,-4.0049103843475,2.78716828864793
pela1242,sino1245,2.0414850006780068,0.036389218922698974,0,3.5521049102125,2.676907469345425
pemo1248,cari1283,0.027241275149442898,0.030782530706520674,0,0.4655582341248,2.72257377513868
pend1242,aust1307,-3.2760878480639892,0.02259600708891229,0,-2.75924528212,2.634015885960315
peng1244,drav1251,4.3122707979073125,0.040261937686073106,0,5.562655874475,3.3425802734083447
phom1236,sino1245,1.8102179637528901,0.039297501514164467,0,3.5284685533499998,2.6343490546106647
piap1246,araw1281,-1.392942774861182,0.03652239444443289,0,-1.9297118796125,2.79857871180704
pila1245,guai1249,-1.6210515927807574,0.033645681624632134,0,-1.28143248234525,3.04222467825697
pina1252,piaw1238,1.4025913765245461,0.04838700001113865,0,0.69264574120975,2.97312444705526
ping1243,aust1307,-3.725221525524173,0.010668712226739735,0,-3.4043777389649996,2.65579057814552
pipi1250,utoa1244,-2.3511209210472215,0.045200685065854854,0,-0.3603444244945,2.7351418494399953
pite1240,ural1272,-1.8254393996325757,0.02964095214502168,0,-1.6543758369835,2.6298366140088003
plai1258,algi1248,0.9869787969802779,0.023293073149853433,0,2.555143877605,2.7741997369998304
pnar1238,aust1305,-0.5030524336435589,0.023430906848800257,0,-2.0597033285542503,2.600016182413365
pohn1238,aust1307,-3.567136971525515,0.026417219895461624,0,-3.404959470025,2.651264311947325
poko1263,nilo1247,-2.826518885902135,0.03618878487986638,0,-4.0812886225025,3.2690019080651
poli1260,indo1319,-2.83196842268879,0.01582416401789857,0,-3.204847082075,2.7025071510874152
popt1235,maya1287,-3.7525385895554586,0.032635385220374034,0,-2.18034698376,3.056806944648315
port1285,aust1307,-5.070232814414272,0.02545915315248496,0,-3.2627337639772502,2.6571069386356703
port1283,indo1319,-2.734292590217877,0.017170981253795906,0,-2.88358902729,2.67377190479377
phai1238,aust1305,-2.623127564200116,0.028537314638975318,0,-2.4511283040775,2.624369247660505
psik1239,afro1255,-4.612352227317805,0.03082075588329186,0,-3.23386690795,2.85961226229956
puin1248,puin1248,0.33226870135692077,0.021302949102163328,1,1.0123739199353499,2.9502986899539048
puka1242,aust1307,-3.9315198841831256,0.029914542238643926,0,-3.3522507177875003,2.6213539763238947
pulu1242,aust1307,-2.835395724562844,0.0316025348982178,0,-3.448747693495,2.6361486082757697
puma1239,sino1245,2.475604930413314,0.03497038252218104,0,2.65637194640875,2.6894536751737
pume1238,pume1238,0.6673012715749426,0.019256073194746953,1,0.455337447385,2.98371788025396
pura1257,pura1257,-0.4467262188889092,0.03612901068821213,1,-2.64898086841825,3.104518987092
pure1242,tara1323,-1.4926778269672178,0.026288663245193723,0,-1.013169127197,3.10871255601037
puri1258,sino1245,1.9150998544809066,0.02768507578512833,0,3.64564609645925,2.6821021996521948
qanj1241,maya1287,-3.2594010561073814,0.0337827184603342,0,-2.1892921072475,3.06516349346875
qima1242,afro1255,-0.22398394501565771,0.02809941169954031,0,-0.424063580357,2.5926653183524246
quer1236,otom1299,-1.4841500225819781,0.03385449355157229,0,-0.9774728781975,2.863606617323555
quio1240,otom1299,-2.9490754511551556,0.03381585347829435,0,-1.1868342516825,2.930981493843055
rabh1238,sino1245,2.1478473058203797,0.029568599064802508,0,3.828937531583,2.6715864914339553
raji1240,sino1245,1.8731099468400956,0.014883994776803825,0,3.3928888323225,2.6942568640930853
rama1270,chib1249,-1.630424007170682,0.03471595437132297,0,-0.42193854586475,2.731388928282705
rapa1244,aust1307,-0.243051436697689,0.017986748693147984,0,-2.92546324882325,2.5660131402108153
rata1244,aust1307,-3.690785302125136,0.025135936961181445,0,-2.4997946606425003,2.634640693495625
raut1239,sino1245,1.6633377266918994,0.029788163803736174,0,3.421978526103,2.69560588746247
remb1250,aust1307,-2.4689977245477657,0.03825347826934499,0,-2.7320100158000002,2.64881507945005
reng1252,aust1305,-2.347813790321237,0.03895716421189895,0,-2.2728744379599997,2.643985151738695
renn1242,aust1307,-4.031090851511216,0.023800191899082498,0,-3.350597906545,2.61605420494525
reye1240,pano1259,-0.2657415495535836,0.03200372062706876,0,0.84488400959275,2.70951769208725
beka1241,aust1307,-2.912077076007381,0.03679416728767582,0,-2.60666161152,2.627696180086605
romb1245,aust1307,-2.1269428875217793,0.02352178429485153,0,-2.4798542660625,2.6066513639162796
ronn1241,afro1255,-3.8838063516397545,0.033497868410202844,0,-3.2058508031465003,2.839665804347695
rong1264,sino1245,1.0585984485631315,0.02656556181253939,0,2.7691420676975,2.6410205674057
roto1249,nort2933,-2.6701598615541675,0.041639940425442716,0,-1.2480097294124999,3.156291690019245
rotu1241,aust1307,-4.6897909776571645,0.029833783165693024,0,-3.2909685922625,2.636026473604355
rovi1238,aust1307,-3.9574054178117284,0.030452387301819667,0,-2.9760099559109996,2.645988343854735
ruch1235,aust1305,-1.659678012674175,0.03968257859761402,0,-2.23855197005975,2.581921858701075
ruka1240,aust1307,1.5854302019906057,0.034800225085653724,0,-1.367910730825,2.6860646386402447
ruma1248,aust1305,-0.5399732613581754,0.03522656975260699,0,-2.1118569132762497,2.573453436537195
rung1258,maba1274,-3.9709426987777077,0.02901481724368278,0,-3.2555964461595,3.3996771282972196
russ1264,mong1349,3.492134775346276,0.028503287672523164,0,5.600041265045,3.4983304773856947
russ1263,indo1319,-0.9106297577882432,0.0136543975916472,0,-3.173786225647,2.69633251345816
saaa1241,aust1307,-4.634798582380676,0.021851611056521142,0,-3.259832597395,2.66332984774078
saaa1240,aust1307,-4.167521325552297,0.03381023176505282,0,-3.3025168461099996,2.6683321891811653
saam1283,atla1278,-3.3119195377435338,0.032218830165208275,0,-4.446448773577499,2.70483674045485
saar1237,aust1307,1.230366232157113,0.024263248979593085,0,-1.5463822957522502,2.680700091295445
saga1262,atla1278,-2.753414315432915,0.03270115979264963,0,-4.45572843645,2.7092927821818398
sais1237,aust1307,1.553322194685148,0.031172420704041467,0,-1.0872372025097499,2.70046429491985
yaku1245,turk1311,3.8334769817996692,0.02022265176592327,0,3.2262698552925,2.97467193738746
tsis1238,atla1278,-2.8791721879256493,0.023897001996307524,0,-4.5731785309149995,2.9036736295920846
samb1311,atla1278,-4.93184130386085,0.025578204433173202,0,-4.1629046783755,2.934532210658615
samb1305,atla1278,-4.96722626824625,0.03035778764220164,0,-3.995431411495,2.786247142609235
samo1305,aust1307,-4.24011622451524,0.02045713644240183,0,-3.37102986913,2.599668686931595
sana1295,afro1255,-0.5851847139238235,0.023090492814341106,0,-2.7747065067900003,2.648916852269955
sanb1242,chib1249,-1.7682572721467749,0.021761695284088948,0,-1.1221497594577499,2.768037351400075
sand1278,huav1256,-2.3530491684210375,0.034598830741041926,0,-1.2062524395127499,3.09537271309316
sang1331,atla1278,-3.9643515969944394,0.04437542684165312,0,-4.4042184691775,2.76123461010223
sang1330,atla1278,-3.596385800594814,0.026770720689534535,0,-4.3562247215825,2.690349507489945
sani1269,sino1245,0.8179581163003136,0.038958880777261826,0,2.93048733771,2.605168468049505
sanm1289,quec1387,0.4643307556756785,0.028473898880850595,0,0.9981760487806526,2.768047358471565
sanm1295,otom1299,-2.9293900311352763,0.03791301578108162,0,-1.717878034045,3.028804335805575
sant1451,otom1299,-3.3593712561486697,0.03294226988955366,0,-1.802075860959,3.020829540799655
sant1436,otom1299,-2.9534425052757642,0.03474662005610174,0,-1.72328030215825,3.02930742621151
sanu1240,yano1268,-0.9064362649880908,0.02842240208658874,0,-0.51230541679775,2.8447536025491
sapo1253,aust1307,-4.090098146163708,0.03715152722197759,0,-2.9434084480625,2.641461093346485
sara1321,cent2225,-3.482592526829773,0.03247692395189423,0,-2.2008529248609996,2.702226531204065
sars1236,atha1245,-1.6739728696314216,0.03697791229774734,0,-0.715597473796,2.8533435205658897
sasa1249,aust1307,-2.1217131907335833,0.025960617519095088,0,-2.49352801814125,2.60982749962456
sata1237,aust1307,-2.635439649229362,0.024976652118226788,0,-3.453703487885,2.63799462610497
saur1249,drav1251,3.385547340088776,0.04855887535101112,0,5.42760583331,3.37984158127854
savo1255,savo1255,-0.8525992013925736,0.029523225689152943,1,1.46152929208,3.02040250467354
saya1246,afro1255,-4.029094148039379,0.02665995780506903,0,-3.18858469225,2.871148129607225
seda1262,aust1305,-2.311327021972743,0.030431351447111194,0,-2.273773568541375,2.63898967173861
seim1238,aust1307,-2.3139960630775604,0.007888660344632325,0,-2.9827427960025,2.662601587772425
seke1241,aust1307,-5.07650906429238,0.019881561804203293,0,-3.2749686270550002,2.66514959393426
sela1259,aust1307,-3.1605535277889736,0.03503409747404013,0,-2.769397468135,2.65055808963272
selk1253,ural1272,2.3261064798830686,0.01647485515508084,0,1.13640390044,2.839268400272605
sema1265,aust1305,-3.356392287176506,0.03442366382506569,0,-2.57673775612225,2.659894575168975
seme1247,aust1305,-3.3802988096213094,0.037130493518699244,0,-2.5748796639225002,2.64569939562438
sene1264,iroq1247,-1.725749937995169,0.03218075161063941,0,-0.76211465177325,2.962249243546415
sout1528,indo1319,-1.6575702658039602,0.009384721478846104,0,-3.2614429492475,2.7232462146785
seri1257,seri1257,-1.2392801268394584,0.019936473918352765,1,-0.7112794504155,3.0913488581211297
seve1240,algi1248,0.2044989324613001,0.03935803884018941,0,2.2943401912025,2.750820028364135
sgaw1245,sino1245,-0.2841540028532704,0.025064210578226224,0,2.6823987041025,2.6438520513014048
shab1252,shab1252,1.1301118938989827,0.03180511607989751,1,0.146141519982,3.368147018564025
sham1280,atla1278,-2.8164631511128033,0.038880687445490815,0,-4.290183254377499,2.68791400182594
shan1283,pano1259,-0.0570800327458448,0.032081995950368244,0,0.9153932194565,2.681263919804975
shaw1249,algi1248,1.2233948968570822,0.03280930388674698,0,2.3477447678225,2.7797494591233898
biao1253,taik1256,1.8981619312225528,0.043954529983137446,0,2.8890069715055002,2.947428235553605
shil1265,nilo1247,-2.7538773772741187,0.04200115571102925,0,-4.115359795525,3.24108518434268
ship1254,pano1259,0.6437364060802041,0.03377106997698316,0,1.3678177929839999,2.6928239527723647
shix1238,sino1245,2.7732008852904717,0.030631265230040006,0,3.8006361793975003,2.7355321876311454
shol1240,drav1251,3.2722978954895257,0.034960824135698426,0,5.6471472283375,3.317722366203225
shon1251,atla1278,-3.47884218843984,0.02217237696867774,0,-4.37056227707725,2.71441486970473
shos1248,utoa1244,-0.78707173395415,0.03042524769207618,0,-0.989221187224,2.79104039943348
shua1257,jiva1245,-1.898346283211029,0.0333989983846687,0,-1.63835743395075,2.982645711775745
siam1242,siam1242,-1.3847711978652049,0.023465785384714107,1,-3.8170311693025,3.557571965054835
sich1238,sino1245,2.64764389150424,0.033212825531750284,0,3.2764102845925,2.62377782416962
sici1248,indo1319,-2.253708974176987,0.01865464018813709,0,-2.8550599333293247,2.68729125105747
siee1239,aust1307,-5.01529744122823,0.035610637642563385,0,-3.19981873981925,2.65705196448914
sier1250,otom1299,-2.996464985342329,0.0383330991835869,0,-1.7940309379085,2.99690144869602
sika1261,aust1307,-4.314556417195621,0.035313076507291895,0,-3.3094060557800002,2.608305585235445
sina1266,aust1307,-0.7056716052831574,0.033680226925221435,0,-1.405218204005,2.507304630319025
sioo1240,aust1307,-2.74232936782382,0.028775424145497025,0,-2.951902380505,2.64196603177425
sion1247,tuca1253,0.429639089597861,0.03620337453426901,0,0.0724438076875,2.7751859272906403
siri1274,tuca1253,-0.23853738299700805,0.04263976199597602,0,-0.22564409585025,2.763265470100425
sile1255,nucl1709,-0.4816968709731554,0.03958126260871209,0,-1.303294336296,2.83102904630444
situ1238,sino1245,3.129684259600265,0.03024795631375649,0,3.8135022970075,2.71944354093155
siwi1239,afro1255,-3.1072876422825786,0.024806454634349814,0,-2.85132051776725,2.825266125084735
skol1241,ural1272,-1.060125954296014,0.009943924331216212,0,-1.6531387639725,2.6513985973013297
slov1268,indo1319,-1.7635885824755284,0.009017615770059254,0,-3.2606320117775,2.7255895301183397
sooo1254,aust1305,-2.6021396299753112,0.022039107660870198,0,-2.5338191367895,2.6402177396615
sobe1238,aust1307,-2.077470334809924,0.0345499120595165,0,-2.927699109442,2.6497072321965254
soch1239,otom1299,-2.8659405036964483,0.04008801088946811,0,-1.1815913638945,2.92179159304922
soga1242,atla1278,-3.280804919016692,0.03536144825381261,0,-4.46736968620075,2.705703361031815
soli1239,atla1278,-3.601355848434717,0.023649483952581665,0,-4.4307829438985,2.723904333392785
sons1242,aust1307,-3.1091164536894786,0.03362725590531439,0,-3.4380279238425,2.64594172039291
koon1244,atla1278,-3.7349208931246114,0.03350146217779243,0,-4.396249629015751,2.76294936519595
sout2859,aust1307,-5.08370862442192,0.030646340704100994,0,-3.2507539988475003,2.659200885877805
sout2976,utoa1244,-0.46862652048597386,0.0374091109653718,0,-0.30390462835,2.738011855506315
sout2856,aust1307,-5.049996834117456,0.029693050455795816,0,-3.2586585374275,2.651975475767375
sout2954,japo1237,3.5151072582404392,0.02171679978564073,0,4.62375324728,3.1924452453001
sout2996,ayma1253,-0.1555188266755813,0.03756731823049822,0,0.6584773831690001,2.8206548555808
sout2730,sino1245,2.8906759809942253,0.028886354373438953,0,3.4737778057125004,2.69058832263544
raro1241,aust1307,-3.727460980848016,0.03350106310857796,0,-3.2576758762024998,2.60041760650273
sout3236,gumu1250,1.058841397767667,0.0247456652601697,0,0.74056189698525,3.04496285205452
sout2956,haid1248,0.9014400120852457,0.01778781968189054,0,1.5187890693325001,2.9963172347768348
kach1280,sino1245,2.21253107632993,0.030928919725078774,0,3.81539461648,2.67358620511988
sout2994,namb1299,-1.1304915557619775,0.02944314766179453,0,-1.00275214499825,3.02616467046221
sout2649,indo1319,-0.5574784194213429,0.022264272183706527,0,-1.9821448722164998,2.756150397598865
sout2729,sino1245,2.7239517410796354,0.030707934090155323,0,3.80727988964,2.7239730906142103
sout2728,sino1245,3.1290406234590646,0.038499987731116674,0,3.8347084709425,2.724087393818735
sout2807,atla1278,-2.580431944923248,0.02447150006413429,0,-4.23732401166,2.674936459480385
sout2797,atla1278,-1.896049687102512,0.031219156205178383,0,-2.3803761432024997,2.68182892516521
sout2679,ural1272,-1.6233505754274442,0.020371579112418162,0,-1.6469258135715,2.67165366574779
sout2895,aust1307,-3.5352617812128426,0.033568657623350116,0,-2.773180642280825,2.64679260880737
sout2674,ural1272,-2.1478199284288384,0.015579456247745026,0,-1.69841007931825,2.6323080285214
sout2959,atha1245,-1.9315281354783673,0.0392410714549222,0,-0.7509222545245,2.84991221711373
para1301,aust1305,-1.169556198308249,0.03230772344068061,0,-2.38404448314375,2.5836776186066297
sout3261,nakh1245,1.9018268381439176,0.012330557353882431,0,1.50155140701575,3.02102143074565
sout2869,aust1307,-4.98355436628845,0.02582254548655748,0,-3.21377949091575,2.65800174949964
stan1318,afro1255,-1.8752286633396213,0.023594116164913255,0,-2.8011216040990004,2.644405612003495
indo1316,aust1307,-1.4594456802115507,0.03127910066930746,0,-2.14792097774225,2.513873190143115
stan1306,aust1307,-2.733441299826482,0.03238222483397811,0,-2.235363213535,2.52899604409988
horp1239,sino1245,3.04598451028278,0.022903869542450533,0,3.802167063095,2.728674713240985
sude1239,aust1307,-3.036803706053276,0.029041440114629107,0,-1.953120920141,2.56482564482112
suku1259,atla1278,-3.790909785838436,0.027352292683136957,0,-4.4028552811025,2.7640871907484748
suku1261,atla1278,-3.7059017754843158,0.050647454670263464,0,-4.3835498888375,2.70425687166062
sumi1235,sino1245,1.7720360589764756,0.029587860820937308,0,3.15203771772,2.6907137801314196
sund1252,aust1307,-2.047839834204095,0.027646001174344705,0,-2.515493603315,2.61955656426493
mari1426,aust1307,-5.03474745829304,0.025887507378835464,0,-3.228324500325,2.6606509131016
sunw1242,sino1245,2.692282492541546,0.03418690890697055,0,3.43238237703,2.7058791991750653
supy1237,atla1278,-2.157027787940236,0.04299609395873489,0,-3.913816239725,2.78541831947186
surg1248,ural1272,1.2952788569496274,0.026198353014569218,0,0.249495877212225,2.76756984424354
surs1246,aust1307,-4.086805372561111,0.025745193128373364,0,-2.915743484694,2.652298203130285
swah1253,atla1278,-3.223808632874128,0.03596340330007575,0,-4.2805686435475,2.70059150515812
swed1254,indo1319,-3.4559992807733972,0.011095798925477806,0,-3.5450967595725,2.764203966147895
taba1263,nort2923,-3.0560850385424376,0.058792782389133894,0,-1.7959563344512501,3.1150365548953447
tabo1241,tabo1241,1.3199514510014643,0.036895558370125967,1,0.13309853872875,3.09908322963439
taga1272,aust1307,-3.3791856762900943,0.03504663347550526,0,-2.44528801277275,2.610075134433025
tagw1240,atla1278,-1.9698216024088469,0.06225657794698647,0,-3.9086939527249998,2.78473883267461
taha1241,afro1255,-2.9048699137343474,0.02921507619660598,0,-2.5298914231775,2.73560834297139
tahi1242,aust1307,-3.3900941923145727,0.027470045576813044,0,-3.2621358667075,2.5996250359630197
taia1239,taia1239,-1.0932639027536677,0.038917348237322784,1,-1.9461806405725,3.089468802418525
taji1246,aust1307,-3.262507068912675,0.028417419460906996,0,-2.7626408898725003,2.6313505849340197
taku1257,aust1307,-4.199176650727607,0.03770052600039323,0,-3.3027050633575,2.60638226745856
tali1259,aust1307,-3.9676271355649977,0.03340497759101015,0,-3.2665496743765,2.63946326421888
malo1243,aust1307,-5.0227256754112455,0.03282879258183689,0,-3.2399892472555,2.65677732528538
tama1365,afro1255,-1.7378874331513399,0.028348676971153352,0,-2.3887158312625,2.693308044957305
tami1289,drav1251,3.5735999779114413,0.05780925613590135,0,5.65385844135,3.316861869062265
tane1237,aust1307,-4.793952761495264,0.025201503531158118,0,-3.0306240159474997,2.672169074950955
tang1377,sino1245,1.8127709392171516,0.033479315265597526,0,3.1933803100500002,2.63033608147648
tang1348,aust1307,-4.129395214729447,0.025869048170521915,0,-2.930867252085,2.640937511652735
tani1257,tuca1253,-0.1668727716584119,0.04017986438991303,0,-0.2807071941875,2.771564155567205
tari1256,araw1281,-1.682539412722213,0.042064930020827396,0,-1.9228490295075,2.7903023982708604
tari1263,afro1255,-2.1619382408829155,0.010758790313829593,0,-2.8251143895924997,2.80535272053897
tata1258,otom1299,-3.12626851732115,0.028633444001169857,0,-1.7944458718090002,3.022798980485315
tata1257,aust1307,-3.1113920336850147,0.03394992240467373,0,-2.5710750913625002,2.62921311698707
tata1255,turk1311,2.607029786400143,0.029986139652363766,0,3.24950314154,2.97274288792156
taul1251,taul1250,-2.995222294437437,0.05775100547792565,0,-1.13947979242425,3.207031322515265
taus1253,taus1253,-1.0924125691350015,0.02490654747368067,1,-1.029707727205,3.02413733072808
taus1251,aust1307,-3.347676994783722,0.019954899632611357,0,-2.487100952475,2.61290623483842
tawa1286,afro1255,-1.6659789984576219,0.025744870051601837,0,-2.2675639155975,2.6839001739693
diga1241,sino1245,2.2374804889300037,0.04252134138004035,0,2.9344104643174997,2.652934803330515
taya1257,afro1255,-2.8171262052029746,0.030949795472148725,0,-2.3687743260025,2.70092934855922
tbol1240,aust1307,-3.4778952629535462,0.04541772987976743,0,-2.1923654300504998,2.59386613674726
tean1237,aust1307,-4.788506454039565,0.031238630193863692,0,-3.0201869528325,2.65884547284665
teda1241,saha1256,-3.4215603419697156,0.03210479297196111,0,-4.36161360645,3.46576511702993
tedi1235,sino1245,1.4777269296712978,0.035281911746120845,0,2.86767886128675,2.648232068296335
tekt1235,maya1287,-3.2813206117195386,0.03354970362055287,0,-2.093748647875,3.075953287305535
telu1262,drav1251,4.154115983089316,0.051578459178924126,0,5.5730918999900005,3.33561488548282
tene1248,dogo1299,0.14234933732446645,0.02870246946888125,0,1.09335872177,3.0456231136143748
tenn1246,surm1244,-2.1868256013390663,0.03907031218785861,0,-2.5957285117274997,2.95890909588075
teop1238,aust1307,-4.103319376986102,0.03251797353119478,0,-2.93940458946775,2.641989477157285
tera1251,afro1255,-4.325306724555267,0.03082573252968197,0,-3.22627851496675,2.826308950027385
teri1250,chib1249,-2.055339547472296,0.028120872966109947,0,-1.0499736782825,2.78160071182939
tern1247,nort2923,-3.0911882839078126,0.03804529143688473,0,-1.73789711587175,3.128644291409165
tete1251,utoa1244,-1.045483278048632,0.048486994287763464,0,0.40107624226000005,2.68066468894764
thad1238,sino1245,1.4747529460828046,0.03431662302815802,0,2.8230860387775,2.641377666560455
thak1245,sino1245,1.8851608650236442,0.02510346083621198,0,3.5452296270675,2.6600584179679148
than1259,sino1245,2.719745604174559,0.03213386644994634,0,3.4025873397675,2.71940956550597
thao1240,aust1307,1.3895673886546072,0.03349113338408678,0,-0.9333084988710001,2.721017035536005
aheu1239,aust1305,-2.6063986431900554,0.02953184814501882,0,-2.4594873962425,2.66543146082785
thul1246,sino1245,2.7746531602104927,0.021834592964545076,0,3.401604502813,2.708556299373865
tibe1274,atla1278,-4.814426422365039,0.04007223515886289,0,-4.4714321927525,2.8123851590023197
tibe1272,sino1245,2.242415022167303,0.00650924289827271,0,3.688539664225,2.67828690355019
tief1242,atla1278,-2.0095551728606686,0.028330537516331154,0,-3.50499110478225,2.72868831112637
tief1244,atla1278,-2.001183704036611,0.02804104377135169,0,-3.50603393889625,2.733173186825775
tien1242,atla1278,-3.6217360910133665,0.03256446396221103,0,-4.365494386957501,2.752739052432095
tiga1245,aust1307,-3.9062622640635016,0.03656515107814771,0,-2.906480495855,2.661609032827255
tigo1236,atla1278,-4.8014966179680245,0.025517855482574885,0,-4.5617759344949995,2.9052225907758453
tika1246,atla1278,-4.854374232898739,0.02506599852488405,0,-4.16720811225,2.9194291678288247
tiko1237,aust1307,-4.890809698737151,0.03506941311678969,0,-3.346462315445,2.61581988730372
timn1235,atla1278,-1.9606534063916103,0.04689747936042062,0,-3.0181202596679997,2.76424036970308
timu1262,aust1307,-3.154244753758281,0.039560478865616484,0,-2.5729570218825,2.63300474361066
maee1241,aust1307,-5.041621211568463,0.03740126013246742,0,-3.27428658084,2.65325405937776
tiri1258,aust1307,-4.714238749162336,0.02861672661188986,0,-3.21670110552,2.6496263657536003
toab1237,aust1307,-4.077746818772427,0.026491150595847845,0,-3.323383873231,2.67356965069024
toar1246,nucl1580,1.086606058096423,0.03763633334990778,0,0.5809597702975,2.938392528109995
toba1268,leng1261,-1.2293482542201062,0.027092047155178458,0,-0.8074997050225,3.00983429661871
tobe1252,nort2923,-3.0298388223379558,0.06394500402075765,0,-1.8013031774155,3.1102985885069954
toho1245,utoa1244,-0.06948899942702974,0.030486455576146876,0,0.01332775891225,2.7305795307598952
tojo1241,maya1287,-3.1094084483907265,0.04883718415933315,0,-2.183481714356,3.05815432541413
toke1240,aust1307,-4.138474225458358,0.0293103435947691,0,-3.3782947461,2.6028136759554252
toll1241,jica1245,-2.64469440167013,0.03696378458196668,0,-0.99535222187415,3.10021640258521
tond1249,song1307,-2.222399616166763,0.028135703237794758,0,-3.7498526956314997,3.20429248162398
tong1325,aust1307,-4.339158361119548,0.008289204287178603,0,-3.3378230258175003,2.625614350676705
tong1318,atla1278,-3.5034186821603264,0.021935090404244097,0,-4.4274421753975,2.7235644255109497
toor1238,atla1278,-3.4651113146328454,0.0333408808884928,0,-4.479243128544001,2.710549671251485
tote1238,atla1278,-3.5662768181586326,0.03536547233030161,0,-4.43174987941325,2.732445424610825
toto1302,sino1245,2.8744148876817146,0.029925054518472778,0,3.4407577223825,2.70843926584423
trio1238,cari1283,-0.47645117225853517,0.032302040986179295,0,-0.0663214347685,2.7503209491454204
trum1247,trum1247,1.042196950338914,0.03874819174632498,1,0.465873237835,2.963262311028385
colo1256,barb1265,1.2705697851497764,0.022682588737380376,0,0.7311837541775,2.9235839126856247
tsam1247,afro1255,-1.266806758723952,0.03673207556622157,0,-1.1795117607615,2.5481781337580047
tsat1238,aust1307,-0.41622889004265273,0.022649511272078593,0,-2.02867496261325,2.535175091279505
dido1241,nakh1245,2.210128161652151,0.015170440774475836,0,1.56019420738175,3.02608185255566
tsha1245,sino1245,2.1408688754498515,0.028845585758833846,0,3.5263042183574997,2.68928674820441
tsix1234,khoe1240,-1.1213218089057055,0.02077912354762389,0,-0.495480289345,3.08620139911749
tsog1243,atla1278,-3.8942475242361763,0.03663940629835308,0,-4.4147245174675,2.813601274023605
tson1249,atla1278,-3.3569006576744016,0.023219437937784224,0,-4.251833517725,2.692208216219845
tswa1255,atla1278,-3.323933182220716,0.021859833984674663,0,-4.2489021931175,2.69736275825809
tswa1253,atla1278,-3.5301435551198876,0.02457009687357864,0,-4.221739864057501,2.647807715359345
tuca1252,tuca1253,-0.1676701796971397,0.03131657779287209,0,0.29266963587350003,2.760310992388955
tuge1241,nilo1247,-2.0050984395793034,0.02855564469919498,0,-4.1103281904774995,3.235137747821355
tugu1245,aust1307,-3.3981129772573606,0.030718057687901253,0,-2.80150734338,2.647514970985735
tuka1248,aust1307,-3.15345134010902,0.022695061712180598,0,-2.7608214622275,2.629827504765685
tuki1240,atla1278,-4.744037660644384,0.031023562886376303,0,-4.4054670595825005,2.810325328416135
tula1252,atla1278,-4.872229199129552,0.03667193175974511,0,-3.1629329264274997,2.7223382080476703
tulu1258,drav1251,3.881084810023758,0.04856073192688416,0,5.5906039198425,3.3326598609974702
nene1249,ural1272,1.7571124116303056,0.010361895728231773,0,1.17444282531425,2.845588019052855
tune1261,atla1278,-4.710122345137449,0.022334992332274768,0,-4.4184128884675005,2.80415509855382
tung1290,aust1307,-3.7805962259952794,0.007886997713266774,0,-2.9066216926850004,2.64177571251389
tunn1238,afro1255,-1.607079225855044,0.02881475421064283,0,-1.1750912537757499,2.560660832310435
turk1303,turk1311,1.9143109509425953,0.02955357074187466,0,3.2492204465350003,2.9667844757650847
nucl1301,turk1311,1.9985414546883216,0.02282260428502184,0,3.304299467035,2.95211961055148
turk1304,turk1311,2.6788722679251307,0.027198221372578373,0,3.3167192689075,2.95198675811262
tusc1257,iroq1247,-1.6694812262928118,0.03029704431556274,0,-0.80133383326675,2.93452062421947
tutu1241,aust1307,-5.028520517071128,0.031179505494891853,0,-3.24973827692975,2.660059347093485
tuva1244,aust1307,-4.458405187828626,0.009130305341877016,0,-3.3552399958625,2.6090338841504
tuwa1243,aust1307,-0.600233498697495,0.029152708413166084,0,-1.8977723460634999,2.57105952772704
tuwu1238,atla1278,-2.663555407246173,0.04471255777993642,0,-3.679105397681125,2.804784558542025
uuuu1243,aust1305,-1.386846980808127,0.03879079653894178,0,-2.3840530585057502,2.585810062711895
udii1243,nakh1245,1.4711163622961163,0.017504144015430906,0,0.8387438495303,2.947810609455975
udih1248,tung1282,3.478023502953679,0.03431359953624341,0,5.672613150775,3.585379480471365
ughe1237,aust1307,-3.9263852911181467,0.03669583754564944,0,-2.97392222969075,2.65127879270961
ukra1253,indo1319,-1.021935250012537,0.01853034539648031,0,-2.9742480887075002,2.67562982826693
ulch1241,tung1282,3.1904175219828277,0.029371108368693076,0,5.670501728365,3.589167827810965
ulit1238,aust1307,-2.1113642811952715,0.0227501816685241,0,-3.44311455438,2.6502568450369752
ulwa1239,misu1242,-2.401898513228877,0.03254195215930484,0,-1.6469189352075002,3.030187323051465
umaa1242,aust1307,-2.6031432226039315,0.028403465429653364,0,-2.7280838362204998,2.63956697639156
umbu1257,atla1278,-3.668763529001422,0.03014607966374689,0,-4.458400375845001,2.75153676205294
umbu1258,nucl1709,0.7325521139834756,0.027289553694581668,0,0.10814755206005,2.6838208232703247
umes1235,ural1272,-2.0399350124154925,0.027717124446099754,0,-1.6883441839165,2.634135030712045
unua1237,aust1307,-5.0627761586832225,0.03353725794329169,0,-3.25413002845,2.65308281770572
uppe1275,toto1251,-1.0662602478903813,0.027780566283841967,0,-1.28865447673375,3.030410372219045
urak1238,aust1307,-2.5433182815760316,0.030157670933226736,0,-2.2573465192600004,2.53273782482283
urar1246,urar1246,-1.413361544420312,0.020753941146591837,1,-0.927426245326,3.0415771369435403
urav1235,aust1307,-5.0215213319367376,0.030804446089452098,0,-3.20271982641375,2.6658170334119102
urim1252,nucl1708,-1.5595061081635566,0.04777734007084427,0,-2.7149580329592498,3.028906506858065
urip1239,aust1307,-5.0450034880472945,0.012233341508627711,0,-3.2371128690237496,2.66921085332095
utes1238,utoa1244,-1.212424835105606,0.04779105796955431,0,-0.88249111117975,2.77485760869034
pile1238,aust1307,-4.6641056409817505,0.03297855752797567,0,-3.335760896524,2.60075962608803
veps1250,ural1272,-0.5621055873221443,0.019791501018885188,0,-1.6841808537325,2.635603584022285
vera1241,aust1307,-4.949164167272553,0.027305834920369237,0,-3.256529545055,2.6624406608342897
viem1243,atla1278,-2.015246448037895,0.04220640178696446,0,-3.3403490666874998,2.69218780627223
viet1252,aust1305,-1.86741877904346,0.02638756905070131,0,-2.4539334387375,2.64669733878649
voti1245,ural1272,-1.6736030231367098,0.014325545736544213,0,-1.739605940625,2.66478933653051
vunj1238,atla1278,-2.8600256345844786,0.03372517581113551,0,-4.4719319008125,2.7006248654087353
vure1239,aust1307,-4.950875958631462,0.029572052926230503,0,-3.24509725807,2.653109951351775
vwan1235,atla1278,-3.5674486067449216,0.02803273686972075,0,-4.3540679147875,2.69331434816211
waga1260,pama1250,-2.3898419495593313,0.061391562722562444,0,-1.91916300566675,2.917293128771755
wage1238,wage1238,-2.2303841185896642,0.0475383949595991,1,-1.3112282351425,3.167827728101975
waig1244,aust1307,-3.4980833303605596,0.033958154401648254,0,-2.70973712756875,2.6664682372521
waim1251,aust1307,-0.7046682501467303,0.0305761367417165,0,-1.3889709624725,2.512615350704505
waja1259,atla1278,-4.900056108776459,0.03774061159341748,0,-3.1665323594855,2.72146639850179
waja1257,pama1250,-1.9691062000306099,0.050958609555496734,0,-1.8029806134920001,2.8291338335491503
waka1274,pama1250,-2.955635425810702,0.05649787982996154,0,-2.050181208135,2.957778798662485
wala1266,aust1307,-4.064702614303814,0.030844423473542142,0,-3.31849755927625,2.652115963425585
wamb1257,sino1245,2.6183114391808573,0.028701852927811904,0,3.4049921442575,2.7063462422151847
wand1278,afro1255,-4.587309430683239,0.026850180989362656,0,-3.2403785921655,2.84516687399604
wand1267,aust1307,-2.4024624605634948,0.02884518791142787,0,-2.74268973762,2.63142315051837
saka1289,aust1307,-4.988604625319532,0.024687720639668762,0,-3.2376554714725003,2.66117110812058
wara1303,wara1303,-0.9316152924610173,0.019971469922936913,1,-0.8604256774575,3.0315504755916853
ware1253,aust1307,-2.1717236238013813,0.027318180302063975,0,-2.5694604828782497,2.6327927663670048
wari1268,chap1271,0.1763998309511165,0.016752885415388167,0,0.91286137923,2.95699342620218
warj1242,aust1305,-0.570474506855659,0.0317918859551738,0,-2.2854190147,2.592767018076775
waro1242,aust1307,-1.891186675052951,0.03893384822317353,0,-1.9464669994700001,2.577740162073555
warr1255,pama1250,-1.0856759024556977,0.04391797293664284,0,-1.06090869950475,2.81059869218103
waru1265,pama1250,-2.5815012143870115,0.05174835668814003,0,-1.7764021444565001,2.825928172583025
wawa1246,atla1278,-4.914492282936908,0.02870359165694836,0,-4.171887204427501,2.917924605094405
waya1269,cari1283,-1.0020801294740984,0.03315308527426113,0,-0.01326880565,2.74609140991213
wayu1241,sino1245,2.6600529185615076,0.025298472703610318,0,3.4349463292975,2.7064383164114503
wayu1243,araw1281,-1.2762625066578552,0.029711152394139427,0,-1.574271721425,2.791088145353805
wels1247,indo1319,-3.3936799621121745,0.012460995814178035,0,-3.0642425335151753,2.773465721253805
west2560,aust1307,-3.113531079193427,0.03042155185125352,0,-2.66664882856,2.663478659896645
west2548,aust1307,-3.402202728917608,0.031198648199070755,0,-2.77249414982425,2.6489373861285497
west2441,pama1250,-2.8393031515929232,0.062458447369026206,0,-2.0989261093865,2.863010657843305
west2397,aust1305,-2.65657711933287,0.022864185195326802,0,-2.5339013945227498,2.643315732844985
west2618,eski1264,-1.982061773591709,0.031058345417244598,0,-0.35737672873825,2.92323480070526
west2650,aust1307,-1.8557539432789243,0.033907527015553836,0,-2.4174474182272503,2.588823100528875
west2594,nucl1709,-0.5340057786957979,0.030784772863800082,0,0.00840107696125,2.714485375214165
west2369,indo1319,-1.670240053158283,0.03142247543194659,0,-1.8358733005049999,2.735770290864155
west2519,aust1307,-4.7141101937367385,0.0332873598675157,0,-3.2877965082495,2.6404019396028353
west2354,indo1319,-2.916876486626423,0.016275654802357552,0,-3.5270945779925,2.78463068715212
west2644,otom1299,-3.1760096670123072,0.0396818681618184,0,-1.8006282244185,3.025774516816325
west2466,atla1278,-1.958341240292322,0.06085054102259664,0,-3.9330250523925,2.776343856380945
west2632,kere1287,0.5580893503160985,0.021644296379111687,0,1.05614852248475,2.986820188404915
west2396,aust1305,-2.3359960533249065,0.03131947627108153,0,-2.375619715675,2.58148364077166
west2418,sino1245,2.472763077386534,0.028297177521072046,0,3.3845932233625,2.72489211737147
west2392,ural1272,0.7237654713693374,0.01952713998890818,0,-0.315642980472,2.712582117090545
west2763,afro1255,-2.0289352932906413,0.01413001968699475,0,-2.239034312022,2.65546051376394
west2557,aust1307,-3.2581949608312204,0.021243047622304063,0,-2.4468674041725,2.6192802691025747
west2415,sino1245,2.1702023332776075,0.011161826839538194,0,3.5468083156975,2.6795971608533202
sanj1284,otom1299,-3.1173855011325724,0.03163597361746289,0,-1.7961307428325002,3.02008210517027
west2600,nort2923,-3.072982635659404,0.04354828427921499,0,-1.716266302703,3.107949797721795
saka1291,aust1307,-2.023575756264859,0.02108477928207098,0,-2.80844112306725,2.6099833076213352
west2516,aust1307,-4.843662999633893,0.03450206335813395,0,-3.33022518349495,2.613262108609785
whit1269,aust1307,-4.987645275896301,0.027835162832011925,0,-3.225091349755,2.66759113947636
wiru1244,wiru1244,0.9718184298728376,0.03530930204666342,1,-0.0953587036025,3.02224464750936
woii1237,aust1307,-2.4618968042422247,0.02051934694528166,0,-2.7311518336994753,2.63418289269755
wola1253,afro1255,1.2263043439762367,0.01690017630635621,0,-0.884094628488,2.6985631188239
wola1242,gong1255,2.958330726831733,0.04377452311245856,0,1.9245187880227501,2.8874207016680904
wole1240,aust1307,-2.4104991906479016,0.026533437599419733,0,-3.4347405707015,2.641695320801235
wood1236,algi1248,0.8882805492718682,0.025829128880935585,0,2.54253468886755,2.781115346184255
wotu1240,aust1307,-2.5286810459931752,0.02696061216623048,0,-2.7482497147325002,2.620684102399075
wuch1236,sino1245,4.284533119062756,0.029197711378175013,0,3.77654017636,2.709193727754365
wudi1238,sino1245,1.8408835990049746,0.02298692655508405,0,3.2994897767699998,2.62665081635014
wusa1235,sino1245,1.973974728194741,0.02751224661761946,0,3.2919172644075,2.627572244669075
wutu1241,sino1245,3.208359502855064,0.029916117683071248,0,3.8224243887545004,2.710877412739295
wuvu1239,aust1307,-1.9440121417542047,0.028983470057032248,0,-2.9967865887375,2.66427764170532
xamt1239,afro1255,1.0092245414151724,0.025287363825987497,0,-0.43869971458875,2.5907476358092048
xara1244,aust1307,-4.735127181403651,0.033827976969924047,0,-3.22578069255,2.65736629498958
xhos1239,atla1278,-3.4279828124174907,0.031188052821735052,0,-4.2552594662485,2.68881031478906
xish1235,sino1245,2.0720404319443615,0.03284836016426348,0,3.3769390952075,2.633268494879335
yaak1241,afro1255,-2.3807897158999998,0.03546706432669852,0,-1.1540430594925,2.559859812531895
yaey1239,japo1237,3.750752562396583,0.019071071234768776,0,4.61843251892225,3.191797111303445
yagu1244,peba1241,-1.6134885806391797,0.02961050510818896,0,-0.674700237161,3.04707682149456
yaka1272,atla1278,-4.59376783303221,0.03170274926130941,0,-4.3749938447200005,2.752129525679775
yaka1277,aust1307,-3.4112802980465826,0.029464355332408345,0,-2.654487997515,2.6333750391077198
yaka1269,atla1278,-3.781648942795899,0.027270296236988168,0,-4.3978174138425,2.770805384411645
yakk1236,sino1245,2.806153540264468,0.025588008928549635,0,3.3430199751175,2.72325583013364
yako1252,atla1278,-4.6420657398487535,0.04007363955935984,0,-4.1252581961525,2.754317977758475
yale1246,yale1246,0.64493840213256,0.03340194653142891,1,0.377703708503,3.0019692746942948
yami1254,aust1307,1.0064189486556165,0.04188873076988499,0,-1.186958181422,2.5409768756471
yami1256,pano1259,-0.6525011797828738,0.03277174403629089,0,0.92906893207025,2.6833197310205996
yane1238,araw1281,-1.8478322758288215,0.02220823711086597,0,-1.65536511779275,2.85672473916365
yank1247,pama1250,-2.876988548694919,0.05906646220584687,0,-1.8688429653154501,2.8369461891289802
yano1262,yano1268,-1.082688963707954,0.02870702135099031,0,-0.491629870275,2.8280372331954498
yano1261,yano1268,-1.3089828188945605,0.03066687903709948,0,-0.4888151236125,2.8349417459834054
yaoo1241,atla1278,-3.1367014238942303,0.02639054338244595,0,-4.4156263605875,2.715656427600435
yaqu1251,utoa1244,-0.2147086192834431,0.04081071679611978,0,-0.62104401509875,2.7688213749783097
yasa1242,atla1278,-4.370932812666894,0.036684065693228664,0,-4.5016485398525,2.802176167409865
yatz1235,otom1299,-3.110229718202873,0.040246948190181674,0,-1.787013117295,3.008688032258465
yaum1237,nucl1709,-1.0270247497006753,0.03004061678983006,0,-0.0033519391175,2.6996824320751402
yawa1260,pano1259,-0.5448530983585929,0.03206923518728085,0,0.949708029955,2.6822556064971854
yawu1244,nyul1248,-1.4873741160447222,0.04121653234609158,0,-1.709646187099,3.140243064822025
maqu1238,cari1283,-0.4886431705421957,0.03182487520895087,0,-0.05527939531975,2.7357030130754048
yele1255,yele1255,-2.275534643978344,0.05535979256698475,1,-1.168462414191,3.1394976166894653
yems1235,gong1255,3.4403010414049824,0.03901581051890139,0,1.82339037196275,2.87687445559897
yapu1240,nucl1708,-1.61121402198828,0.054949579052686263,0,-2.7114197627655,3.029821502507375
yind1247,pama1250,-1.659412516210916,0.05095855544356926,0,-1.732252110425,2.8039417247055
yoga1237,aust1307,-1.0496282509388082,0.03299690896423292,0,-1.868513694203,2.56236194058221
yona1241,japo1237,3.8626264856419654,0.02081177528713954,0,4.6224270494225,3.196108118077815
yong1280,nucl1709,-0.0333264633027946,0.04117123793156165,0,0.057529825805000004,2.676593734187655
youl1235,sino1245,1.0417392760760364,0.01570197771441995,0,3.3302754245625,2.61762435997284
youn1235,hmon1336,3.971335360498988,0.026978027844550157,0,4.364760299815,3.0138731046132747
yuca1254,maya1287,-2.698341305032945,0.02908726628972154,0,-2.2276596834175,3.054455521555575
yucu1253,araw1281,-1.6019120904856887,0.03643628150852564,0,-1.911998233345,2.79306468375452
yuec1235,sino1245,3.2272901568193246,0.036202798352625784,0,3.784464314634,2.7374638094631747
yuqu1240,tupi1275,-1.0027546641154992,0.03314310314991629,0,0.403288271816,2.749347719027555
yura1255,yura1255,-1.7743840728590645,0.025269433355549317,1,-0.78478623372025,3.04799235349389
gami1243,pama1250,-2.5248960673556473,0.052018143462824566,0,-2.0968536813184997,2.953551469085165
zaba1237,aust1307,-4.025187870858087,0.030812098753192185,0,-2.9836054403750003,2.648152819165735
zaca1242,otom1299,-3.2022738352619164,0.031060449087398075,0,-1.80643630002975,3.0298702068560903
zaca1241,utoa1244,-1.1250175819763766,0.048145225311439985,0,-0.43549263650750003,2.722528982812075
zamb1245,atla1278,-4.075410971105598,0.03903784429006956,0,-3.98573100821275,2.687145591952305
zani1235,otom1299,-3.09460466581742,0.02995849409886424,0,-1.777800719635,3.01946351769819
zarm1239,song1307,-2.15293384358834,0.04045613031515135,0,-3.7621043031625,3.20768882668169
zays1235,gong1255,2.57572674965976,0.03523968350994098,0,1.9542856926514,2.87456349925679
zeme1240,sino1245,1.7971836687417486,0.026500045814185993,0,3.4113316259825,2.704978681032495
zinz1238,atla1278,-3.733960375041245,0.037198540342132415,0,-4.48082921943675,2.6989329109902096
zoog1238,otom1299,-3.098371180875647,0.04367301810209632,0,-1.7909589033845,3.005774847777235
