Glottocode,Family_ID,GPGLMM_3D_Mean,GPGLMM_3D_SE,Isolate_Flag,Verkerk_BRMS_Mean,Verkerk_BRMS_SE
abad1241,aust1307,1.338100470258163,0.01979214525381797,0,2.6258886661150003,3.4138526408741896
abau1245,sepi1257,-1.9381682450916777,0.031627480386275705,0,-0.6797980069137499,3.8632380206101953
abee1242,atla1278,0.662400667040393,0.016569993965469897,0,2.66224849383125,3.575864166003225
abkh1244,abkh1242,1.5747994323687735,0.04229704165702917,0,3.4212567365775,4.034799845508481
abua1245,nucl1708,1.2287892287183144,0.03146103380794375,0,2.70133519139525,3.75481581721106
abui1241,timo1261,-3.905152144901136,0.04227584246126349,0,-2.81466689088,4.362772739871935
abun1252,abun1252,-1.9741555171829641,0.03047220046216969,1,-2.7893470544224996,4.237227995740961
achi1257,aust1307,-0.1179552086470794,0.025133426639221083,0,0.5426407550450001,3.4661982824402697
acha1250,araw1281,2.1690435590977613,0.023195546733337406,0,4.1410025171200004,3.753374956943895
ache1246,tupi1275,-0.5913940591565485,0.015367919456056643,0,0.65992971475875,3.70228849290238
ache1245,narr1279,0.4885011445875489,0.01273982695785506,0,2.5232610291005,3.96982532915581
achi1256,maya1287,0.7636399506764635,0.027789507323599232,0,-0.516226941226,3.9203084951376796
achu1248,jiva1245,-3.7548438566928874,0.04006620519346916,0,-4.280907103392501,4.202185219961811
acol1236,nilo1247,-0.4885064632108156,0.01725071623226648,0,2.58715748351475,3.518364787553485
adan1251,timo1261,-3.945797995222507,0.04641677190294189,0,-2.798690648281,4.3680816270324545
adny1235,pama1250,-6.37119382151011,0.1152329642644261,0,-8.5645490822125,4.227143166515511
adon1237,aust1307,0.7329417364620787,0.01706897585400399,0,2.22089090173425,3.4902553658873297
adze1240,aust1307,0.835893124409044,0.0209242677239441,0,1.93611764420425,3.48997883553493
aeky1238,kamu1264,-3.376020679307384,0.02433326294767479,0,-1.708573390975,4.26952949517867
afar1241,afro1255,-3.2249368926092212,0.05294524441176062,0,-6.7753999970575,4.3983352365028345
aghe1239,atla1278,-1.4886295746858944,0.017585957167267612,0,-0.3268072907531,3.9625203045578647
aghu1255,nucl1709,-5.321794973360522,0.024799212058492698,0,-5.642576053725,4.1158778221019805
agob1244,paho1240,-3.824021166311854,0.03681675732704409,0,-1.4815644288095,4.31821660653582
agua1253,jiva1245,-3.8620694094041976,0.042852651094912576,0,-4.206481595355,4.209896625557645
agus1235,aust1307,-1.3726766607551408,0.024471686338294142,0,-0.21282886417775,3.430777006945605
agut1237,aust1307,-3.678699007639729,0.05071924218307684,0,-1.1011087333892502,3.585456129839815
ahin1234,aust1307,-2.764791227702611,0.038437836608109927,0,-1.27071698786775,3.517632091656615
aika1237,aika1237,-3.701128225311271,0.06051688146698041,1,-3.432079390989,4.353817273676425
aime1238,bosa1245,-3.5526458077001912,0.03509876794409308,0,-1.725343712995,4.247892841080715
musa1266,nucl1709,-3.8511921059548446,0.017352304596110507,0,-2.4990146467685,3.7389050969590754
aito1238,taik1256,-5.436121850798266,0.11990590474521924,0,-5.272054091215,4.49940091953012
ayiw1239,aust1307,-1.1406581780458471,0.007260372348517965,0,-0.1779373490175,3.572303086970585
ajab1235,atla1278,-0.2258544316662052,0.0204407680258741,0,0.9928185194405,3.62044933238219
ajas1235,kres1240,-4.819184856916115,0.05693049953119841,0,-2.9810903049900004,4.719652362610435
ajie1238,aust1307,-2.659973829835046,0.01533003355087119,0,-0.19474956002525,3.565961372926205
akan1250,atla1278,1.1880637343627432,0.018519315090282755,0,2.36122617258875,3.5478991956118797
west2635,maya1287,0.1274426103278754,0.025098486783302627,0,-2.0560162349724997,3.8902338469336053
akei1237,aust1307,0.3696464287882266,0.020315816542214267,0,1.034702522713,3.484804065268225
akha1245,sino1245,-4.885015943342697,0.01455390991195848,0,-4.5727213841075,3.9517316773167
akoo1248,atla1278,0.5317795100079716,0.017072781832659808,0,4.96888544135,3.691954321834785
akun1241,tupi1275,-0.463517148935209,0.015290515207051629,0,-1.9630986426975001,3.83462649111802
alab1254,afro1255,-2.802399203680655,0.02589208490676295,0,-6.81102010752,4.37513706017778
alab1237,musk1252,-3.3626381898864963,0.03232811322541999,0,-5.650402769485,4.3030417875317255
alac1244,otom1299,-6.636342060137199,0.12501450444678597,0,-6.4730688281075,4.47788244704065
alag1248,afro1255,-1.261328560524947,0.04215219522584068,0,-6.7184487560649995,4.41548366108855
alam1246,sepi1257,-0.44824575081829665,0.0238728613724908,0,-1.490453570865,3.831374211132825
aleu1260,eski1264,-5.159397005762085,0.13373921275063116,0,-3.91495715984375,4.456505136080615
alor1247,aust1307,-0.6225075856689215,0.024369030885168237,0,1.8567062546600002,3.470173657878255
aluk1238,drav1251,-5.865790476935395,0.07785149490095802,0,-7.739810032051,5.28953909868477
alya1239,pama1250,-3.8561106827160727,0.03338653416934574,0,-8.67379832004875,4.17725961214797
amah1246,pano1259,-3.3312449596844464,0.022048146187193078,0,-4.35550848917725,3.859990334817975
amam1246,kuni1270,-0.5175327631598856,0.017970139403646855,0,0.75083006501675,3.6748361856765053
amap1240,left1242,-2.4101110348330295,0.027961144699398838,0,-1.73091338487,4.099601281564166
amar1272,aust1307,1.4252557866113436,0.01252116714339178,0,2.93967540445495,3.542434538818815
amar1274,hara1260,-3.264491771880185,0.029885824186588486,0,-3.6577915919325,4.4233196536734845
amas1236,nyim1244,-3.0829862363133014,0.055982253092145745,0,-3.2040863748235,4.7508197416279145
ambu1247,nduu1242,-3.313920334750766,0.04246915155659043,0,-3.07467253203125,4.072472358353069
amdo1237,sino1245,-4.374338430052236,0.0631308712510307,0,-4.93613592796275,4.033116309343541
amha1245,afro1255,-3.3401020643784505,0.02724623578126992,0,-6.57064209185,4.552881938115455
amii1238,west2434,0.12990130791696597,0.03148831873717999,0,-1.4103228230125,3.90185901221807
hoaa1235,kxaa1236,-2.3857308904392456,0.03966121099779451,0,-4.0497684264425,4.973186535162415
amri1238,sino1245,-3.3974540897705188,0.022264473916246003,0,-3.6858045728385003,3.83653984587992
gily1242,nivk1234,-4.262966239237993,0.0533621114589106,0,-5.0674177728125,5.89732461125501
anei1239,aust1307,-0.1821404135759854,0.02093568702663189,0,0.2854855725425,3.49653032896437
anem1249,anem1249,1.9110686761468267,0.03201796504597655,1,1.92068226463,4.133615395891395
anfi1235,gong1255,-3.1950895590345643,0.012461093263208977,0,-2.253833738695,3.82789024659087
anga1290,anga1289,-2.5183485471582907,0.05335839693560457,0,-3.1106926982724996,4.118638537224925
anga1288,sino1245,-1.9818192706271924,0.012404610267057706,0,-3.7197838754475,3.8557902704323848
ango1257,chib1249,-4.556598072797332,0.056817343965368756,0,-6.5386690402725005,4.256015557152395
anin1240,gunw1250,2.990428206259746,0.070347466711747,0,1.4420029048252498,4.098641266458835
wara1294,more1255,-4.128073598307006,0.03037369605671885,0,-2.07521176852,4.26457275364468
anuf1239,atla1278,-1.4346771544843504,0.019905719939493242,0,1.7720516232425,3.549303631742545
anuu1241,sino1245,-1.7285127984104287,0.022247229372557006,0,-4.6195012227475,4.044946579031455
anut1237,aust1307,-0.487104917330907,0.016360222100980457,0,-0.7706531054632499,3.396605444523005
aona1235,sino1245,-2.8049095184908825,0.01153500053906613,0,-3.68661664078725,3.86076147234759
aoua1234,taik1256,-6.9219409989182275,0.1892073636194364,0,-5.23303145585775,4.501916796120465
apat1240,sino1245,-3.5588206375693883,0.012343874101681314,0,-4.5855688087925,3.999725620581855
apin1244,nucl1710,0.856907448919402,0.033437915055875934,0,0.37091219534675,3.854510311199225
apma1240,aust1307,-0.3991436051759478,0.01868410110888933,0,0.75989252669225,3.4511360019699
apma1241,kera1258,-2.1693121909702535,0.03243825842575606,0,-2.58275120781,4.161134390802115
apur1254,araw1281,2.736074047681323,0.04111631453265023,0,3.84314278132,3.791788890235275
arak1252,aust1307,0.21972178175333473,0.024325202926777284,0,-0.6003851818275,3.49697648721539
aram1253,more1255,-4.081184260916292,0.028482714425883047,0,-2.07878768935975,4.2744206395611695
arao1248,pano1259,-4.596565942825872,0.06415561745286613,0,-4.781307306294,4.035446144231085
arap1274,algi1248,-5.4447095685872915,0.11319456192380417,0,-6.2003105183275,4.2677711347829455
araw1273,tupi1275,1.6092038996923175,0.03861883496450956,0,1.5624222247197501,3.862639095864025
arbo1245,afro1255,-2.5180517027136116,0.022526036996103338,0,-6.790810788362499,4.361737326715581
arch1244,nakh1245,-1.2477565283559524,0.016038374066447314,0,1.2492072816565,3.8324248456336347
aree1239,aust1307,1.78888026669284,0.014521566723393489,0,3.4470440040075,3.5692890651202296
area1240,aust1307,-2.457787238059253,0.013777698559739615,0,-1.2307601515558502,3.5164759180709453
argo1244,afro1255,-3.34422584087682,0.02465682750633676,0,-6.58287689043175,4.548935413340145
arhu1242,chib1249,-5.96411399252991,0.10379924826485265,0,-6.5127611121075,4.26600619888711
arig1246,atla1278,-0.8645172039331896,0.018739373415896075,0,1.5312029448254498,3.6349138238953396
arik1265,nucl1710,-2.1649904860885822,0.04880326990537537,0,-3.51608322819275,3.99604541099814
arom1237,indo1319,-4.540589752709996,0.03427945288481174,0,-4.044298303030001,4.061339461807686
arop1243,aust1307,2.597430256662726,0.02285048805424069,0,3.405337701835,3.5645972911076047
arop1242,aust1307,1.7365679896998825,0.033674523495304365,0,2.990104011022,3.589687507545185
aros1241,aust1307,-2.1462405189047606,0.019286409456180098,0,-1.165182100687875,3.50801707611843
arta1239,aust1307,-2.328413530836004,0.016760687615220215,0,-1.0120957448399999,3.52083379832021
asha1243,araw1281,1.6987921892651325,0.0160923930644936,0,3.2757390415765,3.7448863448411354
ashe1272,araw1281,2.1206615656084247,0.01796466697975875,0,3.262549350415,3.74935466566913
asoa1238,cent2225,1.7529652823165294,0.023102540841620025,0,3.8094427140155,3.52722991671775
assi1247,siou1252,-1.5630619270284685,0.015380589066190995,0,-3.6478652879249998,4.15516006851862
asur1254,aust1305,-3.9562768434132507,0.09742233407588903,0,-3.30418828486175,3.854979597463325
asut1235,atla1278,1.1764226169932739,0.018605974463854365,0,4.1925368591275,3.5620203013873297
atam1240,aust1307,-1.1085651528788305,0.016128507627737806,0,0.67928344457,3.42164777177861
atay1247,aust1307,-3.48730505895775,0.0625375010594793,0,-1.364279840635,3.862810324914335
athp1241,sino1245,-4.630821063996594,0.013496723186023131,0,-4.76162511415,4.022541772136069
atii1237,aust1307,-2.478972156415707,0.018801930490818932,0,-0.9091733426315001,3.608665002879125
aton1241,sino1245,-3.3094043020912576,0.0270319457344739,0,-4.591844640192001,3.996520472672875
auuu1241,nucl1708,0.676760282976721,0.02397567144998359,0,2.308332549959,3.7144618917626797
aulu1238,aust1307,1.1550672927775985,0.019987335726564002,0,1.2843705843239999,3.482566474919795
auye1238,nucl1709,-3.4915580312242414,0.021976900812290305,0,-5.596288816133249,4.05012556696884
avac1239,tupi1275,1.949412210891968,0.08122238680614126,0,1.5442985865474999,3.89778359703134
avat1244,atla1278,1.3270760596193152,0.020691966124333484,0,2.492006500025,3.65414351882174
katb1237,aust1307,0.2670947285983094,0.023617195730785395,0,2.1585489919625,3.497249522516845
avok1242,cent2225,0.15800419762954604,0.021130372734873754,0,2.9016446552575,3.5358358892848747
awac1239,barb1265,-4.152021825456849,0.07002371369607573,0,-4.7793686478575,4.291279718498576
awad1244,aust1307,2.3708717685954874,0.0209124581171037,0,3.45234240332025,3.56941800317352
awad1243,indo1319,-6.289548097653144,0.18521200769725055,0,-4.76565184572525,4.237843646676595
awap1236,nucl1709,-3.6252732429583174,0.010712485450715714,0,-5.584382818372425,4.10429941430049
awar1249,ramu1234,-2.1523263117548037,0.0323693791910352,0,-1.0344177523984999,3.957056704862455
awar1248,nucl1709,-4.0459989777940475,0.027505818566518313,0,-5.7306980495775,4.07305589794084
awet1244,tupi1275,2.112478834672851,0.03863886626630369,0,1.2413080681125002,3.9278822752444498
awji1241,afro1255,-3.9765109902899347,0.10209513719238311,0,-4.16249487017425,4.10880432970602
awtu1239,sepi1257,-1.4626361916695094,0.02933919371082656,0,-0.8079161171257501,3.8340231793490798
axam1237,aust1307,1.2304409465890287,0.020085250344682223,0,1.4904659617967502,3.4614553247368898
axiy1235,sino1245,-5.053141432045971,0.04423639153310367,0,-4.57111399021875,3.964410005473225
ayac1239,quec1387,-5.098168787417068,0.07226156888627465,0,-5.09630353716,4.157502228232425
azha1235,sino1245,-5.078154448442403,0.04704340265905082,0,-4.5677594483875,3.95882990352058
baba1264,atla1278,-1.4411925893965771,0.018137543907162906,0,-0.49787798915225,3.90542485753249
baba1266,atla1278,-1.3032195458192888,0.019547635139382152,0,-0.37907216853825,3.92351152935214
baba1268,aust1307,-1.7185611398407592,0.014349623229258085,0,-0.529829063385,3.51964641879956
bada1257,drav1251,-6.086178220634853,0.12280154448807953,0,-7.7522455371,5.287232334771115
bafi1243,atla1278,0.27893239572968653,0.01666634982241075,0,4.6647871653,3.667194467925465
bafu1246,atla1278,-1.3058642861132035,0.02326845134200008,0,-0.458388167085,3.9104865572695546
baga1273,atla1278,0.1287553234465113,0.024262701517865214,0,1.90251752314775,3.48387080801702
baga1272,atla1278,0.5507640318794627,0.026914639765847063,0,2.3624632985855003,3.49129810474669
bagi1246,cent2225,2.828848326096889,0.02838545549551937,0,3.5592850804575002,3.43807002402926
bagv1239,nakh1245,-1.8202992000607312,0.014567930373816807,0,-1.7562870809725,3.98321404503012
baha1259,afro1255,-4.567066060977846,0.0654456593720032,0,-6.8239403412275,4.445468710946155
bahi1252,sino1245,-5.0187163350821855,0.06217187224652892,0,-4.784894032525,4.014116729587075
bahn1262,aust1305,-4.313602578388081,0.02788872644160695,0,-2.320839543035,3.7568976773682703
baim1244,sino1245,-4.4913391264390725,0.06218270765311786,0,-4.9419867340653,3.99015284655884
baka1272,atla1278,0.00957983451438685,0.017424793395661105,0,0.7742401972625,3.4704520554232197
baka1274,cent2225,-0.30402057887723494,0.019759890906788265,0,2.708753226370125,3.4551530478921046
baki1244,aust1307,0.3533235986730885,0.023132223515649253,0,1.7514096392455,3.45763994500677
bala1316,aust1307,-1.405435610035393,0.02470210578154517,0,0.60505436983575,3.476953612021815
bala1311,aust1307,-3.4349348752235445,0.02753436315977454,0,-1.363108126767,3.555289047077295
bala1315,aust1307,-0.971923811872873,0.02493492671351605,0,0.0879492955275,3.51237354746054
bali1278,aust1307,-2.1785393690507138,0.03993705890726881,0,-1.442960488016,3.50453227624104
liki1240,atla1278,1.623918289198968,0.01990117430077102,0,6.677329302625,3.626849650412505
bamb1270,aust1307,-0.8848508251834499,0.018108452985197785,0,-0.0824050047875,3.5692480174794348
bamb1269,mand1469,-5.935190887708003,0.07523119452429958,0,-6.11959852665,4.739660595902709
bamu1253,atla1278,-0.8737628234571098,0.01624762294464723,0,-0.5210972448775,3.8951016557319003
bamw1238,atla1278,1.2845524021566797,0.0311541913117274,0,5.5221616476925,3.57295355185862
band1344,atla1278,-1.5183656457690908,0.036571901855129735,0,-1.0081665923764,3.551254297123525
band1340,atla1278,0.07302995815203055,0.024869780229608087,0,2.1302678354075,3.586074585365615
bang1363,bang1363,-4.9621202295939275,0.07603502123730822,1,-4.237069792394999,5.542840965870135
bang1369,sino1245,-3.9727880308498538,0.016691943122474955,0,-4.55053119927,4.0278859742418796
guar1293,araw1281,3.168112570842735,0.053224232516867226,0,3.574978882874,3.807659124590675
bani1255,araw1281,3.103180813195552,0.04542885823720405,0,4.1722887994095,3.71746137472881
bann1247,aust1307,-1.1385671161684505,0.009968259404418554,0,-0.3323057278525,3.52799645215055
bant1281,sino1245,-4.709225476375165,0.01697923879274026,0,-4.747706340165999,4.034370413962825
bant1288,aust1307,-2.559375325892568,0.033774867884941176,0,-0.46947694935375,3.417348849617965
bara1357,sino1245,-4.838734987192177,0.03283725960183321,0,-4.72876007004,4.018616758901345
nucl1630,koia1260,-3.4677206758473234,0.0434743666730728,0,-3.9099505753445,4.077759012775134
bara1369,aust1307,-2.04755206622656,0.07329312653176374,0,-1.6528083255614998,3.4690852969865853
bara1361,atla1278,-1.0182500388357045,0.016814789353197798,0,-1.078986074066,3.541295752637015
bara1370,aust1307,-3.469545268520291,0.04966939068646158,0,-1.2458163830745002,3.60475109315159
bard1255,nyul1248,0.8342956811322311,0.02095476852384028,0,0.608796820469,4.069152635709785
bare1276,araw1281,4.070759360131525,0.0738299379522688,0,3.76710410771675,3.80667503011771
barg1252,nucl1709,-3.531776601339416,0.025576738085448397,0,-4.131105786284875,3.91916825661579
bari1286,aust1307,2.3372477680424772,0.009468700406305312,0,3.0735231866459998,3.5807519769229197
baro1253,aust1307,-1.7281306560723488,0.0273708958210499,0,1.2389252575875,3.490649189264635
basa1282,atla1278,-0.5432084035159526,0.015303348142481375,0,1.8546743215300001,3.629759355591635
bash1264,turk1311,-5.106704686213968,0.04715313579056473,0,-5.04358263627975,4.329304816745335
basq1248,basq1248,-3.6636105209164542,0.054724529081219664,1,-5.46099948924875,5.539626619197355
bata1293,aust1307,-0.9227801645858003,0.016027067314387702,0,-0.393012330765,3.455509462778705
bata1289,aust1307,-0.33699139918075316,0.023080897758767635,0,-0.4711597483915,3.46594981236316
bats1242,nakh1245,-1.9770319547286859,0.010886865803720029,0,-0.3691985827325,3.9113283156575402
baur1253,araw1281,2.0580190411605246,0.025126758522312054,0,3.969480916589,3.80268986516233
bauz1241,geel1240,-2.2293362430418706,0.0307399648774375,0,-2.1119835135500002,4.1334660313086
bayb1234,aust1307,-0.43790549897326647,0.021482571088265668,0,0.4801185783475,3.39239486372133
bebe1248,atla1278,-0.31440158246319383,0.01870351397047675,0,4.04933362823,3.543080041265325
beel1236,afro1255,-3.337432787813409,0.034294371509985176,0,-2.407302142972,3.659161497262965
beem1239,atla1278,2.613349399721832,0.05479863183048251,0,6.15136193086,3.702139840203155
beja1238,afro1255,-3.1623559414304543,0.04186307834010667,0,-6.66680311856,4.47747405933988
bekw1241,atla1278,-0.0074415661314508,0.021703278516507985,0,4.57592845842525,3.81932024373319
bekw1242,atla1278,-0.06491037033212316,0.013748895520079853,0,1.8901724942975,3.5680393247281
bela1256,nilo1247,-2.3220892060667024,0.019998238297945004,0,0.686400849275,3.5543631527334947
bela1254,indo1319,-4.369941569192397,0.029174095286491297,0,-4.38259861496,4.11592819346287
nyal1254,aust1307,0.0303342692328305,0.02135042341223231,0,0.91306858796125,3.472127869557965
belh1239,sino1245,-4.66177516028088,0.013875146280830945,0,-4.774752310145,4.027446059938384
beli1257,cent2225,0.9101093628814418,0.02683175698434378,0,3.46416105254925,3.459687869681015
bell1243,sali1255,-5.121732710988249,0.09258693187167115,0,-4.429974862371,4.287341466085969
bemb1257,atla1278,3.842281129827332,0.14415635444858493,0,6.667965956659,3.6668258793604354
bena1262,atla1278,3.5141886890832117,0.0655628543900459,0,6.269225965297499,3.634068479085915
benc1235,gong1255,-3.1966759061375676,0.011944665237697967,0,-2.1321031157225,3.86883639867126
bent1238,dogo1299,-5.165676629147512,0.06987752809330591,0,-3.262272091232,4.75834055596529
zagh1240,saha1256,-3.9269892677815452,0.06554651812770816,0,-2.8899486873875,4.4610076463353305
bert1248,bert1248,-3.3329970188690576,0.05488997401952871,1,-3.8998800696875,5.25596174519935
bezh1248,nakh1245,-1.943664973843219,0.014098647269361308,0,-1.80704159056325,3.97507451044953
bhoj1244,indo1319,-6.2979912386432275,0.1652814398042683,0,-4.852092711127501,4.196456384274245
biaf1240,atla1278,-0.1801257461966368,0.01797244296027966,0,-0.1372557517569,3.6520016806086097
biak1248,aust1307,1.8971543815524095,0.03576305353644861,0,3.3903687951425,3.627571346815225
bian1252,kuni1270,0.16255569007072496,0.01506906516028601,0,1.7724560039187498,3.681650632784725
biao1254,hmon1336,-6.3316665258000535,0.164964373142952,0,-5.6290293928925,4.56221841839611
biao1256,hmon1336,-6.071788347213992,0.13025980377970742,0,-5.6265620018775,4.56721381959059
biat1246,aust1307,-3.4395546549722624,0.06559906119666627,0,-0.881662725405,3.5651458261308
bier1244,aust1307,0.2364611435789514,0.016709082700933308,0,1.46908857382475,3.438418863633845
bign1238,aust1307,0.8758153369148656,0.029979927611734947,0,1.5531875015474998,3.4538876326663353
biha1246,aust1307,-4.191363012128843,0.09665395582344345,0,-1.0721471851125002,3.507140777929605
bila1255,atla1278,1.423757174269259,0.012170822325017918,0,5.4624375960425,3.7395697572233
bilb1241,aust1307,2.4293628699456353,0.02527617282000171,0,3.572659042347,3.5527629147850197
bili1260,afro1255,-3.1514364140061053,0.04430456083401231,0,-6.6987084179425,4.436180913842235
bilu1245,bilu1245,0.6727669919818693,0.05225327403545697,1,4.12580310884675,4.006049628053935
bimi1240,nucl1709,-5.445599323112328,0.021105957956507257,0,-5.654013323925,4.0860913919892194
bina1277,nucl1709,-4.463989592621413,0.03224640383222038,0,-5.617263651362499,4.067849042445925
bine1240,east2503,-1.2138182542104028,0.02022402900313868,0,0.9497748616049999,3.9017042234339003
bini1246,atla1278,-0.8483749275921251,0.01916799751479029,0,1.1711924327399998,3.55607934799406
gunw1252,gunw1250,4.108283049762832,0.0615762670626,0,1.4098715722583,4.12499718189968
birr1240,cent2225,-0.7166983730723377,0.018446393247251038,0,2.9037768359625,3.5302913155310147
bisu1244,sino1245,-4.647452333715938,0.01509513768342082,0,-4.546728726867499,3.955711535720575
bitt1240,aust1305,-4.618812445894393,0.08258508832221641,0,-3.15861145184725,3.7359809861829802
biwa1243,yuat1252,-2.36776548323744,0.02706945989014933,0,-1.8075013640575,4.227322363014695
blab1237,aust1307,-2.311436961433656,0.016810520727028433,0,-0.30497563740225,3.4836648422873253
blan1242,aust1305,-4.11690935674584,0.06361019383771117,0,-3.1584248166575,3.73377395901396
bang1354,atla1278,2.2377594745533447,0.0348207760348007,0,6.5708126136225005,3.63066138216009
bobo1255,aust1307,-1.553108447973573,0.01806783643682625,0,0.07113914339475,3.51742555533527
bodo1267,aust1305,-3.543735683835308,0.03697067091246909,0,-3.285876811475,3.8421875660090947
bodo1269,sino1245,-3.244539917974038,0.02397403071551559,0,-4.609135306055,4.00451709529481
boka1249,sino1245,-4.156404786071619,0.023156547149839113,0,-4.5926629323674995,4.002851692768775
bola1250,aust1307,1.054461558393394,0.007808973053063454,0,1.505414354695,3.480655925351135
bolg1251,atla1278,-0.34407036780009803,0.040197250750234136,0,-1.5200658061899999,3.74170239035079
chim1302,quec1387,-4.372491390810501,0.04611629970651616,0,-5.1450417944175,4.123377055833934
bolo1262,atla1278,1.9337045927823993,0.017882547673224652,0,6.6895078823825,3.6189109680808897
boly1239,aust1305,-4.599890812451369,0.11807456464182695,0,-2.649940644255,3.72272428460997
bomb1262,atla1278,0.9651098010419674,0.03168991383653216,0,5.4972575932,3.578580018489025
bomk1234,atla1278,-0.5686847372599426,0.01668891591695855,0,1.6935316548325,3.501714285849075
bona1250,mong1349,-6.6722935384504005,0.2211757856815362,0,-7.0094170767424995,5.41423415303134
bond1247,atla1278,1.4643638828617254,0.010660111258619289,0,5.421409104205,3.506311820656985
bond1245,aust1305,-3.57244750296978,0.0335773843434444,0,-3.278875764581,3.847966424783915
bong1289,aust1307,-3.8753352248583983,0.05530327915946536,0,-1.094432871638,3.56257041071609
bong1285,cent2225,0.42455147241176094,0.024850811511413568,0,3.7032896091525,3.48183596444903
bora1263,bora1262,-2.0325590563221247,0.019370017061001395,0,-4.0687535798425,4.3240920421808955
bora1271,afro1255,-2.416076335637572,0.022779287041819057,0,-6.79638008712,4.37957920162108
bord1248,chib1249,-5.213538815960773,0.0914359758038952,0,-6.6969322538585,4.20911956442819
bori1243,sino1245,-3.7906105901015072,0.01334736518736487,0,-4.597924346695001,4.02254070206337
boro1277,gong1255,-2.4718005912135594,0.025038819624634823,0,-2.26944629581725,3.81915910755339
boro1282,boro1281,1.5706293557045077,0.05296345348965276,0,0.57254732240575,4.18791822214529
boto1242,aust1307,-3.234178423621784,0.03807722150975937,0,-1.2787570564075001,3.56420939683385
boun1243,atla1278,-1.0440109788896135,0.028594045112074133,0,-0.0014561007619999999,3.623684342921285
boun1245,nucl1709,-4.797391670670195,0.02064380700471112,0,-5.568137109465001,4.125230038742529
bouy1240,taik1256,-7.005559867504987,0.18528110395487352,0,-5.30412573024,4.495736378623645
brah1256,drav1251,-5.941519287641191,0.12163268028210832,0,-7.5542135629925,5.460468706486595
lave1249,aust1305,-4.455685232232069,0.04147254580794447,0,-2.3540033003355,3.736731936714545
bret1244,indo1319,-1.1181842180785162,0.05788512415536471,0,-0.353570421466,3.823972305395575
bube1242,atla1278,0.35134377627563484,0.019949589715588183,0,2.00962856425575,3.6560670693765553
bubi1250,atla1278,1.3607334549690902,0.01592212546608805,0,3.40406044809,3.604924662159865
budu1248,nakh1245,-2.563922137774503,0.04460792243993103,0,-0.82322921875075,3.926813888097975
budu1265,afro1255,-1.0735932303456652,0.023799890836666233,0,0.0508996736825,3.527019965880685
budz1238,atla1278,1.0933445624572107,0.015112828154470749,0,6.118999667055,3.662237408126375
buga1247,aust1305,-4.645843156737344,0.11237725962564228,0,-2.6499628785482496,3.746074590531795
buga1250,aust1307,1.6876208996356397,0.011324506249549303,0,3.1404814944525,3.561829793186715
bugh1239,aust1307,-2.2997369736791304,0.023740643693087433,0,-0.38199161320249997,3.5087321074763302
bugi1244,aust1307,1.3518043443486185,0.02138992272566648,0,1.266548920235,3.55296839256854
bugl1243,chib1249,-4.044978458112944,0.03158577890246572,0,-6.71289920166225,4.215723594655145
buhu1237,aust1307,1.0808124849795502,0.02493861593511743,0,1.0855261742505,3.4850034633852554
bujh1238,sino1245,-5.045603802317659,0.07590181737412337,0,-4.749819943775,4.026354983133565
buka1257,aust1307,-3.4905755859194745,0.06249768541166357,0,-0.8885137349585,3.5699278869431996
buki1249,nucl1708,0.4288111757430324,0.028785372995153283,0,2.731096277695,3.7398116811706
bull1247,atla1278,0.4614305598479862,0.019001640343075596,0,1.8341534448872499,3.50741829681657
bulo1242,aust1305,-3.8676567954599275,0.014404640685911118,0,-2.35674007231375,3.734477960254755
bulu1251,atla1278,0.023380352033176503,0.009932012168283138,0,3.6164312852425,3.54148552850977
bumt1240,sino1245,-4.200262528308665,0.015369428477843698,0,-4.861144893345,4.022113380569125
buna1278,timo1261,-3.719347420130235,0.04027304707239499,0,-2.7028427925575,4.383676273937175
buna1276,aust1307,1.4772588194441751,0.011638205762860003,0,3.329013420265,3.57966674700279
gahr1239,sino1245,-4.199258114285675,0.03978389624648354,0,-4.8132267256325,4.032449169533515
bund1253,indo1319,-6.092580923253973,0.2213975789720011,0,-4.79714908593375,4.22053678544372
bunu1267,aust1307,-3.2089867088116106,0.04721967011273829,0,0.9487762031555,3.652289447936705
buol1237,aust1307,-1.605762571573999,0.02127028992666117,0,-1.1513692539445,3.52641476740785
bura1292,afro1255,-3.2474690279030836,0.020402615847479273,0,-1.3324715525075,3.63067809458587
bura1267,mani1293,3.102185604444216,0.0686384538645922,0,0.7238534168649999,4.323987351567165
bure1242,afro1255,-3.1421125010992865,0.024841754734882274,0,-2.387912635897,3.63890410568807
burj1242,afro1255,-2.5237883045629634,0.013035360577149399,0,-6.79405594412,4.351757647701565
nucl1310,sino1245,-2.384831018422749,0.02719326047486773,0,-4.4630113556225,4.00867987137586
burm1264,burm1264,-2.3183754476823544,0.02936740463275745,1,-2.08103592551875,4.23116844070195
buru1303,aust1307,2.578606676947179,0.05852355380277667,0,2.59009483694925,3.6176976770661247
buru1320,afro1255,-1.2230739246977902,0.046654151862437154,0,-6.72717859485,4.430348257418495
buru1296,buru1296,-5.469693233503792,0.16191056698018969,1,-5.3025754370525,5.81978422991209
busa1253,mand1469,-4.437114261875546,0.0379607841907362,0,-5.999080615277499,4.80120278956942
bush1247,atla1278,3.4357916323020667,0.13625272362974947,0,6.22065421814975,3.668164366831265
buwa1243,afro1255,-2.270934517724673,0.016642492651527816,0,0.029632987886,3.5810413768112
bwai1242,aust1307,1.815615997098964,0.012565519127960148,0,3.4822414324585003,3.5763653922269496
bwat1240,aust1307,-1.728000231896112,0.022730324386128497,0,0.054961691821749994,3.514277455799925
byan1241,sino1245,-4.514372795628254,0.04815169817344717,0,-4.8219352605325,4.052023438332385
caac1237,aust1307,-0.838768378608471,0.025693945030046614,0,0.4906264394125,3.48179382780027
cabe1245,chib1249,-3.9908710731376402,0.024889790675943595,0,-6.6190782473535,4.22998712610557
cahu1264,utoa1244,-2.063497261159929,0.015883550857490752,0,-5.4270633651075,4.10021808065269
cakf1236,afro1255,-2.940199589736146,0.029385970719969158,0,-1.74596320295925,3.63270880883566
cald1236,quec1387,-4.229257858613853,0.049270303646817934,0,-5.14755190010355,4.13488367447127
caml1239,sino1245,-4.99328963947231,0.05989291019939127,0,-4.749806705307501,4.044606616440065
camp1261,indo1319,-4.355591539395813,0.014890728015671765,0,-4.106173578915,4.020843194988521
cams1241,cams1241,1.4077706951879831,0.04077568439047555,1,0.5069849201734999,4.168121679746035
cane1242,nucl1710,0.7404785450604827,0.03402483741624994,0,0.36854853235499996,3.86877525502155
caom1238,taik1256,-6.611895387820978,0.17409108564805728,0,-5.293596469684999,4.49537426080218
carn1240,aust1305,-2.306398531178238,0.051326655991373225,0,-2.354935052758475,3.73150163288859
caro1242,aust1307,0.8207313335111395,0.03473311900355842,0,0.167762863215,3.32070977390517
cash1251,pano1259,-2.9991942727636203,0.022090766848784655,0,-4.3517873817875,3.935262105436035
casi1235,aust1307,-2.372740887850216,0.023779914320444063,0,-1.0329406590125,3.48352970233672
stan1289,indo1319,-3.9507678302383296,0.018752467800106327,0,-4.1505993044575,4.000328412388985
cavi1250,pano1259,-3.485143576418664,0.03953076482420392,0,-4.719007098685,4.055378377479735
cayu1262,cayu1262,1.0535111912767476,0.0444780893076789,1,1.0741879527125,4.09724630603604
cebu1242,aust1307,-2.067925443337225,0.028737429428545614,0,-0.475334575145,3.4227422174102102
cemu1238,aust1307,-1.4322416991077824,0.0192411180142123,0,0.0390546810285,3.509872856585255
cent2127,eski1264,-3.0040898893227164,0.03536971130929983,0,-4.360497175012499,4.343030421380755
cent2142,ayma1253,-4.198585951209162,0.05616003577963438,0,-4.2098119198325,4.2555135473066255
cent2004,sino1245,-4.5653928479472015,0.024528446707242985,0,-4.398554387612499,4.011384691521725
cent2292,aust1307,-2.5706435556955682,0.023233408842306007,0,-0.943755422025,3.505951195227175
cent2084,aust1307,-2.352273188223969,0.02824131205539889,0,-0.28656693227475,3.468836938798015
cent2314,aust1305,-3.525670669558436,0.025445367270870854,0,-2.3910262898395,3.7228977001657997
qaua1234,taik1256,-6.946648841071855,0.18900317426372729,0,-5.2295096116375,4.511867578858485
guer1241,utoa1244,-1.858707740803075,0.02520206081314532,0,-3.300338823848,3.797334057244245
cent2050,saha1256,-3.816456632907252,0.042475210817595796,0,-3.0499206402640002,4.4302067018288955
cent1989,aust1305,-3.68351862866838,0.01696701607591038,0,-2.06320518768025,3.67891563031473
mala1479,aust1307,-0.5365202338187454,0.024675620324043166,0,-1.5778411206424998,3.35740407045206
cent2322,ural1272,-5.693291013054417,0.07324878877472765,0,-5.3129011499995,4.54645282597526
cent1992,aust1305,-4.088370921365021,0.02108995780003043,0,-2.37285459764,3.7404328866554453
cent1990,aust1305,-1.930877256685138,0.0761214630320812,0,-2.3560007347725,3.74602770161799
cent2126,japo1237,-4.942422568091035,0.035943019944184626,0,-5.405795230595,4.8045942139229645
cent2091,aust1307,-3.029568514024927,0.0575415088659135,0,-1.162771796256,3.516049526697425
cent2140,miwo1274,-4.388595201384655,0.09177596953380844,0,-3.7915075051125,4.528339744507084
cent2090,aust1307,-3.764165989179628,0.054834264652510574,0,-1.0554823484925,3.532249501780515
cent2131,utoa1244,-2.4539304270395688,0.018656259386037943,0,-4.0638263779765005,4.01099725139738
cent2150,chib1249,-4.693814259720828,0.06046553333151489,0,-6.521455148365,4.25665270900255
mbal1255,atla1278,2.542329447437486,0.08667310347842241,0,6.471976256095,3.70074050679722
chac1251,pano1259,-3.5373045491568775,0.03515828752678677,0,-4.251343999155,3.861963544509935
chad1249,afro1255,-2.130334753091346,0.02592425059009659,0,-6.832698553515,4.435131297702155
chak1270,sino1245,-1.7850666587553659,0.024919482227216957,0,-4.597695877447499,3.98998102724046
chak1271,atla1278,-1.4737898020711842,0.018603719810004353,0,-0.32192919854,3.59423527226358
chal1275,afro1255,-4.531605170488281,0.07553238378840003,0,-6.66367991171,4.497071483719415
cham1315,zamu1243,-2.6947458004912814,0.026074241499923663,0,-4.251090255885,4.375523711976475
cham1309,nakh1245,-1.8099120112196614,0.011624335866129449,0,-1.737113400606225,3.983346646008865
cham1312,aust1307,0.7226694454325147,0.031635629931135736,0,1.4046813033795,3.610172372792385
chan1313,sino1245,-2.994708352787672,0.010969986831058223,0,-4.608183672707501,4.0083692874974
char1269,gong1255,-2.9189404610761263,0.01589454489732112,0,-1.48065239206,3.77501809131709
chas1234,sino1245,-4.26980307754763,0.017727274076543127,0,-4.524807587574999,3.99561948563373
chec1245,nakh1245,-0.982888485350703,0.017996717199665162,0,0.918271538002,3.79105139992445
chek1238,aust1307,-3.258167930162594,0.022592218176038032,0,-0.157650482334248,3.4889381213968402
chen1255,drav1251,-6.25463795557969,0.11071004914465835,0,-7.69160291262225,5.357666223751245
chep1245,sino1245,-5.049514611572545,0.07153311646432758,0,-4.7464918674525,4.0210338061562005
cher1273,iroq1247,2.9517912983797787,0.051194556441306036,0,1.5897150661317498,4.221680420550735
chey1247,algi1248,-3.213393000943911,0.026754794504401058,0,-6.232915852545,4.22446399826573
chic1270,musk1252,-3.149940867448077,0.03094595339343925,0,-5.72615417127,4.29189180824366
chig1238,atla1278,2.9089246857909057,0.033230661967170186,0,6.839478558025,3.625370673410635
chil1280,atha1245,3.6041536896549378,0.06747560622870068,0,3.4277925603625,4.046584645825694
chim1309,chib1249,-5.780889605483548,0.10652285197864642,0,-6.5088467704125,4.271310144278115
chim1312,atla1278,1.0000324299191496,0.02908901741739681,0,6.102692919975,3.55209731443012
chhi1245,sino1245,-4.6649999790485746,0.01482958776990552,0,-4.7440993792025,4.030914536827945
chip1261,atha1245,3.0615924918462216,0.034268049989950984,0,3.5158885648225002,4.05188968583801
chip1241,algi1248,-6.5767095131390425,0.14281689080183677,0,-6.23333635952,4.254223889393796
chir1283,sino1245,-1.3082566255383927,0.02642908810405325,0,1.2330093451400002,3.6018299518883152
choc1275,sino1245,-4.081732571756622,0.013171307392673784,0,-4.92060933415675,4.01631169529764
choc1276,musk1252,-3.331969583640931,0.025273102197543102,0,-5.72209598247,4.29622221943575
chon1284,aust1305,-3.5289533735002,0.023916660985704292,0,-2.3913789562399996,3.7280068644115802
chot1239,sino1245,-0.5191936106202257,0.025634087655089274,0,0.24682415561244997,3.61496146177769
chra1242,aust1305,-3.512118046127182,0.01311090610779853,0,-2.3653712445029997,3.7422564413463197
chuj1250,maya1287,0.38277690157328775,0.03342372895388288,0,-1.211744616549,3.90440586496754
chuk1273,chuk1271,-4.676612557004608,0.10242705922955314,0,-5.2660790236975,5.597434617384636
chuu1238,aust1307,-1.0477781526977838,0.021255528456931405,0,-0.09464028370625,3.3132246742315
chuv1255,turk1311,-5.158212301856201,0.042857278483022294,0,-4.9933203853475,4.410093557462885
chuw1238,atla1278,2.3616172297192577,0.04758188794095032,0,6.3092412543325,3.57740127169447
cici1237,atla1278,0.3513511066262538,0.022661420005293864,0,3.2226170913677503,3.6207905588034803
chin1286,chin1490,1.714347905288785,0.04304029371559227,0,0.313043608265,4.287343369194865
cent2087,aust1307,-1.562673433806261,0.015307974764434861,0,-0.304216657588835,3.434831246941035
coat1243,otom1299,-6.661179390813643,0.12310974461973574,0,-6.4746182865575,4.463940611085405
coca1259,tupi1275,1.3572416910293388,0.016539385698172177,0,1.6195387537775,3.726573233700095
coeu1236,sali1255,-5.020489910743491,0.1093355907089675,0,-4.9752299937225,4.179000326616926
cofa1242,cofa1242,1.4194119246430048,0.04251537832025985,1,0.4283050409825,4.195113933063251
colu1241,sali1255,-5.086510473456457,0.10600918232039415,0,-4.94096758761,4.171993436671955
coma1245,utoa1244,-1.5364926687775489,0.017319803379321458,0,-5.6386332679343,4.06784828075147
como1259,sali1255,-5.1875712137488454,0.0983130232254901,0,-4.51592380146825,4.27199387354092
cong1236,atla1278,3.821410564956885,0.14654570615300724,0,6.115421649975,3.547147990158715
copa1237,otom1299,-4.464300317869194,0.02666001475102745,0,-6.4362352938525,4.467384228044145
cors1241,indo1319,-4.284222963390082,0.010224659070595348,0,-4.086090199746,4.0089078528608795
cosa1234,sino1245,-4.98767268481142,0.01622434556065779,0,-4.589050090085,3.95266774604274
cota1241,aust1307,-2.7137279061866435,0.019586347080317226,0,-0.58407887992125,3.45777844481056
crim1257,turk1311,-4.932496175078525,0.04053296386232319,0,-5.0269226860675005,4.36741515146747
cros1244,atla1278,0.32421269304899303,0.011487604386215594,0,3.55723695989,3.6283521431544647
crow1244,siou1252,-0.05172300662563285,0.016721029665728946,0,-1.9177681882400002,3.951324342202065
cube1242,tuca1253,-3.4904495796413713,0.03408641808822801,0,-5.2990737435,4.1833846596093895
culi1244,araw1282,2.2201943990412287,0.047224438270979524,0,1.6331007644175,4.04301628212924
curr1243,araw1281,3.3455372064798548,0.05493923940943394,0,4.17392771958,3.71681329364377
cusc1236,quec1387,-5.321499087989238,0.06941862332088537,0,-5.0681511028225,4.1813864799601905
cypr1248,afro1255,-4.432419272313526,0.03252974235968819,0,-6.830101317825,4.41384645972511
czec1258,indo1319,-4.332375474853707,0.02635397364187683,0,-4.37191642049175,4.133053033934219
daai1236,sino1245,-2.3885258857484106,0.027109744015285434,0,0.46366731608800005,3.624198369685425
daak1235,aust1307,-1.5288267465939138,0.02684346800063567,0,1.1415254760355,3.4957116444451852
daas1238,afro1255,-2.688873524980326,0.016402690889163397,0,-6.7788672322525,4.379492117162745
dadi1250,tebe1251,-2.775847340768107,0.028027168253831336,0,-1.5052948522529999,4.319706477001275
dagb1246,atla1278,-1.3006498643999915,0.018835101528359204,0,-1.215854165385,3.6705227299305
dagi1241,narr1279,-0.0011836758349933999,0.023696079142200527,0,0.27610014571700003,3.9503646548139
daur1238,mong1349,-5.040856187127263,0.06660458961030762,0,-7.002825331285695,5.434209537125395
daha1245,afro1255,-2.2273008485142847,0.04389518960122014,0,-6.79238138122,4.398688794824871
daka1243,aust1307,-0.03174699082221695,0.019755078242595123,0,0.61455235394575,3.46574193254626
damp1237,aust1307,-2.5616085899253767,0.02247489662562291,0,-0.070298626598,3.521111732715085
dana1252,aust1305,-3.1796276329498756,0.04544475382611715,0,-3.129993727585,3.7467950336785947
dand1238,drav1251,-6.6023094266980955,0.11909042939051112,0,-7.649327910715,5.346784828686915
dani1285,indo1319,-4.113717524399562,0.014547445560992103,0,-3.986410653035,4.0972058200327
dara1250,indo1319,-6.646476203638474,0.22355569404720496,0,-4.845709869129999,4.198438587340956
dard1243,daju1249,-3.1958475350374744,0.0437376449669858,0,-2.090710605955,4.412792548513005
darm1243,sino1245,-4.507848454728334,0.04704849216697528,0,-4.82379366919,4.048125735855855
daww1239,nada1235,-2.5688352041791793,0.025827682481672862,0,-4.4104943026425,4.24679525254207
dawr1236,gong1255,-3.0995002777791614,0.024842826152919856,0,-2.22556824851575,3.77859662694322
daza1242,saha1256,-3.2968850111760606,0.0356169985269164,0,-3.2541548153175004,4.353158106069625
defa1248,ijoi1239,-2.9798592596587286,0.044578671469351655,0,-2.8201116431425,4.58826424970664
dege1246,atla1278,0.6634878659378551,0.014054292354419481,0,2.58026260353,3.577385049662795
dehu1237,aust1307,-2.2086523824514184,0.022449352213683056,0,-0.0679288022625,3.599337115032365
dera1245,sena1264,-2.3045004682653367,0.027555253877845843,0,-2.3030151474875,4.13704044691151
dera1248,afro1255,-3.444321885752966,0.023492201044882564,0,-2.2749229569510003,3.682686847419775
desa1247,tuca1253,-3.269571767440595,0.03270662658437925,0,-5.313298254405,4.1547230648263955
dhao1237,aust1307,-0.671825391156073,0.018746165631412546,0,0.57735506767,3.54960585659947
dhar1247,pama1250,-5.168777757371623,0.1004335411952655,0,-8.752695437549999,4.147531315168585
dhim1246,sino1245,-4.389939932835273,0.011844800957890114,0,-4.5262475191850005,4.038626149010155
dhuw1249,pama1250,-1.7420862828489163,0.03164600010531722,0,-7.970084020133,4.080413795245365
dibo1245,atla1278,0.6917672213775521,0.01759462131944505,0,3.1069439120425,3.60205024213852
dier1241,pama1250,-5.095907272107812,0.07686158419323132,0,-8.3765351621575,4.208321463176064
digo1243,atla1278,1.593917839723162,0.010496444951702684,0,6.00148998438,3.5854727389937997
dima1251,sino1245,-2.078228553631318,0.017847173579403894,0,-4.61409688510825,3.9986240780991897
dizi1235,dizo1235,-3.888204058348682,0.047039786432077534,0,-2.992145776213,4.78897297909831
djam1256,pama1250,-1.6472356056452258,0.02089474612342179,0,-7.985715587433,4.071934333063
djee1236,mani1293,3.1967489112312246,0.06628226697039681,0,0.7534758882052499,4.331663346281015
djeo1235,nucl1710,-1.7815967627436962,0.061478256249882283,0,-3.5415393483475,3.991236036873735
dobe1238,aust1307,2.786974771911572,0.08664607133973772,0,2.7325892218041847,3.589948779430345
dobu1241,aust1307,1.6097706800615428,0.010010609434799894,0,3.2872094865,3.56443777122409
domm1246,nucl1709,-4.487810100866591,0.020483865052904456,0,-5.58162295644325,4.1311413300313795
doma1260,indo1319,-5.271875948631925,0.15228533753557777,0,-4.750600277785,4.246336826861144
dong1285,mong1349,-6.625420701111418,0.2179614305616873,0,-7.0040949513825,5.41802140397236
doro1266,manu1261,-2.199138850669669,0.03738964806509554,0,-2.5959318846999997,4.162987081392615
drun1238,sino1245,-4.702870475658402,0.07806086285656208,0,-4.42244522720225,4.028923759038855
chug1252,sino1245,-3.876046117548524,0.014060393447927755,0,-4.37103375466575,4.062312511475829
dumb1241,aust1307,-2.8538433910164613,0.026145892679935435,0,-0.09929850274374999,3.5913667090682
dumi1241,sino1245,-4.7780870895760845,0.017374964510975307,0,-4.79398865924,4.01892701243348
duna1248,duna1248,-2.9759517328292926,0.019821689974389406,1,-1.7179783468725,4.365846715584185
dupa1235,aust1307,-1.4564753021632535,0.021559029078290135,0,-1.0942357380645,3.493004012246355
duru1236,drav1251,-6.888613322162215,0.16079471619392605,0,-7.5665337993875,5.431186526318426
dusn1237,aust1307,2.2246634937864167,0.05124587255806881,0,3.3864552158874996,3.62314970382553
dutc1256,indo1319,-3.6734573096856433,0.026306486506137136,0,-3.9709495197424998,4.105948332099845
dyir1250,pama1250,-4.318693511895029,0.03345214246400266,0,-8.08007850165,4.16715034293994
dyul1238,mand1469,-6.068415995027677,0.04408832434880033,0,-6.13162415342,4.758593086663515
dzao1238,hmon1336,-6.219235824249996,0.14892565848168904,0,-5.62554959146,4.5612889111101556
dzon1239,sino1245,-4.34375927243119,0.01492361140691962,0,-4.9334857287750005,4.001311917776345
east2443,aust1307,0.5257504258699255,0.0227106199198213,0,1.0806462596195,3.49727187947762
tang1336,sino1245,-1.0359047550349776,0.010342912035981769,0,-3.810513695355,3.825638233487885
nucl1235,indo1319,-3.872470788600126,0.008774101790278285,0,-4.14493628095625,4.44616533145762
east2379,pama1250,-4.17530418655341,0.032162724832864815,0,-8.709793680275,4.162003568835505
sout2896,aust1307,-0.6209634432685351,0.019673532167894463,0,1.3376081696025,3.51139013331906
east2555,tupi1275,0.6504525285883995,0.023735685670347492,0,1.300325155605,3.74272875419959
east2332,aust1305,-4.628195045419423,0.07525999467863728,0,-2.0951930187066,3.663927468941075
east2563,aust1307,-3.847991294363125,0.08099631731709393,0,-1.08394281464725,3.4786120185172003
east2690,afro1255,-4.63782664283039,0.06322515627458693,0,-6.8201473693975,4.43649185285496
east2556,otom1299,-6.436914165965734,0.12417337536298824,0,-6.1629595703149995,4.41380036027169
east1236,aust1305,-4.52796001827611,0.054871485399321435,0,-2.03668055345,3.67757346342323
east2342,sino1245,-4.189059358289685,0.019982476532345805,0,-4.53685820696775,4.0431859313689404
east2782,atla1278,3.041011318699587,0.0795972222380455,0,6.235967710485,3.7192694104707202
east2328,ural1272,-5.5478370527523575,0.03842708211524606,0,-5.3944518365650005,4.519333676297
east2333,aust1305,-4.042503528846353,0.010100127021970922,0,-2.374071142999,3.73458546498612
east2773,sino1245,-4.820931528880622,0.021652753584858037,0,-4.72054937576325,4.0263275899416655
panj1256,indo1319,-5.894841501895954,0.22581192204877445,0,-4.825327629125001,4.22631924971504
east2485,aust1307,-3.3885729104861184,0.0485346651359406,0,-1.2520196000050001,3.59919939407688
fina1242,aust1307,-2.4532859877887065,0.01743209497413761,0,-0.95071246654775,3.4936222011164197
east2694,aust1307,-2.641693511778955,0.015763014209936376,0,-0.97543902591275,3.4972593460098746
east2447,aust1307,-2.940169906185309,0.034746858436659284,0,-0.88623363096975,3.4176051822893596
east2516,nucl1709,-5.140408085837247,0.017710796777707326,0,-5.528971377542501,4.151650394912455
east2440,aust1307,1.235846929748772,0.024781000903151357,0,3.1775604413450003,3.6255459105042203
huaa1248,tuuu1241,-2.6116758719938105,0.05655522558858358,0,-5.586272043395001,5.50275727493736
wall1257,aust1307,-2.594051739222282,0.026030005701983137,0,-0.43229349878,3.3775983764516297
egyp1253,afro1255,-4.085769221473491,0.11817224780116084,0,-6.828641982380001,4.4319855500693155
eipo1242,nucl1709,-4.100917118598045,0.01869524575239668,0,-5.62512604044,4.093982055174701
ekar1243,nucl1709,-3.568818455483796,0.02878651524299611,0,-5.58803787341035,4.064475011666555
elem1253,atla1278,0.3834059747125851,0.01641204774807643,0,1.5951693116451,3.570290179983425
elip1238,atla1278,0.5232821650830608,0.01617891945278783,0,4.33488024755485,3.660687196516565
elna1235,utoa1244,-1.1794409822116598,0.017117108580348046,0,-2.09053036066125,3.8097824200282
emae1237,aust1307,0.2100479020480645,0.018224575376487966,0,-1.217228005455,3.3910358660253603
emai1241,atla1278,-0.9409034207706672,0.019441579672777258,0,1.2085032389,3.5568423989601152
embe1262,choc1280,-3.4445726615708594,0.032187859509819686,0,-5.094718535509999,4.22251001756666
stan1293,indo1319,-3.23331519884142,0.04818378949281217,0,-3.9711885870924997,4.121833728054044
enuu1235,sino1245,-4.995264086196309,0.023020901962739593,0,-4.5810767231625,3.9551043611950902
epen1239,choc1280,-4.339604806732091,0.06558488431681384,0,-5.0651729892525,4.222158470401295
ersu1241,sino1245,-4.833147914964899,0.057430909909405074,0,-4.4183638482,4.012696004600815
erzy1239,ural1272,-5.549147868045281,0.0652779130103212,0,-5.4830742940674995,4.458749646964041
esan1238,atla1278,-0.5862457377191235,0.022989238990574506,0,1.16602980251175,3.553719776805985
esee1247,koia1260,-3.274245374327479,0.04138544467333311,0,-3.9202384122315,4.06216564102644
esee1248,pano1259,-3.564483936713464,0.031360905886253634,0,-4.7873053632975004,4.0367487406952645
esim1238,atla1278,-1.3101240042774487,0.018869407984839645,0,0.6633912429397499,4.01640363855792
esto1258,ural1272,-5.917629843923823,0.06252705706504126,0,-5.519848986022,4.4427232427087
eton1253,atla1278,0.5303009663922671,0.01704770544775433,0,4.165827076671,3.58660135610589
even1260,tung1282,-5.164342191614974,0.060841016603693863,0,-6.93538551,5.42371179361498
even1259,tung1282,-4.504214974665568,0.0472287704130213,0,-6.9090994632775,5.454757918605395
ewee1241,atla1278,0.8584153834808994,0.02023487089524492,0,1.9324233272217501,3.6197690572990346
fala1243,sino1245,-1.1779533332079875,0.02252731076643168,0,0.3592423110755,3.62409054148573
fare1241,atla1278,-1.7830212900888975,0.0218964093144677,0,-1.2530540746777499,3.6587217403699652
faro1244,indo1319,-4.038535533734298,0.01705982600273908,0,-4.01546798637,4.1108948256307
fasu1242,fasu1242,-3.114320226254056,0.021469964519703028,1,-1.2968871978375,4.343900199748955
fiji1243,aust1307,-2.248034558221641,0.036656293833272416,0,-1.0290708259649999,3.47056115242063
fili1244,aust1307,-1.6138428088764996,0.022121260775239893,0,-0.8184178459932501,3.47298890910558
filo1235,toto1251,-3.6551138276437314,0.030225891333036218,0,-5.0784986549174995,4.29563445158899
finn1318,ural1272,-5.843796020944016,0.06312777087767579,0,-5.53095113569,4.43236118701817
foii1241,east2499,-3.020896089029857,0.020938065914636084,0,-1.3127880043000002,4.320699693004405
fonn1241,atla1278,-0.2896722082526091,0.018614483367801124,0,0.8754321284575,3.6275936995597897
fore1270,nucl1709,-4.615665410635897,0.01891591068728799,0,-5.5652606427525,4.10961801076388
fore1265,ural1272,-5.306338091657903,0.06124893373972458,0,-5.1707993326875,4.562117043487125
fran1266,mixe1284,-3.0560306639747274,0.024813728364178257,0,-5.51816447698725,4.24601395196281
stan1290,indo1319,-2.9533998722578616,0.05194439791012431,0,-4.1486182883425,4.005949413325525
fuln1247,fuln1247,-2.7437690874815748,0.038782532315645636,1,-4.0034810033755,4.485905007228364
furr1244,fura1235,-3.7069231709011805,0.05403105747796873,0,-2.6558080746524997,4.662943421727634
furu1242,cent2225,0.4902556024504796,0.017418179474837717,0,3.564530347402,3.4336116871039453
futu1245,aust1307,-0.7120275180387077,0.0143592776737482,0,-1.1068161469975,3.4157254124984746
fuyu1242,fuyu1242,-2.627236246468775,0.039853716899466145,1,0.108673369452455,3.7730713838489898
gaaa1244,atla1278,1.5044538795161713,0.015920444322853756,0,2.584029369545,3.610072936121945
gaam1241,east2386,1.1254445776030595,0.037364833061583065,0,3.4377418805825,4.2526058940251055
gaan1243,afro1255,-3.259755870050781,0.017871456608557747,0,-1.34219248088,3.646338021097625
gada1258,aust1307,-2.394697317532961,0.02733989106860811,0,-0.531567825559,3.4921372600140552
gade1242,atla1278,-0.2473377393431497,0.024978104020603076,0,3.47090396116925,3.528339849623025
gaga1249,turk1311,-5.37618283987789,0.05475852186410174,0,-5.0502395329325,4.3300081654601
gala1264,afro1255,-3.3020779706067898,0.032718385713941804,0,-2.3965337724202502,3.657715367301865
gale1259,nort2923,2.6229940322860545,0.04793470788597714,0,4.9077112362249995,3.93830472742762
gali1262,cari1283,0.3033800204015056,0.03102146734987798,0,-0.26279777163625,3.751910508796345
gali1258,indo1319,-3.47327600779001,0.038327405339290105,0,-4.148068947017499,4.000459625576225
galo1242,sino1245,-3.961489170435086,0.017676853635226416,0,-4.603748342019999,4.0090417059080306
gamo1243,gong1255,-2.5490598105597693,0.011222065954307145,0,-2.22448116608,3.78099469312715
gand1255,atla1278,2.1597927969135924,0.019728319665069494,0,6.731163725735,3.656145536754255
gang1267,tang1340,-3.0561621107996992,0.02570763487288192,0,-4.88762370694875,4.025752918144825
gang1266,sino1245,-0.44937790583165715,0.013367544287834671,0,1.64314085486,3.60800451673736
gant1244,nucl1709,-3.9326380914970125,0.022878403216746588,0,-2.4849035020125,3.7332030627838
gapa1238,aust1307,1.7433372640568572,0.015168533683489695,0,3.4089467805325,3.57039316483188
boht1238,afro1255,-3.9599628243054075,0.06451448720384353,0,-6.6848788474945,4.501012641372955
gari1256,araw1281,1.5067256144628787,0.01628746859563138,0,3.4966047572549996,3.717325657648045
garo1247,sino1245,-3.3449159248689386,0.026605721499146546,0,-4.56999530983,4.01756825632147
gara1269,garr1260,-2.4899836452512085,0.046996155746519365,0,-3.4552189439300003,4.269541221294995
gata1239,aust1305,-3.563470626206214,0.03646465379846358,0,-3.266755949285,3.83977758178268
gayo1244,aust1307,-0.7834499393123338,0.038449283089759624,0,-0.030655519970249998,3.449415008559215
geba1237,sino1245,-3.7514695309654695,0.025590770256508705,0,-4.526400608435,4.024641509115995
gebe1237,aust1307,1.8924111302140134,0.03518119198740133,0,3.217263011123875,3.632463286689215
geda1237,aust1307,2.4710126691254883,0.02631330419827028,0,3.5564954209667503,3.55106076498255
gela1263,aust1307,-2.158784498633106,0.026036241726641315,0,-0.3687554436625,3.526138940447815
nucl1302,kart1248,-4.026764187447062,0.05132245263285015,0,-2.8335618096732498,4.443096379707461
geru1240,afro1255,-3.274068720779575,0.030985540583004977,0,-2.3923683436492498,3.66957873391661
ghad1239,afro1255,-4.098182997078945,0.12105788448408797,0,-4.175449811202499,4.05825110085795
ghan1242,aust1307,-1.2744875654027585,0.009853310010144686,0,-0.68516692954,3.50358196783613
ghar1239,aust1307,-1.8802601986453986,0.025485972913936172,0,0.16455029093399998,3.4752995927357
gheg1238,indo1319,-4.516775884228309,0.03711048838443993,0,-4.136380726116,4.407764786741615
ghom1257,afro1255,-3.6896002782565667,0.10857194637099746,0,-4.17860901769,4.07707224002265
giiw1236,afro1255,-3.38401309822249,0.033281956050381825,0,-2.38619189961,3.6594419530249196
gilb1244,aust1307,-2.4646032606305743,0.08906613231208528,0,-0.7368605566785,3.492536815757005
gira1247,nucl1709,-2.8596901945683584,0.017462548579214515,0,-4.076648968388,3.9243432083656753
giry1241,atla1278,1.550626244132952,0.014050906439621395,0,5.98222547178,3.58053421218792
gizr1240,east2503,-1.2202143952707614,0.02886257874962557,0,0.9621592114574999,3.89274963349778
glav1244,afro1255,-2.130406390442274,0.013120006972794817,0,-1.5698618578095,3.626045204383645
ghod1238,nakh1245,-1.5842657472235115,0.012794821162751041,0,-1.74031275012025,3.9880921419212
gofa1235,gong1255,-2.7110811002674136,0.014018699414581276,0,-2.20770207919025,3.771559343369315
gogo1265,suki1244,-3.490760643092556,0.02907488700121287,0,-1.405448501815,4.34914428199586
gola1255,atla1278,-0.8451693773926059,0.02019697573367272,0,0.82372614684825,3.656321265540535
goli1247,nucl1709,-4.631392388300812,0.014865045442169393,0,-5.5877001512149995,4.11438669786427
goon1238,buna1274,1.9850446503903911,0.06675440236719161,0,0.9812159754275,4.307834472259775
pare1266,aust1305,-3.7785517228386514,0.07748193756059031,0,-3.2323029917659998,3.841273724508055
gras1249,koia1260,-3.524117186864014,0.04311812599415423,0,-3.901663692525,4.07446518382877
guah1255,guah1252,-2.8423050998571333,0.026189497698555025,0,-3.82770729724,4.390162529319895
guam1248,barb1265,-3.17732580581578,0.03354124644718938,0,-4.869652829656999,4.2813208821516096
guat1253,guat1253,-2.609757453482371,0.02392873764688795,1,-3.9127167615127503,4.33964963703794
gube1234,atla1278,-0.2580292357536149,0.012896094546555204,0,0.39088001157249996,3.638385055014135
gude1246,afro1255,-3.0515068746746215,0.012330831626924112,0,-1.2520765350375,3.649689353033705
guer1243,otom1299,-4.473752251847236,0.030651924794417803,0,-6.3770815612575,4.44933227655558
guhu1244,nucl1709,-4.544208637715584,0.030773949743556482,0,-5.6206085529,4.08587001667454
guiq1238,sino1245,-4.768400505564205,0.05997917150626609,0,-4.4283228994975,4.018221152690515
gulf1241,afro1255,-4.809922890361388,0.10017859614003317,0,-6.818965451857499,4.443540587409085
guma1254,aust1307,1.52558009946575,0.01121952598723884,0,3.2442464555974997,3.589020180040375
guny1241,pama1250,-6.374628162616139,0.1085814969557175,0,-8.037351167675,4.15755473512285
gura1251,indo1319,-4.451810249612409,0.05566904310061687,0,-4.636510758849,4.305038552941025
guro1248,mand1469,-5.086698894547647,0.04338995957361481,0,-6.01306700455,4.794923707621081
guru1261,sino1245,-4.801674196890465,0.01954899783722889,0,-4.848343664185,4.037153681977925
guru1271,afro1255,-2.974317734914254,0.01438380048132887,0,-2.600836520155,3.747325259507395
gusi1247,atla1278,2.312318066240614,0.029254214922133887,0,6.611755233675,3.6599261124927898
gugu1255,pama1250,-3.9016596927438214,0.03472935440659438,0,-7.94614697885,4.155832951906625
kwam1249,koma1264,-3.6265371340018353,0.052086265736029244,0,-2.8868555917025,4.630901719354791
gwen1239,atla1278,1.5335180700537947,0.012449787270126661,0,6.22035176065,3.63013595410074
gyel1242,atla1278,0.7852875432380326,0.012605088343190423,0,3.5669029322825,3.607617369514605
haaa1252,atla1278,3.462973321915152,0.07549165123878679,0,6.54127269739725,3.68474585839018
hadi1240,afro1255,-2.923902443652131,0.025928853984442897,0,-6.8042893368024995,4.3521360352055645
hadz1240,hadz1240,-2.4243459312624305,0.0418891083977451,1,-3.86345622775725,5.359035011180644
haka1240,sino1245,-0.16495533088815523,0.012630770582515107,0,0.88681702184025,3.62912472313392
hakk1236,sino1245,-3.7425973417700305,0.05700116070253344,0,-4.45577854430675,4.044255558529615
hala1252,aust1305,-4.471854250530891,0.03969904124507379,0,-2.3179056039145003,3.7608162829635647
halh1238,mong1349,-5.37177006893984,0.10775286511317841,0,-7.008139236042499,5.44875647811174
hali1244,aust1307,-1.5457103130102707,0.008857037976213133,0,-0.18768520416025,3.56495844822496
halk1245,sali1255,-5.129629725016333,0.10076071127636041,0,-4.48846615345675,4.289686851287405
hame1242,sout2845,-3.1274789088983574,0.0460222062186205,0,-2.5836022211345,4.54281853955897
hang1263,nduu1242,-3.4617433749596023,0.0439593444280477,0,-3.0713136795875,4.071097804843175
hani1248,sino1245,-5.090885326347435,0.03015036406734278,0,-4.575998853185,3.95673820038582
hano1246,aust1307,0.3698168425550396,0.01978494036948668,0,-0.230694449605,3.470478692387665
haro1237,aust1307,-4.268132199099325,0.10689894933005015,0,-1.0384385631625,3.501335461649025
haru1245,piaw1238,-2.729740984311256,0.03291348991045157,0,-2.314639722169,4.20517461934881
hass1238,afro1255,-3.7448933875585197,0.04867080231883141,0,-6.816647889645,4.397383999146395
hata1243,hata1242,2.4633490669582017,0.05165212378302007,0,2.73814358166325,4.09781544999842
remo1247,aust1307,-2.825026970776491,0.022854516417187453,0,-1.21663455696,3.570588959353465
nige1253,atla1278,-0.5419473850563037,0.013777711471918027,0,-0.18025241684874999,3.637047148143735
hava1248,coch1271,-2.022686751505815,0.05281728301090357,0,-1.72153832343425,4.08096527928287
hawa1245,aust1307,-3.114631313908034,0.12063790596912184,0,-1.4650084941300001,3.40802461075172
hehe1240,atla1278,3.02078985019121,0.04320609656516383,0,6.2690416509525,3.6140210380992652
heil1246,waka1280,-3.802592275788557,0.0622087061348086,0,-3.63076206623,4.415623660928491
here1253,atla1278,2.431822633708736,0.07136289886237629,0,6.435353438477501,3.69381520265224
hida1246,siou1252,-1.6808876433546902,0.016059511562623197,0,-2.5573697905475,3.9847546318234253
high1276,mixe1284,-3.168546556443573,0.03104298767444474,0,-5.5244206683675,4.27004575461833
high1278,utoa1244,-2.032206727668674,0.023241642986160695,0,-3.1884060075175,3.81865168225697
high1243,toto1251,-3.6130169090397706,0.03191294839869473,0,-5.096848400493,4.30238088940674
hili1240,aust1307,-2.296657694493655,0.022770787705681066,0,-0.3104536408935,3.4021880487144998
karb1241,sino1245,-2.48281722135967,0.01664926527142196,0,-3.68757085784,3.838978902963075
hind1269,indo1319,-5.707254918269283,0.17530419555336937,0,-4.794178391866,4.243269367290755
hinu1240,nakh1245,-1.876108331380013,0.01549494593159601,0,-1.86490849512,3.972299478886415
hixk1239,cari1283,-0.048232108466895,0.026180753471149038,0,-0.3266777287625,3.755644493928455
hlai1239,taik1256,-6.7879397669024115,0.14156334807145063,0,-5.19186134781975,4.57321329397052
hler1235,sino1245,-4.884441602002536,0.027230943468698834,0,-4.56759375094625,3.9584888549282953
hooo1248,aust1305,-3.735584395555711,0.09250068051201135,0,-3.30257125815,3.830044181185815
hoav1238,aust1307,-1.566861341874504,0.009077857706401475,0,-0.515696808315,3.4680840875344696
ainu1240,ainu1252,1.0084814394340613,0.05287111922866517,0,4.538981499045001,4.60624672506989
holo1240,atla1278,3.733745809067746,0.12020695719905573,0,6.5819128578,3.689259955283665
hone1235,atla1278,-0.16730700784930394,0.02269271246632544,0,2.854899931826,3.468829153749755
honi1244,sino1245,-4.99053933070922,0.025889669552535844,0,-4.55901180605,3.945643969691975
hopi1249,utoa1244,-1.5218924571050014,0.015372285148495219,0,-5.4511356457875,4.108175958202461
hote1245,aust1307,1.3328532802142377,0.011123361478295143,0,3.01646735441,3.542393865461265
hozo1236,maoo1243,-3.477957617358986,0.0519300961288825,0,-2.49182656696225,4.7748252699979155
hrus1242,hrus1242,-5.555498769093459,0.16133452773267531,1,-5.5227138141185,5.679640609105445
huuu1240,aust1305,-4.447553464095254,0.0738455842532695,0,-3.167706848115,3.720013501910715
hual1241,quec1387,-4.131210203334549,0.04349186725787975,0,-5.063797497136,4.1650831513659305
huam1247,jiva1245,-3.885218751387626,0.04318281410531896,0,-4.28056370138,4.20522213587347
huar1255,utoa1244,-2.4764114265402632,0.01949687324876223,0,-4.03545705389225,4.022786911425605
huas1242,maya1287,-0.3390719264930624,0.015459608320828601,0,-4.304467491065,4.18691931223954
huba1236,afro1255,-3.300330469243212,0.027170810901865943,0,-1.3732733748825,3.6192528892820297
huic1243,utoa1244,-1.4648005883773345,0.017838008346419944,0,-3.1967436294075,3.85867195243577
hula1239,aust1307,0.15266788760013394,0.019979760133941107,0,2.2183691860475,3.3908628331070148
hula1244,afro1255,-4.73872911008038,0.08713972828880548,0,-6.666801290465,4.48229926655231
humb1243,song1307,-5.227155130203105,0.06464910537015613,0,-4.5143387467485,4.474199940305795
hung1275,aust1305,-4.676574431249631,0.08897480995328316,0,-2.3674976296717496,3.717198295620975
hung1274,ural1272,-6.191740049935385,0.10739266227493778,0,-5.232960841420001,4.56005706579775
hunz1247,nakh1245,-1.9069733710224752,0.011900725983443512,0,-1.8171433851877499,3.98536340942192
hupd1244,nada1235,-2.724254704558175,0.028490629171501608,0,-4.417022823296,4.23333464025813
wyan1247,iroq1247,3.065853015550892,0.050079408012889556,0,2.2295215734625,4.09399052734063
hyam1245,atla1278,-0.21349178389008916,0.01592269229255559,0,0.82271921345925,3.6308415738203
iaai1238,aust1307,-1.3378323307373474,0.024035674662281313,0,-0.18748877943725,3.573498018386015
iama1237,aust1307,1.7211373229847418,0.010786519801157333,0,3.3950612871850003,3.57992732270241
iatm1242,nduu1242,-3.5687120181713206,0.04201772135767901,0,-2.716733614198,4.12883516794939
ibal1244,aust1307,-1.8470917505452067,0.037864320170702875,0,-1.3560320700265,3.50663641847975
iban1264,aust1307,-3.548792685861521,0.06165668162379533,0,-1.32768055055925,3.42464816078836
iban1267,aust1307,-1.4652399109655216,0.02820256350129221,0,-0.8368099415997501,3.456413306250785
ibat1238,aust1307,-2.3548479021847566,0.029485149040502503,0,-1.35687993955025,3.518656055166975
ibib1240,atla1278,0.8877507668506341,0.02599913397427459,0,3.14888365243025,3.66037561532562
icel1247,indo1319,-4.068066093214275,0.018533756382189626,0,-3.9944168042,4.09328740991059
idaa1241,aust1307,-3.641329612947666,0.03941648507174156,0,-1.114180208129,3.5593669046175
idii1243,paho1240,-3.8195777950626715,0.036877366251113895,0,-1.47074275907375,4.303515128872365
idom1241,atla1278,-0.6295268946212946,0.02111190298227334,0,1.42581375282525,3.5941877841940597
idum1241,sino1245,-4.35758174741248,0.036316134883848966,0,-4.5223219768505,4.018617366835731
idun1242,aust1307,1.7965463428257777,0.012929275184972246,0,3.4758541050125,3.5559976804683
nucl1417,atla1278,0.7470870269354557,0.019506892389577677,0,3.0848750421725,3.601421697482375
igna1246,araw1281,2.1574386382551087,0.033080464215813364,0,4.1458769211124995,3.74810044853729
ikkk1242,kuli1252,-3.059787217295979,0.043864537672443006,0,-2.41587971302,4.54381367481785
iliu1237,aust1307,0.5977892469420505,0.018867119528576514,0,3.969328011549,3.55295395652958
ilok1237,aust1307,-1.9296709541527277,0.022507097973854858,0,-1.209239925925,3.5103504878862752
ilon1239,aust1307,-1.49108944297897,0.02265579534692995,0,-1.37357061315175,3.502961959944225
imba1240,quec1387,-4.248090664449041,0.05195061979588567,0,-5.15110839792025,4.138267419075005
imon1245,bord1247,1.6070899681660733,0.04686956429525467,0,2.5448134922565,3.93690985106635
ingr1248,ural1272,-5.8718212449317635,0.059628782256887905,0,-5.54787771946625,4.4187386778412545
ingu1240,nakh1245,-1.3979903710890915,0.020062813359411142,0,0.21096375632,3.8055162364409902
alba1269,aust1307,-1.16103545286401,0.0187635327360072,0,0.5018832339275,3.43371599016995
iqui1243,zapa1251,0.7092951897693283,0.01812496557111311,0,-0.6429947628715,4.043225841744819
iran1262,aust1307,-3.498510141905517,0.03753288619234778,0,-1.0787142785975,3.5334463027650598
iraq1241,afro1255,-1.140288599228163,0.0440816362949651,0,-6.700253967730925,4.420049864208095
irar1238,aust1307,3.1530628539166643,0.06643164554238379,0,2.2127552484725,3.64721091465307
iray1237,aust1307,-3.165973285251682,0.02916103156752765,0,-0.7347485614975,3.61294480196983
iris1253,indo1319,-3.129610105882021,0.06429163633414611,0,-2.629257112285,4.02168297666794
irul1243,drav1251,-5.957757133689764,0.08821024511517565,0,-7.75381915735,5.306407893598115
kris1246,skoo1245,1.6889628020621341,0.0435035264988781,0,2.1974374374375003,4.01516795914642
isco1239,pano1259,-2.5753382370711724,0.018535361286733495,0,-4.249466170501,3.850132985349065
isin1239,aust1307,-2.565720681624559,0.033162661942359034,0,-1.022312784597,3.52874273368367
isir1237,kwer1242,1.878060792063125,0.04335108029112235,0,2.968104459365,3.98405209406876
isna1241,aust1307,-1.9967925190126046,0.03253217123441478,0,0.482666420247,3.477890858689535
isth1240,utoa1244,-1.2812350574588023,0.028970083289553833,0,-2.3938402055525003,3.73089019976768
isth1242,utoa1244,-1.524787636123045,0.02529999222273482,0,-2.697387176565,3.74467989588876
isth1241,utoa1244,-1.537649168759972,0.022166643901797237,0,-2.693061191573,3.739101029848645
ital1282,indo1319,-4.63219090580705,0.06498139821759283,0,-4.1358136247175,4.0011104263960355
ivat1242,aust1307,-2.630884796641716,0.02802933591042232,0,-1.3731569164403,3.520862835793425
iton1250,iton1250,1.0179038304680148,0.04732565753117686,1,1.094494421023695,4.110451722447935
itza1241,maya1287,-2.268584284834444,0.05786589734275469,0,-3.0764938063225,4.019574726223929
iumi1238,hmon1336,-6.913634470663091,0.14988357610545847,0,-5.626695001598501,4.572739778558005
iwal1237,aust1307,2.2297226614168935,0.017212617924141436,0,2.9485461954525,3.563648424875105
iyoo1238,nucl1709,-3.95530395426767,0.0255773653119415,0,-5.7418625004825,4.08355590674892
jahh1242,aust1305,0.8212445107705142,0.04157706469464537,0,1.7018540185075,3.4684891852886652
jalk1242,mand1469,-6.215054717285496,0.04524205375017521,0,-6.1014669516249995,4.747757606085925
jamb1236,aust1307,-1.9298440732672404,0.044459333576947105,0,-1.594543469538375,3.351930236913445
djam1255,mirn1241,2.0293581717063827,0.018327089206918227,0,-0.398186034784,3.844476474678655
jams1239,dogo1299,-5.142451240020641,0.060069913997437316,0,-3.3802077063075,4.691270511695225
nucl1643,japo1237,-4.6718198271776465,0.04827536216180534,0,-5.3408000115475005,4.83461539766179
japh1234,sino1245,-4.649172782126654,0.06339346118433682,0,-4.4020468371835,4.001978642151425
jaqa1244,ayma1253,-3.9826804819301502,0.05708614949657071,0,-4.2225853556485,4.26525356201664
jara1266,aust1307,-4.460670561667964,0.11526595728724115,0,-1.0671844461375,3.50447753797204
java1254,aust1307,-3.619258946659947,0.08121485664351086,0,-0.8890111722545,3.5741311607109854
jede1239,aust1305,0.16129787947024485,0.028007758879616162,0,1.2734090094135,3.458278569186205
jehh1245,aust1305,-4.490570565172094,0.045081762878728344,0,-2.31370358388575,3.754767534096795
jeha1242,aust1305,0.1518192512286396,0.027402942841224458,0,1.5520879711175,3.4565700402323847
jenn1240,drav1251,-5.8688399969077025,0.07794123484256041,0,-7.74833478664,5.322499452201059
jeru1240,sino1245,-5.002772837217426,0.06091160996547417,0,-4.7862874400025,4.027908384413675
jiba1237,atla1278,-0.3651282211327631,0.021272061919426887,0,2.8256062940525,3.4743700876851698
jina1244,afro1255,-1.10403871965815,0.029285685341766957,0,-0.79348759496575,3.5192708494140597
djin1251,mirn1241,1.4906164861328004,0.019577974174510796,0,-0.30275693597700004,3.88941938533057
jita1239,atla1278,2.74935111360411,0.022123353706467928,0,6.5749634916725,3.665694020091085
jjuu1238,atla1278,0.07222355476391265,0.02059692995634663,0,3.048374938755,3.662526601805925
juan1238,aust1305,-3.6830341330585954,0.08337841800047295,0,-3.2813024602425003,3.84280757157077
juku1254,atla1278,-1.5024234642645067,0.02074026771649613,0,2.605732931781,3.460342797715815
jurm1239,cent2225,0.8569115499941253,0.024597716564619777,0,3.45901018049,3.472199411482495
kaba1281,cent2225,-0.32068071337586884,0.012086356510600464,0,3.3452044062295,3.409466920692905
kaba1278,abkh1242,1.7627421688908045,0.04416673862337663,0,3.3657358516175,4.0420240479742855
kaby1243,afro1255,-4.055947408430238,0.11974055539993557,0,-4.179950564697174,4.08346228974168
kach1284,gong1255,-2.08155411448842,0.01366256401136666,0,-0.46616478503325,3.6799594828564253
kada1242,drav1251,-5.840791455995994,0.08080099803433263,0,-7.758640821949999,5.29596169891845
cent2100,aust1307,-3.5262329716352263,0.03975648191380889,0,-1.2404216410864999,3.552494915441655
kado1242,sino1245,-4.673956110561022,0.014118338256038178,0,-4.59716690589925,3.999007668071215
kafa1242,gong1255,-3.129967295410866,0.01547195322536668,0,-2.2166798009075,3.824907639275695
kaga1256,aust1307,-3.6496036475757174,0.048709625286210985,0,-0.7116352155225,3.4569292468008452
kagu1239,atla1278,2.1804129184194823,0.021582139347738616,0,5.7305579136255,3.57546690859117
kaik1246,sino1245,-4.734888909038734,0.04187261098852793,0,-4.818218864205,4.046648060879665
kain1272,nucl1710,-1.931667416482417,0.04066813668762902,0,-2.3172887445074997,3.88359033094327
kair1263,aust1307,2.1719352297346024,0.032948215035730484,0,2.6824514367477503,3.62283272647602
kaki1249,kaki1249,-2.3382900504277258,0.03033521557521445,1,-2.3249165620925,4.2527374050766245
cacu1241,kaku1242,1.6246056636811133,0.054171049966631836,0,1.01532311372,4.116892179885105
kala1399,eski1264,-5.10310479799263,0.12749933559002055,0,-4.163528429245,4.399484315257335
kala1377,pama1250,-4.761757471766797,0.05263318833080488,0,-7.523398832205,4.211089450975985
kara1499,west2604,-1.8836412032112886,0.028838757583459624,0,-2.192330489585,4.213136381239
kala1384,atla1278,2.3485364104098245,0.048357327015136634,0,6.4891716297375,3.67112135867655
kali1308,sali1255,-2.9926538978661235,0.017495026946416675,0,-4.93599022391,4.18000919873527
kalu1248,bosa1245,-3.441723841064254,0.0340633292339121,0,-1.740667005985,4.247442242522565
kamm1249,atla1278,-1.0191803084808893,0.02289835439642377,0,-1.4150644441222502,3.754531275801595
kama1367,nucl1708,1.3460326532694586,0.030805469758305348,0,2.100938009631,3.7695346196716697
kamb1316,afro1255,-3.1061830819979073,0.012547625061011716,0,-6.8230159857975,4.368535225531325
kamb1297,atla1278,1.5395958847996671,0.02076675062428965,0,5.9829589358975,3.608466634086255
kamb1299,aust1307,-0.1402555830408225,0.014461270222515494,0,1.74401877016925,3.520043136947695
kamo1255,nucl1709,-2.6717745877291716,0.03613395049855182,0,-5.692503966432501,4.0568702008546005
kamu1260,kamu1264,-3.70147851284982,0.02441502730874441,0,-1.68754945247525,4.271731823564955
kana1288,daga1274,-3.0348503448138517,0.043546433362453715,0,-2.455753601015,4.265187322954439
kani1286,nucl1709,-4.473396904865179,0.022427184870151055,0,-5.5857569627700006,4.115755313810585
kank1243,aust1307,-2.6967337098897026,0.029656779935594863,0,-0.9289809548025,3.5064809844228346
nucl1305,drav1251,-5.997825359687798,0.09286643379700334,0,-7.72011731646225,5.309045239594635
bidy1244,atla1278,0.675697199070812,0.027355034050763023,0,2.149788530295,3.629999876147655
kaon1241,atla1278,3.6778985620089997,0.15023514900917906,0,6.0093822211750005,3.747520821262265
kaqc1270,maya1287,0.8160449578829367,0.024701515465357808,0,-0.716186872285,3.94398389505048
kara1500,nucl1710,-0.936879422028698,0.04793746802412336,0,-3.161548750939,4.007218607807966
kara1487,aust1307,-2.5354253988167814,0.024777786599470004,0,-1.3348681746425,3.528070267643255
kara1486,aust1307,-0.9483799489883966,0.014510419129346459,0,-0.2923118890602,3.5539278991567347
kare1338,atla1278,-1.8932156742726305,0.024025936412161775,0,-1.061978212206225,3.6308501457303297
kare1335,ural1272,-5.816075466950963,0.061205814842069814,0,-5.54024164577,4.4224302258448045
kari1311,tupi1275,-0.3971182239824125,0.012802923536259213,0,-1.3111902744325001,3.8661163748449647
kark1258,pauw1244,-2.3604506786384096,0.027998666456213392,0,-2.1577604781225,4.180960991301405
karn1252,aust1307,1.7425218779308378,0.014858855181455879,0,3.4458322696452504,3.5599300331813852
karo1304,karo1304,1.5752740735123307,0.041429190100316024,1,0.6726534585974999,4.270028306171264
kash1277,indo1319,-5.633757350118362,0.2061824126596729,0,-4.7987445578825,4.2343267202935895
kask1239,atha1245,3.51123127552023,0.05686434539620462,0,3.357565675248,4.0825846335580955
newa1246,sino1245,-4.828925531985828,0.022869924459345253,0,-4.7199965118675,4.02312929581643
kats1235,sino1245,-4.999938880837686,0.03831911161067645,0,-4.566243376379999,3.961484306461745
kana1291,katu1274,1.8162286560148388,0.050279355823471705,0,0.526712379200075,4.162716682666725
kaur1271,kaur1274,1.3434566076291792,0.04980426276998584,0,3.4875003460975,4.008491490483875
kava1241,aust1307,-3.4874253969907336,0.06459084439999567,0,-0.3960492456505,3.777539980314355
kaya1315,sino1245,-3.9139179897430827,0.02270570292768204,0,-4.542058697266825,4.05069840647932
kaya1319,tang1340,-2.971867147449081,0.02405258263787152,0,-4.892057727575001,4.03080013538409
keap1239,aust1307,1.1935350831228608,0.02665746137140029,0,2.360035620985,3.3909564365947302
keda1252,aust1307,0.23021412551767595,0.0239316905182317,0,0.77151684707875,3.525263586601295
kera1248,atla1278,0.1395902847829475,0.024149312696120574,0,2.13782758590125,3.58386549411443
keig1242,kadu1256,-3.2056377679107455,0.05444819344298404,0,-3.05479000492,4.672877795751375
kele1255,atla1278,2.248754450316318,0.033534889302735696,0,5.859306222415,3.767249409126165
kele1258,aust1307,0.9476720412541864,0.02455247613284635,0,2.7144525353424998,3.54085814118766
kele1259,aust1307,-2.465646282525497,0.03552279382537228,0,-1.287267703995,3.528861385851085
keme1240,atla1278,-1.70572386938344,0.014589283622409797,0,3.133983530769625,3.70910511480142
keng1240,cent2225,1.3275999907710254,0.016141993536797686,0,3.6422617616275,3.43560305494049
kens1248,aust1305,-0.20898751778089064,0.03359006460779169,0,1.3380836956215,3.45833906420726
kenu1236,nubi1251,-3.747392486380892,0.06858488996650358,0,-2.09983139123,4.57782094965463
keoo1238,aust1307,-1.084898122047195,0.017634614372964385,0,0.595086453385,3.569071407674575
kera1255,afro1255,-3.5038391382637135,0.03014218950025236,0,-2.35558033455,3.802024285327315
keri1250,aust1307,-2.414232983365072,0.03340384903448601,0,-1.152659537385,3.385798207713825
kesa1244,nucl1709,-3.1339004774849926,0.019699102617342024,0,-4.0143901566975,3.923948112159315
kett1243,yeni1252,0.9946497491059092,0.04967099596505482,0,4.32409723456,4.49648278330326
kgal1244,atla1278,1.8414458622110548,0.02512662779535011,0,6.350800894101075,3.558453777184215
khak1248,turk1311,-5.583944761115594,0.09353592476702405,0,-5.0597142649525,4.337016470323475
khal1275,sino1245,-4.6875386826261565,0.018996937696615715,0,-4.79913531249685,4.012213523787025
kham1282,sino1245,-4.422124455251538,0.06081421154960303,0,-4.9284840397625,4.006246416392775
khan1278,atla1278,0.7615391111797394,0.01575994199502967,0,2.6832424556995003,3.5962061637930347
khan1274,aust1305,-4.717840532716391,0.09816725872441981,0,-3.15058482923,3.7311492983375647
khar1288,sino1245,-1.053858108652335,0.02707223968337616,0,1.70684930641,3.575372733800825
khas1269,aust1305,-2.0465032043822453,0.03672800710444294,0,-3.12839402837,3.748131227917125
khez1235,sino1245,-1.8967769583003824,0.011264727986332067,0,-3.727487003495,3.862203159915355
khin1240,nakh1245,-2.3313098295230663,0.023164652721094112,0,-0.1939744729325,3.91811171858649
khmu1256,aust1305,-4.553871213128831,0.07770676780442735,0,-2.2618101978175,3.704197906803085
guan1266,sino1245,-4.693598465548556,0.061150646871336894,0,-4.405261817236,3.998300296328735
khum1248,sino1245,-0.13691017774894182,0.025497002307424414,0,1.4608584003107499,3.63435705824504
khva1239,nakh1245,-1.9138953918888826,0.015259964304755248,0,-1.8545973968075,3.972311277371635
kich1262,maya1287,0.7764550938018766,0.023081049503218667,0,-0.50803680268275,3.924204833960535
kiku1240,atla1278,1.492309383996676,0.02435092385923588,0,5.986593525876,3.59720323178613
kile1243,tung1282,-5.026474339603093,0.050700858709893375,0,-6.9546301688700005,5.435161124717915
kili1267,aust1307,0.7191464678299968,0.01998164238938296,0,0.9865647113295,3.3763821721503753
kimm1246,atla1278,-0.5351058416628522,0.03255548000142986,0,-1.470061433300625,3.75284033859882
kima1244,aust1307,-3.7644571811114558,0.05382163277710204,0,-1.236550385481,3.56755887521911
kimm1245,hmon1336,-7.077709560031967,0.1817962464121437,0,-5.6436912035475,4.59241428779519
kina1250,aust1307,-2.6400613082056887,0.028739870218365087,0,-0.4266875061075,3.432555947660055
kinn1249,sino1245,-4.50058531766217,0.08711429147221574,0,-4.822729732862999,4.04878879128073
kiow1266,kiow1265,1.6163556949050093,0.042599012445765305,0,-0.3990012673165,4.2021037755504
kips1239,nilo1247,0.4271525438651213,0.029248096123591704,0,0.8793819817392501,3.55502127951418
kelo1247,timo1261,-4.010488139359297,0.04372624228859027,0,-2.7701426902375,4.368467793488465
miju1243,sino1245,-4.314086350966381,0.03128717405016531,0,-4.48079731817125,4.03787665766492
kobo1249,nucl1709,-4.089854957881347,0.023730018840901635,0,-2.99303285097175,3.848070276069925
koda1255,drav1251,-5.90377441426619,0.08294169371305425,0,-7.7500763074825,5.3050838171475245
koho1244,aust1305,-3.8440045755355703,0.010615226798310977,0,-2.3504882455100002,3.74784619967596
koir1240,sino1245,-1.024493335551569,0.024256386594711837,0,1.15216222949975,3.606849098622085
koit1244,koia1260,-3.5484609353812937,0.04260874558057189,0,-3.925198644,4.0660034417882045
koka1244,pama1250,-5.172635622223353,0.09135969782101559,0,-8.7805330187125,4.1605725990173745
koko1269,aust1307,-2.2069932573716775,0.016849395368599477,0,-0.30360629938,3.469878988482
kola1285,aust1307,2.82523272011111,0.08225946812247681,0,2.7235402802350004,3.5940520811377947
kolb1240,atla1278,-1.8297873856108349,0.020903381156701817,0,-0.537203345467,3.660990116384885
kolc1235,atla1278,-0.5237628443668851,0.013779649758235382,0,2.08069650716,3.600744698779505
kolp1236,kolp1236,-3.1287048248202955,0.0494872767402079,1,-2.40725992489,4.2548795870158305
kolu1245,aust1307,1.7647163867413824,0.008247175542878798,0,3.430164928315,3.56655372561472
komb1274,nucl1709,-5.1813140620174805,0.024452207211940382,0,-5.649687318934999,4.097114649924175
komc1235,atla1278,-1.536191746102068,0.020219426606732788,0,-0.38411845657,3.918472431398805
komi1270,sino1245,-1.006209188993325,0.02456487694015871,0,0.27673988058,3.61168118023801
komi1269,ural1272,-5.57868127710178,0.040622616850808396,0,-5.317714518580001,4.506715475602995
komi1268,ural1272,-5.559597147162351,0.042368692975533764,0,-5.30458075306,4.50736083446196
komo1260,atla1278,2.747786486498666,0.048274380231771594,0,5.48755875003475,3.735972171420215
kona1242,east2433,-2.7415877476399766,0.02547842550507534,0,-1.86659482338,4.097197593595945
konk1267,indo1319,-5.3861084164092095,0.17409028602533008,0,-4.845252238725,4.224134974534145
kony1248,sino1245,-3.2307562395216647,0.013666026843006775,0,-4.60838212953925,3.99876824439951
konz1239,atla1278,2.076791491637497,0.02045766798552865,0,6.493814599925,3.6683387154750253
koon1245,atla1278,-0.6592268206721454,0.014573503973118372,0,1.931486829025,3.5600689085364596
koor1239,gong1255,-2.310128471026425,0.027086803593384043,0,-1.161129372805,3.695620643819515
kora1294,nucl1709,-4.374862619723254,0.033441622063990595,0,-5.650804230316,4.067393547690195
kore1280,kore1284,-4.605312727889734,0.06947329788236478,0,-5.298169500195,5.63182598583046
kork1243,aust1305,-3.813740878718682,0.11723621294242305,0,-3.2401885352975,3.8566051045165297
koro1298,atla1278,-1.8128295648864992,0.07043752878146083,0,-1.0844788689275,3.6813433271536553
koro1313,sout2948,-4.189277344627097,0.04494960657132284,0,-3.346816573171325,4.140625484570305
koro1312,nucl1709,-5.193991593317326,0.019907635866374836,0,-5.6398688693725,4.11187115278555
korr1238,drav1251,-5.918212120507201,0.08768387123577287,0,-7.73744061500555,5.317917509023539
kosa1249,nucl1709,-3.917477285125635,0.02070489289646874,0,-5.651652453371,4.065936745523469
kosr1238,aust1307,-2.750071851023987,0.09259857093424152,0,-0.6160533459049999,3.50912183364006
kota1263,drav1251,-5.871954066811055,0.08309327674709666,0,-7.750403945465,5.295051238694105
koti1238,atla1278,2.132258343497358,0.026095524501745446,0,6.3003254155575,3.56348066320868
guan1269,tuca1253,-3.33511987816739,0.03812224173622979,0,-5.1920077948225,4.227859839392475
kova1243,nucl1709,-2.529585810607363,0.03180134165974332,0,-5.8960143847175,4.02446581577999
kove1237,aust1307,1.4657045782770983,0.009964400841920984,0,3.164358361605,3.5655818010180598
koyr1242,song1307,-4.922168678704255,0.08970354718028924,0,-4.51487512832375,4.47897053523449
koyr1240,song1307,-5.1948963976663665,0.08594823463696924,0,-4.5218501494600005,4.49286626641546
koys1242,afro1255,-4.637909346872517,0.07882634536335568,0,-6.6767970234475005,4.49124616720788
kren1239,nucl1710,-0.02267665260714085,0.017115863634108497,0,-1.10388265568,3.8523302096767953
gbay1288,kres1240,-4.991144846683347,0.05808818952919028,0,-2.997926063242875,4.752198677527595
ngeq1245,aust1305,-4.559092721717424,0.053479526986170034,0,-2.00071260842775,3.687742649999215
kryt1240,nakh1245,-2.3517437122770346,0.015506941019840991,0,-0.8077527711554999,3.92742695856894
puoc1238,aust1305,-4.717766979486387,0.09603037571422372,0,-2.285225361655,3.7176017898984997
kuan1248,aust1307,-1.3318046478807948,0.019850796516873867,0,-0.6505145767,3.541262758125955
kuan1247,atla1278,2.593998664711419,0.08719649217678997,0,6.459533184785,3.69331740482854
bayo1255,atla1278,-0.1189910221292893,0.01773166025368869,0,1.29158332275675,3.578975802523485
kuik1246,cari1283,2.2998628724506656,0.07589101639407923,0,0.36891157005025,3.859889789075965
kuku1280,pama1250,-3.661396060268571,0.030411958674243688,0,-7.880245181775,4.144960495711031
kuku1273,pama1250,-4.1113193685993625,0.033899403118749595,0,-7.93862273273,4.158139021879305
kulo1237,aust1307,-3.379074480202388,0.051316235314280735,0,-1.0792714796432499,3.906291251946755
fait1240,nucl1709,-4.006538218281088,0.024901431410465934,0,-2.50073667620825,3.74056976545153
kulu1253,sino1245,-4.8727517486808045,0.05711637301681517,0,-4.7293906445800005,4.023624316556544
kuma1280,nucl1709,-4.357716943946844,0.017634172469355624,0,-5.5777059409,4.12072885911315
kumb1268,pama1250,-5.500569557740151,0.12862500405683414,0,-8.2322751756425,4.2230358888935005
kumz1235,indo1319,-4.5374790630199175,0.06645875673884322,0,-4.6741799699475,4.270450382114735
kuna1268,kuna1268,1.1149789401918544,0.03377092319294277,1,5.22167560434875,4.919491539756359
kunb1251,gunw1250,3.9639469306611423,0.06424913313316315,0,1.396581331987,4.11541836568634
kuni1267,kuni1270,-0.6907224804386625,0.018167036453264448,0,0.23777902028575,3.76983585282504
kunj1245,pama1250,-4.162271523816619,0.031532461848028694,0,-7.80664071359,4.158730230119755
kuot1243,kuot1243,-4.085050590821726,0.04645290755036189,1,-2.07716910517,4.433738007744865
kurr1243,pama1250,-4.777322191629848,0.06533879992644781,0,-8.861227426815,4.137912940990015
kurt1248,sino1245,-4.369595684534872,0.054524707589854476,0,-4.85859810589,4.02799200383696
kusa1251,aust1307,-1.641136229148029,0.009336950746519674,0,-0.5303211840245,3.477081028334165
kusu1250,kusu1250,-6.7108707363871485,0.2500293601871449,1,-5.65773790687,5.98170677126415
kute1249,kute1249,-2.3670922546689503,0.01824475808992714,1,-4.0253877689025,4.441129527367285
kute1248,atla1278,-1.4884791363647532,0.011382960121415046,0,2.0586011935305,3.6117432669813496
kuyy1240,aust1305,-4.346842545172058,0.04989657666629065,0,-2.07419574388,3.66195339894952
kwai1243,aust1307,-2.5210759329008514,0.017441617825230477,0,-1.211457692197,3.510002885074175
kwam1252,aust1307,0.9225614129335304,0.021044161592216712,0,1.9470080862645,3.4875202677767447
kwar1239,aust1307,-2.5615387555170788,0.014552213142312623,0,-1.2487860216939999,3.518424963962985
kwaz1243,kwaz1243,-3.8108280743200798,0.06100717746753298,1,-3.0887701935035,4.39365201032852
kweg1241,surm1244,-0.7170307289160895,0.014589031649484914,0,1.2034309626575,3.69780484178
nucl1595,kwer1242,2.746903830472419,0.05276865430341433,0,2.5867055108397503,4.03685858860573
kwin1241,worr1236,2.868950134401115,0.06477387727098509,0,1.1925146826375,4.179474527990165
kwom1262,sepi1257,-1.063953752721803,0.027652479815023376,0,2.44070716393,3.698933007063135
nucl1593,kwom1263,-2.2815656586538102,0.02850033027453572,0,-2.3966261947425,4.185495009033939
kxoe1243,khoe1240,-2.360298476906714,0.04981908673479857,0,-5.96581091806,5.465446149608535
kyer1238,sino1245,-4.843953858374603,0.029675508752185793,0,-4.9352867342975,3.99577897337749
cori1240,atla1278,-0.2062409584540194,0.016613465020048904,0,0.83378335946625,3.641689002081065
laal1242,laal1242,-3.972208708611743,0.05742131747023855,1,-3.76422613910175,5.15699437421494
labe1239,aust1307,-1.6031923073246914,0.02120397499899279,0,-0.0975857500025,3.5088009848803896
labu1248,aust1307,1.4711023363008573,0.009706927605154604,0,3.11942727446,3.528293921635845
labu1249,aust1307,-3.563547161438378,0.034785337909943655,0,-1.22676421466675,3.5602423257959597
lach1248,taik1256,-7.174575693909925,0.16953389612362327,0,-5.2139047884725,4.51522224837519
lagw1237,afro1255,-1.1512561276668238,0.024804405881128682,0,0.06400065728025,3.53728899626483
zaye1235,sino1245,-3.633236279379619,0.026220877613278997,0,-4.5472440849905,4.07359234361071
lahu1253,sino1245,-4.706826305166647,0.013455179258330017,0,-4.541442122655,3.976467674126935
lahu1252,sino1245,-4.885569127632897,0.01669184715092636,0,-4.551227576725,3.9828730510221453
laiy1246,aust1307,1.3472697139742218,0.021150182334998057,0,1.9942449884425,3.52183890061021
lakk1252,nakh1245,-1.3108489432182369,0.012134652208307074,0,1.2581542043949998,3.8086127464569604
lala1268,aust1307,1.280647143195622,0.026242177999299947,0,2.5394679514674996,3.39018438688994
lala1264,atla1278,3.685348301512608,0.13553907224506434,0,6.6670062482,3.66693333001463
lama1277,aust1307,0.8481889281446797,0.013165912487834431,0,2.2277970596375,3.48753943707193
lama1288,afro1255,-2.3016695081813223,0.014161793135446398,0,-1.18448158682925,3.6082817077167304
lamb1269,indo1319,-5.220333327345855,0.12252953056416546,0,-4.76864703303,4.25435995895333
lamb1273,aust1307,-0.7741328536179974,0.016749162627507534,0,0.790504610997,3.50609664895735
lamb1272,atla1278,3.7556272026351785,0.09048207178352775,0,6.5394772341,3.732946654132615
lame1260,aust1307,0.23729578567230963,0.023791194062062093,0,2.1030206221822496,3.473801540261785
hela1238,sino1245,-4.84165756169258,0.026487076409737548,0,-4.939261039,3.991396922188705
lamk1238,sino1245,-0.31510094449096915,0.031999851915418064,0,1.1755296995225,3.60110702065405
lamo1244,aust1307,1.8077839869797336,0.018015244519348616,0,2.9985078075975,3.5447228339273
land1256,atla1278,0.3840757822303482,0.02707720893031876,0,2.3149118147839998,3.494061824098475
lang1320,atla1278,1.7846231115199473,0.01667741839764468,0,6.59872429071,3.706446151267495
lang1324,nilo1247,0.3474442234953443,0.019231279783462774,0,2.435211288035,3.52987364247706
laoo1244,taik1256,-7.067156553518913,0.15042111618527923,0,-5.3125430151299255,4.495093715019561
lara1258,lara1258,3.0915842719662603,0.0667493803873637,1,0.24167063817150003,4.3270842413734645
lard1243,tang1340,-2.8301585296978446,0.023405179952773057,0,-4.862283231529,4.031047322142405
lash1243,sino1245,-4.19507963586331,0.01758304557187775,0,-4.5262505716225,4.00058038231733
teke1275,atla1278,2.3045959688464466,0.02906567698865973,0,5.85467297266575,3.693170429186345
latv1249,indo1319,-4.410808104648621,0.031051597685241884,0,-4.16856034766,4.200272966595775
lauu1247,aust1307,-2.6435878013343492,0.016486923149616063,0,-1.247749663132375,3.5106273180717453
lave1248,aust1305,-4.525183453377551,0.05104393677132873,0,-2.3593420339115,3.7345376956831053
lavu1241,lavu1241,0.592591827401233,0.051948057158200625,1,3.8486830329382498,3.997871994559875
lazz1240,kart1248,-4.015970118359307,0.048464940777369375,0,-2.8432381440150003,4.436098056866235
lega1250,atla1278,3.5247601446302372,0.09262743357064762,0,6.590090494960251,3.688779104330905
lega1249,atla1278,3.577047693804718,0.10995674103082365,0,6.59537262644725,3.68121946705527
lele1276,afro1255,-4.139050851295529,0.023828965160520008,0,-2.3331849672262504,3.81680528762646
lele1267,aust1307,1.4605718620802643,0.020809231990304385,0,1.9867208387225,3.50013234364447
lele1270,aust1307,1.7789378944989647,0.03009957888337394,0,2.6766676242625,3.54551566264715
lemb1266,nucl1709,-4.432411162025241,0.008099703292372518,0,-5.5388702461,4.162023866868405
leme1238,aust1307,-1.2299226212933547,0.020515201820161713,0,-0.322251106545,3.51539939008004
bela1260,aust1307,-2.415371393923179,0.04011446198436072,0,-1.4788368140769,3.556608311125375
lena1238,aust1307,0.08004327839356404,0.0252749161199847,0,1.4731835796100001,3.463862653166955
lend1245,cent2225,0.6629244230839462,0.023586509503122608,0,2.761359785649325,3.55161344271515
leng1259,aust1307,-1.7907795971450047,0.028333665391864528,0,0.78870671618295,3.477719713163955
lepc1244,sino1245,-4.458417854522728,0.012663448110893122,0,-4.67743900335125,4.078869324351254
lese1243,cent2225,1.9666798358246613,0.04090724093473684,0,3.7085175454324997,3.5275631133747947
leti1246,aust1307,1.373315737444696,0.03367705104807745,0,3.1552247510475,3.551067939797035
lewo1242,aust1307,1.2053420655207594,0.018675896001947773,0,2.041235646825,3.4719260906675897
lewo1244,aust1307,0.7977437719322227,0.016288357794938743,0,2.2342260988075,3.48774456538044
lezg1247,nakh1245,-2.143982799513123,0.01673252553755503,0,-0.8545732321524999,3.90475622639736
lian1251,sino1245,-1.5272986898797132,0.013487598319094046,0,-3.74798937075,3.8317036643596154
libi1244,atla1278,1.4688076079807284,0.022001554931244775,0,6.669297249286251,3.62303206155083
liby1240,afro1255,-3.403036870790931,0.03932806912433106,0,-6.851608271945,4.405052462549265
lihi1237,aust1307,-1.2764921541295964,0.009978132468932565,0,-0.3652714701875,3.516820630544075
lika1243,atla1278,0.7475722423694562,0.019761780207663913,0,5.3766471324605,3.74360030569023
lill1248,sali1255,-5.165764353524466,0.09867940910212993,0,-4.817606589752,4.252805344479331
nucl1327,limi1242,3.1208619935492194,0.07074531798478512,0,0.014044410152499999,4.2651029705804095
limo1248,aust1307,-2.422294515150993,0.019435567320021056,0,-1.0698809162175,3.5030403169823954
lipo1242,sino1245,-4.862918166869415,0.031441687239151084,0,-4.5545672283,3.95912495005309
lisu1250,sino1245,-4.44486781895948,0.02366412881732089,0,-4.559132595182501,3.9580673162400952
lith1251,indo1319,-4.411070660379172,0.030781424871639356,0,-4.192169175875,4.200971946572315
lito1235,atla1278,0.6908760515809724,0.016011613221584824,0,6.699899965375,3.61930165549264
livv1243,ural1272,-5.86242485582286,0.06154435721991414,0,-5.562340716662501,4.401921232141075
loba1239,atla1278,1.186799287058582,0.017719037566893487,0,6.522376945925,3.634963489786085
logo1259,cent2225,-0.2984492707383381,0.0376928797507287,0,2.4508604686075,3.537530087311775
balo1261,atla1278,1.696023856508087,0.01672178328095835,0,6.574058382632501,3.637187043581365
loka1252,atla1278,0.7157253669415202,0.021489870147860867,0,3.5287324975525003,3.643629099943295
araw1276,araw1281,1.8444573648423987,0.024489977466022047,0,3.115536293235,3.7199710965045547
lolo1259,sino1245,-4.860518517791768,0.033835910386535786,0,-4.582550045125,3.964431134705615
loma1260,mand1469,-5.2612529939552735,0.04825018898371142,0,-6.128026522747501,4.7806303268264045
lomb1257,indo1319,-4.123150635404386,0.01343789721610195,0,-4.1393770444185005,3.99832906717236
chiq1248,chiq1253,-3.448821234726947,0.05089153523677055,0,-3.7635587693324997,4.398661910102865
acha1249,sino1245,-3.5305090389112506,0.01599127007769436,0,-4.5082565383045,3.9941376620038547
long1395,aust1307,-1.9972036498964911,0.019748269179903674,0,-0.969241049021,3.5309516186530647
loni1238,aust1307,1.7288903842259815,0.022502171584246597,0,2.5742835607575,3.54834334710894
lonw1238,aust1307,-0.0395704983501246,0.026792816445738516,0,1.4672253752205,3.46433532424248
lote1237,aust1307,0.6845272113488394,0.014470041018036665,0,3.76617607384375,3.53529061555378
loth1237,sino1245,-2.420812959835361,0.011851964930088528,0,-3.72093670462,3.86426200596661
lotu1250,aust1307,-3.496168643014924,0.03880510697918366,0,-1.21364794434425,3.557560153597795
louu1245,aust1307,0.6889672355711194,0.018785090827097506,0,1.1201181347205,3.5113208991643
vano1237,aust1307,-0.08771132712629345,0.018782221805865983,0,2.82620713586,3.58231674310815
lowl1260,tequ1244,-2.6121285710664592,0.016246061883660973,0,-4.64234955583,4.49422967239089
lowl1265,utoa1244,-4.706648988991151,0.10989087948292024,0,-4.021417655391749,4.01101042662588
lozi1239,atla1278,3.087139253803734,0.09364914860949623,0,6.2961564842,3.55620514478844
luan1263,aust1307,2.4597897805210653,0.043150754531562946,0,3.0044321272000003,3.553364521567945
onto1237,aust1307,-3.5158159397275854,0.05976707167187955,0,-1.1417167678207498,3.442491840578735
lubu1243,aust1307,-1.5848108361864504,0.028266948169424284,0,-1.1622629605725,3.48451708735107
luch1239,atla1278,3.34827270730226,0.13258079123088054,0,6.3507137717375,3.70499654763866
ludi1246,ural1272,-5.814316609801924,0.057610758354969295,0,-5.5596317363972,4.405622338196455
lugb1240,cent2225,0.2338575648617191,0.02160937490345208,0,2.48720119165375,3.5448894227907353
lugu1238,atla1278,2.291846870872757,0.023862233067341778,0,5.7814490173275,3.581903768512605
lule1254,ural1272,-5.819599292846644,0.06427356853938608,0,-5.5162677257225,4.38681375478746
lumb1249,atla1278,1.6192731359832633,0.038274511821583874,0,6.1981726607425,3.710211345132185
lumu1239,narr1279,0.7273140059329339,0.015328123638066569,0,2.9481264940724996,4.033141879306065
lund1266,atla1278,3.663222455811563,0.1659678400927869,0,6.3101268398375,3.7120158060532047
lund1271,aust1307,-3.196731057838111,0.04105512628847844,0,-1.302812522645,3.602575321654845
luok1236,nilo1247,1.2310771917890033,0.0354466268447814,0,2.4792447284542503,3.52228467962004
luse1252,atla1278,2.1240718112002623,0.02623274382434708,0,6.065627822925,3.64467735349837
lusi1240,aust1307,1.9617583028124006,0.010546546119736188,0,3.1531589427415003,3.591380228449445
luva1239,atla1278,3.4013136859445403,0.13733783612009146,0,6.336117689188001,3.70777647930085
maan1238,aust1307,-2.839132091890911,0.037004127263609334,0,-1.2722567385899999,3.576973512921565
maas1239,atla1278,-1.6620390233633904,0.023317481201875156,0,-0.38959501713165,3.62458872131758
maba1270,atla1278,1.0374507437246567,0.020733552129807556,0,6.67748524092365,3.615779444323025
maba1277,maba1274,2.338556188453466,0.0477828020472128,0,4.0552223201475,4.14668030509867
mace1250,indo1319,-4.523869848392971,0.033650125463499304,0,-4.327655347518,4.14375543551819
mach1267,araw1281,0.8122529236343592,0.02215688263003446,0,2.44617988608,3.721980745456695
maco1239,sali1297,-3.1316684758287936,0.04363817624222258,0,-3.90912208422,4.38178312065956
macu1260,tuca1253,-3.206038478588541,0.031053009622706677,0,-5.2838704097,4.1964900914766545
mada1285,aust1307,-1.5402399791974362,0.01716336721086519,0,1.9567836243549999,3.488550223256645
jama1261,araw1282,2.031889993562163,0.049570873762934085,0,1.6111990635875,4.03536674857779
madn1237,east2374,2.4353961705440557,0.05790835699976071,0,1.1155859604525,4.29368154957622
nucl1460,aust1307,-3.396711266828885,0.05390428529526112,0,-1.032554938835,3.568390650794225
mafe1237,aust1307,-0.7199618529802336,0.02872198673774182,0,0.4246812469075,3.45358358905711
maga1260,indo1319,-6.276316245356255,0.19536445277125336,0,-4.87663049911225,4.208924311336465
maga1263,aust1307,-3.15025612397476,0.033134980312669454,0,-1.247919869736,3.57708778783897
magd1235,otom1299,-4.462507821200689,0.028206818970715173,0,-6.4933276336,4.4267491457570145
magu1243,aust1307,-2.427793792739621,0.02223892426623579,0,-1.070664761585,3.526452520896295
maia1254,nucl1709,-3.5753594822175945,0.021460123116194867,0,-4.147299137655,3.918588386429545
maia1253,nucl1709,-3.5544070288072387,0.021232350174827167,0,-4.15197551847,3.900000888842725
mail1248,mail1249,-2.2166866514053907,0.037764254816376526,0,-2.429332379016,4.181388809379955
nucl1594,mair1253,-1.905360372004726,0.028230706446670636,0,-2.1947750638650003,4.15251910693849
mais1250,aust1307,1.6056219211295613,0.02641484037249735,0,2.6739835224225,3.548993297659695
mait1250,indo1319,-6.2499934238284895,0.1552027982775509,0,-4.85665056441,4.207663352095359
maja1242,surm1244,-1.7954376371317766,0.013324899557415561,0,-0.2048484374425,3.9130043942393
maka1311,aust1307,0.5091437142765722,0.015427369713338628,0,1.6270920423664998,3.54506146125918
makc1235,taik1256,-6.834865053395409,0.18356486561139504,0,-5.3231466438599995,4.50296084637624
makh1264,atla1278,2.716150584723052,0.046103318582989376,0,6.3414885886975,3.572986344631715
makh1266,atla1278,2.74273427492718,0.04273549324308407,0,6.341824371425,3.58498314619414
mako1251,atla1278,2.8492465439020886,0.044304398202720724,0,6.69755618216,3.66760054418761
mala1463,drav1251,-5.644151447819093,0.06442405040341345,0,-7.7400391777349995,5.31006457400753
mala1534,aust1307,-1.4387788348027086,0.015357054074776704,0,-0.893465980085,3.456202487566285
mala1464,drav1251,-5.712675801887183,0.07089746709605467,0,-7.73999915585,5.3051969713233
mala1522,chib1249,-6.034593489068386,0.10728597214589403,0,-6.52794194791,4.274074820551805
male1284,gong1255,-2.5183739613869554,0.013153754171418201,0,-2.04789537566775,3.80503475283227
male1289,aust1307,2.466113469163506,0.014105663333110531,0,3.54306521992,3.558018785097625
malg1251,afro1255,-1.8361271641350831,0.017816610532532147,0,-1.5981500395015,3.60859548131935
mali1284,bain1263,0.1884851276887973,0.015581901203645923,0,1.4932780012646,3.906204562577945
mali1285,otom1299,-6.635844906962383,0.12343736835549897,0,-6.0338005023250005,4.5096501028640805
malt1254,afro1255,-4.605927356879688,0.04854413609624273,0,-6.82860264399635,4.4027242578297745
malu1245,aust1307,-0.08634306650494089,0.01681177542840212,0,2.2491548917987503,3.515621135916125
mamm1241,maya1287,-1.8745344891995863,0.07693190297152946,0,-3.147605971425,4.0308199206872946
sauk1252,nucl1709,-3.7700134982068443,0.03159376246692045,0,-5.7293408329424995,4.05621151209316
mama1275,aust1307,-1.2319381479177889,0.019944888439400895,0,-0.6919577442614999,3.42589469562119
mamb1306,aust1307,-0.1977709536935932,0.021637589754417038,0,1.35933511940375,3.53401908303747
mamb1294,atla1278,-1.024705173971031,0.0172086093528051,0,-1.1449913264475,3.620020065577525
mamb1296,atla1278,3.7948649536295562,0.11798254857109161,0,6.5597178723367495,3.69698045028053
mamv1243,cent2225,0.8954542533674301,0.022492625757772947,0,3.75981536842,3.532285992816485
mana1295,aust1307,2.4274361962959072,0.03482623331407307,0,2.7471648111675,3.60368283669586
mana1298,nduu1242,-2.7049476334043607,0.03214136369542711,0,-3.11515610801,4.0410031845514
mana1288,sino1245,-4.795000067176266,0.03843879838514935,0,-4.8459764641300005,4.03263370872738
payn1244,nucl1709,-3.478748162493739,0.027360442937225747,0,-1.33432602961325,3.70045619810359
mand1440,aust1307,-1.146168225830324,0.010115844963826075,0,-0.3689589316175,3.5089997413776297
mand1415,sino1245,-3.30549236869338,0.03187436290263783,0,-4.483455068727499,4.03052514578634
mand1436,mand1469,-4.191857890411742,0.03781318701827706,0,-6.12813513019,4.734031277689085
mang1378,aust1305,-4.641195884504466,0.08393589944751159,0,-2.6383697351675,3.720323577880425
rapa1245,aust1307,-3.3234265565950456,0.14558183945275371,0,-1.448238557082,3.40998581846064
mang1401,aust1307,-3.300854068553237,0.14755177495371133,0,-1.40332273326875,3.4158492056432053
penr1237,aust1307,-2.328184602286424,0.029806008450997765,0,-1.4582103051825,3.414874304655425
mang1381,mang1423,3.3595700903185888,0.06827436169259743,0,0.7453623203374999,4.2534155985768844
mang1394,cent2225,1.1423547130141771,0.02790971798141415,0,3.82673212450175,3.531709414813185
mang1404,aust1307,1.1801254147608724,0.02070631913617546,0,2.88818110180675,3.52749975361093
mang1405,aust1307,-0.4474083919674847,0.01884587840938725,0,0.22755412762,3.53483877341239
mang1403,aust1307,-0.3700517413918618,0.02276942118068004,0,1.383531394135,3.485396773226095
tong1308,aust1305,-0.27762944416184093,0.04067792107872576,0,1.6571084795525,3.458940521151945
manm1238,aust1305,-4.435749525953877,0.07373650665632808,0,-3.1541370012227503,3.732805689417575
mans1262,aust1307,-1.7132887655449065,0.018502503538158164,0,-0.654897410067,3.4348868440809053
mans1260,hata1242,2.3829765629329156,0.04812040115665535,0,2.78046121261875,4.074155530606475
manu1258,aust1307,3.317570167048105,0.06695413310430637,0,2.79425887196,3.606163361069455
maon1241,taik1256,-6.820588555205042,0.18517811608705342,0,-5.3004422622122505,4.495062604321465
maor1246,aust1307,-3.2264019819000254,0.13464099078868272,0,-1.4706897241425,3.424425050193335
mapo1242,aust1307,1.3146748064009302,0.022140738788454278,0,2.9141453526698253,3.521363780212655
mapu1245,arau1255,-4.187563716066457,0.10732248586402643,0,-3.809534538945,4.534380860902401
mara1382,sino1245,-1.0851510694936357,0.014974455237090501,0,-0.3009297672375,3.6907183462434903
mara1399,aust1307,-0.10828791013082514,0.0206760264937927,0,1.2832543814789998,3.4515675324655497
mara1379,sino1245,-1.3593309523956174,0.011104512034281826,0,-3.76595475408,3.82881475169099
mara1404,aust1307,-2.41709983462819,0.026356006847903773,0,-1.048350215192,3.5403388435781498
mara1386,west2434,1.1258856892958657,0.02936520236860695,0,-3.7079436313575,3.9186343771309753
mara1396,tama1329,1.8566255249750867,0.037534477971255184,0,3.89107086298,4.225518945438401
mara1378,indo1319,-5.527172378725244,0.17573801341017323,0,-4.84063853538,4.2265104125455455
marg1253,pama1250,-5.20918658101999,0.08558136119819554,0,-8.061011051800001,4.140842200483995
marg1265,afro1255,-2.904781505205796,0.023215204382574572,0,-1.381204332242125,3.623389998518245
mari1414,drav1251,-6.637145726812859,0.1320834487301451,0,-7.658496013005,5.353112186010975
mari1440,coch1271,1.1893863599082861,0.041240608080712594,0,-1.0418845371662502,4.06123518273583
mari1428,aust1307,2.3465168627019426,0.02832811049081217,0,3.600083494442,3.54174893312867
mari1416,sino1245,-0.4612286762201825,0.011870681004886715,0,-3.8010424281465003,3.83106733345306
mari1424,west2434,1.2795824426163263,0.027520939280912825,0,-0.866428489095,4.0874941334971595
moro1289,moro1289,-3.273988179928825,0.03260288584889586,1,-1.85012677807,4.4182057207343295
maro1244,aust1307,-1.3136100887391784,0.01566903728961404,0,0.7662417974875,3.478231054531005
mara1385,mang1423,3.0872574655560534,0.06939396568199926,0,0.7589793347145,4.264127003070585
mars1254,aust1307,-2.68666135295447,0.11387346867726984,0,-0.757066402335,3.470833140652315
mart1255,pama1250,-4.799023387141828,0.07749639308601448,0,-8.849602044575,4.14116897852537
maru1249,sino1245,-4.52045270493776,0.027766316154848415,0,-4.512791393830501,3.98699176445344
maru1252,pano1259,-1.0157530895936047,0.015749612169154978,0,-3.48033473275155,3.77620442367271
masa1322,afro1255,-3.304483201758859,0.02490611672048874,0,-2.5367456728580002,3.817700551513215
masb1238,aust1307,-1.4618640698297893,0.02211866220052583,0,-0.339145305386,3.4027411677549
mask1242,aust1307,0.19075072380818464,0.02266330795945907,0,0.7512979407375,3.44255475426871
matb1237,aust1307,2.3656533042743346,0.05278153530125314,0,3.1949829776032503,3.6272838913169503
kemb1249,aust1307,-3.4761197285414283,0.06351770659692182,0,-0.8751205847035,3.560708986444155
mati1250,aust1307,-1.3302422919279895,0.019471231383908025,0,0.699370721735,3.4279090220155
mato1252,aust1307,2.4731939522787494,0.018196940742606284,0,3.3040738239557497,3.578384112565455
mats1244,pano1259,-1.2706380755069995,0.021347476468713107,0,-4.603917480807475,3.9725978596890297
matu1261,aust1307,2.542378575480282,0.0267146674098693,0,3.564297391886,3.552494160739705
matu1259,atla1278,2.6407078006085296,0.02866668390291447,0,6.6956595389124995,3.677740800861895
mauw1238,nucl1709,-3.547924484009397,0.01606557222285091,0,-4.0672705106975,3.951504835663475
maun1240,iwai1246,2.9407351958988617,0.0735266401071194,0,0.15274637424575,4.27178793815626
maxa1247,nucl1710,-0.9054141634457131,0.03288089456966589,0,-2.1334119119599997,3.87187886916665
maya1285,misu1242,-3.102037498845452,0.02063401345116774,0,-5.30077067148175,4.366851881623315
maib1239,mayb1237,1.938905592965855,0.04999221818367249,0,2.528188441785,4.06054282291806
mayo1264,utoa1244,-2.5043965890281523,0.013336962023810945,0,-4.1900777312925,3.947837728306245
mayo1261,atla1278,-0.31481326032711343,0.02096808601585721,0,-0.482293355195,3.457814625793545
maza1304,afro1255,-2.961756273159082,0.025952495795837045,0,-0.9997128298985,3.61772029689364
mbaa1245,atla1278,1.7700023483320955,0.01882322922705235,0,0.35482851676,3.4366500787324297
mban1263,atla1278,-0.8889017057251118,0.02240320367581379,0,-0.900748607788,3.570019945798485
mbar1260,afro1255,-2.0310197958775986,0.02264141516011035,0,-0.771311924118525,3.551123592792175
mbay1241,cent2225,-0.9326146006178342,0.025116583539950908,0,2.9190703042597503,3.42676982929913
mber1257,atla1278,1.522220945635973,0.025634612388222695,0,5.859272745855,3.6962281976654
mboc1235,atla1278,0.2014410196119425,0.015018653566126266,0,4.990227573432501,3.65773235683527
mbol1247,atla1278,2.6510122023584435,0.053801445926506326,0,5.881017199075,3.750689310465385
mbug1242,atla1278,1.8892420623647703,0.017970171844597163,0,6.6157594165425,3.70800616477355
mbul1263,aust1307,2.613820960991893,0.0160656311704354,0,3.48318602344875,3.56254034558503
mbya1239,tupi1275,0.4230516477802828,0.009586882722591408,0,1.2414483171195,3.7301697696634752
meen1242,surm1244,-1.8089701861639904,0.02366766530551027,0,0.29830082207599995,3.729817315030915
mehe1243,sepi1257,-1.240048423192028,0.026745975596801454,0,-1.1514660280775,3.835704076398445
saki1248,tupi1275,-0.5510217502410752,0.013662513080412065,0,-1.976676824893,3.83308660736205
meke1243,aust1307,0.9481844327029401,0.025633662480647194,0,2.09516966099425,3.385684940944195
melo1242,gong1255,-2.785095022164275,0.01356597822907374,0,-2.1732633553199996,3.7768267342049597
melp1238,nucl1709,-4.491176162118924,0.01929383933775646,0,-5.568639907645,4.121587614719806
mend1268,sepi1257,-0.9527760938774514,0.03010278395462139,0,2.367962036254,3.668205073885
mend1266,mand1469,-4.997053570548231,0.049814563169188676,0,-6.10936954422875,4.77594284041381
meng1267,aust1307,0.6398030803360562,0.018223520890188076,0,3.7165774640565,3.529178943857225
meny1245,anga1289,-3.6236917907489152,0.05065546611298012,0,-2.891342898011,4.216700786140034
mera1242,aust1307,0.43275353589898957,0.024043230254293703,0,1.10251523905025,3.4333392143168098
mere1242,aust1307,0.0610939596355928,0.021688459035458078,0,-0.42181855958,3.494807478475215
meri1244,east2503,-0.38075240493504947,0.012634227687715494,0,2.4682312209893498,3.8150877866731348
meru1245,atla1278,0.4344788465299523,0.01235088938868911,0,4.796418239495001,3.520258745350975
mesc1238,atha1245,3.4059313198743375,0.0406218292779453,0,3.35616566419075,4.05537540401348
meta1238,atla1278,-0.8411293817600551,0.019206866987328115,0,-0.417704554546,3.921334646423165
meya1236,east1459,2.3186405784020625,0.044938310050283106,0,1.356761115207,4.104826871574735
mezo1235,otom1299,-6.625568597146485,0.12072568086517814,0,-6.48922068822825,4.42982687026015
mezq1235,otom1299,-6.149028823691069,0.12465190674806935,0,-6.17374335234775,4.4173830614525755
mian1256,nucl1709,-5.32883993431605,0.018051365095417972,0,-5.642884600668,4.08947284250507
mich1245,utoa1244,-1.994648702285331,0.013811335590598299,0,-3.7825253969075003,3.826064400828575
midd1357,pama1250,-5.447357595603696,0.12144695592582849,0,-8.338948890000001,4.1594499748328495
midd1327,aust1307,0.9696889371181678,0.022212747476761392,0,3.2224729451415,3.501745350272155
miga1249,afro1255,-2.876531865270881,0.013670378572488422,0,-2.4164285356157498,3.803759954259575
mika1239,musk1252,-3.41752441982823,0.03511776242703251,0,-5.6416621747425,4.320163536382925
mikm1235,algi1248,-6.294659324648336,0.14359197418020575,0,-6.04283232275,4.296066292510205
mila1245,sino1245,-4.168869816256425,0.02465139019951835,0,-4.56485854001975,4.019214947605725
mina1276,afro1255,-2.790218280072869,0.03280420539460578,0,-0.866931064278925,3.5933704385705
mina1268,aust1307,-1.9510359341550343,0.02592209556005376,0,-1.0536639791384999,3.38026096218704
mini1256,huit1251,-2.5329786051992405,0.022067527626000446,0,-4.35059317972465,4.2949626393003655
mini1251,aust1307,-0.38189844260773115,0.0156634534062532,0,-0.866127158295,3.51791498360919
minn1241,sino1245,-3.4009382075919774,0.11881353243572147,0,-4.4163445049825,4.056392031883005
miri1266,jarr1235,2.5299869295387842,0.0729341607465183,0,0.7238974210375,4.256417158156415
misi1243,aust1307,1.0723741836924559,0.017209647944514538,0,1.841015817545,3.4218249920542
misk1235,misu1242,-5.26818371110411,0.11391058835949405,0,-4.99558427567625,4.486064101413615
mixt1426,otom1299,-4.376464727271685,0.02727139562993178,0,-6.539036447,4.418192168336195
miya1266,afro1255,-3.3020134159970733,0.03203087624027308,0,-2.6073649263950003,3.76440241775338
miya1259,japo1237,-5.009171134272176,0.03828631018340754,0,-5.3952068380325,4.8259227185012
lush1249,sino1245,-0.37212590778251786,0.017624532098869165,0,1.1136158724525,3.655351216596745
mlab1235,aust1305,-4.3815091345286685,0.07310602641651287,0,-2.27417844426,3.7267736029845198
moba1244,atla1278,-1.5603455631296916,0.023180825148811254,0,-1.18320984811,3.67254669421507
moch1257,maya1287,-2.301721150727335,0.08196985296657248,0,-2.045693865115,3.9563146615627147
moco1246,guai1249,0.244066666642168,0.01134885853321843,0,-0.5408516775847501,3.964955947554115
mode1248,indo1319,-4.472934157615041,0.030937444114460106,0,-4.11329697629,4.423831987374675
hebr1245,afro1255,-4.457128995257188,0.025713118528285384,0,-6.6692760914,4.5205622532721
moha1258,iroq1247,3.0358452116484544,0.045586754828560574,0,2.2488481347169254,4.09072866837324
moii1235,west1493,1.9413835046041905,0.04859922981947024,0,2.4744351004275,4.068660320445385
moke1242,aust1307,-2.51542441272974,0.05876937133054665,0,-0.89341944289275,3.53991035391469
moki1238,aust1307,-3.32303074856096,0.06606114344824979,0,-0.66364980252175,3.44589475637479
mokl1243,aust1307,-1.753030871558996,0.0238742038226836,0,-0.90304359811,3.529096720426825
mokp1239,atla1278,0.763985802215593,0.015032663628685916,0,4.726877510065,3.70515168973749
moks1248,ural1272,-5.680523739969114,0.07210811715061728,0,-5.473833523,4.473151116498816
molo1266,afro1255,-1.8435089684460735,0.01419003246539694,0,-0.0144313377625,3.56069251101113
nucl1452,momb1255,-2.7510044398406173,0.02847498204328807,0,-1.9707747431607499,4.291179256442015
fass1245,baib1250,-2.5838250981334774,0.028780710240990885,0,-2.15058068157,4.237000252729725
mong1338,atla1278,2.8060840563515437,0.07289063341615341,0,6.2260619579575,3.666252995649625
mono1273,aust1307,-0.7267233642354121,0.01653185556369091,0,0.4526231228705,3.4151841014388147
mono1270,atla1278,-1.0612384553334238,0.019619731618679363,0,-1.0132198407375,3.551551937647465
mono1275,utoa1244,-2.289103380151629,0.017794676118065525,0,-5.5936629619975,4.0809845068662955
nucl1458,monu1249,2.04156972435619,0.04063645237207741,0,2.15810624760375,4.067693425572484
mopa1243,maya1287,-2.2557737174866177,0.06419778181222953,0,-3.0678607764550003,4.020394347980945
more1259,utoa1244,-1.3207842791923048,0.02591539891731326,0,-2.61212826073925,3.767780361240325
mori1269,aust1307,-0.15197809348745125,0.01895358617380939,0,0.1136199235405,3.479145678309385
mori1268,aust1307,1.1853172653320914,0.02448671947936741,0,1.0263733909825001,3.4968777257065247
morm1235,aust1307,2.7962572375252783,0.04992784935759491,0,2.8087828321375,3.643092887434295
mort1237,aust1307,-0.2937321596665865,0.0145664892404729,0,0.0205172804965,3.3108716516893297
mose1249,mose1249,-3.7106345435560386,0.05361629161929774,1,-3.7604378186550003,4.448115908148005
temb1272,atla1278,1.0952164225571017,0.01596006320977458,0,6.455030795235,3.63708182538958
motu1246,aust1307,1.2642840560979018,0.02271181667597805,0,2.6206158683925,3.4031273343246102
mouk1239,aust1307,1.9981371018180756,0.01071620906155871,0,2.9893400437075,3.5419383954698453
moun1252,koia1260,-3.4594429394765394,0.04326499636906907,0,-3.791878491345,4.08232820932377
movi1243,movi1243,-3.3023155334784593,0.05091303379185832,1,-3.7037121370925004,4.312041574511385
tang1347,aust1307,-0.6795138790919655,0.03164869501465394,0,-0.39188880044175,3.50820871434622
moyo1238,sino1245,-0.4667134390631706,0.025252892180035437,0,1.168119753785,3.61401038775948
mpad1242,afro1255,-1.0955216076406624,0.019564837716854598,0,-0.9397035899825,3.5799603002892146
mpii1239,sino1245,-4.823015762242484,0.051072707275118485,0,-4.5618589896475,3.95930288308868
mpot1240,atla1278,3.6194943715767636,0.08717008800425123,0,6.669151720092501,3.6839029425990253
mpur1239,mpur1239,-1.951640888596325,0.03037539673004066,1,-2.75714592193625,4.237080862519805
mual1241,aust1307,-3.497334911010369,0.06415542293755486,0,-1.338998819295,3.43357868331972
mudu1242,aust1307,0.02915541922007595,0.00892802957555791,0,0.170580816894,3.524212126348655
mudu1239,drav1251,-5.832003713230399,0.07740544319660636,0,-7.7437485906750005,5.292741580330515
mull1237,nort1547,2.4609052414445696,0.05855102743949292,0,0.8175581050425,4.223514116777955
nucl1240,atla1278,-0.5537152069527762,0.021914415127481393,0,1.1931945692800001,3.573152503593115
muna1247,aust1307,2.115210283996796,0.028802004985905252,0,1.0337446575842502,3.50273081252931
munc1235,sino1245,-2.7235590012014796,0.02844301565482177,0,0.465413761335,3.6214483428238253
mund1328,atla1278,-1.6558277946697977,0.018444598276173795,0,2.414389955999,3.825290723586405
mund1325,atla1278,-0.6506810906634231,0.018810927869576333,0,-1.16826358713884,3.61662698258567
mund1320,aust1305,-3.831764748484777,0.09323626984708033,0,-3.31195533038,3.835086376130975
mund1326,atla1278,-1.0455210473935008,0.03436261494711381,0,-0.46329947290925,3.465186319920125
mund1330,tupi1275,1.2456265660409935,0.02623646776980044,0,-0.197574248032525,3.8505714582303803
abar1238,atla1278,-1.633469116900921,0.01747312973916125,0,2.394005393365,3.83387480905663
murl1244,surm1244,-2.035196857275725,0.02164012061905345,0,-0.2709133653275,3.7405503852686
murr1258,sout2772,2.3001490418823596,0.06208766407106216,0,0.91693654733675,4.308584798584546
muru1274,huit1251,-2.761014295132594,0.029678885448164875,0,-4.342758701055,4.312566077596776
muru1266,pama1250,-5.378168315898286,0.10220382192081884,0,-8.3566509272,4.163998748162
musg1254,afro1255,-1.7030580236148825,0.014058201535577691,0,-0.16492755517574997,3.5494872411237903
muso1238,aust1307,1.5251396150816212,0.01125161920901679,0,3.132619109625,3.525879346927105
muss1246,aust1307,0.47472815382758027,0.014343603569999615,0,1.6117377574425,3.5468600255975202
muth1236,drav1251,-5.779159889267476,0.0761358266204017,0,-7.7548792911949995,5.320749353246715
muyu1244,aust1307,0.0431206908312442,0.023732392580757086,0,0.9992106226167501,3.378965179043155
mwag1236,afro1255,-3.1500784499314625,0.04039953506419092,0,-1.8078326555965,3.625351369893425
mwan1250,mand1469,-5.3139326926325845,0.04363289694575989,0,-6.025204973135001,4.803446736321209
mwan1247,atla1278,2.585464536356967,0.03691838778155876,0,6.0553457436075,3.5698802041634004
mwer1248,atla1278,2.9075177112814257,0.040999693343031066,0,6.709862626485,3.6691183061497403
motl1237,aust1307,-1.1181066111378564,0.017525015636909735,0,-0.30926899635325,3.51129811247354
naas1242,sout2948,-4.133542163206676,0.044582001043852786,0,-3.3786134448815,4.175701958490885
naba1256,nucl1709,-3.6127741228377745,0.03415480143893521,0,-5.818488188465,4.050363623494524
sout2857,aust1307,0.3287449533355264,0.02489290695979809,0,2.14237956369525,3.485456485706235
naka1262,aust1307,0.4918778848185012,0.013955078033551121,0,0.6624768870812501,3.4322706753601198
nalc1240,nucl1709,-4.960127310803722,0.01595254617838876,0,-5.6363864653225,4.059883917422605
nali1244,aust1307,-1.86196502492334,0.011198982953417133,0,-0.08793070616075,3.5631749823841448
litz1237,aust1307,0.9963316080562858,0.022111759871476996,0,1.708244825555,3.47683062662051
nama1266,more1255,-4.180764245485564,0.031347034744277726,0,-2.0824440810425,4.27233458574899
namb1293,more1255,-4.23275287593001,0.0323180768721312,0,-2.1187946263768,4.2706327870265195
nami1256,sepi1257,-0.8355308743868732,0.029232930353449003,0,-1.1413434583700002,3.812997947192655
namu1246,sino1245,-4.860856307148307,0.05472087786123406,0,-4.438235639755,3.9897664610669
nana1257,tung1282,-4.9484967918559235,0.046939077528124776,0,-6.958594152381,5.42700968918984
nand1266,nilo1247,0.5393560296348081,0.016447394698000484,0,1.40358729502,3.56342850147761
nang1262,aust1307,-1.08574980859046,0.012341591195568467,0,-0.361638328784525,3.576533633198925
nara1262,nara1262,-3.2358593272294423,0.06332979780735376,1,-3.68136797295975,5.183865910500305
naro1251,aust1307,-3.437323016686351,0.05333493697928982,0,-1.397264964825,3.57880708102026
yong1270,sino1245,-4.815099889428485,0.04429910455561023,0,-4.44359655785,3.996458350586135
naru1238,pama1250,-5.495728668408128,0.13706169873292556,0,-8.588215016149999,4.18729882615854
nati1244,aust1307,0.2496191878112483,0.016398485847314223,0,1.1979749068035,3.4522216869180653
nati1243,atla1278,-2.0122338865679694,0.03443279985003104,0,-0.8052581826627501,3.740522746597075
natu1246,aust1307,-1.1684360311804252,0.011055941338743843,0,-0.33564493928012495,3.582997056109015
naue1237,aust1307,0.20023751647756088,0.03130376296096832,0,1.7134407947585,3.49355079551988
naur1243,aust1307,-3.5805188359642854,0.11956922810830696,0,-0.29564288230975,3.55715201646242
nava1243,atha1245,3.3625652037674816,0.04375583137212136,0,3.3436058304975003,4.058286074223245
nawu1242,atla1278,-0.4891222998040108,0.012727615964909842,0,1.6100819275575,3.540404398750335
naxi1245,sino1245,-4.699601487328202,0.03613405201525021,0,-4.447810038667001,3.9972824326689302
ncan1245,atla1278,-1.5723406725499325,0.015766160044634606,0,3.64584172572,3.65574233085679
ndam1239,atla1278,3.1949863119904944,0.04387402275241001,0,6.4331149477650005,3.69982342944152
nden1248,atla1278,2.326571926578525,0.021874217544429204,0,6.703474989955,3.67660887838763
ndob1238,atla1278,1.8039581474456852,0.020750715055901543,0,6.6739327355425,3.6134587902523103
ndog1248,atla1278,-0.9516040971254898,0.04548234507378088,0,-0.611429252901,3.5418518995999753
ndun1249,atla1278,0.5715195914869002,0.016906134333468114,0,0.10783250361499999,3.444921650028765
nege1240,aust1307,0.3690822312408557,0.017908898225520026,0,-0.769671084245,3.37034542994686
negi1245,tung1282,-5.065968134195663,0.04884490918722319,0,-6.913469290200175,5.47123116811548
neha1247,aust1307,-1.5876049340700753,0.022809132249547635,0,0.9193418792525,3.46817161564806
kuma1276,aust1307,-0.4941350308975889,0.025092446920407907,0,1.05890479510425,3.47554122510632
nenn1238,more1255,-4.2464437518165665,0.030943771112994387,0,-2.1012729361425,4.258395900348415
nend1239,nucl1709,-3.638047152754093,0.021159231686341356,0,-2.415224012534175,3.726246644562605
neng1238,aust1307,-1.4476602169563,0.027196125453204788,0,-0.29780322884625,3.56093968169588
nucl1706,afro1255,-4.599295341583366,0.058791572426448335,0,-6.69127285664425,4.492442436186575
nepa1254,indo1319,-6.463895508264873,0.17584115438440936,0,-4.838312964698,4.25044233224471
nese1235,aust1307,0.771761420368267,0.025657614232481796,0,2.0209478574824997,3.5229795079413897
vinm1237,aust1307,0.08805022084102959,0.01796710293924665,0,1.16451070478075,3.45225229139657
ling1265,aust1307,0.1702901915813415,0.016870622880960272,0,1.9049257351025,3.47558390534457
nezp1238,saha1239,2.176361885236516,0.04783500173252727,0,1.01520035504775,4.210244115769806
ngaa1240,pama1250,-4.414755226699743,0.04627043717154448,0,-8.805246582185,4.13279631924795
ngab1239,chib1249,-4.023491973213583,0.027544120910146644,0,-6.6908271949575,4.227717469394955
ngal1292,gunw1250,4.011463362011674,0.06177025215936105,0,1.4181138110825,4.112367775109686
ngam1268,cent2225,-0.8437974925120799,0.02349992044086677,0,3.1177591804700002,3.408029827897585
ngan1291,ural1272,-5.515234409273885,0.06774627766929964,0,-5.119821902656501,4.58980478840528
ngan1295,gunw1250,3.6395197886153188,0.06699097482187916,0,1.3884481106845001,4.12207779238427
ngar1235,pama1250,-1.9675579590316572,0.034268041966805954,0,-8.7578367762875,4.1783312893112
ngar1283,mirn1241,1.0552571139140534,0.017068685036729692,0,-0.81432173595625,3.7959307106901647
ngas1240,afro1255,-2.5879320940285835,0.016195814721759925,0,-0.72519576835825,3.597408760025635
ngba1284,atla1278,-1.0827417005271442,0.018837263473353506,0,0.013969150214749999,3.48311336343457
ngba1285,atla1278,0.0230810885299612,0.017568314111368638,0,-1.51900781282165,3.710707158618985
ngge1241,nucl1709,-4.558889499535932,0.01837636728837951,0,-5.6071556241475005,4.116969537172524
ngit1239,cent2225,1.9710309232452845,0.025814519839388973,0,3.3497706393155,3.560078503872875
wang1291,pama1250,-5.485294067207052,0.12506744523636343,0,-8.310933848425,4.19936478491079
ngom1268,atla1278,1.091536788843374,0.025148902900248463,0,4.8197314838250005,3.540155360001155
ngul1236,aust1307,-1.7366195870177668,0.01854711187107894,0,-0.063824210945,3.48762284614292
nhan1238,pama1250,-6.4348518645453145,0.1456417259745468,0,-8.6536306528575,4.2021588617131
nhen1239,tupi1275,1.580139722337612,0.021850009233254333,0,1.5715984461225,3.7264491398415798
nias1242,aust1307,-0.1559132353862664,0.014657948307566483,0,1.213017303602,3.4287076307769
niha1238,niha1238,-5.686593984611193,0.16646351212650823,1,-6.4097004731975,5.84594421076377
nila1242,atla1278,2.5638836234812894,0.024855321402810694,0,6.492095359517499,3.676511590540735
nucl1633,nimb1257,-2.1670849042353737,0.027492266451089032,0,-2.38501010389975,4.15173776808004
labo1244,aust1307,0.2581420368783305,0.020533583712539123,0,1.5791378846216748,3.4639474071164953
nisg1240,tsim1258,1.0501648702978668,0.040278089023592915,0,1.6541621700025,4.1816418086553
niua1240,aust1307,-2.8735357960453953,0.03234741451142583,0,-0.44174953780049997,3.3861534285894352
niue1239,aust1307,-2.74010257164245,0.0504654797740258,0,-1.1097930892681,3.447203610039915
niva1238,mata1289,-2.9166336792158445,0.031283677149220014,0,-3.71777653745525,4.33233178575693
njan1240,atla1278,-1.6442807609038883,0.011607732908566063,0,-0.573448458755,3.93091196615077
nkon1248,atla1278,1.190284628078024,0.021276819785701565,0,2.2393340432975,3.560546095513565
noct1238,sino1245,-3.6025804918484017,0.011751353380125652,0,-4.59224483267605,4.00479093757378
noku1237,aust1307,-0.0781118522950077,0.02270749791733084,0,0.0050904666450000005,3.47098354819153
noma1260,atla1278,0.10467409635017265,0.01398339501252134,0,2.0635725107310003,3.603436604002275
noma1263,araw1281,1.9520580755751726,0.018882585012088646,0,3.3804922415875,3.7933254740743054
noon1242,atla1278,-0.6439331704690865,0.02398389603290487,0,-0.044615962168,3.6901570883482853
noon1243,atla1278,-1.4322045122990044,0.013580984800844156,0,4.1065656761625,3.66825798203505
nopa1235,otom1299,-4.473820636293349,0.027703790367539123,0,-6.63089204875,4.38842912833427
nort2839,aust1307,-0.16696365077499276,0.020772319802705077,0,0.8595536028725,3.451645309982875
nort2697,turk1311,-4.861517325687709,0.037263290527532494,0,-5.0253327684077505,4.35850233406644
darg1241,nakh1245,-1.4962336393379552,0.008363060737787961,0,-1.3078033129225002,3.9673692277779002
nort2930,kiwa1251,0.2435656868838782,0.019697684519148644,0,2.798311247175,3.740162796450885
nort2724,sino1245,-4.61046370165969,0.029106404978555947,0,-4.3777808927625,4.005977249111085
nort2972,choc1280,-4.048178140316615,0.0560517498246419,0,-5.076899600377001,4.227450254260075
nort2702,drav1251,-6.547665765049771,0.11785408061713631,0,-7.658380750735001,5.350128514350435
gumu1244,gumu1250,1.8501599541354916,0.035320339812192604,0,4.5810116867385,4.179342881807905
nort2938,haid1248,-2.741722849399914,0.022120281369467636,0,-4.86268068684,4.44359537325359
sing1264,sino1245,-3.713596518521533,0.018907032309444672,0,-4.5963409402443745,3.99860960445455
nort2877,aust1307,-2.63381119112442,0.02777178492294442,0,-0.9384222754355,3.493787259542435
nort2684,aust1305,-4.198914170262892,0.04632469868248766,0,-2.0576103732775,3.6753579133682504
lush1252,sali1255,-5.073294429539947,0.10343768979710408,0,-4.45178200672,4.262777373149205
nort2774,atla1278,0.22548577560219707,0.018308964114595584,0,0.37541122740224997,3.487508375576425
nort2954,utoa1244,-1.8820114682873672,0.016477682094647485,0,-5.5943369883675,4.078302126944605
nort2957,utoa1244,-1.9450794196352226,0.026368215229635974,0,-3.03523868641,3.77596598712494
nort2723,sino1245,-4.838785610374906,0.05219632480493438,0,-4.4514783999425,3.975669802169715
nort2747,hmon1336,-6.64260338813297,0.193754220429847,0,-5.6374998280025,4.59292168814487
nort2722,sino1245,-4.835447580576291,0.10756842794280537,0,-4.411773707375,3.9838072802379054
nort2994,aust1307,-4.0817314420331705,0.08695971118345426,0,-1.0213315771125,3.508836272022225
nort2885,aust1307,-2.495213339362789,0.029261962694198475,0,-0.981579559815,3.49414384679387
nort2959,utoa1244,-2.465604816338383,0.01729462620641597,0,-3.88388745001,3.87502295488705
tosk1239,indo1319,-4.53979758048799,0.03603509578721444,0,-4.1437648519525005,4.39222739632948
nort2732,sino1245,-4.347127576459473,0.05149029477913615,0,-4.355622013655,4.01332285554798
nort2690,turk1311,-5.810355482761951,0.12102287011700566,0,-5.0340536299975,4.37628326861722
yoku1256,yoku1255,-2.8704544157606,0.027310531490192122,0,-4.096943838045,4.470250418472855
nort2745,yuka1259,-4.469893561037804,0.06569236204865882,0,-5.3147025959675,5.630178036165925
nort3047,afro1255,-2.1117032730422824,0.00892948757692411,0,-1.4497669687274999,3.63239244589053
nort2980,quec1387,-4.393549386189853,0.0581604865385065,0,-5.063051719052501,4.148871994292305
nort3139,afro1255,-4.666902515839305,0.07519049881286195,0,-6.83705559625,4.41952955579412
nort2845,aust1307,-3.2115466184317834,0.12985140181140364,0,-1.3891714222395,3.42326949383689
nort2671,ural1272,-5.791773577365712,0.06247318197133618,0,-5.5106712661724995,4.383301902507149
nort2942,atha1245,3.389020637053325,0.04687039283623653,0,3.4946062785875,4.038097427610005
nort2847,aust1307,0.21310171565554992,0.016779190085729145,0,1.9246362621905,3.46153266207481
nort2961,algi1248,-4.308258424381451,0.05621456914609025,0,-6.2512853924225,4.2389813819539945
nort2775,atla1278,-1.7893068587839216,0.031036409622030577,0,-1.500248694247,3.739433625417555
nort2951,maid1262,-2.5891535990836436,0.02839942668359168,0,-4.2269954729232495,4.465901268979975
yaki1237,saha1239,2.2808070835952723,0.04740624106428853,0,1.01515664739225,4.197597582120315
nsen1242,atla1278,3.306502836102694,0.11343678220260363,0,6.6230305508125,3.679519432912655
nuer1246,nilo1247,-1.6791901426888534,0.021466576701312173,0,0.57608295477,3.6908726572758948
nugu1242,atla1278,0.4229183734151038,0.016329953505338533,0,4.3330157285125,3.66644388886204
nukn1238,nucl1709,-3.573303268317133,0.03381284093885568,0,-5.77571640197,4.038743263687525
nuku1260,aust1307,-2.154388568156699,0.028038457664158984,0,-1.0683198523500002,3.44886466138581
nung1282,sino1245,-4.439191090984225,0.027594608307958474,0,-4.4243803568125,4.03926972632724
nupe1254,atla1278,-0.5026889468118589,0.014632018006729915,0,1.594569885465,3.5943740477184702
nusu1239,sino1245,-4.40520631194155,0.022718697354438436,0,-4.53389117512575,3.961221859492865
nuuc1236,waka1280,-3.8621462005967713,0.06369968200218558,0,-3.620991650817,4.412069268560124
nyah1249,aust1305,-4.51350612252674,0.04744507952228929,0,-2.356509673705875,3.72354076940189
nyah1250,aust1305,-4.133256615463404,0.0617782910404705,0,-2.12187069259,3.70280253812395
nyak1260,atla1278,3.731204855176192,0.08199007193452054,0,6.510792317,3.71861214058471
nyal1250,atla1278,-0.11220579679308824,0.02366363062458539,0,2.1264281003027,3.6502491519217397
nyam1285,afro1255,-3.2351862611930935,0.0255969986619528,0,-2.4075414541700004,3.637176779321265
nyan1307,atla1278,2.662668756370106,0.01917191279609421,0,6.8450889974999996,3.62418786658589
nyat1246,atla1278,2.4957044195383498,0.024586059441398238,0,6.47096295823,3.67950098010986
nyaw1247,pama1250,-4.473731251348492,0.034340221561467855,0,-8.106994598615,4.156425648279566
nyig1240,nyul1248,0.15479957732237845,0.03381440378587299,0,-0.7974257339224999,3.9215234640988
nyis1236,sino1245,-3.616293880064125,0.012347756522804496,0,-4.5955774753,4.00203840918872
nyor1246,atla1278,1.7127574469174016,0.016610703271701308,0,6.84997548833,3.6184062946171647
nzak1246,atla1278,-1.804177964419115,0.02715933574819902,0,-1.05213276953275,3.648225442273765
nzak1247,atla1278,-1.4612457791640168,0.01761728193586008,0,-1.04788271278525,3.552249228918155
obok1239,lake1255,-2.3155236317470598,0.02859273917333549,0,-1.8415895397450002,4.19905177955492
obom1235,aust1307,-0.9942986887509093,0.020514201168953826,0,-0.6373875404125,3.4333385760207
occi1239,indo1319,-3.96350284193396,0.01848034265412189,0,-4.133827421827499,3.9951161103064203
ocot1244,otom1299,-6.641314397932943,0.11786062670480504,0,-6.486211134942501,4.459925616084416
oriy1255,indo1319,-5.568940634273197,0.12087733488506983,0,-4.8639914321974995,4.20899736124903
ofay1240,nucl1710,-1.6161044053429816,0.019077430777385888,0,-3.03583160773925,3.97996469661771
kalm1243,mong1349,-3.7785705968781693,0.041550928343190095,0,-6.9871667735275,5.45030073023147
okan1243,sali1255,-2.9784275195316114,0.015303568985268978,0,-4.9798551099425,4.177088039879335
okin1246,japo1237,-4.961807923203007,0.038745680507218265,0,-5.388590893815,4.813086409276345
okoe1238,atla1278,-0.8695892914691479,0.027011241514769895,0,3.82774196212,3.558794752577215
oksa1245,nucl1709,-5.33857682827861,0.02245345465533738,0,-5.6148330361877505,4.1155941507867055
oloo1241,nucl1708,0.8580283269940288,0.027149479317497595,0,2.2595764493525,3.72628981029165
olut1240,mixe1284,-3.05824499270663,0.03191031596715925,0,-5.51523311042375,4.279578404097061
omah1247,siou1252,-1.5853160245734894,0.013744016620459957,0,-3.6442506238499996,4.1405285438382
omie1241,koia1260,-3.330019913499295,0.04132563127560371,0,-3.9162331087149997,4.068412520978475
onge1236,jara1244,-4.794127928800709,0.0818983787261651,0,-4.67584105177,5.051552923876975
bira1253,bira1253,1.052193578692291,0.04809159029030222,1,4.6917647512025,4.560399004572915
onon1246,iroq1247,3.11990628970178,0.04976415279288559,0,2.2663498623625,4.117108879386905
orma1241,afro1255,-1.942385286302522,0.029537255531185854,0,-6.789424762375,4.388509802258795
oroc1248,tung1282,-4.943210957368741,0.043151254555591,0,-6.9809515218571505,5.426513334551116
oroh1237,aust1307,-2.350053915951726,0.009291569637766922,0,-1.2333311886365,3.5197408196800604
orok1265,tung1282,-4.737704174644159,0.04129975893343281,0,-6.9538941745675,5.41705926205448
orok1269,nucl1709,-4.543191854853019,0.03001648684539783,0,-5.634310736915,4.0650073482390905
orok1267,nucl1580,-2.5995629758650027,0.02837293576617464,0,-2.2021253739575,4.203996423826235
orow1242,aust1307,-1.8920086716986453,0.023085338730714892,0,-0.32405075005649997,3.54447554168832
orya1242,toro1256,-2.164014274491588,0.028876699229404636,0,-2.2561360098155,4.082232544503524
osam1235,atla1278,1.4443887211413244,0.013630580585303243,0,4.5033728608425,3.67257342932136
otor1240,heib1242,-0.32412563384059506,0.010393962119260395,0,-0.89324631340125,4.080961030712315
otta1242,algi1248,-3.7802069105077014,0.034033651005951224,0,-6.266154918725,4.22135957776284
owaa1237,aust1307,-2.826445694696883,0.0160758147256385,0,-1.1109404436224999,3.527581968296235
paaa1242,afro1255,-2.983874555605023,0.017073584194404332,0,-2.59675975622425,3.77190753420684
paas1238,atla1278,-1.1722100659792696,0.020216962161024976,0,-0.0747861710325,3.561690851573765
paco1243,aust1305,-4.572713082352869,0.06307216329613113,0,-2.050206976518675,3.67629322301099
pagi1243,atla1278,0.555218963681765,0.01816551719994348,0,5.3578938292275,3.75737181411042
pagu1249,nort2923,3.0855539257752884,0.04492967530111025,0,4.836981413315,3.948103188647605
pahn1237,hmon1336,-7.0727647192533665,0.1817975391619639,0,-5.59429134335,4.57067812748401
pait1244,sino1245,-0.17818353978038054,0.029200967583139188,0,1.7340503804775,3.571716486307755
paiw1248,aust1307,-1.8701255895400357,0.041220907322528436,0,-0.9943473022075,3.708266613548095
pala1344,aust1307,-2.2024578592589474,0.026313100327211607,0,-0.11859132180749998,3.654114860319585
pali1279,araw1281,0.27809579168772025,0.021496564415129763,0,1.0732922937437501,3.8113767653587
balu1257,aust1307,1.7517610569654423,0.029928436337674603,0,1.42156677422,3.5194136167288947
pamb1243,atla1278,-1.3266719078103213,0.017528174669490765,0,-1.04831520939375,3.5474271145692597
pamo1252,aust1307,-0.21517333504162361,0.025464409649921523,0,2.11393476842,3.51604649082461
pamp1243,aust1307,-3.209184279093072,0.032060434852425025,0,-1.1941292346517498,3.57067163356585
pana1305,utoa1244,-2.337919424211819,0.020053594752413688,0,-5.619707166787499,4.042297154933925
pana1307,nucl1710,0.638478579796911,0.021794043983972347,0,0.20047688597750002,3.88356523436354
enap1235,cari1283,0.6702734508432819,0.01790678055548744,0,0.01801511587,3.77584495750244
pang1290,aust1307,-3.097981921693745,0.030174260700173174,0,-1.1676454238595,3.5369285947057003
pang1291,aust1307,-3.6293143975527897,0.035502804716722396,0,-1.3384231477822501,3.57302357835473
pang1287,atla1278,3.6314533013351378,0.07601745729752202,0,6.2492709801035,3.63988375561956
pano1254,pano1259,-2.0621924966657854,0.020219383431081556,0,-3.70682066468,3.77791926374594
pany1241,pama1250,-4.667224008084504,0.06047161715041973,0,-8.8389338493585,4.134078914628665
papa1238,toto1251,-3.592604607676442,0.028086652944116882,0,-5.092461931892499,4.302638499579955
papa1265,aust1307,-1.0886907119819262,0.017099476995461455,0,1.22375992891,3.4596485412706848
papa1268,aust1307,-3.197719379960291,0.05152403635159901,0,-0.82682732017,3.562619302855055
para1302,sino1245,-2.8058088131882433,0.01037269448743309,0,-3.6724270059329998,3.864459638845355
pare1272,araw1281,2.447171666098298,0.04514739577311843,0,3.4012950486455003,3.832677453629065
pate1247,aust1307,1.0535294360364307,0.014512405299431076,0,1.8305861913775,3.486750255654215
patp1243,aust1307,-1.864475070813039,0.013139457669726897,0,-0.43316695269,3.558823350767215
patt1248,sino1245,-4.064895177262418,0.031307699279402725,0,-4.812929046867501,4.05414337392013
paul1238,aust1307,3.2241628972878473,0.06278122698730872,0,2.7552508759250003,3.62443947701535
paun1241,araw1281,2.028332031994764,0.021114263257190718,0,4.1204494982775,3.737680407258795
pawa1255,pawa1255,-2.7007328068945595,0.03243599371916691,1,-1.8357948666500001,4.388220358350106
pawn1254,cadd1255,1.6459713732165144,0.04351740519376449,0,0.09182907101000001,4.26635017399448
pech1241,chib1249,-3.5397421993591984,0.0204957961367631,0,-6.1004124578475,4.3494857614505555
peer1241,atla1278,-1.828302975434198,0.021149882088776592,0,-0.5661609164475,3.650893501402475
pela1242,sino1245,-3.633373794102287,0.02738664291856008,0,-4.514780480035,3.995146755294815
pele1245,pele1245,1.3987844262411144,0.03861713602365011,1,2.655562339545,4.062036537033395
pemo1248,cari1283,-0.3659947410512516,0.0167400301666025,0,-0.6279323538535,3.775016199922865
pend1242,aust1307,-2.21507030396443,0.01921894136757706,0,-0.0912904953385,3.511865426547195
peng1244,drav1251,-6.657381642165884,0.10864070993203778,0,-7.644068107304999,5.365213490566051
peri1253,mong1349,-5.731052990823983,0.15063695399292532,0,-6.9973103806125,5.44031424868711
phak1238,taik1256,-6.0613078200504,0.15030520244669718,0,-5.269325115687501,4.5004453866493055
phom1236,sino1245,-3.000085037630578,0.011752346882267437,0,-4.6160019481325,3.9940445067864747
phon1246,aust1305,-4.703295402888974,0.09315428137784676,0,-2.2851122340025,3.70395825654255
pila1245,guai1249,-0.7973891138236329,0.024415761042955206,0,-1.5623923852,3.985235293229705
pima1248,utoa1244,-2.3249766451236917,0.01609530792084303,0,-3.3837074922749997,3.83851516236376
pina1252,piaw1238,-2.9022788619825084,0.029060545532006262,0,-2.27243689815,4.2145215480601355
ping1243,aust1307,-3.4620081466611605,0.07629738652975569,0,-0.77673913990605,3.41448631712662
pint1250,pama1250,-3.90198464124426,0.03159763399857209,0,-8.8054065535625,4.156968296855025
pipi1250,utoa1244,-1.1460449794359984,0.019419527021325336,0,-3.415365549434,3.8026030225505902
pite1240,ural1272,-5.816895097555532,0.06235277391235247,0,-5.51394264006875,4.38000978463418
plai1258,algi1248,-3.9848757175449503,0.02982627751386749,0,-6.24314814615,4.240213450396929
plat1254,aust1307,-2.0579822767669667,0.03916453685595634,0,-1.65484055589375,3.47523191941693
pnar1238,aust1305,-1.730687548766737,0.03881674660635917,0,-3.126717211895,3.74594390796178
pohn1238,aust1307,-2.1228189309621026,0.041044216287580426,0,-0.827343783756,3.4079051665233298
poko1263,nilo1247,-0.1329019838711227,0.0213942885980666,0,0.46861904225425,3.616647338886105
poli1260,indo1319,-4.386337236182083,0.031009347237833516,0,-4.3673439896024995,4.147079683312715
popt1235,maya1287,0.43654006564516723,0.02882176665298753,0,-1.3714429871975,3.878595559778685
port1285,aust1307,0.28516571333629903,0.019224328378883302,0,1.5760740413374998,3.4469649110754252
port1283,indo1319,-3.854094078408004,0.024269872836629933,0,-4.14922519837725,3.986757106674005
phai1238,aust1305,-4.425188745175243,0.07406665498746914,0,-2.2759190895075,3.7147666401439503
pras1239,indo1319,-5.077473357629655,0.13543738176564188,0,-4.65759166445,4.320187461488805
psik1239,afro1255,-2.407939926750767,0.00764266822943359,0,-1.249319632995,3.637215772186865
puka1242,aust1307,0.0936355366129344,0.03611735830786248,0,0.21829430059,3.393365605748015
pula1262,atla1278,-0.9527981005867643,0.01753595046210132,0,-0.25761190684949997,3.64992955432299
pulu1242,aust1307,-0.8253708702726152,0.02373781017675825,0,-0.1917992039975,3.31402305840296
puma1239,sino1245,-4.72327689786014,0.017321381805781102,0,-4.756150928625,4.03987455692058
pume1238,pume1238,-3.509412644003281,0.0548492091340811,1,-3.8943341028724996,4.41619306053152
pura1257,pura1257,-2.3632676983581735,0.02987005276445146,1,-2.35130998929775,4.2893301687097605
pure1242,tara1323,-3.94248064752903,0.08626262743747094,0,-4.11476860599,4.580266715527715
puri1258,sino1245,-3.903949921470107,0.027445127283563468,0,-4.88951350952,4.00940189072071
puyu1239,aust1307,-1.6806196522528316,0.039102088055084507,0,1.6775013522500002,3.601447379757855
qanj1241,maya1287,0.629049670537245,0.02658971835123482,0,-1.3580394396725,3.88445147851052
qaqe1238,bain1263,-0.8602539278797179,0.01806921036817325,0,-0.6949749167515,3.954137619108115
qawa1238,kawe1237,-3.6777077963556155,0.1057581318820048,0,-4.355221346845,4.55795533982619
qima1242,afro1255,-2.6407215052782176,0.04457469831420038,0,-6.7065244565475,4.440797447326365
quer1236,otom1299,-6.164767886541099,0.1250141880561339,0,-6.1787674847125,4.42018727718414
quio1240,otom1299,-4.382585649850643,0.027339413059274804,0,-6.2117704123675,4.437010916356625
rabh1238,sino1245,-3.3958605317219055,0.02427563173121417,0,-4.59006819419,4.001754204353055
rade1240,aust1307,-4.280382367893479,0.10224572994083309,0,-1.0701831695535,3.51120988993942
raji1240,sino1245,-4.849471406218595,0.08789250324896997,0,-4.52962058940125,4.030570749623205
ramo1244,aust1307,-0.5124440928115219,0.012571601887846041,0,1.02982489931175,3.4703719302133003
rapa1244,aust1307,-3.2297896966667645,0.1407965251939166,0,-1.3530257464395,3.4237479833121798
rapo1238,nort2933,-4.594016977927452,0.05118268973910599,0,-2.131302585745,4.370299131380765
rata1244,aust1307,-0.5048936540639388,0.024385986999806222,0,-1.0863601642399998,3.57550665298106
raut1239,sino1245,-4.588653725585636,0.04496138963288144,0,-4.5142259885875,4.030648995315395
rawa1267,nucl1709,-4.000127396974114,0.024914034786875094,0,-5.73893479836,4.07826204201383
reja1241,aust1307,-3.5047433626816824,0.04772233139552325,0,-1.2535307923787502,3.587688903025595
remb1250,aust1307,-1.1284457943508392,0.016920780923235526,0,0.36006492789525,3.5385974150070947
reng1252,aust1305,-4.408004309242029,0.032302256657113684,0,-2.32592440036,3.743911398804795
renn1242,aust1307,-2.363569799559647,0.02106408630657457,0,-0.44887227609,3.40270531253976
rere1240,aust1307,0.10973625673753415,0.01875223549753057,0,0.82724819004875,3.446379995934965
resi1247,araw1281,4.408685728190997,0.09015351567222954,0,3.9535606698174997,3.770537711093345
reye1240,pano1259,-3.6586030492950545,0.035714378188119136,0,-4.798728596089999,4.026717040375895
rian1263,kolo1268,1.3738430375038262,0.056406216025122295,0,3.0293197186149996,4.00217355585917
rikb1245,nucl1710,-1.3815749345991128,0.02216291390868907,0,-3.38687506263,3.998656748585835
rita1239,pama1250,-2.372234015869614,0.04192237049610458,0,-7.9431362295420005,4.081987653293095
beka1241,aust1307,-3.3295379063715913,0.0742067909828853,0,-0.816728768275,3.575172663164735
roma1326,indo1319,-4.14112409478909,0.012260332127826014,0,-4.154988468932,4.01547380826116
romb1245,aust1307,-2.2613334439903348,0.013716977335285978,0,-0.179745044055,3.39896891591476
ronn1241,afro1255,-3.150321131171219,0.03315965012675561,0,-2.4044399952825,3.7290871915142
rong1266,sino1245,-1.2385466799264564,0.015813367867414586,0,-3.75933681434,3.844605659596935
rong1264,sino1245,-4.412660791781295,0.04645829607114991,0,-4.81600140688825,4.033090885517884
roto1249,nort2933,-4.46695613789614,0.048675664495585705,0,-2.106919451675,4.349333585919175
rotu1241,aust1307,-2.6955260878388514,0.027392108987924,0,-0.9389705185102499,3.4920253698676147
rovi1238,aust1307,-1.56225357003649,0.009441601661028653,0,-0.46273674916725,3.46869345731508
ruch1235,aust1305,-3.462092287390486,0.050483099212478115,0,-3.172814037315,3.73488355519769
ruka1240,aust1307,-1.902205178871005,0.05408089334280161,0,-1.4287553304774998,3.813744221578495
ruma1248,aust1305,-2.7810168371025865,0.05119821208595423,0,-3.1782193349375003,3.7441907965078247
rumu1243,tura1263,-2.9599254833179183,0.028292176480114627,0,-1.38729020686,4.258966431142156
rung1258,maba1274,1.1600161774897733,0.04059949014828959,0,4.17923495953325,4.138734076145026
rung1259,aust1307,-3.786904909622268,0.053746686702976186,0,-1.23168504000325,3.5648869544779647
russ1264,mong1349,-5.203072302396889,0.08716140838077453,0,-7.009549231325,5.452174043979165
russ1263,indo1319,-4.111907598769977,0.012940036305036429,0,-4.3761092089025,4.134686430075085
saaa1241,aust1307,-0.313423561839008,0.025333286738920487,0,0.7750179409375,3.4337264540445602
saaa1240,aust1307,-2.3860503398325523,0.00907864234531938,0,-1.123988097047,3.51425075161083
saam1283,atla1278,2.246603378130929,0.03291735366366008,0,6.620278994242501,3.683272741678635
saar1237,aust1307,-3.1859029265060386,0.049033570974936956,0,-1.213307993165,3.88030648488956
saba1267,aust1307,-3.114418300219376,0.044463503054258204,0,-1.23243889004375,3.553669112361575
saba1268,namb1299,-0.14735565777903553,0.021193378853574217,0,0.147528344761,4.001298055182945
safw1238,atla1278,3.634991211083247,0.07668104704190412,0,6.5587144603625,3.7168534199484498
saga1262,atla1278,1.570533468316179,0.0159763829972467,0,6.2098922589034995,3.6051618749368153
sais1237,aust1307,-3.531636839178027,0.07797393311715194,0,-1.1174181834365,3.886540811959775
yaku1245,turk1311,-5.242792981447183,0.052163312700513075,0,-5.0181725480925,4.36682427731658
tsis1238,atla1278,0.12527735052285527,0.015542880131313433,0,3.269670230155,3.59273434637522
salt1242,nucl1709,-4.584508379962109,0.0197985750491697,0,-5.5930884091702495,4.110849040027265
samb1311,atla1278,-1.5421857612946681,0.023503736871325384,0,-0.6886571555109999,3.89725039179539
samo1303,east2433,-3.7973035326548374,0.028400665684884235,0,-1.77826799004,4.148339026764685
samo1305,aust1307,-1.938511616720957,0.02409113983626455,0,-0.07895385429875,3.384859002502535
sana1295,afro1255,-4.287768109326722,0.03142678437713413,0,-6.80535880679575,4.45313180916112
sanb1241,otom1299,-6.651826999470083,0.11865473348943248,0,-6.4786913327857505,4.4606800029273455
sanb1242,chib1249,-5.372173036718669,0.10670499052365336,0,-6.6953276418975,4.20185203760488
sand1278,huav1256,-2.511022032918784,0.017789941935236853,0,-4.68020769044,4.485988563372845
sang1331,atla1278,3.8169153658613455,0.15764047361584918,0,6.0059577535855,3.738582783140715
sang1321,sino1245,-2.2040879657238994,0.01028841551480218,0,-3.7154419740505,3.862059800727275
sang1330,atla1278,3.551463034895067,0.06996757753141229,0,6.26815149851,3.62989887532043
sani1269,sino1245,-5.067379900323085,0.044535699125121654,0,-4.577719924535,3.96667802884976
sanm1301,otom1299,-4.378015640058976,0.031135805089027573,0,-6.54354687681,4.429138026014575
sanm1289,quec1387,-3.919382939222273,0.03525874973839729,0,-5.117782891325,4.142765430404935
sanm1295,otom1299,-4.475027738563989,0.029238539355702153,0,-6.472137483367501,4.413749082886475
sant1410,aust1305,-3.8490168902522504,0.09704007766121094,0,-3.27823941073,3.8584015922653547
sant1451,otom1299,-6.579233395774844,0.11767955024782768,0,-6.50369709650975,4.45567989115771
sant1436,otom1299,-4.488453146307055,0.031130430015861226,0,-6.5256114968885,4.448355993500095
sanu1240,yano1268,-3.2817435935342743,0.03550797133332842,0,-4.425407543725,4.279684904028835
sapo1253,aust1307,-1.3969541563732641,0.0062723005044020225,0,-0.21022999021,3.5335791164885553
sapu1248,aust1305,-4.540963921963466,0.049751499298960083,0,-2.358628776495,3.732240500738585
sara1327,aust1307,-2.1314509059396243,0.025430251381382576,0,-0.6159349549497499,3.4533257970298648
sars1236,atha1245,3.31591045255354,0.0606063556840537,0,3.4281542555430002,4.06316643150307
sasa1249,aust1307,-1.7557628403667556,0.024578936873956805,0,-1.45355219377125,3.489263522158975
sata1237,aust1307,0.15817353503478235,0.019565672395728054,0,0.18990338677875002,3.3303304748975897
saur1249,drav1251,-6.656926169850673,0.12397043583683379,0,-7.548285404975,5.44364900733809
savo1255,savo1255,-5.060336903249719,0.05293976612096757,1,-1.7444874961824999,4.499909528680105
seda1262,aust1305,-4.433327006304839,0.03792966850461754,0,-2.3345740739525,3.7445889331544953
taro1264,aust1307,-2.4435662746823104,0.045514742584027726,0,-1.46252425210975,3.82760521310297
seim1238,aust1307,0.12425067417148436,0.03342420722129874,0,0.6902189219,3.55636762612298
seke1241,aust1307,-0.31646272594471053,0.03024124200322466,0,1.41976075566875,3.4632347621414903
sela1259,aust1307,2.2785378857540604,0.07886853030854442,0,2.93285010095875,3.57122489773632
sela1260,aust1307,1.5415392511894623,0.022134654776085286,0,1.494770398589,3.5468234445878704
sele1249,atla1278,0.9613194641618188,0.017063296572099432,0,2.6653570207675,3.6269923914046798
sele1250,nucl1709,-3.4633310917351596,0.035495824846258454,0,-5.8239064978875,4.05625347127087
selk1253,ural1272,-5.248373431011668,0.06827229179653115,0,-5.16301665524,4.559415230042745
sema1266,aust1305,0.7428670144799299,0.046582230056598214,0,1.9029387949975,3.4832893002453
sema1265,aust1305,0.7442962999604461,0.03487572411109686,0,1.7191847197175,3.49131096066262
seme1247,aust1305,0.33570263908933873,0.02314458136755133,0,1.7130291091475,3.487980558832
sene1264,iroq1247,3.137873019768792,0.05365754215121475,0,2.3120384425875002,4.093385077968245
seng1281,aust1307,1.0378380187520055,0.01661171775068979,0,1.0023165498375,3.488711636639035
nucl1632,sent1261,-2.185081476350488,0.029214115137342563,0,-2.423703579502,4.12686069526375
sout1528,indo1319,-4.520840932783097,0.03582197529862793,0,-4.347189816462625,4.126455825326625
seri1257,seri1257,-2.6007552876282616,0.02558392948253888,1,-4.4918747235125,4.511223626556425
seve1240,algi1248,-4.369601238691409,0.0575258836068059,0,-6.285164078751,4.22357960287233
sgaw1245,sino1245,-4.0234553894371246,0.020777449220366416,0,-4.546745335895,4.05815077444022
shab1252,shab1252,-3.78006507745276,0.051586937161260386,1,-2.7111829425497502,5.2775701099181305
sham1280,atla1278,1.4692575201599687,0.009141877480114677,0,5.4115876036465,3.511827624488295
shan1283,pano1259,-2.325822211461233,0.018294387535519666,0,-4.400597202381276,3.837852927209905
shaw1249,algi1248,-3.598256146173855,0.03005355067689365,0,-6.1615955196625,4.253928904012155
shee1238,hmon1336,-5.813137971635054,0.09263809383622039,0,-5.614396740697501,4.591053287852086
shek1245,dizo1235,-3.975260763645397,0.05104644086496375,0,-2.93875485304225,4.799104640949565
biao1253,taik1256,-6.158947856490934,0.12091102345935467,0,-5.310440676157,4.482761748768835
shil1265,nilo1247,-1.1556368808719197,0.030328772100987302,0,0.7048233264475,3.558518287755235
ship1254,pano1259,-2.4795047858282278,0.019138321364571487,0,-4.3290362100349995,3.870644247219745
shix1238,sino1245,-4.769489992778102,0.045430404049057675,0,-4.4466006113225,3.989215816985305
shol1240,drav1251,-5.90979197950892,0.08116382046036771,0,-7.7343439571,5.32690323038527
shon1251,atla1278,3.0582851706517684,0.09649267783325656,0,6.5177210565325,3.68449805091875
shor1247,turk1311,-5.353315680953532,0.07553315524683933,0,-5.0296860738475,4.365374783244276
shos1248,utoa1244,-1.8087284804907602,0.013576106970366477,0,-5.6248760980225,4.044068879512279
shua1257,jiva1245,-3.956057877653893,0.04692620502194736,0,-4.2598474535,4.190899075724506
shwe1236,aust1305,-3.1259296678164885,0.0523750751931013,0,-3.1655774074150003,3.7375331590019947
siam1242,siam1242,-5.094989107620738,0.06286954451129856,1,-4.4901050528025,5.4737201983346555
siar1238,aust1307,-1.7289866670066905,0.01986854336965299,0,-0.13451131994249999,3.51207276221285
siaw1243,amto1249,-2.9072629512720964,0.0247258602504729,0,-1.4655540394564999,4.302626256309635
sich1238,sino1245,-4.87749085446158,0.05446794972412497,0,-4.578723869516249,3.958570928526555
sici1248,indo1319,-4.491393681671173,0.02771572753203427,0,-4.11080234223325,4.00649930616623
sici1249,atla1278,-2.0308912416299583,0.034243989631728956,0,-1.6719962897524998,3.73517530927403
sida1246,afro1255,-2.7840225355689787,0.015067676792916944,0,-6.8203370181175,4.363087417235315
siee1239,aust1307,1.3897910418350854,0.022855413113142785,0,1.55344048826375,3.55120230557265
sier1250,otom1299,-6.611098153994131,0.11902313448427371,0,-6.532800196360499,4.452604537476139
sier1248,utoa1244,-2.0062595178135303,0.027687321491595217,0,-3.43514083974175,3.811262080751135
sika1261,aust1307,-3.474642588229333,0.04040329127411248,0,-1.0347296098049998,3.468717953149335
siks1238,algi1248,-3.7358345081277715,0.02123125186564547,0,-6.19544030661,4.26012291601078
siku1242,aust1307,0.20544759921700706,0.01719734172136795,0,1.20778060276825,3.4279405738909396
simb1256,aust1307,-1.2598752274226066,0.010084910621891074,0,-0.6831823192016975,3.50515702776645
sina1266,aust1307,1.2754740089549301,0.022226073280760088,0,2.4853634723815,3.3999193021082
sini1242,mand1469,-5.873508946499045,0.06559586036237197,0,-6.09392945273,4.766183208653835
sioo1240,aust1307,2.6413835324539647,0.0169815249984448,0,3.4748106979499997,3.5500503878852303
siri1274,tuca1253,-3.341048211460781,0.02987763531731759,0,-5.314969975602249,4.169431308199124
siri1273,tupi1275,0.5509068508191852,0.02741382957854992,0,0.971705051657,3.6825149414804903
siro1249,nucl1709,-2.8566977470392936,0.028442685425430114,0,-4.0721744001274995,3.92229645042347
sile1255,nucl1709,-3.593867291258669,0.024458667216826307,0,-1.8477414077372498,3.71924270420494
sisi1250,aust1307,-2.4993116693016626,0.01989939904646137,0,-0.503388987406,3.527384310350345
situ1238,sino1245,-4.918322233514338,0.10954245023216627,0,-4.40103138863,4.02675099067188
siwa1245,sout2948,-3.9947517122778744,0.04569632501746285,0,-3.4489729519825,4.135613629308976
siwi1239,afro1255,-3.983737434346091,0.10320064197437838,0,-4.1498156247325,4.093880783196445
siwu1238,atla1278,0.9010806995193152,0.016717024236007294,0,2.66382687806825,3.615286923394705
skol1241,ural1272,-5.759025238208646,0.0597670182559725,0,-5.51850604794,4.40285635831217
slov1268,indo1319,-4.41341322405847,0.027305909232888385,0,-4.332646106746,4.12450052143935
sooo1254,aust1305,-4.604914771273151,0.07278134740557206,0,-2.0906735082575,3.66036709734548
sobe1238,aust1307,2.009086520072679,0.03777163978549317,0,2.8503491373300003,3.57388003734193
soch1239,otom1299,-4.384908440417046,0.028297029177072157,0,-6.19079999125775,4.43899037392916
soga1242,atla1278,2.121559947913893,0.01427287197381389,0,6.7208593161655,3.6541258708827753
soni1259,mand1469,-5.106286739747731,0.05273858528751898,0,-6.0987080131999996,4.76053373492266
sons1242,aust1307,-0.7095537347890619,0.03395639031224815,0,-0.413099285046,3.3382654436354047
sora1254,aust1305,-3.75581794354209,0.07710627804112753,0,-3.22804744345,3.84373743053777
koon1244,atla1278,2.848752301168743,0.07618754280593898,0,6.249034336,3.7106759681366848
sout2859,aust1307,0.897551382159298,0.02996976367522215,0,1.239820983185,3.46648237628547
sout2976,utoa1244,-1.5870266967248579,0.013922827222510922,0,-3.9273986314875,3.860781786406715
sout2856,aust1307,0.580438529916657,0.019593456470125514,0,2.123374867356,3.5000386028129196
sout2954,japo1237,-4.949181229936022,0.04227078744977936,0,-5.41169603905,4.79609210093553
sout2996,ayma1253,-4.373183513795054,0.06099723203457267,0,-4.22220695,4.243174668142375
sout2730,sino1245,-4.671451427725062,0.02507377410213506,0,-4.395186475192499,4.0122572909154
raro1241,aust1307,-2.90487938315915,0.08115286080631823,0,-1.4650037031975,3.408619430303935
sout2741,taik1256,-6.655458381913154,0.17527061614271927,0,-5.2909680196795,4.46846843534781
sout2715,sino1245,-4.833423332367069,0.03143766365730843,0,-4.8452959922575,4.040724387748465
sout2826,krua1234,-3.6401818794106373,0.05224653859944785,0,0.0538922428975,3.78266486159091
sout3236,gumu1250,1.6324740282866423,0.039135140009639906,0,4.6743274837225,4.164905894532215
sout2956,haid1248,-2.8037953586602073,0.026414648372117648,0,-4.868092058209,4.465442694966605
kach1280,sino1245,-3.4603845903970845,0.012616408292666999,0,-4.6059468709825,4.00131342374152
sout2949,kiwa1251,-0.9063204209490145,0.02664752889357578,0,2.02016681971,3.75557190808952
sout2994,namb1299,-0.42238110055870304,0.023043091776070525,0,-1.916397672705,4.07718902646951
sout2649,indo1319,-4.86978620519206,0.11754924131284936,0,-4.6615873497900004,4.297418276856964
sout2729,sino1245,-4.796791725103574,0.04365295169350185,0,-4.4563745992125,3.9691170834266103
sout2728,sino1245,-4.6659958845477005,0.06440408464681197,0,-4.4314987890475,3.99027172164198
sout2918,aust1307,-3.573993699824684,0.031070901465835986,0,-1.3733201290025,3.554362924523705
sout2985,miwo1274,-4.356469789145892,0.09401400682968697,0,-3.7861223391575,4.521247645567725
sout2807,atla1278,0.705273848998057,0.02779209211678813,0,6.30960975429,3.56248529791695
khan1277,sino1245,-1.9628288668850002,0.013294497212210838,0,-3.7868789356627497,3.8229053691846397
sout2679,ural1272,-5.88783852694744,0.060287739653086286,0,-5.514513251157499,4.439158916368195
sout2782,atla1278,-1.1146986320725651,0.014631921508573027,0,0.1158137921775,3.80737988493631
sout2895,aust1307,3.2842597227794204,0.06270812616284684,0,2.800782519465,3.6118164415560052
sout2674,ural1272,-5.816189861194408,0.061580518169582724,0,-5.4945690937625,4.40464925458405
sout2959,atha1245,3.4365697235430197,0.05745969464983302,0,3.4871626728725,4.03344325866006
para1301,aust1305,-3.9368135247387848,0.0633772839645819,0,-3.15060216189,3.72891023625564
sout3261,nakh1245,-1.7359674657061681,0.008948266180858347,0,-1.285365762445,3.960900768881105
sout2869,aust1307,0.08223814621354439,0.024389237978022744,0,1.9913350546075,3.4819603323052553
stan1318,afro1255,-4.7027217762899,0.08508447299681554,0,-6.814413984565,4.420811977031629
indo1316,aust1307,-2.7189106141896,0.06822531481783847,0,-1.5903318604869998,3.3510734349321147
stan1306,aust1307,0.1160733706190708,0.014100142719302464,0,-1.6269201934675,3.33827930707475
horp1239,sino1245,-4.955772746640655,0.10680317833653566,0,-4.412225990385,4.0047058816580705
suab1238,sout3418,-1.8533651053597282,0.029495810864055377,0,-2.5833429625775,4.3146981947455
suba1238,atla1278,2.6383830178421426,0.026973112582691708,0,6.6138009484,3.669497290426555
sude1239,aust1307,0.16102689180573085,0.02103409056099976,0,2.7586041595874997,3.451529044672425
suen1241,nucl1709,-4.225960758952531,0.03693426471794682,0,-5.631426014115,4.07027105300872
suku1259,atla1278,3.302875069337898,0.11147408107752729,0,6.2300064258625,3.723342748672085
suku1261,atla1278,3.040168937323339,0.035082777570180086,0,6.192178844324999,3.6692004642612153
suku1272,afro1255,-2.4522352584381526,0.014294577908282728,0,-1.353521099933,3.628871308264045
sulk1246,sulk1246,1.0621976613359385,0.04022088460776363,1,2.8842117726425,4.04725724592462
sumi1235,sino1245,-2.3858289570239446,0.018857869351747825,0,-3.6463520118,3.8766357285215998
sund1252,aust1307,-3.4663156809407845,0.0818550765480574,0,-1.053602985755,3.557587611253825
mari1426,aust1307,0.4134085084999173,0.02047653609785721,0,1.1253151832975,3.5042744615723302
sunw1242,sino1245,-4.811235091856693,0.021371685025111546,0,-4.7806962006525,4.021559574285745
supy1237,atla1278,-2.0343717276251922,0.04507641425120782,0,-1.679201330936,3.72777811794665
surg1248,ural1272,-5.209989349653144,0.04047739966202303,0,-5.33961910208,4.53296509429319
surs1246,aust1307,-1.0317281696328666,0.013571610279021849,0,-0.32313741540998997,3.50285693131637
swah1253,atla1278,2.8456831519727324,0.030572031412151,0,6.10125523803,3.5577410218454597
swed1254,indo1319,-4.352290229553619,0.028230988699402725,0,-3.98901718264,4.102658795759995
taba1263,nort2923,2.865721635262103,0.044802580003605715,0,4.876285175025,3.94017572014106
tabo1241,tabo1241,-3.395630484776389,0.029802076857186617,1,-1.2984839147695,4.47008877778575
taga1272,aust1307,-2.0032589754962045,0.02518463195320719,0,-0.6038215796195,3.4467688973903
taga1273,aust1307,-3.174472665526255,0.03852729886180058,0,-0.26013788263375,3.506922291807915
taga1270,aust1307,-2.6711396544578467,0.02042065309649862,0,-0.8148321609864999,3.469764615302445
tago1246,rash1249,1.888812381054904,0.03206556983463801,0,3.7250222242274997,4.26424256573712
tagw1240,atla1278,-1.354762685377641,0.017497109460505204,0,-1.6833085977375,3.736725823536815
taha1241,afro1255,-3.8058416600659593,0.07210016817431154,0,-4.21561791612775,4.10563718120508
tahi1242,aust1307,-3.16266963685797,0.11254072318236207,0,-1.469315394626,3.41401685741609
taia1239,taia1239,-1.8430906246263588,0.03344895586693054,1,-2.6707084015850002,4.097765277808535
tain1253,anga1289,-3.020170836691148,0.048440792255216074,0,-2.9780117235395,4.160241379795226
taji1246,aust1307,-2.0250137369457235,0.019464687280080602,0,-0.06428331818,3.50837382601119
taki1248,aust1307,2.563517814752885,0.026406418891628335,0,3.5780639266575003,3.54796605743174
taku1257,aust1307,-2.9975125360514507,0.040454573786262556,0,-1.152541325345,3.4505170784899653
binu1244,aust1307,-1.6990385946724984,0.016798988159466035,0,-0.7396626944035001,3.45046155388965
tali1259,aust1307,-1.8214415055760178,0.024902038271001542,0,-0.5143283077409999,3.5411308703170947
tama1331,tama1329,1.8494108356039072,0.03700938518164329,0,3.91210459508925,4.2171117683972845
malo1243,aust1307,0.34789322876211454,0.01908260127722066,0,-0.02185539507,3.46290403420009
tama1365,afro1255,-5.121061590495906,0.025679724685224878,0,-4.1901854817225,4.100347635729024
tamb1254,aust1307,-3.333685075023621,0.03886778215283338,0,-1.23750028638725,3.5605393515202097
tami1290,aust1307,1.7062761226530558,0.01734550447349463,0,3.6033766054575,3.550304312778245
tami1289,drav1251,-5.7779510422041165,0.07140339674582101,0,-7.7453585661024995,5.3010892942255445
tane1237,aust1307,0.00093739048893245,0.02033190142405394,0,2.8058777078509998,3.5833933758693552
tang1377,sino1245,-4.2528909925179565,0.03183399741688763,0,-4.5740839567639995,4.019439220788865
tang1348,aust1307,-2.3996140253258242,0.021420110862466264,0,-0.06730627633645,3.521897432320775
tang1373,sino1245,-4.1908406016395405,0.05472248742175944,0,-4.4917085054675,4.0443082523706195
tara1313,sino1245,-0.5202622179264258,0.025939882109509076,0,0.23703843601000002,3.607545544396155
tari1256,araw1281,4.25455930417572,0.08479582524224007,0,4.14465680676975,3.7216720687982754
tari1263,afro1255,-3.7044124181784177,0.11025892764686562,0,-4.154562677558225,4.1259464830844
tata1258,otom1299,-4.497168835809196,0.03302386189810251,0,-6.610558896184999,4.39958592545436
tata1257,aust1307,-3.183470304310797,0.052488856477519136,0,-0.81158293571175,3.5610063748445153
tata1255,turk1311,-5.173719401306365,0.04194207570974763,0,-5.04915518845,4.32260416229873
taul1251,taul1250,0.930225246699066,0.0443208351582711,0,3.38452797284325,4.008895483101685
taus1253,taus1253,1.6371842943864983,0.0497805287376526,1,0.40724803307,4.130412624137261
taus1251,aust1307,-3.6292918253269613,0.03570746745273791,0,-0.46775992537925,3.446196348289315
tauy1241,nucl1709,-4.099168872875466,0.021228342238231293,0,-3.90843032093975,3.96086826942263
tawa1275,aust1307,1.463528658519711,0.01614725937179313,0,3.44139343074,3.566246491592325
diga1241,sino1245,-4.298572091381018,0.02992191777300071,0,-4.4996787280545,4.03710315255665
taya1257,afro1255,-3.4694826553061917,0.02586382847594625,0,-4.218872287297501,4.104236024697755
tbol1240,aust1307,-2.5675611761258983,0.022782963636244786,0,-1.1284279707698,3.5803180124905047
tean1237,aust1307,-0.03496350493923425,0.02048980575694859,0,2.7317583231,3.58420297745008
teda1241,saha1256,-3.8854393799119986,0.04671744390831786,0,-3.24123827965,4.382175088179045
tedi1235,sino1245,-0.41953920105159637,0.020933132779131988,0,1.192729509975,3.570295182859935
tega1236,rash1249,1.9032581081887554,0.0315533093860135,0,3.700134300906775,4.269253542527425
tehu1242,chon1288,-3.6473847834986994,0.09694819634368407,0,-4.4235150563125,4.555053002107185
teiw1235,timo1261,-4.104787565963459,0.0413172282826012,0,-2.71459692717075,4.403674425064455
tekt1235,maya1287,-0.08869786843983915,0.02576041135139905,0,-3.2139407841249996,4.004524508751265
tele1256,nucl1709,-5.3908137894918315,0.026424196844569155,0,-5.6369108332949995,4.094024204061885
tema1239,utoa1244,-1.5791698962987397,0.014846450475455348,0,-3.7716623697975002,3.83628574344611
temi1246,aust1305,0.5274861171232916,0.031024888983010243,0,1.936541002098675,3.5066216420089598
temo1245,otom1299,-6.192248465920345,0.12587391473796952,0,-6.1713993790099995,4.457460270792195
temp1235,aust1307,-3.5924938718264348,0.03962965652874948,0,-1.2317260423495,3.562391216993785
teng1272,aust1307,-2.5067125933904872,0.048971564936473276,0,-0.955584366434,3.567789405185835
tene1248,dogo1299,-5.143092140776108,0.06073493241799652,0,-3.3861175299475,4.681879220285126
tenn1246,surm1244,-1.6976614684535143,0.025017802467930887,0,-0.27303006391999995,3.739270329124925
teop1238,aust1307,-2.2949395435992033,0.013925044498902424,0,-0.09296830964,3.572112857882725
tera1251,afro1255,-3.140149538985714,0.02087311557505123,0,-1.3534434464324998,3.64551742272119
tere1278,sout2948,-4.020428875842441,0.048137445922056675,0,-3.4746340992465,4.116198050269755
tere1279,araw1281,2.34320477147073,0.03982083833767716,0,4.04311299786625,3.7550385130304553
teri1250,chib1249,-4.001441941305435,0.026302792621437865,0,-6.618487390685,4.227451027544925
term1237,aust1307,0.5896712500020342,0.023259144313078843,0,3.220215847825,3.555216365050065
tern1247,nort2923,3.0777228149316573,0.043100720850375265,0,4.7281433597875,3.95971589357862
tete1251,utoa1244,-1.5488955049884638,0.017045290574983753,0,-3.0626813896575,3.794722630513885
tetu1245,aust1307,-0.0713212606099016,0.02347517145330761,0,3.967066350831,3.55849122400012
thad1238,sino1245,-0.17085084971645664,0.024518699827714038,0,1.70372452616775,3.5831452037399947
thai1261,taik1256,-6.20483394350571,0.11361995483564476,0,-5.29608781252475,4.48480389705015
thak1245,sino1245,-4.773106477920292,0.04083642810177839,0,-4.8540393003,4.033645402689995
than1259,sino1245,-5.047350700073254,0.08027697184072488,0,-4.7377679871025,4.016753536833326
thao1240,aust1307,-2.4844179800589092,0.047064276603021704,0,-1.4005468199912499,3.827364340058355
thar1283,atla1278,1.0117263231101488,0.018887811137947248,0,5.365050995535,3.54959896539871
aheu1239,aust1305,-4.621407415560541,0.08127559244065308,0,-2.358573766265,3.710950267677915
thay1249,pama1250,-4.904560616195127,0.047242294826480395,0,-7.742397226275,4.1755112494043995
thul1246,sino1245,-4.913712802130052,0.06140474520778694,0,-4.7947037231900005,4.02460987195456
tibe1272,sino1245,-4.413588483525738,0.022974441389102134,0,-4.938957135513,4.01064072768741
ticu1245,ticu1244,1.9580149812524126,0.05374618403070535,0,0.45226513123925,4.170733498669415
tido1248,nort2923,3.671807384431011,0.050450494765444526,0,4.721396271494999,3.976106516861265
tief1242,atla1278,-1.792801954243789,0.03001150459952918,0,-1.0323834131657499,3.71498766527347
tief1244,atla1278,-2.0228976289403757,0.024316435833284678,0,-1.033122585116525,3.71288482848209
tien1242,atla1278,2.83823438824139,0.05927278110316996,0,5.897690960835,3.736088952195075
tiga1245,aust1307,-0.8673900877687086,0.014898209767524729,0,-0.329130190395,3.55736160447871
tigo1236,atla1278,-1.7305383983657523,0.013593887680835994,0,2.2754418394582503,3.52699505747392
tika1246,atla1278,-1.4863333233259848,0.02678031075406824,0,-0.6393172033497501,3.91158627293511
tiko1237,aust1307,-0.413152854028352,0.01731649718587899,0,0.0007825266700000003,3.392150255372365
tilu1238,sino1245,-4.771722624130397,0.015871288339143724,0,-4.798325828029,4.04415242867387
timn1235,atla1278,0.1935025320435008,0.02796486336788972,0,2.3494946082225,3.4887348253158
timu1262,aust1307,-1.9312368999942073,0.037108500857529016,0,0.3289370129375,3.49625498714526
tina1248,aust1307,-3.2440012441100636,0.03513100224973536,0,-1.2197134262,3.591810875669085
tira1254,heib1242,-0.18769595766925534,0.010150836198046569,0,1.8513830654849999,4.018583175501185
maee1241,aust1307,0.8847153205868725,0.020628271026511057,0,1.546522396805,3.45207276268606
tiri1258,aust1307,-2.8701493911452003,0.026298533343224958,0,-0.24610793036899997,3.57098662051175
tiru1241,aust1307,-2.6867411583371252,0.017917115880220724,0,-1.110794887335,3.57928996683025
tita1241,aust1307,1.0636912334211517,0.021071751632084967,0,2.7378526865954997,3.534104948597025
tiwi1244,tiwi1244,3.0378865592278927,0.07114604304630565,1,0.5500668611295,4.349794740384301
toab1237,aust1307,-2.6150839772961065,0.017027573367160955,0,-1.2471861689475001,3.51237771116854
toar1246,nucl1580,-3.4103578301512383,0.04315961359056952,0,-1.9674837500125,4.29006954321217
toba1268,leng1261,1.3211858747683667,0.04700317164990705,0,0.6802120119424999,4.13843987923289
tobe1252,nort2923,3.3021658289153075,0.0471096192549752,0,4.865575386014999,3.944814090142475
toda1252,drav1251,-5.869940447618908,0.07957622539341,0,-7.7228280849775,5.315007539883375
toho1245,utoa1244,-0.46625890222741617,0.021882332006095562,0,-3.05967511448325,3.8032877104694602
tojo1241,maya1287,-2.0398142738191507,0.07416715485447492,0,-1.7744459677475,3.9230827934371053
toke1240,aust1307,-0.030892691466050053,0.03355282207814151,0,0.17050049360675001,3.3781636699075053
toll1241,jica1245,-2.447046488742939,0.01826249713346107,0,-5.14326148171975,4.445924308173581
tolo1255,aust1307,0.18919507215830222,0.021482031097601547,0,0.76839930921325,3.48206083518547
toma1245,mand1469,-5.334671180673751,0.04646847632863623,0,-6.1281601204125,4.778832263714235
tomb1244,aust1307,-3.719463041538895,0.03880463988402453,0,-1.1797660086425,3.574442773935695
tomm1242,dogo1299,-5.185472128458093,0.07370227082780274,0,-3.247432202505,4.705660283790965
tond1249,song1307,-5.298127313993561,0.06964358205260177,0,-4.5031500014185,4.482085344672045
tong1325,aust1307,-3.2048019294272505,0.08105692869789137,0,-1.12365274962575,3.45475381438539
tong1318,atla1278,3.158674168518999,0.09637367281220488,0,6.4747166991434995,3.67791443779207
toor1238,atla1278,1.9282824073946803,0.01348125494909981,0,6.836075769155,3.62304403308411
tora1259,aust1307,-1.1724305021295578,0.019194027647561313,0,0.14474742462524998,3.40860930720116
tote1238,atla1278,3.1669287506139723,0.10157767481587933,0,6.483472387127501,3.68380333440818
toto1302,sino1245,-4.279399889525253,0.012993390796782647,0,-4.531268767209999,4.0467275423917854
touo1238,touo1238,-3.7586202407358256,0.04323829322546262,1,-2.589977114732,4.348375205172536
trin1274,araw1281,2.099908622824688,0.02361949135911014,0,4.1457163750065,3.752570550444005
trio1238,cari1283,-1.092907658154396,0.017053265323073084,0,-0.935433481331,3.821451440229025
trum1247,trum1247,-2.357379758951242,0.040831057164073085,1,-4.007828219309999,4.317856781999785
colo1256,barb1265,-3.361851983228037,0.03467691771623673,0,-4.704944088375,4.300091297661075
tsam1247,afro1255,-2.4845258460403787,0.029137895977139623,0,-6.77469739964,4.393594773661675
tsat1238,aust1307,-4.431925769790162,0.16198256478206793,0,-1.0525774889385,3.493971872196015
dido1241,nakh1245,-1.9583263449641102,0.01712196857835885,0,-1.8457157617775,3.97691415284146
tsha1245,sino1245,-3.9428721287054262,0.012346208965199298,0,-4.84929425172875,4.037729577648505
tsix1234,khoe1240,-2.5756985457680406,0.03286604678068698,0,-5.9604336910725,5.4113744615982995
tsog1243,atla1278,0.6054408874722998,0.026918457628806573,0,2.99846014069375,3.606731853867005
tson1249,atla1278,0.3602995608273609,0.017213489596321296,0,4.3133361433225,3.480984209475195
tsou1248,aust1307,-2.225011588131234,0.03887197219585497,0,-1.3555542419809998,3.815273811783225
tswa1255,atla1278,0.8619485746515603,0.012753367841565038,0,4.68132838444,3.4984969254492
tswa1253,atla1278,1.8787584627819163,0.02749310338102004,0,6.3466365978445,3.55776079042433
tuba1278,utoa1244,-4.447294705882351,0.10563776291623875,0,-5.4178419839425,4.094803466755445
tuge1241,nilo1247,0.459700681436022,0.013772047845478079,0,1.41040899926,3.5676207269154796
tugu1245,aust1307,1.0345464942094784,0.02487437107902189,0,3.93227253796725,3.56204089733032
tuka1248,aust1307,2.0940037593196297,0.030801617200086208,0,1.1150926439075,3.506248215765225
tuki1240,atla1278,0.3399996463239139,0.022939725166178773,0,4.1801867044000005,3.6511953992667
tula1252,atla1278,-0.45065471671251345,0.025051985024972405,0,-1.2296450890275,3.682134434957665
tulu1258,drav1251,-5.9175259880701345,0.08877592680085218,0,-7.7166157231,5.36362837318365
tuml1238,aust1307,0.8785414205967248,0.025894747430365538,0,3.161220066285,3.56901090200128
tumu1242,atla1278,-0.979288230386242,0.028422920057255358,0,0.3208230771805,3.55513088615603
nene1249,ural1272,-5.428214747888605,0.06476526837688554,0,-5.176720393409999,4.581046593152919
tune1261,atla1278,-0.1088382271143153,0.01374289859264915,0,2.09601831591275,3.609820012767025
tung1290,aust1307,-1.2374523152585568,0.011634182082964668,0,-0.18977750213375,3.56263211114404
tunn1238,afro1255,-2.1581350062215083,0.014912497251740578,0,-6.808420767105,4.383112048202021
turk1308,nilo1247,-0.7661075979009058,0.02009941617742081,0,-0.171569637772675,3.78130101346025
turk1303,turk1311,-5.577559170423406,0.06559985192244398,0,-5.03615983881825,4.356722846792525
nucl1301,turk1311,-5.230270552432704,0.04611055412723283,0,-5.07100734840175,4.34454833145492
turk1304,turk1311,-5.603377562352348,0.09165284772356473,0,-5.066171121342499,4.369227741722749
tusc1257,iroq1247,3.055942013974133,0.04947469823498107,0,2.29583337492425,4.090024361293985
tutu1241,aust1307,0.39304260554266257,0.02972118395225208,0,0.660225547955,3.44757690395009
tuva1244,aust1307,-2.652479212667127,0.03519637191136816,0,-0.344061457485,3.3978307215031
tuvi1240,turk1311,-5.45371050660972,0.08566769403392989,0,-5.0340181725925,4.367905832241124
tuwa1243,aust1307,-2.3088064351139552,0.029544986659898125,0,0.3026026326325,3.49041210457667
tuwu1238,atla1278,1.1062187111681312,0.021334212067122292,0,2.51803054803925,3.643993727186685
uuuu1243,aust1305,-4.57990547013953,0.08603593652502857,0,-3.16435116229,3.726320447512855
ubir1237,aust1307,1.6934967217718375,0.018854499949858963,0,3.4316103656925003,3.5735343290136097
udii1243,nakh1245,-2.3871565675435322,0.01797782585281129,0,-0.8401365642227501,3.918275718816795
udih1248,tung1282,-4.798202211093999,0.04182832459765128,0,-6.944815679275,5.41652367686954
uduk1239,koma1264,-4.027627311856461,0.04792385465835425,0,-2.86825387900925,4.645178146384705
ughe1237,aust1307,-1.4401681578789791,0.02159669207729847,0,-0.26735764649025,3.4837903649329602
ugon1239,sino1245,-4.042972859131914,0.02907253313186523,0,-4.476488988298501,4.029378224727775
ukaa1243,atla1278,-1.0364667371492122,0.02808185251055557,0,2.202384374117,3.5744366425682497
ukra1253,indo1319,-4.159851990884881,0.016717994950080778,0,-4.3738095705974995,4.1410182028021545
ulch1241,tung1282,-4.994681821579782,0.04538885290992072,0,-6.963076128852499,5.42766156112884
ulit1238,aust1307,-1.6366662934142462,0.021664011086708644,0,-0.4086849869875,3.32748373836113
ulwa1239,misu1242,-3.243458177967918,0.027138201884191804,0,-5.2908050771275,4.36059387731462
yaul1241,kera1258,-3.1490837799707485,0.04655259911372674,0,-1.7667952305,4.2310737032143155
umaa1242,aust1307,0.2155301244934384,0.02451038218989942,0,1.9627682172252499,3.51596796584397
uman1240,daga1274,-2.8650352418471705,0.046224361367736326,0,-2.5231527930024997,4.272098235323661
umbu1257,atla1278,2.616283810756877,0.11558219363722012,0,6.3828254226095,3.729389213818695
umbu1258,nucl1709,-4.9151711582859345,0.022118730621634244,0,-5.560047228022,4.129771685973835
umes1235,ural1272,-5.843048696334614,0.06402380704559817,0,-5.4969036093075,4.394182483084795
unaa1239,nucl1709,-4.194596083398251,0.02142495105000212,0,-5.64680918944,4.0846786182610195
unua1237,aust1307,1.0603995588564934,0.03657456834796598,0,1.06458677983475,3.44461507020916
uppe1427,aust1307,-3.3756526964632636,0.04044505239302367,0,-1.2012091183875,3.56869352792817
uppe1275,toto1251,-3.607899163869693,0.029719282808500953,0,-5.06906292501125,4.296509444572131
urak1238,aust1307,-1.3489988777497448,0.0325904517561129,0,-1.5472020022425,3.35171846573276
urar1246,urar1246,-2.1859744754875488,0.021233588212840104,1,-4.3089180168875,4.3490781627785555
urav1235,aust1307,1.3749849939618262,0.022357282963408567,0,1.5556383585770002,3.5591206037445353
urim1252,nucl1708,0.8726048448691119,0.040594488529793624,0,-0.54759973175625,3.7152459236483697
urip1239,aust1307,0.800337731782828,0.016776644419938324,0,0.1935347791005,3.468327890725975
urni1239,giim1238,3.055137321992359,0.06955005573936451,0,-0.0067932126277499,4.280403001612145
usan1239,nucl1709,-3.5567559387332,0.024735226364205685,0,-4.036263790744,3.927829160510605
utes1238,utoa1244,-3.6603970138692117,0.08851020382798828,0,-5.5109430118225,4.09264151290313
pile1238,aust1307,-2.165290586802749,0.02014227023571198,0,-0.9113609148099999,3.43577543424668
veps1250,ural1272,-5.796080142007053,0.05719910571593437,0,-5.563900247148,4.41849436595022
vera1241,aust1307,-1.2502778638734073,0.023753948350793638,0,-0.32988846899235,3.514744998265785
viem1243,atla1278,-1.178112078355304,0.03572733559909259,0,1.018433950631975,3.59555129948679
viet1252,aust1305,-4.654764997128861,0.10309059237955535,0,-2.3586782946855003,3.703694814813595
voti1245,ural1272,-5.887828640352267,0.06104067986887062,0,-5.521473678615,4.42892013318788
vunj1238,atla1278,1.6291878046789117,0.013573907156752673,0,6.21359475117,3.607887665618975
vure1239,aust1307,-1.222059304557404,0.01926691633062969,0,-0.30411863994849997,3.5402395118568597
vwan1235,atla1278,3.631862379950174,0.07226766509020464,0,6.2703352102825,3.6399426624022
wadj1254,wadj1254,3.0887166671756123,0.06426594941240804,1,0.0647208247206725,4.3430336459316194
wage1238,wage1238,3.109294664309179,0.06818306830760601,1,0.305383791975,4.350400083138579
waig1244,aust1307,1.9723234549171056,0.04264413163931844,0,3.154354033191,3.6362442377557747
waim1251,aust1307,1.1670039880995176,0.026686719840761052,0,2.53890053291,3.3951961260274297
waim1252,aust1307,0.05074347507443175,0.027031662546034296,0,1.69048031178475,3.492239468360305
waim1253,cari1283,0.9279170520941831,0.026111073072323163,0,0.46772569643175,3.8311971007982004
waiw1244,cari1283,0.5784513162741205,0.017162210699469157,0,-0.09510558783975,3.7560925569848003
waja1259,atla1278,-0.7839618879417651,0.01914229206038951,0,-1.202804223845,3.680807042100975
waka1274,pama1250,-5.224684162881585,0.09054837430547978,0,-8.263116046779999,4.2090309414209806
wala1266,aust1307,-2.516496960992826,0.01642513030780594,0,-1.245958463565,3.5129224890164954
wamb1258,mirn1241,0.2528921293025914,0.023447172661090053,0,-1.997825250646975,3.782761642022935
wamb1259,nucl1709,-5.347243128986312,0.023090243153391195,0,-5.631392687742499,4.105344076020835
wamb1257,sino1245,-4.989046186905297,0.05914954094388522,0,-4.7933764850175,4.030379548052485
wann1242,mand1469,-5.308825432255535,0.043486195086263967,0,-6.0113117967025005,4.800819886069765
wand1278,afro1255,-2.038035600535181,0.02191730663610529,0,-1.59916799187475,3.60521701406053
wand1267,aust1307,2.294429885131655,0.049084100846587604,0,3.2051472445374998,3.6400282052086848
wanm1242,pama1250,-5.315778615456584,0.06952892384683511,0,-8.76900975345,4.177044604738571
saka1289,aust1307,-0.6147010694859816,0.028152655378631743,0,1.079153222349,3.472799135565915
waor1240,waor1240,-2.5826234011067957,0.023869100727544685,1,-4.10826969413,4.4683347781208
wapi1253,araw1281,2.0746464920258916,0.015655037719274765,0,3.6090352485125,3.78926903185467
wara1303,wara1303,-3.1581179588555788,0.042613238203293935,1,-3.8396192084100003,4.449826532609995
wara1300,aust1307,-0.22199063113476364,0.023914019837528173,0,0.4789501849755,3.3868692118829102
ward1246,yang1287,2.9298106835591478,0.07460180557837924,0,0.5256720584697501,4.288301900114465
ware1255,araw1281,2.8975886347868443,0.041097330829545274,0,4.06872416038,3.753982245962545
ware1253,aust1307,2.3619411949553353,0.040495490622445784,0,2.9242279360175,3.6362892431490854
wari1268,chap1271,-3.0845492988074827,0.027868084068051902,0,-3.6734894107025,4.362670978001595
warj1242,aust1305,-2.3498193630524242,0.037850099012362935,0,-3.1053395997599997,3.74475167566184
warl1254,pama1250,-3.867020914047578,0.055693066857464064,0,-8.711283521165,4.18134550934138
warl1256,pama1250,-4.380641381699434,0.032332994683217466,0,-6.992841420075,4.04698971616493
waro1242,aust1307,2.6871930234925103,0.04330308526227589,0,2.7660267578118,3.66059705069143
warr1255,pama1250,-4.441179995688267,0.036339066648881826,0,-8.0936613845,4.15285716669446
waru1265,pama1250,-4.4063974657321765,0.05875358840494023,0,-8.702102707662501,4.211648564822404
wash1253,wash1253,1.3575189289220728,0.04336074464063653,1,0.4474761614675,4.239915019343515
wask1241,nucl1709,-3.5274729925079855,0.025810485286933253,0,-3.5799404382325,3.93841515994246
waur1244,araw1281,3.6257355953445103,0.08053160636474446,0,3.3144530775325,3.84358768248452
wawa1246,atla1278,-1.7237912398656996,0.010957235631044856,0,-0.5958239466824999,3.9467716079691852
waya1269,cari1283,-1.4840259312276953,0.021728914655620955,0,-0.6353848179475,3.758015541227675
wayu1241,sino1245,-5.023274382018608,0.06283106464536836,0,-4.7881525289175,4.01379152026848
wayu1243,araw1281,-0.38717095950943925,0.047336983683080376,0,2.2829288716875,3.67372001930091
weda1241,aust1307,1.5291427368388697,0.01791109666369551,0,3.4486848229902503,3.5729579289560798
wels1247,indo1319,-2.7791166614455927,0.06587178098131763,0,-1.6597462156142502,3.922945066573305
nort2864,aust1307,3.230079245555248,0.0618948794344337,0,2.73325862886325,3.62930383906874
weri1253,kuni1270,0.7320490248953178,0.014714196815825562,0,1.22395050267,3.675936682084835
west2564,aust1307,-3.451143136453131,0.04534228687727502,0,-1.35333822155225,3.6005843305449448
west2560,aust1307,-3.426865609196607,0.0383532142235789,0,-1.3131667205275002,3.56213337764558
west2548,aust1307,1.9917538807126287,0.053546077643657417,0,2.90475561906175,3.58796538713489
west2615,atha1245,3.7377684349245004,0.03411051804928903,0,3.3455338998375,4.0648097427291745
west2441,pama1250,-4.199846389208618,0.041237013500619,0,-8.700330829805,4.167780283233835
west2397,aust1305,-4.561983403065392,0.07049784213304415,0,-2.0905718572225,3.6704939984968448
west2555,aust1307,-1.869808239304518,0.015969244119012006,0,-0.5106669569725,3.445415717418565
west2618,eski1264,-4.8693317778536,0.10520604397119912,0,-4.190011786467499,4.3933115691697004
west2650,aust1307,-3.8215141282154335,0.11218052127713729,0,-1.0938365243275,3.483870773110715
west2594,nucl1709,-4.322602612222716,0.015314353711831579,0,-5.611150343,4.0973171747894295
west2778,utoa1244,-1.494653394640993,0.01831913510891566,0,-3.80359596966,3.822927938123745
west2369,indo1319,-4.712205798097968,0.09500156108961842,0,-4.6757414929867505,4.286378180015385
west2519,aust1307,-2.1612442665433034,0.03280225354569777,0,-1.01068369265175,3.47426079673989
west2354,indo1319,-3.840968849161764,0.021970829064154162,0,-3.982973174255,4.12054306293535
west2644,otom1299,-4.486356934523709,0.02689918295357173,0,-6.629201319565276,4.39789511242056
west2624,utoa1244,-1.21727305170798,0.022340004676840323,0,-2.096045799256,3.747622744539115
west2466,atla1278,-1.8445521664359172,0.026195441799488288,0,-1.6121796720627501,3.75838062424017
west2632,kere1287,1.6049503354828794,0.04471428673528673,0,0.251870807545,4.23226169485911
west2396,aust1305,-4.029460862158642,0.060280237127866836,0,-3.1567937437375,3.730443598977695
west2418,sino1245,-4.765259821720472,0.03726156453737341,0,-4.731402272637499,4.0527600179939895
west2392,ural1272,-5.570120700342912,0.03849176390908835,0,-5.4078492211565,4.5132870981559154
west2763,afro1255,-4.670474103844251,0.0746530973627665,0,-6.6787606707575,4.503444426276905
west2557,aust1307,-3.166561864567543,0.028110357855183538,0,-0.9457305248250001,3.50240679762998
west2415,sino1245,-4.838338429868817,0.030351528493426413,0,-4.843296437025,4.028536494372284
sanj1284,otom1299,-6.616396205562946,0.1205822092625671,0,-6.5220161451285,4.45604436731685
west2430,hmon1336,-6.408010917320627,0.18848019289174206,0,-5.62796726088,4.589867615822945
west2599,nucl1709,-5.237496178518291,0.018212214612735766,0,-5.54714385872475,4.1419877787343555
west2600,nort2923,3.434158020569348,0.043378778796258746,0,4.2253982525725,4.0593897588338805
saka1291,aust1307,-1.5788488416062627,0.027014244213738606,0,-1.5959544730735,3.49905418249775
west2516,aust1307,-2.068200388317927,0.02093207171656804,0,-1.02008042436525,3.42880617538179
whit1269,aust1307,0.12498757857480135,0.021947820557335622,0,1.941473308875,3.465995896906395
wikm1247,pama1250,-3.686926598337215,0.03605917144435788,0,-7.89378206843325,4.132738689443334
wiru1244,wiru1244,-2.783769227380935,0.024166609593974996,1,-1.72640835278725,4.35942570967943
babi1235,atha1245,3.849776635247848,0.06501091671941346,0,3.3881398224755,4.078643785792435
woii1237,aust1307,3.005272296868681,0.04108989505218822,0,3.1227290580975,3.6533931820756997
wola1253,afro1255,-3.2362553412584805,0.016371683057701158,0,-6.5540164001925,4.572019488733375
wola1242,gong1255,-2.2735580876509185,0.014311878065411251,0,-2.2081729334,3.782222376915315
wole1240,aust1307,-0.8699709361145271,0.02888371094886317,0,-0.31201983127127497,3.344101383590525
woli1241,aust1307,1.2177991849415428,0.018664459497200702,0,2.20861302944,3.4953815011634353
nucl1347,atla1278,-0.00632971723847345,0.03378754747452652,0,1.4685941139615002,3.606956761955475
wood1236,algi1248,-4.261249069664443,0.05634044853722224,0,-6.2373173324725,4.23448488150608
wotu1240,aust1307,1.0526369622769924,0.022293996969684,0,2.1372552641075,3.50000557154601
woun1238,choc1280,-5.220373012223124,0.09983257922396985,0,-4.878406633732499,4.276536422791575
wuch1236,sino1245,-3.4362663791790498,0.06557575940903938,0,-4.4641553290475,4.054628074771645
wudi1238,sino1245,-4.977280116483128,0.043222167759463366,0,-4.572969075765,3.9524111485082347
wuna1249,worr1236,2.595788138564628,0.06475948404076767,0,1.2023590259749999,4.15563077389337
wusa1235,sino1245,-4.9604221267772175,0.044613825285651595,0,-4.561657041335,3.95907330311401
wutu1241,sino1245,-4.291453031734819,0.05858757199003162,0,-4.4858331100535,4.02239516385702
wuvu1239,aust1307,1.6490866096073726,0.03349149542508942,0,1.83998256592103,3.572310904399675
xamt1239,afro1255,-2.9608017236976503,0.04369519115800206,0,-6.712718457375,4.42245814469329
xara1244,aust1307,-2.843266502902938,0.023974556160023624,0,-0.25812403519325,3.572696216618705
xhos1239,atla1278,-0.49770383840489063,0.042462436056216954,0,4.254586250776001,3.48307286841359
xish1235,sino1245,-4.750978941695557,0.023421030564873692,0,-4.5560923318099995,3.966183370927745
xokl1240,nucl1710,-1.8975679214628522,0.024447370952395797,0,-2.3283378983849996,3.8826321241870403
yaak1241,afro1255,-2.080266895892091,0.02069402691981277,0,-6.7806457433275,4.400957424646045
yabe1254,aust1307,1.707449671900753,0.010038096413892077,0,3.14304612015525,3.5615334208626
yaey1239,japo1237,-5.111491765735871,0.03862539679648105,0,-5.3980353380175,4.811289452884974
yaga1260,nucl1709,-4.489906525113759,0.020165761324515735,0,-5.582558899335,4.1083108835629805
yagu1244,peba1241,1.6505473851540082,0.049899759340816606,0,0.434587817844525,4.106109868800085
yaka1272,atla1278,-1.0855336373030686,0.01886497875479007,0,3.186093315186,3.613712214443665
yaka1277,aust1307,-3.378223006871048,0.030059884623220498,0,-1.2458026763075,3.5923321220612348
yaka1269,atla1278,3.226144607245128,0.10234375845654081,0,6.2319320366675,3.71735322823139
yakk1236,sino1245,-4.617754928927504,0.01719508215344964,0,-4.751921197925,4.037542658686725
yako1252,atla1278,-0.5977668643984284,0.017796166130389698,0,-0.0998289337185,3.4917448553835397
yale1246,yale1246,-2.359049695253251,0.0267745260169351,1,-2.1665582783449997,4.214246332407345
yami1254,aust1307,-2.7179551252665117,0.03216597963084115,0,-1.36898337047625,3.526152480786925
yami1256,pano1259,-3.1545769564398904,0.019469405273972194,0,-4.3919814456875,3.831568589600285
yamp1242,sino1245,-4.986954039971821,0.06526200495907213,0,-4.76647125548775,4.040217591094895
yand1253,pama1250,-5.219687846723469,0.0909142281385154,0,-8.36565667179625,4.19775508459366
yane1238,araw1281,3.1238476394713484,0.05725139436908137,0,3.2039842027725003,3.906073026877455
yano1261,yano1268,-2.70336769192941,0.023773554162102573,0,-4.4522436311549995,4.272593009679969
yany1243,pama1250,-1.021119419692527,0.0275600003555681,0,-4.8742636398625,3.844675114211665
yaoo1241,atla1278,3.356439383629999,0.09563320434911383,0,6.7176391323075,3.665653014208765
yaou1238,mand1469,-4.767215988180485,0.04093682740158587,0,-6.0225974281825,4.7953029100126905
yape1248,aust1307,-1.8246490765992402,0.017763537418798735,0,-0.04461950073,3.488101049285985
yaqu1251,utoa1244,-1.7268364142453245,0.012564912277083062,0,-4.190129958462499,3.95434358583361
yare1248,yare1250,-2.130070697061381,0.03658925496652676,0,-2.72086876390475,4.239278527758535
yatz1235,otom1299,-6.557028153674108,0.12047735328435867,0,-6.5382373549425,4.4580162763547
yaum1237,nucl1709,-3.659255379724754,0.026371884844978488,0,-5.7735845163025,4.04060880744381
nucl1454,yawa1259,1.8448693911225202,0.04312399976477435,0,2.30945451877,4.08449115386992
yawu1244,nyul1248,0.5995394904454607,0.02242772278916504,0,-0.16872839032725,3.934425240053665
yecu1235,toto1251,-3.626465268248914,0.03228977710161312,0,-5.0377547953375,4.309171402573504
yele1255,yele1255,-2.520467522744804,0.03685329537176451,1,-3.1756210310225,4.26599409640585
yems1235,gong1255,-2.90309094303168,0.011672191697277304,0,-2.1725665024765,3.8606117307408647
yapu1240,nucl1708,0.7001053352240181,0.026046815079398572,0,-0.50840621103,3.7251214049682604
yess1239,sepi1257,-1.2851209824810361,0.033089867945236294,0,-1.1171627885425002,3.852038992950405
yeyi1239,atla1278,2.836283061087703,0.08433528726503588,0,5.822402277165001,3.72760873228828
yidi1250,pama1250,-4.268960511410903,0.027387071827677127,0,-7.882820124775,4.163058655381555
yima1243,lowe1423,1.4271417550516197,0.04839028331577274,0,2.780763815456,3.890581734983615
yinc1238,aust1305,-3.618201417720399,0.05132911623007509,0,-3.165724600715,3.73510843578057
yind1247,pama1250,-4.803064331889217,0.07425631555957699,0,-8.8522412100425,4.13152242743446
yine1238,araw1281,1.8356906904482209,0.0277333962594046,0,3.899527560797,3.7819873249331897
yoga1237,aust1307,-1.1386844271538576,0.022859447032651407,0,0.08823757097525001,3.46505402915132
yona1241,japo1237,-5.234952592489666,0.037406002431971695,0,-5.4002040119300005,4.80887097582287
yong1276,taik1256,-6.875916147365772,0.17564573857411392,0,-5.2881252322879995,4.4834867717741
yong1280,nucl1709,-4.758835295201267,0.02897154704619647,0,-5.6571649561775,4.095697634420761
yora1241,pano1259,-4.001069501862969,0.034206966179280034,0,-4.37910823803,3.83820504984773
youl1235,sino1245,-4.896191703162025,0.015622544163484062,0,-4.5646502224705,3.95803470140486
youn1235,hmon1336,-6.427386213957837,0.1746337281467568,0,-5.60245740482,4.580717046718685
yuca1254,maya1287,-2.65189400615745,0.06036240097892844,0,-3.00149825845,4.06339408048872
yuch1247,yuch1247,1.623296398119263,0.046977335958343046,1,0.030637423177,4.234460445696779
yuec1235,sino1245,-4.1247127415888745,0.013660600287915662,0,-4.463837639347,4.044866332656805
yulp1239,pama1250,-4.385380465072018,0.05820387288146025,0,-8.7793702054975,4.14498673942351
yulu1243,cent2225,-0.7446782903671607,0.028111114649416784,0,2.5455193290165,3.4621137346496953
yuqu1240,tupi1275,-0.23922580963889545,0.016017592494157584,0,0.68816862093928,3.6866743845400647
yura1255,yura1255,-3.0598949715859987,0.02725772073485359,1,-3.6988503766375,4.439518251129705
gami1243,pama1250,-5.476757373612315,0.12323426287785266,0,-8.3170642435175,4.188666846037499
zaba1237,aust1307,-2.155762400092067,0.0185734230891585,0,0.00827421496375,3.43128040467308
zaca1242,otom1299,-4.485288974886492,0.027989867652679856,0,-6.6391630055225,4.39716749157754
zaca1241,utoa1244,-1.9829952830365118,0.02187753949086039,0,-3.427552196395,3.819769976542745
zaiw1241,sino1245,-3.8839177695892557,0.012780318817768402,0,-4.5285323943049995,4.000510744394855
zamb1245,atla1278,1.6899915752092936,0.016505286114123142,0,6.5241446370025,3.644520813301365
zand1248,atla1278,-1.678003413100432,0.021643828958452356,0,-1.037398529357,3.559906161758575
zani1235,otom1299,-6.700511534767969,0.12123239980022822,0,-6.50603762208,4.459044085530126
zapa1253,zapa1251,-0.9109588509423083,0.015572183083129095,0,-2.4377436444925,4.113732011808715
zarm1239,song1307,-4.421717723003598,0.04592055622527579,0,-4.52047918366375,4.4836540390828254
zays1235,gong1255,-2.422774124832591,0.025964429146655536,0,-1.1319634854014,3.6921445544501204
zeme1240,sino1245,-1.6689633877868368,0.01212894179794792,0,-3.75528264298475,3.84185108539445
zenz1235,otom1299,-4.493322618774963,0.030899219390129108,0,-6.6242150328525,4.40379178576526
zhab1238,sino1245,-4.729762219411301,0.059775106190161714,0,-4.430139845075,3.993059293877435
zigu1244,atla1278,1.2011380202647772,0.022863040248991443,0,4.804824926715,3.51137696947944
nort2795,atla1278,2.6172269748910235,0.06432162614508842,0,4.7283171821575,3.490397462880895
zinz1238,atla1278,3.1534284947753495,0.038264449386404456,0,6.7920153583000005,3.6437029551920848
zoog1238,otom1299,-6.565624788467106,0.11932338501615367,0,-6.5598377976275,4.446933062201754
zulg1242,afro1255,-1.752927741764273,0.0319852643852763,0,-1.099778906638,3.602423774596185
zuni1245,zuni1245,-2.3100181198045746,0.026866527867783464,1,-4.560875754994999,4.423572508972975
