Glottocode,Family_ID,GPGLMM_3D_Mean,GPGLMM_3D_SE,Isolate_Flag,Verkerk_BRMS_Mean,Verkerk_BRMS_SE
abad1241,aust1307,-1.9766436812064598,0.03175163635735024,0,-3.4453971709575,2.837931303461465
abee1242,atla1278,0.0590469479562347,0.047325164942805184,0,-1.621871915446,2.8892983716051353
aben1249,aust1307,-0.8162906727760286,0.049469988246578715,0,-1.3103953501049999,2.75590122131372
abkh1244,abkh1242,-2.043136293153636,0.02096919210281417,0,-0.6434196791455,3.2520905735292
abua1245,nucl1708,-2.3707136648963774,0.07309328814192387,0,-3.577929822185,3.21674483420012
abun1252,abun1252,-1.1876210481432614,0.036575114726650926,1,-2.6913321844925,3.311424228224095
achi1257,aust1307,0.8253970960506513,0.036708484256624305,0,-1.4168136402862501,2.82939986976801
ache1245,narr1279,-0.4299658527494371,0.0325760374920002,0,-0.242530110105,3.1650700383533152
achi1256,maya1287,-3.6813015867921326,0.04196507867387314,0,-3.681753784765,3.29284958437754
achu1248,jiva1245,2.3106046764336767,0.03540437317539172,0,2.19382090785725,3.11584625103117
achu1247,pala1350,1.7500428386803262,0.02492390903758541,0,1.5332002904795,3.37068485144333
acol1236,nilo1247,-1.0422172697059056,0.03045716375596091,0,-2.4160663060825,2.9771985567603396
adan1251,timo1261,1.0075322486500171,0.02160006103127272,0,1.1373644750562502,3.260854776190855
adny1235,pama1250,-0.1324303390707004,0.06428716031817953,0,-0.9918795039505,2.9877375081841198
adon1237,aust1307,-1.406698160969762,0.0349831344675307,0,-2.3953227928775,2.8049501464929802
adze1240,aust1307,-1.6193166899875269,0.0376037587139126,0,-3.11710459872,2.883348284056755
aeky1238,kamu1264,-1.7283244186171434,0.037317465144916274,0,-2.776082653926,3.188012308299185
afar1241,afro1255,1.4320963524803472,0.024084664555993635,0,0.9857166313825001,2.91744162088832
aghe1239,atla1278,-0.3992323960981933,0.04218801118985358,0,0.218197222228,2.9451097798206147
aghu1255,nucl1709,0.3045635416838698,0.028666518345676177,0,-0.0800482620925,2.8385916365697197
agob1244,paho1240,1.4261433491572248,0.06906006002905016,0,1.4597395715625,3.168844754986555
agua1253,jiva1245,2.236540699228933,0.04044752144395868,0,2.1265054325625004,3.139458870549745
agus1235,aust1307,0.30916249164451126,0.049607087996342614,0,-0.45805947569075,2.7327724325321503
agut1237,aust1307,-0.9525847480447596,0.0473297164277122,0,-1.76594553178,2.81850484104804
ahin1234,aust1307,-0.6663869903255577,0.044151637380850206,0,-1.4799364382667002,2.777372120326425
aime1238,bosa1245,-1.5653397740178399,0.048812565402224214,0,-2.31919832808825,3.25784366125197
musa1266,nucl1709,0.0167581005190877,0.048295101406012966,0,1.03122878205325,2.8456329469298547
ayiw1239,aust1307,-0.853470660608146,0.042038720038484446,0,-1.9699373782232499,2.8865842904695302
ajab1235,atla1278,-0.43178210847089427,0.04739287247002414,0,-2.1041891612050003,2.94694101033131
ajie1238,aust1307,0.7902118681667406,0.0505791441390257,0,0.31909587008475004,2.81589429067201
west2635,maya1287,-3.9145882657584723,0.06495024380546686,0,-3.6732762590475003,3.307929867508225
akei1237,aust1307,-0.23665396591477056,0.04027180134259831,0,-0.3432996015125,2.82499080125941
akha1245,sino1245,-0.01826075395119775,0.0340783884833412,0,1.3362240863300001,2.78575492629761
akoo1248,atla1278,-0.9035218608898541,0.03778523758956573,0,-4.0502428140725,3.004208122181395
akun1241,tupi1275,-1.6961855882736274,0.042972211598016126,0,-3.2474731575285,3.135193465128255
alab1254,afro1255,1.196435145657262,0.02941563574087047,0,1.2312982630305,2.9133561913990453
alab1237,musk1252,1.9275260188134573,0.04698006152223944,0,2.92726066977,3.1437314183914253
alac1244,otom1299,-0.35472910316074646,0.04790229521597474,0,1.165746601873,3.066759896055575
alag1248,afro1255,-1.64863216858851,0.025959268507204904,0,-0.8356111922445,2.876438751876615
aleu1260,eski1264,-1.7880874329791887,0.028441874097838847,0,-3.0001211263675,3.41651187359908
alor1247,aust1307,-1.4304243703101613,0.039130198942447604,0,-2.3770705713697504,2.811209921703235
aluk1238,drav1251,4.141212687389977,0.04478433840644385,0,7.573972675825,3.714379514826375
amam1246,kuni1270,0.6092082671135214,0.07463184793320678,0,-0.5332179365695,2.896947252296325
amap1240,left1242,-1.235393079698834,0.03775379744863781,0,-2.328106982915,3.19081260248832
amar1272,aust1307,-0.8690182691469479,0.045700108110780055,0,-2.1011348771665,2.834551757075325
amar1274,hara1260,1.1831158463248634,0.026768820059957277,0,0.9991110939275001,3.308460335106965
amas1236,nyim1244,1.431831401199644,0.027886352367312277,0,1.83513169812475,3.63116521786127
amdo1237,sino1245,-0.5427432926265839,0.03621676862618223,0,-1.29661672082,2.851429514995275
amii1238,west2434,-0.8187695171536622,0.05631528325935689,0,-1.7518450295524999,3.10472721016087
amis1246,aust1307,0.19946545706948593,0.04235186921033751,0,0.81344318350275,2.88618157050512
hoaa1235,kxaa1236,-1.2895241866207323,0.032001364768364134,0,-2.67948584327375,3.51881750920965
gily1242,nivk1234,1.929559777427158,0.014360530448342523,0,4.74829294013,4.1437285386013105
anei1239,aust1307,-0.15911250855800618,0.03634203439033532,0,-0.352573814035,2.8190938863431203
anfi1235,gong1255,1.8801352262343607,0.05441704584029898,0,1.383155071314,2.94600264945396
anga1290,anga1289,0.8187196260592697,0.040286832297658455,0,1.196860348854825,3.239101906227405
anga1288,sino1245,1.3235579752763718,0.021810594744643932,0,1.745271427345,2.94055320580584
ango1257,chib1249,-0.09980351992904221,0.03146303847822883,0,-1.21108778455,3.077297573415385
wara1294,more1255,-0.6404711423962002,0.05579998749074829,0,-1.9910465330712501,3.0825044545900653
anuf1239,atla1278,0.2385924356559031,0.04560454466175555,0,-0.5388865036545001,2.880038120690445
anuu1241,sino1245,0.4884340775397408,0.030621777339856004,0,1.0704546606115,2.878817914157945
anut1237,aust1307,-0.6052502763018619,0.013039222964539922,0,-1.16154159555575,2.73472758976964
aona1235,sino1245,1.2143844822654035,0.04054678759629243,0,1.3548214633125,2.90767539610864
aoua1234,taik1256,-0.8366280128791506,0.04308693928392169,0,-0.6653797157925,2.989108016848145
apat1240,sino1245,0.8326795332721834,0.04622629347909505,0,1.32620149211145,2.798634774661325
apin1244,nucl1710,-0.1207848909212545,0.04682115234757727,0,-0.4165433540745,2.997672370495335
apma1240,aust1307,-0.43905566562787723,0.03582354250878379,0,-1.3277611318575,2.772631909862125
apma1241,kera1258,1.4783852433023534,0.06558797529485748,0,1.0044945796065,3.247144416785185
arak1252,aust1307,-0.3732558909177149,0.04138450868520469,0,-1.482313982895,2.784843911476945
arao1248,pano1259,-0.6177911645395497,0.03622487512086406,0,-2.1280619216125,3.0167636694444253
arap1274,algi1248,-1.1940052461859123,0.03621187541411593,0,-1.787213636083,3.07723989730413
araw1273,tupi1275,-1.7965602764262423,0.03520102541800875,0,-2.4010180119960003,3.05541150982125
arbo1245,afro1255,0.7531976673697408,0.02579506136952454,0,1.076001744445,2.8585251896025747
aree1239,aust1307,-1.9373126220134778,0.04138644158959394,0,-3.0159086218724998,2.8852182531540302
area1240,aust1307,-0.5857318912681153,0.03390140423755036,0,-1.0147662353446751,2.761470565596575
argo1244,afro1255,1.3986025364870915,0.0272999133817153,0,0.25726531854425,3.08220630524967
arig1246,atla1278,0.07484723219880701,0.048700274237143674,0,-0.43954929426212497,2.960635457070835
arik1265,nucl1710,-0.7107555790455083,0.03801207416109718,0,-1.5910947871675,3.0160094995408597
arom1237,indo1319,3.3068225465180725,0.033035127424265086,0,5.955679164625,3.202046273981595
arop1243,aust1307,-1.194958951746065,0.03944663027815399,0,-2.496825045721425,2.811903542467425
arop1242,aust1307,-0.9827514947309509,0.044846446622490384,0,-1.2867369384854999,2.830449256576135
aros1241,aust1307,-0.9674686146008156,0.044497925277207695,0,-1.8018524649675,2.770066157355455
arta1239,aust1307,-0.5322359377526589,0.05535173612264638,0,-1.863501714345,2.772128341824235
ashe1272,araw1281,-1.281400379837354,0.035234773864025744,0,-2.6449520375624997,3.12606612069682
assi1247,siou1252,-1.6535715600164842,0.04074454303930793,0,-1.14838432754525,3.1803480245565954
asur1254,aust1305,-0.7281970692337008,0.04503551378615775,0,-1.1533465040125002,2.981551424522
atam1240,aust1307,0.26543257100520423,0.062372079080661696,0,-0.7525339694087501,2.73486998118623
atay1247,aust1307,0.21611214133646495,0.04496990158744482,0,-0.1820231690834225,2.94496511844046
athp1241,sino1245,-0.6193286924637977,0.019429493607865958,0,-1.39976673885675,2.87670364736536
atii1237,aust1307,-0.42550196860981965,0.0340278801486022,0,-1.9738460565702498,2.844915429041225
aton1241,sino1245,0.9456067547727989,0.038989432589645386,0,2.2382238604399998,2.911575126433895
auuu1241,nucl1708,-2.270546249305014,0.0654290101404765,0,-3.845597275247,3.1699615011875197
aulu1238,aust1307,-0.5713738486391051,0.03797672519281736,0,-1.4397641902862501,2.772157507111285
auye1238,nucl1709,0.43516753110090345,0.04308673192270343,0,0.0265348533172,2.869099629407465
avac1239,tupi1275,-1.6361339006806697,0.03942239541213107,0,-2.4538490648525,3.067568454119875
katb1237,aust1307,-0.5401846152996792,0.045611321468436036,0,-1.312987819515,2.771931627220725
awad1244,aust1307,-1.34824747395373,0.03973569713625199,0,-1.4013042974845,2.8082547844679198
awad1243,indo1319,2.0577439264999717,0.023801104397064083,0,5.0452111139075,3.1341385520339653
awap1236,nucl1709,-0.12137547328426421,0.03648933039500888,0,0.3047654331445,2.87264048035117
awar1249,ramu1234,-1.3005238166900552,0.026688984724408563,0,-2.5577593993582504,3.27109509744971
awar1248,nucl1709,0.10449762480456415,0.018242338024698802,0,0.1658267126465,2.845725213768255
awet1244,tupi1275,-1.5874043271379152,0.044665033627705915,0,-2.565070845694075,3.1227161420102147
awji1241,afro1255,-0.26434788059527403,0.023578187297837394,0,-0.90614183969725,2.997460747168555
awtu1239,sepi1257,2.1116295788473742,0.06849632318575972,0,1.9589662812670001,3.173434273683325
axam1237,aust1307,-0.642530390652758,0.04521597047432933,0,-1.54552998701087,2.79203894937846
axiy1235,sino1245,-0.04842625044417745,0.02412640392592924,0,1.4710142469899998,2.798784923897095
ayac1239,quec1387,2.80248427761844,0.030893492789047915,0,2.89873242580775,3.1146117967613147
azha1235,sino1245,0.13534065730223435,0.01951921873894335,0,1.537846706612275,2.80099037938143
baba1264,atla1278,-0.3333670174015654,0.050905860440328805,0,-0.0573398049795,2.9090159313608
baba1266,atla1278,-0.42162548666342026,0.0704510167548528,0,0.4512624675705,2.928883857831085
baba1268,aust1307,-1.1808509232661684,0.04531301160335136,0,-2.3992210627212502,2.873853967091385
bada1257,drav1251,4.220429058553696,0.04609198327352229,0,7.5651083098175,3.7227037910294998
bafa1247,atla1278,-0.9277403106634027,0.036976155472896025,0,-4.033676118040001,3.008028219247935
bafi1243,atla1278,-1.0613352853901241,0.036474574035262206,0,-4.0625851525145,3.02649102302809
bafu1246,atla1278,-0.35418819367464627,0.04655166177857861,0,-0.14789194934924998,2.9032431614643848
baga1273,atla1278,-0.6031517143460206,0.038463119637023646,0,-1.5933169854,2.82126826993576
baga1272,atla1278,-0.8757757936254758,0.037473942549238415,0,-1.91382814125175,2.8310424632773
bahi1252,sino1245,-0.8500072739264851,0.03896009674905735,0,-0.5652582264399999,2.7991908198615647
bahn1262,aust1305,-3.236293090141962,0.03126815068965922,0,-2.37638320733675,2.893400126748195
baik1238,aust1307,-1.361389165182763,0.0395304759221916,0,-1.4227005609094752,2.8511181106522
baim1244,sino1245,-0.5084829726905828,0.03684791798636967,0,-1.2861715265325,2.84676674413708
baki1244,aust1307,-0.5327110167502831,0.03563570248643212,0,-1.041415481691,2.76459400760123
bala1316,aust1307,0.8261118125963689,0.041272693484077895,0,0.76011071932725,2.805557331920215
bala1311,aust1307,-0.8622676280226556,0.03435186353933494,0,-3.0140135034095,2.85144886961384
bala1315,aust1307,-0.4374331104123188,0.0381039814223856,0,-0.8078362470292499,2.8241896628535796
bamb1270,aust1307,-1.5001688790211622,0.060100045956398784,0,-2.5115975014807503,2.891182634665875
bamu1253,atla1278,-0.5606806360347028,0.051396083870068714,0,-0.052712374714999996,2.88657383042732
band1344,atla1278,-1.7703201465197858,0.04476986410943005,0,-2.855448102795,2.9071048331437552
bang1369,sino1245,0.46453430352246594,0.03099274353014558,0,0.07748416084825001,2.87157540316593
bant1281,sino1245,-0.6713015307009251,0.03590215358243175,0,-0.24544551747225002,2.84369391381858
bant1288,aust1307,-0.4449685071286499,0.04668178974836341,0,-0.9653457132375001,2.7320789237177454
bara1357,sino1245,-1.2531938221306045,0.019303222299659296,0,-1.75154576462175,2.8751579176785897
nucl1630,koia1260,0.535714920957781,0.041812523461858896,0,-0.0478306573115,2.97767069783875
bara1369,aust1307,-0.4639240713595056,0.03570380679493895,0,-1.977176146653,2.805892207120105
bara1380,tuca1253,2.84247533356555,0.037159249532087414,0,3.0647717869499997,3.119660765349505
barg1252,nucl1709,0.034870408070453496,0.041261173935091135,0,-0.98882162418775,2.9600456745601402
bari1286,aust1307,-0.7611016383748885,0.043847672488250916,0,-1.6561774598675,2.79126206712015
baro1253,aust1307,-0.8844589727525296,0.039878575112012725,0,-2.39259714279575,2.850176818480015
basa1282,atla1278,-0.15357831169075103,0.03658710604677245,0,-0.80761862219575,2.9126301381713997
bash1264,turk1311,3.3448521797798785,0.031038704125885892,0,5.5714866270000005,3.22505514329831
basq1248,basq1248,-0.6216357417619814,0.017684667267697993,1,-2.39902027174875,3.71791107313505
bata1289,aust1307,-0.23551871209230013,0.05000103543441267,0,-1.5653293858400001,2.809498217311255
bawm1236,sino1245,0.3781230823396182,0.023660094912509803,0,-0.1092323780775,2.83667450942943
bayb1234,aust1307,-0.1548975289322081,0.0402877848699022,0,-1.10817436480075,2.70989856885734
bebe1248,atla1278,-1.401042010558342,0.0336122000256342,0,-4.19667738744,3.02411050085014
beel1236,afro1255,-0.016993012968497048,0.025455482383904295,0,-2.0014529607925002,2.836975048782155
beem1239,atla1278,-2.3284217826761813,0.0409812992402721,0,-4.67049198146325,3.039251181648375
bekw1241,atla1278,-0.3249888958630043,0.05448721906137563,0,-4.0233667021575,3.135035358271935
bekw1242,atla1278,-2.037609988168919,0.03228061878535141,0,-3.7402018475237497,2.952104218291675
bela1254,indo1319,3.832860574120734,0.04564567131440847,0,5.81721479806,3.21302429382245
nyal1254,aust1307,0.6919453686119281,0.03600933510207544,0,0.7656570879155,2.80206218667933
belh1239,sino1245,-0.6687653366195232,0.020016437845559343,0,-1.4093210050325,2.88822902203259
bell1243,sali1255,-1.9802101588635117,0.04535028204829387,0,-1.8983029974275,3.1672131191325503
belu1239,atla1278,-2.6968698740228367,0.03356174320968515,0,-4.3254672271725,3.0573377795044
bemb1257,atla1278,-2.806369036308224,0.031727445632272366,0,-4.3882717896429995,2.98559397293708
beng1282,atla1278,-1.1663174528699356,0.03144148364184706,0,-3.4307877047949997,2.949034022004795
zagh1240,saha1256,1.1470416901488685,0.03867789166897025,0,0.95338872542825,3.1326020516577
bert1248,bert1248,-0.6097231226612864,0.03192559252449185,1,-3.64642569503925,3.76166068423656
bhoj1244,indo1319,2.335344361850991,0.026697618446839266,0,4.9687187600625,3.0674680709245647
biaf1240,atla1278,-1.0766443258019662,0.02424259021442113,0,-2.921645581405,3.0329218184534
bian1252,kuni1270,0.9220776637461294,0.07176461992889212,0,0.454141811465,2.961033249026765
biao1254,hmon1336,-3.3787126881189,0.02195588382860708,0,-3.1541930707625,3.107838332966415
biao1256,hmon1336,-3.451740144695952,0.02309727172127735,0,-3.20220648449775,3.1073331019726647
bier1244,aust1307,-0.611635006334414,0.02867470397906954,0,-1.2269004915187498,2.76603094716873
bign1238,aust1307,-0.3236445440641772,0.04444021675483497,0,-0.8445119294025,2.7474854437826
biha1246,aust1307,-2.5337174559078894,0.03871543397798037,0,-2.51791321920425,2.829060483617165
bila1255,atla1278,-2.676347702677152,0.040658349842012345,0,-4.5192301353602495,3.049904574425625
bilb1241,aust1307,-1.5714678170570748,0.016509706801675624,0,-2.3498123177765002,2.818083901167055
bili1260,afro1255,1.1212746675949798,0.029872814795351966,0,1.0586786346075,2.8898627839169047
bimi1240,nucl1709,0.14864735988161776,0.037076549371213775,0,-0.03542268683875,2.839529862566535
bina1277,nucl1709,-0.3591500228399509,0.031145282637066226,0,-1.186358026534,2.83124288081588
bini1246,atla1278,-0.13138488102276796,0.040546229141923566,0,-1.484489819862,2.86288329646188
gunw1252,gunw1250,-0.6439300164844753,0.05997243211246281,0,-0.44087166272175005,2.908371556175195
bisu1244,sino1245,0.06969014370510279,0.03110639835771807,0,1.657134388339,2.81940090361344
bitt1240,aust1305,-1.6284386267412145,0.02200205210383601,0,-2.0637105978349997,2.812907760787115
biwa1243,yuat1252,1.0223830695268303,0.017170169185741165,0,0.8937122737050001,3.22060244520891
blab1237,aust1307,-1.0545133503216388,0.014582967268909768,0,-2.948376331075,2.821980529847925
blan1242,aust1305,-1.1136025934906155,0.03321631395442231,0,-2.07001744227775,2.80636607153854
bobo1255,aust1307,-0.8425058746795671,0.04603778165276517,0,-1.42534340440125,2.816933543105565
bodo1269,sino1245,0.9893644586399707,0.04385777471017668,0,2.2595567268858,2.9060916758676
boka1249,sino1245,0.47739832142375965,0.04019562632604099,0,1.5342499972397499,2.795436267686175
bola1250,aust1307,-0.6155619712573759,0.03443658173225345,0,-0.455988923806,2.8443315192395398
chim1302,quec1387,2.693336953153555,0.054132153912789124,0,3.032029096155,3.0786768110220653
boly1239,aust1305,-1.4622401905575888,0.024136241108156493,0,-2.0981974425964998,2.85918540147921
bomb1262,atla1278,-2.145102836728128,0.04043117394685848,0,-4.6994843797775,3.05810033587692
bomk1234,atla1278,-0.42772590231395585,0.026934854138935652,0,-1.6231428398795,2.84960307760992
bona1250,mong1349,2.336374633817429,0.03368776196562679,0,6.2503146449527005,3.7566910836689846
bond1247,atla1278,-2.2656942587285513,0.03786277865688924,0,-4.77809710445925,2.974662495668925
bong1289,aust1307,-0.6351890391733499,0.04435221742076336,0,-0.7732348121090751,2.844209806985285
bora1263,bora1262,1.2596329753727127,0.025217157194430285,0,1.088198152704925,3.28990800734137
bori1243,sino1245,1.0239413591370359,0.030945941150640515,0,1.5502082509072501,2.841498271136355
boro1277,gong1255,2.1726016787529123,0.043165872716374655,0,1.45387084567525,2.942973106995025
boro1282,boro1281,-1.4774241886120079,0.03330332564678235,0,-2.29649068053825,3.35072724711899
boto1242,aust1307,-0.78656475660864,0.047350917958264446,0,-1.1071059590652501,2.74792677268276
boun1243,atla1278,0.4631859326660529,0.053035161550876224,0,0.26474093971,2.92485177659069
boun1245,nucl1709,-0.44448243621769634,0.014561114842546127,0,-1.8101323645549998,2.8692815550447053
lave1249,aust1305,-3.1210257600225244,0.020267434831799557,0,-2.31545885279,2.8853361828869453
bret1244,indo1319,3.708255577857573,0.023587677743061333,0,5.696046759575,3.26595011211328
bube1242,atla1278,-0.9026082364009886,0.0380818428679502,0,-4.3109180452825,3.079660792280155
bubi1250,atla1278,-2.021102008732655,0.02230511066065458,0,-4.296498630945,3.06864261249275
budu1265,afro1255,-0.3351978231346031,0.060949926756488415,0,-1.43685888946,2.8566892442850653
budz1238,atla1278,-2.5101622227521814,0.040215143887249685,0,-4.707786592850001,3.056873413449665
buga1247,aust1305,-1.4595345437919038,0.025792318143722508,0,-2.09651206303,2.8607650851525
buga1250,aust1307,-1.50374308056259,0.012056258331240122,0,-3.0735230251025,2.8732876085481003
bugh1239,aust1307,-1.0049826840336382,0.04604731570150988,0,-1.79698334319375,2.81208151554847
bugi1244,aust1307,-1.3868752385235799,0.0574102615114147,0,-2.5635246758149997,2.87492478992304
bugu1246,sino1245,0.34787412333451506,0.031473375761677906,0,0.838176634026,2.86812466508087
buhu1237,aust1307,-1.968784411980515,0.0330127071006401,0,-2.8828681345775,2.889660238891245
bujh1238,sino1245,-1.250113365030682,0.02268368993713819,0,-1.704867862355,2.90092093324453
bull1247,atla1278,-0.42704371584279277,0.02854828809345875,0,-1.4890479387775,2.8447858759045648
bulo1242,aust1305,-3.3891776887029783,0.0385192452106905,0,-2.37495984140425,2.888768663405965
bulu1251,atla1278,-1.3650149699790226,0.03289701694834327,0,-4.21238090314,3.0181959977534847
bumt1240,sino1245,-0.055367875625027554,0.03935785988202924,0,-1.36821029531,2.90343413325176
buna1276,aust1307,-1.8810014789265157,0.014386842530553832,0,-2.9635612529550004,2.864069247032305
gahr1239,sino1245,-0.49456503908717053,0.042639239786537664,0,0.7269405054025,2.8659900308548902
bund1253,indo1319,2.7865831880517593,0.024142946218194364,0,5.0696003715525,3.133858229029805
buol1237,aust1307,-0.6443503088629192,0.06883902448747503,0,-0.15355259772750002,2.8131095831052146
bura1292,afro1255,0.7353463959667191,0.024655677164085114,0,-0.5411808122174999,2.84642571464156
bure1242,afro1255,-0.0145244119722434,0.028998799185311522,0,-1.785636661593975,2.8569323583504147
burj1242,afro1255,0.8322429862966847,0.019945268982697245,0,1.19013444511895,2.912083851342195
nucl1310,sino1245,0.25758722266279177,0.027003852350341376,0,1.57677822853225,2.886873222968825
buru1320,afro1255,-1.6632036998856805,0.02054232536001216,0,-0.8239790257217501,2.874712808475615
busa1253,mand1469,0.22331290972117565,0.016767730081237445,0,-0.21200583241624998,3.2417289715573148
bush1247,atla1278,-2.8152024397179596,0.03949861031707274,0,-4.6917034633575,3.06710983302928
buwa1243,afro1255,0.4723606765059129,0.03570721291487582,0,0.44391323340975,2.8509757589202103
bwai1242,aust1307,-1.7646560696859073,0.03835983955934496,0,-2.0727583957575,2.799950579940795
bwat1240,aust1307,0.8748765674846116,0.04809486666567614,0,0.553778673238,2.816064479615865
byan1241,sino1245,-1.0208897556993803,0.04275471411785272,0,-0.913899107345,2.872452366083415
caac1237,aust1307,0.7803539561153348,0.01922173657939179,0,0.7078612341565,2.810034856696
cahu1264,utoa1244,2.2564662670616276,0.048614158218956406,0,2.9718881300855,3.0970160218545146
cakf1236,afro1255,0.37449668171819983,0.04077811614476365,0,-0.675525093485,2.84730269160301
cald1236,quec1387,3.013122034856481,0.03775924523772957,0,3.0323490954974996,3.082971651096355
caml1239,sino1245,-0.6647097653255768,0.03939323202366031,0,0.05424386883425,2.85000315574616
camp1261,indo1319,3.6598227976951687,0.02647529382979018,0,5.9898604902749994,3.204279588615155
cams1241,cams1241,-1.0367680564456911,0.01865673762676216,1,-2.221732279057,3.3516741009154902
cane1242,nucl1710,-0.5418662936430546,0.04828632991413556,0,-1.0601536847472501,3.001064979964875
caom1238,taik1256,-1.5321927284969883,0.057677430873929424,0,-1.9916882367575,3.0765377476425604
capa1241,pano1259,0.23632319961066575,0.038181811489249304,0,-0.113920950082,2.87793446540077
carn1240,aust1305,-0.1508472819667629,0.024542923030607615,0,-0.2401550067175,2.861458714353705
caro1242,aust1307,0.742571017449756,0.03209932958352428,0,0.71688696191,2.7078181048755203
cash1251,pano1259,0.057172800974381405,0.022915327805499725,0,-0.94445831590875,2.94177884111178
casi1235,aust1307,-0.33511991716381573,0.05634819053742007,0,-1.07045460024,2.77982776710114
stan1289,indo1319,3.646982882414986,0.023296282505902315,0,6.0270242066,3.1717666943755702
cayu1262,cayu1262,-1.593986362234748,0.027271121540087866,1,-2.3452851619625,3.35517637934888
cemu1238,aust1307,0.7513965555821703,0.03592392536690533,0,0.571166935224,2.820965085222535
cent2127,eski1264,-2.0228274544334504,0.03459671617838489,0,-3.09750638846,3.41273987012475
cent2142,ayma1253,1.5155300585997242,0.0379557609864722,0,1.64209074315225,3.2159032505503653
cent2004,sino1245,0.9293451968004107,0.03704213352564877,0,1.7870659779125,2.8709945883758152
cent2292,aust1307,-0.4483712674837496,0.0948570890733507,0,-0.94477573363625,2.73920440244191
cent2084,aust1307,-0.6761464198026061,0.06470981007764372,0,-2.178119383248,2.7742970955130497
guer1241,utoa1244,-1.524715464327926,0.042550413994737815,0,-1.325728110285,3.005197217921765
cent2050,saha1256,0.7464625140646499,0.041453559275007136,0,-0.41943940095,3.040234289013765
cent1989,aust1305,-2.943343561902388,0.033170181786217175,0,-1.9305953785676,2.8435113454335497
cent1972,indo1319,1.763025993059057,0.027888041059740395,0,5.0481849372775,3.2327099480177353
mala1479,aust1307,-2.0508313762656405,0.019181071784889533,0,-2.9950336694025,2.8123936441462
cent2322,ural1272,2.2972559252558993,0.03906973361345579,0,3.5682156178825,3.099842660667275
cent1992,aust1305,-3.4470470679972376,0.03292279177544847,0,-2.39192391806,2.8827082637143002
cent1990,aust1305,0.05628327738025255,0.0270407645696632,0,-0.26549650690750004,2.86275950398372
cent2126,japo1237,1.8122347578680729,0.01874429599757158,0,2.52572855673615,2.9717946976688596
cent2091,aust1307,-0.5918428678926855,0.040609451835883874,0,-0.109042944325,2.8218307744358597
cent2140,miwo1274,2.299933605296868,0.04302398304239346,0,1.84588102439575,3.2657043328744297
cent2131,utoa1244,0.9016923521208438,0.04742441858236792,0,1.5105378212554998,3.029314196086555
chac1251,pano1259,-0.5817137515812386,0.038455071524061704,0,0.0856100343705,2.8714932800204247
chak1270,sino1245,0.5471066954742926,0.021217377174630462,0,2.3834299881347496,2.8973849526182747
chak1271,atla1278,0.5556278456491537,0.03781651643104635,0,0.21553879363695,2.915324287107035
chal1275,afro1255,-1.9267129161734622,0.023211394472285984,0,-2.4169379443625,3.019593607000105
cham1315,zamu1243,-1.6147338009015095,0.029103966795853767,0,-2.1166725960450004,3.35372958607263
cham1312,aust1307,0.31050051185589755,0.038898960033886903,0,-2.1538365600775,2.927606986352675
chan1313,sino1245,1.2044354110591833,0.038205763353038345,0,1.7617495976900002,2.83241948745739
char1269,gong1255,2.37296105593062,0.05010885422243176,0,2.30266660577,3.03784517946401
chas1234,sino1245,0.7701314216505863,0.02711491576599868,0,1.16772318368225,2.80257736511397
chek1238,aust1307,-1.0616986496165608,0.0429359488377222,0,-2.922430005535,2.84382349090345
chen1255,drav1251,4.004592232898268,0.05315062006530096,0,7.541781703554999,3.72191070424097
chep1245,sino1245,-1.1753849269981413,0.012916663986011222,0,-1.7081719513542502,2.903439087027135
cher1273,iroq1247,-2.75587998609231,0.0426037374754898,0,-2.6759497843755,3.3828718131367053
chey1247,algi1248,-1.636700640271145,0.044196721946663194,0,-1.75339486529625,3.0938025740186603
chic1270,musk1252,2.128737738222653,0.04361695305858265,0,2.9567603188189997,3.130411217762085
chil1280,atha1245,-3.547867945576572,0.05225028158218433,0,-3.6918345434475,3.3261478621202
chim1312,atla1278,-0.633326237740182,0.032649896810398565,0,-4.779895711612,2.954388901058865
chip1261,atha1245,-3.683602796390698,0.05239589770793663,0,-3.71472166910425,3.2876439679109852
chip1241,algi1248,-0.9224918915982354,0.03416205333266578,0,-0.6907651046552501,3.0327932303252148
chir1283,sino1245,1.3002820150298167,0.036592977167912974,0,1.2316198689600002,2.8547765534426652
choc1276,musk1252,2.0862531278301155,0.04112697487666405,0,2.9513904906875,3.1341951067331797
chon1284,aust1305,-2.5706747680124806,0.02701411653519955,0,-1.8499823634900001,2.8654475665841552
chot1239,sino1245,0.905813208228097,0.029955022621102865,0,1.3509566955525,2.84939064304486
chra1242,aust1305,-3.34364802972049,0.03522572600459989,0,-2.3902282295,2.899823136882665
chuj1250,maya1287,-3.930186334437286,0.0487578937023694,0,-3.674730657825,3.318969831113145
chuk1273,chuk1271,1.755055631922733,0.03166672068005622,0,4.287236901855,3.9077837137388753
chuu1238,aust1307,0.9128016731759536,0.0397131827259162,0,0.7746686182567499,2.7118635146444703
chuv1255,turk1311,3.853863056000308,0.026068815439369394,0,5.479615085955,3.28679775338676
chuw1238,atla1278,-1.2386951621290856,0.04282964280809854,0,-2.70448080231375,2.837966844827315
cici1237,atla1278,-0.7331509360018842,0.03124757615510639,0,-1.881013951217225,2.9097024755624847
chin1286,chin1490,-1.2269226134348448,0.027969015739952426,0,-1.9397045336962502,3.42402070633272
cent2087,aust1307,0.07187789618647275,0.04415649354084232,0,-0.11103045929075,2.730795913716895
sout2912,aust1307,0.18164407721252585,0.04765503577172626,0,-0.113203925485,2.7284555006108304
coat1243,otom1299,-0.206749064840973,0.04993693883753136,0,-0.12644261028725,3.02789425866877
coca1259,tupi1275,-1.198890881826692,0.045233522152043966,0,-2.0599136298437504,2.95345155553946
coeu1236,sali1255,-1.6685026702389583,0.032184961792524426,0,-2.4052157379427497,3.1457230556642797
cofa1242,cofa1242,1.5553913560686012,0.027622369775256644,1,1.2193218810125002,3.31202067841485
cogu1240,chib1249,-0.09519057574706186,0.03429757796569454,0,-0.3757366137325,3.0680564435769604
inga1252,quec1387,3.058187353597054,0.03360902709896055,0,3.0235568773625,3.07884187995599
colu1241,sali1255,-1.707129996812669,0.03528975773679403,0,-2.37740553861375,3.138717923280815
coma1245,utoa1244,0.6812038979666699,0.03258640336581928,0,3.0963451551025,3.0986744624315996
como1259,sali1255,-1.7564821066700547,0.036456087910341904,0,-1.290123954153,3.09439963458605
cors1241,indo1319,3.7274527445167127,0.024415992372483566,0,5.9830882270500005,3.17743120998039
cosa1234,sino1245,-0.06109553656386685,0.030249490770266337,0,1.08886543372325,2.8125579118324753
cree1270,musk1252,1.96081755823044,0.04738990055733164,0,2.9067954985149997,3.13797399956844
crim1257,turk1311,3.209046461456783,0.03426872658220027,0,5.5535180958535,3.2657149789117748
crow1244,siou1252,-1.1295527421655613,0.027382653191194314,0,-1.5878113700675,3.16380251580346
cube1242,tuca1253,2.8878534801536735,0.037808736827725196,0,3.1168529680225,3.131779871860425
culi1244,araw1282,-1.400739582561778,0.025098538738618437,0,-2.0028083391,3.311382951604995
cusc1236,quec1387,2.6844303394928803,0.034249216345522124,0,2.9031338318925,3.1091378626444097
czec1258,indo1319,3.904190700807817,0.03885589375767949,0,5.8326738473875,3.22011179210859
daai1236,sino1245,0.12480553328010315,0.02709437048704751,0,-0.6738651646332501,2.851253312051325
daak1235,aust1307,-1.4589905812151418,0.045121266633056614,0,-2.42347081356,2.849721237556685
daas1238,afro1255,0.45923127073819575,0.026434485855184316,0,1.08048855296075,2.86612201218554
dadi1250,tebe1251,-1.6749473637560979,0.032648955424076635,0,-2.1773458497375,3.3322936652037747
dagb1246,atla1278,0.005899057935729949,0.036785416344425045,0,-1.2236480572,2.856083090552075
dagi1241,narr1279,-0.5363949369717531,0.031010703145560918,0,-1.7654572921299998,3.19881324782234
daka1243,aust1307,-0.42765190537373465,0.04274580203308986,0,-0.4174813959235,2.8024487771794
damp1237,aust1307,-1.245252861197323,0.052858444073554084,0,-2.391302515025,2.848565212788865
dana1252,aust1305,-1.4594629274183974,0.033273592077511335,0,-1.829256942285,2.83323549401756
dand1238,drav1251,3.7984444392521715,0.041775695885045955,0,7.56105610809,3.7064016846292347
dani1285,indo1319,4.017721316833286,0.0271112982514523,0,5.8292650966575,3.23186801378706
dara1250,indo1319,1.8748494641205076,0.026398910478434855,0,4.988379467745,3.07638069420244
dard1243,daju1249,1.2959441582206526,0.033226790014714805,0,1.74166217677,3.48677957109786
darm1243,sino1245,-1.0156245071564538,0.04371438916497209,0,-0.906374751305,2.8700414441479696
daww1239,nada1235,1.204135200744474,0.03489803447302642,0,1.32387451382975,3.2788065981884102
dawr1236,gong1255,2.3788510534415774,0.03513885737424971,0,2.410858647125,3.0006436290807352
daza1242,saha1256,1.0698093066850651,0.022050080797508136,0,0.863758378208275,3.0384651694689646
defa1248,ijoi1239,1.7585301891576846,0.05266779819717656,0,1.4374430085349998,3.5580705943336097
dege1246,atla1278,-0.598805876967675,0.03662536520111768,0,-1.7834888328587502,2.9008150838423097
dehu1237,aust1307,0.0074017871137829,0.03773450757767868,0,-1.32989862919125,2.84611541789607
dera1248,afro1255,0.603898381685199,0.018216654549129224,0,-0.897423329695,2.8531009702644097
desa1247,tuca1253,2.8462737898055392,0.023756250835408717,0,3.1238134864825,3.12496081890245
dhao1237,aust1307,-1.7019943434987321,0.030488138494969154,0,-2.6809501847065,2.863350135136495
dhim1246,sino1245,-0.0520072771772414,0.04127264108590893,0,1.43373959044,2.86882864487072
dhuw1249,pama1250,0.1837734990453335,0.057353981442589144,0,1.52209027589825,3.04956106972444
dibo1245,atla1278,-2.3012286270177027,0.03220607845318647,0,-4.538161842811,3.06230527611683
dier1241,pama1250,0.0898690753143563,0.058659419496394055,0,1.159027013116,3.05975674571535
digo1243,atla1278,-2.0319917754402947,0.04247175615328468,0,-4.7301359507725,2.9592359887205903
dima1251,sino1245,1.2215214538706891,0.03819943979113473,0,2.25921346333,2.8912923110295248
djee1236,mani1293,-1.547149457411329,0.034309702381384755,0,-2.18708378223325,3.32690149127727
djeo1235,nucl1710,-0.7121993647778649,0.0407585288884181,0,-1.58505280963675,3.0362567780018797
dobe1238,aust1307,-0.927017205269115,0.041054599341868475,0,-1.87897081120675,2.846880476050385
dobu1241,aust1307,-1.8747213215970784,0.03761890858334259,0,-2.9617170822275,2.85328843496605
domm1246,nucl1709,-0.3810188262133552,0.043197460387676065,0,-1.77993010239945,2.8727935701019502
doma1260,indo1319,2.289610315046994,0.025208376664689273,0,4.97232827074,3.1388942677988902
doro1266,manu1261,-1.7034858634984134,0.027168939198886157,0,-2.4322644274050003,3.30358923687447
drun1238,sino1245,0.8270616997733902,0.03938087832290052,0,0.4897757610325,2.8433500450951996
chug1252,sino1245,0.3967465249480331,0.025301303188814232,0,0.431101604165,2.88291359290629
dumb1241,aust1307,0.3993340944174565,0.04158228414461409,0,-0.95227564924725,2.807769914353755
dumi1241,sino1245,-0.843930804762916,0.026214425196733206,0,-0.9264499937149999,2.824501408032285
dusn1237,aust1307,-1.3310790468809937,0.03459689849811925,0,-2.90245406796075,2.92699649927845
dutc1256,indo1319,3.9392207848796863,0.022639343598371216,0,5.797754078703376,3.249984315070365
dyul1238,mand1469,0.7677222681608428,0.01745084444256117,0,-2.160195723586575,3.259265918733125
dzao1238,hmon1336,-3.432595957851063,0.02124134351297528,0,-3.1737055817,3.1153316695524698
east2443,aust1307,-0.22577789145085458,0.03556534673584366,0,-0.069165861035,2.8008186013134697
tang1336,sino1245,1.21167303077903,0.020819965240724818,0,1.7870708872235248,2.9568781734297698
nucl1235,indo1319,1.148087555220188,0.02338078704695975,0,2.2057154182425,3.156339880281945
east2379,pama1250,-0.12863372345730015,0.0569761136699976,0,-0.00852990561325,2.91196869444453
sout2896,aust1307,-1.4403627742028249,0.043647395196809775,0,-2.4820782235315,2.83124372553904
east2555,tupi1275,-1.4239620202227772,0.05053855473005334,0,-1.551156751835,2.94100432626686
east2690,afro1255,-1.1746910131211155,0.024148511025540238,0,-1.8801047116625,3.108166849205325
east2556,otom1299,-0.8453852880082648,0.037636928525356085,0,-1.1428884499105,3.0072053648817
east1236,aust1305,-3.1022406322014504,0.031061681448938876,0,-2.1372808825650003,2.8566260361711047
east2342,sino1245,-0.33027796513440066,0.046819618805131,0,0.29262369205667504,2.8468210935597753
east2782,atla1278,-2.3784820676609586,0.046200643890102935,0,-4.66744361191975,3.057419735930265
east2328,ural1272,2.809802723550992,0.04185194760609782,0,4.85734734045025,3.180782585053395
east2773,sino1245,-0.9994891619069612,0.020239004868584657,0,-1.7354035094495,2.88019593456481
panj1256,indo1319,2.0990303206010053,0.04191268024883854,0,3.8429264280082496,3.03502536219565
east2485,aust1307,-1.4656150987366887,0.05144941517947232,0,-2.0979568946300002,2.868193126144445
fina1242,aust1307,-0.35859422695304377,0.06106238369071514,0,-0.7777590252275,2.73467341000541
east2694,aust1307,-0.30420273634336875,0.05529086263139181,0,-1.707211214802,2.76301592821532
east2447,aust1307,-0.3943308217528071,0.03565448234966275,0,-1.2679408591325,2.742471905208855
east2516,nucl1709,-0.5074880856136341,0.04246617557566831,0,-1.59411829662,2.897136576086025
huaa1248,tuuu1241,-1.4007377131346066,0.03360877935798905,0,-2.19503723810975,3.453621060054135
wall1257,aust1307,-0.34683043374790945,0.03726005683041384,0,-0.7817662414,2.7096252105222147
egaa1242,atla1278,0.24756906544915605,0.0512417975318259,0,-0.4445911439625,2.986302555372885
eipo1242,nucl1709,0.45765829157424476,0.045173357742318995,0,0.00674960226575,2.8488456544941
elip1238,atla1278,-1.1642838655860548,0.03164657203242737,0,-3.967648472855,3.0025620000618
elna1235,utoa1244,-0.5152872765968933,0.044225297835130496,0,0.24630659540375,2.978069409306785
emae1237,aust1307,-0.6463115229064131,0.020822220150869025,0,-1.40415390566075,2.740305357013745
emai1241,atla1278,0.00754125802826835,0.039836254684902886,0,-1.2817739702425,2.85683912717072
stan1293,indo1319,3.8729861842864333,0.02155821897132278,0,5.7945432507175,3.2317611982749
enuu1235,sino1245,0.4683084284954405,0.03077822052722196,0,1.7518551817553751,2.795209110282525
ersu1241,sino1245,0.5196854053211267,0.029807445037370924,0,1.78778892621,2.91330577398171
erzy1239,ural1272,2.648283247228674,0.03729428928261674,0,4.933709319245001,3.17323001221472
esee1248,pano1259,-1.0290608281499134,0.05787983250010594,0,-2.0784503801625,3.02715906299584
esim1238,atla1278,-0.5419996884269521,0.05475174921543574,0,-3.14056193431775,3.181451197563175
esto1258,ural1272,3.5084752166498863,0.024728945539468705,0,5.11038870494,3.12787288820318
even1260,tung1282,3.062773441740477,0.031410916474207656,0,6.393047400585,3.676968811334395
even1259,tung1282,2.403502648592374,0.02996835316450912,0,6.38096288745,3.6836812980085103
fala1243,sino1245,0.8187207100968239,0.0250601345371167,0,0.00763622744425,2.8382716439701
fare1241,atla1278,0.1305844883334438,0.038487992631310974,0,-0.7429479853300001,2.84740696641437
faro1244,indo1319,3.764359536544091,0.03223621714138561,0,5.831190634757499,3.222494446951575
fasu1242,fasu1242,-1.661472401744474,0.03439291587178913,1,-2.36932321440125,3.34901592272676
fefe1239,atla1278,-0.8633099390505915,0.05557220761128212,0,-0.9039295173795,2.91324156812547
fiji1243,aust1307,0.28749499658533106,0.03434170297556365,0,-0.215874035014,2.7900107305014847
fili1244,aust1307,-0.0780253327047763,0.05078012088740922,0,-0.0976973096825,2.76826011747802
filo1235,toto1251,-3.459290914270735,0.041707049506545794,0,-2.60044823972275,3.2541670995008802
finn1318,ural1272,3.505469822227251,0.023930095440267272,0,5.121299624080001,3.11722555594316
fipa1238,atla1278,-2.7225380361064557,0.04666930161391561,0,-3.8944769451175,2.940928956242375
foii1241,east2499,-1.6694101489177122,0.012466801640401915,0,-2.2362457738025,3.30829436948935
fonn1241,atla1278,-0.4233276261386466,0.04714252224765566,0,-2.084798353451175,2.934373151652
fore1265,ural1272,2.5793110403483865,0.02784858909528973,0,4.8781861380125005,3.244203325820135
fran1266,mixe1284,-3.0035479015507422,0.04669925592686206,0,-2.1609027453775003,3.2176534480122054
stan1290,indo1319,3.7912586584397845,0.02715600001518013,0,6.0299547018125,3.1665052930366198
fuln1247,fuln1247,-1.8385533528282505,0.02638680604851228,1,-2.4143599663125004,3.408770548425365
furr1244,fura1235,1.5022168829380145,0.027480375599639045,0,1.9097995617225,3.66383557250742
futu1245,aust1307,-0.45124232074834614,0.0320923169109114,0,-1.5134430697252501,2.726947962478265
fuyu1242,fuyu1242,-1.5805812769591783,0.04650093086272623,1,-0.7647687920299999,2.97462253662943
gaaa1244,atla1278,-0.2942224914021633,0.047393927894896944,0,-1.8216512644095,2.8845169741021204
gaaa1245,atla1278,-0.7337374342928691,0.0328581731831067,0,-3.1941400304175,2.9813918880301404
gaan1243,afro1255,0.5815371428649538,0.027923717374114285,0,0.40903782502999997,2.876577891790185
gada1258,aust1307,-0.5301055514422662,0.04771518374800188,0,-2.167231282929,2.764610927010655
gade1242,atla1278,-0.6202088486345145,0.04969946364018848,0,-1.6478677873424998,2.9034874263878896
gaga1249,turk1311,3.622878471556517,0.04687707679590093,0,5.5845988644425,3.235584239898225
gala1264,afro1255,0.009047293376159,0.027127074461961116,0,-1.99096290673925,2.834680329681605
gale1259,nort2923,-0.8106519907727601,0.08164957204670417,0,-1.490658914128,2.90885786625817
gali1262,cari1283,-1.6758968008366257,0.024213905192944366,0,-2.3595885221449997,2.99101375816003
gali1258,indo1319,3.6002907998432767,0.024702228417568802,0,6.019935940925,3.17953503912176
galo1242,sino1245,1.0150541198582914,0.03270549946381343,0,1.6648220932642501,2.81590620130131
gamo1243,gong1255,2.4587191902603824,0.03690311975359144,0,2.41938757967075,2.9997730414956747
gang1266,sino1245,0.8529795871589836,0.023046296046857786,0,-0.672193069485,2.85035213153183
gant1244,nucl1709,0.0155431798117815,0.05180477632371905,0,0.9592036183235999,2.83570877163393
gapa1238,aust1307,-1.9609606506831458,0.035884446018486046,0,-3.0117998434437503,2.8805164234436003
boht1238,afro1255,-1.7834696326800794,0.02517380770846766,0,-2.37827890705,3.01732057891004
garo1247,sino1245,0.9038946847583621,0.04999608362670766,0,2.199576680984525,2.909673171477025
gayo1244,aust1307,0.6677299791854223,0.04579768989597749,0,-0.84426428312475,2.7999487825881397
geba1237,sino1245,-0.11135982402025354,0.037776758748732375,0,0.68903958289,2.8396889687271303
gebe1237,aust1307,-0.9589371470487953,0.0319661602299128,0,-2.7765334716799996,2.9530660753093496
geda1237,aust1307,-1.5509583891036196,0.04343223748389819,0,-2.3254022548855,2.82770735883258
gela1263,aust1307,-0.7352468291350883,0.02225829778178261,0,-1.1202693960075,2.80215604906775
nucl1302,kart1248,0.7217686330020279,0.022229885774971144,0,3.1636753456899998,3.39342248263753
geru1240,afro1255,-0.062921045841956,0.030789524312236482,0,-1.9131909742255249,2.846941589812495
ghan1242,aust1307,-1.2922180847119398,0.03961072459342377,0,-2.28197318018,2.825870863842995
ghar1239,aust1307,-0.9994336554927574,0.04133756582897842,0,-1.98051096921075,2.797567267558245
gheg1238,indo1319,3.4023652328363863,0.030640866874909353,0,4.73114453415375,3.2688873588329503
giiw1236,afro1255,-0.04925428677308765,0.02752871151765166,0,-1.9979600256,2.8388793604736904
gilb1244,aust1307,0.8913381409300334,0.036622215256113616,0,0.45928686082750003,2.818620457589455
gira1247,nucl1709,-0.10025550651370124,0.050197088584755405,0,-0.9631492836825,2.946027405117925
glav1244,afro1255,0.2968194985781407,0.02216490790644454,0,-0.42947514321175,2.8151153462379197
gofa1235,gong1255,2.4137189207476473,0.03549562698212384,0,2.4186864007824997,3.003948757235015
gogo1265,suki1244,0.8645183899157032,0.02181523551489222,0,1.0668441005895501,3.213489256229625
gola1255,atla1278,-0.02331372304600655,0.02819741439571754,0,-1.1215763756395,2.94236397228501
guah1255,guah1252,-1.0347365909792794,0.025595307001915008,0,-1.8909075411615,3.2979652557004897
guam1248,barb1265,1.4952256254736973,0.02774799963526401,0,1.0929666265795,3.28936614130056
guat1253,guat1253,-1.4308381583647283,0.037099252409180286,1,-2.32750133777475,3.34732536993641
gube1234,atla1278,-1.2953830133153068,0.028278754198704893,0,-2.844393455675,3.055804790788665
gude1246,afro1255,0.4616651791996453,0.03350581154115058,0,0.33385465185950003,2.88632010502204
guer1243,otom1299,-0.31968511722173515,0.03892607311921271,0,-0.34278649204025,3.11920364327788
guhu1244,nucl1709,-0.15123599149758726,0.031911656579482285,0,-0.1186390587455,2.82669391554491
guiq1238,sino1245,0.1803250992360447,0.02841983132189327,0,1.9244256733055,2.908290914111215
guma1254,aust1307,-1.8334036861372276,0.032821366419302,0,-2.8792910016424997,2.89100366885702
guny1241,pama1250,0.39519608759868485,0.06360322791333083,0,0.29998137942049996,2.912586932840095
guri1248,guri1248,-1.154155332791834,0.03802466910412761,1,-2.58257739276475,3.2662578894328202
guru1261,sino1245,-0.8997029935177535,0.03892864102243839,0,-1.7411032453225,2.86414959629793
guru1271,afro1255,0.12337631921379955,0.043718780577171844,0,-0.445321979191575,2.888370388141225
gusi1247,atla1278,-2.4698963883477427,0.02742449079414768,0,-4.6425162618399,2.98881522193549
kwam1249,koma1264,-0.8066907554847527,0.03257295223032136,0,-2.7847630827699996,3.40655319593676
gwen1239,atla1278,-2.2022159109552852,0.02991151841773787,0,-4.055738680059,2.930387320591425
gyel1242,atla1278,-0.905978106378375,0.04114424657771234,0,-2.66165429508475,2.9303555186025
haaa1252,atla1278,-2.9721740465403053,0.05067837032200158,0,-4.6148414375925,3.009467710233565
hadi1240,afro1255,1.1205855818559272,0.018588943316949894,0,1.2314610358992502,2.90373081872804
hadz1240,hadz1240,0.6297247329525942,0.030260957026623615,1,2.83145357768175,3.990178989839955
haka1240,sino1245,0.4000952346666711,0.021836458780647466,0,-0.19357288689125002,2.84687379455525
hakk1236,sino1245,-1.2526752999635917,0.04793180024893839,0,-0.47248874026475,2.87127022879727
hala1252,aust1305,-3.1434938009421085,0.03194123479485734,0,-2.3742668161025,2.8843237741660097
halh1238,mong1349,2.457017313220894,0.0344746826385935,0,6.2714511810874995,3.719007583193145
hali1244,aust1307,-1.2334011556279338,0.029266642799995038,0,-2.26254803261,2.8702002934434097
halk1245,sali1255,-1.5499781906909469,0.03996027578776347,0,-1.4924946916905,3.082876268472615
hame1242,sout2845,1.8140726532127327,0.031877128782470544,0,1.6650864034445,3.58695906839268
hang1263,nduu1242,0.45482238842566647,0.043423085198368405,0,-0.98395217623175,3.01459924771941
hani1248,sino1245,0.22950057872243365,0.030394404480440524,0,1.600553944365,2.799759348817125
hano1246,aust1307,-0.2527732666145007,0.03983086778544252,0,-0.0411041789915,2.804842625946975
haro1237,aust1307,-2.541915142432943,0.013257543597145621,0,-2.474105988685,2.840365743611655
haru1245,piaw1238,-0.2101561239373,0.0499351951029145,0,-1.3718500168325,3.0805047917327997
remo1247,aust1307,-0.3013831627287674,0.05741359137905325,0,-0.8851337686005,2.76486085675025
hava1248,coch1271,2.2627520676911645,0.03164601947255501,0,2.18564860772025,3.22775643390209
hawa1245,aust1307,1.2818427103435892,0.027480968422910323,0,0.520574896439,2.716409885745505
sabu1255,aust1307,-1.64636576461262,0.015424776611092848,0,-2.67895272616575,2.854281605054825
hehe1240,atla1278,-2.6707913995652683,0.0403245496875743,0,-4.709277279605,2.972181953234725
heil1246,waka1280,-1.9396258976200405,0.030367344113309543,0,-2.5615183184475,3.37507714334704
here1253,atla1278,-2.128643723437022,0.03171864812643198,0,-3.7979869889275,2.979808754864385
hida1246,siou1252,-1.1635757278154866,0.04017420346108539,0,-1.5977019200834999,3.16125799088125
high1276,mixe1284,-3.141466157285991,0.04547979988539898,0,-2.16882279669925,3.2234533665041
high1278,utoa1244,-2.0215553207628307,0.04272135559583175,0,-1.3342849844805,2.999206767292355
high1243,toto1251,-3.427179809364683,0.043776651411697044,0,-2.58829494488175,3.2500726792146652
karb1241,sino1245,0.8042848394566076,0.029020046791768565,0,0.7817164616172501,2.9206871507167254
hind1269,indo1319,2.796121465894469,0.022018445842095825,0,5.0592511783625,3.145397271777755
hixk1239,cari1283,-1.982750620438559,0.034858868157621965,0,-2.2683338317199997,2.99811948737168
hoav1238,aust1307,-0.9165979615644824,0.031956643430795476,0,-0.8432943726848,2.77347962984628
ainu1240,ainu1252,-0.7064849075110948,0.019009573366973006,0,-2.0278230491725,3.794718161171475
hone1235,atla1278,-0.3180605717288719,0.047231666011520755,0,0.1981375292725,2.858998634451015
honi1244,sino1245,0.47888118644210387,0.03923406927630884,0,1.68157432587875,2.8007952397405402
hopi1249,utoa1244,1.517790133321406,0.049111045497843515,0,2.9702418390317247,3.100166772798495
hote1245,aust1307,-1.6940111298857548,0.038922576779383954,0,-3.184125971125,2.8696413083866847
hozo1236,maoo1243,1.6213721709890203,0.03906115125163658,0,2.1222994669775,3.6278464752063453
hrus1242,hrus1242,1.8495977192277435,0.016683045702138823,1,3.67063435309075,3.7538034571421246
huuu1240,aust1305,-1.1289840082064049,0.030687926378470287,0,-2.0672119429749998,2.8195726859520853
hual1241,quec1387,2.630002945021095,0.04607412215306535,0,2.9029377384375,3.11518694787548
huam1247,jiva1245,2.3021184017559806,0.037866514998323664,0,2.191992458302175,3.12536089125373
huar1255,utoa1244,1.1744221530346224,0.05813103676852662,0,1.31610606333765,3.059535266095005
huas1242,maya1287,-4.020990232716846,0.05353597681020301,0,-2.88285198653275,3.4168836103652547
huba1236,afro1255,0.6228459013605647,0.03332520706862548,0,-0.69480456664,2.831142984402495
huic1243,utoa1244,-0.7414781128772491,0.039637766614692364,0,-0.3458333632325,2.996327595774255
hula1239,aust1307,-2.083048459821133,0.03936671761018938,0,-3.45220829387,2.82652070978465
hula1244,afro1255,-1.5195322232825808,0.02728937447812725,0,-2.4530908393399997,2.995033156787675
huli1244,nucl1709,-0.3179656355573365,0.03658421439713599,0,-1.616224846254,2.8857996408124498
hung1275,aust1305,-2.5057119918071487,0.042552198116391673,0,-1.9625803093765,2.862493488994915
hung1274,ural1272,3.1636020910499596,0.028981762671866387,0,4.4527407271025,3.2049462154363804
hunz1247,nakh1245,-2.216346786426908,0.018725515657412775,0,-0.6847708853950001,3.29126980192229
wyan1247,iroq1247,-2.6707976902879045,0.04189050532917412,0,-3.00925175799,3.28348160452857
hyam1245,atla1278,-0.8819516097558981,0.03344865601076103,0,-2.5512160357775002,2.978043000208105
iaai1238,aust1307,0.07126987409377655,0.03658894624240746,0,-1.4440064786184998,2.84268387040916
iama1237,aust1307,-1.86355741600709,0.043122860207519195,0,-2.60252057387,2.833160474369495
iatm1242,nduu1242,0.4792622155483627,0.04568409839228154,0,0.5187710716075,3.0512163636908403
ibal1244,aust1307,-0.736329243757986,0.0516648360291107,0,-1.4309913468365,2.77294891622625
iban1264,aust1307,-1.8051849659276349,0.03376645243350108,0,-2.95833895431425,2.81976948974302
iban1267,aust1307,-0.5016447824944884,0.05162676590452891,0,-2.1917199915597,2.7762867886563702
ibat1238,aust1307,-0.5157615611448558,0.04337096947493074,0,-1.518773505285,2.75802954145168
ibib1240,atla1278,-0.21025020850112341,0.042731403540354596,0,-0.4980120349175,2.950442394802545
icel1247,indo1319,3.5081437588674858,0.02924645333274557,0,5.836292325475,3.227618105610945
idii1243,paho1240,1.4783448369802912,0.06839818214604426,0,1.4650086006755,3.16187639108614
idum1241,sino1245,0.4476047915063956,0.0362879321639796,0,0.3230707158975,2.8611186040064203
idun1242,aust1307,-1.857343665176379,0.05341947481773757,0,-2.257200142335,2.8014411760288347
nucl1417,atla1278,-0.28376358486396336,0.062482657769314415,0,-0.447706050343,2.91062666280904
iliu1237,aust1307,-1.5672578087651243,0.047631485009839,0,-2.68021021738925,2.87022866092022
ilon1239,aust1307,-0.3232847875650158,0.06089073510887216,0,-0.7018137446977499,2.78859314310517
imba1240,quec1387,2.996815729190096,0.03426658778046444,0,3.0132230887025,3.07917048633269
ingr1248,ural1272,3.4817657164540465,0.029273975515146575,0,5.15754440724,3.10679346602117
alba1269,aust1307,-0.02845355439692035,0.06748297353756594,0,-0.69365003118,2.7459983280550597
irar1238,aust1307,-1.2347067893132047,0.03539425576431791,0,-2.5879507728725004,2.93142897726615
iray1237,aust1307,-0.7967723565994573,0.06599850211699024,0,-2.158871163465,2.89195999623984
iris1253,indo1319,3.7614058958035486,0.024507885799655325,0,5.6581133854075,3.27974886930065
irul1243,drav1251,4.173573437258195,0.05702161312163264,0,7.579622060505,3.699921437097465
isco1239,pano1259,0.24929660198714765,0.038579382241772646,0,0.08668444110025,2.87511754484721
isin1239,aust1307,-0.6127852857140086,0.04956123234108186,0,-1.4490437982775,2.77865959670907
isir1237,kwer1242,1.590846354014933,0.04551915448229501,0,1.49934087945,3.20560203302317
isna1241,aust1307,-0.7533631567359582,0.05141476982437308,0,-2.006562444364,2.78461588708719
isth1240,utoa1244,-1.9525670172979162,0.043409232253182044,0,-1.4414347545755,2.992441998681175
isth1242,utoa1244,-1.8288368500143193,0.05817981655335196,0,-1.440898955925,2.981282040239695
isth1241,utoa1244,-1.8421799963905703,0.05469343597450536,0,-1.4324064181025,2.981668873300625
ital1282,indo1319,3.730614090976722,0.023653096288009906,0,6.0139837761,3.180963914639395
ivat1242,aust1307,-0.1128558660382523,0.04746978060852359,0,-1.2092960391675,2.751956721067415
iton1250,iton1250,-1.9300749338637322,0.03724155876765239,1,-2.173451773105,3.384104381302685
itza1241,maya1287,-3.968561633898158,0.043013002054812746,0,-3.67940321779,3.310099078233475
iumi1238,hmon1336,-2.151421975526485,0.017582447759637652,0,-3.1996738514,3.1057461718691703
iwal1237,aust1307,-1.7003908134342538,0.035845123832240255,0,-3.1920961705695,2.85032128138254
iwam1256,sepi1257,2.0196678804766863,0.07005847881392732,0,1.88177895387175,3.18041038818162
iyoo1238,nucl1709,-0.02399685226984365,0.04011558603451216,0,-0.93677243651125,2.87089103169616
jahh1242,aust1305,-2.155934928813375,0.02508004712395627,0,-1.2533125483875,2.83386386012804
jamb1236,aust1307,-1.1901002579569298,0.03987775173547508,0,-3.0052244648924997,2.79932999125867
djam1255,mirn1241,-0.5269541988317938,0.031084456604601785,0,-0.665162046564,3.04504983555513
nucl1643,japo1237,1.734580611081697,0.01834032146033351,0,2.638839934849,3.0648917374405853
japh1234,sino1245,-0.4582995562929529,0.02228426148048834,0,-0.3906155068605,2.8914084188719498
jara1266,aust1307,-2.5517922113407687,0.04292430918998058,0,-2.5230710984174998,2.8288876654530997
jaru1254,pama1250,-0.863871221908652,0.07818392021368749,0,-1.5379364158289999,2.97804077210568
jehh1245,aust1305,-3.118237007847319,0.02473908212844344,0,-2.37605808438,2.87118373559976
jeha1242,aust1305,-1.5335362695428523,0.03185929023021753,0,-0.888912888105,2.82244920355906
jenn1240,drav1251,4.156772716232332,0.042889033307183196,0,7.579722937975,3.6956929382746653
jeru1240,sino1245,-0.7703169957809483,0.03692628597143483,0,-0.411036441545,2.817570737282245
jiba1237,atla1278,-0.1761095910213111,0.04422261748529203,0,0.21461908735175,2.86076267986331
jina1244,afro1255,-0.14315274427612223,0.03415359920668715,0,-0.9518905730930001,2.852723965763805
juku1254,atla1278,-0.19073694702830285,0.04479528099062826,0,0.22176047336225,2.850330652752675
kaba1278,abkh1242,-1.8322103351791612,0.024153156274324235,0,-0.658753637385,3.254601527224045
kach1284,gong1255,2.5736924976965483,0.04601959158377692,0,2.3090312846185004,3.02657150384002
kada1242,drav1251,4.159207356356696,0.03358576528370813,0,7.59957228416,3.69765278229199
cent2100,aust1307,-1.0212893573270938,0.050556681205306056,0,-1.42982727379875,2.80578317150892
kado1242,sino1245,0.20225969750470607,0.03450566388327452,0,2.4111551342477497,2.899026206279075
kafa1242,gong1255,2.0032590501132725,0.05197261738202455,0,1.06096385376425,2.9424507600986347
kaga1256,aust1307,-0.931701493616642,0.0503817279776752,0,-0.8696185761175,2.756566759297265
kagu1239,atla1278,-2.5172423225763287,0.04790626497769736,0,-4.733863187825,2.9791633185639252
kaik1246,sino1245,-1.2738381566377273,0.033716323785432004,0,-1.4846208160015002,2.909001280990415
kain1272,nucl1710,1.4843388975293639,0.06153991323201251,0,0.38019929413950004,2.97540104592078
kaki1249,kaki1249,-1.5776352096956865,0.02996512273281485,1,-2.383161344137,3.28105110782417
cacu1241,kaku1242,1.4123001468327039,0.023802816779462742,0,1.1266786911075002,3.301843365721095
kala1399,eski1264,-2.0008987251711607,0.02420745851728314,0,-3.203868179705,3.3616683701771404
kara1499,west2604,1.1678433491423403,0.038335419649435806,0,0.9251991985262751,3.2146336149579398
kala1384,atla1278,-1.9831783279009465,0.03185505375950492,0,-4.180791519002501,2.955260385716065
kamm1249,atla1278,-0.23957383154665973,0.08077356119653073,0,0.0016265988824999999,2.96417342646372
kama1370,nucl1709,-0.17931308745563201,0.04216367072567026,0,-0.371130185845,2.81837736489729
kamb1297,atla1278,-1.957586055410772,0.029782404038856035,0,-4.30001750046075,2.98200551262489
kamb1299,aust1307,-1.3852181793041565,0.04123410827020329,0,-1.51581755872225,2.83273259652451
kamu1260,kamu1264,-1.966197419084443,0.03692121439903292,0,-2.7436763001807503,3.2120876898719253
kana1286,aust1307,0.02748023788225705,0.04055981493802199,0,-1.389106939709,2.947094974419695
kani1286,nucl1709,-0.11466424351151189,0.04784777530784237,0,-0.054894527724250006,2.80838580526839
kank1243,aust1307,-0.6194328966097266,0.03696616083842073,0,-0.9911955697835,2.72969564505313
nucl1305,drav1251,4.057381878416479,0.053249991381152786,0,7.5585132394525,3.6996479363895647
kaon1241,atla1278,-2.724014469793986,0.03366791419409501,0,-4.5272841805255,3.07194678573837
kapi1249,aust1307,0.40694907862633845,0.03878059060289357,0,0.09917932009825,2.7369480487482196
kaqc1270,maya1287,-3.639596274045955,0.04892440223064067,0,-3.6576552672225002,3.31838466700406
kara1500,nucl1710,-0.03512963029486425,0.06112726226878444,0,0.31829535617575,3.025611271945685
kara1487,aust1307,-0.5850345377941675,0.051904824653591336,0,-0.8958325559307501,2.79254478020715
kara1486,aust1307,-0.8041217781722061,0.044562109421517906,0,-2.216399185096,2.857772863215525
kare1338,atla1278,-0.8888585602077012,0.04279852213521774,0,-0.5035474094845,2.900478895523025
kare1335,ural1272,3.4346010290082436,0.02860418770242775,0,5.1469511702999995,3.1111558274734197
kari1311,tupi1275,-1.8389561730040893,0.03238041077783352,0,-3.1184092575917504,3.170870001079585
kark1258,pauw1244,1.1559030189928414,0.03466771934515205,0,0.830017154765,3.2192920616568
karn1252,aust1307,-1.049984796552792,0.04150183937318363,0,-2.49546777379375,2.80584260825731
karo1304,karo1304,-0.7485089948485439,0.028073826730941137,1,-2.0730267096399997,3.438842462551345
kash1277,indo1319,2.2410518742019443,0.037059653170542495,0,4.452386692035,3.11508592392343
kask1239,atha1245,-3.253529099297076,0.04117800667135924,0,-3.6784166519449997,3.3053936884553448
newa1246,sino1245,-1.129714942604556,0.02370060584316988,0,-1.734203003875,2.88053633609585
kats1235,sino1245,0.3740731494098527,0.030046425627324923,0,0.904321070273,2.8386621691918252
kana1291,katu1274,-1.2917191307297577,0.02826851299605617,0,-2.1361650056427504,3.33043554184819
kaur1271,kaur1274,-1.1732981013339743,0.02845100029731393,0,-2.5458944946275004,3.26567351708066
kava1241,aust1307,0.25730048607878014,0.03898933305158469,0,0.7409786461455,2.923966490488395
kawa1283,utoa1244,2.4325167445983977,0.046265793487797226,0,3.13550522957675,3.08947450730842
kaya1315,sino1245,-0.2915631897109417,0.02026004491369423,0,-0.06813702246125,2.856698679078045
keap1239,aust1307,-2.0748884992014025,0.049865469329081785,0,-3.449552213326,2.82532358940838
keda1252,aust1307,-1.4212545019500973,0.04480790102623459,0,-2.571441733217,2.877295555827695
keig1242,kadu1256,-0.9740105222950644,0.031365476584876324,0,-2.68365100909,3.4707836185640852
kele1258,aust1307,-1.0674688812782795,0.03425226886629671,0,-2.6142719408575,2.812545590698695
keme1240,atla1278,-0.38805764461539016,0.040101412743312116,0,-4.34213997562525,3.1139036220612004
kens1248,aust1305,-1.9038229200301382,0.03279292599234809,0,-1.2570397324475,2.824124966216915
kenu1236,nubi1251,1.7241673564810651,0.028353679423002955,0,1.68679087127075,3.577390977265165
keoo1238,aust1307,-1.5510458355386745,0.034987399356253515,0,-2.60792926374125,2.86846696427281
kera1255,afro1255,-0.2570043472694711,0.02844720168204175,0,-2.1112711592225,2.94214093961418
kesa1244,nucl1709,-0.0264476930830278,0.04282726297977561,0,0.8554987077085,2.9751956499104297
kett1243,yeni1252,-1.2086173986377244,0.022494443093360614,0,-0.951354266083,3.66128710447086
kgal1244,atla1278,-1.9842843254585438,0.03600440603834773,0,-3.6001689174135,2.865682995390065
khak1248,turk1311,3.6485904464584342,0.031246087488180828,0,5.5907437543250005,3.250836252488435
khal1275,sino1245,-0.7140281714561592,0.019640881226947786,0,-0.9108798161595,2.816982261407465
kham1282,sino1245,-0.5748878598815954,0.0368155541634715,0,-1.28736671067,2.842694650105145
khan1278,atla1278,-0.30559355978686664,0.04335398287537024,0,-1.730031767179,2.949510567786775
khan1274,aust1305,-1.6432089298958115,0.023063650499808845,0,-2.0629659646075,2.79605294393132
khar1288,sino1245,1.2506115623736598,0.03730277994818236,0,-0.36727722932999995,2.8147123195146353
khar1287,aust1305,-0.6805328747201995,0.03834138317730395,0,-0.35967987416,2.9638793459346404
khas1269,aust1305,-0.1873392252108693,0.02879157728697052,0,-0.3894623414025,2.8207552804213147
khez1235,sino1245,1.3262273526017454,0.023449513910354998,0,1.7382137578174999,2.9313225691558698
khmu1256,aust1305,-1.7899611066940828,0.0367881419929535,0,-1.6098667982125,2.81986644437452
guan1266,sino1245,-0.3553580439509792,0.022807136455082904,0,-0.48040356792825,2.87903461538202
khum1248,sino1245,0.5006774843567525,0.020604971212750314,0,0.3957481046125,2.865785351604405
kich1262,maya1287,-3.657927492860428,0.06208424320209284,0,-3.675298084175,3.29925365731732
kiku1240,atla1278,-2.0263743591618253,0.03015348924955934,0,-4.3023493703225,2.957940803512505
kile1243,tung1282,2.851698640177281,0.030826322108501985,0,6.4214548925275,3.6339693231623054
kili1267,aust1307,-1.7481451982122873,0.03209019385279944,0,-3.3076115000165,2.8614367055883
kimm1245,hmon1336,-2.2334874806128675,0.02078800400868032,0,-3.20446099889175,3.09551199476162
kina1250,aust1307,-0.39130675273649324,0.046405494113553304,0,-0.4088374906485,2.748886646365415
kinn1249,sino1245,-0.4850913591977023,0.04494898927826787,0,0.1714422080875,2.90229944801536
kiow1266,kiow1265,-1.422653910035812,0.02255398359627498,0,-1.568152532185,3.3703598474421153
miju1243,sino1245,0.7208442586384649,0.04337011626391685,0,0.2836640900955,2.847855316191455
koda1255,drav1251,4.115066891383904,0.040705798144337835,0,7.578073801725,3.705603623850155
koho1244,aust1305,-3.4145675001813824,0.029500756396043493,0,-2.3510550673195,2.891313693879
koir1240,sino1245,1.2947702778430927,0.03039950773570987,0,1.25712373443675,2.863982905344585
koit1244,koia1260,0.7626274743214584,0.04347108867241339,0,1.3251083695875,3.020362687650705
koka1244,pama1250,-0.3903738593377316,0.06005716273152531,0,-1.6414329888267498,2.98641806994939
koko1269,aust1307,-1.123314885456448,0.034027495552887144,0,-2.9441632252199996,2.8218698484413
kola1285,aust1307,-0.7937968122696386,0.02553626081122212,0,-0.7952434042900001,2.8225865535713597
kolb1240,atla1278,-0.6901718897911553,0.03904393344099157,0,-2.703935342635,2.9044299898209154
kolc1235,atla1278,-1.6003249258439394,0.02860004059072654,0,-3.7557510114575,2.968013779335185
kolu1245,aust1307,-1.8608681589498528,0.03740439536384317,0,-2.5724347732000004,2.837291026675865
komb1274,nucl1709,0.2073750950467114,0.04144223665053558,0,-0.821372326945,2.83957995638951
komc1235,atla1278,-0.29709687919899164,0.05809368733810604,0,0.44352038404149996,2.93437598701493
komi1270,sino1245,1.1305041638385953,0.033167306760790875,0,1.2485993748275002,2.86573438460238
komi1269,ural1272,2.682480269309802,0.028435221001090073,0,4.36964933417,3.1722269557517198
komi1268,ural1272,2.769588315354149,0.027519742522876495,0,4.379938264974999,3.165173172654405
komo1260,atla1278,-2.6386024455627424,0.038669332107211137,0,-4.52041537372525,3.0599406533211
kona1242,east2433,-0.14443649699530864,0.035319783280545435,0,-0.95265343357,3.0084791263544153
konk1267,indo1319,3.6401415918111653,0.024851242397698054,0,4.91737068569675,3.121572941574845
kony1248,sino1245,0.9567853798588579,0.04731324486998403,0,1.7485886213525,2.8524935353332896
konz1239,atla1278,-2.810999718259735,0.04931836404127447,0,-4.578234117085,3.002330475179745
koon1245,atla1278,-1.7257817354308576,0.03331600273491801,0,-3.74802149864,2.936392342304395
koor1239,gong1255,2.519785117901029,0.0403630436764482,0,2.3145554178175,3.018953830729815
kore1280,kore1284,1.642962965791578,0.01211780798763619,0,3.45256281473375,3.5621970085149997
kore1283,tuca1253,2.75026869418475,0.04201055688487447,0,2.880072485565,3.176101020255195
koro1298,atla1278,-0.12683909099893614,0.04489860984666895,0,-1.27342306779,2.8871583732661747
koro1313,sout2948,1.0517415721929333,0.013841083875373151,0,1.1573902937925,3.2336656113022997
korr1238,drav1251,4.049173412116382,0.041476105581860746,0,7.5575388000325,3.7414080965951246
kosa1249,nucl1709,0.3301516891319002,0.04119817576992945,0,-0.62955999603375,2.811351326745185
kosr1238,aust1307,1.123702624028151,0.03372861028019051,0,0.31153152288700003,2.820283189109685
kota1263,drav1251,4.176898380013725,0.057668269076158005,0,7.58327176765,3.703163263678845
koti1238,atla1278,-1.523587984816861,0.040153425222869334,0,-3.2725918584975,2.8425294230622002
guan1269,tuca1253,2.8723342773246694,0.04018742092420082,0,2.8751958213475,3.18609286950658
kove1237,aust1307,-0.7850202396763926,0.043667889188632576,0,-2.2382069908110003,2.7928945183388
koya1251,drav1251,3.89545472890725,0.028540605499794324,0,7.552781405175,3.70490111223338
koys1242,afro1255,-1.8728327643302918,0.024338797909577086,0,-2.4751226347274997,2.9931305570864604
kren1239,nucl1710,-0.5174470163163144,0.025862990482942435,0,-1.4808582996939998,3.02314951421614
ngeq1245,aust1305,-3.0771309507952083,0.030745794828043526,0,-2.0969328354062498,2.872498282741025
puoc1238,aust1305,-1.4104044124165402,0.03313022622257185,0,-1.13435486624625,2.8207174848247503
kuan1248,aust1307,-0.92906098738272,0.032911296083763975,0,-2.6313673453475,2.866065208654315
kuan1247,atla1278,-1.9083449413142224,0.029354090847080058,0,-3.79783987831,2.98304442594449
kuii1252,drav1251,3.781217470833502,0.03933579086958736,0,7.553659636675,3.7102995509797703
kuik1246,cari1283,-1.2033502438206314,0.036257457879948475,0,-0.85500257558175,2.99620238118301
kuku1273,pama1250,0.17569241374492126,0.0577794478867095,0,1.4678439727447499,3.048610781748355
kulo1237,aust1307,0.15091896806753205,0.049209231109629076,0,-0.096892099875,2.987502456717415
fait1240,nucl1709,-0.1681753894103279,0.045253203779233225,0,0.7413137412063,2.8320793172554852
kulu1253,sino1245,-0.6286681878521341,0.017985663993304445,0,-0.7186836246774999,2.864509604942705
kuma1280,nucl1709,-0.3397921787751387,0.045622247046884515,0,-1.7802991817459999,2.8667325733630147
kumb1268,pama1250,1.0820022763765489,0.049040220904191516,0,1.480245625535,3.0519011412439747
kunb1251,gunw1250,-0.8000268312049672,0.05223226998658291,0,-0.9560563935224999,2.95659573774234
kuni1267,kuni1270,0.7031371093354207,0.06656909900188235,0,0.5094248394705,2.96387717616801
kunj1245,pama1250,-0.06669898145059375,0.06553901218484072,0,-0.44370329495,3.015944815023075
kuot1243,kuot1243,-1.024279711427642,0.02140300705521674,1,-2.5869835023074996,3.3624934202232852
kurr1243,pama1250,0.3689094094359192,0.06768727717328991,0,0.90429345033475,2.86172276317301
kusa1251,aust1307,-0.9425157650068874,0.0494838964417841,0,-0.8456964383425,2.76703203340626
kusu1250,kusu1250,0.8701896275400742,0.027962247105031625,1,5.1490837945625,4.120939163013085
kute1249,kute1249,-1.6727176280895901,0.027361088045156773,1,-1.8918063315275,3.41426825328319
kuvi1243,drav1251,3.814197729145355,0.04179048613739282,0,7.549190257775,3.710881025521425
kuyy1240,aust1305,-2.9507277603033146,0.014789344926273087,0,-2.1752051209100003,2.85968100022005
kwai1243,aust1307,-0.5656447127100312,0.041322109706998664,0,-0.79759300015175,2.752476692632995
kwam1252,aust1307,-0.4034312289762046,0.04347069807214445,0,-0.9082888516050001,2.758980455351155
kwar1239,aust1307,-0.5341895018577498,0.04342315594379203,0,-0.911198674217,2.74183049373897
kweg1241,surm1244,0.02314530875440245,0.041086067808752104,0,-1.89313758254,2.93417202727466
nucl1595,kwer1242,1.574106938399611,0.04608374681436195,0,1.4763162903875,3.22394825092621
kwin1241,worr1236,-2.207600248341211,0.05804440020477015,0,-2.52446859242675,3.2734892100454953
kwom1262,sepi1257,1.9539974977080612,0.06222898212039022,0,1.9097579586462499,3.1692235747026
nucl1593,kwom1263,1.1516724614762843,0.033675898022875086,0,1.10473158535,3.27859535352663
kxoe1243,khoe1240,1.2880375005225357,0.01782105676157223,0,1.3654820271825,3.289189915017635
kyer1238,sino1245,-1.304533116817336,0.04938150827648875,0,-0.877785166257,2.8230793634419
cori1240,atla1278,-0.8891621174433506,0.03801959838576415,0,-2.5621038749114753,2.96967405820807
laal1242,laal1242,-1.1413744567558428,0.03708990438989128,1,-3.3957278173153,3.786754330736625
labe1239,aust1307,-0.8280722381480218,0.04130315155762999,0,-1.287663412702975,2.80443589752491
labu1248,aust1307,-1.6226458969556674,0.05038673844303271,0,-3.16200280208,2.8664154544293448
lach1248,taik1256,-0.4844537152959266,0.03843107452802258,0,-0.21958273264425,2.97940447378004
lafo1243,tege1244,-1.0493690078575593,0.033373598235547725,0,-3.0982597563325,3.66657650608116
lagw1237,afro1255,-0.29124320361171935,0.05349549854112813,0,-1.5009291669807499,2.856476696965985
zaye1235,sino1245,-0.26352464448925444,0.044145013507138856,0,-0.05692995815975,2.85347193707047
lahu1253,sino1245,0.2039072066060941,0.02116731631571549,0,1.76675209051325,2.822067867625935
lahu1252,sino1245,0.07837088502039295,0.023767354642246736,0,1.7800916232525,2.8201597032959
laiy1246,aust1307,-1.3784816006856198,0.05441695625640014,0,-2.12911821987,2.826424036980375
lala1268,aust1307,-1.9622344028737786,0.043383202770835606,0,-3.4598800221825,2.8333650014508347
lala1264,atla1278,-2.61423266560187,0.03231243476595703,0,-4.4009109714625,2.97323440456307
lama1277,aust1307,-1.2853592814119308,0.04192075515374905,0,-2.04340025852325,2.78526226436825
lama1288,afro1255,0.03887631125387275,0.02920154719120453,0,-1.53552977093,2.8649247340685147
lamb1269,indo1319,3.92821167161578,0.02986618339779658,0,5.043307775385,3.1473163313167554
lamb1273,aust1307,-1.5719954186465073,0.039100638321093104,0,-2.1913920628500003,2.83478611089831
lamb1272,atla1278,-2.5457312775440757,0.039344486954062154,0,-3.8546584493272498,2.93937353107564
lame1260,aust1307,-0.6108113480917583,0.043568644671457414,0,-1.50535904109275,2.7578933240499897
hela1238,sino1245,-1.346320129497224,0.03846561909715668,0,-1.0561001243075,2.826124441795715
lamk1238,sino1245,0.6804369324971773,0.0249038826840134,0,0.7231058141225,2.8521170078523452
land1256,atla1278,-0.8720827851790326,0.03702470037002246,0,-1.8716900965675,2.8353833844733547
lang1320,atla1278,-2.6148044774686108,0.035295202382117065,0,-4.24055767199,3.023697208687235
lara1258,lara1258,-1.7383258510230224,0.039440948581503606,1,-2.26690191531825,3.35037577321787
lash1243,sino1245,0.8020636187795995,0.03816525416759931,0,1.302829299271,2.80577383389643
teke1275,atla1278,-2.3691133598194836,0.037738260436903634,0,-4.55597382435,3.073593181675205
latv1249,indo1319,4.015360885871779,0.046443037290717644,0,5.7040700786665,3.25576466221774
lauu1247,aust1307,-0.6717760450243867,0.015755795952499436,0,-1.429442780745,2.7435607106264
lavu1241,lavu1241,-1.1208810397455133,0.04574975748600751,1,-2.7050940734975,3.31615202450487
lega1249,atla1278,-2.9998540983193083,0.03133498418075214,0,-4.329777962043,3.01454697725241
lele1276,afro1255,-0.40276717918946603,0.03650794643616109,0,-2.080168817036,2.95670842324191
lele1267,aust1307,-0.6741301632445766,0.03683112455718298,0,-1.4346010724195,2.8014596114202197
lele1270,aust1307,-1.0399493920931153,0.04014004070436626,0,-2.630965247765,2.8157104670316953
lemb1266,nucl1709,-0.05871719180730505,0.05538289876543609,0,-1.601396813864,2.8896676738285
leme1238,aust1307,-0.5826176756203936,0.029526529768301286,0,-1.4335752058625,2.771134023459555
lena1238,aust1307,-0.43211495567276514,0.03931586112079055,0,-1.018288291115,2.7480893511931903
lend1245,cent2225,0.02317781766423405,0.03956766002782135,0,-1.421962187871575,2.9444450970552003
leng1259,aust1307,-0.9384653205532629,0.05040716994312821,0,-1.976025753015,2.791779093090375
lepc1244,sino1245,-0.31553763627136155,0.021811841479258236,0,-1.14783735298125,2.970409746832325
lese1243,cent2225,-0.03984535734105715,0.046186330111686484,0,0.46036239227925,3.014111419769955
leti1246,aust1307,-1.6942488989395659,0.043959140100849746,0,-2.69002533774828,2.85218151766606
lewo1242,aust1307,-0.626137262928742,0.044509320153246726,0,-1.507519034351,2.76415043335565
lewo1244,aust1307,-1.416116120105678,0.042930448596500415,0,-2.2617639302975,2.7785934734263797
lezg1247,nakh1245,-1.9679739978583957,0.017772346192183743,0,-0.7294076747375,3.298548966540125
lian1251,sino1245,1.2819283057553525,0.019616182702762677,0,1.892822387036,2.93701076334544
lihi1237,aust1307,-0.6648812634144257,0.04261778606787762,0,-0.800016991805,2.777677029070865
liji1238,atla1278,-0.693932814625078,0.03581350080119232,0,-2.409675862466025,2.9651416942321402
lill1248,sali1255,-1.8566873671219781,0.035521341133287615,0,-2.285782930745325,3.16330541985977
limb1266,sino1245,-0.8170969010304807,0.025005267884005873,0,-1.06927571992,2.88670323132061
nucl1327,limi1242,-1.6849649264468958,0.044859153668086786,0,-2.030847869405,3.3028288085329747
limo1248,aust1307,-0.49058270139955995,0.05189529701327333,0,-0.57144963915615,2.763411558881995
lipo1242,sino1245,0.8492013133539946,0.022308296034024518,0,1.847606223653,2.8472607717917153
lish1245,afro1255,-1.9024347604342653,0.02239882430991333,0,-2.4784911377479,2.9882499366145048
lisu1250,sino1245,0.8599532774121917,0.022981363357229695,0,1.8431883199075,2.84113989266062
lith1251,indo1319,3.9564857615276057,0.0474832725178407,0,5.7011613471,3.260212154067065
livv1243,ural1272,3.504172153340253,0.022599835994616894,0,5.171723569625,3.09505232211629
logo1259,cent2225,0.17993299408936075,0.03582419263353001,0,-0.369579626465,2.935084567892515
balo1261,atla1278,-2.4007206983909466,0.034105343073042596,0,-4.7159319508549995,3.033855598533385
loka1252,atla1278,-0.3435486605220379,0.03750868729343117,0,-0.47917533296025,2.94393776499381
lolo1259,sino1245,0.8639173243578153,0.025082654807769646,0,1.86079545176325,2.85245313907556
lomb1257,indo1319,3.8384818319787577,0.02893751386958666,0,6.0073116764675,3.1771930585657
chiq1248,chiq1253,-1.708141342698234,0.01316255499425842,0,-2.1922533885849997,3.39838804630123
acha1249,sino1245,0.6573790381639351,0.022140262590073335,0,1.48507263065575,2.83760680951753
long1395,aust1307,-0.9428242988665627,0.045377022812127084,0,-1.7738124808425,2.795005701894255
loni1238,aust1307,-1.0167651353533191,0.040883894618230616,0,-2.5729795189424998,2.827869089869515
lote1237,aust1307,-0.8523142461101969,0.04575703800986653,0,-2.1721595381750003,2.787333131378945
loth1237,sino1245,1.035274593695838,0.0402783564698449,0,1.3706904067015,2.89706659844654
louu1245,aust1307,-1.0064364897577,0.036729963279278084,0,-1.7776221538030001,2.8159492314862247
vano1237,aust1307,-0.8905897152765889,0.038354539844036604,0,-2.37609872959875,2.86987563574907
lowl1260,tequ1244,-2.390345448809311,0.030931626619573483,0,-1.7028251481975,3.4424055482895053
lowl1265,utoa1244,1.0110663939939892,0.04133603473174759,0,1.4975630041499999,3.03941556373771
lozi1239,atla1278,-2.4313996924047667,0.04274583635344815,0,-3.5898218678980003,2.877213929922505
luan1263,aust1307,-1.6839910599351828,0.048774953044491955,0,-2.6924828481925003,2.869680689501425
onto1237,aust1307,-0.8135224230555644,0.04214476519346577,0,-1.10491412833,2.7352515640182853
ludi1246,ural1272,3.4138088326075664,0.022653224462536845,0,5.174859588312501,3.1050576585784047
lugb1240,cent2225,0.33763305779832453,0.03853596152049114,0,0.068689220845,2.935446107896725
lugu1238,atla1278,-2.473516471995868,0.047667315317581546,0,-4.742934392870501,2.97611493235565
lule1254,ural1272,3.4453180231252634,0.025069507882719652,0,5.11556229999225,3.114936079630745
lumb1249,atla1278,-1.914356334738354,0.044913691975670786,0,-4.6721438953125,3.06433165735398
lumu1239,narr1279,-0.5229861318875862,0.04439714974854277,0,-2.15307596396265,3.254608080514865
luok1236,nilo1247,-1.8046437439262977,0.029377258866272668,0,-2.40461828732,2.993536292649095
lusi1240,aust1307,-0.8163227866982186,0.035535242847044686,0,-2.2356255810135,2.778880306086835
luva1239,atla1278,-2.467873507645016,0.04590903327091783,0,-4.0035891240875,3.0309393951410852
luya1241,atla1278,-2.4417034297839786,0.04184145528279747,0,-4.462082764342499,3.0707840217655553
maan1238,aust1307,-1.8670937925254973,0.04065086931588945,0,-2.3563840694745,2.8596207527531803
mace1250,indo1319,3.3368857667972627,0.024691086121562678,0,5.8158970753000006,3.2443361553856853
macu1260,tuca1253,2.811349715926441,0.04656508695062654,0,3.08809746681075,3.13303224135264
mada1285,aust1307,-0.866717068800263,0.014960491935210542,0,-2.3871316746085,2.85238208969416
madi1260,cent2225,0.7832624049938102,0.04588923863183534,0,0.283094696292,2.9574761218599352
madn1237,east2374,0.713547610105147,0.021376140163334563,0,1.6758102966835,3.305069554308865
mafe1237,aust1307,-0.39146641653329517,0.05110401109490765,0,-1.463545888358,2.7714578412846453
maga1260,indo1319,3.094314707350856,0.027748627098729446,0,4.972699770315,3.08057954810545
maga1263,aust1307,-0.8297346001396293,0.04932531590720748,0,-1.5623275812225,2.784809556810925
magu1243,aust1307,0.31484184105126445,0.056830480554031296,0,0.04347024831675,2.81525341854922
mail1248,mail1249,-1.6624169829334197,0.04413525844799254,0,-2.3818029838565,3.26933711614929
mais1250,aust1307,-1.9826720105347064,0.04047081358455105,0,-2.8753229779850003,2.8856786151446547
mait1250,indo1319,2.753873565946223,0.02349376585435569,0,4.96825582826,3.06729701261755
maja1242,surm1244,-0.152058186965808,0.041326481355887325,0,-1.984885270625,3.030720943724025
maka1304,atla1278,-1.5662417528393446,0.027786770185811785,0,-3.755009159686,2.949815589772895
makc1235,taik1256,-1.33931367449917,0.03546044075365902,0,-1.98600144918,3.09187312211115
makh1264,atla1278,-1.861668182444554,0.03650081005461603,0,-3.34480153265,2.8532755258851648
makh1266,atla1278,-2.008223547101423,0.033007150414243513,0,-3.34066490251,2.84720339762967
mako1251,atla1278,-2.213035904502408,0.03627564351001327,0,-4.48556276596,2.951704029780025
mala1463,drav1251,4.160829910444092,0.0423521808739532,0,7.6005817003625005,3.689566923922515
mala1534,aust1307,-0.6592526356132251,0.060471209196098545,0,-2.190178465783,2.7803565215129
mala1464,drav1251,4.150260424090063,0.040741512535044766,0,7.60859088641,3.67693206770561
male1284,gong1255,2.377940468505171,0.04894713003255845,0,2.2997572763224996,3.01348158921171
male1297,chib1249,-1.903478819887353,0.029291606839619632,0,-1.2905002085050001,3.1190879077134497
male1289,aust1307,-0.9289789554421914,0.0449129954425038,0,-2.2439765169,2.7878560123748697
malg1251,afro1255,0.07336266968373795,0.043577234358712934,0,-0.714705330900768,2.8051112256291297
mali1285,otom1299,-0.4533524431005886,0.04064916822063417,0,-1.76815345426925,3.1427925430507253
malu1245,aust1307,-0.29109207921748825,0.041851854998638346,0,-0.7405419793670001,2.805158749578485
mamm1241,maya1287,-3.861656195037147,0.05112577454015359,0,-3.60318857634,3.339516084404575
sauk1252,nucl1709,0.036657358944743854,0.039274002713428645,0,-0.9504428641557501,2.86434498826979
mama1275,aust1307,0.3347881625458293,0.04541002945884159,0,-0.1927128883475,2.74970708391856
mamb1306,aust1307,-1.6342085327258402,0.038832114155808825,0,-2.4055274413275,2.90661167422914
mamb1294,atla1278,-0.3776907659112366,0.04311452712421392,0,-0.3224244426315,2.869302787296915
mamb1296,atla1278,-2.665763895360806,0.04645387594276028,0,-3.90331367554625,2.9517214611125198
mana1295,aust1307,-1.3873813103588368,0.03747631587102904,0,-2.4025572578525,2.8887396027583048
mana1298,nduu1242,0.4946220556687667,0.05122109927148263,0,0.37984922523625,3.01148892422315
mana1288,sino1245,-1.311810252184534,0.016548268940063657,0,-1.7173126894877502,2.8794102332522398
payn1244,nucl1709,0.1408908903728249,0.022702121341093937,0,1.18945781966275,2.8502028011457803
mand1440,aust1307,-0.6218053246437887,0.04724409671629544,0,-0.800110587104,2.77874454465813
mand1415,sino1245,-0.5161853208321299,0.025321823823093448,0,0.2992957088875,2.84441744067276
mang1378,aust1305,-1.3465528701453846,0.025943135321039507,0,-2.0649239060599998,2.849799663107095
rapa1245,aust1307,1.6555099247571428,0.032268933363730275,0,0.5454522512225,2.7347899065588948
mang1401,aust1307,1.664009009154946,0.03710735727255638,0,0.45925902169075,2.739450139966575
mang1381,mang1423,0.8182697226169501,0.025257968052477094,0,1.379457772761,3.225548219822215
mang1394,cent2225,0.20675670613318045,0.04310323707862597,0,0.08401413908825,2.9569075864175254
mang1404,aust1307,-1.7113895523433933,0.04602546996201819,0,-3.218283925005,2.8623937509887103
mang1405,aust1307,-1.5704625049928391,0.03780594374690124,0,-2.7014597292725,2.8674651852098902
mang1403,aust1307,-0.6900815249606521,0.03280266633765729,0,-1.3212582345557,2.808786120218925
moni1237,otom1299,-0.11154958314832064,0.02681373889495866,0,-1.77887531380575,3.1468482385208
tong1308,aust1305,-1.918442481805444,0.030188532663986394,0,-1.2548965529805,2.81944483278777
manm1238,aust1305,-1.1132928445763755,0.04273150394762252,0,-2.0800756732225,2.818315185218235
mans1262,aust1307,0.6203455069713855,0.051521624489013394,0,-0.19431475041500001,2.7440037281660947
mans1260,hata1242,-1.2014051730602007,0.040303632668257976,0,-2.34205068655925,3.289925354574835
manu1258,aust1307,-0.7842407348163118,0.017507510366871676,0,-1.1283405835,2.8051842673808
maor1246,aust1307,0.941756001854497,0.010780147158584219,0,0.5470722743225,2.72581981527046
mapo1242,aust1307,-1.674877993073515,0.033978287917835893,0,-3.2142024459725,2.8602218107497652
mapu1245,arau1255,-1.4404295176825777,0.021603626907874852,0,-2.3842676378145002,3.44811755041946
mara1382,sino1245,0.23927062105736405,0.026499925243919586,0,0.80529703528075,2.884234700332425
mara1399,aust1307,-0.44114749942245557,0.05045674796595075,0,-1.0634169786555,2.75495839078401
mara1379,sino1245,1.0766776667561984,0.024569944204141686,0,1.85488267467,2.9471604737851598
mara1404,aust1307,0.19688521303150563,0.06958564163426358,0,0.051364091972500005,2.813868133853585
mara1386,west2434,-0.808565624252295,0.05685571822692168,0,-1.7442695214175,3.10697057521854
mara1396,tama1329,1.9603870211025247,0.019925581342813074,0,2.410120733845,3.55664976177855
mara1378,indo1319,3.798047387469187,0.03408033423056937,0,4.910064357495,3.114468416908025
marg1253,pama1250,0.5799955879716507,0.05709053550985491,0,0.6503966416715,2.913671759306
marg1265,afro1255,0.39327895939485913,0.02669413744641023,0,-1.07453951936,2.8285168454790552
mari1414,drav1251,3.6285061498977185,0.04835325883964597,0,7.553878774715,3.70632986585648
mari1440,coch1271,2.116801837374082,0.01786356886236254,0,2.1860655043902497,3.24043386200815
mari1428,aust1307,-1.6206221847309346,0.039733705561210135,0,-2.3608101365175003,2.828794447668455
nucl1622,anim1240,-1.2691612973758906,0.032774953334190324,0,-2.3468540575032497,3.226817818615225
mari1416,sino1245,0.8426072847303727,0.025721417545522027,0,1.772045494418,2.935217158895285
mari1424,west2434,-0.6753110287090914,0.05545718699205311,0,0.46838817653725,3.1039538072735597
moro1289,moro1289,1.0152891585607082,0.024642091760276794,1,1.212041963508,3.244339391161785
maro1244,aust1307,-0.9235181339025516,0.037449245920724177,0,-1.0435698680060002,2.7944698386954148
mars1254,aust1307,1.3298637102538406,0.03219575304486893,0,0.513955456197275,2.797977907875535
mart1255,pama1250,0.06285801663580695,0.05524087109116369,0,-0.00870757385175,2.88796399760396
maru1249,sino1245,0.8203436190745137,0.03346128345364183,0,1.113268927755,2.8259155730843553
maru1252,pano1259,-0.17198660520575945,0.04156583535795102,0,-0.68437578954,2.8582308025546403
masa1322,afro1255,-0.29598928522689555,0.030959251416294197,0,-1.75567863967925,2.935923872191695
masb1238,aust1307,-0.2385896496291097,0.0487561850590572,0,-1.0220302547100002,2.723536808220275
mask1242,aust1307,-0.6008538178305105,0.044671487915124646,0,-1.5545854264874999,2.77894590826871
matb1237,aust1307,-1.043013503573971,0.039293390467648834,0,-2.8383525849205,2.92254079229726
kemb1249,aust1307,-1.8823485404151068,0.03999266232008249,0,-2.399300586659,2.870693057372905
mati1250,aust1307,0.32495678497004504,0.04863916048402319,0,-0.5884770750849999,2.73718909344258
mato1252,aust1307,-1.3398258804032024,0.04848719730186028,0,-2.3706332425825,2.82906324292833
mats1244,pano1259,-0.15053375524934115,0.038980286738899306,0,-1.2911321643405,3.0150481649729253
matu1261,aust1307,-1.5103955850855857,0.03355996081602788,0,-2.3425708369800002,2.81400801957742
matu1259,atla1278,-2.3567333178476977,0.028845140829707974,0,-4.4564238187424,2.988282810146005
maun1240,iwai1246,-1.5868151824765313,0.02269971206050233,0,-2.115611254035,3.319307322661385
maxa1247,nucl1710,-1.0238536967129934,0.043202284797745384,0,-1.4666214965764999,3.0344479608607653
maib1239,mayb1237,1.0955479628883271,0.04144435739102104,0,1.181125368298525,3.250772828446005
mayo1264,utoa1244,1.012486099502385,0.051648105921597576,0,1.45082027201825,3.02461730002923
mayo1261,atla1278,-2.219451837831839,0.04779290429898514,0,-2.8747928973295,2.910020831649785
maza1304,afro1255,0.6107317491957642,0.040641441417098516,0,0.4506678089465,2.8710327157153
mbaa1245,atla1278,-2.616622930134196,0.04717963473327764,0,-2.8264896963625,2.9286001355228297
mban1263,atla1278,-2.07678200768793,0.04561138880775848,0,-2.7521857157067497,2.91373264656192
mbar1260,afro1255,-0.19001205590230857,0.03502604269959284,0,-0.79345294371,2.8300962731238597
mboc1235,atla1278,-0.8683024585167389,0.037814820071092284,0,-4.045073200355,2.9890847086259953
mbul1263,aust1307,-0.8950743516144641,0.039893283435558965,0,-1.4632008376385,2.78331861825243
mbya1239,tupi1275,0.13584257842146857,0.038251042905210725,0,-0.733909917118,2.90456310004436
meen1242,surm1244,-0.13520181480570803,0.041554257778428784,0,-1.87259984819,2.9317076684568
mehe1243,sepi1257,2.0660713073078774,0.06638119244522181,0,1.93605705044575,3.158869277798015
saki1248,tupi1275,-1.8432516830447812,0.05022553550524224,0,-3.244889740185,3.13101561545266
mele1250,aust1307,-0.6735340582792074,0.032855650706032774,0,-1.51321637035,2.727154477458355
melo1242,gong1255,2.357018361649015,0.04167542179197021,0,2.3847223104635002,3.00395001638448
melp1238,nucl1709,-0.3415038712257029,0.03480648299428293,0,-1.81577435714725,2.864979112005255
mere1242,aust1307,-0.2527006306028228,0.03620331868264324,0,-0.339063931785,2.802190522855655
meru1245,atla1278,-1.7061762682743806,0.0312647702234111,0,-4.2784062720542,2.96184856343299
mesc1238,atha1245,-2.47061202225704,0.04972894810402122,0,-3.7098107360932504,3.2989522411297
meta1238,atla1278,-0.626553890607425,0.054470127628532476,0,-1.2278155014575,2.93458578505913
mezo1235,otom1299,-0.8412577452628982,0.033331706809186845,0,-0.411757132925,3.0590609371807096
mezq1235,otom1299,-0.6754809900792011,0.045421363170065704,0,-0.8003259184167499,2.987427404016745
mich1245,utoa1244,-1.1400135432502017,0.04869138457453021,0,-1.4421702366082498,2.991024415450285
midd1327,aust1307,-1.7135389894747384,0.04402358457084763,0,-3.1458155657225,2.8831673669603752
miga1249,afro1255,-0.35380194437856005,0.02918231010543174,0,-2.0095456655649997,2.966056678227075
mika1239,musk1252,2.009475595793937,0.05399777076626646,0,2.9001974251982503,3.1536121720542853
mikm1235,algi1248,-0.26954496903003433,0.033428347913184595,0,-0.290178964457,3.0776801387113597
mila1245,sino1245,0.8868966040876056,0.041048097145981385,0,1.487628358884575,2.85302353602568
mina1276,afro1255,0.5575859797426617,0.0400994039269743,0,0.4532750645743,2.868582857639235
mini1256,huit1251,1.7243475737919727,0.034596085106451534,0,1.6637434594082499,3.1964177321896603
mini1251,aust1307,-0.9217634859417785,0.044155097883288245,0,-2.639247740741,2.86260480041632
minn1241,sino1245,-1.1341484146272056,0.021660086412934564,0,-0.12590451033375,2.916313514959075
miri1266,jarr1235,0.5754764110594291,0.023406072479973724,0,1.5375781056375,3.265642765708575
misi1243,aust1307,-1.696943383679771,0.042030184952955275,0,-3.3178152302225,2.8488006612916603
mixt1426,otom1299,-0.18766314754484026,0.04979287802916693,0,1.25084899567405,3.024010986909505
miya1266,afro1255,-0.013123594072954249,0.03018348706153628,0,-1.2102994022472,2.8890091127686297
miya1259,japo1237,1.5436798294987928,0.014916444395417857,0,2.3750252552675,2.948817218874035
lush1249,sino1245,0.38700013334720484,0.017183365231721134,0,-0.23483944737085,2.879199545024705
mlab1235,aust1305,-1.7686647867396124,0.03410933370040477,0,-1.6137368965175,2.8464826834836554
moba1244,atla1278,-0.01673588327851805,0.046024436449399755,0,-1.30055818686575,2.87013856964994
moch1257,maya1287,-3.7900434210725598,0.04495852968108157,0,-3.64620309864,3.315328107159505
moco1246,guai1249,-1.6090311332635165,0.030101847423743264,0,-2.9145841758874997,3.29227432267696
mode1248,indo1319,2.9510150160365227,0.040631986291327825,0,4.4570330278625,3.27127579690863
moha1258,iroq1247,-2.5220309126732983,0.04478797376701128,0,-2.9947681143012748,3.312894717224055
moii1235,west1493,-1.1862272550102333,0.028725623353590902,0,-2.42949296248975,3.2821589814359546
moke1242,aust1307,-1.2151749496842679,0.04754611803087792,0,-2.2661334005425,2.8513997389778
moki1238,aust1307,0.8361358266135941,0.04496831817099373,0,-0.03766562474575,2.767100968949875
mokl1243,aust1307,-0.8699888668090657,0.044705922834396575,0,-2.2782968356747,2.85237125591553
moks1248,ural1272,2.850542170687457,0.03869743744867105,0,4.9136716358875,3.181671210318765
nucl1452,momb1255,1.151848959039898,0.022778410828478958,0,1.019517154531,3.256833907135595
fass1245,baib1250,1.1855625710407895,0.024313596805070812,0,0.8788746433195,3.2802561395611898
mono1273,aust1307,-1.3392871241173696,0.03762608934565847,0,-3.000202336095,2.83414591551833
mono1270,atla1278,-2.057644250549277,0.04612649958785732,0,-2.8389562656892497,2.9090208636600954
mono1275,utoa1244,2.3708758409535537,0.05503285190568235,0,3.1347784558225,3.10292031716933
nucl1458,monu1249,0.9875107994008963,0.035042714119099226,0,1.2139461733874999,3.222245435564175
mopa1243,maya1287,-3.725945548239431,0.05315745247052309,0,-3.6829528800125,3.29685153892741
more1259,utoa1244,-1.78680944740919,0.04267148147669948,0,-1.3952334225824998,2.9932620680650253
morm1235,aust1307,-1.265752278421349,0.04429357735390213,0,-2.8474486291452497,2.93466288254685
moro1287,aust1307,-0.8057729811331795,0.04861216348068714,0,-0.643428591155,2.8293535146133353
mose1249,mose1249,-1.6265708333568498,0.02399167442343755,1,-2.1562595156065,3.407099622039825
motu1246,aust1307,-2.0548584960277076,0.015523850855236969,0,-3.4656547511260003,2.83337516222002
mouk1239,aust1307,-0.7373678578101842,0.03587765623991715,0,-1.3176461380750002,2.8065855660785948
moun1252,koia1260,0.7491727478689926,0.05101444157396629,0,1.33133387902225,3.018005088085175
movi1243,movi1243,-1.7997871752682808,0.025952804030614108,1,-2.0964429138975,3.37231168397299
tang1347,aust1307,-0.37610821003241374,0.03923563037768976,0,-1.4721987550555,2.7771041085425647
moyo1238,sino1245,0.7112267708423721,0.025317812855333945,0,1.286457011518,2.8547383255176904
mpad1242,afro1255,-0.3463205443602632,0.04482532733055578,0,-1.46360915377325,2.8699329530381297
mpii1239,sino1245,-0.2853136170410337,0.029378594477223952,0,1.7661449886065,2.802639442738655
mpot1240,atla1278,-2.4021020709366114,0.029193330283112797,0,-4.4585492317924995,2.981982714237685
mpur1239,mpur1239,-1.206162650216137,0.03487742558591997,1,-2.6062691429772498,3.337956643088475
mual1241,aust1307,-1.969208737942564,0.03407032957654403,0,-2.955097305431,2.809875975733735
mudu1242,aust1307,-0.5448566791429026,0.04837837693072361,0,-0.6622812508360001,2.8487898897447748
mudu1239,drav1251,4.159572460043032,0.0412869791501509,0,7.586722819055,3.70253267563693
mull1237,nort1547,0.6775311837329717,0.026207937220563835,0,1.5572622413005,3.2175323068756647
nucl1240,atla1278,-0.45743817043825186,0.04988146495888375,0,-2.548290878235,2.9290489257271197
munc1235,sino1245,-0.0167220504404277,0.02341309396411268,0,-0.66994349982,2.857896168461285
mund1328,atla1278,-0.6242442365035206,0.04681910764062449,0,-4.091457745525,3.12641200196935
mund1325,atla1278,-0.5259539729471405,0.04360009295983211,0,-0.31920159606474996,2.864359327532775
mund1330,tupi1275,-2.122515028883297,0.0495359387718836,0,-3.1298652675025,3.1599618027609546
abar1238,atla1278,-0.6223199900133687,0.04553218626487882,0,-4.1341163401875,3.1166387192909353
murl1244,surm1244,-0.29002181269449184,0.04493997078005871,0,-0.5639739904975,2.89961638187322
muru1274,huit1251,1.757732233578668,0.030721077296775937,0,1.6647286839575,3.1862749829272747
muru1266,pama1250,0.7091805842954757,0.060849031627227164,0,1.3767649189312499,3.0240881534011947
musg1254,afro1255,-0.17371137439595286,0.038496886532009,0,-1.09044451559375,2.835715471376495
muso1238,aust1307,-1.5489208221430912,0.04482342986144489,0,-3.18626836591125,2.86562338119786
muth1236,drav1251,4.168157618160321,0.03799788315397871,0,7.60760607,3.70229132634728
mwag1236,afro1255,0.29829445824572776,0.049081716161874324,0,-0.6933834836774999,2.870965768360815
mwan1247,atla1278,-2.042275939435439,0.03666398333268951,0,-4.7687863994874995,2.96548221491586
mwer1248,atla1278,-2.345428645976579,0.02378760256033261,0,-4.4860517024,2.959009319611255
motl1237,aust1307,-0.47171783329034106,0.034559713125820304,0,-0.654578178925,2.7792899985827697
sout2857,aust1307,-0.46297568736047157,0.02386320304173708,0,-0.83218051895725,2.76434907954425
naka1262,aust1307,-0.6901389024439211,0.05138000376852172,0,-0.45313539548750004,2.8415796968917197
nalc1240,nucl1709,0.4563145282305522,0.045874308815971564,0,-0.25018196790175,2.8185790760152454
nali1244,aust1307,-0.8262514694964466,0.01702300035737153,0,-2.21574557946075,2.852943270279735
nalo1235,aust1307,-0.7134802238698469,0.036660676392892916,0,-0.6927325539325,2.8468212266520148
nama1268,aust1307,-0.5071290903492185,0.03899304410346798,0,-0.52690765968635,2.7798632863462247
litz1237,aust1307,-0.48984854659395727,0.04356749982750315,0,-1.7942499285225,2.784698656245415
namb1293,more1255,-0.5495156304893823,0.05977880299503791,0,-0.680258136319675,3.0020143610074452
namu1246,sino1245,0.715241108787354,0.025460475742398493,0,1.978601666184,2.90174891093698
nana1257,tung1282,3.1531798085090372,0.026017035720910933,0,6.424428666707501,3.6627713306630154
nang1262,aust1307,-0.8297470175720232,0.038931946008783413,0,-1.5664135715457501,2.8648099138859653
nati1244,aust1307,-0.5668409614087588,0.052293596740058776,0,-1.51845890736125,2.77624015159504
naue1237,aust1307,-1.7305731442211656,0.03717301801114243,0,-2.7318853492425,2.87662666094343
naur1243,aust1307,0.7398058048964296,0.030297156117284632,0,0.13432775141749997,2.849161257089925
nava1243,atha1245,-1.8573126631328456,0.033465405237907114,0,-3.70556532272275,3.295607666768955
nawu1242,atla1278,0.2232636312443964,0.03795073143071966,0,-0.496814613295,2.876289326924775
naxi1245,sino1245,0.8683252693529009,0.022639004440446715,0,1.95878844222605,2.911346466578725
ncan1245,atla1278,-0.5947531012678213,0.03731498973435048,0,-4.3758716861875,3.118193537742885
ndam1239,atla1278,-2.5945993347705127,0.03650798935294904,0,-4.3310278051125,2.99080109374391
ndog1248,atla1278,-1.909545488100885,0.048785551908710145,0,-2.7754915439125,2.92415785437578
nege1240,aust1307,-1.6187562350969065,0.03054268883534456,0,-2.9311617379449997,2.82709977450832
negi1245,tung1282,3.2940880208253858,0.03129299225065767,0,6.375603862032075,3.6799401988939353
neha1247,aust1307,-1.13361613679751,0.040599927874256356,0,-2.52001071841525,2.831954479182785
kuma1276,aust1307,0.8183971500655156,0.037358323718636205,0,0.707488100856,2.822121165847295
nenn1238,more1255,-0.6558360793544254,0.05151323841461133,0,-1.45104131545825,3.022439770395975
nend1239,nucl1709,0.07997363957278975,0.03912283187173682,0,1.12446188932725,2.8568647918296053
neng1238,aust1307,0.23324518434466973,0.02758083382635279,0,-0.30023854172225,2.8374205693705
nepa1254,indo1319,1.849161914917298,0.02695846335142086,0,4.8180716783975,3.10734803746791
nese1235,aust1307,-0.3870222986254185,0.025642026539647943,0,-1.37899612600875,2.798355598597195
vinm1237,aust1307,-0.5257231867423924,0.041073140196014164,0,-1.79468636100675,2.78249679970927
ling1265,aust1307,-0.529122972832613,0.032042746200759385,0,-1.7839203848475,2.8021119145295152
nezp1238,saha1239,1.3909836719143966,0.028927754448244674,0,2.04300432405625,3.2651265561025102
ngaa1240,pama1250,-0.7718819713180811,0.0677191435535939,0,-1.8344124864597502,2.95005484540659
ngal1292,gunw1250,-0.656428024423718,0.055844351343532016,0,-0.738831072215,2.908437272327255
ngan1291,ural1272,2.701282085756577,0.030926166843829282,0,4.83341919955425,3.281577923842285
ngar1284,worr1236,-2.306640155773806,0.0659615652098237,0,-2.5173486386985,3.24027557243135
ngar1283,mirn1241,0.08683286053686434,0.028638955042000088,0,0.442300669145,3.039583442790415
ngas1240,afro1255,0.1778891366313165,0.03118312641108719,0,-1.3085672743075,2.8343979219823803
ngba1284,atla1278,-1.7394214918216788,0.04637688886933822,0,-2.8735174642225,2.9331695492232503
ngba1285,atla1278,-1.8531282587299929,0.05353991200256358,0,-0.04044159272875,2.9499879450315
ngit1239,cent2225,-0.17441259042932578,0.037397371873897065,0,-1.4061712263425,2.96023062697595
wang1291,pama1250,0.6784992588789738,0.060442727480797,0,1.15255844832375,2.991768327787055
nhan1238,pama1250,0.7817769170222488,0.05243398497100611,0,0.65867787464725,2.961679323829305
nhen1239,tupi1275,-0.55591841295979,0.04209576029232124,0,-2.075113444075,2.9506840739381497
nila1242,atla1278,-2.7486417716513185,0.028822926472021636,0,-4.280984200833,2.969420651887635
nucl1633,nimb1257,-1.1159698392742774,0.04219295839555627,0,-2.5780103141775,3.26262209982018
labo1244,aust1307,-0.5577430201449538,0.03303724634554719,0,-1.5230757112200002,2.77387165151306
nisg1240,tsim1258,-1.5207661176533651,0.023496900670732644,0,-2.255795675245,3.477222792682315
niua1240,aust1307,0.0519246519216878,0.038377917945868464,0,-0.6052134566125,2.718884095652295
niue1239,aust1307,-0.045004342251435,0.04006161327600742,0,-1.283266510654,2.73428513227108
niva1238,mata1289,-1.5681297169149737,0.034496893521124464,0,-2.26149195976675,3.37158332529114
njan1240,atla1278,-0.522501301812687,0.035768686824224294,0,-2.0041525193165,2.95074657824032
nkon1248,atla1278,-0.23464800550774165,0.03514684707378672,0,-0.46247848578275,2.866257089183435
noct1238,sino1245,1.177518480737565,0.03979350092605937,0,1.9596272394324998,2.8996321962839797
noku1237,aust1307,-0.2618725645527231,0.03853249533166713,0,-0.342964754785,2.8001297216102152
noma1260,atla1278,-0.9575029856390196,0.02769314656970412,0,-2.7060435711024997,2.95840336157141
noon1242,atla1278,-1.2738061861632575,0.02849183407315675,0,-2.93013648755575,3.044925662241405
noon1243,atla1278,-0.5764944784841166,0.037298689324070745,0,-4.3818205339075,3.10901422139027
nopa1235,otom1299,0.0145595287618392,0.045772161629451136,0,2.17726115529,3.00528852549854
nort2839,aust1307,-0.5071442376487287,0.025124572143778865,0,-0.964114585965,2.784936235693225
nort2697,turk1311,1.966035081507199,0.03701172916267399,0,5.56176571755825,3.230394873649415
nort2930,kiwa1251,-1.6261898119683684,0.05684526911200207,0,-2.144176466065,3.274300614528965
nort2724,sino1245,0.8975815950359516,0.03819922460362888,0,1.732989075931,2.88637737917566
nort2702,drav1251,3.8605580459208806,0.04539611771363856,0,7.55476226675,3.71654289646213
nort2938,haid1248,1.4424282916412263,0.034265897439076105,0,2.09467338013,3.274100969981945
sing1264,sino1245,1.1585086111089649,0.053543023606899234,0,2.39369327786675,2.876012807225495
nort2877,aust1307,-0.5686741396214288,0.03805863908018663,0,-0.7319437717435,2.7366688730880897
nort2684,aust1305,-2.9930405558849715,0.03146147510938226,0,-1.92829504501475,2.851977967021865
lush1252,sali1255,-1.3978842171541384,0.039359913807983614,0,-0.8609960765369999,3.083220981979255
nort2954,utoa1244,1.8547937418140994,0.0376359154708406,0,3.13416711357825,3.09789343315368
nort2957,utoa1244,-1.9823777517161165,0.04098694583863166,0,-1.3766478633975,3.005508264423095
nort2723,sino1245,0.6778741327753263,0.028826337426043437,0,0.53328487282925,2.83360798919543
nort2747,hmon1336,-2.9939012881392615,0.019112425543686622,0,-3.1604529423925,3.146971817017735
nort2722,sino1245,-0.4229685831768541,0.03010402296400548,0,0.43082537025425,2.829367836263475
nort2885,aust1307,-0.27275629939925017,0.04795997740447659,0,-1.6982438183785,2.754293267405645
nort2959,utoa1244,0.5173573211960123,0.04378916769224641,0,0.028982002802500004,2.9609464483061796
tosk1239,indo1319,3.39720377652531,0.030773596849573096,0,4.7389382835325,3.2492537221199
nort2732,sino1245,-1.0801732468754563,0.036173457485506266,0,0.045954204070000004,2.90581895777145
nort2690,turk1311,2.865982501203182,0.04732384811595803,0,5.556952408175,3.28221281551764
yoku1256,yoku1255,2.190914350349156,0.013915082062435965,0,1.7480052412826,3.369366232314635
nort2745,yuka1259,1.6900650581326462,0.013742496737447998,0,4.370510753151001,3.919858609197875
nort3047,afro1255,0.19878192979288956,0.03764103939796791,0,-1.5024685026075,2.86055140732104
nort2980,quec1387,2.6671149860829293,0.0533484414583058,0,2.90192345142,3.10926174893234
nort2845,aust1307,1.6017187523495982,0.03419947350104241,0,0.449627272265,2.74180313865411
nort2942,atha1245,-3.4443272135055265,0.050772066843844645,0,-3.72419007591,3.282786853660755
nort2847,aust1307,-0.3489997661718845,0.0469359656372846,0,-0.805395669888,2.743905585842315
nort2699,drav1251,3.5606358117831154,0.04652990592779181,0,7.3827744330135,3.8169639932635446
nort2961,algi1248,-1.5802906193307786,0.045493755083634804,0,-1.28715898737725,3.0580839005750002
nort2951,maid1262,1.8286018996975741,0.02493290502149036,0,1.5988246506567498,3.34757228823096
yaki1237,saha1239,1.7044042122124945,0.03029318772775188,0,2.0052345108055,3.247020263207125
nots1237,aust1307,-0.8338299783400938,0.049446234348676794,0,-1.1419354670250002,2.76850029613993
nsen1242,atla1278,-2.3059446639885355,0.04039148622012398,0,-4.366684796565,2.9806238864970798
nuer1246,nilo1247,-0.5067804070871704,0.036101933901405134,0,-2.415955196419,3.06946119255917
nugu1242,atla1278,-0.916674487822051,0.03421350779921297,0,-3.9969979039775,3.019944749839945
nukn1238,nucl1709,0.31856809330696045,0.03854621460418144,0,0.33231747749999996,2.830488320793485
nuku1260,aust1307,0.8298971518420517,0.03623471084032156,0,0.0937144207425,2.747688431948915
nung1282,sino1245,0.7136631502075937,0.04170435259532663,0,0.34808656661399995,2.838697306594145
nusu1239,sino1245,0.7238445251836519,0.023304399198077412,0,0.94797177239425,2.8222552370108547
nuuc1236,waka1280,-1.734471630093942,0.025304003980312115,0,-2.5789018751689996,3.37647276146074
nyah1250,aust1305,-2.21136400220142,0.03094023182012496,0,-1.87184747345775,2.868304078785195
nyak1260,atla1278,-2.335766574979659,0.03255525651404232,0,-2.684770776865,2.9269838301361952
nyal1250,atla1278,-2.431897718147462,0.03558800692513212,0,-4.3284693290015,3.0648769499747504
nyan1307,atla1278,-2.8155820706344405,0.04698203721132577,0,-4.7342954836075,2.9761941037209754
nyat1246,atla1278,-2.752081577484504,0.030000004679257924,0,-4.28565512031225,2.984866492660305
nyaw1247,pama1250,0.4680878606655827,0.05987932667940085,0,1.3898526375900002,3.0287494929860648
nyis1236,sino1245,0.9088739206745358,0.0381939499246871,0,1.66482037425375,2.8219481983068198
nyor1246,atla1278,-2.639291356124668,0.046561889366310436,0,-4.7308980818247495,2.96638358873754
obok1239,lake1255,-1.2407278453269284,0.028063862380433482,0,-2.520699839115,3.23793545841679
obom1235,aust1307,0.16860026474507256,0.05046327537977498,0,-0.95558123340275,2.74696211233556
occi1239,indo1319,3.7723681014313613,0.025400258927629246,0,6.0181236308407495,3.19672498179037
ocot1244,otom1299,-0.23900149052654174,0.03148985074493121,0,-0.16098074069125,2.996518239816475
oriy1255,indo1319,3.9341686099247224,0.029200906176180236,0,4.9521653151275,3.089168291132565
ofay1240,nucl1710,0.3209859361645227,0.047863278251112994,0,0.16669210230125,3.02838365675083
kalm1243,mong1349,1.7519605188796574,0.03457221835014115,0,6.265429136502499,3.73691112569451
okan1243,sali1255,-1.8094650959226855,0.041456589814756015,0,-2.40634367821,3.141538568527775
okin1246,japo1237,1.8969152485763128,0.03512129510174525,0,2.591676869595,2.964456724287915
oksa1245,nucl1709,0.21226967621892684,0.04077010081952915,0,0.0566279698775,2.836163879798745
okuu1243,atla1278,-0.3252651760727677,0.05744601643524112,0,0.44234191743624995,2.922302411074225
oloo1241,nucl1708,-2.252735960604385,0.05959621707319684,0,-3.8294860767525,3.166561773015
olut1240,mixe1284,-3.072651712593001,0.045928870891853324,0,-2.0459118494124997,3.26407817679613
omah1247,siou1252,-0.25849573844348034,0.0195778733962098,0,0.0477355352975,3.142582245125125
omie1241,koia1260,0.7221553170679246,0.03977159383795453,0,0.7638114918965,2.9920759643948402
bira1253,bira1253,1.9243921445231913,0.03613651576194383,1,2.63859379575,3.994194338716735
onon1246,iroq1247,-2.633421538845602,0.043090248728503935,0,-3.02740921840575,3.29338572418673
oroc1248,tung1282,3.228354779180365,0.02633318714305075,0,6.4413840426615,3.64426675081074
oroh1237,aust1307,-0.8665730036443609,0.04063270280332766,0,-1.27538402688075,2.75130499422309
orok1265,tung1282,3.1611527332424223,0.03070149711991675,0,6.43989376832,3.64513354300863
orok1269,nucl1709,-0.4879293988311838,0.03511151882836552,0,-1.152317553685,2.824481260759595
orok1266,atla1278,-0.8101405109862664,0.040355983995449325,0,-3.69766624449,2.968201368555165
orok1267,nucl1580,1.2743219157622279,0.03442797717738449,0,1.55042726377325,3.2153591180785153
orow1242,aust1307,0.8210103316871631,0.0453970081421661,0,0.43733212774999997,2.8118835896466052
osam1235,atla1278,-2.089740096752503,0.043785972299781796,0,-4.095724781047499,3.022141049580105
otta1242,algi1248,-1.5541670417262399,0.04427623401300177,0,-1.44864173022675,3.0474517477579752
owaa1237,aust1307,-0.9480278448755379,0.03601150676493696,0,-1.791750870815,2.791729946663725
paaa1242,afro1255,0.07318900537555105,0.03367274893329016,0,-0.538178400705,2.88309925880321
paam1238,aust1307,-0.580323473581023,0.04047265318187813,0,-1.3649927867445,2.807498421335365
paas1238,atla1278,0.5488864975732831,0.03801486355355028,0,0.21293688577875,2.910719890982095
paco1243,aust1305,-3.002801088749295,0.03210425336049553,0,-2.1406760730745003,2.854991950816915
paez1247,paez1247,1.4981259981876973,0.023235145051110552,1,1.140475824065,3.3116236798814898
pagi1243,atla1278,-2.38929188749114,0.03574913706565346,0,-4.4374431504145,3.08024498484873
pagu1249,nort2923,-1.309014281884442,0.07749974498724907,0,-2.2806354329475003,2.95673045553984
pahn1237,hmon1336,-2.2853444652430284,0.02548949263831109,0,-3.1797647542425,3.1264464256854003
pait1244,sino1245,0.3400844245646496,0.03946300294068859,0,-0.667702974634,2.81119224805543
pala1344,aust1307,0.4276357831123328,0.039286876871261284,0,-0.6519547040817499,2.8798378232889696
balu1257,aust1307,-0.8904919418109383,0.0445269629241515,0,-1.5490753689765,2.811236199456325
pamo1252,aust1307,-0.951020032636399,0.05786766034666215,0,-2.4476470420350003,2.829302230791705
pamp1243,aust1307,-0.6229075582189376,0.05748266194979841,0,-1.5103632216225,2.77584106941962
pana1305,utoa1244,2.372575435178687,0.053110598871314606,0,3.1390276728375,3.0793424528345748
pana1307,nucl1710,-0.3716681335567312,0.06861148737270575,0,-1.230398340283,3.01878443390353
enap1235,cari1283,-0.3270248246559805,0.030805877905378396,0,-1.1710474955775,2.987102962193195
pang1290,aust1307,-0.7514345674879178,0.0478374191420842,0,-1.5471911872764998,2.77909273380171
pang1291,aust1307,-1.0067315886198194,0.04360968171329711,0,-2.94266485255,2.85062771215119
pang1287,atla1278,-2.481370940978066,0.04009072534327494,0,-4.71298311032825,2.97798445273743
pano1254,pano1259,-0.515969899242561,0.04211964911282917,0,-0.67873103144095,2.861620949859515
pany1241,pama1250,0.26834028875252924,0.06563820569384565,0,0.83085027046725,2.874358815925675
papa1238,toto1251,-3.3948326103080353,0.041307612350880464,0,-2.603218113804325,3.24229530030469
papa1265,aust1307,-1.2633741582676592,0.03599803790739689,0,-2.5195071191477503,2.838034390384565
para1311,tupi1275,-0.2264669832937634,0.03787653171716729,0,-0.72906139836425,2.92214228413477
pate1247,aust1307,-1.703202270082981,0.04066766126376649,0,-3.210825223315,2.854360993809295
patp1243,aust1307,-0.9105148414282638,0.04245484188559031,0,-2.5874810312625,2.8531200560684704
patt1248,sino1245,-0.7917375194011098,0.04344031847575094,0,-0.5320754572074999,2.90221091315544
paul1238,aust1307,-0.7800559717344842,0.036560204929358235,0,-0.916282630415,2.846025450586775
pawa1255,pawa1255,-1.6367938798011363,0.061519532624051895,1,-2.492735209495,3.333507347145085
pawn1254,cadd1255,-1.3516345492294632,0.0232789960322422,0,-1.63398676857325,3.3822160871211198
pela1242,sino1245,0.5265431227224779,0.018610295484556238,0,0.96585396138,2.81963171520133
pemo1248,cari1283,-1.2972389589299032,0.04253275104769519,0,-1.62502511290725,2.9855015468427597
pend1242,aust1307,-1.3913373397156594,0.041575159716135984,0,-2.4043335679385,2.83492636214265
peng1244,drav1251,3.7694086207134045,0.053048897843214864,0,7.547010769075,3.711338070716775
phom1236,sino1245,0.8479960688776882,0.04798995280300768,0,1.38269059412148,2.8385624850280147
pich1237,araw1281,-1.2882413747283379,0.03723714008110088,0,-2.6340256767875,3.13333706061293
pila1245,guai1249,-1.795220081583667,0.029699476034040544,0,-2.9220765354075002,3.290624031675505
pima1248,utoa1244,1.2744456638760933,0.0522360352390745,0,1.01487754034,2.97251884131909
pina1252,piaw1238,-0.09751883512256329,0.029101471363218372,0,0.13349354685,3.0780398815193397
ping1243,aust1307,1.0373448280281479,0.03571283196955394,0,0.622528096605,2.7454163775101
pint1250,pama1250,-0.8434206662792764,0.0738038425089765,0,-1.8348545339600002,2.95749879912163
pite1240,ural1272,3.4778007284107524,0.018468215445223774,0,5.11314114708,3.1153661514025153
plai1258,algi1248,-2.0806122295781107,0.036162093554355096,0,-1.5848009169003001,3.080521663240365
pnar1238,aust1305,-0.20795458516413756,0.033671003808464404,0,-0.3946534874205,2.815635914580805
pohn1238,aust1307,1.0405053934743154,0.03846221932796126,0,0.6218135095724999,2.74550232328721
poli1260,indo1319,3.9055770726607264,0.03668826034537637,0,5.8305932686599995,3.221302753803595
popt1235,maya1287,-3.9485441293674004,0.07033332164407928,0,-3.6790651106175,3.295282008715125
port1283,indo1319,3.6208745964466247,0.021480547734883417,0,6.020370868964999,3.1781540499043848
pott1240,drav1251,3.835401995989599,0.05087258414152366,0,7.378118743742499,3.819683904591015
phai1238,aust1305,-1.8805343525685776,0.05230775112298387,0,-1.369872101687475,2.8235537681948903
psik1239,afro1255,0.29272966362485686,0.037140155284996715,0,-0.55513386539025,2.84890952028988
puin1248,puin1248,1.6047539813772955,0.03628281558322635,1,0.95327127101375,3.329822791963715
puka1242,aust1307,0.8092388148968122,0.0395850811468944,0,-0.42361581091475,2.718908691268825
pulu1242,aust1307,0.667551270967696,0.036118163025184544,0,0.7758409604925001,2.7156316561654403
puma1239,sino1245,-0.576677212503967,0.04050819766774458,0,0.042310388675000005,2.842734371378905
pume1238,pume1238,1.2953125141953108,0.03246438977028862,1,1.3057834335149998,3.3122141537891148
pura1257,pura1257,-1.6569162866557032,0.06460196867576688,1,-2.33285671152525,3.3052161618459097
pure1242,tara1323,0.231116195759262,0.020515998457535677,0,1.7668085960500002,3.3425284788750798
puri1258,sino1245,-0.8505012570782807,0.03440404831876944,0,-1.3432976053874999,2.8830232231262203
qanj1241,maya1287,-3.9165054560234847,0.0393816690377841,0,-3.6720200652625,3.3044909322558746
qawa1238,kawe1237,-1.160479234364811,0.017644366590335612,0,-2.5037338096236503,3.394170774213365
qima1242,afro1255,1.0947571054433962,0.018047830378634493,0,1.0376384904779998,2.88859831971
quer1236,otom1299,-0.543976053341187,0.04641558201717767,0,-0.95856451986275,2.991966268920825
quio1240,otom1299,-0.6413348932748626,0.04597278167641638,0,-1.6138790897325,3.10116146177684
rabh1238,sino1245,0.9476150907346799,0.04597202245195661,0,2.230464731379,2.903767351166895
rade1240,aust1307,-2.8077661018370588,0.044895000419924,0,-2.5112097564375,2.8264653885696047
raji1240,sino1245,-1.11904518698446,0.03967396793416855,0,-0.26983784122,2.87280722688823
rapa1244,aust1307,1.0231061676294722,0.027514167306624007,0,0.316841059675,2.745315122653235
rapo1238,nort2933,-1.649097615867745,0.03977509615161652,0,-2.949783536245,3.2645781273863603
rata1244,aust1307,-0.19535505939664216,0.043975944226895644,0,-0.7240010618655,2.880237450979465
raut1239,sino1245,-1.1114394425038252,0.04370961199262498,0,-0.28676574735750004,2.8698284643394203
remb1250,aust1307,-1.5557446501468388,0.03422488259476959,0,-2.69224197757,2.88012037966481
reng1252,aust1305,-3.2314945838374234,0.042530895366328675,0,-2.3987127928725,2.903821443992245
renn1242,aust1307,-1.0826903593260975,0.0422152468340886,0,-1.0665940383625,2.701355380136
rere1240,aust1307,-0.45742990987025306,0.050561036111482105,0,-1.060020345631,2.76306455255285
reye1240,pano1259,-0.6403183690631704,0.03626705334756269,0,-2.125633363066,3.022463454230805
rikb1245,nucl1710,-0.41644375913572707,0.052469814204250995,0,0.3530937797525,3.0289295491633297
beka1241,aust1307,-1.8514707343374481,0.04068548712735246,0,-2.39302391009,2.875186051321525
roma1326,indo1319,3.8538776920398745,0.02339246073477862,0,6.01643157757025,3.17410154183055
romb1245,aust1307,-0.2944875409412755,0.047093102361177155,0,-0.6337448576175,2.721576344082
ronn1241,afro1255,0.33335363407290397,0.024719134926675823,0,-0.51028162599,2.8923119782781903
rong1266,sino1245,1.2366692820193355,0.029239172554227793,0,1.8446066025325,2.94530194902014
rong1264,sino1245,-0.6256351488612188,0.04019394469852677,0,0.723188672801,2.86426925965169
roto1249,nort2933,-1.6981728640417515,0.03783467179084973,0,-2.95196752488725,3.2721559692679953
rotu1241,aust1307,-0.5049215344314826,0.03791188391840616,0,-1.00941542029375,2.7871234769923303
rovi1238,aust1307,-1.0830716937975389,0.03969762141301166,0,-1.33953556746,2.7734780990101298
ruch1235,aust1305,-1.3008231523403706,0.02605861724871044,0,-2.0173091471045,2.8107657553764547
ruka1240,aust1307,0.0280579843896217,0.04538643633372919,0,0.19412327782325,2.973028275273615
ruma1248,aust1305,-0.8534555448530943,0.024830471955809015,0,-1.9940968164725001,2.82719631838243
rumu1243,tura1263,-1.691654407825831,0.044905115764272883,0,-2.34403949257775,3.261540254769475
rung1258,maba1274,1.2924887675276873,0.030150011761208753,0,1.6673555414924999,3.53258842558795
russ1264,mong1349,2.5119009312818825,0.035408136088345046,0,6.2789241881399995,3.74070447422279
russ1263,indo1319,3.4236620544399337,0.04544471771980369,0,5.805724326175,3.2299311968520703
saaa1241,aust1307,-0.461599454417711,0.03950996275954986,0,-1.28842443047975,2.7522750004175247
saaa1240,aust1307,-0.8355859902388123,0.036631366120162705,0,-1.7732955659865,2.778482790653565
saam1283,atla1278,-2.0932516482783887,0.04320552742964471,0,-4.64899252899,2.985250205288735
saar1237,aust1307,0.09959002354116665,0.048059061240780555,0,-0.24269570237000002,2.948118946994975
saba1268,namb1299,1.335125844711896,0.04303941826049059,0,1.48521011006775,3.25375233938217
saga1262,atla1278,-1.8639802285345564,0.043193426900731295,0,-3.2048304007925,2.934756486043425
sais1237,aust1307,0.0559710281128481,0.04544462705820206,0,-1.7408968107257499,2.96302601398214
yaku1245,turk1311,4.12958901148261,0.03371469098467589,0,5.5480168569375,3.2649358611383947
saki1247,aust1307,0.26497348505028445,0.03962853652369304,0,0.81341094482,2.894486080442225
tsis1238,atla1278,-0.6411577844763864,0.03324132357947634,0,-1.891737622006925,2.9102921671959496
samb1311,atla1278,-0.7581200377044501,0.037281820754764834,0,-3.1940861854875,2.98574152839174
samb1305,atla1278,-0.5623930129527224,0.04233088577150755,0,-2.69456917271475,2.88614793416313
samo1303,east2433,-0.1332315362712695,0.035221732962183276,0,-0.2159578927825,3.006557231283675
samo1305,aust1307,0.291450486907754,0.0391232086445864,0,-0.5943420934995001,2.71163902764954
sand1278,huav1256,-2.6674007686163552,0.03842290633085872,0,-1.680337877715,3.386723549404635
sang1331,atla1278,-2.859830735766093,0.034969189775756866,0,-4.51595323319025,3.072074918694845
sang1321,sino1245,0.9135616296440106,0.0306239052756868,0,0.9581288616775,2.879941999817685
sang1330,atla1278,-2.5922149270696906,0.03324736497931327,0,-4.7295443182875,2.967869264620615
sani1269,sino1245,0.15177070815777055,0.016281275302958996,0,1.2324175115515,2.795563096954385
sanm1301,otom1299,-0.987321191275542,0.039578205445472164,0,-0.4156404292725,3.069153932463795
sanm1289,quec1387,2.7549850248743497,0.05028404062604083,0,2.96187995788075,3.089633264413465
sanm1295,otom1299,-0.43041774440762637,0.027691489218839262,0,0.095689873069,3.0637002088763348
sant1451,otom1299,-0.1645477210637,0.04930251185330826,0,-0.15992729106325,3.01368804156977
sant1436,otom1299,-0.14624095714249613,0.04917725624524739,0,1.1703152845575,3.06812748604711
sanu1240,yano1268,-1.5915918179928628,0.024797507883866195,0,-2.4985979547425003,3.249084568047085
sapo1253,aust1307,-1.2677977132772629,0.05239466995249616,0,-2.1557088111692497,2.858349798239175
sapu1248,aust1305,-3.050895395262839,0.024109384184737678,0,-2.3159215148375,2.885257804670525
sara1327,aust1307,0.43291802806894186,0.07549685037099295,0,-0.34881207690975,2.7437913499560898
sars1236,atha1245,-3.8551284326331317,0.04092899369840337,0,-3.7120246019765,3.295801275640235
sata1237,aust1307,0.20172527159905512,0.03619903825241532,0,0.46278647095750003,2.71076646193125
saur1249,drav1251,3.249729182779597,0.03430957523472404,0,7.338453244625001,3.837604704953475
savo1255,savo1255,1.247213925455782,0.035557186852442295,1,1.4923592799165002,3.3071810436456204
saya1246,afro1255,0.30678671196710405,0.03541273262585162,0,-1.4587349168425,2.8744582401360947
seda1262,aust1305,-3.2167374022066815,0.038835999425062405,0,-2.3942042518599997,2.901756331497535
seim1238,aust1307,-1.1054923364302753,0.044017465208760244,0,-2.3204210833075,2.887038013186965
seke1241,aust1307,-0.3406544110926889,0.036150926145114885,0,-0.94553303408675,2.766874960193405
sela1259,aust1307,-1.4189243119908979,0.04159035277302695,0,-2.52034222279275,2.91594318928276
sela1260,aust1307,-1.4408238352227838,0.0549632632972432,0,-2.5408541931724997,2.890347274018475
selk1253,ural1272,1.9400039858611633,0.03182110455074252,0,4.8244093722465,3.258114483498465
sema1266,aust1305,-1.7779420965063104,0.04465927188033851,0,-1.183518247485,2.8368200792684597
sema1265,aust1305,-2.4725344620791914,0.019253979230429,0,-1.5688238341802498,2.85181251319958
seme1247,aust1305,-2.405039372557397,0.02804144322784565,0,-1.5647932145449999,2.85054451848162
sene1264,iroq1247,-2.70751670418423,0.04906598298988775,0,-2.9765568752575,3.289124580641995
seng1281,aust1307,-0.9838881981859096,0.05181991811294408,0,-2.1335818893834997,2.838228557715715
nucl1632,sent1261,1.180192495034139,0.03725343377861382,0,0.921593855819,3.2005780457670348
sout1528,indo1319,3.6148356936543675,0.033948673949074346,0,5.8080312312075,3.237688456076995
seri1257,seri1257,-0.7525383302441686,0.02090119042044278,1,-1.6004043770545,3.370232421091865
seve1240,algi1248,-1.7416359276970823,0.04594672071958572,0,-1.44166076742375,3.0520318796574353
sgaw1245,sino1245,-0.06821320700034825,0.040944274823660864,0,0.8794370330775,2.86374926959532
shab1252,shab1252,1.6201737903030684,0.033877738320006644,1,2.679268225436,3.78831249763099
sham1280,atla1278,-2.0416886055204415,0.03787797991365369,0,-4.7803207760549995,2.97307649866933
shan1283,pano1259,0.22686913688262605,0.04111795718459455,0,0.49709185190075,2.85252148872814
shaw1249,algi1248,-1.6389131103514214,0.043156584310377485,0,-1.5452880171992498,3.0798293682259104
shee1238,hmon1336,-3.3974750620810714,0.030449315561976848,0,-3.1679094641275,3.1248729455878097
biao1253,taik1256,-1.8943524862328531,0.039211107088629946,0,-1.8956810512970002,3.097040145228055
shil1265,nilo1247,-0.2988729046445162,0.0378331595657897,0,-1.385707073058,2.99753725467686
ship1254,pano1259,0.1066266631408472,0.04540440405294179,0,-0.35718305402749995,2.86356967964264
shix1238,sino1245,0.8073174904294681,0.02409369227794333,0,1.9763644077775,2.90619369652127
shol1240,drav1251,4.141921310222218,0.05174765465632182,0,7.563333508627499,3.7119455955853997
shon1251,atla1278,-2.2533266842542874,0.03695767919678716,0,-4.17159265191175,2.96184043528622
shor1247,turk1311,3.1934588115697173,0.03339433552875237,0,5.58460675165,3.233612140004305
shos1248,utoa1244,1.6013706744505218,0.03896756045722145,0,3.135887806025,3.07535961185273
shua1257,jiva1245,2.319404677952317,0.04337119495584332,0,2.171930164908,3.126161606740865
shwe1236,aust1305,-0.867865855971452,0.01986758746313881,0,-2.0047275886565,2.815751298290285
siaw1243,amto1249,1.1360095741409106,0.028760115263659562,0,1.0315572348425,3.224491993827435
sich1238,sino1245,0.4385023962070078,0.01766334057473474,0,1.53725056158125,2.811124951949825
sici1248,indo1319,3.460713298822088,0.02348506160911331,0,6.0082194618199996,3.17313766815591
sici1249,atla1278,0.3148472295819929,0.03465291622959216,0,-0.33749160894749997,2.850198746307265
siee1239,aust1307,-0.5919822608993243,0.035217801983387906,0,-1.62639784350625,2.823991034512665
sier1250,otom1299,-0.288160376110125,0.048548567261036686,0,1.5903433217799998,3.002190428998785
sier1248,utoa1244,-1.8118007773761717,0.02375475030879778,0,-1.3279140802257499,2.99866606068503
sika1261,aust1307,-0.39851984958566256,0.047116005854564644,0,-0.1427943948174,2.749947905688625
siks1238,algi1248,-1.8883794680238226,0.039255023098465396,0,-1.78101277738,3.09655611420058
siku1242,aust1307,0.8060880285659305,0.0537254858419381,0,-0.815658899245,2.791011644246085
simb1256,aust1307,-1.2949815353386835,0.03811203950533798,0,-2.28204212961,2.820610495353245
sina1266,aust1307,-2.0964637785253757,0.03908265484834458,0,-3.4556255094625,2.82396239791853
sioo1240,aust1307,-1.1021699144047665,0.038891397518768904,0,-1.49568307468675,2.767116350189255
sion1247,tuca1253,2.710493919284245,0.048178773353182346,0,2.8765362034922504,3.165605883997975
siri1274,tuca1253,2.8702145625479183,0.043882981858421564,0,3.1250489289875,3.12686004920102
siri1273,tupi1275,-1.2692297517908673,0.051955495692627716,0,-1.2356581914775,2.9263097602505104
sile1255,nucl1709,0.12551534142800158,0.039817643063797425,0,1.199928026266,2.8437257600863752
situ1238,sino1245,-0.6280073527890425,0.027474648356588468,0,-0.37516661581675004,2.8866131950799003
skol1241,ural1272,3.3322007747387,0.027518654748642027,0,5.09437320173,3.1276779141070703
slov1268,indo1319,3.8114826070582035,0.04655077656044863,0,5.801407902175001,3.22529769944516
sooo1254,aust1305,-2.9114474517977182,0.031424273245075324,0,-2.1823218787015,2.84297494607776
sobe1238,aust1307,-1.1602791121669451,0.03793919056421632,0,-2.7797882068949997,2.874856475752755
soch1239,otom1299,-0.7341018747003615,0.04642962715176938,0,-1.592847309637175,3.094381158349335
soga1242,atla1278,-2.4701339311547796,0.04716818199273777,0,-4.6966306273975,2.9777682884724896
soli1239,atla1278,-2.488958771503267,0.02886480908090794,0,-4.222928173299,2.959303097098065
sons1242,aust1307,0.33984107429131405,0.03225979224755034,0,0.8000726609446249,2.720037747281055
mani1235,east1459,1.089269750364166,0.044610022879575,0,1.3504938605775,3.25319695668848
sout2859,aust1307,-0.4281903519652108,0.037603353090038254,0,-0.46730224341275,2.77674895772023
sout1549,drav1251,3.68962066565065,0.05452056545011975,0,7.3812791810275,3.809497358415115
sout2976,utoa1244,-0.732660707647286,0.034211990544470765,0,0.04647470743715,2.95953656534523
sout2954,japo1237,1.921873525690005,0.027829558857486027,0,2.59818221270225,2.95557667944803
sout2996,ayma1253,1.687883543594408,0.03457012592343564,0,1.6343349489180001,3.2309421422934452
sout2730,sino1245,0.9407474683444521,0.03284475434976792,0,1.785379932643,2.869678678400195
raro1241,aust1307,1.2184698389191935,0.03185227551318553,0,0.560363955019,2.7250559330473347
sout2715,sino1245,-1.2317779684278136,0.03246244582276982,0,-1.6195447461149999,2.895910382471095
sout2826,krua1234,2.2246376897134787,0.03402674586394374,0,-0.3876703509975,2.9823194883935447
sout2956,haid1248,1.4777659163689023,0.03205122704796693,0,2.09324057506975,3.2783574487984897
kach1280,sino1245,0.9358434539275831,0.03232161943292837,0,2.409502061175,2.885336577404135
sout2994,namb1299,1.4124336948002068,0.04090228026385896,0,1.4697911472717502,3.25562621200758
sout2649,indo1319,2.5035068209413245,0.02720102721736664,0,5.025685272037,3.22870745179309
sout2729,sino1245,0.463847332485886,0.0270784710105251,0,0.30250119611299997,2.8315121795058
sout2728,sino1245,-0.24950214788568809,0.022474612685335002,0,0.620026562507975,2.837698250820475
sout2918,aust1307,-1.175599609104783,0.03557758384167557,0,-3.0100125514275,2.8514035232456747
sout2985,miwo1274,2.2810837712691048,0.020826729817413167,0,1.8373175166805,3.28035881923129
sout2807,atla1278,-1.2188707246306585,0.03813028020310739,0,-3.6029618937575,2.8747952910844
khan1277,sino1245,1.3239449540839472,0.023348197715185485,0,1.7766498201025,2.944889202330535
sout2679,ural1272,3.4634439194391615,0.03519164777821913,0,5.0712839147499995,3.1469479441704102
sout2782,atla1278,-0.5276494062532542,0.048105034184669264,0,-1.923860767222,2.973135508619565
sout2895,aust1307,-0.9213473254803425,0.046215517156955384,0,-1.54700833573775,2.812735088261595
sout2674,ural1272,3.5299276019606722,0.032317484055381,0,5.115898570300001,3.1045586333478496
sout2959,atha1245,-3.7446396221869347,0.03968628443789593,0,-3.7257418310685,3.2774117280902146
para1301,aust1305,-0.9924588889483306,0.02369686545311386,0,-2.08786173456485,2.8000575233641953
sout2869,aust1307,-0.3047542006006996,0.04002204212057739,0,-0.74139872386625,2.7534186187388947
stan1306,aust1307,-1.4350749742228488,0.03927846655133881,0,-2.9977836400689997,2.80635232712232
horp1239,sino1245,-0.19795321186789736,0.019979535179176243,0,-0.50287485370175,2.868946665398635
suba1238,atla1278,-2.588393321300264,0.026319973642647383,0,-4.6459677001625,2.98126618001091
sude1239,aust1307,-1.5500077041171592,0.03279942258296954,0,-3.2810216446995,2.8710718621833102
suku1259,atla1278,-2.54086235517988,0.036364825951661225,0,-4.70650084887425,3.03978911858504
sumi1235,sino1245,1.0781406618659637,0.021800626929314008,0,1.7114589314135,2.946732354287345
mari1426,aust1307,-0.221624303773057,0.045154456801923586,0,-0.09261927055,2.811227837075895
sunw1242,sino1245,-0.8387640777964889,0.02613803765792006,0,-0.35348981922462497,2.804905657727585
supy1237,atla1278,0.12400996661808195,0.03212971738067503,0,-0.19919521762965,2.85911827972541
surg1248,ural1272,1.5389672482334138,0.03527407411648909,0,2.6234983666675,3.07032641935775
surs1246,aust1307,-0.9366151414036255,0.033705785871226426,0,-2.3521860477725003,2.83795600635001
swah1253,atla1278,-2.4659858529595153,0.041388689588295315,0,-4.78200383667,2.95666557260337
swed1254,indo1319,4.085560244824425,0.023670632263169598,0,5.794611564815,3.22953775496467
taba1263,nort2923,-1.2599290292578462,0.05590135734962702,0,-2.1852812927375,2.93083967482346
taga1272,aust1307,0.4688407433734348,0.0697840159165931,0,-0.35054849164625,2.7574288706700347
tagi1241,sino1245,0.9286807690135019,0.013971115055341888,0,1.66204837060075,2.82685177288413
tago1246,rash1249,-1.5464142628147342,0.01774703679275228,0,-3.6069304768075003,3.45544573676524
tagw1240,atla1278,0.5994082874444439,0.05711606817988931,0,0.1065683355802225,2.887029700179725
taha1241,afro1255,0.8699369845595013,0.026060825595619005,0,1.01681848571,2.98781405738202
tahi1242,aust1307,1.6897537640418656,0.034216977501634174,0,0.54992872746,2.73129025053826
taia1239,taia1239,-1.3123145848638065,0.025960614415396766,1,-2.5381560739927496,3.27658825873067
taji1246,aust1307,-1.3692209666722213,0.05088084784070295,0,-2.395248292,2.845199738747775
taku1257,aust1307,-1.0054001693675727,0.03834430543868704,0,-1.101094211095,2.73082217648509
binu1244,aust1307,0.2271527044147607,0.06243106585498735,0,-0.5117799288575,2.759758683248805
tali1259,aust1307,-1.0066213834197926,0.04785690788253469,0,-1.86146377168775,2.82246379408015
tama1331,tama1329,1.9909682062526608,0.019628539435890626,0,2.3773783039425,3.56366362541547
malo1243,aust1307,-0.27030599473434214,0.042434550497404216,0,-0.7560620989825,2.78768350555641
tama1365,afro1255,1.0420257953116,0.02953166951830219,0,1.0930661237175001,2.95895497378846
tami1290,aust1307,-1.4632026448618176,0.019308375158741904,0,-2.270975660564,2.800790346194375
tami1289,drav1251,4.204777255845796,0.044196844126817326,0,7.594351216975,3.7040126561511197
tane1237,aust1307,-0.879578197041833,0.041613856363087696,0,-2.37153022593475,2.87063198529802
tang1377,sino1245,0.7446619661492526,0.0382325025382792,0,1.59248838087175,2.829162915530385
tang1348,aust1307,-0.9871322701994844,0.03992714656472318,0,-2.3447901168967498,2.82485374217286
tang1373,sino1245,-0.0314935556465883,0.03096645790193478,0,0.7169469396115,2.844932266256155
tani1257,tuca1253,2.774979953602377,0.04120346588233912,0,2.934641175278,3.1885924247185002
tara1313,sino1245,0.9138446239401459,0.03795152553829173,0,1.2678852407360002,2.85228425221079
tari1263,afro1255,1.034741326954217,0.032653397713664836,0,0.60948779886675,3.005358174619515
tata1258,otom1299,0.0341321367747703,0.041012429429216284,0,1.9667021643425,3.032531896505165
tata1257,aust1307,-1.0472019386557752,0.051420126686893504,0,-0.8524455113167999,2.835691583615905
tata1255,turk1311,3.801272829758725,0.036305915501394455,0,5.576771820095001,3.223590164796395
taul1251,taul1250,1.2549840334808233,0.041754582198911004,0,1.285085754075,3.28833032534615
taus1253,taus1253,-0.9105835608768333,0.029985718276226103,1,-2.0765002685447502,3.31966511671365
taus1251,aust1307,-1.2120021255148585,0.04290004170097872,0,-0.963494302672425,2.718027887422225
tawa1286,afro1255,0.7011808099949144,0.03341091796987019,0,1.086423653525,2.96829821697302
diga1241,sino1245,0.8091969063518539,0.03695553465458827,0,0.8111908616422501,2.861985009262475
tbol1240,aust1307,0.06760018969856929,0.05859558376027978,0,-1.60504375888975,2.799705392590075
tean1237,aust1307,-0.8867797388216025,0.01802837582923088,0,-2.33726908673,2.876322774709695
teda1241,saha1256,1.3169706798936835,0.02152813093697336,0,0.860465606608975,3.041135858254435
tedi1235,sino1245,0.478453574453174,0.03526359597998165,0,-0.6810313362125,2.8199871852398397
tega1236,rash1249,-1.3203486899053618,0.01894016589677365,0,-3.6272163316475003,3.422868195298535
tehu1242,chon1288,-1.4342183416745256,0.01811043398035416,0,-2.2962161247526,3.418420224261345
tekt1235,maya1287,-3.7122550862241397,0.06064125621066928,0,-3.6138803316022496,3.321680417321275
telu1262,drav1251,3.9537812510574595,0.045536954497003616,0,7.5545536746215,3.72943340352865
tema1239,utoa1244,-1.6889906140804951,0.03288561039280156,0,-1.3837179522657501,3.0185041231741403
temi1246,aust1305,-1.5381872190144583,0.02945539499433026,0,-0.86849053566,2.836088171010315
temo1245,otom1299,-0.6401010058212162,0.04115298402530845,0,-1.33051101052075,3.0338078258299
temp1235,aust1307,-0.8261470373062507,0.05193878989413217,0,-1.157552205715,2.792258570593955
teng1272,aust1307,-1.8598896637776825,0.043499337816776895,0,-2.34090706176325,2.903545635513285
tenn1246,surm1244,-0.5177562361324142,0.0418529499504122,0,-0.56644626654,2.89653037793517
teop1238,aust1307,-1.1583239982345437,0.048521039568227634,0,-1.24196974598,2.825590582539255
tera1251,afro1255,0.615576132563247,0.02676968504407614,0,0.430580808408,2.86301550974045
tere1279,araw1281,-1.3174530674952007,0.03171751835916868,0,-2.620975919615825,3.11922173373838
term1237,aust1307,-1.6845658714625933,0.03989808529223916,0,-2.48346443854475,2.87365938087899
tern1247,nort2923,-1.3537549424204722,0.07810997072931171,0,-2.3856260961975,3.023330379400125
tete1251,utoa1244,-1.795345204323655,0.0444655212848296,0,-1.3904725799184998,3.0127451068971602
thad1238,sino1245,0.6141489836625578,0.03750080287293576,0,-0.6546052887775,2.81002839439249
thak1245,sino1245,-1.5490988896892024,0.04788311046001337,0,-1.7206361182580001,2.875622548772665
than1259,sino1245,-1.192130907759128,0.01472922862833573,0,-1.75162398229,2.87607608325426
thao1240,aust1307,0.0332933012446429,0.0474984249678236,0,-1.63402228736,2.945653932161
aheu1239,aust1305,-2.6032851908717056,0.034339904914233485,0,-1.9758742893172498,2.87438476614238
thul1246,sino1245,-0.5792249523135682,0.025716111949492318,0,-0.18632687223575,2.813998076573255
tibe1272,sino1245,-0.6146099755978607,0.038039170690119056,0,-1.261496798055,2.830575452523645
ticu1245,ticu1244,1.0988629212291405,0.021870660904905557,0,1.298410101147,3.2814237378094697
tief1242,atla1278,0.2757347184081686,0.04085596185475016,0,-0.7853840727165,2.88684473485096
tief1244,atla1278,0.30168596706319006,0.037730550363787405,0,-0.31432404460025,2.889178358518155
tien1242,atla1278,-2.5503525412115398,0.037558856794141816,0,-4.581986252725001,3.06480567724273
tiga1245,aust1307,-0.7546304914661512,0.036581087917838206,0,-2.016809103351275,2.828214840632675
tika1246,atla1278,-0.9100222099411556,0.03883705838088708,0,-3.17346380832605,2.99975229922677
tiko1237,aust1307,-0.47751948147808243,0.03265212875322623,0,-0.7151482476865,2.72449584222948
tilu1238,sino1245,-1.0354624679839453,0.03511145768627058,0,-0.6006602703024999,2.820735189311735
timn1235,atla1278,-0.49603448461984234,0.04140377100306526,0,-1.9178316849275001,2.8191524882170853
timu1262,aust1307,-1.1830336343422039,0.05295484790445238,0,-1.7114001461915,2.846859854105455
tina1248,aust1307,-0.9088750627486903,0.04833278545684457,0,-1.55493986845175,2.78860020843816
maee1241,aust1307,-0.3061632983241884,0.03889446393224105,0,-0.8433084385662499,2.754664944209175
tiri1258,aust1307,0.7468306553903776,0.035847040935230605,0,0.4249680050375,2.785376360651515
tiru1241,aust1307,0.08953563658379801,0.05245544218014262,0,-1.034639446459075,2.809919670270755
tita1241,aust1307,-1.0792367245809649,0.032302171406185354,0,-2.6290162930351,2.8117197293276597
toab1237,aust1307,-0.7435700145403477,0.04666212575547334,0,-1.4253470062837499,2.73680015887901
toar1246,nucl1580,1.3465347336499964,0.01905674658591276,0,1.5357062688674,3.22793215436279
toba1268,leng1261,-1.5150241875433266,0.02459580503711597,0,-2.14605535040163,3.3347527553567353
tobe1252,nort2923,-1.3016045947559591,0.051955480995014375,0,-2.2133878005935,2.953890798723795
toda1252,drav1251,4.441318492889616,0.05432054505310933,0,7.576706916725,3.71311332605811
toho1245,utoa1244,1.8413304098336374,0.05411553174395195,0,1.0253668445000002,2.97533534082966
tojo1241,maya1287,-3.7832652805161344,0.04834962007447929,0,-3.6693633531314997,3.321575147782275
toke1240,aust1307,-0.09221687740264944,0.028405353033059577,0,-0.760591588875,2.70510453195815
tong1325,aust1307,-0.19268463349410203,0.03259778843808071,0,-1.28181060661275,2.730913980298945
tong1318,atla1278,-2.1631211097921774,0.03193254700346693,0,-4.258302425435,2.961025811434755
toor1238,atla1278,-2.7650300321022963,0.04432165234875219,0,-4.730603126297501,2.975921151600445
tora1259,aust1307,-1.2851382024647726,0.04533711760598756,0,-3.0047028000675002,2.819422904280245
tote1238,atla1278,-2.384104789014907,0.033001985367423124,0,-4.23369374215,2.97060030397346
toto1302,sino1245,0.09813505134413375,0.02659931690959202,0,1.447406440075,2.8744613146072053
touo1238,touo1238,-1.1898690520008852,0.02094858080856285,1,-2.5888424260400003,3.34248303632586
trin1274,araw1281,-2.0146025502890326,0.027694454712443126,0,-2.6098895522,3.14019085841602
trio1238,cari1283,-1.632580595313844,0.03558194981036734,0,-2.3349661638179997,3.02625666972936
trum1247,trum1247,-1.7152384352649932,0.032986928966373154,1,-2.3449044241167503,3.33403632306203
tsam1247,afro1255,0.7938767623829402,0.020240541967063732,0,0.5787056617165001,2.87371958548622
tsat1238,aust1307,-2.184522700866493,0.035205476508848255,0,-2.4617987062425,2.85725769998786
tsha1245,sino1245,0.25100075070215194,0.04100382695151048,0,-1.3667161861575,2.901977395968505
tsix1234,khoe1240,1.3769044105749804,0.019063531389579537,0,1.3758305708190002,3.294670558463555
tsog1243,atla1278,-1.8715653428104937,0.022684002952648438,0,-4.28976037118,3.078332797369075
tson1249,atla1278,-0.998627729220421,0.02881619540454383,0,-2.21887093395425,2.83366769809658
tswa1255,atla1278,-1.1003427967222752,0.028672439067063273,0,-2.471293412565,2.834210242454245
tswa1253,atla1278,-1.9630004466158146,0.03786107902046921,0,-3.5889109308775,2.86510863277783
tuba1278,utoa1244,2.1895086510191444,0.03541211641653632,0,2.9837050705425003,3.0986358989421197
tugu1245,aust1307,-1.612826657300561,0.011428984759154126,0,-2.660958325936,2.867585050602755
tuka1248,aust1307,-0.7469016189652828,0.04162129090937009,0,-0.64820478636225,2.8139850107787048
tuki1240,atla1278,-1.174799349662233,0.04061706037835772,0,-3.9410648375174997,3.006430816857325
tula1252,atla1278,-0.33970394367776857,0.0498255118663901,0,0.22149226123475002,2.9405895757049603
tulu1258,drav1251,4.058514622864747,0.040678539713092605,0,7.5635772053575,3.732300156123025
tuml1238,aust1307,-1.1334514934461204,0.0491035073021004,0,-2.02089047153025,2.82644288916617
nene1249,ural1272,2.302876087870832,0.03487195354398295,0,4.859277218552499,3.26327059276509
tune1261,atla1278,-0.9032238295278034,0.032941702671776506,0,-3.2222776695075,2.960488988834915
tung1290,aust1307,-0.5292811392571779,0.03682490354228665,0,-1.08259212149905,2.8245888953658103
tunn1238,afro1255,0.39818274829006206,0.018935029841802144,0,1.0596705768099999,2.8724619661123603
turk1303,turk1311,2.4383613961470205,0.039876452893571744,0,5.5301602115925,3.2530250751373853
nucl1301,turk1311,2.846415986170803,0.037666195278190755,0,5.583871098747499,3.23806741640175
turk1304,turk1311,2.7649363184563076,0.024264184571862298,0,5.5519360562825,3.231447741129565
tusc1257,iroq1247,-2.757486787585516,0.03989957577098574,0,-3.0068940124,3.310586360338945
tutu1241,aust1307,-0.39073645402499774,0.019031942403541325,0,-1.4593695604849999,2.77800129103818
tuvi1240,turk1311,3.3497158337970863,0.03758430053895675,0,5.586825681535,3.2508939888670803
tuwa1243,aust1307,-0.39957038390654503,0.06521039697475975,0,-0.56923299939225,2.765579907703315
tuwu1238,atla1278,-0.24536548848119877,0.05589640596937573,0,-1.855559712165,2.91238895280111
uuuu1243,aust1305,-0.9709458655688781,0.03081170165515782,0,-2.0670341238549996,2.8134320906646
ubir1237,aust1307,-1.982164003587803,0.03500515266687665,0,-2.98378808269245,2.879494390400435
udih1248,tung1282,3.1063019577564823,0.02182062420725992,0,6.427354185015,3.6259598071250148
ughe1237,aust1307,-1.1354075995009585,0.0358707092340155,0,-1.5701363938672501,2.787547167395765
ugon1239,sino1245,-0.8786690294590451,0.01722790898396178,0,0.37719644729400004,2.889572359666265
ulch1241,tung1282,3.275660783911097,0.02999895847606133,0,6.428192095485249,3.6541958008156747
ulit1238,aust1307,0.440101135602989,0.03270260616666017,0,0.79586669998225,2.724808186230905
yaul1241,kera1258,1.4736146056078188,0.05031026483201749,0,0.98847344803475,3.2226133992160246
umaa1242,aust1307,-1.2880650647158287,0.04726073790607353,0,-2.3877975181249997,2.847830338024555
umbu1257,atla1278,-1.3530830686098159,0.034211526994934544,0,-2.8533713254875,2.952047229897565
umbu1258,nucl1709,-0.46458563176796236,0.03705808160669545,0,-1.75157043006275,2.867436049830315
umes1235,ural1272,3.527428421069751,0.03275454733987148,0,5.114072006475,3.112819204638165
unua1237,aust1307,-0.5509138713783777,0.04097759673473398,0,-1.2263190404072501,2.76595209161386
uppe1427,aust1307,-1.1445047473814396,0.05720218925361264,0,-1.8064709855425,2.8481821785958497
uppe1275,toto1251,-3.434002215179941,0.042928711026536726,0,-2.56837660604775,3.2646014858789147
urak1238,aust1307,-0.9089755835022415,0.03595469069091031,0,-2.9986417266074996,2.8120297440378046
urar1246,urar1246,1.3712500185519318,0.022518802477003382,1,1.1551443929274998,3.339625881783245
urav1235,aust1307,-0.6167201983311119,0.04134258749569451,0,-1.6305707719925,2.815839316817075
urim1252,nucl1708,-2.274360394992314,0.07237460597339913,0,-3.6734810806500002,3.219241792662525
urip1239,aust1307,-0.3197368685555688,0.041921874103516915,0,-0.674886223266,2.7842969422843353
urni1239,giim1238,-1.5879266675287866,0.026108832283579343,0,-2.07627787304975,3.3048554541574946
utes1238,utoa1244,1.273047921194502,0.04146182386962162,0,3.1530661328325,3.0885367746742247
pile1238,aust1307,-0.8476449985251339,0.03547374638916253,0,-1.336744855493825,2.73533890055678
veps1250,ural1272,3.365489067721997,0.024563066435423355,0,5.17925612189,3.09766352865811
vera1241,aust1307,-0.5711368300157655,0.03649521194192033,0,-1.4313881096475,2.7798728692671304
viem1243,atla1278,0.43551194569213975,0.059821171677383794,0,0.29553678273850004,2.92064518235479
viet1252,aust1305,-2.253244957378282,0.03730738406952412,0,-1.9659418217884999,2.885316309278545
vunj1238,atla1278,-2.1965311587022103,0.030046359619061706,0,-4.06281820645,2.93179508209281
vure1239,aust1307,-0.5627190911685844,0.04166563723131526,0,-1.31391158728225,2.79515329495077
vwan1235,atla1278,-2.501807788455152,0.03490872727178092,0,-4.747702139175,2.969105967848625
wadj1254,wadj1254,-1.731495864717937,0.04280435051500974,1,-2.271347570255,3.3273709476139253
waga1260,pama1250,0.26640058156642704,0.0612280986065812,0,1.4990146060125,3.0578059235054598
wage1238,wage1238,-1.58693505562875,0.060875942754017955,1,-2.1256018733640003,3.30332585537566
waig1244,aust1307,-1.0945705010750713,0.040006869723165035,0,-2.8192223689675,2.937912555948555
waim1251,aust1307,-1.9761994247606554,0.04696776633338552,0,-3.4685769605325,2.833195033800335
waim1252,aust1307,-1.686589258279036,0.036525961726543835,0,-2.73611523141875,2.862449982973965
waim1253,cari1283,-1.4592699288376225,0.044650211259707556,0,-2.1682146565185,3.0453787715346
waiw1244,cari1283,-1.8748213124803903,0.03752850926084047,0,-2.26816024706975,2.9860459596888402
waja1259,atla1278,-0.31689415743147314,0.05317379985375633,0,0.2093851658375,2.932623029268295
wala1266,aust1307,-0.5445864808013461,0.0422385683350644,0,-0.7855647147635001,2.74249708180384
wamb1257,sino1245,-0.9293273812575744,0.03097843998905075,0,-0.274277277543,2.8246328605299302
wand1278,afro1255,0.02480449031088145,0.03398952002300668,0,-0.5300345011625001,2.8196999277120547
wand1267,aust1307,-1.298204387671536,0.03133920790139119,0,-2.979343214605,2.91511503347546
wanm1242,pama1250,-0.5724150193336883,0.0648449168931515,0,-1.78885450971875,2.9581106365804803
saka1289,aust1307,-0.3837101346427294,0.03791654268974308,0,-1.3276111868232499,2.78513798566771
waor1240,waor1240,-1.0565156496751529,0.020038682756223312,1,-2.2030388339659996,3.34379782598719
wara1303,wara1303,1.1155280463761563,0.019748168082348784,1,0.8786846674575,3.329418158018105
wara1300,aust1307,-0.19004723090428338,0.040441202865777515,0,-1.1020068633999252,2.715900418656695
ware1255,araw1281,-0.6195595418391131,0.03572718723377829,0,-0.3352414511215,3.13015262631816
ware1253,aust1307,-1.2575668888185665,0.04474135502815119,0,-2.9048496112475,2.902405506109305
wari1268,chap1271,-1.907228368199352,0.029164351388794325,0,-1.8798907168349999,3.33019843334423
warj1242,aust1305,-0.279410642379871,0.017036748161051045,0,-0.5832165494065,2.84202372933344
waro1242,aust1307,-1.3145447954845104,0.012714247089803642,0,-2.8412283639074998,2.93490945379427
waru1265,pama1250,-0.2827915130701021,0.07497575312391454,0,-1.527232034068125,2.9778188485023
wash1253,wash1253,2.0525937316490497,0.03939906951796043,1,1.50938135967675,3.3700108279703196
wawa1246,atla1278,-0.6052235118508473,0.037248693220430916,0,-2.6687251697425003,2.969362565201985
waya1269,cari1283,-1.6428318745413601,0.0334995077933834,0,-2.4058674688275,3.0055105347319753
wayu1241,sino1245,-0.90286451624168,0.03977469938455632,0,-0.562567221039,2.818498607918365
weda1241,aust1307,-1.9658997363032615,0.03103337028626022,0,-2.93404820458475,2.865631372353085
wels1247,indo1319,3.8019900485736047,0.022411519157692517,0,5.7022871682275,3.27611413141558
weri1253,kuni1270,0.7472584007414548,0.06054293929966462,0,0.0046325259775,2.896528885926015
west2560,aust1307,-1.0418749722214573,0.04122704036640336,0,-2.9919907368172503,2.8703747200488197
west2548,aust1307,-1.5056952372796752,0.033197572777260126,0,-2.4941002950150004,2.8832440086717748
west2615,atha1245,-1.8751054057263374,0.04091796268490119,0,-3.70707433604825,3.29174488690598
west2441,pama1250,-0.5605989100473943,0.05633253316890993,0,-0.38918377272,2.899597894589755
west2397,aust1305,-2.696470465014129,0.03577680355401899,0,-2.1834909829175,2.8464455943423
west2618,eski1264,-2.85609508467532,0.0337009085693054,0,-3.198425510963875,3.364915547272675
west2650,aust1307,-2.1368627741687085,0.037798829785476,0,-2.4824588317925,2.83471684952059
west2594,nucl1709,0.4842116657678318,0.03580880383906114,0,0.030228361933,2.87089660630312
west2778,utoa1244,-0.5558343568618369,0.04425656989457111,0,-1.4327916288472502,2.99969541645346
west2369,indo1319,2.463598974035488,0.031038316322470852,0,5.05426302356,3.25305017865196
west2519,aust1307,0.2736808678762664,0.036742301673529314,0,-0.50381040388585,2.7717732533929453
west2354,indo1319,3.966800359289545,0.026949997716628624,0,5.8157334538225,3.2398620589281197
west2644,otom1299,0.1913567824056667,0.052197692263488735,0,2.15108714666,3.001512415735895
west2624,utoa1244,-1.941471477532092,0.04818350064103643,0,-1.29480867624025,3.002568581369845
west2466,atla1278,0.2866251282526811,0.054914726852816315,0,0.18102475160525,2.9052052668594452
west2632,kere1287,-0.985343305238358,0.021183272039180957,0,-1.853412596005,3.4239965018949947
west2396,aust1305,-1.5264214007486554,0.024856557422318466,0,-2.08971012697975,2.804162132984655
west2418,sino1245,-1.2371569812103753,0.025220025001517123,0,-1.6722590696315,2.9165564353602997
west2392,ural1272,2.895314884520575,0.0384413883225231,0,4.86415635403,3.17675582422772
west2763,afro1255,-1.5055619170648058,0.018627586682680972,0,-2.2716635376175,3.03583265234556
west2386,indo1319,2.0392003294717114,0.03401936270262234,0,3.3034505239367498,3.0179092126790152
west2557,aust1307,-0.6835327420205414,0.048523782862643666,0,-1.577531560251575,2.77555290302087
west2415,sino1245,-1.1984499301969498,0.04182595090501279,0,-1.687092247546,2.886405606463585
sanj1284,otom1299,-0.4762025649405547,0.04245542347315019,0,-0.131153122065,3.00670803168355
west2430,hmon1336,-3.1185447124673544,0.02340538777202994,0,-3.17246899419,3.14289655271336
west2600,nort2923,-1.3613427311783195,0.10129679441210769,0,-2.4117519913575,3.08282466955114
saka1291,aust1307,-0.14451922987765253,0.03334125733622409,0,-1.5571407389482501,2.79871136625564
west2538,aust1307,-0.7585276498883455,0.04160436649486804,0,-0.8155225596194999,2.829183318312745
west2516,aust1307,0.02570804550778525,0.0437892745079838,0,-1.42309138015625,2.735821009170925
whit1269,aust1307,-0.4286793517278221,0.03765207384318725,0,-0.94906152441135,2.74748255332688
babi1235,atha1245,-3.5685597498847352,0.0490720788485117,0,-3.6804928857499997,3.294346662885385
woii1237,aust1307,-1.3368446037191895,0.04291369003941326,0,-2.9815699342575,2.9144493586766202
wola1242,gong1255,2.608608243869238,0.04238093865845429,0,2.37213720823,3.005736024546715
wole1240,aust1307,0.35630348281207735,0.015613577514976053,0,0.7668492102869999,2.720155015367125
woli1241,aust1307,-0.9519240807747968,0.04603762502754462,0,-1.96850678304625,2.795778936823035
wood1236,algi1248,-1.9528087387055728,0.04131578026721675,0,-1.5951251766405,3.08287685492572
wotu1240,aust1307,-0.8848387223571694,0.035186322349704674,0,-1.548988454675875,2.78172049014142
wuch1236,sino1245,-0.7003312498484173,0.03972922250425889,0,-0.41412102496425,2.8684913205006453
wudi1238,sino1245,0.24844759938101152,0.03202975410528378,0,1.46717619054425,2.807835598318865
wusa1235,sino1245,0.4938356159890952,0.02785144073390074,0,1.21138737133075,2.8100940581503897
wutu1241,sino1245,-0.030803293030345298,0.03296028313657021,0,0.751200045360925,2.85532320403974
xamt1239,afro1255,1.3585334059704706,0.031917359535945315,0,1.0563571323705,2.885026182325965
xara1244,aust1307,0.6713197783672629,0.020139710960256255,0,0.41297089625625,2.79791149993894
xava1240,nucl1710,-0.4484772487288984,0.050534676519645584,0,-1.0165137333095,3.026141572978865
xhos1239,atla1278,-0.6755604281246925,0.03248322922328638,0,-2.137479200455,2.86423895138944
xish1235,sino1245,0.8815904709923414,0.026906340944558165,0,1.809313724156,2.855055415036455
xokl1240,nucl1710,0.9770244877564327,0.05040516488472779,0,0.41227520578535,2.9828657945129002
yaak1241,afro1255,-0.7626970860805808,0.022408885106996252,0,0.18908887293499999,2.8497558891126946
yaey1239,japo1237,1.2401731735635755,0.017382414336703702,0,1.894256945645,2.922087495719455
yagu1244,peba1241,-1.0301524400321262,0.030884066971976744,0,-2.0321542736102503,3.292014389079715
yaka1277,aust1307,-0.7771441019154395,0.0367051549024927,0,-2.85709495769375,2.876200509704625
yaka1269,atla1278,-2.4548497462479,0.04200016186616216,0,-4.7077008719224995,3.03796837286177
yako1252,atla1278,-2.298020977200128,0.048128185668467174,0,-2.703837317895,2.964649462322435
yala1266,aust1307,-0.9526994158687282,0.04724321799406333,0,-1.7964320951785,2.84835194103269
yale1246,yale1246,-1.1920020409030896,0.02872713273044222,1,-2.6353347253152,3.3034105518026298
yama1264,yama1264,1.3508507066859219,0.024011899601731175,1,0.90878051047775,3.35340487520814
yami1254,aust1307,-0.06513270341158915,0.047372397287218496,0,-1.4805206185475002,2.757444670706335
yami1256,pano1259,0.2532369513051185,0.050111070298847794,0,0.5189057862255,2.8528915273581754
yamp1242,sino1245,-0.820516094099105,0.016761481084211254,0,-1.295630812095,2.89615791421735
yano1261,yano1268,-1.7421215981847453,0.026099783736264832,0,-2.4783775428125,3.240486891520815
yaoo1241,atla1278,-2.1701684401409542,0.0293917311514839,0,-4.49091812332925,2.947881489507345
yape1248,aust1307,0.15067808739684097,0.03596418164430777,0,-2.146348959224775,2.90019306685363
yaqu1251,utoa1244,1.598941060830305,0.05310992920592752,0,1.4521918835575,3.0201800920306203
yare1248,yare1250,0.7004862474702325,0.03683982222117365,0,1.40117844788275,3.23714908056755
yasa1242,atla1278,-1.0271884666180209,0.030269514940413824,0,-2.7324907652675,2.928544428659145
yatz1235,otom1299,-0.3750735302053786,0.0462854047100117,0,1.6495141509087,2.9962609311695303
yaum1237,nucl1709,0.25676300529950774,0.03901212922547899,0,0.32453292492475,2.81905277730164
nucl1454,yawa1259,-1.2795231813536707,0.02466416133046986,0,-2.4632458786552,3.34443881691619
yawa1261,araw1281,-2.059351246415835,0.0476904089860779,0,-2.17375929411575,3.209254993380915
yawa1260,pano1259,0.20011921256112963,0.04351291614145556,0,0.511270807327,2.84937744036493
yawu1244,nyul1248,-1.9447160787212807,0.053539409670298674,0,-2.24273470944,3.353494961048675
yecu1235,toto1251,-3.4161474400046696,0.040925455852784044,0,-2.53305218091,3.268146586801195
yele1255,yele1255,0.9911489938038246,0.03444533755797129,1,1.1662643976155,3.26945429526707
yems1235,gong1255,2.5867297017470405,0.044086610465853514,0,1.5931635469574998,3.0088189807658052
yapu1240,nucl1708,-2.2371572856268243,0.08192078436100339,0,-3.6808923717494997,3.2037529537894347
yinc1238,aust1305,-1.5093676668368576,0.01678943462063927,0,-1.9804659465485002,2.8279307082052147
yind1247,pama1250,0.31063465346348396,0.06613118772801967,0,0.9068141480025,2.8769132692942447
yoga1237,aust1307,-0.4467688375701099,0.04110666393422514,0,-2.21250205634,2.77892188631572
yona1241,japo1237,1.2997079342993025,0.03448637835510094,0,2.22147222974225,2.928411183320125
yong1280,nucl1709,-0.05022100136295325,0.03913976819363069,0,-0.785678522171025,2.824911126531945
yora1241,pano1259,0.2613058616412275,0.05304533375460207,0,0.502330936855,2.852330162227415
youl1235,sino1245,0.20889579991541019,0.025465377578076234,0,1.7412708544650002,2.8534905729257947
youn1235,hmon1336,-3.3261019339940208,0.02656720144131943,0,-3.17408615164875,3.1379147458819903
yuca1254,maya1287,-3.723250845871135,0.0669382401176549,0,-3.6685405266186,3.3298763167491447
yuch1247,yuch1247,-1.6508186522455444,0.02910649766791356,1,-1.7596157102149999,3.396508657233785
yuec1235,sino1245,-1.7709731827845632,0.03698709907781394,0,-0.3704095515975,2.86249175340603
yukp1241,cari1283,-0.57285329248081,0.03156897326499776,0,-2.184559704588,3.052694988045495
yulp1239,pama1250,-0.8519288536274201,0.06153194005406896,0,-1.7736941899174998,2.9669579649573
yuqu1240,tupi1275,-1.3956172164167497,0.04096305550960329,0,-1.40496053562525,2.923977635903735
yura1255,yura1255,0.7506255659005985,0.02266635628640815,1,1.032838731389,3.2841381004181454
gami1243,pama1250,0.5797252380937375,0.057522200874723095,0,0.09698351698155,2.964346331073875
zaba1237,aust1307,-1.0687246811826219,0.03422632056953114,0,-2.957056358769,2.83023257032107
zaca1242,otom1299,0.06873075315079415,0.04069202241883008,0,2.16892742483975,2.996192049285745
zaca1241,utoa1244,-1.9892159517031096,0.04899632598185043,0,-1.31465569784,2.996056169249255
zaiw1241,sino1245,0.6349018124761289,0.03373265189132724,0,1.4347213397104999,2.8136259978201
zakh1243,sino1245,0.829987314982058,0.03140066887844412,0,0.6842564271475,2.859450427959625
zamb1245,atla1278,-2.3651220195068587,0.03557237528252653,0,-4.7095274553475,3.07484882370116
zani1235,otom1299,-0.2866775241282913,0.04511499894921784,0,-0.12735355003124998,3.036183012819445
zarm1239,song1307,-0.47476196411860083,0.030993188684615668,0,-3.063643907385,3.43244899424686
zays1235,gong1255,2.4292709478110446,0.04604764280004557,0,2.3251884498175,3.011111719072325
zeme1240,sino1245,1.3248786100257484,0.0265124947263273,0,1.89475575681925,2.943220022718595
zenz1235,otom1299,0.09272686941696084,0.045801229554191476,0,1.8268006481975,3.03585761182967
zoog1238,otom1299,-0.3811250874864057,0.05523522369033836,0,1.6642944460225,2.997262712027725
zulg1242,afro1255,0.20630491789356153,0.02815705358973684,0,-1.3599877515175,2.8408365603134147
zuni1245,zuni1245,1.4570864198278768,0.023429414787481267,1,1.7816646288657498,3.3527409739717653
