Glottocode,Family_ID,GPGLMM_3D_Mean,GPGLMM_3D_SE,Isolate_Flag,Verkerk_BRMS_Mean,Verkerk_BRMS_SE
abad1241,aust1307,0.8106536446323848,0.04499512543951728,0,-0.8281570092475,1.792004903493725
aben1249,aust1307,-0.6869380900894493,0.050170013079886146,0,-1.49929560333975,1.8114554314351201
abkh1244,abkh1242,0.971647414555924,0.034882279826092356,0,1.060347402829,2.02030871697234
abua1245,nucl1708,1.4073149849641426,0.06985386730945865,0,0.5382134987839999,2.07321934150947
abun1252,abun1252,-0.7795511192168416,0.04780982316081176,1,-1.6894793428175001,2.12951136823712
achi1257,aust1307,-2.6588749625048775,0.06335954720753696,0,-2.1575065917035,1.8364694958774952
ache1245,narr1279,1.9059432782410357,0.03028224381154063,0,1.17962646093375,2.16938293399335
achi1256,maya1287,-0.3858340163624606,0.027049258751465924,0,0.42523396299024996,1.9369415553659248
achu1248,jiva1245,-3.1826594388496905,0.025160467732613247,0,-2.0430721526725,2.0079530986791303
achu1247,pala1350,-1.8880691336003244,0.044443087443743076,0,-1.05582725760675,2.0911267032837353
acol1236,nilo1247,0.5578399914525598,0.03757020528340269,0,-0.01265265738795,1.8325467614836248
adan1251,timo1261,-2.7763791197741137,0.05107900407286448,0,-1.4140831943561452,2.17955992715108
adny1235,pama1250,-0.9994146805977988,0.042503884838028756,0,-1.9306577644607499,1.95957269983094
adon1237,aust1307,-2.8697979535364464,0.042597634910606835,0,-1.715471118592,1.840358547635075
adze1240,aust1307,-1.2246415073798065,0.04149626309417142,0,-1.05686097922775,1.81443838267213
aeky1238,kamu1264,-1.8191971295545777,0.07755988321804835,0,-1.4613080683620252,2.124596263656925
afar1241,afro1255,1.4282181103423066,0.044462468443463285,0,1.40810274241,1.7919343197344801
aghe1239,atla1278,1.1041617326752942,0.040174789016853035,0,1.402727980034,1.847222600555955
aghu1255,nucl1709,-2.278706839601038,0.0699689335156103,0,-2.0981573118675003,1.975755567021555
agob1244,paho1240,0.24681402578919115,0.022790409754603332,0,0.38336422275912496,2.0473077860637003
agua1253,jiva1245,-1.6421695979311246,0.018101745755578876,0,-2.0437076193715003,2.01684660968053
agut1237,aust1307,-1.057281105816512,0.05031691531237968,0,-1.5407261890165,1.8196065083327002
aika1237,aika1237,-2.1553357098021566,0.027336575483783807,1,-1.4927030436850002,2.074931136568135
aime1238,bosa1245,-0.5756204149508504,0.0461916610371334,0,0.10438796175475,2.100289670145035
musa1266,nucl1709,-2.5626323411118963,0.04612602940684693,0,-2.3924506649,2.004135747762975
ayiw1239,aust1307,-1.8636500412397292,0.041769463380887245,0,-1.41820667137975,1.8338584629608201
ajas1235,kres1240,-0.0029334428115279,0.028211461740170318,0,1.6602082319655,2.15562576780555
ajie1238,aust1307,-2.353897125839854,0.016576504118768626,0,-1.5617260898348,1.82992464222663
west2635,maya1287,-0.8756160210851726,0.04889385149666962,0,-0.38801879878949996,1.94498176443052
akei1237,aust1307,-1.8832146444462852,0.051853197415457825,0,-1.36168762325875,1.80858886983318
akha1245,sino1245,-4.799684094664137,0.04935748823885912,0,-4.126253995495,1.885789647919745
akoo1248,atla1278,1.0759147460953904,0.0262832251466061,0,2.03025808637,1.806677857044515
akun1241,tupi1275,-1.2091402168535232,0.02313517091657257,0,-0.23566525661975,1.91717681410002
alab1254,afro1255,1.1799142100386453,0.05656116212144166,0,1.288098972128,1.7853437798076301
alab1237,musk1252,-1.3905287158416724,0.035178750946275116,0,-0.601715865514675,1.9673114197768151
alac1244,otom1299,-0.0016132242070489,0.03128342587617561,0,-0.6835917169825,1.9130110354803351
alag1248,afro1255,3.679759940230108,0.07234674603513642,0,1.8785077389,1.86117812870698
aleu1260,eski1264,0.5186412012390496,0.015002625175504705,0,-0.483892510655,2.00718019617514
alor1247,aust1307,-2.7280438791108974,0.03991889991493716,0,-1.7098385699635,1.8427907391670701
aluk1238,drav1251,-2.2157224647828593,0.022437217934304747,0,-2.70179375274825,1.87167790642135
amam1246,kuni1270,-0.19212288875482064,0.043679052551047946,0,-1.29412890465025,1.967481584027725
amap1240,left1242,-1.6216086453476297,0.05264127230984784,0,-1.365021206347,2.099185047485125
amar1272,aust1307,-0.24572332912503056,0.021813352737410575,0,-0.71148112492175,1.837561983161585
amar1274,hara1260,-2.428011803245265,0.02862831528132279,0,-1.5020714703559999,2.096506280129415
amas1236,nyim1244,-0.868374462795888,0.03176874012509741,0,-0.3660708609295,2.224870880382065
amdo1237,sino1245,-4.332624961787515,0.07110479219455838,0,-3.4402180501455,1.832974551463685
amii1238,west2434,-1.0307294030230212,0.0669584340191602,0,-0.84068952009575,2.060671166118515
amis1246,aust1307,-2.429936007640263,0.03844594151747546,0,-1.992953472056,1.907995072131295
hoaa1235,kxaa1236,0.2915304962700225,0.027101673988805648,0,-0.504434884759975,2.0361322380649947
amri1238,sino1245,-2.4733166763209153,0.04637647382916913,0,-4.07847716674575,1.882321706326505
gily1242,nivk1234,-1.3562445309319684,0.02013919518667381,0,-2.18845566886975,2.40680860928294
anei1239,aust1307,-1.5534994910985223,0.04492562218662377,0,-1.213643170812,1.815197903238225
anfi1235,gong1255,-2.3470568521349087,0.07016806056480852,0,-0.88171124894375,1.8438055770305248
anga1290,anga1289,-0.5496157290388158,0.049565295236522755,0,-1.544855700207,2.1265057523666497
anga1288,sino1245,-2.5236534815980596,0.03948711273887444,0,-4.06924192286,1.8925570059261898
wara1294,more1255,-1.8585794324948146,0.06690695125185309,0,-1.8804109164149998,2.09505374039189
anta1255,aust1307,-1.349834059437308,0.03905481362965811,0,-2.09946048085,1.83202848079884
anua1242,nilo1247,0.22214996444864915,0.03693070042673496,0,-0.1371226703049,1.83263562943181
anuf1239,atla1278,-1.7914617993441015,0.04218769508245838,0,-0.6032894541525,1.84025857322314
anuu1241,sino1245,-4.337403244647002,0.06252229090941815,0,-3.956588571805,1.89530065514291
anut1237,aust1307,-1.6458755799778637,0.043506660290004266,0,-1.23454096829925,1.78795512456414
aona1235,sino1245,-3.86766023288477,0.045168862479044725,0,-4.0546726151925,1.89949738640736
aoua1234,taik1256,-3.674342041611622,0.020727609326985443,0,-3.5267061663425,2.14412374287228
apat1240,sino1245,-3.7918489955781496,0.04855669399398719,0,-4.025397653075,1.89405140623398
apin1244,nucl1710,-3.138419888108026,0.01750201060619778,0,-2.245327068891825,2.04293880409517
apma1240,aust1307,-1.7407483904378023,0.04079756951331952,0,-1.60098660666,1.817745398356425
apur1254,araw1281,-0.7792641175957757,0.024922929860481318,0,-1.8464277410585002,1.94309607871504
arak1252,aust1307,-1.8657724875650952,0.041220855897132216,0,-1.399189132775,1.804367029842325
arao1248,pano1259,-0.6041120362644783,0.022426097989578595,0,-1.7776364972107501,1.92833345726675
arap1274,algi1248,0.4962023762117347,0.026648259714588646,0,0.14189784555725,1.87337213271238
arbo1245,afro1255,1.743451881341016,0.031037322232257837,0,1.5649075255575,1.77213300827788
arch1244,nakh1245,0.8615295273219237,0.019250938461238928,0,0.4154019266375,1.93968017282486
aree1239,aust1307,0.2537483664506457,0.045066023105732225,0,-0.70107500476125,1.827437691994115
area1240,aust1307,-2.0038121371493127,0.04415731507910386,0,-1.6449031991225,1.820394335839435
argo1244,afro1255,1.640143020043436,0.03675601598599052,0,2.58165466687,1.945027377649905
arhu1242,chib1249,-1.605489388795795,0.03429938479339695,0,-0.59870867351625,1.83754107029981
arig1246,atla1278,-1.6528410767464798,0.04204116147696924,0,0.290924444815,1.832926507244255
arom1237,indo1319,2.5958048048001023,0.055813124171060956,0,2.619554629945,1.86638702475272
arop1243,aust1307,-1.0614883859660285,0.022564802098686214,0,-1.1172108599222499,1.812447292623455
arop1242,aust1307,-1.312378757429592,0.03206322566060253,0,-1.196859652828,1.822272078576075
aros1241,aust1307,-2.008800853621516,0.049340621969988896,0,-1.6386892793185,1.825380030353085
arta1239,aust1307,-1.9719437754603133,0.05267082018393158,0,-1.8530634355512499,1.81614313200426
ashe1272,araw1281,-1.704974872723882,0.021527992135242237,0,-1.807124076085,1.9493485697983601
asoa1238,cent2225,-1.3555885368089233,0.029606627000742746,0,0.41340349489100003,1.79370614532019
assi1247,siou1252,-1.2932376554291865,0.02947805115719948,0,-0.62293703251825,1.96747942403545
asur1254,aust1305,-1.6308903752614694,0.04988950008257292,0,-3.71071303125675,1.89286451778455
asut1235,atla1278,1.5096197127724593,0.033100740836132354,0,2.7531995720799998,1.785186968041335
atam1240,aust1307,-1.2660908821026353,0.040683198831357154,0,-1.974561798634,1.811580830021895
athp1241,sino1245,-2.067843736056081,0.06863472843728684,0,-3.0065233065249997,1.83446483891393
aton1241,sino1245,-3.812644749038852,0.051018726993366445,0,-3.5037130490525,1.863640117839235
auuu1241,nucl1708,0.42103631606445835,0.057484091431120064,0,0.8059034728225001,2.0508373017324004
aulu1238,aust1307,-1.6926101452018893,0.01755127601647788,0,-1.18400673101,1.805029251300025
auye1238,nucl1709,-1.2194875003565064,0.07874568608063381,0,-2.07582097293025,1.9857064777635052
avac1239,tupi1275,-1.348670658533865,0.023685234280963148,0,-0.6839081438754999,1.9259153615154099
avat1244,atla1278,-0.4182563832050081,0.04863482884446349,0,-0.7243673257925001,1.85714363016833
katb1237,aust1307,-1.6025167543259746,0.016922043492654627,0,-1.20313519369,1.810991094505145
avok1242,cent2225,-1.233576076638962,0.06547604199705971,0,0.1115789253225,1.78449161773982
awac1239,barb1265,-3.0891907663332305,0.054333864540014175,0,-1.62961990385625,2.0430175659074647
awad1244,aust1307,-1.253460170437933,0.04943558410838421,0,-0.88753625942125,1.825939892375805
awad1243,indo1319,1.2264627113196616,0.04460347167965788,0,1.82749265239725,1.84731960803903
awap1236,nucl1709,-1.3334663961864373,0.051977439293430794,0,-1.99829428653475,2.0000149225185
awar1249,ramu1234,0.19236144324524423,0.046487787596201306,0,-0.26126374276575,2.090853372822065
awet1244,tupi1275,0.5262275763610884,0.014932863512303676,0,-0.28273660457225,1.9202740702453
awji1241,afro1255,2.5198124056559053,0.05031686339310095,0,1.254761592595,1.86440473056143
axam1237,aust1307,-1.5603358107181342,0.046483814441440105,0,-0.9520775749745001,1.81319709312705
axiy1235,sino1245,-4.826128709062568,0.03681176700484251,0,-4.12915586507,1.894901825966645
ayac1239,quec1387,-1.2098476090275319,0.03500073403320208,0,-1.862184612471,1.919271102707095
azha1235,sino1245,-4.9505795970943165,0.04755038727218063,0,-4.119035066403,1.898889209248365
baba1264,atla1278,-0.8372590379041404,0.03490979177990022,0,1.0378876256652498,1.8246188798853749
baba1266,atla1278,1.1360527374451612,0.03845929704684072,0,1.4455766616875252,1.843418123818085
baba1268,aust1307,-0.47229402206893123,0.035492177095904,0,-1.22102650924775,1.840277606449185
bada1257,drav1251,-2.202415367950664,0.020279735451210406,0,-2.679838434601,1.873249281336025
bafa1247,atla1278,1.0318670383066095,0.042841912460499766,0,2.021945246255775,1.810615205836025
bafi1243,atla1278,1.1284072084532626,0.03251399796350346,0,1.603438952483275,1.8041088940812848
bafu1246,atla1278,1.1132399473143866,0.04155328991410236,0,1.12734468861775,1.83566358839075
baga1273,atla1278,2.004314607765682,0.06503435856788538,0,1.7576030087595,1.83873555858254
baga1272,atla1278,0.23326413616775438,0.06755821991099953,0,1.769503665092175,1.816953898068995
bagi1246,cent2225,0.26793145043293987,0.04675420534968546,0,0.4249955674325,1.740315181771475
bagv1239,nakh1245,0.952381256580821,0.038970740432177284,0,0.804216300468,1.94249195944309
baha1259,afro1255,1.5470781053795286,0.044708017612673415,0,2.96931529208,1.87232888898105
bahi1252,sino1245,-2.4862995234361582,0.05895165486029873,0,-3.6259937997,1.860041682356455
bahn1262,aust1305,-4.046832065200687,0.05879924367443752,0,-3.4947644437075,1.901265896454815
baik1238,aust1307,-2.640877901189384,0.0704954984108247,0,-1.56531914453325,1.84245660396128
baim1244,sino1245,-4.523871577779711,0.047028513641492534,0,-3.4135046026875,1.8301592553286699
baka1272,atla1278,1.0111147464291894,0.053694528018741805,0,-0.78394350957075,1.76694801004263
baka1274,cent2225,0.8171528478822342,0.04501533055094552,0,0.414091499666875,1.75736372345297
baki1244,aust1307,-1.7091054466145046,0.04350095252289261,0,-1.5912410193289999,1.8052952554653552
bala1316,aust1307,-2.30873433879354,0.050912272568020514,0,-1.585521804604,1.8268469277108998
bala1311,aust1307,-1.5787088232238466,0.04843985712090102,0,-2.1623792993955,1.844396708790845
bala1315,aust1307,-2.6077903575725485,0.04957859570134717,0,-2.1706763762475,1.854617157877705
bali1278,aust1307,-2.8030670074645343,0.06548624001836081,0,-2.1629008094625,1.833711330477235
liki1240,atla1278,1.9424336527216546,0.03495414436122625,0,2.668286471239,1.789300229419165
bamb1270,aust1307,-3.0786679110320145,0.04098919960705893,0,-2.0664829359450003,1.84523647102421
bamb1269,mand1469,-0.9225539287331768,0.04471737714190844,0,-1.90240759947475,1.8270270509991051
bamu1253,atla1278,1.0889921938400815,0.03568039600341099,0,1.10826849337,1.83467606145418
bamw1238,atla1278,1.8295836534819145,0.03859581089729681,0,2.6146732682925,1.799247755504365
band1344,atla1278,1.324086145385034,0.04422309933525038,0,-0.5607809160725,1.730759733495135
bang1363,bang1363,-0.8796472410580403,0.03955339809438741,1,-1.301021325774,2.264106941895435
bang1369,sino1245,-2.307566960142335,0.05950266634235086,0,-3.9145834665875,1.891770550246855
bank1256,atla1278,0.915824992478494,0.04114153712863953,0,1.3324396040935,1.7942748591699949
bant1281,sino1245,-2.2460314703909914,0.05797108263036506,0,-3.5954009548999997,1.84897261835332
bant1288,aust1307,-2.108485552283093,0.08080578587467413,0,-1.8325983140225,1.80368464551626
bara1357,sino1245,-2.465198095536606,0.05093809133828518,0,-3.6897610506909997,1.85467593986542
nucl1630,koia1260,0.7148799913900467,0.06845722308602498,0,-0.17457043425500002,1.997653643722415
bare1279,afro1255,1.6685117924204775,0.046478815209291445,0,1.238590670384045,1.821413289364315
bara1369,aust1307,-1.6269971080333558,0.04637087134699778,0,-2.09754683106975,1.827110659700745
bara1361,atla1278,1.1493010700231343,0.03008116883150998,0,-0.5997681200525,1.75177266197728
bara1370,aust1307,-3.0859868729620925,0.037644366492528024,0,-2.17920617806175,1.84397716828406
barg1252,nucl1709,-1.4321028873543242,0.0661285007496783,0,-2.4176803549274997,2.0107223822006
bari1286,aust1307,-0.29442135650825385,0.044307844314312436,0,-0.514918653621,1.83426953643274
baro1253,aust1307,-1.4101928368536976,0.045484430453380825,0,-1.39261472904525,1.83131258362572
basa1282,atla1278,0.5720845471870759,0.03321644372596846,0,0.6828882791249999,1.829589921023405
bash1264,turk1311,-2.333681340571438,0.03854373436794397,0,-3.093948649435,1.97934601455085
basq1248,basq1248,-1.9316035955572501,0.03387052813258952,1,-0.06765259282762501,2.267479731527745
bata1289,aust1307,-2.552355758331455,0.04088282285696568,0,-2.119126491775,1.8387000252527952
bata1285,atla1278,1.2251487617807895,0.027936536502697784,0,2.0611640193085,1.7852032891411
bats1242,nakh1245,0.6907736056753735,0.02755834653251259,0,-0.2167611930175,1.965546325034965
baur1253,araw1281,-0.671735321552023,0.022868327761706452,0,-1.8420288958465,1.94642795654324
bawm1236,sino1245,-4.20573552301928,0.04805057512553302,0,-3.8485679582955,1.8654392010151248
bayb1234,aust1307,-1.2409164085304876,0.055266124492138254,0,-1.86744481793,1.784265717282515
bebe1248,atla1278,1.0781596557258188,0.029896857767617142,0,1.8684862347625,1.803765015982845
beem1239,atla1278,1.976012526834177,0.0382563861008713,0,2.3834734483625,1.8050024875444302
beja1238,afro1255,2.686337925991854,0.04814141250046976,0,1.8928607196621,1.8527857495445201
bekw1241,atla1278,0.5332836260431839,0.04672739669107316,0,1.1655782049672498,1.86250480442281
bekw1242,atla1278,1.4088584078216946,0.03443398246159123,0,1.5222827083850001,1.7896757534218648
bela1256,nilo1247,0.5669991029324675,0.05068564613315949,0,-0.009303071475,1.851463094424665
bela1254,indo1319,2.881159965605834,0.04188218517633531,0,2.62193186783,1.886752534441795
nyal1254,aust1307,-2.2446408314098845,0.046282260641473345,0,-1.5924911445147498,1.8265922455810801
belh1239,sino1245,-2.053664589267021,0.0761661525966562,0,-3.006533527845,1.8336163016641351
beli1257,cent2225,-1.109136756717978,0.03821530752211835,0,0.35216366260275,1.7540040615625498
bell1243,sali1255,1.2326328225867886,0.02804736198292803,0,0.2039256681595,1.9467544123093998
belu1239,atla1278,1.9572622734778218,0.026448112265396295,0,2.2412411710775,1.82239738469496
bemb1257,atla1278,2.1230034795357726,0.0289227830680285,0,2.0645354321435,1.772554531897485
bena1262,atla1278,2.9212573704420457,0.022634993302050474,0,2.74154588731,1.7875381445398149
benc1235,gong1255,-0.7534400054184466,0.03301807550273411,0,-0.9805427557949999,1.85090097665974
beng1282,atla1278,1.259739172285444,0.026455246076103566,0,2.0566258962122497,1.784197510832765
bent1238,dogo1299,-0.14259227313035205,0.04671087695627838,0,0.34053808626275,2.05490879070046
zagh1240,saha1256,-0.24635826809283956,0.03028816150583495,0,0.53983291398825,1.97204979936493
bert1248,bert1248,-0.00701736332662755,0.043805493649865676,1,-1.08776768912825,2.297782260332055
bezh1248,nakh1245,0.927709411059457,0.0292209706091241,0,0.8445702787535,1.924064071271985
bhoj1244,indo1319,1.092701613656405,0.04514879956689226,0,1.340550339201,1.81269767304209
bian1252,kuni1270,-0.6488672273940324,0.04178819351286831,0,-1.4979878267725,2.008295407916585
biao1254,hmon1336,-3.615005926500724,0.01741615329367688,0,-3.6666359425625,2.1416340099409252
biao1256,hmon1336,-3.474495257954133,0.02165498450840247,0,-3.6659662930024997,2.14971392021239
biat1246,aust1307,-2.4728012057046254,0.061861708938487,0,-2.0111748827775,1.83788142894171
bier1244,aust1307,-0.6853499493836641,0.011511105381096615,0,-1.59847938918,1.8011679844380648
bign1238,aust1307,-1.815561058527273,0.04962140445651161,0,-1.4117241715895,1.80506174218259
biha1246,aust1307,-3.330742191461663,0.04436257884186265,0,-2.1883647726374997,1.8331010168399402
bila1255,atla1278,1.8854364672680184,0.030915968626705433,0,2.017794157147,1.7960755094727099
bilb1241,aust1307,-1.4432658952228197,0.04746026166914285,0,-0.8580770005296,1.8170944417867552
bili1260,afro1255,2.4574419582461973,0.06596269301725458,0,1.8856973539565,1.84038558778487
bimi1240,nucl1709,-2.4443295825185487,0.07657573572130962,0,-2.09757730198275,1.9703411256587051
bina1277,nucl1709,-1.050991401770618,0.06293524039152827,0,-1.6219304737875,1.9054992813925349
bini1246,atla1278,-1.74118293282049,0.051331814136452755,0,0.347238607687,1.81121564599268
gunw1252,gunw1250,-1.7504029063252355,0.0598355912853298,0,-2.125509666497,2.063525774434
birr1240,cent2225,-1.2592544756402402,0.04184628802703048,0,0.3846107129995,1.7949591350908949
bisu1244,sino1245,-4.773140180075519,0.0492183190011947,0,-4.1269079217875,1.89400596033155
bitt1240,aust1305,-4.204454781525651,0.04210963654196319,0,-3.307684030735,1.88277062866436
biwa1243,yuat1252,-0.9362234102626104,0.08186237126403659,0,-1.3431032453958252,2.107932503820475
blab1237,aust1307,-1.338743125975909,0.04087601040586494,0,-1.1153867258585,1.814638632840135
blan1242,aust1305,-4.08573047425025,0.04843631804349016,0,-3.29939623970275,1.88688990592466
bang1354,atla1278,2.1009424484093646,0.03439122692724494,0,2.63995234756015,1.7955154759316598
bodo1269,sino1245,-2.522458425312391,0.06034616710529932,0,-3.5281426677525003,1.8668827441343598
boka1249,sino1245,-3.8138679475778874,0.05545828506126364,0,-4.0278736266325,1.8933989171630299
bola1250,aust1307,-0.6019308752777663,0.048823514916617024,0,-1.460130999388,1.83275858591746
bolg1251,atla1278,-0.5892724015546558,0.04155133005813629,0,-0.528616006339,1.816938570876665
boli1256,aust1307,-1.0252254616986423,0.05657097995552133,0,-1.6147332202635,1.8106667739620699
bolo1262,atla1278,2.0870186800972785,0.027959020655907958,0,2.66940697891,1.7863537083395
boly1239,aust1305,-4.19240092955126,0.050226882078318935,0,-3.450324720965,1.905528826802105
bomb1262,atla1278,1.7265342694777837,0.04085600971306557,0,2.6185159577475,1.8005349476381651
bomk1234,atla1278,1.7097306238869714,0.028580154316842556,0,1.75778247410275,1.83134436727119
bona1250,mong1349,-1.9525699359123023,0.008079077005678384,0,-2.2631980120054997,1.9274416421206348
bond1247,atla1278,3.336208096870412,0.030517446502296767,0,2.74888397677,1.772086263252585
bond1245,aust1305,-1.7563879001548124,0.06716801929107619,0,-3.7085591562499998,1.9023993915503299
bong1289,aust1307,-2.9055554928318683,0.0319985909001619,0,-2.1650801403799997,1.842998252305415
bong1284,atla1278,1.8999498213778938,0.041101041116179474,0,2.45337872309775,1.80971403122032
bong1285,cent2225,1.1436524297723865,0.04735809278640506,0,0.45176089745250003,1.762188457849335
bora1271,afro1255,3.0724493969523525,0.05823050582149707,0,1.753036175795025,1.76833653792991
bord1248,chib1249,-1.4956979237176609,0.03231692868166422,0,-0.5913387664275,1.8249587872654
bori1243,sino1245,-3.81642967151416,0.0640681138166723,0,-4.02246306394175,1.897366575885425
boro1277,gong1255,-0.25780923736210193,0.0431449660850512,0,-0.81885422301215,1.84199889752173
boro1282,boro1281,0.6183004302371997,0.024667160748679338,0,-0.6812404910500001,2.034109889036555
boun1243,atla1278,0.6828668617439085,0.04734227502135071,0,0.43543383962750004,1.795590620456955
brah1256,drav1251,-0.8040037956368047,0.035734430579247994,0,-2.16853678125125,1.894247984197385
lave1249,aust1305,-4.03345964854169,0.040073725070021146,0,-3.48963752628375,1.90945346476025
bret1244,indo1319,1.49126683617081,0.03400425351958103,0,1.81405715431,1.8779741815164201
brib1243,chib1249,-0.6549384347349405,0.03574290828248813,0,-0.353536727425,1.824836491127745
bubi1250,atla1278,1.2898009539842676,0.02758622333268974,0,1.4520533486825,1.81258509740747
budu1248,nakh1245,0.0563693953123998,0.030280601670330528,0,-0.027180737522425,1.908699956198225
budu1265,afro1255,1.65789805322992,0.04517911490419798,0,1.1082540831975,1.79542973293325
budz1238,atla1278,1.8077756276851789,0.041948474498720155,0,2.60244749798,1.8038476011565199
buga1247,aust1305,-4.206083940199994,0.03646077603247566,0,-3.45187592491,1.90261355470988
buga1250,aust1307,-0.8006645911558702,0.04170153919215715,0,-1.2015796377215,1.820246266364905
bugh1239,aust1307,-1.5617411299684614,0.03907440569241311,0,-1.5943245308875,1.82878794071509
bugi1244,aust1307,-3.088773643896756,0.04282136567902667,0,-2.0674066247005,1.8434352025213099
bugl1243,chib1249,0.14594858745809997,0.02341286441154827,0,-0.65873295062975,1.82687426969281
bugu1246,sino1245,-2.433961830016144,0.04747599198268026,0,-3.884312728625,1.88185731438204
buhu1237,aust1307,1.1340554458191452,0.0450554072428743,0,-0.7633368806045,1.837476079961055
bujh1238,sino1245,-2.4885300155561616,0.04520328150811742,0,-3.670865514205,1.87730811801277
buka1257,aust1307,-1.5481856205053068,0.03575060793261376,0,-2.0264350586992848,1.832931573956715
buku1249,atla1278,2.9378276783221713,0.04002216608800972,0,2.66618231845575,1.78996065595135
bull1247,atla1278,0.07534629543660781,0.024045819973518925,0,1.77454502872425,1.82847078782756
bulo1242,aust1305,-3.9985150383339887,0.06151621151798062,0,-3.4963594541825,1.8981611258197
bulu1251,atla1278,1.2304813739041078,0.03218083961636709,0,1.8715605531305,1.792108813339305
bumt1240,sino1245,-2.4300693325966245,0.06006731814085816,0,-3.564398982,1.84310459902116
buna1276,aust1307,0.8371248195716275,0.046142601270742316,0,-0.9517286519502499,1.821378763480395
gahr1239,sino1245,-2.091289297086306,0.05598170128689673,0,-3.69393664674175,1.8536409905553048
bund1253,indo1319,1.48653976145154,0.029911041791281755,0,1.83677479751,1.8430227768208352
bura1292,afro1255,1.1642917055857722,0.05316497572950865,0,1.1601466533895,1.7901228719347602
bure1242,afro1255,1.1395186325522428,0.05229806497466343,0,0.566095117623625,1.797573240634875
burj1242,afro1255,2.023213471420041,0.052142718435466126,0,1.40244745297675,1.7948817766500098
nucl1310,sino1245,-2.997171275464786,0.04967872303496677,0,-4.1247072463175005,1.9031871663982751
burm1264,burm1264,0.3343227951110672,0.040037823241336055,1,-0.18004666873574998,2.108325227703475
buru1320,afro1255,3.6746026412546873,0.06535779106785032,0,1.86162460472575,1.85639390692068
buru1296,buru1296,0.36366089230455795,0.01566103607922055,1,0.41851518727457504,2.38100453654123
busa1253,mand1469,-1.6058038040834641,0.03876253021553229,0,-2.06583758243975,1.88262548035358
bush1247,atla1278,2.2836654416649003,0.03094989801163685,0,2.562923718443,1.79967186245037
buwa1243,afro1255,-1.1452720528881453,0.04622986803842311,0,0.8102352595387501,1.8093662334735852
bwai1242,aust1307,1.2187656735941863,0.049064613717913354,0,-0.70484244070825,1.8202228460088898
bwat1240,aust1307,-2.364824023323961,0.04832950920375829,0,-1.5675266062715,1.815524734558405
byan1241,sino1245,-2.269541086841989,0.060370358735886184,0,-3.658899305485,1.848234763935025
caac1237,aust1307,-2.3216444982721827,0.03433220894250156,0,-1.5923963535975,1.826171861544735
cabe1245,chib1249,-0.5698853584952318,0.03453281385901323,0,-0.35323054618899996,1.820799703351725
cahu1264,utoa1244,0.31815663814835904,0.03251064744213439,0,-0.6798328219807499,1.839591394172615
cakf1236,afro1255,-0.8818247410743476,0.04034597236134309,0,0.79795215409375,1.790453758100805
cald1236,quec1387,-1.4377907005698454,0.020903039074013433,0,-1.91285487231805,1.91982351742147
caml1239,sino1245,-2.4025056602285004,0.06094481240753795,0,-3.596330734325,1.84458192652319
camp1261,indo1319,2.2773598300513065,0.05606954161395253,0,2.66931799232,1.865659484887385
cams1241,cams1241,-1.2244895658963206,0.029672583128755335,1,-1.6433428110450001,2.0659457705279802
cane1242,nucl1710,-3.0671144288162635,0.022823835273615655,0,-2.2554591892712503,2.04008366528907
caom1238,taik1256,-2.184274172219209,0.015402929221619488,0,-3.550365944865,2.132020552777125
capa1241,pano1259,-1.8586641722760393,0.025064129767993153,0,-2.1587298341875,1.892476849798865
carn1240,aust1305,-3.6853148375493827,0.05061726850491292,0,-3.415270274345,1.912042471016855
caro1242,aust1307,-0.9825414922798961,0.016871684646220398,0,-1.15374429597425,1.7843334862495501
cash1251,pano1259,-1.9745152557450834,0.019941255587859502,0,-2.1559790281169997,1.916586303829095
casi1235,aust1307,-1.846959404054192,0.05552458108480298,0,-1.88894270441675,1.82900096740555
stan1289,indo1319,1.9685995496449398,0.04356177945872832,0,2.7066080735915,1.848521227571305
cavi1250,pano1259,-2.4733123059453135,0.02426294425705994,0,-1.8869489921775,1.93776478515751
cayu1262,cayu1262,-0.7411192251320116,0.025621883523876992,1,-1.81126701551825,2.0592791900262153
cemu1238,aust1307,-2.345581112507361,0.05152968424539343,0,-1.57217498980965,1.8341275353857198
cent2127,eski1264,0.5559884401779441,0.01435863705696712,0,-0.575677219414,1.993953126203845
cent2004,sino1245,-4.6037922017068835,0.05632589536907665,0,-3.8815555500450003,1.90788852990423
cent2292,aust1307,-0.8716275229273396,0.05297170911363367,0,-1.6437156945125,1.796423226799835
cent2084,aust1307,-1.910799474826234,0.06132395392653934,0,-1.9275503875600002,1.8185578521586252
cent2314,aust1305,-3.994996931678485,0.06032350815429382,0,-3.4401282785925,1.9062137977688498
cent2050,saha1256,-0.35940539577262887,0.03945690447675913,0,-0.12088175929745,1.95823861602477
cent1989,aust1305,-3.9349891556632666,0.057274043127482514,0,-3.4458401846199997,1.9065555739620401
cent2058,aust1307,-1.7297306407744915,0.046337607900113084,0,-1.344179162654,1.810122480752385
mala1479,aust1307,-2.703009657711974,0.08566859248313947,0,-2.3031605562879998,1.80838599536034
cent2322,ural1272,-0.6502698635085731,0.053560304048151215,0,-0.76783231476575,1.85762703839152
cent1992,aust1305,-4.050223009194552,0.06280171568842938,0,-3.4981940169,1.89674861151561
cent1990,aust1305,-3.6619292028640977,0.05045656722460641,0,-3.41523278732,1.901353472326365
cent2126,japo1237,-1.7418825939024165,0.029114169350475595,0,-2.9232639005529997,2.068288158940385
cent2140,miwo1274,-1.0952596584157996,0.016760825192045116,0,-1.49226832979125,2.030389385337015
cent2090,aust1307,-1.1782345876081113,0.04276644891162274,0,-1.9444169623074998,1.81777917944
cent2131,utoa1244,-1.1974077509293881,0.05001158253660668,0,-0.12053795124299999,1.832796246497855
cent2150,chib1249,0.3156944005068349,0.021908433845270952,0,-0.42327991478649996,1.842408011324655
mbal1255,atla1278,2.2683043827127456,0.022857819571015337,0,2.5571694874,1.7850498348872001
chac1251,pano1259,-0.526117965399417,0.024518813991149305,0,-2.01259635864,1.88308565844698
chad1249,afro1255,1.7947695681920894,0.03891781678050774,0,2.975583361255,1.885672788345845
chak1270,sino1245,-2.819115287085817,0.05500567572204176,0,-3.3149974106125,1.8697720355566352
chak1271,atla1278,0.6963234614083579,0.045188065635749806,0,0.4405012076707,1.794311627007275
chal1275,afro1255,1.5728682940165744,0.03694396245292256,0,2.9879522689725,1.88841328679764
cham1315,zamu1243,0.7524768760392228,0.02246281645629897,0,-0.71490468359,2.0329485627629
cham1309,nakh1245,0.956150201817214,0.019528211330274246,0,0.8277872188825,1.93671526537892
cham1312,aust1307,-1.425309136482603,0.05943359854489849,0,-1.81251320417,1.859895290300875
chan1313,sino1245,-3.8276070329665384,0.04178058375048402,0,-3.2602938358925,1.865704444778415
chac1249,barb1265,-3.1193334849692977,0.021755391210124913,0,-1.6753624777352498,2.02889207043073
char1269,gong1255,-2.7414213416595556,0.04555031862118371,0,-0.86552986783925,1.86646691076273
chas1234,sino1245,-4.41517395628869,0.04112751379871609,0,-4.1366015061125,1.88695746276772
chec1245,nakh1245,0.751564763940852,0.0342178392688986,0,0.055335533571475,1.94181870456673
chek1238,aust1307,-1.4599801384050015,0.03508021243938544,0,-1.09135036866525,1.812662949856015
chen1255,drav1251,-1.4501281841853662,0.031500884382352434,0,-2.4347608720785,1.8340600120579
cher1273,iroq1247,0.06643877644820435,0.035241824519732005,0,-0.767864599681,1.99895878677059
chil1280,atha1245,-0.3825014814340788,0.03546795983261575,0,-1.326681313185625,1.8908078614759751
chim1312,atla1278,2.342869943327483,0.06173382773320072,0,2.7644357686900003,1.777247743913125
chhi1245,sino1245,-3.6391970973249066,0.059826121834865326,0,-3.2012732935874997,1.841340695423015
chip1261,atha1245,-1.1868479514225594,0.032868596325098295,0,-1.00512102632675,1.879727639379115
chip1241,algi1248,0.0199246754379932,0.026970961268330193,0,-0.06342461781175,1.85595154722977
chir1283,sino1245,-2.462916903193308,0.10015441283876975,0,-3.7226895455075,1.871831632301245
choc1276,musk1252,-1.1776929246991645,0.029407465730531882,0,-0.6126322406917499,1.96046760099515
chon1284,aust1305,-3.978948676182287,0.058822769419987396,0,-3.44349516628875,1.90751581362113
chot1239,sino1245,-2.6460552936713153,0.03856749333225345,0,-3.69542477899,1.873963917107565
chra1242,aust1305,-3.8630081666776768,0.0564949706026819,0,-3.4970172550675,1.89396821274381
chuj1250,maya1287,0.6920588358423044,0.02920741067812166,0,0.09396254259850001,1.948648221484745
chuk1273,chuk1271,0.4993307435495742,0.021161824449640352,0,-0.3336302860575,2.214363398313305
chuu1238,aust1307,-1.2717851543716647,0.04545550012818239,0,-1.215918400619,1.787693457788085
chuv1255,turk1311,-2.256590402534669,0.04857997625912004,0,-3.00571061983675,1.98880475424632
chuw1238,atla1278,0.6936306340976901,0.037811990083894895,0,2.421179397206325,1.749541202792825
chin1286,chin1490,-0.6811080571220549,0.02054817512582144,0,-1.2035395242175,2.0629562054125303
cent2087,aust1307,-1.575335155337926,0.04582132056715487,0,-1.6082826615924999,1.7915038658521452
sout2912,aust1307,-0.6778255400425817,0.08103372934372073,0,-1.66252564843625,1.789655627651595
coat1243,otom1299,-2.0365715712293384,0.0213329408062178,0,-1.159313019212975,1.9290840913600449
coca1259,tupi1275,-0.3439934096900722,0.022047747531771987,0,-0.7723542788485,1.8987195922806102
cogu1240,chib1249,0.27553252426646074,0.018192438700060726,0,-0.47692773716674997,1.834486115828015
colu1241,sali1255,0.6170876245055078,0.035403246520094335,0,0.08997646520665001,1.908008195997835
coma1245,utoa1244,-0.14334848491475422,0.023795073621506,0,-0.810838827439,1.84946148752064
cong1236,atla1278,2.4499568019855196,0.025373508406022757,0,2.7652262305825,1.7811487266314199
copa1237,otom1299,-1.5864751839364901,0.04295116514988292,0,-0.9524976859750001,1.954555571954565
cors1241,indo1319,2.404372236826121,0.04115397389081459,0,2.66626717830875,1.854202650220655
cosa1234,sino1245,-4.827490970320916,0.045315632625027,0,-4.13081965705125,1.8923099251528899
cota1241,aust1307,-2.3641720565780298,0.04765172593273694,0,-1.95316218107275,1.799283603717505
crim1257,turk1311,-1.765506985808063,0.035439844780285154,0,-3.0781243376083998,1.9750310400763849
cros1244,atla1278,0.29095714536467376,0.03613368301092009,0,-0.066506262155,1.858838882100705
crow1244,siou1252,-0.5344685592056526,0.02016923867294512,0,-1.1991764965125,1.96429276635353
cube1242,tuca1253,0.9123358752387865,0.028907176029776407,0,-0.07893693070050001,1.950032990353745
culi1244,araw1282,-2.929077420500918,0.01718971078509712,0,-1.569201253702425,2.0445578693096698
cusc1236,quec1387,-0.7046823774692689,0.01881687394881916,0,-1.7138977531142499,1.921701594469015
cypr1248,afro1255,2.08634658234385,0.04744157700944223,0,2.9799939940774998,1.880081375039825
czec1258,indo1319,2.6272658821395156,0.02864642668726447,0,2.619249165097,1.886839527200375
daai1236,sino1245,-4.3446376520684264,0.04224400320430957,0,-3.8832330864499998,1.8714702677481552
daas1238,afro1255,2.1184709500658823,0.0522351547732774,0,1.647560744281,1.7703769404604301
dadi1250,tebe1251,-1.6673354974505354,0.019779272790734204,0,-1.32887588753825,2.1396919382919153
dagb1246,atla1278,0.4525790239299584,0.04721627293161519,0,0.457448231592,1.765430208566335
dagi1241,narr1279,1.8694091059672,0.02788553833979938,0,1.1796110704775,2.156518418547635
daha1245,afro1255,3.3404603636866765,0.035366293917231374,0,1.571101211664875,1.79015800766703
daka1243,aust1307,-1.7259647814914638,0.05284722258121345,0,-1.540710523557,1.8062992921461052
damp1237,aust1307,-3.0112429886168575,0.060165517180570185,0,-2.19646101915975,1.8446604736471501
dand1238,drav1251,-0.6632431385311319,0.020618699254500952,0,-2.0863817042274997,1.814549859902105
dani1285,indo1319,2.6782113722178074,0.05316462108503452,0,2.59932403297325,1.8751509059036
dara1250,indo1319,0.9693023565905066,0.03965998809576172,0,1.162699312105,1.817493569852315
darm1243,sino1245,-3.655429224740784,0.051923921565263646,0,-3.6572561957425,1.850782654802305
dawr1236,gong1255,-1.082055415082393,0.058322828506408755,0,-0.9727762204435,1.844529716933685
daza1242,saha1256,0.5454851570924539,0.029854665139635965,0,0.03334730938725,1.927497938896245
dege1246,atla1278,0.4902036168284891,0.03327674146116238,0,0.5463698313650001,1.8262532119252701
dehu1237,aust1307,-2.098377892160169,0.013903023872891997,0,-1.466743670599,1.833113648592745
dera1248,afro1255,1.166986889967357,0.04164226847932393,0,0.9175006702249999,1.807548979441775
desa1247,tuca1253,0.9667585969750442,0.019477774105765875,0,-0.063154701439,1.951993195930875
dhao1237,aust1307,-2.5708045356961526,0.051603675962599925,0,-1.7009706209775,1.841940376031015
dhim1246,sino1245,-3.77544058094548,0.05107990414772835,0,-3.9092097209350003,1.894508786097265
dhuw1249,pama1250,-1.7585926636273483,0.06242216341587234,0,-2.0069324889724998,1.99370539527959
dibo1245,atla1278,1.9154343498401953,0.03419831071002928,0,2.45626311432,1.81384913362101
digo1243,atla1278,3.2640962509768716,0.039131419495450806,0,2.7515990284825,1.7872488397723298
dima1251,sino1245,-2.4998280026684556,0.06117112457227535,0,-3.5179749687632498,1.86299783668919
dime1235,sout2845,0.9143469358455865,0.029446897951879904,0,1.7896418054229999,2.1790713427131
diri1252,atla1278,2.426104543201811,0.0893232509726041,0,2.5524007314245,1.795675279475965
djee1236,mani1293,-0.11631257551830895,0.03598729333079208,0,-0.06613751020275,2.11161830027667
djeo1235,nucl1710,-2.8701039716238,0.025882828214034332,0,-2.10982416311,2.05451959233202
dobe1238,aust1307,-0.5005178079952489,0.04628680833390997,0,-1.0133293850576,1.83307668621558
dobu1241,aust1307,1.0789154132252157,0.043613284965462545,0,-0.8267039521215,1.822845551467915
domm1246,nucl1709,-2.584029429628875,0.08574747466218251,0,-1.9932911020475,1.987447229511685
doma1260,indo1319,1.8997184237229323,0.041407301589979205,0,1.76103396942585,1.86085880423445
dong1285,mong1349,-2.004619991488315,0.015693759905303018,0,-2.263645768725,1.92363272220172
doro1266,manu1261,-0.37887090030648796,0.05425380565728747,0,-1.92595692682,2.08656769022278
drun1238,sino1245,-4.280333427757849,0.0590400303544236,0,-3.9313778758874998,1.9022623598080002
dual1243,atla1278,1.0555754838147766,0.040573672097408156,0,2.02688964754875,1.7889947353673201
dumb1241,aust1307,-2.2373819879878134,0.0432370098017867,0,-1.53663884162205,1.8350056101002301
dumi1241,sino1245,-2.348999256881577,0.06252801186271441,0,-3.6304380291975002,1.85846310738589
dupa1235,aust1307,-1.9305906606656151,0.05064458979458114,0,-1.892045551855,1.825375092704245
duru1236,drav1251,-0.8214791651639215,0.02139810411871438,0,-1.97596950942825,1.88077132970486
dusn1237,aust1307,-0.962659042484945,0.03168747663467191,0,-1.02739283808525,1.84460990518452
dyul1238,mand1469,-0.8550186064031219,0.03725193242487364,0,-1.7936639615724999,1.814213170319635
dzao1238,hmon1336,-3.553184693621443,0.01511122231039471,0,-3.669104346629325,2.142098268066745
dzon1239,sino1245,-2.3194047090507426,0.04599327996816241,0,-3.42125162324205,1.8240537726603199
east2443,aust1307,-0.7255364478123201,0.03929263134950999,0,-1.3552396992175,1.807070018593885
tang1336,sino1245,-2.515527785682793,0.02102259786366272,0,-4.092745859665,1.879549007852075
nucl1235,indo1319,2.096051091566075,0.04730313826706378,0,1.9887219220349999,1.9586320695888
sout2896,aust1307,-2.817407729740674,0.04491599946705246,0,-1.6951754970625,1.84783940496268
east2332,aust1305,-4.191004121963227,0.07100753004201002,0,-3.4361182413,1.9056986473103001
east1236,aust1305,-4.061066802726541,0.05057887592198821,0,-3.438535785815,1.90752316974964
east2342,sino1245,-4.81967596339342,0.07621567153698905,0,-3.9294967298924997,1.89356782967269
east2782,atla1278,2.134355305482151,0.036426741914819184,0,2.3885699725975,1.806006898513195
east2328,ural1272,-0.573669771869284,0.03634537952226571,0,-0.5586785678920001,1.840140013398065
east2773,sino1245,-2.394803822151298,0.06186954736593931,0,-3.688372380875,1.8593979062134052
panj1256,indo1319,1.6409549241047028,0.044462468630795025,0,1.7828025839500001,1.8456422445015952
east2485,aust1307,-3.0901061163920165,0.03205422959351986,0,-2.17623253651975,1.8515901470765348
fina1242,aust1307,-0.7829987557856396,0.06029629689769122,0,-1.5864154900476,1.805235885327225
east2694,aust1307,-2.320614759960282,0.05469195995657678,0,-1.84613479563125,1.8031566424452
east2447,aust1307,-0.8016481347883626,0.033016595992822056,0,-1.2641593839857501,1.778410783452515
east2516,nucl1709,-1.563656026838946,0.059472745047630844,0,-2.0325308019,1.966731813159045
huaa1248,tuuu1241,1.1193343574490418,0.02860304607981918,0,0.294261806946,2.19160367600531
wall1257,aust1307,-0.45985127079401455,0.036549383434233446,0,-1.0353139831025,1.7726926499822748
egaa1242,atla1278,0.535855211760468,0.04520915497781285,0,-0.4696154671785,1.85508878706504
egyp1253,afro1255,2.817706117195034,0.047782782843762736,0,2.9773397181575003,1.874228456874755
eipo1242,nucl1709,-1.3141055775347712,0.05689720942584238,0,-2.0121172115899997,1.9665506529223848
ekar1243,nucl1709,-1.1535426966877529,0.06984786711498091,0,-2.0832864168454996,1.9812202876775702
elip1238,atla1278,1.2409685075399457,0.0371876967145832,0,2.2802379018022503,1.8281523502849648
elna1235,utoa1244,0.0666622012455973,0.02972275441915365,0,-0.38922061426175003,1.837509008925145
emae1237,aust1307,-1.656463116863053,0.040379239228511686,0,-1.2754398413027501,1.775840167931425
emai1241,atla1278,0.2813306337492548,0.03703912325197811,0,0.3953857700625,1.81217088290331
embe1260,choc1280,-1.751147557703876,0.031163120495403172,0,-0.9138393162039999,1.900614198835465
embe1262,choc1280,-0.0597129261187736,0.03488459086307909,0,-0.7895020746375,1.89190941469906
stan1293,indo1319,2.2645129613681627,0.026625168462372343,0,2.5593354129385,1.895014470701635
enuu1235,sino1245,-4.80388065164882,0.04930183622118631,0,-4.13265792746,1.891734759548475
epen1239,choc1280,-0.3191296794900773,0.029059391328045164,0,-0.90896352190225,1.893322019482315
ersu1241,sino1245,-3.17767474503953,0.05942671209583785,0,-4.1070664548175,1.89209869926946
erzy1239,ural1272,-0.0784702671593748,0.040956003056372856,0,-0.16482337161575,1.813722125496645
esan1238,atla1278,0.1432110029836485,0.03917090112125164,0,0.33089355600825,1.81528204364406
esee1248,pano1259,-0.7586319968940876,0.01941799811514046,0,-1.892783039611625,1.9348226364947152
esim1238,atla1278,1.0623897353424256,0.02902385582447255,0,1.4642057448845,1.88721919167429
esto1258,ural1272,1.289184600150361,0.04557770016638944,0,0.38832544517175,1.786382982354455
eton1253,atla1278,1.2271448949355608,0.037964227695037,0,1.8622149883549999,1.799926575566835
even1259,tung1282,0.13640125377607995,0.02289160807128041,0,-1.41270680404075,1.907847535923725
ewee1241,atla1278,-0.14451548374877154,0.04418327165836057,0,-0.20935869348575,1.83607353326317
fala1243,sino1245,-4.040181887636345,0.039496185920952984,0,-3.8484613388625,1.86953202367875
fare1241,atla1278,0.7240372155971142,0.04491769513676484,0,0.44819120216450004,1.76891677949592
faro1244,indo1319,1.0474901670625631,0.03554541611911469,0,2.627859774445,1.872850776996955
fasu1242,fasu1242,-1.6881029320336705,0.03917926467458685,1,-1.2768066074,2.130696705585555
fefe1239,atla1278,0.964812775385816,0.042462071505939135,0,0.9491044814452501,1.828827361704435
fiji1243,aust1307,-1.2163418433475721,0.04536223850054806,0,-1.2610918816074999,1.793165342186665
fili1244,aust1307,-1.9696099845625052,0.02995208490532373,0,-1.80436963959,1.803443710214545
filo1235,toto1251,1.495167149389339,0.017672963705303683,0,0.0696040791075,1.9890344171077499
finn1318,ural1272,0.9757234794428173,0.04357844715804599,0,0.43781164232725,1.776791139972285
fipa1238,atla1278,2.637869189764523,0.04269400048995851,0,2.3348901477424997,1.785622611041185
foii1241,east2499,-1.7245256991464168,0.06478210740868541,0,-1.2587488922415,2.170831298503205
fonn1241,atla1278,-2.0997574892946815,0.04554533324778579,0,-0.43758861650799996,1.852325951135065
fore1265,ural1272,-0.2612790573687531,0.04815023934231279,0,-0.5328444584542,1.86610466567384
fran1266,mixe1284,-0.25203969100004564,0.04487007203174311,0,-0.73798915160175,1.93551917723852
stan1290,indo1319,2.131311306010712,0.03549847418734063,0,2.6996900305855753,1.855507035895875
fuln1247,fuln1247,0.5948697049775397,0.023246501538952892,1,-0.587936610245,2.05079358757262
furr1244,fura1235,1.5462030777344968,0.039396608843662424,0,1.1963192522925001,2.290096107116465
furu1242,cent2225,-1.23521689838574,0.03401900351064038,0,0.43590347025625,1.732978923904355
futu1245,aust1307,-0.45957542240313026,0.01230416389491208,0,-1.3116520075125,1.7726554714823801
fuyu1242,fuyu1242,0.431755018618339,0.029363699949387697,1,-1.1854849114575,1.98355764844447
gaaa1244,atla1278,0.2181629889739227,0.05520397471726655,0,-0.40385008104849995,1.83105417977474
gaam1241,east2386,1.2370293994823705,0.03471330506440505,0,1.0819791885524999,2.22644536267995
gaan1243,afro1255,1.0315354969691946,0.05756648526917777,0,1.0815167922175002,1.80048714324557
gade1242,atla1278,0.6587468532705478,0.03076904727867164,0,0.53667661167,1.83878682841721
gaga1249,turk1311,-1.6518755067532807,0.048220286781372176,0,-3.118974058575,1.9813583546510949
gale1259,nort2923,-1.7651103920163378,0.04389970061269601,0,-1.42360466941525,1.9931912748296199
gali1262,cari1283,-0.4128135398207792,0.02100309618361494,0,-1.3287529048945,1.895455288772885
gali1258,indo1319,1.7382894957178001,0.045835570966008723,0,2.708866241501725,1.8571889222434148
galo1242,sino1245,-3.8118918308517777,0.04781984570308385,0,-4.0275254516425,1.896882755703765
gamo1243,gong1255,-1.031883501791902,0.0473884106800537,0,-0.9713155379139999,1.8367470233973648
gand1255,atla1278,2.654430726185648,0.05644388027413019,0,2.69760307623525,1.7906457315562552
gang1266,sino1245,-2.6082513410850217,0.048460201498755094,0,-3.907732974275,1.87327627081652
gant1244,nucl1709,-2.6210636189921566,0.05330943329209175,0,-2.3891801122025003,2.0147627306749847
gapa1238,aust1307,1.2718426477061515,0.040021850915696634,0,-0.7183416307205,1.82222744645316
boht1238,afro1255,1.627901367450591,0.04856936226285849,0,2.9773789544025,1.8710604851657902
garo1247,sino1245,-2.3692024972545367,0.04618147252447544,0,-3.5230787825725,1.869706386782535
gata1239,aust1305,-1.6042608381329833,0.050653921266035275,0,-3.70568791414,1.90745468638061
gayo1244,aust1307,-2.684934098252806,0.04815663291159518,0,-2.1176204646035,1.83590228332256
geba1237,sino1245,-4.716643473475822,0.0732784861380661,0,-3.9263291488025,1.893957325181425
gebe1237,aust1307,-0.224411619466932,0.04131180195733992,0,-1.1788752410824999,1.854753245839355
geda1237,aust1307,-1.4449312938775702,0.04363959009713118,0,-0.79183338141975,1.8210477642802
gela1263,aust1307,-1.7755208892156986,0.044406724367739354,0,-1.585892356323,1.819084531538225
nucl1302,kart1248,-0.7596214645912458,0.02094724864155079,0,-0.72340544816925,2.0484531900635448
ghad1239,afro1255,1.2873044675442706,0.0407337257983399,0,0.8207546849064999,1.87063723155738
ghan1242,aust1307,-0.16478724776338374,0.04966514825812199,0,-0.7489826832515001,1.83522907846499
ghar1239,aust1307,-1.6856427398182108,0.045560792457676795,0,-1.60339835269275,1.818720706030815
gheg1238,indo1319,2.5521659989552212,0.0403409960308876,0,2.0536271835535,1.958548086593375
ghom1257,afro1255,1.0966243657477994,0.03688257414875207,0,0.841648452188,1.868993311709435
gida1247,afro1255,0.7283760856111213,0.056432352430720006,0,1.334087356121,1.79433106613598
gilb1244,aust1307,-1.6479632774042192,0.04038813532951881,0,-1.42215624201,1.80821332606841
gira1247,nucl1709,-2.538446041514752,0.07306790576992245,0,-2.2874013754674998,2.0265471632421352
giry1241,atla1278,3.1607316489153385,0.037842742918584166,0,2.75041215388725,1.79193226640257
glav1244,afro1255,1.0486464290754371,0.049372123869226146,0,1.3162515526575,1.79385932233337
gobu1238,atla1278,1.030070871307955,0.06248482354293588,0,-0.6897868950138,1.7458015163442249
ghod1238,nakh1245,0.920552826695221,0.02567457832902872,0,0.8260961114095,1.9441719262508101
goem1240,afro1255,1.1032706282023765,0.04367914341708106,0,0.94613935662585,1.796323248329275
gofa1235,gong1255,-1.0437652522637562,0.03864965858997015,0,-0.9801379675235,1.838183060528905
gogo1265,suki1244,-1.372860246177385,0.043488584266461676,0,-1.391704759169,2.1136155584536898
gola1255,atla1278,-0.5927337412349676,0.025789808744278796,0,1.2736804628042502,1.8430671296699601
guah1255,guah1252,-0.7572777865409703,0.026191666442492472,0,-1.7227978952799998,2.041853596378955
guat1253,guat1253,-1.7893226868137915,0.028001347377739433,1,-1.57666677041364,2.09640756916623
gube1234,atla1278,1.7145352375030765,0.05256872422648694,0,1.326015288992,1.844114297766555
gude1246,afro1255,0.7933669970967572,0.055456073077562146,0,1.1495979776210001,1.815999907762155
guer1243,otom1299,-0.1286367165463389,0.03886813300363679,0,-0.6587681312492499,1.935251714638705
guhu1244,nucl1709,-1.2577045316640019,0.05753987921469997,0,-1.3271611809272001,1.9286423202896499
guiq1238,sino1245,-4.576203359004793,0.04340225429453427,0,-4.1063623437675005,1.901523549141825
gulf1241,afro1255,1.718502374801172,0.06381145553945772,0,2.96561284408,1.87127136979538
guma1254,aust1307,1.0948384402204545,0.040317296682895076,0,-0.72921576597075,1.83339344757411
guny1241,pama1250,-0.7869130414883156,0.04139727134369722,0,-2.102470862535,2.0106802059427498
gura1251,indo1319,1.9030492587876684,0.04948392974348949,0,1.1306565678775,1.86822383556986
guro1248,mand1469,-1.138835906852813,0.03482748305730612,0,-1.9945078963429999,1.87830125370094
guru1261,sino1245,-2.4152687402609843,0.06123922778082172,0,-3.3486426430515,1.827526586558315
guru1271,afro1255,-0.7018699878717031,0.0433917257270681,0,0.9544409214645,1.82151270539801
gusi1247,atla1278,3.165527260736291,0.031163332411308524,0,2.6859661146615,1.7913787666231
kwam1249,koma1264,-1.1094072556821164,0.030039913844700464,0,0.9209717234125,2.117489753678075
gwen1239,atla1278,3.3897662473940424,0.033229293323338294,0,2.67899628206,1.78901068740177
gyel1242,atla1278,0.9738888853741352,0.042173477911611,0,1.279023346945,1.79874801926978
haaa1252,atla1278,2.7477785441947367,0.037636601878343674,0,2.65963726061425,1.79180156762223
hadi1240,afro1255,1.0636446901610634,0.05262460381717426,0,1.2404206166025,1.79063428434371
hadz1240,hadz1240,2.292946288174291,0.050290590442198385,1,1.287203882165,2.45289197636804
haka1240,sino1245,-4.1641772897048766,0.047400615249416904,0,-3.83318646187825,1.865019478955965
hakk1236,sino1245,-4.414431294191887,0.04850790078547908,0,-3.74259776631,1.9025274283440399
halh1238,mong1349,-1.1409600491538416,0.013246707280022092,0,-2.2365617347375,1.9210495226935151
hali1244,aust1307,-0.47503407970341427,0.04768381093762145,0,-0.87512790925325,1.8281515357502651
halk1245,sali1255,0.901705277223943,0.04343057580990486,0,0.10636550147474999,1.9278156814783949
hame1242,sout2845,1.114028418921564,0.02956008541938722,0,1.7936066331625,2.17386036289425
hang1263,nduu1242,-1.059490044328478,0.07640924708563601,0,-0.9162908663007,2.043922412132475
hani1248,sino1245,-4.856708809062718,0.040198424492592665,0,-4.130883260225,1.882885550795255
hano1246,aust1307,-1.5810835881633816,0.04474947508029417,0,-1.0830132783525,1.8071854318147351
haru1245,piaw1238,-1.9763081294359441,0.051767050349278095,0,-1.35897610032025,2.138460988145485
hass1238,afro1255,1.5917330911678778,0.03414060693073346,0,2.987707654755,1.8608437639836248
remo1247,aust1307,-1.8743488026797404,0.05770776062125991,0,-1.7640611158850001,1.8149991116401751
haus1257,afro1255,1.3856567282620722,0.048173325226229455,0,1.02421249964575,1.81062637470141
nige1253,atla1278,1.0801448245214873,0.029186750263636364,0,1.5873893797654999,1.847151019371475
hava1248,coch1271,0.11030949315103916,0.018257742040127707,0,-0.337032021467,1.999265787655875
hawa1245,aust1307,-1.8666839538616835,0.04284546809450565,0,-1.2482865325375,1.770469960724495
sabu1255,aust1307,-2.6720127101289473,0.05481176774262564,0,-1.70120500404825,1.8409534025721301
hdii1240,afro1255,0.846694224549313,0.06036071843074889,0,1.02404347486625,1.795840030982975
hehe1240,atla1278,3.156370777700426,0.023129942271174278,0,2.7443380660535,1.7870986776354099
heil1246,waka1280,-1.4534616321545286,0.02724659214522814,0,-1.11384043590275,2.06951417643191
here1253,atla1278,2.206692921906812,0.03617899970353032,0,2.554856594855,1.797451766045475
hert1241,afro1255,1.6439682374764435,0.04405557342701957,0,2.975080221375,1.871361359991055
hida1246,siou1252,-0.5973605211527706,0.03132802594339491,0,-1.1958100897800001,1.957833338574825
high1276,mixe1284,-0.3782515041355655,0.05315425961349215,0,-0.8790847445705,1.92680031122589
karb1241,sino1245,-3.946100902387017,0.04123960797716016,0,-4.077793092997499,1.881056167055195
hind1269,indo1319,1.538354209741409,0.04003516227256861,0,1.8471835314415,1.83426854668658
hooo1248,aust1305,-1.7348439485302234,0.040415798978930835,0,-3.7163870182925,1.895951399358315
hoav1238,aust1307,-0.29712348544518585,0.03581297529111288,0,-0.58073867360292,1.83080973347724
ainu1240,ainu1252,-0.6101122180050549,0.017658294397673364,0,0.397399866577,2.29989721261036
holo1240,atla1278,2.5555143294776768,0.047550822587478746,0,2.47789652583625,1.795024261032895
hone1235,atla1278,-0.9275703317294504,0.03323820870911306,0,0.52670533356,1.79960831613005
honi1244,sino1245,-4.8302218898615115,0.040383407068288225,0,-4.124410607250001,1.88719095013416
hopi1249,utoa1244,-0.28968396704627,0.022351189897392047,0,-0.8094669824422001,1.84966107166296
hote1245,aust1307,-0.9327342618771006,0.017992536344555193,0,-1.1997109757725,1.81943495111826
hozo1236,maoo1243,-0.4523927352823942,0.03404673337570958,0,1.7611619232182498,2.2472793770690096
hrus1242,hrus1242,-1.307772285143191,0.021275740492557912,1,-3.0983728934675,2.25677411572062
huuu1240,aust1305,-4.158586515676754,0.04380990948190773,0,-3.3097396655000004,1.8916045176852
hual1241,quec1387,-1.803090614220649,0.030629631373280827,0,-1.91843988265475,1.929772024433115
huam1247,jiva1245,-3.2730150285985147,0.020810014126241803,0,-2.04332061092425,2.0130123842066
huar1255,utoa1244,-1.197510590510941,0.0396800230984462,0,-0.23605967371025,1.84517342452156
huas1242,maya1287,1.2938538303722646,0.017820621284130003,0,0.03574530345475,2.011731585586255
huba1236,afro1255,0.7607454621505455,0.050823815350192376,0,1.02287429758475,1.8048935525060998
huic1243,utoa1244,0.1094536747197922,0.03304043364163702,0,-0.3973463540411625,1.8351500044538
hula1239,aust1307,0.21434265757650936,0.047920364077243253,0,-0.522959105082325,1.8123749781524898
hula1244,afro1255,0.5559552306111274,0.04366784185788771,0,3.0127181287625,1.856834451052955
huli1244,nucl1709,-2.5317820699522025,0.07464413930326572,0,-2.02637995890725,1.972777472866945
humb1243,song1307,-1.4080462499641295,0.043593815751170335,0,-2.4104760539975,1.99194109067632
hung1275,aust1305,-4.183197028347707,0.058349127824560476,0,-3.4583918104049998,1.9115781751418148
hung1274,ural1272,0.0798585556300256,0.03807970966960104,0,-0.64715263616075,1.87662458915804
hunz1247,nakh1245,0.9206147794703474,0.024683040993299613,0,0.846279618619,1.9224835643092701
hupd1244,nada1235,-0.6716337715849631,0.021652342224186244,0,-1.871853344525,2.03766629395286
iaai1238,aust1307,-1.1737104460745647,0.03447957447507794,0,-1.51064840433475,1.82550804436888
iatm1242,nduu1242,-1.2024918072480366,0.0656009102455672,0,-0.88832409395425,2.051484056628015
ibal1244,aust1307,-1.9186288590394538,0.05818024836155838,0,-1.85180802328875,1.8242000098193252
iban1264,aust1307,-2.892311163234209,0.04733580735230539,0,-2.2835261747775,1.8071709138745802
iban1267,aust1307,-1.8191681283975518,0.049106910741813205,0,-1.9096850455,1.814944539626465
ibat1238,aust1307,-1.7406871326531155,0.05477557591035884,0,-1.6029438225875001,1.8128767252971851
ibib1240,atla1278,-1.4529114650742927,0.03519699081292224,0,0.1537848331715,1.8644080187561851
icel1247,indo1319,2.1944067689996256,0.0432695464443931,0,2.6150304968125,1.879297625292415
idii1243,paho1240,0.1940758181105246,0.0347503480923492,0,0.398877252529,2.047412855442305
idum1241,sino1245,-3.8318931524000637,0.03389861896257553,0,-4.02751425238,1.891619523680605
idun1242,aust1307,1.2239488974992878,0.050250273246403736,0,-0.70614765370675,1.8178272770770998
nucl1417,atla1278,-1.455438597864011,0.03611710787900654,0,0.28104106279725,1.833748311709165
ilaa1246,atla1278,2.3190225124891146,0.024786255757390206,0,2.45378133989625,1.77681166218423
iliu1237,aust1307,-2.3851390708047653,0.04660737772758273,0,-1.613105273505,1.85100240136805
ilon1239,aust1307,-1.8739396642475645,0.043418676945070296,0,-1.8241210232244,1.7981855539507698
imba1240,quec1387,-1.4174992978715584,0.01816303893298121,0,-1.9153883677145749,1.923992889380185
ingr1248,ural1272,1.3006637982339457,0.046147257386455365,0,0.5044227113075,1.77584774079331
ingu1240,nakh1245,0.7022224684963703,0.032829395540291365,0,-0.13814872555399998,1.958585269460825
alba1269,aust1307,-0.6296738821470524,0.04598711814616989,0,-1.5942924138645,1.7998366163050852
iqui1243,zapa1251,-0.46312530380341,0.020699635337633925,0,-0.912731051168,1.9679809063906801
iran1262,aust1307,-3.025846629324809,0.05191858166542293,0,-1.8868713176925,1.812392310973725
iraq1241,afro1255,3.6630022748392737,0.0493353380299605,0,1.88081970756075,1.85360746459589
irar1238,aust1307,-1.0826712832636465,0.03300893388609508,0,-1.5761404346689,1.8528157966298102
iris1253,indo1319,2.112436810303609,0.04255101651210711,0,2.1680968445492503,1.89982873554813
irul1243,drav1251,-1.8959664070566409,0.025535076548783436,0,-2.7283710611525,1.856751687868955
isco1239,pano1259,-1.9431039282711051,0.033059919416341975,0,-2.15906264039455,1.8932870787859102
isin1239,aust1307,-1.9828961073698563,0.07193778555171508,0,-1.7487583082325,1.8104404568695749
isir1237,kwer1242,-1.7445564867181944,0.04948692297238631,0,-1.7166110617867498,2.1045839149672148
isna1241,aust1307,-1.9258520969863286,0.047237628131225125,0,-1.89863007861,1.81615104402537
isth1242,utoa1244,0.22329239854306254,0.031549745818868255,0,-0.15765071824525,1.81938451084243
ital1282,indo1319,2.513414700423099,0.04056390206016314,0,2.6892559079875,1.8570582807230949
ivat1242,aust1307,-1.2228876737487175,0.06598091302663374,0,-1.73333613522875,1.81000199439763
itza1241,maya1287,1.0013257778506972,0.01657175880544312,0,0.23841559517,1.94704350719466
iumi1238,hmon1336,-3.767715013582479,0.01522301975140026,0,-3.6670065463225,2.14361593648421
iwai1244,iwai1246,-0.5436275890653,0.05793984048922225,0,-0.8328150070525,2.0361684698344247
iyoo1238,nucl1709,-2.312246288091001,0.07674944550174904,0,-1.7276851287325,1.972933155857875
jahh1242,aust1305,-3.355818148829248,0.04250372056597719,0,-3.1668060201335,1.8869103536661451
jalk1242,mand1469,-0.7937026288194777,0.03959137628862649,0,-1.71569956254325,1.8327122102799351
jamb1236,aust1307,-2.3725295925562464,0.07560589470883791,0,-2.3088954461325,1.807491868170625
djam1255,mirn1241,-1.6562787494468374,0.04981064106920539,0,-1.1912090105375248,2.0274599251238348
jams1239,dogo1299,-0.08931978568797745,0.033562164590151836,0,0.165015666717,2.03288785770567
nucl1643,japo1237,-2.7744544246761347,0.03885618838293237,0,-2.8539959665665,2.0970696319787603
japh1234,sino1245,-4.524845269768697,0.04275003284123057,0,-4.116369970045,1.893629120302505
jaqa1244,ayma1253,-0.9661592710924679,0.02365185042896024,0,-1.20349803075425,1.966420711819915
jara1266,aust1307,-3.377561706360182,0.06038499562629906,0,-2.18611444797825,1.832449262415365
java1254,aust1307,-2.10112260119847,0.03547551325210106,0,-2.0478660072099997,1.850285726160405
jede1239,aust1305,-3.346180914013754,0.039894768524059175,0,-3.225717360225,1.883197207898865
jehh1245,aust1305,-4.107282820562148,0.04663249279672409,0,-3.488466099015,1.897341562804335
jeha1242,aust1305,-3.3836883582572086,0.04647926293014106,0,-3.224336920015,1.8817986389922101
jeru1240,sino1245,-2.507289990183665,0.05690875964868784,0,-3.6305032449725,1.853017599990295
jina1244,afro1255,1.2584555729323041,0.058681133900270493,0,1.10434797953275,1.796761425979205
djin1251,mirn1241,-0.228388332716966,0.04566485904768043,0,-1.28006728047725,2.02911059821339
jita1239,atla1278,3.244457529084092,0.038072839720676786,0,2.67131836682525,1.774397586424745
juku1254,atla1278,-1.0178566137467884,0.042896061782184164,0,0.4787286885125,1.8008858227881301
jurm1239,cent2225,-1.1457005137716192,0.03786951483877466,0,0.347512393384,1.759389267546875
kaba1281,cent2225,-0.43047261541673404,0.04507900864982796,0,0.227979225848,1.7342962398088
kaba1278,abkh1242,0.9604174499960387,0.0393150126374339,0,1.07405615902475,2.01417715330764
kaby1243,afro1255,1.8947898534057634,0.044528140741655724,0,0.9760377225400001,1.86866578055182
kach1284,gong1255,-1.1280229437008626,0.05338800962107899,0,-0.8324195732099999,1.853245378993205
kada1242,drav1251,-2.222205931962985,0.010161540737014335,0,-2.7437406953225,1.8614419935516602
cent2100,aust1307,-2.052766425275459,0.043571901693019534,0,-2.2687018560675,1.8423461342225949
kafa1242,gong1255,-0.8879708597364351,0.05678912750774273,0,-0.904007861295,1.84525140433042
kaga1256,aust1307,-2.2670083939916883,0.051868041124837,0,-1.936581564425,1.81115054306145
kagu1239,atla1278,1.4565894472032626,0.034075750196155476,0,2.7752878284475,1.765798014745455
kaik1246,sino1245,-2.2239871986256485,0.05585213982169668,0,-3.48800969837325,1.817722783393325
kaki1249,kaki1249,0.6490946768537462,0.062441258441067425,1,-0.299734962195,2.08060130446765
cacu1241,kaku1242,-0.6525817497970674,0.024342280033309002,0,-1.8528589183825002,2.03673515625883
kala1399,eski1264,-0.608910893024964,0.0295773158119641,0,-1.0929704572299999,1.97287076437093
kala1388,aust1307,-2.211259749183238,0.052768907883828445,0,-1.604384294553,1.790022323508605
kara1499,west2604,-1.3281405305285832,0.062099426364915326,0,-1.4378305906715,2.1200928473168448
kala1384,atla1278,2.136860326948573,0.03580824315468049,0,2.4365244891705,1.77358933074576
kali1308,sali1255,-0.6253607760189746,0.035959695721371324,0,0.25389663588787503,1.90386218439062
kamm1249,atla1278,-1.2461835271374069,0.053987917791386,0,-0.5570032057857499,1.821414476942255
kamb1316,afro1255,1.02808627856411,0.05001418113355004,0,1.2533602493825,1.783267875434015
kamb1297,atla1278,3.2109639289935323,0.03557747360361294,0,2.68184918072,1.7838211248163351
kamb1299,aust1307,-2.801369310783472,0.05488014243658017,0,-1.7014422962325,1.84666470254767
kamu1260,kamu1264,-1.6681194188397472,0.0730595788742796,0,-1.48024040939075,2.10506174298528
kana1286,aust1307,-2.4692181438414167,0.04184517796872837,0,-1.8470848875530002,1.9177019662015
kani1286,nucl1709,-2.426688049855226,0.06340529884442889,0,-1.95666031524875,2.007844159430215
nucl1305,drav1251,-1.8712835204280687,0.021373533578795335,0,-2.705228092115,1.861774352734475
bidy1244,atla1278,1.9357717957208573,0.029701702637659352,0,1.542448474755625,1.87410652319536
kaon1241,atla1278,2.3573530624704775,0.029581310336131858,0,2.4486320240835,1.805804318626405
kaqc1270,maya1287,0.8428056656332964,0.0351813435446146,0,0.29739709502225,1.9461489824345901
kara1482,cent2225,1.2596241836089224,0.04923962538900273,0,0.43635566909425,1.744748231192945
kara1500,nucl1710,-3.158320542599566,0.02659521759472634,0,-2.1110811838799997,2.06120054904143
kara1487,aust1307,-0.8653166610529013,0.0522214576802747,0,-1.891444766095,1.8056364547274648
kara1486,aust1307,-1.5138042401314022,0.04331063399180456,0,-1.3662957267425,1.842501354399945
kare1338,atla1278,-1.471622282583027,0.0401680798288366,0,-0.19392597551614998,1.7548807994557252
kare1335,ural1272,0.9260863293570126,0.03717523289575843,0,0.50349818175875,1.771855491918745
kari1306,atla1278,1.5913910571033427,0.03863554843230327,0,2.134124799465,1.8105824973736149
kari1311,tupi1275,-0.7875820689050814,0.0236536389080238,0,-0.06075485473535,1.9220090672704502
kark1258,pauw1244,-0.503694403087188,0.04137169187311803,0,-0.0068750684860000005,2.08066212917733
karn1252,aust1307,-0.6578447049710416,0.02078818916638793,0,-1.13792159866475,1.8136219275251
karo1304,karo1304,-0.8074146710726151,0.018041456256808704,1,-1.286186607006,2.095312365513385
kash1277,indo1319,1.792909449010315,0.041267775415056815,0,1.7679505400625,1.8591480705573251
kask1239,atha1245,-1.7261522441635002,0.0523152672513837,0,-1.26116110089625,1.89355409507102
newa1246,sino1245,-2.5131998612288857,0.047191823800337304,0,-3.690393853275,1.861995972186435
kats1235,sino1245,-4.80402496456542,0.05488877270986439,0,-4.1132715968925,1.9017255440402798
kaur1271,kaur1274,-1.6097198916582234,0.06286388450085291,0,-1.3844806946600001,2.1469683498907
kava1241,aust1307,-2.6187501215642586,0.042466029647220176,0,-1.9849915092625001,1.9090340416841252
kaya1315,sino1245,-4.644905158030734,0.04969565070231129,0,-3.919594908,1.89859431118062
keap1239,aust1307,0.2443394206602183,0.037051171998614414,0,-0.517509241264375,1.8130831938593
keda1252,aust1307,-1.7713673960197658,0.045046671019157644,0,-1.6963675359458752,1.841895798523145
kera1248,atla1278,1.8187886181722703,0.028627040930722086,0,1.5586057793357,1.858181058037015
keig1242,kadu1256,1.6477422294381774,0.04689919672215742,0,0.8960683775530001,2.199840278793555
kele1255,atla1278,1.7619969806081257,0.0446603045536085,0,2.4379617424605,1.80544669549459
kele1258,aust1307,-1.714142613862304,0.04197687656538024,0,-1.62297285942275,1.83989446838531
kele1259,aust1307,-0.8831589942237448,0.055468797917025386,0,-1.8946717723384499,1.80081475934128
keme1240,atla1278,1.0442379515220792,0.03988073922365597,0,1.417998942744975,1.848501065575625
keng1240,cent2225,0.8817695396982256,0.051771283415907345,0,0.422220414445,1.74668846101125
kens1248,aust1305,-3.447333869382768,0.0401399941991153,0,-3.2254333516625,1.88337420744306
kenu1236,nubi1251,1.7052222890832378,0.03886933704840234,0,1.33511181191375,2.24889127830794
keoo1238,aust1307,-2.929288000512989,0.05955585253712368,0,-1.6521911151325002,1.848501317157865
kera1255,afro1255,-1.0049745220767126,0.057992989787302066,0,1.4149556240724999,1.806181303548665
keri1250,aust1307,-2.3732840098244385,0.045760107049718515,0,-2.30022206371325,1.8159247766349949
kesa1244,nucl1709,-2.4677631003610068,0.09292675525955914,0,-2.218406030965,2.03306478900321
kett1243,yeni1252,0.577232626384554,0.028204833966879755,0,0.34475178152200003,2.338455161551705
kgal1244,atla1278,1.9701396687848507,0.02965021432551849,0,2.3103998032925,1.751051019158525
khak1248,turk1311,-2.263745638564324,0.0388398302511023,0,-3.1364226189810003,1.9621706454986598
khal1275,sino1245,-2.3138648626448273,0.04635758510767678,0,-3.634146926715,1.85294913981025
kham1282,sino1245,-1.8298424800642372,0.051957847866552664,0,-3.31908008796775,1.811847209799795
khan1278,atla1278,-1.4542780948965472,0.03533815883337521,0,0.11044578119750001,1.862668774535295
khan1274,aust1305,-4.231753171949906,0.03688582107621352,0,-3.30643185523,1.87975501984184
khar1288,sino1245,-2.555257487378391,0.045819946763468206,0,-3.916475118735,1.8658260118870351
khas1269,aust1305,-3.237161367185394,0.018675212506195023,0,-3.2297842092074998,1.879258998776
khez1235,sino1245,-2.4960081628659534,0.04703908124447104,0,-4.064151991025,1.8828439070056948
khin1240,nakh1245,0.1620259120102643,0.02330282161128958,0,0.33342602237795,1.9336713195750201
khmu1256,aust1305,-4.122961411388312,0.04909619561705992,0,-3.4553993585575,1.9014617626713801
guan1266,sino1245,-3.06367935130788,0.03744731925359429,0,-4.1163421705925,1.8923987866224499
khum1248,sino1245,-4.186575275472324,0.04488951386716837,0,-3.8657209655480003,1.886148668768985
khva1239,nakh1245,0.9508202917638442,0.02871594052080232,0,0.8635594717705,1.93163874888429
kich1262,maya1287,0.8633953771897896,0.036392166363071896,0,0.4218666265685,1.929961670268705
kiku1240,atla1278,3.1299905803330006,0.033669682326530614,0,2.670197261586,1.7933054877605699
kile1243,tung1282,-2.201735208212323,0.043145187773039016,0,-1.5375427277217502,1.8880377322319601
kili1267,aust1307,-0.20444140040555597,0.042971084687485686,0,-1.0036713822575,1.802152143271875
kimm1246,atla1278,0.39486359321893927,0.040948128364055175,0,-0.58960106834975,1.809960813756655
kima1246,kolo1268,-1.6835632492119537,0.04745639926986939,0,-1.6495255678815202,2.09272305628779
kimm1245,hmon1336,-3.8162980166314977,0.017608121134324604,0,-3.6702739595475,2.1456847391032348
kina1250,aust1307,-2.2811276198040833,0.07139532426171642,0,-1.829171137165,1.791049424349445
kinn1249,sino1245,-2.0725256404747032,0.04368368446598092,0,-3.6589256131275,1.8601357521658
kiow1266,kiow1265,0.2246371261357297,0.0221349479628209,0,-0.07972659391475001,2.050123552016095
kips1239,nilo1247,1.8452559421740333,0.047435039517720996,0,0.73614196736575,1.9036013583566
miju1243,sino1245,-2.5759158611180144,0.04933998207444146,0,-3.9510511171375002,1.883561613896005
koda1255,drav1251,-2.0607531831510553,0.01360254559602516,0,-2.732832290987,1.861819538324705
koho1244,aust1305,-3.9064329325185376,0.06439591496800941,0,-3.494752375385,1.9012154055386299
koir1240,sino1245,-2.5542685872669884,0.05357735783946913,0,-3.690436722705,1.8642013137105948
koit1244,koia1260,0.4661161564289167,0.07243605295529032,0,-0.254271164271,1.993427144314065
koko1269,aust1307,-1.2230317090662726,0.051039540477256805,0,-1.1176793024136749,1.81278992073216
kolb1240,atla1278,0.2774377024134192,0.03322547881288585,0,-0.4877061930755,1.790242475442175
kolc1235,atla1278,0.9835858063500293,0.028441961214694528,0,1.3636267591061,1.792737414287735
komb1274,nucl1709,-2.2860501557231645,0.06967838498097778,0,-2.095720633938,1.983631512332885
komc1235,atla1278,1.1443735251104876,0.0302633552441018,0,1.4487340780475,1.83732452546788
komi1270,sino1245,-3.8444669367958095,0.043028755046962075,0,-3.49766491777,1.869336354630395
komi1269,ural1272,-0.13749280257549246,0.030510529592645497,0,-0.521449776055,1.8469362823630049
komi1268,ural1272,-0.2921004359853713,0.04888093000047542,0,-0.5979210264770001,1.84900514638431
komo1260,atla1278,-0.13198724539693768,0.023786845253431856,0,1.9732202356216,1.797608763099195
kona1242,east2433,-1.694262493743667,0.05767283642530751,0,-1.267348835355,2.134408509345795
konk1267,indo1319,1.3276044896636194,0.02077930710910238,0,1.648778421572,1.8427261929446
kons1243,afro1255,1.715399094419598,0.04642250928585753,0,1.7621470597992501,1.7640102499864398
kony1248,sino1245,-2.225086476198779,0.05878860164391225,0,-3.1917451222024997,1.85944547842554
konz1239,atla1278,2.255596324087282,0.03757332090159515,0,2.6512820124555,1.7870094050011351
koon1245,atla1278,1.13979690061083,0.03567671079626414,0,1.533393607381,1.785204657063495
koor1239,gong1255,-0.7805664881357541,0.04239239499169229,0,-0.73770893530125,1.843741171406605
kore1280,kore1284,-1.33665164893119,0.019576091692334797,0,-2.8862986567025004,2.2940439424106502
kork1243,aust1305,-1.5118046919669028,0.040731343659707736,0,-3.7050330939515,1.9071577341533401
koro1298,atla1278,0.949277971853558,0.05124175138514523,0,0.469385445844375,1.79116579241406
koro1313,sout2948,0.2520780065097692,0.060606658147701886,0,-0.27701166075475003,2.100631319722795
kosa1249,nucl1709,-2.3350171016650734,0.04389257153257286,0,-1.989260051868275,1.96542147303656
kota1263,drav1251,-2.1991786388361865,0.022935759386668333,0,-2.68322377495825,1.864610252386105
koti1238,atla1278,2.456517251834063,0.05597387017788306,0,2.38294791970075,1.75765339064412
kove1237,aust1307,-0.35158249552508447,0.05146057185919065,0,-0.4639070340975,1.831783361862585
koya1251,drav1251,-0.900640815366728,0.029663984166885548,0,-2.1277412488225,1.822776500402785
koyr1240,song1307,-1.4245376073089906,0.03767158947830475,0,-2.39546694578875,1.99812319756544
koys1242,afro1255,1.50353196440439,0.03624809417326883,0,3.0039262982575,1.8745055265690849
gbay1288,kres1240,1.8262763653040828,0.02599297439200292,0,1.55849103258705,2.183799867574815
ngeq1245,aust1305,-4.059685056189275,0.07359991268973738,0,-3.434742515129,1.909395209204255
kryt1240,nakh1245,0.0632687967270032,0.03289839123563125,0,-0.03228949458625,1.9165017240956952
kuan1248,aust1307,-1.014797206845461,0.045472872256810536,0,-0.8924987050425,1.8270470946605748
kuan1247,atla1278,2.2792979570702014,0.026807682862648265,0,2.5593045165449997,1.78789984652908
bayo1255,atla1278,1.7626124687584261,0.02745539084457694,0,1.57135482126,1.8570184682098199
kuii1252,drav1251,-1.236633312491298,0.0228477708526123,0,-2.4611003512175,1.8345157804683452
kuik1246,cari1283,-0.5574256692999849,0.01984003410512026,0,-1.63339140794,1.914672326359205
kuku1280,pama1250,-1.9433027973486285,0.04988781982282199,0,-2.0886902809032497,1.9908541366524348
kuku1273,pama1250,-0.5474241493580037,0.03873719648663708,0,-2.10016624354,1.98412802852959
kulo1237,aust1307,-2.546053528119801,0.03601063411312111,0,-1.9984149568817502,1.937697574523495
fait1240,nucl1709,-2.5283159539791313,0.04632951672950212,0,-2.3942242482125,1.999521830771745
kuma1280,nucl1709,-2.559227143726992,0.052959024821708146,0,-1.98993941496,1.9819883386231552
kumb1268,pama1250,-0.37428847753371264,0.0470796100592373,0,-1.2576853025595,1.96999111589824
kumz1235,indo1319,1.8258845720725791,0.045525085203864564,0,1.4173325756100001,1.8643399947689399
kuna1268,kuna1268,1.2580961174123855,0.044930440068114655,1,1.35499881110475,2.49980677355129
kunb1251,gunw1250,-1.659319437938033,0.06480332263050734,0,-2.085495259855,2.07464075606191
kuni1267,kuni1270,-0.2407012278101326,0.033598858192784326,0,-1.60835489287,1.9855373352041101
kunj1245,pama1250,-2.100111329083896,0.05430453986743755,0,-2.05933432501075,2.006958246584135
kuot1243,kuot1243,0.1859968293447947,0.04102556704071141,1,0.00794857542125,2.143960675699755
kusa1251,aust1307,-0.2472741438299439,0.03644972164059251,0,-0.5805679157525001,1.8373591371540101
kusu1250,kusu1250,-2.454338157567565,0.021134757429282967,1,-2.343907457505,2.469724532523585
kute1249,kute1249,-0.7378832980760599,0.020238331126858838,1,-1.231978858984,2.042316545446105
kute1248,atla1278,0.774132746663153,0.03816021469370932,0,0.2507984105975,1.819386310988545
kuvi1243,drav1251,-1.2729066464388372,0.020685205897702376,0,-2.461977595954,1.835678945073705
kuyy1240,aust1305,-4.134386916137245,0.06343097691254257,0,-3.430818701045,1.8988273309910402
kwai1243,aust1307,-1.9664322776891228,0.03936826873680757,0,-1.6667803476195,1.824403996163165
kwam1252,aust1307,-1.4184603837515506,0.047581207785995595,0,-1.0319038759085002,1.809024083632435
kwar1239,aust1307,-1.9231819147939986,0.052962790162315025,0,-1.66210530817875,1.821146387079215
kwaz1243,kwaz1243,-0.7252766586964492,0.022610184998728907,1,-1.7924217723017501,2.059046043697505
kweg1241,surm1244,0.7778016361756406,0.04557980220760868,0,0.70030619435075,1.9499278661253299
nucl1595,kwer1242,-1.747155440799623,0.0521918239527929,0,-1.7098499774059999,2.0900254989716602
kwin1241,worr1236,-0.9161096383576097,0.03136935236175354,0,-0.22606533619125002,2.01769553054686
kwom1262,sepi1257,-0.920300918735071,0.05690237528157453,0,-0.7998206291975001,2.04313134445552
nucl1593,kwom1263,-1.6077386785018017,0.04487597286352035,0,-1.44938736902,2.117678617308105
kxoe1243,khoe1240,0.24230711500390534,0.038497948148707314,0,-0.7852707424405,1.98251443267092
kyer1238,sino1245,-2.425753280594053,0.061543400915695365,0,-3.437816220565,1.82362337623925
laal1242,laal1242,0.443486442539496,0.03796360020640278,1,1.40434742216325,2.2788135730272847
labu1248,aust1307,-0.9646919645597167,0.04353124844828694,0,-0.9970367377494751,1.823978159773155
labu1249,aust1307,-3.127003650825311,0.03290940071386272,0,-2.245795960445,1.846873782090005
lach1248,taik1256,-3.752960485575424,0.02464394145790579,0,-3.52763326669825,2.137829942375835
lafo1243,tege1244,1.5333482208945344,0.04167412067468799,0,1.2685693475505002,2.3979785421950153
lagw1237,afro1255,1.1766352503437434,0.04604951404144723,0,0.966437115135,1.80506813344919
zaye1235,sino1245,-4.590893636075774,0.04317286830586866,0,-3.92921784511425,1.9038086922030049
lahu1253,sino1245,-4.884443128306907,0.06029764919665597,0,-4.1191025584225,1.89140384403612
lahu1252,sino1245,-4.841572489956072,0.039747514206352405,0,-4.117544086505,1.88789655960844
laiy1246,aust1307,-2.0207539381978643,0.04228017954111565,0,-2.200033665535,1.851128539329355
lakk1252,nakh1245,0.7419489187326079,0.034528291269721526,0,0.528233422614275,1.940980201760245
lala1268,aust1307,-0.134397991175762,0.03149280585495264,0,-0.5672204634868749,1.80584796895333
lala1264,atla1278,2.3325085219796344,0.042088807578706054,0,2.1564313318415,1.773054880132125
lama1277,aust1307,-2.9036852131326327,0.048405370763161516,0,-1.7246747490025,1.8384045074961999
lama1288,afro1255,0.9931766758443811,0.05692497017128032,0,1.10550025681725,1.79614693439805
lamb1269,indo1319,1.0858507140361873,0.035551744390683704,0,1.8128202893975,1.855839536361425
lamb1273,aust1307,-2.8130691979835225,0.04068331302874137,0,-1.6952289746425,1.85829546574017
lamb1272,atla1278,2.693862135156335,0.047708883991693686,0,2.33587446926175,1.7835426516622301
hela1238,sino1245,-2.4545501318677228,0.038183958484094116,0,-3.437770899002,1.82408717404088
lamk1238,sino1245,-2.676133689457476,0.03694038055776687,0,-3.7197854339625,1.86479076823643
land1256,atla1278,1.9503943193518722,0.05596298013998039,0,1.7573607408399998,1.82831419669349
lang1320,atla1278,3.448885611944286,0.03899229570809591,0,2.44611930044,1.8123420726610702
lang1324,nilo1247,1.0559168153958094,0.04721979610358959,0,0.08982718756525,1.83618532263938
lara1258,lara1258,-0.22574362437274606,0.05029821191896486,1,-0.1942113753435,2.106226773257005
lash1243,sino1245,-4.381093036981548,0.05475711769491036,0,-4.1381582275425,1.8918682212165
teke1275,atla1278,1.853933781395381,0.04231078933452741,0,2.42455710394125,1.81388334141618
latv1249,indo1319,3.2117051906182734,0.035145626189727254,0,2.49582501761575,1.91283903944739
lauu1247,aust1307,-1.912439433785662,0.04291743004542425,0,-1.67031784421425,1.815302319363135
lave1248,aust1305,-4.1733238032219475,0.05628544084216192,0,-3.4920992156975004,1.9025156880383949
lavu1241,lavu1241,0.3470830236741263,0.05285878970644132,1,-0.16793284130675,2.1490455370725003
lazz1240,kart1248,-0.7691197859075972,0.015447448569731084,0,-0.726089148965,2.0477290615165
lega1250,atla1278,2.491951055872359,0.03648699327561015,0,2.48115186492775,1.789747168828895
lega1249,atla1278,2.416329420108443,0.035499107159694315,0,2.482750557593,1.795511716512225
lele1276,afro1255,0.5753054669620452,0.03969454145203032,0,1.070709648302,1.812340004178415
lele1270,aust1307,-1.7180899756272896,0.04358572826092652,0,-1.63213873568175,1.829456660442235
lemb1266,nucl1709,-1.6137231849552736,0.0693368953447032,0,-2.0376835950825,1.974137137833315
leme1238,aust1307,-1.7604245282457733,0.04184149632873234,0,-1.310915412015,1.8128681629926149
lena1238,aust1307,-0.2613739050636637,0.041812929166813124,0,-0.8793629974,1.81461132352028
lend1245,cent2225,1.0187976424791754,0.04809509853555421,0,0.18493906877049998,1.81532121601913
leng1259,aust1307,-1.8617220146999316,0.04862961266316167,0,-1.60933651101525,1.8221236088358248
lepc1244,sino1245,-2.3086957472396916,0.0522023203449413,0,-3.6770816671575,1.8848634194312
lese1243,cent2225,1.1706732570779343,0.03828560564925252,0,0.50846969615,1.7933120347126401
leti1246,aust1307,-1.9642826568098162,0.05107812950293631,0,-1.60035378523775,1.8369350586720299
lewo1242,aust1307,-1.6798039839138217,0.03322716456217377,0,-1.5641993759210249,1.80135423483542
lewo1244,aust1307,-2.8889637885925437,0.03908419629668864,0,-1.720467947215,1.8405403084666951
lezg1247,nakh1245,0.26766461822107157,0.031528659823627965,0,0.031067063827500005,1.931303782224075
lian1251,sino1245,-2.573383790333675,0.04828663245422805,0,-4.07302473070575,1.8810751218357749
libi1244,atla1278,1.8735376573099733,0.03119635747538812,0,2.6711212795524997,1.783432262355915
liby1240,afro1255,2.0764306471632206,0.05282204243929306,0,2.978523749655,1.87690206124541
lihi1237,aust1307,-1.430004225229726,0.04170008993622414,0,-1.4273201868125,1.82583526986865
liji1238,atla1278,0.5365384911306479,0.03437143058009846,0,0.058652167606475,1.8407827660679899
lika1243,atla1278,1.5573830061767584,0.034424551566903716,0,2.1680980030550003,1.801607479894155
lill1248,sali1255,-0.26276293409738893,0.02534783633839781,0,0.31459063319674996,1.92243182691037
limb1266,sino1245,-2.343659697703389,0.06248609084564903,0,-3.569419256035,1.84540690502569
nucl1327,limi1242,-0.16365603850433424,0.05431156167893579,0,-0.084526802749,2.108371820524785
limo1248,aust1307,-1.6798901706844769,0.0585619173192292,0,-1.5333420401095,1.80336149296747
lipo1242,sino1245,-4.724066045695816,0.04571953216793869,0,-4.116173989317501,1.897153227602045
lish1245,afro1255,1.553511501825401,0.04554161659479862,0,3.0091875574094997,1.8764736937051851
lisu1250,sino1245,-4.475315865224072,0.04348127398209748,0,-4.114850219,1.8965903057788949
lith1251,indo1319,3.063414060330622,0.04908114464202493,0,2.4889058299625,1.897931184700485
lito1235,atla1278,1.6474516384273463,0.02686095604690599,0,2.6682175519499998,1.7837719439610802
livv1243,ural1272,1.1954402194552842,0.056463208860679855,0,0.52860078070825,1.7638288403342899
loba1239,atla1278,1.8133023023773118,0.027555456230836356,0,2.6369176040375,1.79254171857936
logo1259,cent2225,-1.1835104957834706,0.060505153983993504,0,0.13337628207675,1.7847859904045351
balo1261,atla1278,2.0429779265540797,0.030951179546072204,0,2.6352132894249998,1.7969833428755901
loka1252,atla1278,0.2737305859074274,0.03873492492219004,0,-0.06766052857,1.849254694321305
araw1276,araw1281,-0.6587952609287464,0.01591625840296109,0,-1.64969153661725,1.944988825073645
lolo1259,sino1245,-4.681039710421796,0.04748661041425991,0,-4.118052830675,1.9007637431289601
lomb1257,indo1319,2.500779041707121,0.04254833960943548,0,2.6882945862245,1.85740165130198
chiq1248,chiq1253,0.48307219984599165,0.022071452451872316,0,-0.659208443382,2.049937816363795
acha1249,sino1245,-4.40735772483715,0.040254025597812694,0,-4.131626694787499,1.894176592223875
loni1238,aust1307,-1.7074994260244352,0.016450285380629075,0,-1.62274161685155,1.8411120442362652
lonw1238,aust1307,-1.7297230466413576,0.04878072447102164,0,-1.5602057795235,1.803625847809295
lote1237,aust1307,-0.6288163212624176,0.04362332817233345,0,-1.03948926884925,1.80961527575055
loth1237,sino1245,-3.92689375265664,0.05082344225258468,0,-4.05577913172,1.90010880234321
lotu1250,aust1307,-3.077848847821933,0.038111972107254685,0,-2.23921614129,1.84357211820027
louu1245,aust1307,-1.660416615509051,0.04955036612674641,0,-1.6015075616324999,1.83754942212162
vano1237,aust1307,-1.87696250800049,0.049482056377203404,0,-1.506854167195,1.838820788943245
lowl1260,tequ1244,-0.6801670139944715,0.02210271793466309,0,-1.2801817441124999,2.06484955315529
lowl1265,utoa1244,-1.0877582765631546,0.029186120411972466,0,-0.0356581454875,1.829534347101545
lozi1239,atla1278,0.11201208044543715,0.03901894704207356,0,2.21479327609,1.7527632123428352
luan1263,aust1307,-1.87417218218967,0.0544129781113993,0,-1.60828662629075,1.83486760186869
onto1237,aust1307,-1.3056386147145225,0.04510423102070427,0,-1.23301541146175,1.791880549199655
lubu1243,aust1307,-0.8462196813395653,0.05383651784708866,0,-1.6759784033135001,1.80324123723793
luch1239,atla1278,2.344793388652194,0.03032785409420882,0,2.528747466075,1.804066935643305
ludi1246,ural1272,1.0975425126943206,0.03779536159142929,0,0.5278520167905001,1.76224799656998
lugb1240,cent2225,0.7717213870669886,0.04249572142493129,0,0.0874966218625,1.78703044864421
lugu1238,atla1278,3.311998660159907,0.03396786676508932,0,2.7326356333125,1.7728728644427152
lule1254,ural1272,-0.9607271622330134,0.04453404618566985,0,-0.140224072666,1.7641703584891
lumb1249,atla1278,1.679148681810085,0.031097531255627867,0,2.382492912933,1.8104671296286199
lumu1239,narr1279,1.8904845987675476,0.05685856173942699,0,1.138137968945,2.18301633105256
lund1266,atla1278,2.3760688391232287,0.042344739780772744,0,2.5111073464730254,1.815331557701755
lund1271,aust1307,-3.136523381656357,0.045183821295546246,0,-2.181529157874325,1.847283416035785
luok1236,nilo1247,1.796772911190803,0.04926462540943449,0,0.061218548251919996,1.8376663659197199
luse1252,atla1278,2.1284202141754562,0.03538401604777304,0,2.6090761982275,1.80137564514399
lusi1240,aust1307,-0.2919550814888001,0.048699685090219824,0,-0.46898826891400003,1.8295271979482401
luva1239,atla1278,2.3601549030893887,0.02661843834398454,0,2.5212164207275,1.801100519238775
luya1241,atla1278,2.2804606139124366,0.032846958432429525,0,2.39286561173,1.8278736401132751
maan1238,aust1307,-2.8893766032725035,0.052400753428109674,0,-2.078882567125,1.832767451470245
maas1239,atla1278,1.001603545394386,0.03576696000293198,0,1.60430718255575,1.8442378452996349
maba1270,atla1278,1.9103692985429417,0.02824460927387945,0,2.6617828520453948,1.78579200384117
maba1277,maba1274,0.8058521808490602,0.024370285305130617,0,0.3202722265015,2.04447253033717
mace1250,indo1319,2.5672344991661102,0.040480184022951865,0,2.600584464095,1.908328455440755
maco1239,sali1297,0.38698994000135023,0.026948830211528108,0,-0.5204316090350001,2.02272339540994
mada1285,aust1307,-0.42612939990001186,0.042989860293369056,0,-1.4269844802025,1.82296686538524
madi1260,cent2225,-0.7568096580406527,0.03841071000928493,0,0.44967568783675,1.786518015690935
jama1261,araw1282,-2.3367876965296013,0.013417590197781085,0,-1.56326132683375,2.047421522920085
madn1237,east2374,-1.5242309778207572,0.074232855237575,0,-1.4729031709022502,2.163998765701275
mafe1237,aust1307,-0.6532547585857778,0.042187560639127625,0,-1.0815585699599999,1.7994756425824998
maga1260,indo1319,0.8699332259739886,0.04659945679277617,0,1.1285034409975,1.81151626579081
magd1235,otom1299,-1.4965610012730015,0.02696193437737403,0,-0.6077508020360001,1.934004264570915
magu1243,aust1307,-2.362654257278029,0.04399705279680472,0,-1.8997001233000002,1.817196531586835
maia1254,nucl1709,-2.4910330437552677,0.08695232049937017,0,-2.4095965391855003,2.00249596746881
maia1253,nucl1709,-2.5042139091335303,0.1023657543754517,0,-2.41288379671875,2.01505934187297
mail1248,mail1249,-0.44835812532906455,0.051088492997171345,0,-1.78209978495425,2.1033230116943047
mais1250,aust1307,0.32267738341692387,0.01395075400718979,0,-0.7324553084145,1.8294913668164798
mait1250,indo1319,-0.45089204350812995,0.04991209296054188,0,1.1562599697,1.81078390894519
maja1242,surm1244,1.0002873870227946,0.05709340647342928,0,0.93547069213225,1.992883375851485
maka1304,atla1278,0.9936692183302125,0.033686997172697304,0,1.4661535101071999,1.79315209446025
makc1235,taik1256,-3.694108503264675,0.01996716544611807,0,-3.5326125749805,2.133284455301625
makh1264,atla1278,2.604609077596204,0.04328054249122052,0,2.3861585304575,1.76591205547019
makh1266,atla1278,2.659298899195597,0.03799550077348351,0,2.3873384085675,1.76892801077175
mako1251,atla1278,2.906100671619396,0.02553755175502215,0,2.4873712447100003,1.77832394577554
makw1236,atla1278,2.9116403094915118,0.024877001421545832,0,2.4898917609025,1.7771409721151001
mala1463,drav1251,-2.094179228013653,0.021304461197444072,0,-2.74993429985825,1.858357858301845
mala1464,drav1251,-2.150500991141451,0.021036229559154736,0,-2.7535587041219998,1.86152037027639
mala1522,chib1249,0.0896694636033588,0.02456554737656042,0,-0.608566624265,1.83047412697176
male1284,gong1255,-0.8783148578102626,0.04466807189996018,0,-0.9687627816865,1.8512906379124199
male1297,chib1249,-0.5936671213193905,0.01857736632415451,0,-0.388710571339,1.8387107168955201
male1289,aust1307,-0.3352311778600594,0.04155528724210369,0,-0.8885677249775,1.80865729909413
malg1251,afro1255,1.2696294953688643,0.044287599867282326,0,1.3287198190875,1.79798277965647
malt1254,afro1255,1.723071286311162,0.04285303971916264,0,2.9802246343574996,1.872971604121275
malu1245,aust1307,-1.8283015583730742,0.04454639856685626,0,-1.381319420410275,1.80977310504925
mamm1241,maya1287,0.4839607728207424,0.02347690264669016,0,-0.321928045087225,1.931866412875035
sauk1252,nucl1709,-2.0315548533253613,0.07430527296669287,0,-1.7655781816610001,1.9979554691143901
mama1275,aust1307,-2.335357912436987,0.06379973597665689,0,-1.75182177578875,1.7861513596749852
mamb1306,aust1307,-2.382513304400348,0.060763861905355876,0,-1.4142459415692499,1.8448493052625001
mamb1294,atla1278,0.2941632330123235,0.030040877782072248,0,-0.30693949209500004,1.75688062393571
mamb1296,atla1278,2.5300060334149124,0.042536397873135734,0,2.329561335222,1.78372308423981
mamv1243,cent2225,0.8407754224737106,0.0395377200886928,0,0.5243641385635001,1.79385822517722
mana1295,aust1307,-0.31963851524917525,0.02898758277942149,0,-0.8581004493465001,1.82163370319692
mana1298,nduu1242,-1.0110961976208988,0.05645149965881906,0,-0.42996996503775,2.0422607884822703
mana1288,sino1245,-2.2075884594055584,0.08948093577600959,0,-3.35455338355875,1.821099709855715
payn1244,nucl1709,-2.5615927339503157,0.08783013983190632,0,-2.38539155033,2.014645576822535
mand1423,atla1278,2.7948813332578704,0.04080794362427372,0,2.7228639116525,1.7885976620777901
mand1440,aust1307,-1.5202699553145431,0.04423800917461272,0,-1.4333954427795,1.82758192631409
mand1415,sino1245,-4.00779078360841,0.04394862139331817,0,-3.7453197505,1.884889701871925
mand1436,mand1469,-0.3561661694830338,0.047535901641165994,0,-1.92385424276,1.835738872847095
mang1378,aust1305,-4.210685613573309,0.04624287956132694,0,-3.449992048025,1.905111705967925
rapa1245,aust1307,-1.736258835386673,0.032965594660314734,0,-1.2699539343419999,1.77727022710837
mang1401,aust1307,-1.8380257525827703,0.0391978289861658,0,-1.26368818460125,1.777920131087775
penr1237,aust1307,-0.7686530266688227,0.026278173225385035,0,-1.27340217580225,1.776444737658585
mang1381,mang1423,0.6772540001556223,0.046497215620626885,0,-0.30901416432,2.0736257348110048
mang1394,cent2225,0.5612878791077891,0.02985310667854441,0,0.43742720025750004,1.794248258266
mang1404,aust1307,-1.0318256995312054,0.048290633434183314,0,-1.241852372953,1.831365367298945
mang1405,aust1307,-2.9945023046908323,0.05301277653893675,0,-1.6637888430849999,1.83205613784356
mang1403,aust1307,0.5866924621259446,0.03939706828306905,0,-0.6993165864565,1.8170382057149101
moni1237,otom1299,-0.5627191943143319,0.03637742622321363,0,-1.590969089403,1.9725131241932998
tong1308,aust1305,-2.132697594564947,0.04037393337382699,0,-3.229318080325,1.884836106400585
manm1238,aust1305,-4.149417636951948,0.04223215320703703,0,-3.31179509,1.8894418096128751
mann1248,mand1469,-0.5801447489941111,0.03951063923745067,0,-1.885039320862,1.85487658807717
mans1262,aust1307,-2.296073413140326,0.056756141221110126,0,-1.69106470487225,1.796686233203485
manu1258,aust1307,-0.10965528505954344,0.05398619069101594,0,-1.3296798659754998,1.82154166951812
maor1246,aust1307,-1.8046954092336027,0.03882089288227795,0,-1.2449165391163,1.78590836853545
mapo1242,aust1307,-1.02002901964857,0.05629467532501504,0,-1.2333527110955,1.825297732738865
mapu1245,arau1255,-2.218289309548006,0.042851940429442924,0,-1.48345377890775,2.12537549303629
mara1399,aust1307,-1.8000269576668373,0.03376574191864877,0,-1.3999159522775,1.801748827814865
mara1379,sino1245,-2.5354661357510633,0.03863922526700142,0,-4.081689707575,1.875940370421075
mara1386,west2434,-0.9135908392015827,0.05591150639433264,0,-0.5611313532651,2.05730942870299
mara1396,tama1329,1.7249548506238281,0.028425930745872782,0,1.3259755514455,2.2228404128169847
mara1378,indo1319,1.29918800137066,0.0452995190812256,0,1.64163960512,1.84233745421477
marg1265,afro1255,1.047961226251383,0.0340474748192059,0,1.1255751653755,1.800875675490315
mari1414,drav1251,-0.6252976358330204,0.0178243114203848,0,-2.0387043022975,1.8287955948870551
mari1440,coch1271,-1.3133658766553005,0.026513104275977948,0,-0.49648731509099997,2.001611831508595
mari1428,aust1307,-1.346150309216935,0.04091715480206585,0,-0.6609572855785499,1.82091971470565
nucl1622,anim1240,-0.2911120520600248,0.05039537333237434,0,-0.17807502425125,2.080664360210995
mari1416,sino1245,-2.632906731867026,0.031162380032634926,0,-4.077325503035,1.88033857214657
mari1424,west2434,-1.065972320247261,0.09150644332491532,0,-1.168266613858,2.0593014743658697
maro1244,aust1307,-0.526127266443356,0.05484353877357724,0,-0.8592887897820001,1.825330972458965
mars1254,aust1307,-1.751845025371079,0.03729321834058133,0,-1.38774538685675,1.8193500114289352
mart1255,pama1250,-0.5771615115664527,0.03485498365575009,0,-1.560202730615,1.921601577170275
maru1249,sino1245,-3.1521939983834897,0.040269951326983404,0,-4.1393923103825,1.88487482163581
masa1322,afro1255,0.7509517656272526,0.02670135550868394,0,0.680846966157325,1.839357281843065
masb1238,aust1307,-1.1304448087889583,0.05853142999852614,0,-1.8660038506975,1.7941985820666648
mask1242,aust1307,-0.661416778103288,0.043345230729276284,0,-1.14147570530775,1.8081715277162
kemb1249,aust1307,-2.546803210159937,0.03704008426130704,0,-1.99216952221175,1.83274770887214
mati1250,aust1307,-2.260403614999923,0.054649326676019204,0,-1.9684765123024999,1.8114545500923551
mato1252,aust1307,-0.8551918797070779,0.016408277659110827,0,-0.64699979789275,1.8166028994881351
mats1244,pano1259,-3.3096433460631616,0.019417494218133716,0,-2.0089937834625,1.95400584169303
matu1261,aust1307,-1.4588435334091123,0.05035953803328254,0,-0.8596819566375,1.81802224953498
matu1259,atla1278,3.129239281590885,0.04122732155010764,0,2.478058993995,1.774317196837215
maun1240,iwai1246,-0.4136634056407871,0.05126356881704519,0,-0.57753467616075,2.041831656749885
maxa1247,nucl1710,-2.9165920970164247,0.02761341798510293,0,-2.1289977666875,2.05776640061904
maya1285,misu1242,0.06235559512591975,0.04161923828077717,0,-0.68002263804225,1.968110988936425
maib1239,mayb1237,-1.5408158216275478,0.06145501095639658,0,-1.500982990375,2.186373481913485
mayo1264,utoa1244,0.38959285561496526,0.028952636568361178,0,-0.00679119643524995,1.83091373853673
mayo1261,atla1278,1.4088464035777335,0.05226958262609722,0,-0.78375567654,1.77187113300461
maza1304,afro1255,0.6102144240558169,0.03926059079373023,0,0.7619788049875,1.8085093864338249
mbaa1245,atla1278,1.3911778713141434,0.048126448156586614,0,-0.68845286561525,1.76392569571995
mban1263,atla1278,1.1321996054418304,0.03841384237085992,0,-0.70376038125425,1.760839230754575
mbar1260,afro1255,-0.6166035403289835,0.04312664622390184,0,1.368257890751,1.789624764493825
mbay1241,cent2225,-0.5784946839372122,0.041031352720217726,0,0.26157410433725004,1.7359210488817949
mboc1235,atla1278,1.1046166943907347,0.028323152904583388,0,2.04136740824775,1.81151922778806
mbol1247,atla1278,1.9235235009409213,0.04417262122256907,0,2.433099033315,1.803793551213565
mbug1242,atla1278,3.4490727518274173,0.03710231182807105,0,2.4463496164225003,1.81112406490208
mbul1263,aust1307,-0.4684105318725965,0.04154205799432529,0,-0.8715751561253,1.809740262132915
mbya1239,tupi1275,1.0195927272441683,0.024929784250079037,0,-0.510632602152,1.903093812674395
meen1242,surm1244,0.7769694482595718,0.047182658406296374,0,0.8474264411781249,1.95358858018713
mehe1243,sepi1257,-0.7596037606132365,0.05845853282809595,0,-0.319862033075,2.06156889775851
saki1248,tupi1275,0.5934277952167089,0.029656849336954606,0,-0.1594027072875,1.9118756340294452
meke1243,aust1307,-0.3639840114784926,0.04398104478885667,0,-0.566793817835,1.8097012521139049
melo1242,gong1255,-0.8282561541537765,0.059179137769066296,0,-0.779561047253,1.8337369393082898
melp1238,nucl1709,-2.6643084875549397,0.08175291293019435,0,-2.0137961734475,1.9822248958043351
mend1266,mand1469,-0.6172494624705118,0.03859869259843315,0,-2.0963403015199997,1.86375134428294
mere1242,aust1307,-0.8233530721993108,0.022736729039706874,0,-1.4008328182624998,1.8131882057555049
meru1245,atla1278,2.9632494768080853,0.026342414876478322,0,2.6785859780215002,1.787307632702465
mesc1238,atha1245,-2.4199694340137694,0.031183042738472118,0,-1.42472960133,1.89250903466327
meta1238,atla1278,1.0623008257843907,0.04410423453364906,0,1.2179908507555,1.841130531046585
mezo1235,otom1299,-1.396793616021927,0.05910627775373197,0,-0.923292077365,1.91766220517529
mezq1235,otom1299,-1.4573343324315524,0.023720320853698705,0,-1.65366048004125,1.951774789342465
mich1245,utoa1244,0.7904648714230139,0.018716281800027705,0,0.0947837885875,1.8290112303698
midd1327,aust1307,-1.147039290308113,0.04537552003718012,0,-1.0670076045769998,1.82698644911403
mids1243,atla1278,1.2461544320006657,0.07185336895457355,0,-0.6745581696588,1.7527261762715
miga1249,afro1255,2.110779069427938,0.04629738576519201,0,1.2392942431107499,1.81303148061315
mika1239,musk1252,-0.570388059565847,0.02293407393620517,0,-0.3693976736605,1.975904223242725
mikm1235,algi1248,1.0475477866329892,0.03462719641871663,0,0.26469832681125,1.88615162653899
mila1245,sino1245,-3.8613311806607484,0.02647063339146013,0,-4.0000289683400005,1.8879548254806648
mina1276,afro1255,0.6446762320581712,0.04025791762041404,0,0.756226471395425,1.81101155950272
mina1268,aust1307,-2.446477326619476,0.0438834767356692,0,-2.2986655433575,1.815804609507775
mini1256,huit1251,-1.0778358801847792,0.028164875098865998,0,-1.7681040671425,2.04565821579272
mini1251,aust1307,-1.1400241370536879,0.05243421023822147,0,-1.09612105208625,1.82909384156267
minn1241,sino1245,-4.225137697719694,0.05397074421187537,0,-3.730293898375,1.897187743755885
miri1266,jarr1235,-0.6136130399061508,0.03346058237991542,0,-1.6693028609137501,2.12542587484723
misi1243,aust1307,-0.48605352619475595,0.048969251172274,0,-0.9427611801835,1.817075063257875
misk1235,misu1242,-1.4017825270131472,0.01698391042517741,0,-0.80066977642435,1.99660015471725
mixt1426,otom1299,-2.1141932543449387,0.04178143317793498,0,-1.0833633516515,1.930495214517225
miya1266,afro1255,1.392131982221717,0.054725092792027356,0,1.14669716693125,1.82900151387114
miya1259,japo1237,-3.231003790979744,0.04285546617420405,0,-2.8843082520939998,2.07859436764621
lush1249,sino1245,-4.151787351187696,0.04629892188063738,0,-3.8363275657575002,1.88201214276634
mlab1235,aust1305,-4.142116104108176,0.05262326909300245,0,-3.4549461485100004,1.90001620521254
moba1244,atla1278,0.2567868409700905,0.04783704351627053,0,0.28927642463217496,1.78665684199617
moch1257,maya1287,-0.9255041465875473,0.03686121362844387,0,-0.3158420930145,1.93787031735445
moco1246,guai1249,1.0156759647547684,0.028675767918283048,0,-0.2392804999625,1.9949043202718801
mode1248,indo1319,2.578716801925221,0.038860792329798055,0,1.97431255063275,1.96189579633515
hebr1245,afro1255,2.2174253408605082,0.042020137501644815,0,2.86790803843,1.89995633760268
moii1235,west1493,-0.3983388283104222,0.037488790680378116,0,-0.0874224092663725,2.1048929193685453
moke1242,aust1307,-3.034479751353879,0.03995648220286044,0,-2.08222894872,1.830590138782715
moki1238,aust1307,-0.21467487667531165,0.03951462325567337,0,-1.213117452488,1.8034681524878
mokl1243,aust1307,-2.946423521444203,0.042111773693788726,0,-2.075643419008375,1.833540382175985
mokp1239,atla1278,1.0255501257740143,0.02565355868271456,0,2.03284317245575,1.79897999847438
moks1248,ural1272,-0.2545656048159568,0.03839433103425068,0,-0.2769167387725,1.81499092257252
nucl1452,momb1255,-1.3623790307574961,0.06677540732748151,0,-1.468497980917375,2.16314483766379
fass1245,baib1250,-1.609254388295135,0.04849629346408964,0,-1.4604754964965,2.122973161635475
mong1338,atla1278,2.212048597496533,0.029494637591602226,0,2.5638222763450003,1.7980403176002548
mono1273,aust1307,-0.35885515378005844,0.05026418355976779,0,-0.96163822918675,1.81317472597049
mono1270,atla1278,1.2295054126089913,0.06511070390990274,0,-0.628092542975,1.73885106733243
mono1275,utoa1244,0.008192585408036801,0.03189776398610044,0,-0.7584387043112499,1.839612046544775
mont1268,algi1248,0.9812005924345519,0.034072239891512555,0,0.32801909427675,1.893340837506615
nucl1458,monu1249,0.19780283413261995,0.0329434897479733,0,-0.2810766328575,2.11758436059801
mori1269,aust1307,-2.964688432018703,0.04875567116597053,0,-2.1788233879055,1.856752246270875
morm1235,aust1307,-0.3029707429626084,0.046856717859243675,0,-1.60413095041175,1.83489024341064
moro1285,heib1242,1.9181383772407323,0.025496173719988573,0,1.38430384492325,2.2037495012528403
moro1287,aust1307,-1.9559236967230584,0.051284927608462094,0,-2.19837864982375,1.857924027634625
mort1237,aust1307,-1.2609190397888095,0.04105346829651955,0,-1.20984173252525,1.79032892075224
mose1249,mose1249,-0.8037852787348854,0.02143677792499583,1,-1.7981176021110001,2.066742137265825
temb1272,atla1278,1.9081698937076381,0.040469352748878355,0,2.612027710005,1.803453877096795
motu1246,aust1307,-0.020173984625389052,0.0405481338446599,0,-0.8093766953025,1.79745254290245
moun1252,koia1260,0.4096745425656489,0.07595926853728217,0,-0.57675351159255,1.995916839969865
movi1243,movi1243,-2.196695373587266,0.024293991601893227,1,-1.45254848872275,2.09444903687598
tang1347,aust1307,-1.8585552600736173,0.04213101112203401,0,-1.3940209874435001,1.80399847794751
mpad1242,afro1255,1.5435553356885894,0.05282761223727262,0,1.132385120642975,1.805544678708915
mpii1239,sino1245,-4.733850140072153,0.052126760225398416,0,-4.133663145950001,1.8905682360750702
mpot1240,atla1278,2.8136966692525727,0.048392833681353185,0,2.4727244197825,1.786323477434395
mpur1239,mpur1239,-1.6402371763846537,0.06191105584170709,1,-1.4677711760225,2.17316672082249
mual1241,aust1307,-1.6001508464178333,0.03775764662330638,0,-2.2907803405475002,1.8069513415714
mudu1242,aust1307,-0.8258560823196789,0.032471300072621015,0,-1.43370126748375,1.835625672607145
mudu1239,drav1251,-2.216993905777045,0.032991701617054905,0,-2.7113384485500003,1.8611043684996948
mull1237,nort1547,-0.3529782751119963,0.04775949878680477,0,0.03552211333025,2.08619526580822
nucl1240,atla1278,-1.2873394540119647,0.043366115115257016,0,-0.468615616535,1.7957765334023401
munc1235,sino1245,-4.403887767355409,0.05840214251333311,0,-3.8843336379749998,1.87096554594988
mund1328,atla1278,-0.7487003284944763,0.05904990991381295,0,2.0214187937625,1.851639690890875
mund1325,atla1278,0.39709824219783646,0.032101188409872285,0,-0.222963845938,1.763608025061775
mund1320,aust1305,-1.7927692973985474,0.03800122189721295,0,-3.714714144075,1.89453233662199
abar1238,atla1278,-0.7467713492386984,0.05471491106078049,0,1.992077975975,1.831909839507515
murl1244,surm1244,1.125646376778065,0.04378641572921834,0,0.929134013415,1.944094708216725
muru1266,pama1250,-0.49666607127014073,0.041778971234299536,0,-1.2789372321574999,1.977366064774265
musg1254,afro1255,1.1244858228304926,0.03552713850524018,0,1.341666122255,1.7925751754803052
muso1238,aust1307,-0.8208750415062948,0.042120158780926925,0,-0.858371294934,1.823206800505935
muth1236,drav1251,-2.198211442444646,0.018751883602295162,0,-2.744838840416,1.8546617569784751
muyu1244,aust1307,-0.4409574081512114,0.023038656517154126,0,-0.9998088531575,1.801827955276325
mwag1236,afro1255,-0.657893187595064,0.05329625763431247,0,0.96737611237,1.791900074975185
mwan1250,mand1469,-3.053072661919655,0.03435747243590137,0,-2.0360098425024997,1.8776419344503452
mwan1247,atla1278,2.7233479858138745,0.03368385748777866,0,2.7632113052352496,1.776215534939055
mwer1248,atla1278,3.0148816208886844,0.033394083220233566,0,2.488131437134,1.78151396037312
motl1237,aust1307,-1.584804464380129,0.04199314413767913,0,-1.1160352660144999,1.82422723372768
sout2857,aust1307,-1.7154410782439367,0.06331662946702013,0,-1.33061141082975,1.813666199110605
naka1262,aust1307,-0.7255971648572654,0.044468174087802,0,-1.44337513259625,1.833995662635945
nalc1240,nucl1709,-2.3385174805908795,0.055790417853449445,0,-1.99642186487125,1.9613230115222549
nali1244,aust1307,-1.4919745736988528,0.04471155414337757,0,-1.3690617804824998,1.83943347803483
nama1268,aust1307,-0.496243050953095,0.0513197826661931,0,-1.32994402356525,1.80203482595957
litz1237,aust1307,-1.76817486389952,0.04796299561581647,0,-1.407247616279975,1.818919092109125
nama1264,khoe1240,-0.18088131061723456,0.03538834819523656,0,-0.8102216906299999,1.988688054267765
namb1293,more1255,-1.783109920584093,0.07819754664758966,0,-1.967437975712,2.07706479787237
namu1246,sino1245,-3.178177491573509,0.0432790565352577,0,-4.136480413375001,1.88721889343985
nana1257,tung1282,-0.8171758215311311,0.02559482078959201,0,-1.62497634714775,1.89358883115382
nand1266,nilo1247,1.6537976248902515,0.03838432152708078,0,0.739493727818,1.9046277802254
nang1262,aust1307,-0.6887847998081422,0.04856037960963349,0,-1.04540058126905,1.826255028877425
nara1262,nara1262,1.3092527602591186,0.041862375940070064,1,1.4138145075315,2.472253141777765
naro1251,aust1307,-3.0354081881702903,0.043252902081493606,0,-2.1748897937075,1.84949543357214
yong1270,sino1245,-3.1275101919627684,0.041148298058689387,0,-4.134686456349,1.88646564309241
naru1238,pama1250,-1.1056566494090212,0.03971794078098944,0,-1.9286553865424998,1.9656788682765751
nati1244,aust1307,-1.7163705537786327,0.04268482654918448,0,-1.381832453044475,1.812264521585285
nati1243,atla1278,1.0824265683959253,0.05173885352490914,0,0.43091508556125,1.81848523288045
naue1237,aust1307,-2.151470682558566,0.04891558418432992,0,-1.60640572456,1.834924092238965
naur1243,aust1307,-1.761622950394953,0.03872122222929782,0,-1.4521176885425,1.820513851363065
nava1243,atha1245,-1.1748595313336814,0.02272077862323623,0,-1.43348300739075,1.89478983238586
nawu1242,atla1278,-0.19194363420253166,0.03781051523539832,0,-0.65142934354,1.8387977815896899
naxi1245,sino1245,-4.513196501793842,0.054511293071456725,0,-4.1287110413975,1.888295262295895
ncan1245,atla1278,0.9732059805593611,0.033941950062320245,0,1.215688627865,1.83357454319599
ndam1251,afro1255,1.2737005760920446,0.05237261974147063,0,1.28741596657,1.8172991109027201
ndam1239,atla1278,3.139133492915593,0.04374257111090201,0,2.402663088205,1.8056499097016898
nden1248,atla1278,3.2082449750945514,0.04022511948910982,0,2.47897298438175,1.78282805547619
ndob1238,atla1278,2.014565621886118,0.02354511624848994,0,2.6548926924525,1.786550676959895
ndog1248,atla1278,0.0084759370034964,0.05360420289757639,0,-0.6529683982693251,1.77300137660464
ndom1245,kolo1268,-1.668614883595748,0.03655058102498391,0,-1.61346276128275,2.09256787585822
ndun1249,atla1278,1.7532365986727547,0.05042981089135373,0,-0.6409352586795001,1.762016858254285
negi1245,tung1282,-1.085973625730468,0.030993597462412537,0,-1.554448201964,1.910253996458285
neha1247,aust1307,-0.906538342728799,0.054508561298176175,0,-1.30316561275775,1.819092161930605
kuma1276,aust1307,-2.317312014826671,0.03508918853209715,0,-1.5933113453824999,1.8378231173691
nenn1238,more1255,-0.8179756651624879,0.06432934212121633,0,-2.01145836033675,2.073798698790455
nend1239,nucl1709,-1.580356678154708,0.027702101207582666,0,-2.3929447534591253,2.00375773416198
neng1238,aust1307,-2.005619243364124,0.04457644187928248,0,-1.4827192835137502,1.8213589210729602
nucl1706,afro1255,1.483888033763294,0.040146125873904495,0,2.94701988345075,1.8783038044313551
nepa1254,indo1319,1.0853271822286574,0.05090686050667247,0,1.671519412849025,1.823788819800615
nese1235,aust1307,-1.8266449376762108,0.04231353943406577,0,-1.3770138091897501,1.816478769371765
ling1265,aust1307,-1.7334416152362497,0.040117318578245555,0,-1.4156384262300001,1.824016795833935
nezp1238,saha1239,1.0059922031150252,0.0397263189412133,0,0.3346442951873,2.03608945217278
ngab1239,chib1249,-1.1187807492013868,0.04266291909499444,0,-0.64600799978875,1.82070558681201
ngal1292,gunw1250,-0.6231076431449465,0.06284683826015744,0,-2.14028996538,2.0592337833149603
ngam1268,cent2225,-0.6451222339968149,0.04661727123910841,0,0.23414290714025,1.741314724820775
ngan1291,ural1272,0.1143237866634771,0.03281262015604289,0,-0.264663769185,1.86033566763406
ngar1235,pama1250,-0.7690629366185361,0.03696041541771937,0,-1.9104406336085,1.9517398895389149
ngar1284,worr1236,0.8249225286936452,0.05495676116165784,0,-0.15124561352775,2.035288770671605
ngar1283,mirn1241,-0.0054565488701332,0.03916784667136118,0,-0.9031486480174999,2.02972972544746
ngas1240,afro1255,1.025551910646605,0.05176663405166902,0,0.7256122188551499,1.7953235954580649
ngba1284,atla1278,-0.8993657669249898,0.0542081861412331,0,-0.7279603161752499,1.76740699521838
ngba1285,atla1278,1.2934571787681377,0.04734735082885354,0,-0.695295858808645,1.8266162587705148
ngit1239,cent2225,1.2691915006322898,0.05051020427945845,0,0.307437457019975,1.8088640619055951
ngom1268,atla1278,2.0191904732816566,0.03445281797877867,0,2.6199665987085003,1.791777899531485
nhan1238,pama1250,-1.0348586637352843,0.03463032529711352,0,-1.9026297391525,1.95651137775919
niha1238,niha1238,-1.0979293273623836,0.02356207156237408,1,-2.608520000015,2.34400229244242
nila1242,atla1278,3.1925308599783917,0.05192310834047496,0,2.42696341203625,1.79395248823469
nucl1633,nimb1257,-1.647448478756547,0.0364723318822107,0,-1.5205696779075,2.106608757989555
nisg1240,tsim1258,-0.1460887951340832,0.027434892558849597,0,0.080876451327,2.07082010439436
niua1240,aust1307,-0.790524422585512,0.03802148056259919,0,-1.0716488301915001,1.78289532980302
niva1238,mata1289,-0.4775414087820265,0.018885342429401646,0,-1.67784243561725,2.06566496456103
njan1240,atla1278,0.8389907979446051,0.023639231169290835,0,0.5625865934459999,1.8553233878759001
noct1238,sino1245,-2.3050820858926153,0.048040856534311255,0,-3.436408413573125,1.87841781510538
noku1237,aust1307,-0.8534275860639571,0.030016823820672667,0,-1.44723989776475,1.818224781806775
noma1260,atla1278,1.235683994114526,0.018794705703988487,0,2.2871797898299997,1.8308626108947101
noon1242,atla1278,1.5220369021364522,0.03610928255717156,0,1.5408893793395,1.848404839056665
noon1243,atla1278,1.0008151432898664,0.04240923424618142,0,1.2716252053175001,1.84279271291013
nopa1235,otom1299,-1.9751622668225495,0.021473867566654464,0,-1.2068078753284999,1.91672907159402
nort2839,aust1307,-1.7351978292061847,0.0420918582280103,0,-1.5435064875264999,1.816059110961295
nort2697,turk1311,-1.8845465651458888,0.051669627264838314,0,-3.117409749189,1.976822189094255
darg1241,nakh1245,0.793760030212492,0.030537257578856905,0,0.70270014655275,1.9392093320991
nort2930,kiwa1251,-0.7232728390262058,0.05514031481054435,0,-1.48687138471905,2.0988545922876654
nort2724,sino1245,-4.4861428930475835,0.03821888707839086,0,-3.88615780718,1.908177760787845
nort2972,choc1280,-0.100319624870162,0.018547240698026306,0,-0.94926625963225,1.9028574246405698
nort2702,drav1251,-0.7127783604544714,0.01965465718027685,0,-2.0556616515600004,1.828662356697895
gumu1244,gumu1250,-0.5128416817822066,0.02612037166613595,0,-1.26089052374125,2.121489366069025
nort2938,haid1248,-1.5927369869784676,0.020810316156404687,0,-1.2923750768015,2.0889927458488904
sing1264,sino1245,-3.5985041983491772,0.044780764870262516,0,-3.0948418357325,1.859825042882865
nort2877,aust1307,-0.8021064550963932,0.07663930108416145,0,-1.6631741451800002,1.808840440665365
nort2684,aust1305,-4.1036186691309124,0.05400910741856845,0,-3.4503322823650002,1.90162140562284
lush1252,sali1255,-0.6054779432821511,0.027808404392733733,0,0.0057470010999999994,1.9271510389384399
nort2774,atla1278,1.6961329034597044,0.05036413258447348,0,-0.4197964453495,1.7539630292415849
nort2954,utoa1244,0.17255065721386956,0.031299687087504795,0,-0.67204992192365,1.83227487207169
nort2957,utoa1244,1.1706015974061712,0.02931542636504667,0,0.01914921037,1.84323752399356
nort2723,sino1245,-4.594357133584654,0.042326971596926756,0,-4.141497099745,1.88620978154884
nort2747,hmon1336,-3.728604642115633,0.020374130097673908,0,-3.6615027168875,2.14697629962159
nort2722,sino1245,-3.101205919139405,0.052077369183490096,0,-4.14820847445,1.88769403532942
nort2994,aust1307,-3.243601445598959,0.04277688583910501,0,-2.1809635041825,1.840806433640735
nort2885,aust1307,-1.28968159708575,0.05538147688490922,0,-1.85565804270375,1.7991556249306901
nort2959,utoa1244,0.04084470995899,0.031415208158666844,0,-0.4262030433805,1.83099982400306
tosk1239,indo1319,2.5828388487949514,0.030660142122113647,0,2.04675168463125,1.953708272011925
nort2732,sino1245,-3.2222517087870566,0.04494340717559631,0,-3.948436456175,1.88226628989436
nort2690,turk1311,-2.3403275717729013,0.038611543497102316,0,-3.09873098924,1.981592455127835
yoku1256,yoku1255,-0.7027063240599192,0.02001561381656234,0,0.37769502543775,2.064661171772305
nort2745,yuka1259,-0.7961316758191619,0.023103487704381732,0,-1.2646235088164999,2.2754903595027853
nort3047,afro1255,-1.0927046804332505,0.043082204759936446,0,1.0840296978275,1.7950351889455298
nort2980,quec1387,-1.7135421093551404,0.018970749527600122,0,-1.918047273936125,1.919736676803625
nort3139,afro1255,2.1396749751425244,0.04905658409635965,0,2.9740800550774997,1.8792231642535
nort2845,aust1307,-1.7797472650248913,0.007084078778810744,0,-1.26689114462825,1.7784556850191202
nort2671,ural1272,0.5824788368417924,0.04657941088909664,0,-0.12228706561475,1.76514299739266
nort2942,atha1245,-1.853609341103808,0.02732543533585012,0,-1.2741648385475,1.882877880163985
nort2847,aust1307,-1.2583509894327296,0.047334301797142986,0,-0.8523028810147499,1.814370358757825
nort2699,drav1251,-0.8495792106066131,0.027659185190154315,0,-2.08902588847,1.8826131856741348
nort2961,algi1248,0.21961125849781535,0.03609422282956639,0,-0.0651415051999,1.86119992613924
nort2775,atla1278,-1.4422812247933368,0.05042159560686663,0,-0.60626324451,1.8074823023556998
yaki1237,saha1239,-0.3123405850926939,0.025160344396352948,0,0.42744519990275,2.027398516898985
nots1237,aust1307,-1.4818179111943495,0.03573361680650475,0,-1.4324228277763749,1.83263763572903
nsen1242,atla1278,2.481151990929696,0.03130543309345749,0,2.2693987997475,1.776673973352585
nukn1238,nucl1709,-1.7877381707252067,0.09247110899524405,0,-1.337410070706,1.9484659337223
nuku1260,aust1307,-0.9678200279337306,0.044276366172808,0,-0.9940042413765,1.7961476840147
nung1282,sino1245,-2.871419579459756,0.05675144518185447,0,-3.931464283135,1.894658033405125
nupe1254,atla1278,0.33842969600356576,0.06160693028788448,0,0.1113066787105,1.82284359188666
nusu1239,sino1245,-2.9462882511941118,0.049588814197303044,0,-4.134502157585,1.893199153725015
nyah1249,aust1305,-4.149098612770796,0.04085938245517208,0,-3.4906448872525,1.90849615914785
nyah1250,aust1305,-4.086880129654116,0.04543012200622936,0,-3.4185713653725003,1.893047368435385
nyak1260,atla1278,0.7590849133244029,0.0290657651642847,0,2.119870467015,1.7638774367488401
nyal1250,atla1278,1.9474722122757946,0.029464332495772693,0,2.24504572163,1.83609389157781
nyam1285,afro1255,-0.8630841195783577,0.054799304275523764,0,0.585829174745,1.79747198018687
nyan1307,atla1278,2.490481202929428,0.03818042167937308,0,2.70587256756,1.794495410518065
nyat1246,atla1278,3.205255870426289,0.05155389734082379,0,2.4332299891255,1.79982003725882
nyis1236,sino1245,-3.7766925822675073,0.07886008678244068,0,-4.02722510241,1.894862022070745
nyor1246,atla1278,2.3640658485544117,0.031027605210541074,0,2.7101320352925002,1.7911208389189048
nzad1234,atla1278,2.260431833281031,0.03640578623264669,0,2.462561767744,1.80959989035357
nzak1246,atla1278,0.4151758140475599,0.03894733916088253,0,-0.16233292195425,1.756863409719615
nzak1247,atla1278,1.543869579604817,0.034825962256482546,0,-0.37362656360775004,1.74397283222075
obok1239,lake1255,-1.5110416494590575,0.06515619605127271,0,-1.4975501659475001,2.0876340778652454
occi1239,indo1319,2.3514850747402805,0.03985824995516652,0,2.702231222854,1.862880437107985
ocot1244,otom1299,-0.411632186932562,0.04173055357410456,0,-0.88378642038175,1.92108789806379
oriy1255,indo1319,1.1517655347085731,0.04680245647003645,0,1.44701487859475,1.82253826040203
ofay1240,nucl1710,-0.9754567430608645,0.01740027947016686,0,-2.25871018412,2.0525824092505447
kalm1243,mong1349,-0.5641509354554698,0.01449236384018145,0,-2.24594681043,1.9306586795901302
okin1246,japo1237,-3.165798937141151,0.03701772725567483,0,-2.8921185113857497,2.081448960367985
oksa1245,nucl1709,-2.4457083151245795,0.056710153591951924,0,-2.0842612695675,1.983826112043885
okuu1243,atla1278,1.1243518629738751,0.039320542785212804,0,1.4427074425825,1.83758359346821
oloo1241,nucl1708,1.4484692031738908,0.07347705065081514,0,0.7513771899,2.0606761595778247
olut1240,mixe1284,-0.46328141451640004,0.026802392643953267,0,-0.927696768131,1.93355865454879
omah1247,siou1252,-2.0222774699096773,0.04588007091664393,0,-0.93949486154625,1.967298126773375
omie1241,koia1260,0.7445966640343791,0.060450570463372176,0,-0.19966637766325002,1.99943350078629
bira1253,bira1253,-1.829758083457989,0.05780277658509791,1,-0.42652503179,2.375133977107415
onon1246,iroq1247,-0.7461322929049384,0.022327079379016998,0,-1.42264377435925,1.9808577237841098
orma1241,afro1255,3.3471934796356386,0.058779760294048834,0,1.754938710615,1.764699594206405
oroc1248,tung1282,-2.3994505893723073,0.03214171025934562,0,-1.55223683723075,1.889953927785545
oroh1237,aust1307,-2.0388526661900706,0.044999425869740185,0,-1.656789535018,1.827944669354195
orok1265,tung1282,-2.2306964637125093,0.021503294170775657,0,-1.62257046356225,1.8913778528441099
orok1269,nucl1709,-0.77348512444275,0.05627409392363329,0,-1.44261422745075,1.913044809777555
orok1266,atla1278,0.9691109161225412,0.027860744940664206,0,2.028656067465,1.796752754073435
orok1267,nucl1580,-1.5552752012410052,0.0739950275455389,0,-1.622448254035,2.086595409341925
orow1242,aust1307,-1.3283702604138274,0.054591130286898555,0,-1.5909578156475,1.830428982166795
otor1240,heib1242,1.8934659757394248,0.03748856161529791,0,1.36820480201,2.2253124655721948
otta1242,algi1248,0.6902163469119647,0.02301629403010574,0,0.15107270986375,1.864751848604975
owaa1237,aust1307,-2.02276007737196,0.04523941995983628,0,-1.64289391561,1.829974340069925
paaa1242,afro1255,1.394601490874219,0.046220030347565555,0,1.13529786539,1.82937820612867
paas1238,atla1278,-1.2565846511712981,0.03742071263593658,0,0.39105197999125,1.79126596118065
paco1243,aust1305,-4.159634332549749,0.050859259777175175,0,-3.4334487513425,1.90154559347922
pagi1243,atla1278,1.7660004940196,0.028911528850965287,0,2.1428496588300003,1.817354004790785
pagu1249,nort2923,-1.5541428390695642,0.04757962481707945,0,-1.11685247269275,2.00119373807852
pahn1237,hmon1336,-3.816153559106473,0.026175003866214075,0,-3.665209476766,2.1514850480022103
pait1244,sino1245,-2.673947894686296,0.04417091537382851,0,-3.9196088112750003,1.86343154574493
pala1344,aust1307,-1.1336006156171536,0.057418574949418884,0,-1.86246571580125,1.8627183355080201
balu1257,aust1307,-1.6390553193932975,0.03584485815056275,0,-1.601864707305,1.83764283810773
pamb1243,atla1278,-0.7213676991475843,0.034431364754901266,0,-0.579077604765,1.752267089093305
pamo1252,aust1307,-2.9218842531130838,0.05051040007992243,0,-2.17660158043575,1.8504314260818502
pamp1243,aust1307,-0.8385459709385573,0.06283906565342214,0,-1.8379000264687502,1.81860876835818
pana1307,nucl1710,-1.4568219404518383,0.025667936094635364,0,-2.2845518909942504,2.03610471641437
enap1235,cari1283,-0.5323080805281233,0.022468770958709545,0,-1.4703903860444,1.896489648678495
pang1290,aust1307,-0.9050025443413273,0.046921793943212345,0,-1.87818489040975,1.80647931020697
pang1287,atla1278,2.820655172900144,0.0403111564976737,0,2.7327072658725,1.7959170084801448
pano1254,pano1259,-1.6618133484102542,0.03526918505101716,0,-2.163237283855,1.9044646021616152
papa1265,aust1307,-0.4319930996402317,0.04945123165194468,0,-1.319090276135,1.836560191675195
para1302,sino1245,-2.4533923984671793,0.052955705943958827,0,-4.068577717875,1.89459342633053
pare1272,araw1281,-0.1827986803638768,0.040684483162870134,0,-1.2481041327220002,1.9436412102554148
pate1247,aust1307,-1.0637914729254048,0.04178676394593576,0,-1.2274945948995,1.82143633666494
patp1243,aust1307,-1.3266639498811643,0.05087866710880453,0,-1.1432671747625,1.831276019074125
patt1248,sino1245,-1.9319325960965852,0.045586962395306845,0,-3.670965961607455,1.8468781817062
paul1238,aust1307,-0.053623160889376006,0.040497062855926615,0,-1.14419873697,1.83520466839505
pawa1255,pawa1255,-1.626742356994107,0.06373010988353076,1,-1.252105206809,2.147460662460695
pech1241,chib1249,-1.012619921474294,0.027315069710251976,0,-0.78310637777,1.918639436014445
peer1241,atla1278,0.6639546581607646,0.043292291993594634,0,-0.3365608251216,1.7748815539154101
pela1242,sino1245,-3.0873082061554054,0.05297225359169976,0,-4.1466281851249995,1.887371945511785
pemo1248,cari1283,-0.26589451767705086,0.020761293697558005,0,-1.3667301380455,1.884168481817095
pend1242,aust1307,-3.1460367159103253,0.05686198378494583,0,-2.1977160879074997,1.83770753143017
peng1244,drav1251,-1.2226912015502855,0.01911450474010372,0,-2.44944239165875,1.8422715456774301
peri1253,mong1349,-1.6296753545698932,0.016189730306873797,0,-2.237658003795,1.92355770907975
phon1246,aust1305,-4.195335755099823,0.04213937909340358,0,-3.46360021835,1.908611086948045
pila1245,guai1249,1.020750427777632,0.028167338144203944,0,-0.2328364528725,1.99788744894728
pima1248,utoa1244,-1.167728694563169,0.055145294354174174,0,-0.279053786749,1.8211602367152
pina1252,piaw1238,-1.980882274787866,0.05037357229464352,0,-1.360248481111125,2.124072865449095
ping1243,aust1307,-0.46585265619671157,0.03658155953421936,0,-1.3716470398175,1.798809052791855
pint1250,pama1250,-2.1034423914487848,0.04236445130085392,0,-1.7647720914385001,1.95106877051574
pipi1250,utoa1244,0.7051282288676085,0.034299323654016244,0,0.01159124472625,1.83513108485149
pite1240,ural1272,-0.8160302900361802,0.031084583589236152,0,-0.1136556066435,1.7585795808683748
plai1258,algi1248,0.9632760487271502,0.031154764080651078,0,0.3704838857565,1.889599347776
pnar1238,aust1305,-1.8229341640345784,0.03987969642577568,0,-3.2289075930375004,1.881783237304455
pohn1238,aust1307,-1.3549914579283469,0.04005612446868227,0,-1.3739989731205,1.80620656898669
poko1263,nilo1247,1.45222557761851,0.0411258236838189,0,0.70646504596525,1.91330131016477
poli1260,indo1319,2.7297693357334096,0.049260826723679006,0,2.6197432072525,1.88601428213427
popt1235,maya1287,-0.8563219508934459,0.05328964467413489,0,-0.39019813078,1.9359597278016851
port1285,aust1307,-1.557756777283887,0.046827668319780386,0,-0.951322902314,1.80991647129226
port1283,indo1319,1.663289078608401,0.023399139562763308,0,2.7084072818525,1.8489661334833452
phai1238,aust1305,-4.14056788088587,0.03592467905976581,0,-3.455555249535,1.898870771815125
puka1242,aust1307,-1.4326101530158728,0.03832929819916937,0,-1.1202142665807502,1.77916840574582
pula1263,atla1278,1.4866340573801329,0.027489961204152858,0,1.62372428784875,1.8439793611242399
pula1262,atla1278,1.6451958998920664,0.02514867391021991,0,1.6178960394725,1.847248068928745
pulu1242,aust1307,-1.0146046206920718,0.04063686075972346,0,-1.156865703183,1.798205709620695
puma1239,sino1245,-3.7443523889500043,0.0538586288826408,0,-3.5912177624824997,1.85528566527044
pume1238,pume1238,-2.204190685315698,0.03128550779284052,1,-1.480336729755,2.1058380190418147
pure1242,tara1323,0.8474335178997342,0.024687100337789234,0,-0.06412736401,2.0610097780189998
puri1258,sino1245,-1.8955606493787795,0.047137839834553795,0,-3.4915283943005,1.82257744929946
qanj1241,maya1287,-0.7932772043319893,0.05299365693870026,0,-0.39126753608625,1.93165920861484
qawa1238,kawe1237,-2.379095212762884,0.029826334984087276,0,-1.4872894527749998,2.1279029793747197
quer1236,otom1299,-1.5216404826274437,0.03393460956238395,0,-1.65251564166975,1.95166470794921
quio1240,otom1299,-1.8381674874445522,0.02869094084600012,0,-1.57092772251,1.96982255985698
rabh1238,sino1245,-2.372238507959615,0.053213616558785766,0,-3.5062159625650002,1.86414234129598
rade1240,aust1307,-3.2024835145753734,0.0464346912545418,0,-2.1867643170685,1.83697616187334
raji1240,sino1245,-2.34881467853611,0.06616279446018448,0,-3.9415416656750004,1.884477801662415
rama1270,chib1249,-0.6990308386881471,0.02760800195999593,0,-0.53279122959515,1.836959937927055
rata1244,aust1307,-2.2966648974019352,0.03550994795215804,0,-1.9864076176375,1.84584055033575
raut1239,sino1245,-2.3549711202969106,0.06896173143487955,0,-3.9369931884750002,1.885296071362455
reja1241,aust1307,-3.0284028100803835,0.049675847325443924,0,-2.1794542257850003,1.84220551235862
remb1250,aust1307,-2.9614400346689678,0.04879504483964245,0,-1.67299000857,1.843837065656715
rend1243,afro1255,0.9220708617647704,0.04034870819441397,0,1.7845311942475002,1.76406354061955
reng1252,aust1305,-4.078727460680627,0.04731362957757566,0,-3.49283392719,1.902204927905295
rere1240,aust1307,-1.699613822664681,0.05260567986830978,0,-1.13033575186175,1.799404034841265
reye1240,pano1259,-2.497919214303027,0.0431826715941508,0,-1.8139177304875,1.9267765623921451
rian1263,kolo1268,-1.7196291527025047,0.05139317882112425,0,-1.6420698855809999,2.093781962948235
beka1241,aust1307,-2.2430013417838084,0.030030398958852206,0,-1.69872403242,1.83018345923346
roma1326,indo1319,2.5191852593550634,0.042279376253288245,0,2.69832524372625,1.8703677281752151
romb1245,aust1307,-2.14202491722979,0.06507488954513806,0,-1.85885757131275,1.79293637546981
ronn1241,afro1255,1.163662372169182,0.04692641159489301,0,1.0350789802525,1.81719808177114
rong1266,sino1245,-2.571812082813794,0.03824274110896474,0,-4.0766177970725,1.883514500716815
rong1264,sino1245,-2.2469006420912763,0.05359959213449547,0,-3.6951944707275,1.85879463814258
roto1249,nort2933,0.9954222842046638,0.059752414946672536,0,-0.49938855551850003,2.126818158496215
rotu1241,aust1307,-0.5584444366626456,0.03734309027902185,0,-1.0190929722700002,1.795302148092685
rovi1238,aust1307,-0.23445810457742366,0.018950646855989083,0,-0.60834617430575,1.826338286643225
ruch1235,aust1305,-3.966785112968801,0.04777215582249651,0,-3.3060425691225,1.8875557540107102
ruka1240,aust1307,-1.209447537865676,0.03678389258462082,0,-1.29663247352375,1.89445072334893
ruma1248,aust1305,-3.7669422114785966,0.0409236232582283,0,-3.3057683171975,1.88799280835
rung1258,maba1274,0.08103458374889069,0.021859740714777226,0,-0.14448705862075,2.0341897928367754
rung1259,aust1307,-3.047327369345439,0.05121750989423294,0,-2.248760365360775,1.85111349120034
russ1264,mong1349,-0.6503293153756062,0.019647583781399143,0,-2.1653238560475,1.9205725585029252
russ1263,indo1319,2.0012415382237148,0.03966676455069107,0,2.62013205289625,1.890861968040125
rutu1240,nakh1245,0.5861506040962937,0.04123661111040091,0,0.3026267894737,1.9205152016140299
saaa1241,aust1307,-0.7151825411154683,0.040174817537032594,0,-1.62305604646,1.816403761961325
saaa1240,aust1307,-2.037879728146823,0.03990340253099143,0,-1.6432471201452499,1.822048095024035
saar1237,aust1307,-2.4566959007541396,0.04488828625887747,0,-1.84901232032525,1.91880560444172
saba1267,aust1307,-3.111690022733941,0.04952394562775899,0,-2.2295013099625,1.832889717147665
saba1268,namb1299,-2.5407480145635892,0.023270107612783215,0,-1.79779344910675,2.0610267531847697
saga1262,atla1278,3.3296256714237957,0.034910285445443626,0,2.6750637221474998,1.798859034142795
sais1237,aust1307,-1.5984893722910414,0.04505977257496279,0,-2.0502638894045,1.918583982631565
yaku1245,turk1311,-2.519624102036124,0.04972654880622331,0,-3.1018543202275,1.9710726624570252
saki1247,aust1307,-2.5621897601718837,0.03873139914391618,0,-1.994119631672,1.903482187498605
tsis1238,atla1278,0.617707645459989,0.03715420858565069,0,0.65112399075775,1.821620711356155
samb1311,atla1278,-1.2710338480995849,0.03386381055340339,0,0.681380357776775,1.8501340608718402
samb1305,atla1278,-1.3842280066930797,0.03663851801409692,0,-0.471563629654,1.7884464836270602
samo1305,aust1307,-0.5302027530546208,0.0395542385253765,0,-0.943501989785,1.775662419473805
sana1295,afro1255,1.4287015497594977,0.05141572973621852,0,2.973652302525,1.88327988718913
sanb1241,otom1299,-2.0513768016804845,0.037553488031948565,0,-1.158680738137,1.926162228284165
sanb1242,chib1249,0.4906166757847184,0.022880971924048515,0,-0.5644575317482501,1.8163163993817748
sand1278,huav1256,-1.7924082318921877,0.025878242462668108,0,-1.0323266052445002,2.08104840022646
sang1331,atla1278,2.3466826412453368,0.026488786133282097,0,2.435832079431,1.8083628991000351
sang1330,atla1278,2.889502830349846,0.025718458838058886,0,2.753632143725,1.78732211093031
sani1269,sino1245,-4.964072495655625,0.07303006609411743,0,-4.124120807715,1.89993815358678
sanm1301,otom1299,-1.2330461488150175,0.032884659082425466,0,-0.782083221895,1.91368601481769
sanm1295,otom1299,-1.5692566888688564,0.05472624639888708,0,-0.73600337217375,1.9364878661315852
sant1451,otom1299,-2.1406580519468674,0.044061724310986226,0,-1.05154471651475,1.926002921725705
sant1436,otom1299,-1.683592569962666,0.03415733841821405,0,-0.86201123563,1.937605028415105
sapo1253,aust1307,-0.5184352129109028,0.04281018101056293,0,-1.17243142707325,1.82801657828919
sapu1248,aust1305,-4.145663808851278,0.04990590367541446,0,-3.48994827399,1.905834608132135
sara1321,cent2225,-1.5005613972900436,0.04368260610607957,0,0.364528538861,1.73467803313863
sara1327,aust1307,-2.247103018326568,0.05624985675254345,0,-1.955754649088,1.8017532846160451
sars1236,atha1245,-0.6886300501935634,0.04661237372790683,0,-1.318247641518,1.894406568486175
sasa1249,aust1307,-2.8815332303189334,0.056600705549828205,0,-2.1652329631944998,1.83350118521012
sata1237,aust1307,-1.3791287406681314,0.05607208136318961,0,-1.2167626872025,1.7889392139756
saur1249,drav1251,-1.0134105348453333,0.022746979064711292,0,-1.933827533738,1.886736413873815
savo1255,savo1255,-1.034886237160625,0.018920379831693188,1,-1.623284441125,2.159830441479005
saya1246,afro1255,-0.6220918762154766,0.04420338732158723,0,1.23939126384775,1.81422133225024
seda1262,aust1305,-4.0843090755846205,0.04972768050276311,0,-3.498501303437,1.90054569397199
seim1238,aust1307,-1.654446970640646,0.04599788339475805,0,-1.5507869695835,1.8345521234544
seke1241,aust1307,-0.7214352528461068,0.04568062855589081,0,-1.6201741659932498,1.8075697816195548
sekp1241,atla1278,-0.4915031541445283,0.038817184137564575,0,-0.714143874857325,1.82254941871567
sela1259,aust1307,0.22970914960930633,0.044273826409322266,0,-1.20817057900875,1.8239342720535752
sela1260,aust1307,-2.0626834907179945,0.047932940183574566,0,-2.0951101408649997,1.83970431802234
sele1249,atla1278,-0.4941858518972916,0.03235133947647613,0,-0.7156744397225,1.82504190501715
selk1253,ural1272,-0.5426652496982824,0.0419881694090692,0,-0.586260893572,1.857788721590415
sema1266,aust1305,-3.316996900111359,0.05469417088782608,0,-3.1122869238797497,1.88415862874339
sema1265,aust1305,-3.349584925302312,0.054620821522605396,0,-3.263831626525,1.902569183400765
seme1247,aust1305,-3.3481163068343545,0.050514666098391454,0,-3.2641919603545,1.902474710163635
sene1264,iroq1247,-2.100177924532879,0.029728466749183637,0,-1.3499742875363,1.982575579960085
nucl1632,sent1261,-1.6761097694308045,0.04111924207701465,0,-1.21426208945725,2.1123115096525398
sout1528,indo1319,2.4995505360111174,0.04550491622382724,0,2.6125499304875,1.89625609926672
seri1257,seri1257,-0.5924959144866753,0.02116359997057722,1,-1.293838468058,2.069611116335695
seve1240,algi1248,0.7342834577232383,0.026072379149894565,0,0.14227596485475,1.865203250605085
sgaw1245,sino1245,-3.2299488786145254,0.055792089673203156,0,-3.93663245992,1.91543586501776
shab1252,shab1252,0.8019071781498632,0.04417858165933317,1,1.45697707282225,2.39479659700317
sham1280,atla1278,3.3610323551590833,0.03178787049848691,0,2.749648247105,1.77583150544798
shan1283,pano1259,-1.7954745861791745,0.048438026499349494,0,-2.175632165309,1.8922594560722201
shaw1249,algi1248,0.8980750716744723,0.027852793307324996,0,0.19872291314075002,1.89218861052038
shee1238,hmon1336,-3.3156500023179873,0.020409831305581428,0,-3.6623969275525,2.1574471218620097
shek1245,dizo1235,0.7943848839865824,0.045339403274012,0,1.2983713860725001,2.21949865870032
sher1257,sino1245,-2.427642921343704,0.04381424395666544,0,-3.879355490675,1.879357000788225
biao1253,taik1256,-3.3856290017676285,0.01997309226659751,0,-3.5222420413949997,2.13238546415951
shil1265,nilo1247,0.6682344909493598,0.0671445514270941,0,-0.14238535187524998,1.84037049269123
ship1254,pano1259,-1.9265325861247131,0.03151350808588509,0,-2.1622029516765,1.892398389603475
shix1238,sino1245,-3.072486530587608,0.04883652369492671,0,-4.13039836848,1.8845153031308501
shol1240,drav1251,-2.150472493108624,0.020149432135693944,0,-2.693158353455,1.865318422963285
shon1251,atla1278,2.4087086728558225,0.03499140054018602,0,2.43156793403175,1.77518931277773
shor1247,turk1311,-2.395940321220353,0.04661973958415613,0,-3.13683295404,1.9689074660928298
shos1248,utoa1244,0.27853831788197136,0.02076564858266527,0,-0.6226390712250001,1.847392772379145
shua1257,jiva1245,-3.2480609793568247,0.026988561803836564,0,-2.0394285402487,2.0157248412194146
shwe1236,aust1305,-3.8212903877220477,0.052609576474238445,0,-3.3047897024217496,1.882073866906405
siam1242,siam1242,-2.2303083296038655,0.033229352572248134,1,-1.068145971586,2.264687039530605
sich1238,sino1245,-4.742596441916986,0.05640682266092358,0,-4.123084940099,1.8877075606905098
sici1248,indo1319,2.4056427375508207,0.049829365885474944,0,2.687456974515,1.856558219414065
sici1249,atla1278,0.9127263723358046,0.03584115577543752,0,-0.485049328138325,1.78728729699768
sida1246,afro1255,1.1035225044271773,0.05607488693125976,0,1.244862147191,1.802001459864375
siee1239,aust1307,-0.43011242411069883,0.028078576182863933,0,-1.28402110932975,1.8134770192843899
sier1250,otom1299,-1.8984163643510166,0.04336440029422883,0,-1.1326333277142502,1.931695187978335
sier1248,utoa1244,0.8763756802500462,0.027540723694995873,0,0.0394827206285,1.8275302289153101
sika1261,aust1307,-1.9962023806564753,0.03967826307514341,0,-1.2218423415047002,1.782975077356495
siks1238,algi1248,0.5251086338325126,0.026656981896560256,0,-0.025673335329749997,1.874917192804485
siku1242,aust1307,-1.6377988932937828,0.036515505433716504,0,-2.1239675586519997,1.83010803345902
sina1266,aust1307,0.24919234955449293,0.04293361033922339,0,-0.5325874075885,1.80253761321103
sini1242,mand1469,-1.3038760847479867,0.03865941538636068,0,-2.18501805276785,1.884780244779885
sioo1240,aust1307,-0.8245061636463208,0.04221513391128468,0,-1.0173802081724999,1.81375578371317
siri1274,tuca1253,0.9074077832801182,0.016036154556179228,0,-0.06217110303625,1.958226648579005
siri1273,tupi1275,-1.3122557892635187,0.034436040574180975,0,-0.688703608785,1.89518622338852
sile1255,nucl1709,-2.526780906591318,0.08730685329722078,0,-2.3830743558655003,2.0004970390310053
situ1238,sino1245,-3.107946149772653,0.04632129527684593,0,-4.1180445443825,1.889311831468935
siwi1239,afro1255,2.7198006803889903,0.046186882900087656,0,1.2628284745397251,1.869120877734215
siwu1238,atla1278,-0.33058618118952726,0.061877070331010635,0,-0.70117408048425,1.82967320968104
skol1241,ural1272,0.21944752252289906,0.03989191079816707,0,-0.258104968386,1.78197501111009
slov1268,indo1319,2.526413606840335,0.04228093434752102,0,2.61197965507675,1.88445058925715
sooo1254,aust1305,-4.213070684630608,0.07179706665211076,0,-3.4382975263424997,1.903243602948195
sobe1238,aust1307,-0.23070244575157828,0.019357096886754372,0,-0.8116011643907499,1.826689907521215
soch1239,otom1299,-1.7843813891807332,0.024695980227800996,0,-1.57061072974925,1.980246850802045
soga1242,atla1278,2.9080705638595408,0.05436989869333526,0,2.69231369345,1.78650555984873
soli1239,atla1278,2.3777535923675233,0.04317244213210841,0,2.44541782281525,1.775099800517925
soma1255,afro1255,2.084630462748332,0.048034536409730905,0,1.7518222668924999,1.78191803733727
soni1259,mand1469,-0.6856899069712485,0.036270381528304,0,-2.1914894853406,1.883810274600465
sons1242,aust1307,-1.9903218991652039,0.033242342913656305,0,-1.2530629227521999,1.791279402655015
sora1254,aust1305,-1.8486160955193947,0.056528436522911674,0,-3.70148253779775,1.901583012882285
mani1235,east1459,-1.548478538296643,0.04331734071344831,0,-1.413915425405,2.12328668970955
koon1244,atla1278,2.10180857878641,0.03239380734514758,0,2.3872399587245,1.80548186314945
sout2859,aust1307,-1.720541084438715,0.030939426368027222,0,-1.55566917115575,1.810177723693595
juho1239,kxaa1236,0.7610594208787815,0.030590897533812382,0,-0.19485772579299998,2.0521871036804553
sout2976,utoa1244,-1.3152808252814219,0.024725428906350964,0,-0.38307545384575004,1.82761552769023
sout2856,aust1307,-0.6388053413584098,0.04281293908725398,0,-1.572674892053025,1.800840904436975
sout2954,japo1237,-3.1410140601072536,0.03555752131638726,0,-2.8907461750900003,2.07356437710009
sout2996,ayma1253,0.0961223655773488,0.019650171833606452,0,-1.0305795355885001,1.97455235900505
sout2730,sino1245,-4.714680935631421,0.0675894916860524,0,-3.8840532059275,1.90643043307493
raro1241,aust1307,-1.4982404117308705,0.038204085259285654,0,-1.26937484791,1.7762204058247049
sout2826,krua1234,0.45428920824510344,0.0375981900487944,0,-0.035634440655,1.8518767001261551
sout3236,gumu1250,-0.5808556956821374,0.027461908096927865,0,-1.2747423776437499,2.10463023834734
sout2956,haid1248,-1.6331863728144789,0.019704474109901327,0,-1.2808044543025,2.08740165191502
kach1280,sino1245,-4.345151371345065,0.04004086458686136,0,-3.1606919887,1.862779113293155
sout2994,namb1299,-0.7234839777317429,0.009359815529738698,0,-1.8703549689174999,2.0575252282123753
sout2649,indo1319,1.5959037469978024,0.04422012859488904,0,1.498979600466875,1.88018344523479
sout2729,sino1245,-4.568786319038239,0.037803371977541855,0,-4.1428330427725,1.886436141433425
sout2728,sino1245,-3.1436497410143343,0.03788105693979756,0,-4.154011526834999,1.88235742885096
sout2918,aust1307,-2.927727464916827,0.04977292230772594,0,-2.150412699305,1.84586673559869
sout2985,miwo1274,-1.0942688869581407,0.0181037751110221,0,-1.4888600582637501,2.02827500810438
sout2807,atla1278,1.7432635972003456,0.04256704682004141,0,2.275736222389,1.746714633950385
khan1277,sino1245,-2.491387929099438,0.042283355114794245,0,-4.0918806518,1.884411359173735
sout2797,atla1278,1.0175139136751106,0.04881846292217201,0,0.4224039295945,1.814336432950215
sout2679,ural1272,1.2420726296584879,0.0436945874813754,0,0.206513517922475,1.79824872628325
sout2782,atla1278,-1.6567907102377726,0.06609509275738695,0,-0.31120306324525004,1.86538151110744
sout2895,aust1307,0.0097445414169469,0.0244257391195557,0,-1.2208104331318,1.8237788326297348
sout2674,ural1272,-1.0632360237469352,0.05005772369930977,0,-0.21731898792499998,1.766001525686155
sout2959,atha1245,-1.7094408421878728,0.034984653593337044,0,-1.2742543338622498,1.8852889380889901
para1301,aust1305,-3.9757651776123604,0.041676713427539216,0,-3.29605545236,1.889142936362555
sout3261,nakh1245,0.6773467366340495,0.03327609696882003,0,0.711330066043,1.94101388000788
sout2869,aust1307,-1.416095167312374,0.04153673079395191,0,-1.02882799549675,1.80716516607852
stan1318,afro1255,2.003623544028632,0.028653929150242712,0,2.9776188403175,1.87056703444448
indo1316,aust1307,-2.1553590013876667,0.05273803816811278,0,-2.3087333510450003,1.81176946822796
stan1306,aust1307,-2.617140735175756,0.06678489806084527,0,-2.3090686025775,1.8103224657702301
horp1239,sino1245,-4.527185361905152,0.04112690093456002,0,-4.109541371719249,1.8949715048853601
suba1238,atla1278,3.1108603675865325,0.029758618884091488,0,2.6824722098675,1.77847362946851
sude1239,aust1307,-0.43830434659689776,0.042067287302893455,0,-0.563268193771,1.80972095555512
suku1259,atla1278,0.10581291152572445,0.02657537363551262,0,2.15562840605775,1.77982537465008
suku1261,atla1278,3.083596459734704,0.040650643186770405,0,2.674710312845,1.793158045106285
sumi1235,sino1245,-3.9051709437916715,0.05008108375132215,0,-4.0559615213,1.892252757091895
sund1252,aust1307,-1.7412333978014134,0.052321205422822196,0,-1.70297458300025,1.821262075425605
mari1426,aust1307,-1.7352778044947952,0.04606847321082275,0,-1.34268391972775,1.810223646548355
sunw1242,sino1245,-2.419012959963525,0.05841971056817874,0,-3.62971560988,1.853553858079695
supy1237,atla1278,0.9550477122950086,0.035686156754733404,0,-0.453361864959,1.7854106791239501
surg1248,ural1272,-0.7140555693159403,0.038471342048466674,0,-0.77084530650475,1.8733377563102
surs1246,aust1307,-1.2399338078709623,0.01144077146267098,0,-1.22067288599555,1.83458121284676
swah1253,atla1278,3.1825708400270942,0.02332148348247843,0,2.76323533581,1.78984759744434
swed1254,indo1319,2.9626619124015376,0.048260255305230725,0,2.5808888023565,1.89415977458119
taba1263,nort2923,-1.745779443583564,0.04940021094552027,0,-1.39031716321935,1.9935499379543749
tabo1241,tabo1241,-0.2876336799072292,0.050460433511368724,1,-0.027635199727099997,2.1153266212695554
tafi1243,atla1278,-0.3984900898277767,0.048514686168314565,0,-0.71897551452825,1.858555171127825
taga1272,aust1307,-2.321184451223922,0.05749363906401815,0,-1.950081353392,1.80874621777804
taga1273,aust1307,-3.147574419492363,0.04425924238008491,0,-2.19551094898,1.8466246167787501
tagi1241,sino1245,-3.728520546899274,0.07613024064695909,0,-4.0304909556999995,1.896978447109055
tago1246,rash1249,1.7865027920035113,0.029932817268488423,0,1.2103388395057,2.230409760495955
tagw1240,atla1278,0.9630937805373668,0.0562323204488908,0,-0.37491857105325,1.798230156539915
taha1241,afro1255,1.6865090631813864,0.021556189553809377,0,1.3788739707855,1.8799385110459101
tahi1242,aust1307,-0.9377522584666076,0.037417197222403005,0,-1.150436947409,1.770399782507605
taia1239,taia1239,-1.7247514722993198,0.06853714132048544,1,-1.550462007387,2.1334762035090247
taji1246,aust1307,-3.137435341655972,0.06299969818277663,0,-2.19518879534675,1.84662412636069
tali1259,aust1307,-1.7976618806156253,0.04051421297255312,0,-1.5832715297050002,1.829553613026715
tama1331,tama1329,1.7837630790074754,0.03102584110901124,0,1.34957773663875,2.20135851528033
malo1243,aust1307,-1.8294069362561487,0.04748206154065556,0,-1.187531958010275,1.80348800602001
tama1365,afro1255,1.1829405943533633,0.040083494123624136,0,1.4122072718845,1.8790100926963849
tamb1254,aust1307,-3.0895572340566733,0.05098504198133536,0,-2.26268487333,1.8315907319856302
tami1290,aust1307,0.3708150418178361,0.03997454261559717,0,-1.0903907749275001,1.8038748258964201
tami1289,drav1251,-2.1123852559942002,0.020507311904735138,0,-2.7454535025449998,1.849325372078815
tane1237,aust1307,-1.8706965026897364,0.011615002351201137,0,-1.50328914959,1.832204491675765
tang1377,sino1245,-3.7499578936502003,0.04879384238119727,0,-4.022291527170999,1.903760219458575
tang1348,aust1307,-1.1210533742774298,0.05015058255598842,0,-1.2334454828424999,1.8280047139462
tang1373,sino1245,-2.978541179462523,0.05208546602994893,0,-3.7529628074175,1.891152912202005
tara1313,sino1245,-2.6527659887541706,0.04452936094395802,0,-3.7271511081575,1.880646159214515
tari1256,araw1281,-0.35673066837929024,0.03407219027965286,0,-1.331839937282,1.925584117864185
tari1263,afro1255,1.3580246819744017,0.049118842962621805,0,1.17275695043,1.87870428511685
tata1258,otom1299,-1.861569825375064,0.02534468621987664,0,-1.186859811985,1.92496860955525
tata1255,turk1311,-2.28017192774617,0.053284912616384315,0,-3.0934106302092497,1.98441643009189
taul1251,taul1250,-1.3773767731337108,0.05914705152677627,0,-1.383380631549,2.1709335099982248
taus1253,taus1253,-2.7956731107382753,0.04591694230309173,1,-1.503555756331,2.101757653330205
taus1251,aust1307,-2.008337039895318,0.06520094820969767,0,-1.838793710875,1.78705568495354
tawa1286,afro1255,1.2615604461044319,0.04786527557702817,0,1.414957609155,1.88032403984817
diga1241,sino1245,-2.541483078962147,0.051478197743184295,0,-4.020445603824999,1.890236749544405
tbol1240,aust1307,-2.3704469222208195,0.04804908535605113,0,-1.83630545795975,1.8196828268079548
tean1237,aust1307,-1.8746462911949546,0.038633278427223534,0,-1.5116613123425,1.8362358781129702
teda1241,saha1256,0.30490422903209047,0.023620276965066214,0,-0.032284202371,1.9307787695697
tedi1235,sino1245,-2.7102808529041984,0.04434772118425371,0,-3.91353032580875,1.872197449095815
tega1236,rash1249,1.7630081392191346,0.02900188053374681,0,1.212520421134,2.225688187960345
tekt1235,maya1287,-0.9684129133295146,0.04271647483669937,0,-0.28568700462749996,1.9423424962737799
telu1262,drav1251,-1.3466726388506425,0.02717101942055061,0,-2.4399669786855,1.831779889627755
temi1246,aust1305,-1.737499392620123,0.030275028376032333,0,-3.0574640468425,1.881850230331465
temo1245,otom1299,-1.4347714463591867,0.022166489382470907,0,-1.624886058193,1.95806440582475
temp1235,aust1307,-3.0574838790018735,0.048709245645096766,0,-2.2641655656575,1.833781990519485
teng1272,aust1307,-2.48585267804507,0.05355612651468927,0,-2.0577648065507503,1.846319483847065
tene1248,dogo1299,-0.1952293099822111,0.03683490842981726,0,-0.089628276571,2.01921213808433
tenn1246,surm1244,1.2702129839347982,0.04896593515739453,0,0.9312140219209999,1.94598429124228
teop1238,aust1307,-0.35293008512394464,0.04584745092201602,0,-0.89806931460725,1.836373851161505
tera1251,afro1255,1.32560021648152,0.0467653586767789,0,1.07217015218575,1.80628894905177
tere1279,araw1281,-1.893241968974488,0.02544379068772195,0,-1.8189332868074999,1.9434499389995001
teri1250,chib1249,0.4016523300488104,0.021578633317316916,0,-0.5869603880575001,1.828698158838845
tern1247,nort2923,-1.7567676701400736,0.04525315707102662,0,-1.416946544105,2.009039119397745
tezo1238,otom1299,-1.515420983332246,0.03742282663496283,0,-0.8608427732929,1.9305470588849252
thad1238,sino1245,-2.673529347571179,0.03738555734455031,0,-3.9190606557049996,1.86645723089897
thak1245,sino1245,-2.111577980755543,0.05048700071099914,0,-3.2732707818,1.819326493059715
than1259,sino1245,-2.3142707755949714,0.04238287155321792,0,-3.6946019491425,1.8541775577901451
thao1240,aust1307,-2.55284686704798,0.03383813299523701,0,-1.96192999951125,1.942507567625835
thar1283,atla1278,3.0001699242234343,0.031030187496762375,0,2.6908777588735,1.78460120847513
aheu1239,aust1305,-4.199846307464945,0.04826735032394294,0,-3.4486713088774996,1.91961462099777
thul1246,sino1245,-2.275834450482037,0.06218910546220826,0,-3.63090276765325,1.857501008032335
tibe1274,atla1278,0.9981163432204726,0.027748042989027517,0,1.37016551557175,1.807234850075075
tibe1272,sino1245,-3.7487700959331054,0.05329867115488733,0,-3.4323591314525004,1.827934591345975
tief1242,atla1278,0.9322597746219821,0.04124168993937635,0,0.18874661891875,1.8016248967204849
tief1244,atla1278,0.9037443630460706,0.04011776373306005,0,0.0613581743865,1.80362394563071
tien1242,atla1278,2.1124919852819297,0.03421778423704757,0,2.467775239675,1.81449599628815
tiga1245,aust1307,-1.5282859269191271,0.042243615593635826,0,-1.38436267861475,1.83936104308885
tigo1236,atla1278,1.053124896603873,0.062124449323130625,0,0.4964751790125,1.8066129223307699
tika1246,atla1278,1.0002532390079029,0.030250652078353236,0,0.8064548366962501,1.849778844101165
tiko1237,aust1307,-1.7219647013810864,0.011203446105432445,0,-1.2366609182969999,1.788686345792555
tilu1238,sino1245,-2.392982575496143,0.06392920602723143,0,-3.6228426354275003,1.85666093379388
tima1241,katl1246,1.6689063553790635,0.03367620568290006,0,0.973664881721,2.21365717273901
timn1235,atla1278,1.8785316259827398,0.0757494879364917,0,1.75849897418425,1.8118635896279
timu1262,aust1307,-3.144020153676614,0.04485625160136311,0,-2.1991603744579997,1.8467076711258752
tina1248,aust1307,-0.802389213231148,0.08917156945160658,0,-1.53799884365,1.81182122471192
tira1254,heib1242,1.8717269726524588,0.022223312297458848,0,1.39588922755625,2.199286859400055
maee1241,aust1307,-1.8180360129088171,0.04273079119221805,0,-1.4077156757832499,1.7987688747025499
tiri1258,aust1307,-2.3326083371787485,0.04319935642490965,0,-1.5873264670023248,1.82893646805599
tiru1241,aust1307,-1.3644637350883853,0.03477143371688113,0,-1.85016758228575,1.82735086892856
tita1241,aust1307,-1.7055735875369349,0.05147132366180386,0,-1.62889026581,1.8317894428777999
tivv1240,atla1278,0.8120978949912,0.029443297229378145,0,1.4804099215035,1.879670604156205
toab1237,aust1307,-1.8299786195552215,0.014578100966898995,0,-1.67443128464025,1.81799937223752
toar1246,nucl1580,-1.2140760040699883,0.0743878822729089,0,-1.67823120560475,2.092827939289195
toba1268,leng1261,0.7740262490601724,0.04506305380549534,0,-0.70509858562675,2.025768535897575
tobe1252,nort2923,-1.6242110687629099,0.03950552912530314,0,-1.40644236845475,1.9983775245854352
toda1252,drav1251,-2.2049060261945517,0.01409672279179085,0,-2.7012058561025,1.8524709504975698
toho1245,utoa1244,-0.9142799557774983,0.03836180848158709,0,-0.201612529795,1.823131573676965
tojo1241,maya1287,0.7552600003589702,0.03649712303885511,0,0.07637133636599999,1.943183481515875
toke1240,aust1307,-1.1044112502881172,0.03925885274377453,0,-0.98541816154075,1.7732482316303049
tolo1255,aust1307,-1.8568098293593684,0.03915359493032152,0,-1.42829514460225,1.8181101403653899
toma1245,mand1469,-0.7962742831437835,0.030529487504295526,0,-2.0988008926817496,1.86623073096403
tomb1244,aust1307,-3.0985800906494347,0.06982816109018171,0,-2.218863846644025,1.851439960674855
tomm1242,dogo1299,-0.26556622638997107,0.047587271517393115,0,-0.190627048552,2.0395205282753697
tond1249,song1307,-1.4080484221008904,0.033426911681906944,0,-2.40382356413925,1.99336965373261
tong1325,aust1307,-0.6054852485214316,0.030006664778595957,0,-0.9942153216325,1.785352634041335
tong1318,atla1278,2.2811699390901277,0.025224063156015112,0,2.45636039726375,1.775011637305415
toor1238,atla1278,2.338999143932017,0.0275818544107221,0,2.70775884093,1.7843520030817799
tora1259,aust1307,-0.2516611704517647,0.024681665008771985,0,-0.921498609175,1.8181248014833349
tote1238,atla1278,2.1843091164626776,0.03536990303115471,0,2.4437736623,1.776132162365185
toto1302,sino1245,-2.3110328215434204,0.04295665465759717,0,-3.9118709064075,1.8919943995707649
trio1238,cari1283,-0.7591649399150605,0.01970949141513206,0,-1.52525813319725,1.90810117140953
trum1247,trum1247,-2.20053386219387,0.030214161839321966,1,-1.48718344434275,2.11383268969157
colo1256,barb1265,-1.466295686686729,0.021279257224907314,0,-1.69668826154075,2.026713272694835
tsam1247,afro1255,-0.0872435834206561,0.039473046817178434,0,1.8408213620437501,1.77654247933436
tsat1238,aust1307,-3.294548531840728,0.044233518795940514,0,-2.1788410433325,1.835870523688475
dido1241,nakh1245,0.9301614161837669,0.0209290687162186,0,0.862015155563,1.9376013854609648
tsha1245,sino1245,-2.3877225426323503,0.05150758256372721,0,-3.5535356894675,1.83748686744194
tsix1234,khoe1240,0.3486995040512389,0.03634507764930913,0,-0.64370349366875,1.986013694893235
tsog1243,atla1278,1.3761742257273326,0.04186028978000642,0,1.508935856795,1.817432143493035
tson1249,atla1278,-0.20186942843404548,0.03370823980211194,0,2.1764403381925,1.7557411382349102
tswa1255,atla1278,1.802486296401617,0.03877624393392478,0,2.2166624667205,1.760636539906665
tswa1253,atla1278,1.9029457853508904,0.04439977241705659,0,2.31199945708675,1.7535114131412999
tuba1278,utoa1244,0.06656558929263685,0.0291987086296927,0,-0.7416262462782499,1.832353948660125
tuge1241,nilo1247,1.6869577271861462,0.042584254124401075,0,0.738158807970575,1.90939251372678
tugu1245,aust1307,-1.1668373238284158,0.047402251676536084,0,-1.6252998048625,1.84333018871627
tuka1248,aust1307,-2.7334241192371698,0.051351819633131554,0,-2.1692656320953247,1.8496881110838999
tuki1240,atla1278,1.2014150325146071,0.03362229793488164,0,2.2809549642375,1.8281132944427
tula1252,atla1278,0.9274625742058229,0.03013151617975415,0,0.5015670244875,1.788063975891545
tulu1258,drav1251,-1.9318399081422264,0.020927680895751234,0,-2.5968298536125003,1.888862102185405
tumu1242,atla1278,0.7146200525850308,0.036454868926333886,0,0.43065761658699997,1.790708095292135
nene1249,ural1272,0.0216509611867781,0.03884639530387348,0,-0.3967598592105,1.884455076189905
tune1261,atla1278,1.2043555765020098,0.0197359212350381,0,2.2944501811949998,1.8277297181929701
tung1290,aust1307,-1.5235933275392037,0.04162811349297633,0,-1.39089500015275,1.8243903959457501
tunn1238,afro1255,2.5918928706423756,0.03806347707317336,0,1.7605512651375,1.773068984125865
turk1308,nilo1247,0.7198521198965513,0.052748600838155496,0,0.54805782979275,1.93124007636222
turk1303,turk1311,-2.2888993964975572,0.06550272821590843,0,-3.0966949022534997,1.97730105102654
nucl1301,turk1311,-1.6044286106525822,0.041425105305733796,0,-3.1203978034275,1.980494524113905
turk1304,turk1311,-2.5186391355725988,0.04465254800318322,0,-3.1127238628675,1.9823418963214299
tusc1257,iroq1247,-0.7410247120183748,0.022392696742719567,0,-1.43294922290675,1.9805805090498398
tutu1241,aust1307,-1.8026614121743112,0.05444527178056989,0,-1.145157376842,1.805748699229035
tuva1244,aust1307,-0.47463043382256587,0.0237670966543881,0,-0.93437717399,1.7715239256450501
tuvi1240,turk1311,-2.3507965338276606,0.044045525931649475,0,-3.1064317035025,1.970861704014355
tuwa1243,aust1307,-1.7446361776754133,0.04756068666842675,0,-1.5020635168704999,1.812009751647295
tuwu1238,atla1278,-0.41665128148830827,0.03974562650048322,0,-0.6758614050825,1.8536109711531599
uuuu1243,aust1305,-4.180206942679112,0.04471367947256659,0,-3.30788101547075,1.89168432239995
ubir1237,aust1307,0.13554283089534835,0.04663213602519706,0,-0.9125745361075,1.812608923772315
udih1248,tung1282,-0.3997906114913906,0.020970984788278683,0,-1.5017286918955,1.88337300635891
uduk1239,koma1264,0.7086664117995165,0.03632550303132036,0,0.1754539293615,2.1220542974174297
ughe1237,aust1307,-0.26003706046646,0.04163283357222193,0,-0.7060390159957499,1.83136262529806
ugon1239,sino1245,-4.660290679016329,0.05595520877033212,0,-4.082587443866499,1.911383574895835
ukra1253,indo1319,2.523199495923013,0.04065564821957809,0,2.6241565481525,1.890144704888395
ulch1241,tung1282,-1.1088855947464165,0.01795723744101756,0,-1.6282995649125,1.8943822386994151
ulit1238,aust1307,-1.8643625876032046,0.044312435448816356,0,-1.2564502309385,1.792169921212695
ulwa1239,misu1242,-1.075242725434117,0.03921195633500021,0,-0.57932520747575,1.9629774465472951
yaul1241,kera1258,-0.9541512204775038,0.05508775549165591,0,-1.4616156246825,2.088177818943425
umbu1257,atla1278,0.5858078368341478,0.03505866824290155,0,2.59123888283,1.79525782567713
umbu1258,nucl1709,-1.6279468528342855,0.07194891569893444,0,-2.0057731264075,1.987263072049015
umes1235,ural1272,0.45537959757253266,0.04457339841730103,0,-0.2345591225165,1.7725469086440748
unua1237,aust1307,-1.5868301350762262,0.045597787068883615,0,-1.06105418043025,1.802147965787305
uppe1275,toto1251,1.5070945974488923,0.016348636036753454,0,0.071651699184,1.9903240978116798
urak1238,aust1307,-3.0041354393891693,0.0546161277885205,0,-2.3007869612012497,1.809444839954335
urar1246,urar1246,-0.25981307497490125,0.019495749988217403,1,-0.6116866402700001,2.00675359267465
urav1235,aust1307,-0.32585505504452195,0.04633770693340418,0,-1.1769583719422498,1.809770381643735
urim1252,nucl1708,0.45123142836514296,0.06498414635913106,0,0.7230213250919,2.0393421018341753
urip1239,aust1307,-1.8008196437391428,0.047890637176299954,0,-1.2951102329142001,1.8114382523598151
urni1239,giim1238,-1.4383784699767577,0.0592988998435585,0,-1.528261237755,2.126539621877485
utes1238,utoa1244,-0.28272197789142856,0.023702367388452154,0,-0.83618562227,1.8451926418660651
kagf1238,atla1278,0.7836199289001657,0.03694628646814618,0,0.6676004330834999,1.82597762765079
pile1238,aust1307,-1.8658421782080121,0.03390119350077129,0,-1.252223298009,1.7706764524170802
veps1250,ural1272,1.0369701015941633,0.04937517191889251,0,0.5221410240375,1.773055425833155
vera1241,aust1307,-1.764547811146568,0.043909015165211035,0,-1.3101826464459,1.812239862791355
viem1243,atla1278,1.0136837876531044,0.04396385148583985,0,0.44338073920404997,1.81306348340711
voti1245,ural1272,1.2351886698017684,0.029000880719701475,0,0.3898465683225,1.782620362459715
vunj1238,atla1278,3.377535713476165,0.035775821329435166,0,2.6710883023700003,1.798991257217995
vure1239,aust1307,-1.7597589663430928,0.033582986251939555,0,-1.2773084282862501,1.814345403263435
vwan1235,atla1278,2.828191253271311,0.02728704285091413,0,2.75371056172525,1.78475050126364
wadj1254,wadj1254,-1.3538319192394417,0.0676695416823255,1,-1.6307258685455,2.1145099792417
waga1260,pama1250,-0.8448520678738213,0.0474589159633214,0,-2.1263426597252497,1.991808550561875
wage1238,wage1238,-1.4640688868569014,0.04089316214499829,1,-1.4921508025395,2.169731216752715
waig1244,aust1307,-1.3644130053488432,0.04873723876402889,0,-1.4806187896198,1.8418695483177552
waim1251,aust1307,0.7648465222356089,0.04404416459453055,0,-0.60564618335475,1.801318457492385
waim1252,aust1307,-2.2579424989327537,0.053282376756428294,0,-1.61430758278275,1.8398385411167
waim1253,cari1283,-2.2902700564133394,0.030870380588746905,0,-1.53072282955825,1.91712886160049
waiw1244,cari1283,-2.316790578497292,0.025307854480930765,0,-1.5302200877824998,1.9298676573410551
waja1259,atla1278,0.9125485330862713,0.030144228087653685,0,0.4975278334695,1.793545793717625
wala1266,aust1307,-1.9182553963076967,0.04558050099832298,0,-1.6570133261789999,1.82104758952908
wamb1257,sino1245,-3.930119739323797,0.06779530205000553,0,-3.6172076926125003,1.849406944548285
wann1242,mand1469,-1.1571803487495842,0.034344434587969194,0,-2.04267824738,1.8723507161478299
wand1278,afro1255,1.1271695077797412,0.04132981723656173,0,1.3295049427249999,1.8006639606941799
wand1267,aust1307,-0.01355796545641285,0.045125798568738176,0,-1.1766327313575,1.84685745585969
wanm1242,pama1250,-0.35031546471571695,0.03725287134385258,0,-1.4788195749580249,1.937430532955615
saka1289,aust1307,-1.6746356675197065,0.04146597561485812,0,-1.02741626539125,1.8041468488898849
waor1240,waor1240,-0.17870765981216657,0.029497262593103524,1,-0.57065875486675,2.02962390073179
wara1303,wara1303,-0.7805920189776273,0.02830192809346626,1,-1.7442521207825,2.07201401437574
ward1246,yang1287,-0.4962849676643777,0.03449460285085024,0,-1.8529412289090001,2.168908297835685
ware1255,araw1281,-2.1684905410211464,0.05156534106598066,0,-1.4071131898165,1.9335914398482998
ware1253,aust1307,-0.4478313367144051,0.01140310542993469,0,-1.5953514632715,1.8569045658540348
wari1268,chap1271,-0.7347914393714141,0.026741315347877038,0,-0.39671891762775,2.0219074181145897
warj1242,aust1305,-3.012293875533385,0.05422154541001483,0,-3.073828555855,1.8872502994558151
waru1265,pama1250,-2.207554199291746,0.035994840000310335,0,-1.8604887339125,1.958136390103625
wawa1246,atla1278,0.7962881156680883,0.03293292253226565,0,0.72551453419225,1.85304091477638
waya1269,cari1283,-2.365553828268262,0.035984444513477216,0,-1.3914224829725002,1.895315240115775
wayu1241,sino1245,-3.892244575538493,0.047243082175712645,0,-3.628767159465,1.851877531983705
weda1241,aust1307,0.18889995945178079,0.0209389079702701,0,-0.69247100804025,1.8185305510646699
wels1247,indo1319,2.093599282655359,0.043458075244262505,0,2.023977681945,1.876577474596925
weri1253,kuni1270,-0.4008560726320712,0.04745326674236739,0,-1.481072354627,1.9750084585349
west2564,aust1307,-3.072999924822469,0.037340072608585184,0,-2.1807107767074996,1.861478822463845
west2560,aust1307,-3.0690642634472445,0.05143345692059828,0,-2.12781797521875,1.84890775245147
west2548,aust1307,-1.6256001584470687,0.05138977313024207,0,-1.52615120628525,1.85294568786831
west2615,atha1245,-2.3027800743030644,0.03523977612007827,0,-1.42195137136725,1.896202034181445
west2441,pama1250,-0.4255075913876266,0.056625017324158027,0,-1.4999913686777502,1.95338454543711
west2397,aust1305,-4.2062111222996,0.04911171173509601,0,-3.4339622731699997,1.90328237337501
west2618,eski1264,-0.35834915589778293,0.014090138251620825,0,-1.09464569020775,1.9711543280391801
west2650,aust1307,-3.3015340014184593,0.042898422834055205,0,-2.160710108005,1.830761444165425
west2594,nucl1709,-2.011563211120995,0.08025470282523496,0,-1.2013790332549998,1.975350935191395
west2778,utoa1244,0.27233092673697656,0.019314060073425628,0,0.108834114494675,1.821968411050805
west2369,indo1319,1.249868257220741,0.041330070173638905,0,1.19729919242875,1.856691335944205
west2519,aust1307,-1.2380294920267079,0.04805131296208066,0,-1.192513620218,1.8050549613248
west2354,indo1319,2.517549988594033,0.05374050357692299,0,2.554589427251,1.877394866517555
west2644,otom1299,-1.9258223503801652,0.022657211955985843,0,-1.20237912157025,1.9236888862827501
west2624,utoa1244,1.0297467116772334,0.037813053827383696,0,-0.0262637231625,1.82494635134643
west2466,atla1278,1.023287804565295,0.05676211076173056,0,-0.596248757825325,1.7961606747345948
west2632,kere1287,-2.177453397576671,0.041826396361140925,0,-0.9016967647139,2.0648225650230048
west2396,aust1305,-4.082505615013988,0.047891900635565934,0,-3.3030237202775,1.8927968850698051
west2418,sino1245,-2.381175011204747,0.04753248820189245,0,-3.6687209057025,1.8704609303710251
west2392,ural1272,-0.46222123275568516,0.04742234909009564,0,-0.5619350671259999,1.8509012240065301
west2763,afro1255,2.1480822380969964,0.045352001236589626,0,2.9253456300175,1.88818923530579
west2386,indo1319,1.658614229251535,0.056703571729148604,0,1.7772898034275,1.8519862740010749
west2557,aust1307,-1.1245293830818854,0.0532630984662517,0,-1.738539934515,1.810919283867745
west2415,sino1245,-2.3861449098259753,0.048563469652501384,0,-3.3988548904374998,1.83513690958747
sanj1284,otom1299,-1.897528265980338,0.0544815245097843,0,-1.02094866953525,1.915936756014455
west2430,hmon1336,-3.6372101714656146,0.012813242246223438,0,-3.6609170243625,2.14297703870302
west2600,nort2923,-1.6798045384139044,0.04437090241703294,0,-1.46071298098225,2.0275725920072203
saka1291,aust1307,-1.368862815531159,0.045973966721410686,0,-2.097452640455,1.828410690764465
west2538,aust1307,-0.4473999793041864,0.05120243707579221,0,-1.0229162329569998,1.831746546793485
west2516,aust1307,-2.1737160409956617,0.03744638021567009,0,-1.2642104686217501,1.777109030357035
whit1269,aust1307,-1.2722499304261816,0.04195274084925298,0,-0.84879225193775,1.812899100601635
wikm1247,pama1250,-1.9155340449842062,0.05804620075546442,0,-2.087252388137,1.9938083139906
wiru1244,wiru1244,-0.9454858139632012,0.037896894359243385,1,-1.43372145629725,2.12825393657252
babi1235,atha1245,0.1220688718988922,0.04535767184724095,0,-1.1112620740849999,1.886110851723235
woii1237,aust1307,-0.41841874831097536,0.03957997026414838,0,-1.2767395654325,1.8431578591174
wola1253,afro1255,1.3081010683433962,0.040514269258490596,0,2.5990257261,1.928740637636375
wola1242,gong1255,-1.0638277082743866,0.05794023279764288,0,-0.921525486307222,1.83430142364226
woli1241,aust1307,-1.9791478746930078,0.056226614093299716,0,-2.2188746318324997,1.847855684125535
nucl1347,atla1278,1.1960529614758002,0.043078841713918924,0,1.15820640001365,1.83707254045025
wood1236,algi1248,1.2297419551948585,0.03134414793325962,0,0.365035721438675,1.894600228407375
wotu1240,aust1307,-3.070794521769343,0.0590383119029089,0,-2.21027790255725,1.85486725856431
woun1238,choc1280,-1.3045815622824768,0.026563323721728375,0,-0.56175371681175,1.92238573401111
wuch1236,sino1245,-4.243323958201628,0.05714954478259085,0,-3.73493686505,1.901622792651985
wudi1238,sino1245,-4.7579394808310305,0.05060418207664209,0,-4.130907797075,1.8928681199359851
wuna1249,worr1236,-0.6725658315244597,0.02948710034004761,0,-0.13262025476425,2.013364992776525
wusa1235,sino1245,-4.842248641813745,0.04482272129150085,0,-4.13032992917225,1.895778990507955
wutu1241,sino1245,-2.8901178511560053,0.03689853894564112,0,-3.754194713645,1.891600541147235
wuvu1239,aust1307,-1.557819106982258,0.045076224653965186,0,-1.5515563949265,1.832342730723435
xamt1239,afro1255,1.9458112753220524,0.054185037569856834,0,1.885642990585,1.83281394489376
xara1244,aust1307,-2.315581984977991,0.037497717238754835,0,-1.578860179252,1.8204248548115
xava1240,nucl1710,-2.9476526649141306,0.025224066605187945,0,-2.23485408797,2.0655571819806
xhos1239,atla1278,1.8513808537226095,0.04528302325494592,0,2.2539366587825,1.7622042121612749
xish1235,sino1245,-4.662463641345372,0.056381365575520336,0,-4.117989244205,1.888361837465605
xokl1240,nucl1710,-2.6923883782946385,0.021225641812741697,0,-2.2116327534845004,2.056279782518865
yaak1241,afro1255,3.2867791295043096,0.04869425339614774,0,1.8131246398315,1.76952822293505
yaey1239,japo1237,-3.2831480107541733,0.0483299370250009,0,-2.90677641140475,2.0695465441916
yagu1244,peba1241,-2.621064174127193,0.03123188172559955,0,-1.5400848407174998,2.0836713871545154
yaka1272,atla1278,1.2734881349466631,0.036093011196587345,0,2.4663088853149997,1.814242427156365
yaka1277,aust1307,-2.523949294668318,0.05939727370312568,0,-2.114851185825,1.853541669662285
yaka1269,atla1278,2.06793877354228,0.029761028354143102,0,2.2084441642224997,1.7893462123587551
yakk1236,sino1245,-3.6769863329288484,0.05846290715105768,0,-3.1577264738875,1.836087854988125
yala1266,aust1307,0.030086828672077147,0.03675995746567649,0,-1.146994681044775,1.83195399882403
yale1246,yale1246,-0.7640496715906423,0.033371233442277444,1,-1.791450460382,2.11938069492895
yama1264,yama1264,-1.0166369342744805,0.01581715956347348,1,-1.81638737723075,2.12651991827801
yami1254,aust1307,-1.3833645878730096,0.04588617806902386,0,-1.7240868842569999,1.80811838484686
yami1256,pano1259,-1.575408263040001,0.04547775453398592,0,-2.184123527845,1.882665865040975
yano1261,yano1268,-2.091485149331355,0.03154262752939283,0,-1.4285109436024999,2.05284821237001
yaoo1241,atla1278,2.6783564611180806,0.032500943370724844,0,2.487850876285,1.77115437288345
yaou1238,mand1469,-3.1533934448652694,0.034169813465366204,0,-1.9870458921554501,1.885961820057245
yape1248,aust1307,-1.9469228851252232,0.020810888846034357,0,-1.4747416883625,1.84591512325135
yaqu1251,utoa1244,0.4256520657255769,0.02705393957575131,0,-0.00910305743,1.84334865381885
yare1248,yare1250,0.6955482088822096,0.06717312874494771,0,-0.4347288903875,2.1277443027303553
yasa1242,atla1278,1.1851696846708462,0.03820865784879808,0,2.04035439292525,1.792314420428265
yatz1235,otom1299,-1.9640398553884597,0.03467099017603252,0,-1.1407601488655001,1.928354256821625
yaum1237,nucl1709,-1.972628594745394,0.07701799913361879,0,-1.4854933748605,1.95179908045511
yawa1260,pano1259,-1.6903190882653547,0.04000917168679701,0,-2.1772653771324997,1.89420248676161
yawu1244,nyul1248,-0.6994013245379277,0.06986417308520079,0,-1.7251641926875,2.1228781202660096
yecu1235,toto1251,1.3771099597492888,0.022217190254633375,0,0.06783091355275,1.98829190733791
yele1255,yele1255,-0.22611503382911569,0.05825765625611727,1,-1.8926360569099998,2.1208451080121247
yems1235,gong1255,-3.107826814492441,0.04540081547029285,0,-0.90700542392425,1.87048998301443
yapu1240,nucl1708,1.4296981690819446,0.06398777709329483,0,0.6703488879427499,2.069686765771465
yidi1250,pama1250,-2.070996602878857,0.024368225376793826,0,-2.047821489823,2.001553652718265
yind1247,pama1250,-0.7426529744280441,0.05013346433392273,0,-1.7841331816155002,1.93003320822478
yoga1237,aust1307,-1.9615054143667683,0.05645005827948594,0,-1.9232270518774999,1.824222160717655
yona1241,japo1237,-1.8733192414474265,0.03382986120308703,0,-2.9070679825925003,2.069537653067795
yong1280,nucl1709,-2.3386393072888367,0.07124870849469678,0,-2.0970874350599997,1.9772547811290648
youl1235,sino1245,-4.80281071977936,0.044581228752267506,0,-4.132121630625,1.8892727939018
youn1235,hmon1336,-3.662933326531981,0.022549948148312238,0,-3.6577240824560002,2.16010270690122
yuca1254,maya1287,1.0340197527501367,0.013901521802679225,0,0.242949939086,1.95429315498468
yuch1247,yuch1247,-0.5411862763944224,0.02193151929130327,1,-1.2370680611582499,2.04139792304003
yuec1235,sino1245,-4.533063084731342,0.041234991906885975,0,-3.74251957827,1.8874444976992901
yulu1243,cent2225,1.0824038985142614,0.04067801053894204,0,0.44383019365775,1.74819895198096
yura1255,yura1255,-0.7796784575179037,0.022125391697107404,1,-1.7560493124857501,2.05964448316372
gami1243,pama1250,-0.6876039671018835,0.05254546343019153,0,-1.71346942249,1.9710234253713148
zaba1237,aust1307,-0.8020672692721212,0.04115306628624194,0,-0.8794768850985,1.811880196809855
zaca1242,otom1299,-1.9523255954908416,0.029645665766527548,0,-1.2023486373725,1.9165488315595751
zaca1241,utoa1244,1.1812668495558516,0.030777467836401014,0,0.03273446657725,1.82192328499028
zaiw1241,sino1245,-3.044763374939274,0.04637081716335126,0,-4.1436535120585,1.89341386856649
zakh1243,sino1245,-2.574209288646115,0.040145925489477645,0,-3.9480153477549997,1.8884828242681548
zamb1245,atla1278,2.009274267251382,0.02620196667893022,0,2.63421488931,1.7978396264917849
zand1248,atla1278,1.5144126705754735,0.035706556768387,0,-0.3806514656975,1.73475194686279
zani1235,otom1299,-1.830163581918316,0.03755955556062368,0,-1.1545309875875,1.9257368403247401
zapa1253,zapa1251,-0.6460108675282986,0.02516675473226876,0,-1.3244580884438,1.978736843556955
zarm1239,song1307,-1.5704973882866762,0.035920254049684124,0,-2.4098574827225,1.9918711816001249
zays1235,gong1255,-0.8890538547583677,0.05451380961106152,0,-0.851529131638,1.852257124581325
zeme1240,sino1245,-2.5559976183862823,0.03838172508597245,0,-4.07245884375,1.88288417155852
zhab1238,sino1245,-3.0175487838343287,0.03259008971985806,0,-4.13719111477,1.8897299342124798
zigu1244,atla1278,3.3375175964063204,0.04963912188256477,0,2.74775717695,1.767664824906735
zinz1238,atla1278,2.961038045585026,0.045031273395180184,0,2.6926286956595,1.7819773227709401
zoog1238,otom1299,-1.9548127269299564,0.042182968183087435,0,-1.1498213719825001,1.9200024931584951
zulg1242,afro1255,-1.0580441007989523,0.035807215736851666,0,1.074335562325,1.8036864104555148
