Glottocode,Family_ID,GPGLMM_3D_Mean,GPGLMM_3D_SE,Isolate_Flag,Verkerk_BRMS_Mean,Verkerk_BRMS_SE
abad1241,aust1307,-0.43265122916905313,0.039902906155951344,0,-0.15913662176325,1.8487909965253349
abau1245,sepi1257,-1.0254080856899885,0.08370985847652947,0,-0.453247692733375,2.0099421814770997
abee1242,atla1278,1.026803101110553,0.06323053935333743,0,1.447785627445,1.880398919893175
aben1249,aust1307,0.30825735791565606,0.06407620304226247,0,-0.059030269472000005,1.8618460694739651
abkh1244,abkh1242,-0.6591358388138822,0.06079336420998421,0,-0.0612689408825,2.109228304727595
abua1245,nucl1708,-0.7893397443295371,0.07099200603969108,0,-0.6696674839605,2.0271842335671497
abui1241,timo1261,-0.2520799959233574,0.08141048124000351,0,0.11636029873574999,2.039505461102525
abun1252,abun1252,-0.5556847178042785,0.05319906720998663,1,0.047867575785000005,2.13778371663623
achi1257,aust1307,-0.8559791850163752,0.04300503642802255,0,-0.5406295112806,1.86577001891655
acha1250,araw1281,-0.8528684490636218,0.03842823757428227,0,-0.316372194935185,1.92301505652372
ache1246,tupi1275,-1.3960985524846432,0.04894594343520958,0,-1.06881565253925,1.994287312925815
ache1245,narr1279,-1.6210522720244043,0.06748946619638421,0,-0.9101445782205,2.19299264988839
achi1256,maya1287,1.0993100461337653,0.058444666190825285,0,1.450573331575,2.0431386764268398
achu1248,jiva1245,-1.2359585080531943,0.0576483013643532,0,-0.31783210445775,2.033796059512645
achu1247,pala1350,-0.15676998099838135,0.03694596874409187,0,0.53862454759,2.167650909970305
acol1236,nilo1247,-1.1964738001942505,0.06081992335217645,0,-1.0942814190455001,1.958541521261265
adan1251,timo1261,-0.1995523630424462,0.05620744646430027,0,0.07231804651500001,2.033107785560325
adny1235,pama1250,-1.4121613994777433,0.07987350213859792,0,-0.7213158912487501,2.004204700887295
adon1237,aust1307,-0.15949210162624525,0.06789801405058823,0,0.1719461427158,1.86857605852091
adze1240,aust1307,-0.9308210095903777,0.0418548544700566,0,0.0478552996225,1.88923848545052
aeky1238,kamu1264,-1.0521882895007884,0.07519235213510435,0,-1.7028709856425,2.113058767539035
afad1236,afro1255,0.4723154635981711,0.033434384072491476,0,0.75738627329125,1.857886383533095
afar1241,afro1255,0.31695597590973335,0.02482676516274436,0,0.9147759354495,1.87417835727706
aghe1239,atla1278,-0.2030957806482884,0.05631113849516144,0,0.2918800307985,1.9149339859058099
aghu1255,nucl1709,-1.3146509434090956,0.06592497848705546,0,-0.94005976665725,1.910125187597505
agob1244,paho1240,-1.6688454414665466,0.06129797883166092,0,-1.45960225288,2.13697019158792
agua1253,jiva1245,-0.8787944626685048,0.06504036875722013,0,-0.176538206615,2.048326502783215
agus1235,aust1307,-0.03260907212644035,0.07193976430052847,0,0.5552897919597499,1.86156309001441
agut1237,aust1307,0.39227728742307605,0.06342414803369287,0,0.46115372334075,1.8984296016580902
ahin1234,aust1307,0.7363957880323584,0.06441787100030157,0,0.60593322174675,1.887887504016075
aika1237,aika1237,-1.4264755985197188,0.05908938273341941,1,-0.793572282999675,2.179401478131
aime1238,bosa1245,-0.9373306528539378,0.0788935025968767,0,-0.41316393582225,2.0726154250679647
musa1266,nucl1709,-1.1942172345532254,0.05557095008128342,0,-0.63833128459925,1.9275833804380151
aito1238,taik1256,-0.47942194101270386,0.05465637472261657,0,-0.06705508998725,1.9234867082663198
ayiw1239,aust1307,0.34415571005206774,0.02919395999214113,0,0.23294762843775,1.90473870899906
ajab1235,atla1278,1.024646632004533,0.0500593576943218,0,1.39197450608,1.915476791390745
ajas1235,kres1240,-0.8137631273522714,0.04300996432479124,0,0.09794804248175,2.1433014669439903
ajie1238,aust1307,1.0149406995497396,0.03608531918953324,0,0.6949800053485,1.884731978261095
ajyi1238,araw1281,-1.4940455371279637,0.05567874867747998,0,-0.08011102351075,1.9255690651773198
akan1250,atla1278,1.1115431199779557,0.04521190681941705,0,1.46000429907425,1.8992461931499052
west2635,maya1287,0.9101160927010601,0.05202702204151771,0,1.14604305209,2.014282719189765
akei1237,aust1307,0.32710986281514154,0.02987045619453263,0,0.8161039417925,1.8783451840709149
akha1245,sino1245,-2.0412636926389913,0.033838381434639776,0,-1.05963906908575,1.873875002906715
akoo1248,atla1278,-0.552631866386208,0.04970682871281331,0,-1.3756640861512501,1.9007485064903151
akun1241,tupi1275,-1.3688577909209854,0.06660006663161658,0,-0.1232732571105,2.029565434100335
alab1254,afro1255,0.4071883242121342,0.04499515055579483,0,0.9385932738612499,1.858068091054125
alab1237,musk1252,-0.6372219367590972,0.05828533337525604,0,-0.704463583932025,2.04485696317973
alac1244,otom1299,0.17762289524320976,0.05128100898056452,0,0.38427430098500004,2.0155377068418048
alag1248,afro1255,-0.9869458028750466,0.03879397664028309,0,0.41228824992525,1.87492873017549
alam1246,sepi1257,-0.2768176131832233,0.06255277120431893,0,-0.06082435134485,2.04331539063661
aleu1260,eski1264,-1.6832019020964615,0.08892598836314336,0,-1.6481303350125,2.15873007413587
alor1247,aust1307,0.06124798631406295,0.045911602926325346,0,0.29433901640000004,1.8640731889859699
aluk1238,drav1251,-2.8787422359122603,0.06571495314954445,0,-3.0214657199775,2.06301027217688
alya1239,pama1250,-1.6224631317852847,0.06461297418294507,0,-0.06426235910725,1.9886744858967949
amah1246,pano1259,-1.9490109614352216,0.07298617677413773,0,-1.8689996745825002,2.02422241427228
amam1246,kuni1270,-1.5810796659648856,0.09499415629474554,0,-1.8423472299755002,2.13117468571575
amap1240,left1242,-1.1044171965829186,0.05623798615179031,0,-1.395133313063,2.125575429723495
amar1272,aust1307,-0.892823033210493,0.03251435011257802,0,0.25259187241075,1.879248567174625
amar1274,hara1260,-0.698018188662837,0.06503356096638392,0,0.5072602772975,2.161530889179275
amas1236,nyim1244,-1.4235933029904404,0.06297792984440406,0,-0.7873776494917499,2.27217939302394
ambu1247,nduu1242,-1.240172130802704,0.07628848973715889,0,-0.904253215051,2.04812524005932
amdo1237,sino1245,-1.1578556280961652,0.02639607563115426,0,-0.05845109837725,1.8677477898325452
amha1245,afro1255,0.48094132475908824,0.035032940191496734,0,2.486461400795,1.99197044327095
amii1238,west2434,-1.4335873338670821,0.07608272839241188,0,-0.18337393948025,2.09579461124047
amis1246,aust1307,-0.5764081766730647,0.052253315981617185,0,0.2044281287925,1.918204350527355
hoaa1235,kxaa1236,-1.7426792726410996,0.05756529530501205,0,-1.2382126085924998,2.255694466691995
amri1238,sino1245,-0.723683636217613,0.04637985848585158,0,-0.324528951113,1.89207973114193
gily1242,nivk1234,-1.0979767540404999,0.042074186093886044,0,0.8841057586854999,2.449191537650395
ando1256,ando1256,-0.568323424745028,0.05225819280162984,1,0.55907717623225,2.13640315300587
anei1239,aust1307,0.40513168373039193,0.0275157522394013,0,0.39071605739750004,1.8796416144520451
anem1249,anem1249,-1.377900894926501,0.07055595532412905,1,-1.44508136293,2.208985224044835
anfi1235,gong1255,0.30960016820837344,0.05200246855067362,0,1.16584298773745,1.9127967233560002
anga1290,anga1289,-1.1859485780397225,0.08083370414457258,0,-1.0124187839730001,2.122015205733435
anga1288,sino1245,-0.6586860360386442,0.035817300185945214,0,-0.32196430590799996,1.8969859978668149
ango1257,chib1249,-0.999152184129551,0.04845392622295903,0,-0.0643950493975,1.966169534596595
anin1240,gunw1250,-2.397491769774026,0.051565897616432384,0,-1.64582600106125,2.120106933282745
wara1294,more1255,-1.2552851572871093,0.06860704685635452,0,-0.5985554221208,2.05961740430125
anta1255,aust1307,0.48463809069238784,0.043535900657252304,0,1.08207649721125,1.8742424481707052
anua1242,nilo1247,-0.7133391877518207,0.05020532845604536,0,-0.83832726553,1.944534342916255
anuf1239,atla1278,1.0891458908510998,0.05117494650548978,0,1.4727793335695,1.892134768480715
anuu1241,sino1245,-0.8451823814622788,0.037470405382658924,0,-0.3593137530305,1.912877855931665
anut1237,aust1307,1.112932338017127,0.055957689080355595,0,1.9870983427689999,1.86872712462517
aona1235,sino1245,-0.8414174492204025,0.034307866564929415,0,-0.7320308130375,1.8940209380968
aoua1234,taik1256,-1.3286079119984513,0.06249631150296262,0,-0.302811404406,1.972541705057525
apat1240,sino1245,-0.814319851105189,0.030573840242291865,0,-0.42187777264825,1.871007205504915
apin1244,nucl1710,-0.7990612028833277,0.05451410518381491,0,0.136907378678075,2.00812172175708
apma1240,aust1307,0.9172710993566504,0.04266142267905652,0,0.815053779146,1.87582292345103
apma1241,kera1258,-1.4197823081542453,0.11237322376689778,0,-1.31504761537575,2.18209466625024
apur1254,araw1281,-1.0231326250857777,0.053674162288765745,0,-0.22735809361975,1.96532946892888
arak1252,aust1307,0.7993866367685656,0.03511455953329692,0,0.8300894874585,1.877424247835605
aram1253,more1255,-1.0676352366475679,0.06890681520594281,0,-0.9568043588885,2.056394313288685
arao1248,pano1259,-1.3268116889348833,0.11240497578684767,0,-1.1795674413450001,2.032878197807195
arap1274,algi1248,-0.9298998250672443,0.0733064476282696,0,-1.969806903965,2.03426445007391
araw1273,tupi1275,-1.8578133305175022,0.029066268539774624,0,-0.98493141391425,2.0262752020364596
arbo1245,afro1255,0.237254756424178,0.05031655235867983,0,1.28284521981,1.8484524661408002
arch1244,nakh1245,-2.216738726158972,0.0723081521231326,0,-2.4679546207599996,2.15902698132026
aree1239,aust1307,-0.24766020667516125,0.04165507942311388,0,0.211723644916275,1.88342809273817
area1240,aust1307,1.3885107267070764,0.03343627976298821,0,0.98804724575,1.88200953445768
argo1244,afro1255,0.5361563846719939,0.03532406691419589,0,2.4864765193025002,1.993550703185325
arhu1242,chib1249,-0.478935538849652,0.055747853689516146,0,0.10290022889174999,1.9438117451841048
arig1246,atla1278,0.42367767536825707,0.05225229741076558,0,0.9067507292325,1.9169844253261
arik1265,nucl1710,-0.7792096149779986,0.041657742134596526,0,-0.5807236539725,2.046305477431485
arom1237,indo1319,1.1807789367780153,0.03754056707204493,0,2.72586222661325,1.9477739083205452
arop1243,aust1307,-0.9967631415358326,0.0467124835805191,0,-0.1556692860855,1.877004445646125
arop1242,aust1307,-0.4852789693960758,0.059243203926020845,0,-0.20038448513677498,1.88430992456684
aros1241,aust1307,1.4049032028202488,0.0356233077133009,0,1.028325276775975,1.894140619766755
arta1239,aust1307,0.7545699781635502,0.0764179693041855,0,0.64047665309125,1.885772415526835
asha1243,araw1281,-1.099848150336812,0.05794328806937089,0,-0.10174045226,1.93120200765118
ashe1272,araw1281,-1.0306740995252994,0.05641868618691682,0,-0.0210309925755,1.920792977633615
asoa1238,cent2225,-1.1273836719163985,0.05158723281670583,0,-0.1830772032835,1.886688932219285
assi1247,siou1252,-0.5472703170835866,0.07369854314527767,0,0.22147304619725,2.095557294720915
asur1254,aust1305,-1.5481934902590815,0.03402729937761855,0,-1.2502341483372499,1.8991600245347349
asut1235,atla1278,-1.674192034440459,0.04304211308494992,0,-1.48336166511,1.874898928513705
atam1240,aust1307,0.4827859227635274,0.04793169528347463,0,0.61274649728925,1.864371501502995
atay1247,aust1307,-0.5749269727113029,0.056511322228381,0,0.094237163515,1.9517759008780948
athp1241,sino1245,-1.3649691771586354,0.04093669004306765,0,-0.9171265932865,1.91088289637928
atii1237,aust1307,0.33866509070659495,0.05559833324711132,0,-0.040717816480125,1.904340802289605
aton1241,sino1245,-0.8747113878385513,0.03859399887311633,0,-0.219037754605,1.88773672148829
auuu1241,nucl1708,-1.3652638643509976,0.053291815910926535,0,-1.191990307706625,2.034275043841185
aulu1238,aust1307,0.6725950892673039,0.030159231079861078,0,0.67657435574275,1.8630710873365999
auye1238,nucl1709,-0.5586557757536009,0.05150758426458019,0,-0.3990527092495,1.92506939375082
avac1239,tupi1275,-1.8047660901656384,0.04683187706807795,0,-0.974015447456,2.038810988288945
avat1244,atla1278,1.1428357179475706,0.055717501239430985,0,1.4807055357699999,1.892786294861585
katb1237,aust1307,0.7119390073335182,0.030734036217768542,0,0.70576363078875,1.875960046063895
avok1242,cent2225,-0.9581030939643082,0.06616069502345527,0,0.04950290489375,1.891153344880735
awac1239,barb1265,-1.5182351354616,0.07496658033276905,0,-1.057738296485235,2.105290589178605
awad1244,aust1307,-0.733573471265266,0.030005461291703332,0,0.311998190331,1.88410608158765
awad1243,indo1319,-1.2011370918744015,0.05036330359024147,0,-0.03307964093,1.9405314323252498
awap1236,nucl1709,-0.8403915179576926,0.06237949757611368,0,-0.578133158671,1.929151794531305
awar1249,ramu1234,-0.5869051333617896,0.06262042771598007,0,-0.33690966001025,2.1091112286573397
awar1248,nucl1709,-1.4512438834450774,0.052088454545441275,0,-0.9935108964299999,1.93546957168151
awet1244,tupi1275,-1.7263493873007814,0.05697832508602383,0,-0.9170397975460001,2.05034239445989
awji1241,afro1255,0.1793444056613559,0.04585635512101076,0,-0.190021837529,1.9135174529300398
awtu1239,sepi1257,-0.599280396002667,0.0941351095039257,0,-0.522303858428925,2.0235291219395
axam1237,aust1307,0.8067241900473568,0.029822336367079955,0,0.9532017296824999,1.87148761115127
axiy1235,sino1245,-1.9273425040962815,0.040292409486933196,0,-1.0888363808095,1.89024615694822
ayac1239,quec1387,-1.6943271100391193,0.09049644315124891,0,-1.69285375625975,2.07355086199496
azha1235,sino1245,-2.1395815236253855,0.037009915371028226,0,-1.083857168555,1.893666515730605
baba1264,atla1278,-0.10613163009572216,0.05404633091639925,0,0.853930675394725,1.923947384630945
baba1266,atla1278,-0.2336041597554281,0.06464415754205999,0,0.43872697223,1.906551828887975
baba1268,aust1307,1.0682818384739323,0.035084732094065915,0,0.3019034976265,1.868149835277
bada1257,drav1251,-2.862498255211994,0.0684107315266584,0,-3.0019178984724997,2.0820254636488897
bafa1247,atla1278,-0.48317006058535045,0.0472073760581056,0,-1.2047930644045,1.90624044712588
bafi1243,atla1278,-0.7965136921071516,0.05101066395820212,0,-1.52632588064625,1.92128702229228
bafu1246,atla1278,-0.261200326543661,0.05966193325264273,0,0.77550638974875,1.9158584459748802
baga1273,atla1278,0.9488636228919615,0.04955291104211822,0,1.771687230425,1.896466619547025
baga1272,atla1278,0.7895607567106595,0.052171231209249005,0,1.6982077871175,1.892347181396205
bagi1246,cent2225,0.5111630584493044,0.041596659910097894,0,0.3542227018022,1.838827616430005
bagv1239,nakh1245,-2.2046887730892557,0.08047865181475516,0,-2.5103545066799997,2.174610090718915
baha1259,afro1255,1.232207686389384,0.04708621578084228,0,3.138553698985,1.9099497568114998
bahi1252,sino1245,-1.3618627600194069,0.027523106365640267,0,-0.54463509725285,1.891778563227325
bahn1262,aust1305,-2.55104446389643,0.03507198155853613,0,-1.3830098677345,1.903502088841065
baik1238,aust1307,0.7230035762929572,0.05201419015384294,0,0.7429374775275,1.88638469288871
baim1244,sino1245,-1.127969494917671,0.03820330459978049,0,-0.0318390418275,1.858950778308905
baka1272,atla1278,-1.103868193664491,0.055321970960123285,0,-0.02785126641175,1.848163070535365
baka1274,cent2225,-0.735156640218378,0.058002585640958226,0,0.353597355749,1.8666895064275049
baki1244,aust1307,0.7440779229927326,0.02609954528203783,0,0.664128924001925,1.8733808552041151
bala1316,aust1307,0.2959650481867132,0.04477025157760962,0,0.5108823295530001,1.87649021901455
bala1311,aust1307,0.4075084101406316,0.05212089187461356,0,0.37264324656275,1.8848613545452602
bala1315,aust1307,-0.8896927122720604,0.055001434494737766,0,-0.45399642047525,1.89192140808725
bali1278,aust1307,0.3792002241706636,0.06388154337567156,0,-0.23230370398,1.8715616204036
liki1240,atla1278,-1.095172610452013,0.06045559911623692,0,-1.5090657650755,1.8673727775958402
bamb1270,aust1307,-0.4167262630747386,0.06348635257501115,0,0.54139920186475,1.896375106464915
bamb1269,mand1469,2.3387306510460695,0.06150519776878352,0,3.335941868682,2.022422732541995
bamb1262,maoo1243,0.0708117126352405,0.06845019300174213,0,1.37542458570855,2.1894075416370553
bamb1266,atla1278,-0.27912930485010784,0.05118875975310836,0,0.6526226160316826,1.92107432761104
bamu1253,atla1278,-0.3362437756048654,0.048882875200787546,0,0.855346402508125,1.91353985258261
bamw1238,atla1278,-1.0644912704176503,0.04175410874718277,0,-1.5846813780105,1.879794680931655
bana1288,aust1307,0.2700993220931033,0.061999551674169456,0,0.6059565919875001,1.86897373910001
band1344,atla1278,-0.7346591051772734,0.062453270267011605,0,0.3181207258515,1.8305820510608202
band1340,atla1278,0.8768770898689122,0.050203164313007594,0,1.6913300644865,1.90657029450669
bang1363,bang1363,1.8727941881656252,0.06140880498662712,1,1.9433792956659999,2.39179149273284
bang1369,sino1245,-0.6434075710344505,0.04523539378203494,0,-0.7469385794665,1.918409900450525
guar1293,araw1281,-0.9953734978942996,0.06589336140802116,0,-0.301935902425,1.95299127415419
bani1255,araw1281,-1.0037468697374257,0.05074215466728136,0,-0.269918648189,1.92222970617448
bank1256,atla1278,-0.5859226134131514,0.05984131828082891,0,-1.54863840659815,1.9123247133512
bann1247,aust1307,0.27936184697316613,0.028975888971411522,0,0.193608811839,1.887553344181075
bant1281,sino1245,-1.4143724979409822,0.036184264241901055,0,-0.9012588715050001,1.926146026575645
bant1288,aust1307,0.1847017546763626,0.06224986484687635,0,0.48550094262325,1.850365653985315
bara1357,sino1245,-1.5761814773347624,0.03854678238585772,0,-0.9887648372287501,1.92608379774366
nucl1630,koia1260,-1.0554349216433008,0.05028129363721377,0,-0.5724315395874999,2.0242111204938347
bare1279,afro1255,-0.030632877015807,0.04745767091660196,0,0.453631806755,1.905583488435735
bara1369,aust1307,0.5878630212202678,0.05536996795992576,0,1.1106668210375,1.8621340933149848
bara1361,atla1278,-1.8825284772751258,0.04132970304750362,0,-0.17969720691500002,1.8430183138652398
bara1370,aust1307,-0.6067548650369499,0.04948599457975676,0,0.1114125531025,1.8912780465351249
bara1380,tuca1253,-0.6233668927967856,0.05078913963901881,0,0.2598534153575,1.98124848814923
bard1255,nyul1248,-2.022672847389596,0.09901318840622586,0,-1.609568717825,2.1899557457742347
bare1276,araw1281,-0.9916275771416694,0.04120673468800373,0,-0.33432511433074996,1.953013086802085
barg1252,nucl1709,-0.7393398224523324,0.06026246586318319,0,-0.39696921937624996,1.9458898468964
bari1286,aust1307,-1.0067566039382558,0.02463936845121785,0,0.11882003585,1.8986292828606102
baro1253,aust1307,0.11230688024642954,0.032939011701528485,0,0.39931332375774997,1.884413367730335
basa1282,atla1278,-0.0059056102887277,0.05489009531417005,0,0.48878702845825,1.898745769527015
bash1264,turk1311,-2.650772795799383,0.10604916484659188,0,-2.425613132005,2.09880064313703
basq1248,basq1248,1.3493989180178212,0.04572465761042289,1,1.896044232055,2.34113819118598
bata1293,aust1307,-1.201939950020503,0.04356825790145568,0,-0.328729880242,1.874747178225765
bata1289,aust1307,-0.8379761384751385,0.06323321590844264,0,-0.3407779987445,1.8699355921658398
bata1285,atla1278,-0.8700721408302972,0.03812422265784319,0,-1.62044467155375,1.906370849431985
bats1242,nakh1245,-2.0974493738248094,0.07403362428652772,0,-2.3507823912335,2.16020579338439
baur1253,araw1281,-0.5168925202265788,0.0655194297019024,0,0.1682444879695,1.95042974042777
bauz1241,geel1240,-1.5639290893429052,0.05783328590616363,0,-1.3548923789375,2.1488724157139902
bawm1236,sino1245,-0.9143256222851043,0.042012620971381635,0,-0.7213863537302501,1.90117835595672
bayb1234,aust1307,0.5754570436227378,0.05351134853905361,0,0.66470513213175,1.841660250080655
bebe1248,atla1278,-0.8726465392059497,0.05811157697676402,0,-1.62020278451,1.89941319212234
beel1236,afro1255,0.5735387881805902,0.05653142739242672,0,0.588996676405,1.854307397433795
beem1239,atla1278,-1.2937113325060534,0.05802469988591231,0,-1.5175573262470001,1.89079512504431
beja1238,afro1255,0.29016373484080543,0.026214593324242794,0,1.07869098536897,1.8945515720138801
bekw1241,atla1278,-0.2605007514326294,0.04888597813833327,0,-0.78401012619125,1.957135625048225
bekw1242,atla1278,-1.1461231576392135,0.043457685894156176,0,-1.3812926042995,1.912363293329025
bela1256,nilo1247,-1.3605743828034411,0.06321503147841721,0,-0.93498064979725,1.9439831485263
bela1254,indo1319,-0.8398100330820011,0.05010627055433106,0,-0.10538853531824999,1.9150633176238498
nyal1254,aust1307,0.24651408086865423,0.04645147331699047,0,0.513454326435,1.877838843007575
belh1239,sino1245,-1.3761121387542672,0.0293665039632257,0,-0.915327613080675,1.916056125907585
beli1257,cent2225,-0.7420388571327811,0.06451967016656088,0,0.328191398605,1.8626053837142549
bell1243,sali1255,0.8014596782887266,0.11106983504871346,0,1.6026064710124999,2.0765589526129746
belu1239,atla1278,-1.9144208877445017,0.05922313812623086,0,-1.3920425465205,1.9210859851900701
bemb1257,atla1278,-2.1562102672382224,0.035175560967889485,0,-1.7583494571525,1.88522245392058
bena1262,atla1278,-1.900170569171113,0.03218048610694604,0,-1.4091616072925,1.854952052082185
benc1235,gong1255,0.21622176696939777,0.0773520498782594,0,0.932664154140225,1.934991614240805
beng1282,atla1278,-0.9401352389800559,0.04495001622295358,0,-1.6190173472904998,1.90133774528422
bent1238,dogo1299,2.0359250052446374,0.06332826202053625,0,2.1029239720285,2.22371292986958
bera1262,aust1307,-0.675683553650759,0.07057331916848562,0,-0.5432105336474999,1.8681431020806252
zagh1240,saha1256,-0.11282863814838034,0.06330106412800063,0,0.334870870535475,2.07554217124921
bert1248,bert1248,-0.799364258785425,0.06310031294990825,1,-1.3337835656450001,2.42299066833877
bezh1248,nakh1245,-2.1528936913866232,0.06998733652299814,0,-2.53691445182975,2.14142285149027
bhoj1244,indo1319,-1.037446734978852,0.04467920093701302,0,0.0962043452595,1.9080853133385
biaf1240,atla1278,0.7248255156173138,0.058577052719436674,0,1.2523656375945,1.91836689337291
biak1248,aust1307,-0.5291519511990455,0.04870532872358045,0,0.68806918600025,1.903211663647225
bian1252,kuni1270,-1.738779025026203,0.07912625760547734,0,-1.8183766366525,2.142231406821225
biao1254,hmon1336,-2.1639349915731305,0.03184707655764298,0,-1.2118639090802499,2.019017130615755
biao1256,hmon1336,-2.156330383937947,0.03662725182526793,0,-1.1501585503825,2.007485774120965
biat1246,aust1307,-1.122332018702845,0.054836120000333374,0,-0.26822122808675,1.87359914878435
bier1244,aust1307,0.7507193303734869,0.031645111293272694,0,0.7193171612975,1.8758067427481602
bign1238,aust1307,0.7157611219692058,0.038203663560069503,0,0.594193357178,1.864196861062275
biha1246,aust1307,-2.2598675340482357,0.05172128469792913,0,-0.6102714971017675,1.8624244726172998
bila1255,atla1278,-1.8234856212558128,0.053837436941438485,0,-1.63575934148725,1.908513335193005
bilb1241,aust1307,-0.6166333262857695,0.03638676431622823,0,0.287054016875,1.87115397865026
bili1260,afro1255,0.10196220052730859,0.02879285759626506,0,0.6789717948915,1.8641503150115248
bilu1245,bilu1245,0.2196615539959084,0.048528793468202894,1,0.0245169705025,2.151437443610395
bimi1240,nucl1709,-0.8734216828724473,0.060808796574467576,0,-0.563923094580025,1.902952975440685
bina1277,nucl1709,-1.4302362939960949,0.059178911934567424,0,-1.10375289103325,1.920483753959605
bine1240,east2503,-1.46106843449469,0.07601276314299513,0,-0.85440767033275,2.0946546620468203
bini1246,atla1278,0.3099988874383117,0.053049353525623705,0,0.82084181271425,1.8801109229336501
gunw1252,gunw1250,-2.3262451812544214,0.07328145090403551,0,-1.6774849329775,2.1159456117869446
birr1240,cent2225,-0.5055554555954721,0.0549409977449145,0,0.3970679845985,1.8841681523625051
bisu1244,sino1245,-1.8489469047199438,0.021946119058535808,0,-1.10393871027,1.88496254802082
bitt1240,aust1305,-2.066390137815941,0.03610845680839208,0,-1.2235473169684998,1.886882287381955
biwa1243,yuat1252,-1.0320607815984681,0.0613310721059365,0,-1.5245639252975,2.13541968200791
blab1237,aust1307,0.9860737629987903,0.0364156090986247,0,0.362572079084,1.876183165378505
blan1242,aust1305,-2.065636267442043,0.031253807084249595,0,-1.23535348362695,1.88971405271865
bang1354,atla1278,-1.2376214648462036,0.04993445674693594,0,-1.4637095737674999,1.86532980008417
bobo1255,aust1307,-0.9527772852898647,0.046261844698052786,0,-0.45665612539,1.89700133012085
bodo1272,atla1278,-1.566682493505654,0.05150562133406646,0,-1.6289916392185,1.916192086432425
bodo1267,aust1305,-1.9382636786838718,0.04994183513078292,0,-1.0136704960782499,1.890187166368745
bodo1269,sino1245,-0.7754995057740551,0.029274484161298044,0,-0.4685985049725,1.8826332171815552
boka1249,sino1245,-0.5945055639583325,0.037109079894867905,0,-0.4327774586575,1.87447244415236
bola1250,aust1307,-0.3014108702496128,0.02638094937288653,0,0.34335944790625,1.8975341946894249
bolg1251,atla1278,-0.9153634664811212,0.038187999804192144,0,-0.03442516187,1.895732547278735
boli1256,aust1307,0.5191368521866823,0.05583904062184001,0,0.1186245859305,1.86381018495855
chim1302,quec1387,-1.630864161877603,0.07961106445054865,0,-1.73927825066525,2.0601204620634697
bolo1262,atla1278,-1.0723804361058775,0.05834504812764552,0,-1.4201389729865,1.86755203980733
boly1239,aust1305,-2.069588029843954,0.029030043100133886,0,-0.848495248446,1.889980959568305
bomb1262,atla1278,-0.9854300339177504,0.03994835723907612,0,-1.5822394704025,1.8790739529067801
bomk1234,atla1278,1.2318370820384894,0.05225226774095599,0,1.80221063344775,1.9118798441260099
bona1250,mong1349,-1.764451191227232,0.07320064089640817,0,-2.6575001684675,2.216070721660965
bond1247,atla1278,-1.7214750467357713,0.034621870268944546,0,-1.50574899460125,1.87354292372029
bond1245,aust1305,-1.7676621575757412,0.042835807048126444,0,-1.0144816450877001,1.891472598633825
bong1289,aust1307,0.0581322754342393,0.06519803288882428,0,0.14224622793775,1.8817463946711999
bong1284,atla1278,-1.2179536789734273,0.04591204409470739,0,-1.4664712409154999,1.902346184006555
bong1285,cent2225,-0.9477498281522675,0.06385523040700326,0,0.110206250024,1.866330785042055
bora1263,bora1262,-0.36407195538300463,0.060107628479803714,0,0.562352733316,2.150624354310745
bora1271,afro1255,-0.2482297259857356,0.04659966157820273,0,1.1356327509800002,1.846232334020755
bord1248,chib1249,-0.5309286398554441,0.05268726067023011,0,0.30412119877949995,1.941029591245325
bori1243,sino1245,-0.5577007116523429,0.040064579759320214,0,-0.26647672317975,1.8900480238433301
boro1277,gong1255,0.28834776089294767,0.07200850467818859,0,1.16050373745,1.91561146197393
boro1282,boro1281,-0.6270959611325817,0.058501585461847395,0,0.54800305969625,2.1633852846540753
boto1242,aust1307,0.26996520613337116,0.05596350679084203,0,-0.06023473546,1.86197994554326
boun1243,atla1278,0.9584135351114076,0.06210981927567587,0,0.27055170473225,1.8867525733157948
boun1245,nucl1709,-0.4731517530349796,0.06188174314190313,0,-0.6523726168035,1.899965599140695
bouy1240,taik1256,-1.6141872841039322,0.062221114282479464,0,-0.566289947065,1.9446674694402502
brah1256,drav1251,-0.8685038888388814,0.08804052182409777,0,-2.0594051408396252,2.113474979767245
lave1249,aust1305,-2.725729897659593,0.03024542642862502,0,-1.4049244565149999,1.90274220918873
bret1244,indo1319,2.069965187239413,0.06215696778989064,0,2.30231727011925,1.9754528814870151
brib1243,chib1249,-0.0812688430662461,0.048493906495567785,0,0.014456466652825,1.946923236645715
bube1242,atla1278,-0.358582395915532,0.052549378761738895,0,-0.8403416163125,1.92875990358335
bubi1250,atla1278,-0.7571840268280724,0.05928671054485273,0,-0.290687257737675,1.905403682969995
budu1248,nakh1245,-2.058132465774002,0.0719079929188446,0,-2.5050531978795,2.139057332146595
budu1265,afro1255,0.445534499326241,0.038148862530334574,0,0.7899552698507499,1.86221118252743
budz1238,atla1278,-1.381665099973428,0.06374391701288251,0,-1.5408221612422501,1.87366052468446
buga1247,aust1305,-2.171422855894483,0.02447424060818382,0,-0.84828443081825,1.887757917257485
buga1250,aust1307,-0.9485147843461277,0.029905610779461717,0,0.28360503993675,1.89040001859385
bugh1239,aust1307,0.9913839992156289,0.032456227056056795,0,0.96387159179475,1.89597420795174
bugi1244,aust1307,-0.2689364591694049,0.08327333603741562,0,0.5877308969502499,1.897897183493255
bugl1243,chib1249,-0.2114496208595053,0.05049272019901373,0,0.0792920995365,1.941688293823925
bugu1246,sino1245,-0.699538308602141,0.03241285884227288,0,-0.59173871153275,1.912591248590295
buhu1237,aust1307,0.39288410448787203,0.028229767528202988,0,0.39473508992024997,1.897365103466685
bujh1238,sino1245,-1.6479485266771317,0.03828665445403478,0,-0.952588583652,1.91730195931892
buka1257,aust1307,-0.7036786466951913,0.05321726790384692,0,-0.287861051814625,1.88223496849376
buki1249,nucl1708,-0.8728052720084607,0.061342882071414334,0,-0.7221869171180251,2.01689316518409
buku1249,atla1278,-1.4477684702297817,0.04906919152120506,0,-1.3651308582447501,1.868634476056
bull1247,atla1278,1.1439582512852737,0.04928430752018536,0,1.8018782019900002,1.913597483185985
bulo1242,aust1305,-2.7036786341757266,0.02293083519918772,0,-1.4333327613969749,1.900904019982115
bulu1251,atla1278,-1.0835978046502843,0.059885994245484755,0,-1.622672738305,1.89933196833502
bumt1240,sino1245,-0.7133901936767906,0.035755210716488045,0,-0.068241701437975,1.8826981404068301
buna1278,timo1261,0.034157666831768296,0.05986115029104343,0,0.11455069044999999,2.07911489368053
buna1276,aust1307,0.44990362542215745,0.03599881282497939,0,0.5297813334175,1.89214501096939
gahr1239,sino1245,-1.0888875406866747,0.03144761963046887,0,-0.12614538897275,1.8987107956592202
bund1253,indo1319,-1.3156208709022814,0.04935731211503879,0,-0.07762208867575,1.92939877865657
bunu1267,aust1307,-0.49884499627948836,0.053371604615209886,0,0.68863656071325,1.92249137053789
buol1237,aust1307,-0.9054227433807549,0.057288358957786896,0,0.25223740985375,1.883741913942505
bura1292,afro1255,0.6068397371433084,0.033099839895485754,0,0.621817513289,1.874141866911675
bura1267,mani1293,-2.3006957337407483,0.06595915987500356,0,-1.32531477978,2.19748492170425
bure1242,afro1255,0.7871139759090268,0.03522589604144804,0,0.9781898015174999,1.8651710042545
burj1242,afro1255,0.34900467109624733,0.04923965765496122,0,0.98696788959,1.865064939750095
nucl1310,sino1245,-1.2040801466357325,0.023296865668447013,0,-1.1735233327399999,1.918867626326075
burm1264,burm1264,-1.2375272787769853,0.07763682786909237,1,-1.4641624343694999,2.19254837468769
buru1303,aust1307,-0.3214962769383306,0.057060331916333716,0,0.0015614336822500016,1.90084898333896
buru1320,afro1255,-0.9699720309132998,0.038493147431318896,0,0.44131960413625004,1.87369858533207
buru1296,buru1296,-1.4130196799050718,0.06215131787880649,1,-1.874336037854,2.596733609195895
busa1253,mand1469,1.4475056193697244,0.07157274545434489,0,2.95991196829825,2.032953907303065
bush1247,atla1278,-1.9835074927184615,0.04763157128200593,0,-1.61790496461925,1.886203324483185
buwa1243,afro1255,0.6481734562625374,0.046430591111479486,0,0.935400649756,1.886342132091515
bwai1242,aust1307,0.31751184132680416,0.03260101621984803,0,0.55357088154525,1.8842016354454398
bwat1240,aust1307,0.7133347722748473,0.026644009219292684,0,0.86603936772775,1.88854436924106
byan1241,sino1245,-1.3561679696616822,0.028961748766125627,0,-0.11720242790475,1.90171955587415
caac1237,aust1307,0.45627490006704663,0.04034972390952172,0,0.70488238091725,1.8801880691431498
cabe1245,chib1249,-0.2519190758482374,0.05039714297983204,0,0.01717502318825,1.94657294921767
cahu1264,utoa1244,-0.320748512867768,0.06092075043852363,0,-0.28174179303175,1.97567030382724
cakf1236,afro1255,0.8436235282127522,0.03517721988681265,0,0.856369125529,1.874684445999785
cald1236,quec1387,-1.6068939769694575,0.07925641181480218,0,-1.739427015815,2.0607964226589353
caml1239,sino1245,-1.4446358652382432,0.0375627536826745,0,-0.905902978174,1.92213387577907
camp1261,indo1319,1.629079863879356,0.0412036842242633,0,2.8000305972753,1.937920303977275
cams1241,cams1241,-1.0022883101884834,0.06164740084951583,1,-0.6908303838975,2.17778217550309
cane1242,nucl1710,-0.9528021648578181,0.05794285598435848,0,-0.0949755016745,2.01732405127061
caom1238,taik1256,-1.4152642321545454,0.07341846362252734,0,-0.44085464767250004,1.930880761329415
capa1241,pano1259,-1.911240604535312,0.07914189512490692,0,-1.82925484184125,2.02855563588008
carn1240,aust1305,-1.04760293305642,0.059346737105721144,0,-0.51232473440075,1.908752967815005
caro1242,aust1307,0.0591241530335041,0.04400559544791935,0,-0.0796323454825,1.842229931272545
cash1251,pano1259,-2.007641853169007,0.07058283415841407,0,-1.75518345169675,2.04737225517667
casi1235,aust1307,0.8088519641681089,0.06495574792376341,0,0.6514657892515,1.8850618909054648
stan1289,indo1319,1.9977095461579206,0.04505984700935361,0,2.8699026418175,1.9253691646593651
cavi1250,pano1259,-1.4098891417288775,0.0761523392161372,0,-1.350721267285,2.0399927740823403
cayu1262,cayu1262,-0.3803035593503567,0.06720592981913456,1,0.5548436082892501,2.1487352119486998
cebu1242,aust1307,0.21842374629681088,0.060279107243864455,0,0.61522835788325,1.8472079231206049
cemu1238,aust1307,0.6512084426098825,0.027677110233011212,0,0.87390736889125,1.884700364318935
cent2127,eski1264,-1.742155029931219,0.08347732999276053,0,-1.7137103110675,2.1341519308506847
cent2142,ayma1253,-0.021924827235302202,0.07005469679759871,0,0.5814797000787499,2.0638018620966303
cent2004,sino1245,-1.642862953563058,0.03205170846690779,0,-0.8724858657725001,1.90561658479122
cent2292,aust1307,0.7733557299671187,0.063844301328806,0,0.7520830873494999,1.876212460960135
cent2084,aust1307,0.12431323643437694,0.05961974229502792,0,0.511660441257,1.88607100747902
cent2314,aust1305,-2.293761136286173,0.03193657629618481,0,-0.965280723231,1.880704414749155
qaua1234,taik1256,-1.5743519180157688,0.05434942918534956,0,-0.369797202527,1.9678030309570298
guer1241,utoa1244,0.38029917037782923,0.06051959448333706,0,0.30555182133325,1.9382906224466399
cent2050,saha1256,0.0793499133463763,0.05981597979434715,0,-0.2040461017415,2.0459427683349753
cent1989,aust1305,-2.6114692687859113,0.025405977166812727,0,-1.04718643960225,1.891637604931295
cent1972,indo1319,1.039788238667317,0.04760199323490679,0,1.479054357865,1.958607719694605
cent2058,aust1307,0.6373551375378295,0.029214668891344536,0,1.21343099954575,1.8943091446394251
mala1479,aust1307,-2.044787571288911,0.05952109144084008,0,-0.4223898641905,1.839355077577545
cent2322,ural1272,-2.141813747416502,0.04343990654658734,0,-1.347407278002,2.025275507609745
cent1992,aust1305,-2.7350313792258123,0.02963331755174047,0,-1.4388478396152502,1.9086146605391452
cent1990,aust1305,-0.9434663325335865,0.05660241102007817,0,-0.5242533927605,1.908381060827545
cent2126,japo1237,-2.2115721075910617,0.05540224042533327,0,-2.37914756979175,2.2179905414342453
cent2091,aust1307,-0.09566908800022769,0.06449621212390122,0,0.23431129389025,1.8759505547599948
cent2140,miwo1274,-0.8245038488331087,0.054287474171294016,0,-0.985994811614775,2.149991668390165
cent2090,aust1307,0.3197538322278123,0.0648688604802884,0,0.2325121161475,1.8620711315218301
cent2131,utoa1244,0.23604982851830086,0.033072651833829785,0,0.544842583805,1.9839429096639
cent2150,chib1249,-0.9618802567232655,0.048886319319660226,0,-0.06925974239044999,1.957945170671695
mbal1255,atla1278,-1.4475380907015065,0.037011028087805105,0,-1.3378039024246249,1.87952050651642
chac1251,pano1259,-1.5335076195837558,0.08449087796783158,0,-1.840977415104065,2.03294476127872
chad1249,afro1255,0.6983336033482953,0.03992247894476725,0,3.1488712963524996,1.9153662080365401
chak1270,sino1245,-0.8196368329346478,0.03399430531369431,0,-0.15274053968725,1.8807568021348
chak1271,atla1278,1.1845400326843252,0.05240616854825597,0,0.9277417155634999,1.887600720126255
chal1275,afro1255,0.6975442248790187,0.04982198889017902,0,2.76506553837,1.913386809013355
cham1315,zamu1243,-0.4158045687480515,0.05267870954587659,0,0.593125702773,2.15212576685955
cham1309,nakh1245,-2.225312265907086,0.07178597873190032,0,-2.4988134702225,2.158402851545485
cham1318,araw1281,-0.78426440516412,0.04446279400693325,0,0.024777596907250003,1.97162206258342
cham1312,aust1307,0.3698132555519982,0.05888876970580644,0,0.370747605665,1.9212643812235202
chan1313,sino1245,-0.6790510617229042,0.06440402038686359,0,-0.0616059370825,1.87779918967883
chac1249,barb1265,-1.565693027984195,0.06802429807610569,0,-1.09368638157325,2.090354671953185
char1269,gong1255,0.35080259178400297,0.07435484517402821,0,1.1022960543335,1.93894451945732
chas1234,sino1245,-1.5490040096776008,0.024005631200551346,0,-1.23147623374575,1.90651049757868
chec1245,nakh1245,-2.3093712287412633,0.07410196586938177,0,-2.35969928252075,2.166229765364905
chek1238,aust1307,0.8382704458386088,0.033482891959869046,0,0.167839526136,1.86933640740718
chen1255,drav1251,-2.8956969168514606,0.07665284618942338,0,-2.9756662140590002,2.095367742046805
chep1245,sino1245,-1.6346206525255529,0.03676524983222984,0,-0.946900909295,1.92812241069604
cher1273,iroq1247,0.2120375968735109,0.04395152895489748,0,0.203974287008625,2.0972164119660803
chey1247,algi1248,-1.0600189223303709,0.08162015858568324,0,-1.969524597825,2.04682602258873
chic1270,musk1252,-0.7173976134268071,0.03600080239149336,0,-0.5837081372849999,2.035079341884055
chig1238,atla1278,-1.6315963903842534,0.045816097154131104,0,-1.1471880302564998,1.84395231377616
chil1280,atha1245,-1.07389373822096,0.09438440864052189,0,-1.800478126075,2.0588539070052203
chim1309,chib1249,-0.61815210846465,0.049819593677641716,0,-0.0389073560345,1.9621578842887248
chim1312,atla1278,-0.7756988387726411,0.04289949886784993,0,-1.6229282002724998,1.86791849939606
chhi1245,sino1245,-1.5308421387785547,0.029547062939843622,0,-0.89848698722875,1.9135856530350148
chip1261,atha1245,-2.127714321515964,0.09179486376845017,0,-1.8112854574125001,2.056525754826715
chip1241,algi1248,-1.32406575062868,0.06998551359719686,0,-1.9328123161675,2.026411302512935
chir1283,sino1245,-0.8691895822004441,0.029293127491578,0,-1.15107473191,1.907247375931165
choc1275,sino1245,-0.8783158937760087,0.03532731652076974,0,-0.010873664498,1.853809020777505
choc1276,musk1252,-0.5158623464846452,0.06541341588432564,0,-0.48834259092099996,2.022600128738625
chon1284,aust1305,-2.3287380634392276,0.027298189109656517,0,-0.9724433403724999,1.88600172461981
chot1239,sino1245,-1.0172050651552735,0.036676292583613546,0,-1.10810369173175,1.9078093372566252
chra1242,aust1305,-2.6401243765443594,0.030480613421394635,0,-1.4358596184675,1.908124047057525
chuj1250,maya1287,0.7955362858609081,0.07491849855924318,0,0.91577932377225,2.032857368599865
chuk1273,chuk1271,-1.982357124184713,0.05140005165614494,0,-1.838669780499,2.49999370418508
chuu1238,aust1307,-0.7156790336959673,0.030548206220725647,0,-0.19224689204849998,1.83953280742433
chuv1255,turk1311,-2.680225969844577,0.1091438112185593,0,-2.359200976706,2.1150162414695153
chuw1238,atla1278,-1.2817406047190092,0.04767353767390503,0,-1.39361480022,1.86600911565927
cici1237,atla1278,0.4874590550864202,0.05124871488521262,0,0.8358299746375,1.89173788007137
chin1286,chin1490,-0.550642159550387,0.07099237901919492,0,-0.8562533211950001,2.17834160020635
cent2087,aust1307,0.206930853352362,0.05944767954235979,0,0.228022115132,1.84601368359876
sout2912,aust1307,0.18842773134210544,0.05236377465093957,0,0.22663117262675,1.84509691698444
coat1243,otom1299,-0.30069886907365007,0.06132937810533901,0,-0.2381244553725,1.99543099755119
coca1259,tupi1275,-1.2175729171732863,0.035300673820272105,0,-0.90467065019225,1.995148143354365
coeu1236,sali1255,0.8710609192005072,0.12425884960945759,0,1.82714922557125,2.0512563298724302
cofa1242,cofa1242,-0.48232300583818977,0.06452854484541659,1,0.57249256548025,2.158043000122345
cogu1240,chib1249,-0.5705604006539804,0.06375717482959964,0,0.0048206193115,1.9400538068539
inga1252,quec1387,-1.7554361671555965,0.08545710141441452,0,-1.7357073014975,2.0580171318490352
colu1241,sali1255,0.9207193543878653,0.1162861714448798,0,1.7997509311964999,2.051856047687025
coma1245,utoa1244,-0.2169102747305409,0.06502694532563216,0,-0.16556249400950002,1.984420513634695
como1259,sali1255,0.9708036550803442,0.11496549197473248,0,1.6563967775325,2.058643101030335
cong1236,atla1278,-2.131453033419703,0.037562567199701066,0,-1.61473482586375,1.86632885031966
copa1237,otom1299,0.30783662089233954,0.05771665949391907,0,0.66450995034625,2.034540531113125
cors1241,indo1319,1.6517154464518582,0.0424488626905041,0,2.8047217558234996,1.94374589687814
cosa1234,sino1245,-2.0712616185741,0.030456578421456444,0,-1.100885026208,1.88777296963297
cota1241,aust1307,0.08498223017711085,0.06721275621045483,0,0.7022540920175,1.862636373907835
cree1270,musk1252,-0.6685764662495062,0.061653819268806094,0,-0.7292738331374999,2.04307253637876
crim1257,turk1311,-1.6982351431720342,0.0878605990508381,0,-2.4146115181649996,2.096305828634785
cros1244,atla1278,-0.2581802184358414,0.05369474965539626,0,0.42473011678125,1.9041702690201001
crow1244,siou1252,0.19641884846463986,0.06658552427893,0,0.72008437686,2.081842843062245
cuaa1241,aust1305,-2.6568996096207105,0.02354670503251187,0,-1.395632426044,1.910388083495195
cube1242,tuca1253,-0.6449504957266409,0.06206947165951812,0,-0.0357440832865,1.9718582433583798
culi1244,araw1282,-1.6849152545689376,0.05567649715503834,0,-0.91999413633525,2.141158453266005
curr1243,araw1281,-0.9117190886842893,0.04376357659190716,0,-0.2709869981825,1.91725152069702
cusc1236,quec1387,-1.4876657246791434,0.08471055681546477,0,-1.7006115765025,2.072199700386845
cypr1248,afro1255,1.106686536307395,0.046340315966371844,0,3.1654308550175,1.909359232993725
czec1258,indo1319,0.25194329273152083,0.04765962684561074,0,-0.07175577880625,1.9187574659375901
daai1236,sino1245,-1.340887580211852,0.03112648843726458,0,-0.9206688800995,1.904677600993465
daak1235,aust1307,-0.8744404781264474,0.06069419988992121,0,-0.5847927281125,1.9045245861072848
daas1238,afro1255,0.037767199605666796,0.0494671134478715,0,1.29018200457,1.84728809152562
dadi1250,tebe1251,-0.48794779496085644,0.06182466880608727,0,0.0745458712725,2.156375839364035
dagb1246,atla1278,1.186420138235361,0.06732503702608074,0,0.7736706227745,1.88130746730101
dagi1241,narr1279,-1.6333653472535246,0.06914845239647695,0,-0.9165007973499999,2.187534320820645
daur1238,mong1349,-2.282935574123125,0.07287503175429084,0,-2.6600631431096247,2.21375075955294
daha1245,afro1255,-0.4521027475287147,0.03679333731114006,0,0.827187314368,1.88010693041815
daka1243,aust1307,0.831831970169624,0.038308888219971894,0,0.79172530711125,1.88100909419911
damp1237,aust1307,-0.9225056724006437,0.05089674651929935,0,-0.578367804923,1.89823562018676
dana1252,aust1305,-1.808395373996587,0.03295813569293989,0,-1.1595765028395,1.89283089093375
dand1238,drav1251,-2.740352046876148,0.07910210596502064,0,-2.98721710536,2.0962126999729502
dani1285,indo1319,0.8912061683324868,0.03511079226064505,0,2.5636075879274998,1.9541178181899
dara1250,indo1319,-1.1443933919630596,0.03747950821816291,0,0.09655230306575,1.903945590639675
dard1243,daju1249,-0.6380706516542347,0.04966295956902651,0,-0.989765697648,2.247697831899555
darm1243,sino1245,-1.397839396886054,0.04955054443343142,0,-0.18681556618125,1.9029978884813952
daww1239,nada1235,-1.571987957735166,0.06266185940018568,0,-1.073149191301725,2.1161888387377497
dawr1236,gong1255,0.6127505859266132,0.06416136264188041,0,1.3749592124049999,1.914741213977625
daza1242,saha1256,0.0269765316425506,0.0374437720350417,0,0.09701932072475,1.999673255375325
defa1248,ijoi1239,0.32645593543770923,0.043537651432666004,0,0.4949804798465,2.16176394870743
dege1246,atla1278,0.12272718348774865,0.051309708983464423,0,0.91080363103625,1.892957318990765
dehu1237,aust1307,1.144180647855518,0.030477002523405627,0,0.91925141981465,1.90180435717306
dera1245,sena1264,-1.6349603232371668,0.0552391199204871,0,-1.2990852914285,2.165528616772805
dera1248,afro1255,0.7529102486614454,0.03559520717698708,0,1.007952076948575,1.879143275942155
desa1247,tuca1253,-0.6707876080234114,0.06405598381641774,0,-0.048443086726,1.9685552806276698
dhao1237,aust1307,0.23266825463838725,0.059693438148301546,0,0.4689246171825,1.889550259345055
dhar1247,pama1250,-1.6005231024453699,0.08787763284230134,0,-0.7236657638324999,1.9846845996735851
dhim1246,sino1245,-1.310595954587279,0.03063097371644166,0,-0.8188083057575,1.9120696196669602
dhuw1249,pama1250,-2.2135214125289373,0.0810810414016786,0,-1.23025753520875,2.026014014140645
dibo1245,atla1278,-1.0636106058094588,0.044573705832524416,0,-1.434503734653,1.89243745191901
dier1241,pama1250,-1.5455814551265852,0.07814396746316515,0,-0.99169179309775,2.0276877767098203
digo1243,atla1278,-1.6512500492975477,0.030863687741136597,0,-1.55773311299225,1.8764658248937351
dima1251,sino1245,-0.7689305570911672,0.04966365865567461,0,-0.472378572707,1.8806441979322348
dime1235,sout2845,-0.7167802758857338,0.06993393808479828,0,-1.409856784565,2.26129718719258
diri1252,atla1278,-1.8959085520299808,0.05042454135917209,0,-1.5829279106657501,1.89609237151513
dizi1235,dizo1235,-0.41591492356777304,0.03922543349308471,0,-0.077606118923,2.212144107021775
djam1256,pama1250,-2.1455395669638238,0.07980790787336062,0,-1.23406867356275,2.021462020121385
djee1236,mani1293,-2.2627355595763197,0.053493660599461965,0,-1.32733207272475,2.204884671742195
djeo1235,nucl1710,-1.0234125948575157,0.055311144312963405,0,-0.57690902412,2.051633984514255
djin1253,pama1250,-2.1998295422862078,0.08801809459326343,0,-1.16785988688225,2.039898160782835
dobe1238,aust1307,-0.4371668301316134,0.06600670522713067,0,0.27940742756299997,1.88934380436543
dobu1241,aust1307,0.3724629718361606,0.033369566617239846,0,0.5279517104655,1.884556957583005
domm1246,nucl1709,-1.2090088169514819,0.05462989898521971,0,-1.0464041132630002,1.90763361167739
doma1260,indo1319,-0.5932622274823538,0.02962266164072878,0,0.0523863453205,1.9392112391543699
dong1285,mong1349,-1.835434079309428,0.07209588046667627,0,-2.65525196386,2.21529336537929
doro1266,manu1261,-1.4198140055619337,0.054721613166922034,0,-1.41124514473,2.14994784419666
drun1238,sino1245,-1.035463823745611,0.0643312260818313,0,-0.47538152492249997,1.90878148336436
dual1243,atla1278,-0.6746897664357923,0.05390363698436687,0,-1.59688741385,1.911103227243525
chug1252,sino1245,-0.7772637790904864,0.04357528299583616,0,-0.4219057357149425,1.9194053761092649
dumb1241,aust1307,1.2396099112555765,0.01511625128739409,0,0.8861435904652499,1.89014291691735
dumi1241,sino1245,-1.4540404929251158,0.026515553750546834,0,-0.690104837029925,1.902646189906195
duna1248,duna1248,-0.7421169998617616,0.06239383802922036,1,-0.068767733084,2.1418153349921702
dupa1235,aust1307,0.7476969144166459,0.05946548136657748,0,0.6490988316299999,1.88433838312317
duru1236,drav1251,-2.640293321813937,0.07992692799755,0,-2.6219312889274997,2.10940797153234
dusn1237,aust1307,0.04343073854396095,0.0415527729676229,0,0.6721631688812499,1.903666898414095
dutc1256,indo1319,1.465590885272893,0.032124636572304494,0,2.5174819764077503,1.96050187569816
dyir1250,pama1250,-1.9969871553368006,0.07330319014148903,0,-1.22522142736775,2.023940340132445
dyul1238,mand1469,2.209739820315357,0.060395147311798125,0,3.32959704602,2.027662403707135
dzao1238,hmon1336,-2.166626254562401,0.04070668153251203,0,-1.21933207249,2.0207091645620503
dzon1239,sino1245,-0.8486009612459423,0.026964906922128273,0,0.059694832458500005,1.8546436383589948
east2443,aust1307,0.9900893729696151,0.03413793191606265,0,1.1920804578522,1.8878015797752399
tang1336,sino1245,-0.741768151860392,0.04758560249698455,0,-0.10100528678000001,1.894364615996155
nucl1235,indo1319,0.28112679685863917,0.06349023564455737,0,1.72639858672,2.0317612822042648
east2379,pama1250,-1.5523697412597834,0.09303542561036857,0,-0.181234836781,1.996574693909405
sout2896,aust1307,-0.04441226912222005,0.057492984187358515,0,0.11705417020625,1.8778196865974501
east2555,tupi1275,-0.8877650475945078,0.05581921061213106,0,-1.06315247825425,1.991757851264095
east2332,aust1305,-2.4934359654742266,0.03479185566369798,0,-1.2160853365178999,1.89912803514714
east2563,aust1307,-2.094211545171668,0.055932573926468436,0,-0.6140554195775,1.865340949699045
east2690,afro1255,1.3138646422248863,0.04234223187525184,0,3.159523702735,1.9184382816849
east2556,otom1299,0.3451994872794415,0.05265719318897164,0,0.45666573939175,1.9965903274572399
east1236,aust1305,-2.6510815686057305,0.026506302440277782,0,-1.19619084547625,1.89896947192537
east2342,sino1245,-1.898855262466482,0.027726342470191657,0,-0.8889040101550001,1.910522732545335
east2782,atla1278,-1.478570794454033,0.042094691704071464,0,-1.3649966987375,1.8966117258769448
east2328,ural1272,-1.947518112704903,0.034394063481912165,0,-1.4212873114725,1.9827742523729501
east2333,aust1305,-2.700745172301265,0.03309157136097488,0,-1.4348256970335,1.901492383392465
east2773,sino1245,-1.5253861634783972,0.02930267214526356,0,-0.978204752651425,1.918029406976335
panj1256,indo1319,-0.8611534241759407,0.048368664741554844,0,-0.07844044131925,1.9479882575109
east2485,aust1307,-0.6092750703812189,0.06508521920816777,0,-0.21132605959325,1.898028510320965
fina1242,aust1307,0.7924342318524229,0.051373546058714886,0,0.7520761786225,1.87329029647505
east2694,aust1307,0.6766132377394913,0.06611611188946899,0,0.588902559263025,1.86440131453828
east2447,aust1307,2.150861201400585,0.06832552452346544,0,1.9715305336775,1.8674471753278001
east2516,nucl1709,-0.47349101191373033,0.06128631987971708,0,-0.6621206829441,1.90770544815226
east2440,aust1307,-0.17005385126242525,0.05433707179451832,0,-0.06153932918800001,1.904891516857665
huaa1248,tuuu1241,-1.6552428606005172,0.050237299389504955,0,-0.50570545921875,2.281125879222535
wall1257,aust1307,2.232440102041446,0.06740543035781581,0,2.0217069532226253,1.871413236421105
egaa1242,atla1278,0.9293933707674904,0.0464026964183942,0,0.9747516615352501,1.924181435425655
egyp1253,afro1255,0.921816826271499,0.04227290883926766,0,3.1545493643025,1.91772097734489
eipo1242,nucl1709,-0.9094489007503543,0.06944770058897992,0,-1.00122312034225,1.91849904314802
ekar1243,nucl1709,-0.5383855326974564,0.021042576249562288,0,-0.40645881642250004,1.93146908965188
elem1253,atla1278,0.05674994068111505,0.05074134715363429,0,0.92499904687625,1.9045655822799699
elip1238,atla1278,-0.818208892475005,0.04871907074333846,0,-1.6108022859500002,1.9342233779376699
elna1235,utoa1244,0.7769686979697685,0.06158100765166724,0,0.414828972212525,1.9736903901475151
emae1237,aust1307,0.8072964658874697,0.0475396147553113,0,1.979504578592,1.864667443560625
emai1241,atla1278,0.329794498736233,0.06443054719268607,0,0.8783651148125,1.880916292430715
embe1260,choc1280,-0.42331346181404395,0.06826285382174241,0,0.48128227760575,2.0042048668814
embe1262,choc1280,-0.17129769446156065,0.05617377246445126,0,0.67030982363925,2.005740777362565
stan1293,indo1319,1.7283956995840346,0.041332368550964935,0,2.53020146157525,1.962741437467315
enuu1235,sino1245,-2.070087264683604,0.05217425883071077,0,-1.0106987284617501,1.876379314487995
epen1239,choc1280,-0.14038829309448553,0.0574132816649516,0,0.66852825409975,2.01871906180472
ersu1241,sino1245,-1.0546162587094554,0.03688140522786113,0,-0.48373690602855,1.902386944264855
erzy1239,ural1272,-1.6679144745813996,0.045991825968002505,0,-1.1251215005025,1.96121621083252
esan1238,atla1278,0.24501789373517213,0.04635132496666644,0,0.8864426271525,1.88057666484283
esee1247,koia1260,-1.1177844545113822,0.060956095388882366,0,-0.55850391219825,2.01991070662179
esee1248,pano1259,-1.5429746783844638,0.07675447992055533,0,-1.25174487631,2.02992617216084
esim1238,atla1278,-0.16196457788366597,0.0579864854315004,0,0.479448785583,1.98600625987402
esto1258,ural1272,-1.7804426410500707,0.03957734486855838,0,-1.6076204191175,1.950782195214055
eton1253,atla1278,-0.910295981407493,0.05329733601908965,0,-1.60483234535375,1.894853601956135
even1260,tung1282,-2.3028207026885017,0.05792721635985121,0,-1.96053254143,2.08933081598747
even1259,tung1282,-2.5093967587868193,0.0477968243443865,0,-1.95684583056225,2.081348579841415
ewee1241,atla1278,1.0828879499685935,0.054224407767426874,0,1.4006858972225,1.924190408059505
fala1243,sino1245,-0.9768614960194111,0.032030407548734915,0,-0.71575221298675,1.898885603393815
fare1241,atla1278,1.2248794293346519,0.0679420636557754,0,0.7738981207287501,1.8846150886114401
faro1244,indo1319,0.8849524061992147,0.028216637671074372,0,2.5851639906174997,1.951473811925045
fasu1242,fasu1242,-1.3971563271174117,0.03258431073309208,1,-1.5229469175752501,2.18182233446763
fefe1239,atla1278,-0.40245960901785294,0.057351435243570364,0,0.8316230763265,1.9140706534043201
fiji1243,aust1307,1.5282209317078592,0.06153150089231379,0,1.77132085724,1.88274736600925
fili1244,aust1307,0.4412426586175152,0.0690098844327757,0,0.6955243611385,1.85447734930192
filo1235,toto1251,0.019630865357385,0.04937438040467189,0,-0.49164650141265,2.03301494161333
finn1318,ural1272,-1.8220275783189948,0.035880359245114124,0,-1.6085299323975,1.93650219483965
fipa1238,atla1278,-1.7626820782451356,0.04115246173700048,0,-1.30152109560825,1.87709380901401
foii1241,east2499,-0.74886255867216,0.052772716685104346,0,0.0721272588475,2.109137826562405
fonn1241,atla1278,1.0177175850619242,0.057411241220150046,0,1.3791583011325,1.905765758217795
fore1270,nucl1709,-1.3564721134755158,0.0641459365933854,0,-1.0015858968874252,1.919543450330115
fore1265,ural1272,-2.4508321020516126,0.044457232217997966,0,-1.790198779286025,2.04415171163267
fran1266,mixe1284,-0.12995946987117715,0.059717404378820185,0,-0.3679681864875,2.05266358767578
stan1290,indo1319,1.8889031360525426,0.039746900258223854,0,2.8626132223229996,1.937923271174455
fuln1247,fuln1247,-1.1649635873244368,0.04527671734456489,1,-0.7479135411396001,2.195437407136545
furr1244,fura1235,-0.9858680472497904,0.06173377070677931,0,-1.17417866916125,2.335811869955915
furu1242,cent2225,0.06750145924297575,0.0606625778802137,0,0.26125177875024996,1.8413729171822801
futu1245,aust1307,0.9195918787760844,0.05733485738634044,0,2.006541266523775,1.86297889355735
fuyu1242,fuyu1242,-1.780409047991209,0.06537220360770489,1,-1.797954067475,2.13687202192544
gaaa1244,atla1278,1.0358314672330793,0.050479923703146246,0,1.410831980555,1.903943360280105
gaaa1245,atla1278,-0.18319106769730875,0.03903866943331418,0,0.741364977794,1.9437411696774052
gaam1241,east2386,-0.38478096949099894,0.07619303018343905,0,1.2675467615175,2.270853325323195
gaan1243,afro1255,0.7507374386914245,0.04860153371849614,0,1.08680221265625,1.869264753345795
gada1258,aust1307,0.37357492730751296,0.06984102710166534,0,0.6193645815915,1.88145860846753
gade1242,atla1278,0.12249826104818615,0.05829263594848402,0,0.81213799486825,1.8752255992227451
gaga1249,turk1311,-1.4242315477118526,0.08883114630556294,0,-2.42833913389425,2.11372945637316
gala1264,afro1255,0.7011824487736688,0.028364092382873445,0,0.602841166695,1.8500849161708
gale1259,nort2923,0.29272172050339995,0.07438467368821441,0,0.7916377127225,2.006854362851655
gali1262,cari1283,-1.0678264132183068,0.0683958816933154,0,-1.0443146085817498,2.01290189171901
gali1258,indo1319,2.2099004579276205,0.06636634301772004,0,2.88680960827325,1.9270192800819599
galo1242,sino1245,-0.5601231281707468,0.031022948479798175,0,-0.35263661911825,1.868242902239395
gamo1243,gong1255,0.6684831555109663,0.06916312608126331,0,1.3709520341274999,1.919500961803915
gand1255,atla1278,-1.4816011583789304,0.034309166602189606,0,-1.07239676286,1.8563463577290351
gang1267,tang1340,-2.189537182008095,0.06155701195130061,0,-1.6146888218525,2.1282136168932446
gang1266,sino1245,-0.995585504046694,0.031187214328285754,0,-0.85273751692,1.904084455039985
gant1244,nucl1709,-0.9998177700291353,0.05160217496999837,0,-0.57193550929425,1.92899422441742
gapa1238,aust1307,0.2506597888807815,0.03446444691878967,0,0.38066548951909995,1.8784056386245949
boht1238,afro1255,-0.4712375242255177,0.07776483989590519,0,2.63386533023,1.9127297302598851
gari1256,araw1281,0.7627678306923595,0.07003337020592372,0,0.10755226547225,1.9526973113917099
garo1247,sino1245,-0.8465365051559536,0.03500563167879723,0,-0.4353597180529925,1.8893880848449252
gara1269,garr1260,-2.096047006444314,0.058393467800354946,0,-1.300094873587325,2.1868262247076498
gata1239,aust1305,-1.8837462931618199,0.05693277775034187,0,-1.0363642418635,1.8938540641026451
gayo1244,aust1307,-0.9014388963923194,0.05380602000932196,0,-0.31157041911350003,1.874302270195165
gbay1278,atla1278,-0.9514540222062486,0.051851743195951205,0,0.07787202032675,1.842966718141275
geba1237,sino1245,-1.6365037077749203,0.03173450563848917,0,-0.9019672673282499,1.90401574086755
gebe1237,aust1307,-0.2251601865283464,0.048457262413707326,0,-0.06871857234975001,1.9007802858000251
geda1237,aust1307,-0.7133926028706251,0.05186728996256796,0,0.09765541319474999,1.8753502275897351
gela1263,aust1307,1.007380650498667,0.03228717734055746,0,0.96573132284,1.887093842558495
geme1244,atla1278,-0.9347800601225158,0.04918145500131206,0,-0.24145032926850002,1.837480299941685
nucl1302,kart1248,-1.1837535957528016,0.03877582917628298,0,-1.815016148047,2.222422846486655
geru1240,afro1255,0.6959013831006833,0.03099424826158838,0,0.653466059556,1.8505104223814248
gese1240,aust1307,-0.7788821064565807,0.05741404399792356,0,-0.00796757361575,1.9008056962021298
ghad1239,afro1255,0.41588617405719686,0.043275843455001954,0,-0.05260857407175,1.918932545696785
ghan1242,aust1307,0.7611476809501946,0.03192915771071519,0,0.688458746554,1.8965605421977552
ghar1239,aust1307,1.3553495877196933,0.04242689736380025,0,0.8360779396325,1.88525507106471
gheg1238,indo1319,1.0160123388354552,0.029386516237687153,0,1.86741159336875,2.01648318584761
ghom1257,afro1255,1.54500950828147,0.04818685044129262,0,0.29488449598325,1.91321296622718
gida1247,afro1255,0.634659404262332,0.0361944686218044,0,0.9622112065745,1.8707175531318199
giiw1236,afro1255,0.569236838125045,0.0496407672075789,0,0.5898589027725,1.858629636978355
gilb1244,aust1307,0.6391274380932799,0.041946038512856235,0,-0.06981306648725,1.8817661839341402
gira1247,nucl1709,-1.220915952152287,0.05750709772340754,0,-0.8567948426475,1.981494745206325
giry1241,atla1278,-1.498944451435893,0.03274277862761944,0,-1.5568042555042498,1.8805343724419599
gizr1240,east2503,-0.8420336250758249,0.06754851170181679,0,-0.824183701146525,2.094809859867145
glav1244,afro1255,0.6250770329438426,0.02225885064215625,0,0.803501324118825,1.869042941762765
gobu1238,atla1278,-0.7206260100178834,0.053394755094615685,0,0.267708292387,1.827542631544135
ghod1238,nakh1245,-2.2629723545420513,0.07489560670210574,0,-2.5040524863774998,2.15384514360036
goem1240,afro1255,0.8603743162003218,0.04931032615359523,0,1.0798642369075249,1.880260856785535
gofa1235,gong1255,0.5443119182899963,0.0708757888469186,0,1.309981111246,1.9138199824086648
gogo1265,suki1244,-1.454977256128429,0.07197663831883261,0,-1.3026319252035,2.15803248032182
gola1255,atla1278,0.9934742414705757,0.04835510379527787,0,1.747051856322,1.929562787773665
goli1247,nucl1709,-1.20922400416987,0.05802144361462389,0,-1.0463871434679999,1.9070754805676349
goon1238,buna1274,-1.7796304096874587,0.08035767762448431,0,-1.341899479906,2.21453048621834
goro1270,afro1255,-0.9501613042398056,0.0395348821006655,0,0.39922660363125,1.883755718355155
pare1266,aust1305,-1.750379414355943,0.03876542632771439,0,-1.0606063835914998,1.900230120632275
gras1249,koia1260,-0.7707380227658651,0.06050341313167838,0,-0.5068415647162501,2.02203945092029
guah1255,guah1252,-1.5296149480353054,0.06441965982479449,0,-0.6954824759875,2.130767230734055
guam1248,barb1265,-1.151257050388958,0.06417733114084498,0,-1.09213355396275,2.08747349905824
guat1253,guat1253,-1.3015517971001525,0.061709975616177005,1,-0.7838552114649999,2.1793329486822497
gube1234,atla1278,0.7264446367151713,0.050108709142146414,0,1.2198676406882498,1.924743688843555
gude1246,afro1255,0.715715776334919,0.04563561112388956,0,1.0187083517470001,1.8857832732992899
guer1243,otom1299,0.2930096266240746,0.04498189122509179,0,0.6203262358302499,2.0349565239819354
guhu1244,nucl1709,-1.1368291620331514,0.05309695659375065,0,-1.0555652985,1.93044097701627
guiq1238,sino1245,-1.0314747211469792,0.030388641908161523,0,-0.44665219836225,1.918279716021925
gulf1241,afro1255,1.3400081819389633,0.04799630697050188,0,3.137122547435,1.910402720237875
guma1254,aust1307,0.12656759032039835,0.030476769270901483,0,0.18516569938424998,1.8779097890878749
guny1241,pama1250,-1.0779451415292458,0.07436280078933438,0,-1.25023128679425,2.021650046007815
gura1251,indo1319,1.0407436962000336,0.05563275456066948,0,1.4622159486967,1.974322330967405
guri1248,guri1248,-1.558797947468056,0.06702579627103826,1,-1.30279862884675,2.1907554172746
guro1248,mand1469,1.8376611900058506,0.07604003882404901,0,2.8911207827850003,2.0074950499423903
guru1261,sino1245,-1.480364390026475,0.05755414793967835,0,-0.2848217990185,1.881432826234015
guru1271,afro1255,0.8212168340453903,0.029863625291174697,0,1.1837359733300001,1.9015748068748701
gusi1247,atla1278,-1.563658782147435,0.037373796304573895,0,-1.3315465870325,1.87671333648724
gugu1255,pama1250,-2.030743878835434,0.10603953781133478,0,-1.1487921431751,2.023834255848085
kwam1249,koma1264,-0.9605545948044405,0.05734047643443661,0,-1.18505933732,2.2134325776505097
gwen1239,atla1278,-1.712738705289019,0.03814786178571937,0,-1.3961292766432498,1.86982841740163
gyel1242,atla1278,-0.8715647005981721,0.05445236846815799,0,-1.41524018072475,1.92276322710847
haaa1252,atla1278,-1.8555402728986738,0.040881782418828165,0,-1.39143123361725,1.88041074618433
hadi1240,afro1255,0.41606188205816264,0.031819568149156416,0,0.9584343359327501,1.8622445012187852
hadz1240,hadz1240,-1.478734436430463,0.06242809635568736,1,-1.2955908528825,2.45527440884554
haka1240,sino1245,-0.8797693937666788,0.04169953768625849,0,-0.58576009118825,1.9056162604919749
hakk1236,sino1245,-1.9018335419917054,0.05599548235408582,0,-0.6356389636562501,1.9039257364379751
hala1252,aust1305,-2.7265919430495362,0.03579232564604508,0,-1.3838896888774999,1.9019486581232852
halh1238,mong1349,-2.4564029635283235,0.062196473841482657,0,-2.66787293706777,2.2126782384011
hali1244,aust1307,0.753620579188389,0.025311936839582876,0,0.6767714941607474,1.891985444085155
halk1245,sali1255,1.0081574203378219,0.10395944909694256,0,1.6416546401263,2.06764473803667
hame1242,sout2845,-0.7007069795533214,0.06736534736444982,0,-1.4083884258325,2.2644319888542253
hang1263,nduu1242,-1.205565978411944,0.05314246921577367,0,-0.7682585675875,2.049260484778515
hani1248,sino1245,-2.168228107717475,0.029295199358875586,0,-1.0668169602495001,1.870023376195525
hano1246,aust1307,0.9786627401438608,0.0199777486649303,0,1.177651503518925,1.88605991703808
haro1237,aust1307,-2.0915109992090497,0.07824612158442842,0,-0.5883567859300001,1.856619488837735
haru1245,piaw1238,-1.462327833792813,0.0726204523271749,0,-1.6855037849955,2.137817267940385
hass1238,afro1255,2.0465796807296215,0.03894800303185534,0,3.1665401277775,1.90781855023429
hata1243,hata1242,-1.4952823517649922,0.10167430449981195,0,-1.5848706287175,2.1568775273234904
remo1247,aust1307,0.2879089523122793,0.0790368055698566,0,0.162484010702375,1.86777797196813
haus1257,afro1255,0.9714119370435337,0.033054360378985945,0,1.108888145037775,1.89121187597672
nige1253,atla1278,-0.03366436904942035,0.05725457129807836,0,1.714870098959625,1.9298721766416849
hava1248,coch1271,0.15022170690872005,0.03289057516825205,0,-0.02532605006575,2.12689016513058
hawa1245,aust1307,1.6761800463230156,0.06663805903800549,0,2.03380639631,1.871016414511005
sabu1255,aust1307,0.07536141696249425,0.042045824930373565,0,0.307390409948165,1.884688601725295
hdii1240,afro1255,0.676702695284972,0.0368040670916278,0,1.046844625057,1.8607336310099352
hehe1240,atla1278,-1.846145955879086,0.03488175865380591,0,-1.4087403985825,1.8593405530064149
heil1246,waka1280,-0.9492740047288798,0.0903646941830591,0,-1.278925721757775,2.150294017861215
here1253,atla1278,-1.9505394847990831,0.051613662253929035,0,-1.5295555046975,1.8939305424641248
hert1241,afro1255,0.5273487954468195,0.059585452250204396,0,2.561879923143,1.91025970083288
hida1246,siou1252,0.06361728572451475,0.06829457914806673,0,0.7238059042145,2.07524373212489
high1276,mixe1284,-0.2070978211431738,0.044720493655849056,0,-0.36143782179,2.046207055722435
high1278,utoa1244,0.28724162260860875,0.046828135682889384,0,0.300295678197,1.948539666144585
high1243,toto1251,0.02439890341158405,0.06430253433475007,0,-0.519071283755,2.02388139939749
hili1240,aust1307,0.1821209733104066,0.04378103606427502,0,0.6588089852000001,1.84197634397622
karb1241,sino1245,-0.7623340921405339,0.04485480024631564,0,-0.28833931370675003,1.890096447335015
hind1269,indo1319,-1.2587632705890013,0.05240845424696288,0,-0.08184801934425001,1.93724430430401
hinu1240,nakh1245,-2.197157484246545,0.07453821636494504,0,-2.5344288892825,2.13956530984668
hixk1239,cari1283,-1.7839068294838465,0.04068783353513649,0,-1.40175320156,2.035097592070235
hlai1239,taik1256,-1.8902315369454001,0.07081342669561574,0,-0.55669216293375,1.978540482116665
hler1235,sino1245,-2.0569431344772884,0.03256920320682046,0,-1.1666508757675,1.9015571140677952
hooo1248,aust1305,-1.264502277492936,0.034787206474114374,0,-1.2557874072265,1.90386772745387
hoav1238,aust1307,1.3242122289875415,0.037876406766033266,0,0.64797572199875,1.896848967881275
ainu1240,ainu1252,-1.78837395859348,0.04509883486264069,0,-1.96972785294775,2.601802970202635
holo1240,atla1278,-2.0330175301022626,0.04127538677399836,0,-1.73667593447175,1.8961333380870249
hone1235,atla1278,0.055567383423951,0.07212244232507652,0,1.15721936176125,1.871719294340295
honi1244,sino1245,-1.9997740942401165,0.03034584308530013,0,-1.05889371922985,1.867214937451245
hopi1249,utoa1244,0.22650957757947204,0.04853348528358436,0,-0.04811290531925,1.9705534456964
hote1245,aust1307,-1.0482695928633372,0.03808458219141946,0,0.034041429738,1.8960911447652848
hozo1236,maoo1243,0.06945948775492211,0.0677890150198929,0,1.3645746281564999,2.2131094064585097
hrus1242,hrus1242,-1.0587588278943683,0.05368323211107165,1,-1.9204525968250001,2.376841073926985
huuu1240,aust1305,-2.123983896340126,0.03119621962255266,0,-1.244628616515,1.8845851859237
hual1241,quec1387,-1.9725227308214819,0.08448777949717677,0,-1.6840056219988,2.08271962017123
huam1247,jiva1245,-1.2939866784479808,0.06117181817035007,0,-0.31947221717749996,2.0386786124147998
huar1255,utoa1244,0.06515269536432494,0.04600515080124362,0,0.21180967723145,1.99242045271118
huas1242,maya1287,1.0622751324579802,0.0856173379986896,0,1.1809665164425,2.126413545069675
huba1236,afro1255,0.7209741771641176,0.03226498434922714,0,0.8646240894815,1.86593966486517
huic1243,utoa1244,0.7833087680326895,0.058224650129880526,0,0.41499557766594997,1.976545827948105
hula1239,aust1307,-0.32279744351494,0.034849930762212565,0,0.1369069194195,1.85068157583899
hula1244,afro1255,1.207726970183299,0.03823022596539026,0,2.7986550741949996,1.90153102601655
huli1244,nucl1709,-0.9750292371624757,0.051338777335547814,0,-0.81472331598025,1.9137972240273151
humb1243,song1307,1.9302154271638112,0.06083451104444934,0,2.702352358768,2.081846696232695
hung1275,aust1305,-2.281679831150363,0.044678390747107284,0,-0.8508923346632751,1.89979711279628
hung1274,ural1272,-0.261529254207152,0.0213382545882248,0,-0.73030622632525,2.00084072433916
hunz1247,nakh1245,-2.152760644508669,0.06865708057097308,0,-2.537416431593,2.138966925943585
hupd1244,nada1235,-1.1710694873180088,0.06996326531989257,0,-1.07566323055025,2.107127237271035
wyan1247,iroq1247,-0.6443710750475373,0.06167860970654028,0,-0.30370280222,2.021119241161485
hyam1245,atla1278,0.059078761199200205,0.045194042123348675,0,0.48250944765375,1.8936227067368852
iaai1238,aust1307,1.0988419271906211,0.02045486361645933,0,0.8984042057475,1.88992817407176
iama1237,aust1307,-0.2350223395281601,0.04282977342447582,0,0.37628467650175,1.882156923159715
iatm1242,nduu1242,-1.1242767144129648,0.06939553251228264,0,-1.1798457605500001,2.07922036360529
ibal1244,aust1307,0.6947779545429198,0.05099500678802097,0,0.5855790810465,1.87729739759963
iban1264,aust1307,-0.9855791887077003,0.060040940442855344,0,-0.565831802435325,1.85119955037664
iban1267,aust1307,0.7649408449293953,0.0678204018082254,0,0.6452330058725,1.883327445474725
ibat1238,aust1307,0.4219059789828677,0.04808958991228308,0,0.322919957061,1.8775561368460951
ibib1240,atla1278,-0.10251711417112495,0.0540339337651415,0,0.894097503747,1.91119718692499
icel1247,indo1319,0.8924583905865715,0.02923092760908593,0,2.58719763346225,1.957488083464625
idaa1241,aust1307,-0.31233085593229537,0.062376510524056954,0,0.113356271175325,1.886162554091815
idii1243,paho1240,-1.5949860554708657,0.060416840130288106,0,-1.47521733487125,2.144152585402315
idom1241,atla1278,-0.0408631790320921,0.06445871768239152,0,0.50183103120975,1.88625278815414
idum1241,sino1245,-0.8032076179409935,0.03696455912555592,0,-0.7295504410395,1.909235763729225
idun1242,aust1307,0.27153039289829783,0.03083495302327182,0,0.5512075909937499,1.8813830140676
nucl1417,atla1278,-0.11818480492012075,0.05658986119565798,0,0.38859728911400004,1.87461028054572
igna1246,araw1281,-0.3171396668371464,0.0673434867849279,0,0.1949488412875,1.9265721509274898
ikkk1242,kuli1252,-1.1207083028271738,0.05693021134484072,0,-1.2565953384785,2.206764433753765
ilaa1246,atla1278,-2.1463690843595353,0.04285854166686632,0,-1.821864063946,1.8735767486679902
ilia1236,aust1307,0.7395317027542304,0.08916561567543324,0,0.7092944019327501,1.8663769240256252
iliu1237,aust1307,0.76548937192378,0.055307258125015704,0,0.7109745710165,1.881593266897285
ilok1237,aust1307,0.3135093096328721,0.06802680357003255,0,0.6552345968395,1.885069366185
ilon1239,aust1307,0.7502596295001054,0.056475097976483576,0,0.629143327968,1.880106503188205
imba1240,quec1387,-1.5710996667807293,0.07382005981013536,0,-1.731539611765,2.06730841531774
imon1245,bord1247,-1.6376092254755847,0.06961649662189694,0,-1.2913075243395,2.1645307995714402
ingr1248,ural1272,-1.9881624313914075,0.032907766940638274,0,-1.6408977521811,1.93756043863351
ingu1240,nakh1245,-2.23714710504478,0.0791086263601244,0,-2.3553809614674996,2.16294033975587
alba1269,aust1307,0.19386609497321083,0.05113907471186208,0,0.26931137777975,1.8474351570596599
iqui1243,zapa1251,-0.2544058759806128,0.09101821092787518,0,0.93623150022875,2.112274289212775
iran1262,aust1307,-0.28817337685898703,0.056646963259005804,0,0.5267930902189999,1.864296238192
iraq1241,afro1255,-0.9958366640565033,0.043212403901468334,0,0.3969775897115,1.8796659241173401
irar1238,aust1307,-0.41142206111088975,0.048824244410370254,0,0.56175184979975,1.91480355476435
iray1237,aust1307,0.2701580386125856,0.08615046034433353,0,-0.16932722686025,1.8875274758410852
iris1253,indo1319,1.7748171674998692,0.05167857635749065,0,2.25015517679,1.98816716619824
irul1243,drav1251,-2.8482543024699156,0.07866781076252612,0,-3.0158035339235,2.06159474262569
kris1246,skoo1245,-1.711971186493963,0.0661351327083718,0,-1.258778143352075,2.17961856117687
isco1239,pano1259,-1.9607534993488285,0.06808147343206936,0,-1.8343811257625,2.03442038267452
isin1239,aust1307,0.8378341907989706,0.06954744871954713,0,0.6401132315921749,1.8801092527590049
isir1237,kwer1242,-1.4943305230096204,0.10367016844408733,0,-1.389854207825,2.136913815514955
isna1241,aust1307,0.48032309634919745,0.06445368731825066,0,0.43555477944175003,1.8759290876703
isth1240,utoa1244,-0.15222531012385115,0.04658634415142389,0,-0.0068276591384999995,1.934387220602905
isth1242,utoa1244,-0.1449036272610403,0.06067148110414279,0,-0.008773452511,1.934509462958915
isth1241,utoa1244,-0.16572816371395044,0.05646526284091035,0,-0.009799989555,1.9329898908216898
ital1282,indo1319,1.3733117926757226,0.03277650553679616,0,2.8430079073425,1.93458824454836
ivat1242,aust1307,0.0763730572053669,0.06896795730863668,0,0.22105159425575,1.867059534401365
iton1250,iton1250,-1.2313277021941471,0.05299275987227747,1,-0.8479253755280001,2.18971224811321
itza1241,maya1287,1.0952393491362555,0.06318938630318373,0,1.4444379313225,2.0521072404371097
iumi1238,hmon1336,-1.9776064506812574,0.05081106374640434,0,-1.011383102105,1.9889761429141002
iwai1244,iwai1246,-2.0243837740930175,0.08312963884907588,0,-1.3032130637521249,2.16722225388607
iwal1237,aust1307,-1.060323978752812,0.037353043338165776,0,0.026123015568025,1.879232789190355
iwam1256,sepi1257,-0.4523104346606167,0.08954649288623005,0,-0.60065415556675,2.0345636716151096
iyoo1238,nucl1709,-1.363964609251269,0.057655395729250755,0,-0.79787434012625,1.91874085566734
jahh1242,aust1305,-2.386440840103638,0.03121661118187074,0,-1.3733830932625,1.887601442334865
jalk1242,mand1469,2.0956979460309126,0.07178581806815733,0,3.3067072714325,2.0155470565570797
jamb1236,aust1307,-0.9076717410497694,0.049338476259128836,0,-0.392958387521925,1.83347028598969
djam1255,mirn1241,-1.5122431137520356,0.04842680214732472,0,-0.42895481726749995,2.04692385683338
jams1239,dogo1299,1.8914895046682532,0.05728048006151653,0,2.165909639845,2.1922821613512697
nucl1643,japo1237,-2.2381860248481744,0.06263143228571239,0,-2.30521442379,2.2319533574171597
japh1234,sino1245,-0.65101429212542,0.03152267949232316,0,-0.024587691201600002,1.9210328831443149
jaqa1244,ayma1253,-0.8739925187161026,0.0818551811737996,0,0.37885382765975,2.07696640950741
jara1266,aust1307,-2.012633528609309,0.07237033193298394,0,-0.6205159318105,1.86783001378218
jaru1254,pama1250,-1.8905108994837478,0.09072655583911432,0,-1.07028964891925,1.9777920754858
java1254,aust1307,-0.7553309560838092,0.041600395821607544,0,0.07132903338975,1.911919491790705
jede1239,aust1305,-2.4446821832048293,0.024704121378629488,0,-1.4070308769489999,1.8895522582180049
jehh1245,aust1305,-2.5505516432117554,0.03355592215907976,0,-1.3815139693047498,1.90755834139169
jeha1242,aust1305,-2.4061543447837375,0.023465890477103384,0,-1.4038994228475,1.88942827895791
jenn1240,drav1251,-2.8817193631733273,0.06390694897620927,0,-3.0225425498750003,2.0751744957090947
jeru1240,sino1245,-1.4120234071092037,0.06367429793390407,0,-0.572992891865,1.895559217984715
jiba1237,atla1278,0.1127361667209015,0.07332206886305102,0,1.1708634232845,1.8703713603918901
jina1244,afro1255,0.5582210095332854,0.045170294827925235,0,0.8824655792480001,1.86748423368198
djin1251,mirn1241,-1.6922092619708282,0.060015836791475145,0,-0.631477939413,2.0706265326971103
jita1239,atla1278,-1.4382214901818031,0.05848697315457592,0,-1.055110455986,1.8698747219466698
jjuu1238,atla1278,0.18121927836746785,0.06923153831198083,0,0.7612073380205,1.92136150372377
juan1238,aust1305,-1.0977141469838871,0.04372765427597984,0,-0.9468250229249999,1.88708293671784
juku1254,atla1278,0.0922933074315272,0.06564269808910995,0,1.1766271149707501,1.867404406867865
jurm1239,cent2225,-0.7482194251120208,0.06790794085076195,0,0.248897755775,1.87093542644768
kaba1281,cent2225,0.0446613257182032,0.05097276907205389,0,0.114120839017775,1.8451139181704201
kaba1278,abkh1242,-0.9762803595110153,0.07443602356059137,0,-0.550101157196,2.113766365913865
kaby1243,afro1255,0.8587917155562996,0.03291844683535587,0,0.11221712813000001,1.90572898637475
kach1284,gong1255,0.7949666737161488,0.05471376448151292,0,1.3846193763295,1.9257929213784148
kada1242,drav1251,-2.838823910234607,0.05676901939196054,0,-3.027953768545,2.06801832822157
cent2100,aust1307,0.081683432996963,0.07346732447060501,0,0.4747419305135,1.88025816359568
kado1242,sino1245,-1.8442543232639446,0.04677832055120142,0,-0.21813945676425,1.8805063910095852
kafa1242,gong1255,0.3245992146637874,0.07050993657968456,0,0.99907402567675,1.913428639733775
kaga1256,aust1307,0.4346687896006296,0.05200538905705856,0,0.7183292353299999,1.8587500491260451
kagu1239,atla1278,-1.6732158161952513,0.06789914092245779,0,-1.45621842857425,1.877751018355735
kaik1246,sino1245,-1.519884474032445,0.021541877259688428,0,-0.37883126994024996,1.8985575697319201
kain1272,nucl1710,-0.6091248943659415,0.05229687332716484,0,0.4290304525075,2.007679829854995
kair1263,aust1307,-0.7776181952112693,0.04077122727929622,0,-0.12253448221075,1.8940541629434349
kaki1249,kaki1249,-1.3388734105585314,0.06609938959803495,1,-1.345982641385,2.15864390483278
cacu1241,kaku1242,-1.0842601477243743,0.06344449216327508,0,-0.7616357796012501,2.1510544415304453
kala1399,eski1264,-1.4027454274964437,0.06281379847805672,0,-1.8021625391852498,2.1233181002100947
kala1388,aust1307,0.4356883875116627,0.05362799962993256,0,0.394198579755,1.851396181387725
kala1377,pama1250,-2.192940700981876,0.06444949647113815,0,-1.1023975894045,2.0414214665280452
kara1499,west2604,-1.3729866749589899,0.08070094071171173,0,-1.377459701022,2.17925392939792
kala1384,atla1278,-2.0556033101968554,0.03342225959809722,0,-1.7281167657102499,1.8771805310678
kali1308,sali1255,0.5751371920479513,0.12294722441968098,0,1.8051565877067,2.0505911125724303
kalu1248,bosa1245,-1.0084847584872572,0.10037385469576293,0,-0.67183108037825,2.083380819940635
kamm1249,atla1278,-0.17566503877767004,0.05814343766095488,0,-0.019774600755,1.8940443531413251
kama1370,nucl1709,-0.9473636382318407,0.05989170728578173,0,-1.084281397359,1.918616799339355
kama1367,nucl1708,-1.3607658007356545,0.06632629891749604,0,-1.1111295168725,2.0471819013287202
kamb1316,afro1255,0.35601610438419595,0.03798517350601401,0,0.92246182323625,1.858969878180475
kamb1297,atla1278,-1.2594217589904348,0.04510224332150129,0,-1.1412554109722248,1.872552829784755
kamb1299,aust1307,0.4941281917368598,0.04649399189965478,0,0.59626206970925,1.8938249171507
kamo1255,nucl1709,-1.1461754553773127,0.03818351597210811,0,-0.942703246226125,1.9205261770369249
kamu1260,kamu1264,-1.1265857791044516,0.07176836591464913,0,-1.6844184570027498,2.10964355847611
kana1286,aust1307,-0.5814495317421323,0.05238028684829673,0,0.0913070744351375,1.9687558721758749
kana1288,daga1274,-1.1190600696474795,0.07365112797288012,0,-1.7231523283655,2.17640156717392
kani1286,nucl1709,-1.3507781476760408,0.0593460124542478,0,-1.078032292159,1.919319900573925
kank1243,aust1307,0.3088474991884289,0.045085005928127725,0,0.7523654323442499,1.87027056299743
nucl1305,drav1251,-2.848384957439693,0.047999418947029415,0,-3.0207428367275,2.0651715564254447
bidy1244,atla1278,0.5623288590454367,0.051091478918014084,0,1.31702622524225,1.90771335650065
kaon1241,atla1278,-2.28770575334359,0.035679155164557996,0,-1.6180042663735001,1.907618698784465
kapi1249,aust1307,0.0652194446840523,0.022961664746277793,0,1.68677836264825,1.85980858298618
kaqc1270,maya1287,1.0487477456029404,0.05661277138356063,0,1.4308281042625,2.05444988273058
kara1482,cent2225,-0.5142503797129333,0.06251577973616693,0,0.11108370291700001,1.856954060307445
kara1476,pama1250,-1.8789512619996422,0.09321027444098495,0,-1.0107296705070001,1.9941505969390851
kara1500,nucl1710,-1.2310008933720615,0.05724156000272789,0,0.07669744702875,2.056092543792635
kara1487,aust1307,0.6330486518649594,0.07229085023864891,0,0.4380296962165,1.87820746363744
kara1486,aust1307,-0.051687223346330705,0.03449708855806656,0,0.23830017372375,1.89242415513174
kare1338,atla1278,-0.532419403252741,0.043496409776048,0,0.45770886831,1.8531782501990248
kare1335,ural1272,-2.052419696306604,0.03012464905083552,0,-1.6436753691925001,1.94181151549764
kari1306,atla1278,-1.5674033263049276,0.05102540638803941,0,-1.627431582756,1.9142198279874951
kari1311,tupi1275,-1.3899562673098367,0.06121982206391609,0,-0.0849583184402,2.0368759014033504
kark1258,pauw1244,-0.9603274458699202,0.06543749603366199,0,0.3032904171355,2.14206317471521
karn1252,aust1307,-1.0581587266978358,0.0413460740637474,0,-0.158238711665,1.873881728990765
karo1304,karo1304,0.08576952776929894,0.05392928386381756,1,0.3913684008,2.203431945326685
kash1277,indo1319,-0.5343789202283422,0.03330749613025538,0,-0.040031830680000005,1.947529798509805
kask1239,atha1245,-1.967862021858561,0.10419343185517435,0,-1.7557289205838749,2.062132874402945
newa1246,sino1245,-1.607568681598638,0.03765439793255243,0,-0.9806152008087501,1.9184324529056251
kats1235,sino1245,-1.9190667810138613,0.029706110125347917,0,-1.13367265592675,1.9058276930366351
kana1291,katu1274,-1.2770848542588547,0.04822558788275447,0,-0.751450275164,2.17186620803367
kaur1271,kaur1274,-1.637480267617085,0.057740730422804774,0,-1.3406925013655,2.179814989531465
kava1241,aust1307,-0.6949447236666875,0.0243226264091051,0,0.10466312814,1.9279830694847448
kawa1283,utoa1244,-0.7656143604917632,0.055920130868019814,0,-0.0820042596,1.96544774268825
kaya1315,sino1245,-1.6708345764426116,0.04393313487219949,0,-0.902336212278475,1.90449714642032
kaya1319,tang1340,-2.1745986502954295,0.0733853437861913,0,-1.6181373378690251,2.126960831934265
keap1239,aust1307,-0.25899304100087545,0.039961903178994417,0,0.13669447495460002,1.84829516758098
keda1252,aust1307,0.3769314460989632,0.05905914349706729,0,0.05512032040425,1.894429445251645
kera1248,atla1278,0.8239236217758601,0.048480997624404464,0,1.68674173823225,1.9108776046113398
keig1242,kadu1256,-1.5564548028941148,0.058712656025990316,0,-1.06153380225125,2.249555927456255
kele1255,atla1278,-1.8254967121949597,0.04984392819117286,0,-1.6096650280495,1.910282010177075
kele1258,aust1307,-1.03516349111811,0.04648344744168284,0,-0.20792227689525,1.87656193602735
kele1259,aust1307,0.808887455926402,0.06129778483571652,0,0.59980459750175,1.883618538303095
keme1240,atla1278,-0.2471727747042084,0.050354753427045415,0,-1.197188562949,1.954593353008065
keng1240,cent2225,0.09194100891276816,0.041129936579727286,0,0.360174516454,1.8366088068282949
kens1248,aust1305,-2.325340734715457,0.03620515983844737,0,-1.41056396244025,1.88962250033539
kenu1236,nubi1251,0.13171151171303386,0.040526530807967844,0,0.198321995336,2.13375733353267
keoo1238,aust1307,-0.0089691961183456,0.06097675865167683,0,0.5388864304385,1.89163343761048
kera1255,afro1255,0.5771961185514054,0.05567868696769987,0,0.86310152515,1.90285179114165
keri1250,aust1307,-1.0495850723439606,0.05594349101367394,0,-0.5345152461432501,1.8417070776415851
kesa1244,nucl1709,-1.2936295777567528,0.04974192137357881,0,-1.03471575608725,1.98299767142117
kett1243,yeni1252,-2.4861523844975855,0.0669988164471282,0,-1.9895148146225,2.61799022459673
kgal1244,atla1278,-2.003947869699272,0.035770992905704846,0,-1.65432227744575,1.865901972866675
khak1248,turk1311,-2.9546522569595943,0.12230981068946752,0,-2.435057272915,2.104312525267905
khal1275,sino1245,-1.3339070143253986,0.03344945587170636,0,-0.6926296888736749,1.9016357030603
kham1282,sino1245,-0.5912955944702625,0.02941177403558345,0,0.0708304147975,1.85884240932879
khan1278,atla1278,0.019317709441193452,0.05638213888583625,0,0.93414979258525,1.910957121180965
khan1274,aust1305,-2.0356768428612493,0.03165015519846425,0,-1.22109785734225,1.88885258754074
khar1288,sino1245,-0.834639067367724,0.04478412830109247,0,-0.7489767943908501,1.89532192444462
khar1287,aust1305,-1.2299880096121654,0.03616407761429504,0,-0.9236830947250001,1.888198427131825
khas1269,aust1305,-0.6823654664622573,0.04053183211307022,0,-0.8398734616675,1.888597342818225
khez1235,sino1245,-0.7040615655330138,0.05091045357762157,0,-0.4021802142175,1.8998533139106648
khin1240,nakh1245,-2.0417853653533387,0.07341687326810341,0,-2.4741622371215,2.15666719256036
khmu1256,aust1305,-1.9804181055214958,0.05116433669549293,0,-0.9141794989375001,1.879881145682025
guan1266,sino1245,-0.5546505706433081,0.05116326941281709,0,0.0702612413175,1.912102683575355
khum1248,sino1245,-1.0253140039589543,0.02437627854429687,0,-0.91299377646125,1.90962721083188
khva1239,nakh1245,-2.1810154545933083,0.07367952364408624,0,-2.54323478456175,2.140522057878915
kich1262,maya1287,1.0268845605791714,0.06687943996886486,0,1.4523968770365001,2.0501222806403403
kiku1240,atla1278,-1.2802099343588091,0.050767172457979924,0,-1.29099729268675,1.8670427231263251
kile1243,tung1282,-1.9296910357085126,0.06133045205531464,0,-1.82115905701225,2.0614066805977
kili1267,aust1307,-0.42483350847471657,0.03927575043526314,0,-0.23047119828375,1.857709385103115
kimm1246,atla1278,-0.5799578962921466,0.03744848057793522,0,-0.06511541528475001,1.89794864794943
kima1246,kolo1268,-1.3575469885995268,0.05337335822072575,0,-1.73634637571325,2.0880510447677647
kima1244,aust1307,0.10815254273345565,0.06190277361205101,0,0.41185367010325,1.8830971319770748
kimm1245,hmon1336,-2.4152683820921586,0.06855729193790391,0,-1.11616579313,1.98470515911269
kina1250,aust1307,0.42038248907063575,0.05794437303626702,0,0.61437530481525,1.854913054966835
kinn1249,sino1245,-1.3158319089031882,0.04386823606511977,0,-0.43747806466904005,1.90729188599135
kiow1266,kiow1265,-0.33606458910259096,0.04564506609975197,0,-0.7445827800657501,2.146496706902685
kips1239,nilo1247,-1.1466859679557562,0.047240510910927555,0,-0.3894599109131,1.958955102786
kelo1247,timo1261,-0.207828908993137,0.06729259460856546,0,-0.30149564144700003,2.04082011655819
miju1243,sino1245,-0.8168262599162677,0.04348186509393918,0,-0.87864001054115,1.916523999721325
kobo1249,nucl1709,-0.9624585924841134,0.023098696534866507,0,-0.42771023936075003,1.9487855677941401
koda1255,drav1251,-2.834576767991307,0.06908757219253592,0,-3.0142276545825,2.06895332864697
koho1244,aust1305,-2.5275471526936144,0.03172590043027846,0,-1.425156944023225,1.89843009987517
koir1240,sino1245,-0.8614572864341692,0.032582431528019824,0,-1.1415755073109999,1.90562643130355
koit1244,koia1260,-1.181458898059179,0.059080464786619165,0,-0.387575504309625,2.034851898034055
koka1244,pama1250,-1.534306657250967,0.07554963879086608,0,-0.93162372301018,1.9904293834972302
koko1269,aust1307,0.9935027578008098,0.024379924002080923,0,0.357681600870125,1.879014644097175
kola1285,aust1307,0.2258893813925282,0.09372776699023785,0,0.588802731264475,1.89595439384758
kolb1240,atla1278,-0.35057350985273084,0.04746798768911071,0,0.203959408429,1.86499203868552
kolc1235,atla1278,-0.8999192178097717,0.048437378851367036,0,-1.2262129293850998,1.911885765103215
kolp1236,kolp1236,-0.9474960925177354,0.07309999750873838,1,-1.5016710391950001,2.2042495496519248
kolu1245,aust1307,-0.15186330492320105,0.02477794923053645,0,0.53520839235425,1.8863378609567851
komb1274,nucl1709,-1.3308685466687593,0.05308265919588666,0,-0.9310753451415,1.90537152371158
komc1235,atla1278,-0.25923969021795024,0.07397127565137654,0,0.328811422531955,1.8986189683324648
komi1270,sino1245,-1.121651088042758,0.03035565726583306,0,-1.12081421527975,1.920393321553665
komi1269,ural1272,-1.797759652698378,0.03296095780521012,0,-0.82504744712725,1.98312427981298
komi1268,ural1272,-2.1011402303940407,0.05009132902302105,0,-0.9429341889225,1.97898663428712
komo1260,atla1278,-1.8785214218453248,0.05200499102624064,0,-1.642496543624,1.9057671681250201
kona1242,east2433,-0.8646439125611183,0.05892908091965233,0,-0.367904213038475,2.08157982393808
konk1267,indo1319,-1.5376411748804488,0.04830904907710761,0,-0.0023639554650000502,1.925886698153345
kons1243,afro1255,0.33908374478654274,0.03143123336949726,0,1.216639499422,1.84164281409054
kony1248,sino1245,-0.6284899050185161,0.055883272693060614,0,-0.14898807518975,1.8848187542025552
konz1239,atla1278,-1.7941485130728467,0.04270022173108545,0,-1.3903617037575,1.884281078841455
koon1245,atla1278,-0.9970922512489397,0.04459500116314918,0,-1.38415810112575,1.909198414932535
koor1239,gong1255,0.7599573088300797,0.058159023845888634,0,1.4074039770125002,1.9304737194846
kora1294,nucl1709,-1.0649339461217417,0.04702043268283715,0,-1.11323465760025,1.9248866887042402
kore1280,kore1284,-2.0282810171124703,0.04059463219857818,0,-2.23139143986275,2.45605993402032
kore1283,tuca1253,-0.6735502652757466,0.06032507414785227,0,0.287090970054475,2.020163286199675
kork1243,aust1305,-1.9590350190683665,0.05731335954051357,0,-1.1949206693524999,1.90972914681171
koro1298,atla1278,1.1626062317489376,0.05628074744218929,0,0.7787724915225,1.90016457134776
koro1313,sout2948,-0.31691373401259026,0.06031710316812795,0,-0.32409430780725,2.0602360280161
koro1312,nucl1709,-0.9093203701634567,0.05127026637549239,0,-0.934211340964725,1.90956797461078
korr1238,drav1251,-2.7960705276192015,0.07227720246867242,0,-2.988090751865,2.092150151552935
kosa1249,nucl1709,-1.3378206251478022,0.052613347562597154,0,-0.8054722706449999,1.926185121874855
kosr1238,aust1307,0.19160891731877355,0.014393781049378308,0,0.2991836036168775,1.88269970456152
kota1263,drav1251,-2.90653762960399,0.08520734628919016,0,-3.0015555210475,2.08348252594604
koti1238,atla1278,-1.3701027295060015,0.0554338907237745,0,-1.577442832504,1.87073788453666
guan1269,tuca1253,-0.5618269118467043,0.04866720053196276,0,0.304472875624,1.9854459110230849
kova1243,nucl1709,-1.140261529039282,0.055972644583807116,0,-1.048850714839,1.9383897038788
kove1237,aust1307,-0.8163331244083274,0.026939613278758264,0,0.214341473879225,1.881157745897695
koya1251,drav1251,-2.7974001028809306,0.07894666525673774,0,-2.9850156819049998,2.084531187281775
koyr1242,song1307,1.719096204211666,0.05866098298254473,0,2.69603791684,2.07690738278787
koyr1240,song1307,2.0477464014386637,0.06212636698455054,0,2.6835442091489004,2.088069868574955
koys1242,afro1255,0.9120091855961003,0.03815006305970083,0,2.795455052875,1.9062214541936449
kren1239,nucl1710,-1.328138008792044,0.0504942065100931,0,-0.498778783955225,2.04605571132136
gbay1288,kres1240,-0.7417129303245564,0.04059234987266652,0,0.5671115845565,2.14564038180543
ngeq1245,aust1305,-2.528711492748725,0.036013088172355184,0,-1.186763821907,1.8970197285691
kron1241,kadu1256,-1.5775816934108573,0.05837842009888987,0,-1.0776980043250002,2.2627696153405
kryt1240,nakh1245,-2.047626850308098,0.07244941443294728,0,-2.50125763128725,2.1410731587932847
puoc1238,aust1305,-2.1739063164953443,0.03211410336256836,0,-0.9536320322177501,1.885325666323765
kuan1248,aust1307,-0.18961507795836555,0.03341760662093436,0,0.74364879087575,1.889157446520945
kuan1247,atla1278,-1.5121433602524483,0.03720332706787576,0,-1.4371991140012499,1.88331871587129
bayo1255,atla1278,0.9425440821763234,0.04370092977023323,0,1.6991487830329999,1.913743628759595
kuii1252,drav1251,-2.5100371358298945,0.08205837516132765,0,-2.9867344779925,2.084856403659535
kuik1246,cari1283,-1.9172135309063338,0.06907996084878455,0,-1.334246585572,2.042736812195335
kuku1280,pama1250,-2.09435944949575,0.0791838282233432,0,-0.6087790712175,2.024659978374295
kuku1273,pama1250,-2.003165075876989,0.10526128939523603,0,-1.151579461521825,2.032863240828465
kulo1237,aust1307,-0.631827394512451,0.06597082054059271,0,-0.38614504363,1.97290307158455
fait1240,nucl1709,-0.8192897369790462,0.05759869453842929,0,-0.63678194308125,1.930212498081445
kulu1253,sino1245,-1.310383765166529,0.02435962293547363,0,-0.871710890916525,1.920369409026935
kuma1280,nucl1709,-1.2106023719158605,0.059591785352258765,0,-1.0481950763249999,1.90504112497658
kumb1268,pama1250,-0.6327786872566068,0.09330572550756798,0,0.2552772650365,2.030201850233335
kumz1235,indo1319,1.1337317641243247,0.05635945727502349,0,1.4842566933075,1.9611237010926752
kuna1268,kuna1268,-0.6645477986892336,0.06566851901929195,1,-1.4576919428277,2.537661064146575
kunb1251,gunw1250,-2.3888423625083215,0.07320378038061752,0,-1.6697972024299998,2.132965309207795
kuni1267,kuni1270,-1.709448752344584,0.07050255873701675,0,-1.8111913428325002,2.140757768536295
kunj1245,pama1250,-1.9430687375163447,0.1386641371991241,0,-0.9178343019496751,2.02133569690207
kuot1243,kuot1243,-0.902065440681167,0.07032138137779935,1,-1.5922488420624998,2.190935805034115
kurr1243,pama1250,-1.238331937141222,0.08664739046932032,0,-0.38022303785425,1.9620532473674799
kurt1248,sino1245,-0.871881263433198,0.04780257259311951,0,-0.09947340432999999,1.887943261163715
kusa1251,aust1307,1.3010933029665588,0.025401429205944927,0,0.653748408115,1.893727343135935
kusu1250,kusu1250,-2.099694515985491,0.06596917054738777,1,-1.8641775417575,2.50840002623495
kute1249,kute1249,-0.7110639520640305,0.06376446346723982,1,-1.078815796485,2.193428139882665
kute1248,atla1278,-0.1576445451001254,0.0535483367759882,0,0.6595746687449999,1.88955585536685
kuvi1243,drav1251,-2.498654611586179,0.07664407802109259,0,-2.9850596889396748,2.079649537713885
kuyy1240,aust1305,-2.579186271458598,0.03252686341643948,0,-1.2057015390974999,1.89943824769782
kwai1243,aust1307,1.2394145941556267,0.02951627358836217,0,0.78759624062525,1.8848139527891652
kwam1252,aust1307,0.7889580030320668,0.03587452693114035,0,0.40924545098099996,1.8725564911574701
kwar1239,aust1307,1.3570395725352187,0.021083933351972107,0,0.9385463976716826,1.876381079021385
kwaz1243,kwaz1243,-1.4635574458032747,0.0414843216117576,1,-0.6453074331174999,2.15799760563885
kweg1241,surm1244,-0.9744993029662699,0.08770686423584581,0,-1.7785747064975,2.1434817376996103
nucl1595,kwer1242,-1.725252400580792,0.06928889771179365,0,-1.386296599665,2.1346968518257103
kwin1241,worr1236,-1.8784184725911157,0.09559796010687854,0,-1.5923820727255,2.1624954183654648
kwom1262,sepi1257,-0.8109666480641313,0.09062250913888562,0,-0.37963051638199996,2.00727669211228
nucl1593,kwom1263,-1.620881265759078,0.07824111266798625,0,-1.3126720844145,2.187979978546335
kxoe1243,khoe1240,-0.8235783232072845,0.0635565499780684,0,0.5244771268999,2.08195205346506
kyer1238,sino1245,-1.4223380168870403,0.02875867500245066,0,0.0571802957655,1.8533251069118801
cori1240,atla1278,0.0629601799177348,0.05174906718060349,0,0.6035769624662499,1.89499138147087
laal1242,laal1242,-0.02185792832052475,0.06396708826277452,1,1.2672331963080499,2.30474951084637
labe1239,aust1307,-0.27826015876286225,0.037974008126865674,0,0.11011809963800001,1.88230211346565
labu1248,aust1307,-0.953820461825075,0.03787735898910996,0,0.091766751035,1.893462644403675
labu1249,aust1307,-0.1848611614245682,0.06775389122417917,0,0.28688110266199995,1.877557517503985
lach1248,taik1256,-1.9387615574547037,0.06978464453161404,0,-0.39162405769374997,1.97454946903656
lafo1243,tege1244,-1.4961126611793292,0.06185828677067153,0,-0.8510340774227501,2.39962422953501
lagw1237,afro1255,0.5542602807884693,0.044619276069025875,0,0.9081935492375,1.87074623070116
zaye1235,sino1245,-1.7926054617568756,0.03307613073964389,0,-0.9035286048162501,1.9092580449554148
lahu1253,sino1245,-2.0371271107552795,0.036211034842996176,0,-1.1593816421625,1.894872884021035
lahu1252,sino1245,-2.0274133895305937,0.03063978807667731,0,-1.157062344645,1.89987055106843
laiy1246,aust1307,-0.2800131641789768,0.060383291625478376,0,-0.64933905624775,1.892981636692305
lakk1252,nakh1245,-2.203878359357266,0.07178194037331576,0,-2.449533832605,2.1617929360180153
lala1268,aust1307,-0.8937576682674346,0.03655279480957944,0,-0.170884014442,1.854317435664375
lala1264,atla1278,-2.171898266289431,0.03741403488994143,0,-1.7540770131132501,1.883523137015755
lama1277,aust1307,0.0044688701912913,0.05605504640502104,0,0.27217739575775,1.87138632350011
lama1288,afro1255,0.6713525933725544,0.037036625269521124,0,1.0502411520425001,1.86497692993316
lamb1269,indo1319,-1.6664840745317666,0.06072406015777904,0,0.0047336039184999994,1.935689212573325
lamb1273,aust1307,0.1773514392270887,0.06513794354360634,0,0.6183805015325,1.89466328699646
lamb1272,atla1278,-1.9559210964795208,0.036721892163863526,0,-1.5739443341452501,1.88930865263639
lame1260,aust1307,0.7605634721459998,0.04276939944603723,0,0.71770469492425,1.86572870961572
hela1238,sino1245,-1.4717745872188575,0.059050906482173315,0,0.03541210225975,1.853785574767145
lamk1238,sino1245,-1.0400638749973687,0.03836224627269442,0,-1.1431670936049998,1.899894617112635
lamo1244,aust1307,-0.9706498058767106,0.04516221086528834,0,-0.026321402985,1.889240682092895
land1256,atla1278,0.9827572619598666,0.045506164264890105,0,1.76291236539025,1.904113739238945
lang1320,atla1278,-1.8556475141928668,0.034457216093341445,0,-1.6388481036348002,1.89713675953685
lang1324,nilo1247,-1.2147754586223412,0.055851840528774364,0,-1.07507223254925,1.9521053715745649
laoo1244,taik1256,-1.80115360200557,0.06178500503121719,0,-0.429426997162,1.94212172318249
lara1258,lara1258,-1.9318429979702674,0.05994186889217307,1,-1.2588545422275,2.2054682249138553
lard1243,tang1340,-2.2699415426369343,0.08359565582737337,0,-1.5993894963835,2.131244244089485
lash1243,sino1245,-1.520482025769656,0.028723276540470633,0,-1.2334665372595,1.9062562943003099
teke1275,atla1278,-1.2835965344926705,0.04756068143655887,0,-1.64354496240025,1.89690326938461
latv1249,indo1319,-0.9286175160341297,0.04660239444419772,0,0.230191099560875,1.9404518015542251
lauu1247,aust1307,1.2554056647147045,0.04965622849103559,0,0.8857040538950001,1.8810462740219251
lave1248,aust1305,-2.675604998541023,0.024822092050043317,0,-1.40631948002875,1.9022510397092
lavu1241,lavu1241,0.80362712939275,0.045924146712430586,1,-0.13524620126475,2.15242935215588
lazz1240,kart1248,-0.9771820317271198,0.05251941497050624,0,-1.8251305901500001,2.22053941253531
lega1250,atla1278,-1.9859960516023714,0.03956044650541468,0,-1.7347063129052498,1.89639144249068
lega1249,atla1278,-2.051518573744536,0.04091379279529221,0,-1.7328894527445,1.88742487051418
lele1276,afro1255,0.4382943190826404,0.048780350592920754,0,0.8943243464525,1.89305420090374
lele1267,aust1307,0.3633948876710277,0.04710635020131158,0,0.781638933211,1.8630036383369
lele1270,aust1307,-0.6503514138694784,0.0632205076431882,0,-0.243832993095,1.88691627649709
lemb1266,nucl1709,-0.5039902819206116,0.049242148389453004,0,-0.524091737742175,1.92427383581797
leme1238,aust1307,0.6091871471055543,0.03379314441905769,0,1.16276431922,1.8804834388681049
bela1260,aust1307,-0.5762520954887762,0.06605369636537652,0,-0.3129852016065,1.88772241360353
lena1238,aust1307,0.8468688811441081,0.035819988062258674,0,0.4592191141085,1.869979957098725
lend1245,cent2225,-1.027732302280228,0.05817862134279601,0,-0.2257524931575,1.9076580606865399
leng1259,aust1307,0.8728238650420206,0.027504812846764756,0,0.747052544347,1.880128093551015
lepc1244,sino1245,-0.9662405900308256,0.03210595130959929,0,-0.25776702083924996,1.9384800880723252
lese1243,cent2225,-0.9388291800880588,0.05454550633146244,0,0.37103064294875,1.886496501673915
leti1246,aust1307,0.1208546106904824,0.06579375550166779,0,0.819846638924925,1.8935415343761401
lewo1242,aust1307,0.7536212200781958,0.03362947430878048,0,0.6634173460585,1.869772598170315
lewo1244,aust1307,-0.1485171850506695,0.06806329240803786,0,0.23276036263,1.868118059771175
lezg1247,nakh1245,-2.1198111235406842,0.07050586662787427,0,-2.499904608975,2.145984879743075
lian1251,sino1245,-0.8200996206351453,0.04531214521818892,0,-0.5270983606415001,1.89582997742755
libi1244,atla1278,-1.041674224800386,0.0618670352663365,0,-1.5148016376900002,1.869854248976645
liby1240,afro1255,0.5377363583005563,0.030596367662238888,0,3.1696582518399996,1.906255212674285
lihi1237,aust1307,0.1070752311283073,0.04050641270427009,0,0.39878193598075,1.88182253250395
liji1238,atla1278,-0.08052054182819,0.06580439874042626,0,0.39268187365225,1.9062647827181851
lika1243,atla1278,-1.8751301797859856,0.038445881812479855,0,-1.61070873021125,1.922044839409935
lill1248,sali1255,0.688674166081964,0.09911041309048857,0,1.7746185032075,2.05169485736758
limb1266,sino1245,-1.1072911147917055,0.027802223567234503,0,-0.43465566619275,1.923730573497585
nucl1327,limi1242,-1.305315739597728,0.08797445792798302,0,0.17806034814,2.13028806194427
limo1248,aust1307,0.6483774617644344,0.06158953799784809,0,0.58896235610475,1.872310470477815
lipo1242,sino1245,-1.946956218417247,0.02808602705566707,0,-1.1589286207535001,1.90112963388566
lish1245,afro1255,0.9020392520662117,0.0365778618941798,0,2.79758779562525,1.913613846080805
lisu1250,sino1245,-1.3781794792757749,0.02939409351068428,0,-1.1499842487107501,1.9047351432856852
lith1251,indo1319,-0.8418883825836397,0.054247705826448715,0,0.23324929892649998,1.9508479623164652
lito1235,atla1278,-0.9813795087995523,0.05981384180767864,0,-1.5060855741035,1.86521958590405
livv1243,ural1272,-1.9733761796332305,0.030202446707132118,0,-1.660718423338,1.9427628288266
loba1239,atla1278,-1.0633606797795725,0.05152710531649555,0,-1.5973279416400001,1.874169575380015
logo1259,cent2225,-0.8081037103739864,0.05377967011635355,0,0.19707806235275,1.8873092897152501
balo1261,atla1278,-0.95908944744834,0.04779730788843144,0,-1.318439437824,1.87147270514889
loka1252,atla1278,-0.2463413151887276,0.052621151735471536,0,0.41580926890225,1.90625346495934
araw1276,araw1281,-0.522347393391482,0.05177936825193424,0,0.13231832292125,1.954074062760365
lolo1259,sino1245,-1.8959850277465673,0.032878513553243505,0,-1.17170214404,1.90696599124515
loma1260,mand1469,1.8985605645899852,0.06340129765923339,0,3.3395688843975,2.0181404936445
lomb1257,indo1319,1.45679346259965,0.033128694105115895,0,2.861865640492,1.9295399213599849
chiq1248,chiq1253,-0.29608702952197574,0.0534660982188592,0,0.520501790105,2.14923395351112
acha1249,sino1245,-1.704774537350832,0.02693570756164302,0,-1.21495489536975,1.904829093433815
long1395,aust1307,1.3951917312625475,0.03288954061807829,0,0.9853949106425,1.9006812896387602
loni1238,aust1307,-0.5409690739887153,0.06078744566817292,0,-0.0559817591025,1.874514460914515
lonw1238,aust1307,0.7175077624280943,0.04944133080520808,0,0.6090128869275251,1.871344400446465
lote1237,aust1307,-0.38718769085373334,0.03706311729082085,0,-0.1635335871025,1.857075396946985
loth1237,sino1245,-0.7306751622011767,0.031889462076847334,0,-0.73577177914,1.9038162516846149
lotu1250,aust1307,0.052460482807332454,0.06305616181571434,0,0.34797270256125,1.880529656736675
louu1245,aust1307,-0.6181308099966325,0.04713023759330856,0,-0.28527966183025,1.89438703612519
vano1237,aust1307,0.20637660299643765,0.042238436751105224,0,0.034533866762,1.883501882865025
lowl1260,tequ1244,0.37784391885430846,0.061450049057302294,0,0.6312170257875,2.15484679826106
lowl1265,utoa1244,0.21532912880090085,0.04960561070647346,0,0.5415978699175,1.9858778167431
lozi1239,atla1278,-2.019177664710158,0.03701342777941496,0,-1.652039453387,1.87000657161831
luan1263,aust1307,0.2117449779628963,0.06105104012061098,0,0.82633222813925,1.88684488586012
onto1237,aust1307,1.193642158031953,0.03147396179592788,0,1.92835232296,1.877004662068735
lubu1243,aust1307,0.5848227921657034,0.06568954923583512,0,0.41369115233175,1.868857455557025
luch1239,atla1278,-2.0388361223627474,0.040797211270073894,0,-1.6214419398767501,1.907080405429065
ludi1246,ural1272,-2.1131376639020543,0.032563621720163624,0,-1.6614367142567499,1.9436813503393648
lugb1240,cent2225,-0.9541329033514889,0.07714678410102324,0,0.04340248542375,1.8855875874468548
lugu1238,atla1278,-1.574131536489575,0.05327901655184478,0,-1.2287523068665,1.8778579739972
lule1254,ural1272,-1.6854831561525163,0.03394813952079221,0,-1.35219178951325,1.94104623409103
lumb1249,atla1278,-1.0792646370001922,0.05219234604187126,0,-1.5315377661325,1.896336095438905
lumu1239,narr1279,-1.6913825331433703,0.05739544613351362,0,-0.851907202104,2.19338497990056
lund1266,atla1278,-2.1472795816455,0.045940796592483416,0,-1.60974640945,1.90743521318258
lund1271,aust1307,-0.6137181436864587,0.061167903736171286,0,-0.23808766386500002,1.880006085583125
luok1236,nilo1247,-1.1834442427000635,0.05767546751361663,0,-1.0896126364110001,1.95392633183585
luse1252,atla1278,-1.073071423235437,0.05788567869873497,0,-1.3255512974155002,1.87655020201792
lusi1240,aust1307,-0.9194338610373072,0.042421233914453585,0,0.1602776379525,1.8783710955699449
luva1239,atla1278,-2.0588317887043672,0.04696312567267363,0,-1.6157635687499998,1.90031001911197
luya1241,atla1278,-2.0244760962626263,0.05661471915740805,0,-1.5555746324105,1.9066653339513349
maan1238,aust1307,-0.48389764324732343,0.05098852198679474,0,0.799187356586,1.90394164337446
maas1239,atla1278,1.3694792966998515,0.05392165235861193,0,1.7331623697472751,1.9206569702143201
maba1270,atla1278,-1.3056724261511892,0.054235634284225356,0,-1.54546811955375,1.862124335275755
maba1277,maba1274,0.06142350016449,0.06806566321819481,0,1.264102280267425,2.1626379020187
maca1259,guah1252,-1.4788842953285457,0.06379225989896037,0,-0.686456855647125,2.133469937259945
mace1250,indo1319,1.0640314546018024,0.02455682074263664,0,0.2143674626675,1.91689723645259
mach1267,araw1281,-0.9439055100309193,0.048350683285478126,0,-0.04281744101325,1.93730265447658
maco1239,sali1297,-1.2698640833943289,0.04805399448501641,0,-0.7550399598374999,2.1561067679537302
macu1260,tuca1253,-0.41129987269846324,0.034198255967083646,0,0.25438274277,1.9808163697732701
macu1259,cari1283,-1.8579133566660149,0.05728277787839932,0,-1.3940874358185,2.0361133749697498
mada1285,aust1307,0.06484305420312289,0.022275035096832305,0,0.24227269358225,1.88000653035919
madi1260,cent2225,-0.6903970824107937,0.055324542825018704,0,0.309872350462275,1.906825724083895
jama1261,araw1282,-1.331471528650174,0.058934787724212345,0,-0.9128316736565,2.14043213886952
madn1237,east2374,-1.8851703471220027,0.05533935108734013,0,-1.41968642414075,2.257214362435135
nucl1460,aust1307,-0.18465977997100286,0.04940966619123738,0,-0.002801491831,1.88596939687187
mafe1237,aust1307,0.9644852568886849,0.025672418805545914,0,1.108880584381575,1.8671168277517198
maga1260,indo1319,-0.8243855482310651,0.03374342342212149,0,0.2848940608725,1.9071580136928952
maga1263,aust1307,-0.09487327400532014,0.053213508593410265,0,0.0336579659715,1.86629374845986
magd1235,otom1299,0.0331997492465822,0.05777046303250817,0,0.774838289513125,2.01842822892266
magu1243,aust1307,0.6585734441617596,0.07339527757541321,0,0.534613246175,1.873469544018985
maia1254,nucl1709,-1.1939899507244545,0.051597327546487014,0,-0.5209411815962499,1.9469555535843401
maia1253,nucl1709,-1.0946568485566948,0.052738772284325275,0,-0.4212303698865,1.955338092396795
mail1248,mail1249,-0.5385276223006933,0.07782011213704408,0,-0.045474751078675,2.09876492512256
nucl1594,mair1253,-1.3007918491179242,0.05841368339481795,0,-1.3935315633425,2.17109092418704
mais1250,aust1307,-0.521845006585733,0.037079391281624074,0,0.135523407625,1.892344398810375
mait1250,indo1319,-0.9124472777014224,0.044391929546816,0,0.1585333706655,1.906656168950045
maja1242,surm1244,-1.0453248967409452,0.0947927869056775,0,-1.71612868911615,2.156580236373915
maka1304,atla1278,-0.8743781160722575,0.04331379174120145,0,-1.303027549469,1.91177485128077
maka1311,aust1307,-0.09954416614519365,0.08173574245425701,0,0.6327988565515,1.893742086594885
makc1235,taik1256,-1.6716419057136171,0.06802553336155051,0,-0.528183901135,1.92737597862332
makh1264,atla1278,-1.5880678468518423,0.037006502178143594,0,-1.574649743225,1.8667077476603748
makh1266,atla1278,-1.6080340620497418,0.03810149551681463,0,-1.5757842593009999,1.8690694760948299
mako1251,atla1278,-1.668057425646528,0.0343172072734232,0,-1.66919087742225,1.87767853332058
maku1277,aust1307,0.10847704249585875,0.04886520093126238,0,0.5383642434555,1.8812063744379501
makw1236,atla1278,-1.6194366396382183,0.03233895907871616,0,-1.67123866392825,1.877751129326535
mala1463,drav1251,-2.676525254878534,0.06773367305645452,0,-3.032142355697,2.065018556718605
mala1534,aust1307,0.6872945543151262,0.06778399654466936,0,0.6464149138324999,1.88173303559956
mala1464,drav1251,-2.732247256853574,0.0654495673731521,0,-3.02423809913925,2.068484615741875
mala1522,chib1249,-0.6088739406296251,0.05568343951825721,0,0.052162219806,1.94718818337538
male1284,gong1255,0.5812235610281916,0.06552263905359076,0,1.3977283402935,1.93817111965435
male1297,chib1249,0.34985859796521374,0.063661515419068,0,0.44609554631750004,1.967441055582365
male1289,aust1307,-1.0251797934315046,0.037640004835146325,0,-0.12922594555,1.864535255978415
malg1251,afro1255,0.5721046707444067,0.047021645810693784,0,0.77061589194,1.878507597721175
mali1284,bain1263,-0.4944737807610967,0.05362507114352325,0,-0.350915743595,2.1110609116145103
mali1285,otom1299,-0.04909223237168365,0.05151096386144338,0,-0.25919479812375,2.034296910099455
malt1254,afro1255,1.1008836985513766,0.03665423185769052,0,3.1674145646519998,1.90941858732976
malu1245,aust1307,0.7496225729669648,0.021059050188370666,0,0.6051170038075,1.88953232566925
mamm1241,maya1287,0.7964325612446808,0.07511732473875421,0,0.9552196760225,2.05144980186009
sauk1252,nucl1709,-1.519304887319945,0.0443482286606693,0,-0.994758338394,1.920502610533205
mama1275,aust1307,0.37306448440357964,0.04956584672848223,0,0.38220070289130004,1.84659649138447
mamb1306,aust1307,0.36960682426520164,0.07343720882102765,0,0.56638655633,1.9041220767325049
mamb1294,atla1278,-0.09791007474276264,0.06505350539021104,0,0.642113656715,1.85804368873131
mamb1296,atla1278,-1.8607424737538185,0.04821233352891682,0,-1.4290344879437749,1.8745110021271199
mamv1243,cent2225,-0.9759148805922933,0.061437809992523906,0,0.28022944878907496,1.87454702163118
mana1295,aust1307,-0.7331688871649504,0.038658902783555105,0,-0.13480649847875,1.8916620033595248
mana1298,nduu1242,-1.2774433393450257,0.05388760641667598,0,-1.1036361190685,2.057449135799485
mana1288,sino1245,-1.4673279384259112,0.037497083554447086,0,-0.23494853135924998,1.879231074489985
payn1244,nucl1709,-1.1190082697161903,0.0559416397786343,0,-0.6249458246541499,1.9376033518444
mand1423,atla1278,-1.9349182848891222,0.048240654741032465,0,-1.4291979964575,1.8725990058459598
mand1440,aust1307,0.139264692733684,0.043572231754459595,0,0.489779474419,1.87670904239489
mand1415,sino1245,-1.9304868494184686,0.03473236417708366,0,-0.792875375753775,1.9061176321654898
mand1436,mand1469,1.8842996549798188,0.06873666948045974,0,3.3334013646125,2.0250302507261297
mang1378,aust1305,-1.9373038376422853,0.035467664362020646,0,-0.7209091673515,1.8919182368655352
rapa1245,aust1307,1.8624842360131613,0.1035156381621002,0,2.04462543188175,1.867698930233695
mang1401,aust1307,2.2050933523169594,0.1071946115921734,0,2.028404126233,1.87172259317796
penr1237,aust1307,2.3545720563252956,0.08969260515698314,0,2.03856632424,1.8709180122041449
mang1381,mang1423,-1.4789665066895228,0.06670566309633606,0,0.054267360082475,2.119707073639685
mang1394,cent2225,-1.1336529915673665,0.050718657879737894,0,-0.184560644429,1.8871257898331901
mang1404,aust1307,-1.0205238296912489,0.047470030678893105,0,0.08301331304435,1.879707282736855
mang1405,aust1307,-0.1224422002444789,0.041674134422041376,0,0.109535440981,1.896498559925985
mang1403,aust1307,-0.371384362832918,0.04167162499551304,0,-0.07248178915,1.8759687468548498
moni1237,otom1299,0.24152691057776085,0.052296812088951705,0,-0.29227884913205,2.0413038553963947
tong1308,aust1305,-1.97476226468582,0.025819569516718613,0,-1.413428302191,1.88432234696839
manm1238,aust1305,-2.1244235981528936,0.02105482386515566,0,-1.244116294108,1.879317523298935
mann1248,mand1469,1.6434960075685683,0.07947221181651311,0,2.7235383822375,1.9998106353413
mans1262,aust1307,0.45256996339284983,0.06894346004360714,0,0.4805932032705,1.847984278933085
mans1260,hata1242,-1.5944398705836216,0.04316548606182142,0,-1.5767711915485,2.1526242369990953
manu1258,aust1307,-0.4345636431949338,0.055579558382281874,0,-0.11951016121325,1.88510907986129
maon1241,taik1256,-1.5704434904883946,0.07157177738156101,0,-0.532846087563,1.929596722789375
maor1246,aust1307,1.801388529308849,0.05965159927661749,0,2.048945065989,1.8723316965833399
mapo1242,aust1307,-1.0225655089022827,0.04107590285817371,0,0.061794084297750004,1.88583495045521
mapu1245,arau1255,-0.1730318850968626,0.0657446549574973,0,0.5549120765040001,2.1746333790097196
mara1382,sino1245,-0.9423024360287338,0.02697173820818228,0,-0.84440270634325,1.9262611608002351
mara1399,aust1307,0.8217600064016608,0.0432823173406132,0,0.6757441189205999,1.862880182387985
mara1379,sino1245,-0.7776569912353504,0.0509980660350249,0,-0.4636169298225,1.87928020716887
mara1404,aust1307,0.654936561650549,0.09724592673148659,0,0.33324281535475,1.868441630485285
mara1386,west2434,-1.544023283483569,0.0871115501070304,0,-0.59547251675,2.10389568804798
mara1396,tama1329,-0.3273780945448595,0.03925680739528308,0,-0.42379962667725,2.177687183497235
mara1378,indo1319,-1.619973587849195,0.052360152727462445,0,-0.01858093788675,1.9306704581239802
marg1253,pama1250,-1.2936976213430964,0.07727308497302783,0,-1.2474317400041999,2.021506651688895
marg1265,afro1255,0.7247546448424169,0.03115348796554207,0,0.8659432566617999,1.87390652517279
mari1414,drav1251,-2.77549534717868,0.0792491198802382,0,-2.9807417426157503,2.089946419459535
mari1440,coch1271,-0.09517570606332384,0.0473360671917507,0,-0.21661877007574998,2.124761181623925
mari1428,aust1307,-0.6019154537132518,0.040991820287782074,0,0.2747509550325,1.871508299672715
nucl1622,anim1240,-1.5154036766044423,0.05894434800708934,0,-1.29256028775643,2.1345627201256
mari1416,sino1245,-0.9794092459611565,0.025229397678888762,0,-0.3154691521885,1.899850614097915
mari1424,west2434,-1.5260366720958465,0.08575689437843799,0,-0.8225730431816975,2.13322210782378
moro1289,moro1289,-0.593211110347349,0.059108605753885254,1,0.06497524223275,2.147125671938455
maro1244,aust1307,0.8960716590912492,0.0513975196244398,0,0.58552782701,1.891856421187575
mara1385,mang1423,-1.7595646481789293,0.07795434855042749,0,-0.5286213670161499,2.11594561536965
mars1254,aust1307,0.412588019158985,0.01980920361373436,0,0.1730035227171225,1.8686965449293949
mart1255,pama1250,-1.1920027239392539,0.07531722715269822,0,-0.32631745962245,1.977181391187115
maru1249,sino1245,-1.7387378823329198,0.03814495210487493,0,-1.2138932740125,1.90172636552296
maru1252,pano1259,-1.8961433009174233,0.07506773319996006,0,-1.8451087948299998,2.03259064101967
masa1322,afro1255,0.5212567182929575,0.033326660861119656,0,1.045076006535925,1.925729820533995
masb1238,aust1307,0.47542296654956717,0.06103825880703184,0,0.6616072862475,1.83592812811824
mask1242,aust1307,0.8016565578228769,0.027715993196253442,0,0.9328244042,1.86644396947879
matb1237,aust1307,-0.7480078002342333,0.04876521909008021,0,0.05972541557425,1.899782516584535
kemb1249,aust1307,-1.1248699415631296,0.025662405860034706,0,-0.2627153732575,1.89385832563741
mati1250,aust1307,0.5219149692478977,0.07642536393952767,0,0.559507126796,1.856859745069555
mato1252,aust1307,-0.4215498542961972,0.032916138750227114,0,0.30161172435775,1.886118419552555
mats1244,pano1259,-2.0551100212578524,0.07070793280971775,0,-1.6272877174474751,2.058273637294025
matu1261,aust1307,-0.7585793778212023,0.0380929117196032,0,0.0677418171,1.85820503146505
matu1259,atla1278,-1.4717662875676933,0.03494650070683353,0,-1.3465330792749999,1.869012762742615
mauw1238,nucl1709,-1.175589527463734,0.029724792279413364,0,-0.8134190398084999,1.960330551768985
maun1240,iwai1246,-2.1947684935926377,0.06022785950596753,0,-1.30471439357915,2.16685812744813
maxa1247,nucl1710,-1.0961186004553578,0.045409496783621744,0,-0.5127414335598095,2.042889514797305
maya1285,misu1242,0.9261145430744329,0.06213765162555899,0,1.0257566566010001,2.1054246440008
maib1239,mayb1237,-1.4420433720358028,0.0752906749202455,0,-1.4074921918475,2.196427299083675
mayo1264,utoa1244,0.27438648512151687,0.04707992039333902,0,0.215373401746325,1.9724857970032499
mayo1261,atla1278,-1.937923061628404,0.050344259408399046,0,-0.11364118987149999,1.832747680387365
maza1304,afro1255,0.5098447901846033,0.05293052459730697,0,0.7269064697834999,1.877056523513375
mbaa1245,atla1278,-1.9171169509701722,0.04739546421620066,0,-0.14870099957375,1.8476894579020149
mban1263,atla1278,-0.7065425514528463,0.05371192557813869,0,0.034832471825,1.8447361865631549
mbar1260,afro1255,0.499454817245037,0.05515627663963272,0,0.8646555239945,1.873555496273175
mbay1241,cent2225,0.2900321032033796,0.06572561248184476,0,0.279758566238,1.847241113950575
mber1257,atla1278,-1.1940879833829185,0.047421473182547864,0,-1.639453633986775,1.899859864320875
mboc1235,atla1278,-0.5371020600759191,0.048948499600675,0,-1.3799700225,1.9108984733261098
mbol1247,atla1278,-1.866849014536249,0.04846043811531665,0,-1.6126934328825,1.90217696599488
mbug1242,atla1278,-1.809112218916419,0.034797670583453184,0,-1.6379458387385,1.8935986016828799
mbul1263,aust1307,-0.4966555425098117,0.02916541402897317,0,0.06331719978635,1.86820456143545
mbya1239,tupi1275,-1.035737253809883,0.04819206385360216,0,-1.077886192296,1.9917212133568452
meen1242,surm1244,-1.0459654671230139,0.08922398196518098,0,-1.7746027225007501,2.1412916790281553
mehe1243,sepi1257,-0.7928772597378321,0.08083493733030127,0,-0.1013023804735,2.01516490624147
mehi1240,araw1281,-1.6446501953845014,0.03737546614375442,0,-0.56650512047525,1.990270050737715
saki1248,tupi1275,-1.1739278052171214,0.06211094193817545,0,-0.14116405221775,2.0280902337015903
meke1243,aust1307,-1.0019065288623055,0.03908058721841445,0,-0.17061462930375,1.85414340478661
mele1250,aust1307,0.42013266852970305,0.04385554397071524,0,2.0101315652,1.8679368247480501
melo1242,gong1255,0.4732011895852074,0.07630490188100064,0,1.42590646304575,1.923065178645155
melp1238,nucl1709,-1.0552511491484933,0.0597501702970264,0,-0.6869194710822499,1.89894526280736
mend1268,sepi1257,-0.7709223479753633,0.07859893404527779,0,-0.1356760208275,1.994057030963855
mend1266,mand1469,1.8807030111179242,0.08201696538195875,0,3.33475113683075,2.019425986416885
meng1267,aust1307,-0.27939694696459166,0.04426681336779423,0,-0.17045197690775,1.85985670354138
meny1245,anga1289,-1.0228281548897096,0.06946145499190491,0,-0.3706391757905,2.10611592792373
mera1242,aust1307,-0.5896712258784382,0.03170916256156121,0,0.0776400160995,1.87683091052318
mere1242,aust1307,0.9150935238847255,0.033568135760277285,0,1.05280521034775,1.87724965767939
meri1244,east2503,-0.7522285249079146,0.05635203524166058,0,-0.49532146647499997,2.0821477139328852
meru1245,atla1278,-1.2568512228637867,0.03529926481731398,0,-1.3832529401192502,1.87146953891535
mesc1238,atha1245,-0.6990199405933213,0.060267372858963025,0,-1.47066319172,2.0378258928016404
meta1238,atla1278,-0.21189439895033985,0.051843561028427666,0,0.7899608167165,1.918596792627975
meya1236,east1459,-1.5504309852078242,0.08002252115984251,0,-1.6163046876,2.1365751543639746
mezo1235,otom1299,0.2584317366243559,0.05121078203885246,0,0.1218466520525,2.010144480108655
mezq1235,otom1299,0.5158851223246173,0.05480266222543599,0,0.47699513465975,1.996600061320115
mian1256,nucl1709,-0.6165733644757246,0.04881391890913909,0,-0.5654499723899999,1.90166089483389
mich1245,utoa1244,0.36819318131102513,0.060385532207993,0,0.039059249088,1.949179213881465
midd1357,pama1250,-0.6142596767436947,0.10549348126004714,0,-0.12059065088075,1.9820334859067401
midd1327,aust1307,-0.9764966616941211,0.033256837140354184,0,0.0462030854225,1.8782614396691502
mido1240,nubi1251,-0.8220553588275779,0.045601524269755236,0,-0.2533567264225,2.126021024566065
mids1243,atla1278,-0.9253528730896016,0.06284053242739145,0,0.31810307308624997,1.825877662034035
miga1249,afro1255,-0.10770394690045915,0.0584167424662891,0,0.46613380463474996,1.8972416260456249
mika1239,musk1252,-0.7208487717112124,0.06217090039561718,0,-0.72700634040375,2.054157577052925
mikm1235,algi1248,-1.4061750471257601,0.0644603082941604,0,-1.9105574238375,2.0479141685994
mila1245,sino1245,-0.37896395551645196,0.04005055607432663,0,-0.2796810280125,1.893870062286465
mina1276,afro1255,0.49975081832452095,0.0512840009360923,0,0.7358248285262501,1.873435089205405
mina1268,aust1307,-1.1706337897077859,0.06152169148012023,0,-0.5365896231966749,1.84188797753321
mini1256,huit1251,-1.0100815017342535,0.06276736971075118,0,-0.9551609052925001,2.116421620502655
mini1251,aust1307,-0.21128848945864004,0.034615152820377734,0,0.741823646473575,1.8929244138752002
minn1241,sino1245,-1.8578374086572702,0.039031448811204156,0,-0.735246286695,1.92410437107665
miri1266,jarr1235,-1.9515054881968443,0.06840835168958567,0,-1.4027840697779999,2.19800393517205
misi1243,aust1307,-0.11208980233892245,0.040658441738524544,0,-0.20826350250775,1.85905657643961
misk1235,misu1242,0.9759744724216295,0.06822044331701203,0,0.93924710946125,2.12702476402138
mixt1426,otom1299,-0.3279930139808322,0.057501689374223376,0,-0.21456044881000003,2.003058409696515
miya1266,afro1255,0.7221553393227997,0.051966785005879194,0,0.84850093375,1.886489189808855
miya1259,japo1237,-2.3324529546085846,0.06272721982133751,0,-2.3883731326050004,2.220339347661425
lush1249,sino1245,-0.8701276868261003,0.045102297487437416,0,-0.50790676274275,1.91588633526553
mlab1235,aust1305,-1.761029277237627,0.03874741350205512,0,-0.835690515327475,1.879520944171035
mmen1238,atla1278,-0.23500332520680983,0.05888416066871934,0,0.31911742850595004,1.9037092382011
moba1244,atla1278,0.8748896237411996,0.06102401345309939,0,0.5702098926525,1.88523215525422
moch1257,maya1287,0.6983765431608125,0.06547102182283206,0,1.192062649,2.037931756297935
moco1246,guai1249,-1.041599124979288,0.05048178433207888,0,-1.028479378278675,2.1484568719587154
mode1248,indo1319,1.2426767820834002,0.03858233337865374,0,1.735817135765,2.0400673056107497
hebr1245,afro1255,1.3620702506069522,0.04160798850123552,0,2.7334775619875,1.951082709332385
moha1258,iroq1247,-0.46089584241252635,0.06492735520081926,0,-0.31457937142750003,2.0365135308506597
moii1235,west1493,-1.4252281836887621,0.07708719074595331,0,-1.3489431538335,2.18684678352166
moke1242,aust1307,-1.0248299010966666,0.06583125011552936,0,0.1018282726065,1.8636792279091199
moki1238,aust1307,0.34763902953234016,0.026533548963515407,0,0.047911273429,1.85690092430153
mokl1243,aust1307,-1.1993465588442755,0.08026058382616724,0,0.032817587782,1.872232244258375
mokp1239,atla1278,-0.577010238995001,0.042581533094147465,0,-1.5987764152600001,1.9021586965777049
moks1248,ural1272,-1.5892102452399492,0.025563201919631233,0,-1.0181995234382502,1.9609333458202198
molo1266,afro1255,0.41438809675122323,0.0498743772331446,0,0.5277810846025,1.88195326405117
nucl1452,momb1255,-1.5243801350972817,0.054862139493430356,0,-1.3872495166125,2.179273771604395
fass1245,baib1250,-1.6562661530180809,0.07426275949746194,0,-1.3160862986797501,2.18337961091003
monn1252,aust1305,-1.3393490472540293,0.03638796853668572,0,-0.69441711012575,1.88411542457472
mong1338,atla1278,-1.6863959977624512,0.04602449814392412,0,-1.6022562273482501,1.890681428585405
mono1273,aust1307,0.2934992053591695,0.036295447145374166,0,0.09304435512925,1.869451797253735
mono1270,atla1278,-0.6269179629268233,0.07158060008779482,0,0.31213222949624997,1.82964769110442
mono1275,utoa1244,-0.6365898612634895,0.05548203974704112,0,-0.09695629946775,1.96567208198843
mont1268,algi1248,-1.5338246204425576,0.05965727671709571,0,-1.9491630884825,2.04705781902023
nucl1458,monu1249,-0.5212164485223553,0.0718726681575091,0,-0.014253872138249999,2.127573170768575
monz1249,atla1278,-0.5810962739384725,0.06525980317154703,0,0.1549265330645,1.84094964123809
mopa1243,maya1287,0.9488816310311552,0.05446104537638346,0,1.45428933080875,2.054309967188165
more1259,utoa1244,0.27617741014708636,0.05839597187163764,0,-0.1605391161975,1.94487128202176
mori1269,aust1307,-0.27306640676760463,0.06797694925072033,0,-0.19321415742249998,1.8958043660800699
mori1268,aust1307,-0.8074266652992537,0.05052570608813565,0,-0.39380939852525,1.8865135968689
morm1235,aust1307,-0.10200486092248384,0.0711047473088677,0,-0.09307493754325,1.906522206507455
moro1285,heib1242,-1.695516457726025,0.047550546770234604,0,-1.1607146736,2.222506775470895
moro1287,aust1307,-0.17299677990618328,0.051321934024370366,0,-0.41365365741475,1.88676668461115
mort1237,aust1307,-0.22638262608216808,0.0269642606914163,0,-0.1969395982185,1.842597664976695
mose1249,mose1249,-0.8113680768724852,0.061962979534292736,1,-0.8002212589005,2.1751799185698752
mota1237,aust1307,1.0296917900476126,0.04287259529876759,0,1.13931527265725,1.878944537892515
temb1272,atla1278,-1.2105923984095752,0.05036437530022114,0,-1.5611168075725002,1.885198422863765
motu1246,aust1307,-0.6359157018872854,0.03298584456973957,0,-0.17060441516525,1.852831853327665
mouk1239,aust1307,-0.9920685290494464,0.04355544734902809,0,-0.027009257542499998,1.884020618270525
moun1252,koia1260,-1.3135116116126166,0.06916215189465423,0,-0.573950074235,2.030181171847655
movi1243,movi1243,-0.8669852470527328,0.03530524329307483,1,-0.8349460226349226,2.167209522915085
tang1347,aust1307,0.3910271969798331,0.036715019747799206,0,0.95532508279775,1.8785836775381899
moyo1238,sino1245,-1.0134487827386423,0.03444652884832969,0,-1.1471941964824999,1.9130453179152052
mpad1242,afro1255,0.4960531336420892,0.0357277594702128,0,0.88308019304625,1.85793062380601
mpii1239,sino1245,-1.6581699824451732,0.036414418353289506,0,-0.921135227951,1.882702709274395
mpot1240,atla1278,-1.9504244471359926,0.039385022532120645,0,-1.5062931990405,1.8763447652566652
mpur1239,mpur1239,-1.31516800598125,0.08095786348453575,1,-1.40529665959475,2.2144970337529752
mual1241,aust1307,-0.6656723080010114,0.04974209910619978,0,-0.5758079188215,1.8555048907676701
mudu1242,aust1307,-0.952578407435836,0.0437793702442648,0,0.00100427753645,1.900871900436245
mudu1239,drav1251,-2.8463459882939315,0.06851275206311237,0,-3.0112810631620004,2.07037742294101
mull1237,nort1547,-1.8458679256119894,0.06397509819101485,0,-1.3758113311125002,2.17737646408818
nucl1240,atla1278,-0.0902367930002625,0.059149431840158063,0,0.45374868654675005,1.878603720743185
muna1247,aust1307,-0.09212619008445895,0.06167555726228961,0,-0.3990197898345,1.8891368241242
munc1235,sino1245,-1.310733803717306,0.03387962272502735,0,-0.9200760418680001,1.90021322900238
mund1328,atla1278,-0.0675265042241685,0.05325470935085281,0,-0.0658987335805,1.9510948194194548
mund1325,atla1278,-0.11951659919860715,0.0679383674708379,0,0.64343510498525,1.86027512355156
mund1320,aust1305,-1.2993474866675578,0.03663391454335107,0,-1.2620295498425,1.90162956201197
mund1326,atla1278,-1.7431709518197498,0.04294327238997189,0,-0.10815462658575001,1.83374112422394
mund1330,tupi1275,-1.6325406882266207,0.05521118354258989,0,-0.39390402346775,2.033132861346925
abar1238,atla1278,-0.07107823118607576,0.05497663583716242,0,-0.09808239112525,1.95627366692494
murl1244,surm1244,-1.3337636231529422,0.07902221789089955,0,-1.7868780535257498,2.1313352856620797
murr1258,sout2772,-1.7361653765494849,0.07903836091294153,0,-1.3474541645345,2.212861006319785
muru1274,huit1251,-1.2904977157435567,0.05880731968985513,0,-0.9551169551625001,2.125318873912125
muru1266,pama1250,-0.8329465638762565,0.0832247018835619,0,0.11684245618945,1.980434137292245
musg1254,afro1255,0.45964010029684643,0.04944922059926691,0,0.7803169098873425,1.8697948687900499
muso1238,aust1307,-0.49505896723274,0.023272043106725863,0,0.25307839084775,1.88963972941168
muss1246,aust1307,-0.7914654307862192,0.030717348253453212,0,-0.01129372833175,1.8997518494636751
muth1236,drav1251,-2.7899714226020897,0.061612570255103576,0,-3.0228074368974998,2.069401785109905
muyu1244,aust1307,-0.20540655168690714,0.0289876492725491,0,-0.2289114276675,1.8589339013367
mwag1236,afro1255,0.9583145130810731,0.060828688391199696,0,1.040338522634,1.8650981189871598
mwan1250,mand1469,2.088095750097401,0.04835994777600127,0,2.938979871074875,1.996847043988545
mwan1247,atla1278,-1.5537016861533424,0.04567765685575661,0,-1.5967595107072499,1.87491230355719
mwer1248,atla1278,-1.6717676931110874,0.03141316265837686,0,-1.676607608753,1.87705008333469
motl1237,aust1307,0.6104955889952268,0.0343135023016085,0,1.130822028565,1.87615579004088
naas1242,sout2948,0.08311386186834875,0.07772377160724904,0,-0.6005052818575,2.04653194268209
naba1256,nucl1709,-1.5337729482683033,0.05618642986818939,0,-1.04971007397775,1.9347848677928998
nade1244,nada1235,-1.6422353920798016,0.0748384698921676,0,-0.98750490288,2.129686257004365
sout2857,aust1307,0.6757763776851375,0.03379468432015046,0,0.5583592915165,1.8755222951987949
naka1262,aust1307,-0.7833862770404938,0.03216326754886952,0,0.094327481365,1.8803841881326
nalc1240,nucl1709,-1.2086579014067151,0.05334254594462157,0,-0.65587826873525,1.92557071939745
nali1244,aust1307,-0.00237762633460255,0.029995948467271636,0,0.5230444913954999,1.88544808358918
nalo1235,aust1307,0.8195199448784618,0.021535117640366815,0,0.49279524670475,1.884358487450905
nama1268,aust1307,0.867983111874382,0.03155534637183205,0,0.874826649165,1.87833452747677
litz1237,aust1307,0.8109244679998397,0.04091260999693092,0,0.75313373971,1.8766196946350049
nama1264,khoe1240,-0.9350991012708836,0.09254762461282064,0,0.25328668908999996,2.0956374301468452
nama1266,more1255,-1.4589473767909085,0.05734588407945638,0,-1.21226474230125,2.06170759501614
namb1293,more1255,-1.481459957824405,0.05858184070441565,0,-1.22039738977225,2.06096336363672
nami1256,sepi1257,-0.8664920828483316,0.08724197215651516,0,-0.0221550303435,2.0173826207907952
namu1246,sino1245,-1.074533299997918,0.05567483994964132,0,-0.28907970150225,1.888135819324015
nana1257,tung1282,-1.7382812949856996,0.031210772152108657,0,-1.906831656695,2.0662076364159097
nand1266,nilo1247,-0.8831873935370238,0.058860752096395685,0,-0.36184760745975,1.9515635310341102
nang1262,aust1307,0.8910984649828726,0.025464736856577453,0,0.6625196608325,1.90047179273442
nant1250,araw1281,-1.085285365499887,0.05037208649226546,0,0.011986999275,1.9445845937781
nara1262,nara1262,-0.6474778168227331,0.06242200705668086,1,-1.3272008239445001,2.4752423184090198
naro1251,aust1307,-0.7255545973948268,0.052103490377636584,0,-0.314949470175875,1.8792334982615202
yong1270,sino1245,-1.1135173697052658,0.04949710370703023,0,-0.2871193853185,1.9010622457779451
naru1238,pama1250,-1.3904539445553772,0.08284028024771778,0,-0.7320109999587501,2.011312690531925
nati1244,aust1307,0.16773780003980998,0.05227088788903331,0,0.509194000555,1.864379318081105
nati1243,atla1278,1.234417692224202,0.0484759524870055,0,0.325209509622,1.8947304166971701
natu1246,aust1307,0.4040906008714924,0.036375088822194736,0,0.5767965823115,1.88490991387018
naue1237,aust1307,0.7638126981934223,0.06591665473752657,0,0.7503460562562501,1.88432510702936
naur1243,aust1307,0.48492017147756844,0.034727926787275626,0,-0.040424942165,1.888130575583755
nava1243,atha1245,-0.21773197522482385,0.06836055210096688,0,-1.4251779150192498,2.04041081667597
nawu1242,atla1278,0.9771979330931966,0.048639345236334716,0,1.2374764669755,1.887019112895465
naxi1245,sino1245,-1.2066007719477536,0.03639858091532518,0,-0.209349482895,1.896128658783105
ncan1245,atla1278,-0.20587474870093692,0.06351973972214012,0,-1.2372966008100001,1.9427398814730048
ndam1251,afro1255,0.15443776485672073,0.05192324190080748,0,0.619570039221,1.898165809668195
ndam1239,atla1278,-1.8359767296799037,0.04275330965993216,0,-1.6913564529962248,1.8778620213095252
nden1248,atla1278,-1.5161053465980046,0.044783821015299534,0,-1.47025031496475,1.8671175230345152
ndob1238,atla1278,-1.172399453924929,0.05194923577567226,0,-1.55113079688875,1.86590323751811
ndog1248,atla1278,-1.7941586398584313,0.05923398951300303,0,-0.06392001518475,1.854922155577155
ndom1245,kolo1268,-1.7607332210355398,0.04818011777599997,0,-1.69205235089825,2.116304767378495
ndun1249,atla1278,-1.3361474823991366,0.044226221732466896,0,-0.14793776327,1.84861851710954
nege1240,aust1307,-2.0001579198009427,0.06501232590061871,0,-0.53381655104,1.842556703498045
negi1245,tung1282,-1.7146947746455858,0.029455552095976,0,-1.9585398627475001,2.079536410383615
neha1247,aust1307,0.6217266365952057,0.037593906290124615,0,0.7260355158134999,1.89572973197876
kuma1276,aust1307,0.39319292561091546,0.032343285662487335,0,0.5797716093262,1.875532250139135
nenn1238,more1255,-1.5314716909786594,0.06544270361592641,0,-1.21169667222625,2.0643406450707804
nend1239,nucl1709,-0.6881971902080299,0.06112452944983989,0,-0.7208722253349751,1.93514662710112
neng1238,aust1307,1.1882513837620814,0.020069441883432834,0,0.9258995904977501,1.89212739668465
nucl1706,afro1255,1.170608814082525,0.04961278854959194,0,2.7534418679119996,1.92792289784385
nepa1254,indo1319,-1.1125027305306348,0.027301476305205324,0,0.06472667475925001,1.94026856973734
nese1235,aust1307,0.7653286951840697,0.04250081680179464,0,0.78434390714025,1.88442122709284
vinm1237,aust1307,0.7858194970077097,0.043069582197725234,0,0.74988027963875,1.8740903617642402
ling1265,aust1307,0.707263646548398,0.03119861934746301,0,0.640894892135,1.8706386110126298
nezp1238,saha1239,-0.7133088455554928,0.0716692365553884,0,-1.12773180153575,2.152631898035635
ngaa1240,pama1250,-1.5685753092279309,0.07616129999316683,0,-0.7304209894214999,1.970672503452805
ngab1239,chib1249,-0.16398857091180752,0.05156748237007632,0,0.08124923861,1.9547216383017099
ngal1292,gunw1250,-2.2396360082495357,0.05709795585438758,0,-1.67749004638,2.1095700176999053
ngam1268,cent2225,0.22036539295172608,0.05274703137037448,0,0.11317635600324999,1.844295217606445
ngan1291,ural1272,-2.3945589056311185,0.04093268625533627,0,-1.72373161682525,2.05389420932672
ngan1295,gunw1250,-2.3283143250083556,0.06324652311238696,0,-1.65074123435625,2.12937223421134
ngar1235,pama1250,-1.8287699685463843,0.07889925942689008,0,-1.0718212970260002,1.97197230001766
ngar1284,worr1236,-2.039530456601585,0.09651932071486831,0,-1.5763636072154998,2.18128607347125
ngar1283,mirn1241,-1.7515770706383613,0.07274097339306625,0,-0.7609144070915,2.07451092627574
ngas1240,afro1255,0.8971142470009166,0.04941871896901776,0,1.0321945332840001,1.884673815859655
ngba1284,atla1278,-0.4642238314041185,0.06284992808269878,0,0.14951389951725,1.84812964238145
ngba1285,atla1278,-0.8343205588891665,0.04948616318409615,0,0.31058321949074996,1.887378642537705
ngge1241,nucl1709,-0.9395137181363213,0.055150514684259,0,-1.0376216191765,1.91192595830095
ngit1239,cent2225,-1.0632718880698293,0.05324255566440155,0,-0.23124218210800002,1.9099146981699149
wang1291,pama1250,-0.7423500308533963,0.08291512062910142,0,0.06566555907624999,1.983726379285625
ngom1268,atla1278,-1.2758991326015492,0.03593102800343285,0,-1.5822635271597498,1.87157954793125
ngul1236,aust1307,-0.6445087929471863,0.036667882919750996,0,0.16019007936835,1.8846830142713848
nhan1238,pama1250,-1.6201940047756436,0.0844612912962018,0,-0.858623973085,1.988479339098195
nhen1239,tupi1275,-1.1762459655825233,0.06844394704831362,0,-0.791157039415,1.9918107478572602
nias1242,aust1307,-1.0930455803653083,0.06028999521879396,0,-0.20012698297769999,1.87297585340736
niha1238,niha1238,-2.2091507843432954,0.04381418382936123,1,-2.50318429549,2.47459497597551
nila1242,atla1278,-1.8177784798571732,0.03487550075814113,0,-1.67628595757375,1.889858413621995
nucl1633,nimb1257,-1.482466312533269,0.09565304286560647,0,-1.4233700590575,2.1651024038165003
nina1238,yano1268,-1.1145674809823063,0.07509580061402751,0,0.24487372213875,2.0286667114570447
labo1244,aust1307,0.5998333251758008,0.04429840772225804,0,0.49403188069475,1.8624497773762698
nisg1240,tsim1258,-0.8396985131691908,0.06646910647963376,0,-1.11156689317,2.196126703819245
niua1240,aust1307,2.2765462996615433,0.0613425099973153,0,2.0224422292275,1.87327834857516
niue1239,aust1307,2.4216032641366327,0.06542704421393616,0,1.9105845667419001,1.882477484831025
niva1238,mata1289,-0.2802400256152475,0.059959257539222315,0,0.54820502111225,2.1505730574400896
njan1240,atla1278,-0.14587055852951736,0.04857826040020709,0,0.9862579660490001,1.9629408977553
nkon1248,atla1278,1.0489628380139615,0.05287284705600752,0,1.4136460224474998,1.8971756720813548
nkor1239,ijoi1239,0.32841364610810586,0.047107423537208655,0,-0.3629833485415,2.1586227767824147
noct1238,sino1245,-0.4609245869812535,0.0379945162101303,0,-0.091566437185,1.89601101984525
noku1237,aust1307,0.9619925263751453,0.030855378647602676,0,1.0925268253225,1.891921234121165
noma1260,atla1278,-0.7719374987917493,0.03767105782337596,0,-1.6139794071687499,1.936468994717125
noma1263,araw1281,-1.14130896016037,0.055471899139615914,0,-0.172429358043,1.964106542723615
noon1242,atla1278,0.9871349803110718,0.07047977636739944,0,1.51813653664375,1.9398137620018
noon1243,atla1278,-0.2229464960859457,0.06148994291864361,0,-1.23929514799975,1.9452911250549052
nopa1235,otom1299,-0.12718818243035795,0.05006023513134464,0,-0.02239350789925,1.979948018025655
nort2839,aust1307,0.424458520306478,0.04431800414614142,0,0.7792309169255001,1.870752698726035
nort2697,turk1311,-1.7730380139519881,0.05330004262188707,0,-2.42398766285225,2.10986269610331
darg1241,nakh1245,-2.2793294872556693,0.06301169805933685,0,-2.451166557833,2.149301453318445
nort2930,kiwa1251,-0.6497600739012799,0.06153120069726993,0,-0.278944937009,2.068820019373155
nort2836,aust1307,0.7843067994055412,0.030659910538625483,0,0.722180921205,1.859768869789915
nort2724,sino1245,-1.4290588371974886,0.04450167729259182,0,-0.8538522288475,1.905690351604035
nort2972,choc1280,-0.15643117078340105,0.06581141297451559,0,0.480912580613,2.00294257558265
nort2702,drav1251,-2.7692912015465874,0.073412296130946,0,-2.98099502934,2.0960450318846853
gumu1244,gumu1250,-0.7761225602665716,0.06053003392915775,0,-1.1535078561060002,2.1937284834456197
nort2938,haid1248,-0.1144834878235183,0.06369643927065968,0,0.835410117948,2.1281880115054
sing1264,sino1245,-0.48633235861042734,0.03449912595564937,0,-0.16561649594,1.8783894441909852
nort2877,aust1307,0.7384063465156214,0.0497549686893302,0,0.74941568952925,1.8760285021949148
nort2684,aust1305,-2.4766086505542817,0.039503067122899437,0,-1.043727056075,1.8971513240783149
lush1252,sali1255,0.8416974906887682,0.10066054153171498,0,1.6587422439075001,2.0604623901648553
nort2774,atla1278,-0.9116620131291739,0.0498986497865436,0,0.26905315648475003,1.842938387376555
nort2954,utoa1244,-0.3246744644892896,0.0712615021166798,0,-0.014083415052250001,1.969499335339565
nort2957,utoa1244,0.21884116554349037,0.05047912442520629,0,-0.166778546005,1.9424107691856252
nort2723,sino1245,-1.2425182051363524,0.02612285556357056,0,-0.38132403030575,1.886817673943145
nort2747,hmon1336,-2.087602326079933,0.04091465929934873,0,-1.3567320375635,2.0099028457763852
nort2722,sino1245,-0.6576034805687165,0.04697415513111721,0,-0.12779116777049998,1.88567295488309
nort2994,aust1307,-1.9532156280146706,0.06800501620249678,0,-0.607145079715,1.862254963447905
nort2885,aust1307,0.6388281479226583,0.05087548186772868,0,0.5918726284155,1.86409071974296
nort2959,utoa1244,0.31453758571911156,0.0456289565002136,0,0.309208608905,1.95946361501538
tosk1239,indo1319,1.211773654185956,0.0306423762091066,0,1.8830571811784749,2.00546808945381
nort2732,sino1245,-1.583455556834719,0.028853655615435337,0,-0.77552557443925,1.931151143392205
nort2690,turk1311,-2.0967467751158524,0.09353595409256638,0,-2.40209135627325,2.0962816106639703
yoku1256,yoku1255,-0.8647828834504279,0.05522790445400056,0,-0.7879695747075,2.191885680593775
nort2745,yuka1259,-2.0881048351870426,0.0682222984308369,0,-1.8283321955935001,2.521752368742275
nort3047,afro1255,0.5924458342025352,0.042256874449859934,0,0.9772668960015,1.8941280312443451
nort2980,quec1387,-1.9085625920514497,0.08200827204632208,0,-1.686008141572,2.079781309223085
nort3139,afro1255,1.2663690449181217,0.04659168014608402,0,3.1669874002495,1.9077001695811902
nort2845,aust1307,2.2465482310221843,0.10885633456980627,0,2.0238414180455,1.864132431209995
nort2671,ural1272,-1.7733389859092392,0.043029146800781015,0,-1.354379292075,1.93558310666054
nort2942,atha1245,-2.1424659424659884,0.09935250277232262,0,-1.8330309962475,2.0535608203029447
nort2847,aust1307,0.6665924582959619,0.046584965210020035,0,0.37310955075749996,1.8726041574055698
nort2699,drav1251,-2.804015546758035,0.05555737426904807,0,-2.6330439054175,2.107037166606175
nort2961,algi1248,-1.6856040478569998,0.0756238060237774,0,-1.9240367719675,2.0180981274811503
nort2775,atla1278,-0.5858120886347591,0.04891922737063645,0,0.083180929195,1.88568055438076
nort2951,maid1262,-0.5802884483997015,0.043747199625466554,0,-0.94792389374025,2.201531560300365
yaki1237,saha1239,-0.8631316568824876,0.08219202391108955,0,-1.08595665235225,2.15092816999393
nots1237,aust1307,0.100772416846828,0.04269346469863729,0,0.50139749563525,1.8762239676621402
nsen1242,atla1278,-2.076893754036191,0.041425817076907887,0,-1.7359661223737501,1.88535748616628
nuer1246,nilo1247,-1.0770921443215293,0.0553401950556687,0,-1.04209258213475,1.9845442968659448
nugu1242,atla1278,-0.7808271873956121,0.048836874431452126,0,-1.6155789723283949,1.93425777247018
nukn1238,nucl1709,-1.5166593722841113,0.053000892679642114,0,-1.0347968862605,1.9223947538729451
nuku1260,aust1307,0.0507166258080787,0.03722866440975021,0,1.72960837899,1.86595533976323
nung1282,sino1245,-0.999381200145239,0.05552547940767167,0,-0.39241944925325,1.9049811058530048
nupe1254,atla1278,0.3205311427733475,0.060390790044387424,0,0.44996453592749996,1.8862190451102752
nusu1239,sino1245,-1.263158474706164,0.026918073223422673,0,-1.15022748149,1.887212407219355
nuuc1236,waka1280,-0.6367233827601397,0.07880751969019321,0,-1.2975850553885,2.1494515185658196
nyah1249,aust1305,-2.6940298903716857,0.0429534017275864,0,-1.4102872734908,1.8986520490586098
nyah1250,aust1305,-2.0007861232926247,0.05368129728891485,0,-0.7808137355805,1.88826584387943
nyak1260,atla1278,-1.8807395365817374,0.05048157272009871,0,-1.5759261654249999,1.8809720614925451
nyal1250,atla1278,-1.8605690939842567,0.05783795372722785,0,-1.3933484888425,1.91980683849744
nyam1285,afro1255,0.8704001612599392,0.03687698292645677,0,0.97181401106,1.8663998982499401
nyan1301,pama1250,-1.829761241756655,0.06803112848803587,0,-0.9909395496225,1.99033137062039
nyan1307,atla1278,-1.6325390479192827,0.050071745511145314,0,-1.2136368038375,1.84829222057619
nyat1246,atla1278,-1.8413656752861836,0.03481216354789455,0,-1.67929981198425,1.897108217988495
nyaw1247,pama1250,-1.8693048653392381,0.05802949040572114,0,-1.23200001372925,2.0385855451523147
nyig1240,nyul1248,-1.9775996067601664,0.082793536192982,0,-1.6273306170750002,2.166763674222765
nyis1236,sino1245,-0.7713223842555663,0.04613718595413416,0,-0.37954701425125004,1.868127065017985
nyor1246,atla1278,-1.6954903379422355,0.031332414614639245,0,-1.23109680983245,1.8434169919188048
nyun1247,pama1250,-1.7588556647660694,0.07765146523298896,0,-0.8432886404575,2.000027375278115
nzad1234,atla1278,-1.8504194768667117,0.04826221962160665,0,-1.6511034136615,1.904771830551935
nzak1246,atla1278,-0.5691275273519768,0.044974167844505725,0,0.394212092513,1.85397801545393
nzak1247,atla1278,-1.1405643724006054,0.039543834598960624,0,-0.2523501958435,1.8432870169626399
obok1239,lake1255,-1.5803962821977762,0.07670738160703917,0,-1.39037162581575,2.1762474401810348
obom1235,aust1307,0.2895903705284454,0.09182597416764876,0,0.71629561187075,1.862369289274515
occi1239,indo1319,1.7327822033967502,0.03779783484740705,0,2.8579005959325,1.9335161593194998
ocot1244,otom1299,-0.0408822358620719,0.04703619096055793,0,-0.33879958648475,1.9799976900239549
oriy1255,indo1319,-0.6832575471469431,0.02568731695939772,0,0.35128763481525005,1.91027402238369
ofay1240,nucl1710,-0.8480637890313242,0.05176383214041721,0,-0.4885086363855,2.05297378508443
kalm1243,mong1349,-1.8503645668342716,0.03940773430763794,0,-2.665350203495,2.21271950358799
okan1243,sali1255,0.7215634986712569,0.1003944219257544,0,1.82888490744625,2.048613454180935
okin1246,japo1237,-2.3832348066647353,0.05772185306509299,0,-2.3787939079837503,2.21491981255057
okoe1238,atla1278,0.2701916234633722,0.05489500199264709,0,0.8405042480253999,1.888522337073395
oksa1245,nucl1709,-0.8827581938665008,0.061903980824317466,0,-0.57830273912525,1.905704897158145
okuu1243,atla1278,-0.2204540094546108,0.055153086281438064,0,0.39567082234490003,1.90501746526153
oloo1241,nucl1708,-0.9076225698296507,0.06460125051439088,0,-1.1953196823935,2.0368989695722997
olut1240,mixe1284,-0.1085389643781097,0.05617233221182013,0,-0.00710344421225,2.050255737728055
omah1247,siou1252,0.1820209351815451,0.05806229676570547,0,0.5805529870505,2.09331178892509
omii1238,cent2225,-0.9116349593605202,0.07191801300683345,0,0.045382300074,1.89501378197934
omie1241,koia1260,-1.094764333099878,0.06157552442203982,0,-0.342632792955,2.02470984133274
onge1236,jara1244,-1.5013527453492317,0.06964467997137737,0,-1.57894926352725,2.25012316457022
bira1253,bira1253,-0.4797581015825817,0.06412485502302227,1,-1.4420600071745,2.43529798122599
onon1246,iroq1247,-0.21461562812321217,0.04717064722986574,0,0.00632816760125,2.037902513437325
orma1241,afro1255,-0.342498046036126,0.04326735886947441,0,1.1687290019335,1.847299302593215
oroc1248,tung1282,-1.8673886721074444,0.05384140736188463,0,-1.8141704392065,2.0657003174004753
oroh1237,aust1307,0.974266855477697,0.03502052047092525,0,0.98877448987025,1.8859150707726449
orok1265,tung1282,-1.8238976272393357,0.03917541314560204,0,-1.9133026637535,2.063693645170615
orok1269,nucl1709,-1.291579864803858,0.0461487159638113,0,-1.1090675171045001,1.9187556162350852
orok1266,atla1278,-0.4715556659755243,0.04189437156713655,0,-1.609026127068,1.8980587797009751
orok1267,nucl1580,-1.7017357091376082,0.07245225972727257,0,-1.4332527917462499,2.15199057851364
orow1242,aust1307,1.1669482693126743,0.054801595421932796,0,0.8886854275082501,1.88113575859751
orya1242,toro1256,-1.0571446943504932,0.07101565101132871,0,0.06073902424175,2.1181435338634147
osam1235,atla1278,-1.1515624240819182,0.05370045291595757,0,-1.5578646351077499,1.9125042989973
otor1240,heib1242,-1.6774637910130346,0.0576509753164877,0,-1.1358550965437502,2.237202651239585
otta1242,algi1248,-1.1981686693357205,0.06696093493236306,0,-1.91544948039975,2.03228459705504
owaa1237,aust1307,0.883389346598997,0.017986478402848137,0,1.0327259576397498,1.8846509525508348
paaa1242,afro1255,0.820706548647731,0.05720153909468262,0,1.0421195940947499,1.8935084187783149
darl1243,pama1250,-1.3200657644380633,0.08578778757838941,0,-0.9632655648649999,2.03469861486281
paam1238,aust1307,0.8433109503237859,0.018614587902803924,0,0.8757271707027501,1.881593648339095
paas1238,atla1278,1.3692689687165922,0.07292660263033857,0,0.9423124908564999,1.8789168096848
paco1243,aust1305,-2.61153941031136,0.039843078160502164,0,-1.2046486043670002,1.8998365656761451
paez1247,paez1247,-1.184807701172753,0.04252489547582228,1,-0.7194668134885001,2.178738984059165
pagi1243,atla1278,-1.13830118668811,0.037144851989149824,0,-1.61788273339875,1.91174610708637
pagu1249,nort2923,-0.1508108114886573,0.06233669447778336,0,0.7657400752739,2.0131238807015297
pahn1237,hmon1336,-2.435030485145625,0.03628869094881602,0,-1.35898855012925,2.007067661565215
pait1244,sino1245,-0.7887558933661312,0.049226724394299495,0,-0.65857498916875,1.88348980793693
paiw1248,aust1307,-0.5532877854131665,0.04907019231837765,0,-0.1634765505902,1.966456457398025
pala1344,aust1307,-0.28225599475949964,0.04617062592781039,0,-0.099350034696,1.9231650141289651
pali1279,araw1281,-0.9080248124445784,0.052726582083397394,0,-0.4528972527515,2.0050865432448
balu1257,aust1307,-0.6576621234747331,0.036417575439736075,0,-0.28543140607899997,1.89366512959464
pamb1243,atla1278,-1.7845195016202329,0.037232245451922705,0,-0.17882791516405,1.8466220350502
pamo1252,aust1307,-0.902250200914771,0.05464092521954341,0,-0.593752192307325,1.897631997591555
pamp1243,aust1307,0.4616372862527275,0.0593716426500155,0,0.3555217557025,1.88354654708149
pana1305,utoa1244,-0.3735453766792355,0.04817494046196569,0,-0.02426469629,1.9777331893060999
pana1307,nucl1710,-1.2856340333540786,0.06378125072673775,0,-0.14361328221297498,2.026394040333515
enap1235,cari1283,-1.4539363060519581,0.07072818671536782,0,-1.3924484061675,2.035463143498775
pang1290,aust1307,0.6129239824294728,0.06038543128815831,0,0.6492677821002499,1.8767733769696848
pang1291,aust1307,0.19463503964660472,0.058417982200878384,0,0.26603253123875,1.879545405204365
pang1287,atla1278,-1.9210015554970208,0.046913761297018346,0,-1.41662730250225,1.86054737479909
pano1254,pano1259,-1.9488581996139684,0.0747660877300767,0,-1.84490884255675,2.03013220560291
pany1241,pama1250,-1.520978364161062,0.07235596680279077,0,-0.520796551115,1.973799083510095
papa1238,toto1251,-0.00991520392796965,0.04247826551364254,0,-0.5183650824715,2.0222154164760697
papa1265,aust1307,0.46242813539856575,0.03316334258160638,0,0.7319903084145,1.89424449361916
papa1268,aust1307,-0.28687503813539944,0.05191016710450333,0,0.043347293591675,1.88451942759042
para1311,tupi1275,-1.417313730290323,0.05631261059849605,0,-1.070825869543,1.990531403343635
para1302,sino1245,-0.7621653810778033,0.028621495096312833,0,-0.70914344486525,1.90820482632544
para1316,araw1281,-0.8308555859497789,0.06004553452883274,0,0.050079448845,1.959852027728425
pare1272,araw1281,-0.9792978751985505,0.05596400893005472,0,-0.5433793268979,1.998523405546315
pate1247,aust1307,-0.9008941185984848,0.029917945677209713,0,0.257032436418975,1.88401589644276
patp1243,aust1307,0.21556315647611615,0.02539458704458011,0,0.6748904758475001,1.8977609661848351
patt1248,sino1245,-1.1694230901328124,0.039201812110503303,0,-0.436406442287,1.9102796667302702
paul1238,aust1307,-0.3669451178063694,0.04165962850407948,0,0.20373757243975,1.895366956406145
paun1241,araw1281,-0.6358275784333596,0.059137083434200106,0,0.10195116365125001,1.93324533336054
pawa1255,pawa1255,-1.575659063781667,0.08107408266620636,1,-1.3168067374314498,2.18036800919181
pawn1254,cadd1255,0.0458115863633013,0.06609323285550761,0,0.5969170294974999,2.1752249194687447
pech1241,chib1249,0.43213042746432373,0.05017230463927827,0,0.43732399633707497,2.012343735759795
peer1241,atla1278,-0.28923844697003176,0.055851655367682655,0,0.14537563000505,1.8651606458060699
pela1242,sino1245,-1.618663400077259,0.028709303311999786,0,-1.2100155639699999,1.9042885006391148
pele1245,pele1245,-1.532290820931839,0.06028976744891666,1,-1.3161576054075002,2.225871144729195
pemo1248,cari1283,-1.5729963134561853,0.06634529271172156,0,-1.39417891258025,2.0317760044606104
pend1242,aust1307,-0.9629282744281378,0.04753624423559822,0,-0.5835321288490001,1.89920144163629
peng1244,drav1251,-2.4923630055955397,0.0743528994511033,0,-2.98273348555175,2.0841793977274703
peri1253,mong1349,-2.3318498499402196,0.06102326386696986,0,-2.6641134652775,2.21056322529962
phak1238,taik1256,-0.34489709507019245,0.04860315554367232,0,-0.07365836365025,1.922786053002765
phom1236,sino1245,-0.5089530683306513,0.06488436439873242,0,-0.0580059705925,1.885422793469335
phon1246,aust1305,-2.187900918340481,0.045754070986390415,0,-0.9473607130605,1.88169753646312
piap1246,araw1281,-1.2924982320833402,0.04603780645974779,0,-0.3113610789065,1.9259654590398152
pich1237,araw1281,-1.2000098167152071,0.05659476754950368,0,-0.0813577854045,1.927853762558325
pila1245,guai1249,-1.0668497674979451,0.05773934170769409,0,-1.03702153327,2.1550430278244397
pima1248,utoa1244,0.4378954184940784,0.05785023255824594,0,0.5239152744755,1.98134424205676
pina1252,piaw1238,-1.3077438922777864,0.07421983839558764,0,-1.68538299116,2.128663414555335
ping1243,aust1307,0.22653802334400458,0.033683886422127926,0,-0.150049612015,1.855750705365625
pint1250,pama1250,-1.707547665335968,0.07160367012797825,0,-0.8056112873405,1.9764575440184502
pipi1250,utoa1244,0.43399791666180015,0.06662015468030506,0,0.3001539013575,1.95005400823179
pite1240,ural1272,-1.60476914813512,0.033758712581432135,0,-1.34926973672925,1.927388490815905
plai1258,algi1248,-1.5228049031513795,0.09124963032400073,0,-1.9863175485625,2.030552150698705
plat1254,aust1307,0.6292731261678144,0.05495635163526844,0,1.109658152093275,1.861406634865985
pnar1238,aust1305,-0.6674226106487158,0.03270602521620395,0,-0.81991168766405,1.88783187645585
pohn1238,aust1307,-0.38063369747437237,0.031972335312750885,0,-0.143985149079,1.85309502661583
poko1263,nilo1247,-0.8362545471808551,0.060450048061578374,0,-0.2341340806217,1.965956804057885
poli1260,indo1319,-0.239166392526052,0.04877782553694389,0,-0.07364913423325001,1.916247423572845
popt1235,maya1287,0.9549720163234212,0.07095736100155273,0,1.1181542757737502,2.0231080059709097
port1285,aust1307,0.8124701784974626,0.03405725782042082,0,0.954600345757,1.868444600737825
port1283,indo1319,2.2284363108454084,0.07350918792929297,0,2.8876755824925002,1.92230766629066
pott1240,drav1251,-2.6684539877508238,0.07999723175938005,0,-2.62182395558,2.10967924916687
phai1238,aust1305,-1.9181586615706578,0.033835373336832966,0,-0.9521602701852501,1.889989562918585
pras1239,indo1319,-0.12137508318790614,0.0337908528149528,0,1.142743841095,1.95624146305425
psik1239,afro1255,0.5849584379731335,0.032675059930561155,0,0.661442923223,1.87385011350821
puin1248,puin1248,-1.5380176757171844,0.057951717291682615,1,-0.6961201025892501,2.19920006751671
puka1242,aust1307,2.354343033987596,0.08395045064299973,0,2.0034236429509997,1.866585892307055
pula1263,atla1278,1.2593308570756174,0.04400816060434212,0,1.77660192806725,1.911946063073645
pula1262,atla1278,1.229412956407037,0.05050617716556946,0,1.770161730419775,1.9028919445664099
pulu1242,aust1307,-0.6840457179000137,0.02774016652633242,0,-0.18569022694999998,1.8418430554616951
puma1239,sino1245,-1.5830460479275312,0.028334392887283757,0,-0.89758791010025,1.924503061713795
pume1238,pume1238,-0.5549106721546666,0.06335234433359323,1,0.6026488430585251,2.16039138637536
pura1257,pura1257,-1.221064203174436,0.06177857315999137,1,-1.4003853216317501,2.1669770489918
pure1242,tara1323,0.8311952839070507,0.05370126172087452,0,0.5404217452694999,2.1646617298381248
puri1258,sino1245,-0.9179127091657837,0.030047655501060574,0,0.0911587406105,1.873596953304165
puyu1239,aust1307,-0.45214593087635746,0.050697439338511445,0,0.7088666895960001,1.92727513257588
qanj1241,maya1287,0.8547889323979192,0.08122345978953315,0,1.0121840879350001,2.014037493139605
qaqe1238,bain1263,-0.6585784786383204,0.04993633716046228,0,-0.8895197234559999,2.1218756706788398
qawa1238,kawe1237,-1.3603960940458952,0.06297814019797192,0,-0.8726807673602499,2.21560801526437
qima1242,afro1255,-0.03586097381498985,0.04052845189415753,0,0.64484010522575,1.86779027459012
quer1236,otom1299,0.5738370180337264,0.06047876780767463,0,0.4705125469975,2.00285387193736
quey1238,sino1245,-1.024641778499705,0.040399537792763764,0,-0.33813520827725,1.88954629415168
quio1240,otom1299,-0.2576172298468634,0.04883247329634253,0,-0.07828408264325,2.01625225877619
rabh1238,sino1245,-0.7236859221445497,0.04028730513381709,0,-0.31953751770075,1.884256934208955
rade1240,aust1307,-2.157668019021814,0.06752539451971774,0,-0.612928285365625,1.8694451806738148
raji1240,sino1245,-1.6367544573198325,0.0414773310162617,0,-0.7228904574749999,1.90454738416691
rama1270,chib1249,0.1703099201112559,0.055631271306880184,0,0.45989531977325,1.97402313628529
ramo1244,aust1307,-0.3290959247713344,0.04301656270024441,0,0.11175301259,1.885022126918145
rapa1244,aust1307,1.7343568144448058,0.09149148352518462,0,1.99158519375,1.86845416086484
rapo1238,nort2933,0.4425513007501859,0.061216974541379705,0,0.24965679039174998,2.120269800400405
rata1244,aust1307,-0.6836422298801528,0.05072557757239336,0,-0.16735757017125,1.9198545607660749
raut1239,sino1245,-1.595346745018578,0.03493655995543645,0,-0.72815190320475,1.905506233854155
rawa1267,nucl1709,-1.2342653224574176,0.051757705159402694,0,-0.7495428414825,1.9244021329982601
reja1241,aust1307,-0.8108747493805981,0.06308885103444828,0,0.022129885444750003,1.88840341024641
remb1250,aust1307,-0.10728914000642395,0.05662038039264055,0,0.09813157169775,1.8896061050244648
rend1243,afro1255,-0.17265490771218456,0.048763882544033875,0,1.1155134133602749,1.845310567035325
reng1252,aust1305,-2.7255399897625687,0.04024122841664867,0,-1.3917558274335,1.894620203738755
renn1242,aust1307,1.2909377008134935,0.04808633671176228,0,1.9772871595297499,1.8737210840555698
rere1240,aust1307,0.30153810854332996,0.043381464215874924,0,0.77959596449725,1.87633493043907
resi1247,araw1281,-0.5772599242815888,0.05114790648751217,0,-0.34821229296825,1.95270599037385
reye1240,pano1259,-1.3176909564705643,0.08853418321410653,0,-1.20459589207305,2.0320270722227303
rian1263,kolo1268,-1.7692522373588537,0.05485424168949777,0,-1.7317390811664999,2.093442312706435
rikb1245,nucl1710,-1.096166021519188,0.052979254397653656,0,-0.4322244360045,2.027925597177025
rita1239,pama1250,-2.0662977798412476,0.07941959846532443,0,-1.2209940240275001,2.0200868395444003
beka1241,aust1307,-0.9826971195656423,0.053165473484275784,0,0.073569547094,1.879278517571335
roma1326,indo1319,1.3639014979866289,0.026124524845666026,0,2.8653237683425,1.92789113534442
romb1245,aust1307,-0.18521138017259264,0.04924114218963048,0,0.5737871187945,1.846838367825395
ronn1241,afro1255,0.9215683516250457,0.030502670515673385,0,1.10749108626475,1.8928583252466549
rong1266,sino1245,-0.717065249444129,0.0449026189126306,0,-0.36959854064425,1.8936293001659301
rong1264,sino1245,-1.3338411593291133,0.04865364760158499,0,-0.188978540008025,1.904304287141805
roto1249,nort2933,0.4988747387514202,0.06234721760398623,0,0.25681887056749997,2.107279780343445
rotu1241,aust1307,1.3290549104380187,0.06194313008356946,0,1.66931550801525,1.885847602497865
rovi1238,aust1307,0.8610606639796443,0.028508688201740188,0,0.6480968586235001,1.89897120748127
ruch1235,aust1305,-1.934147223883971,0.042778311970999364,0,-1.229473134925,1.882763084903405
ruka1240,aust1307,-0.14334084388148566,0.05580165396527888,0,-0.18600960151,1.9618086661989
ruma1248,aust1305,-1.74062412300214,0.01997150701186259,0,-1.2205339728100002,1.883477682260195
rumu1243,tura1263,-1.425263442208478,0.08750882436967089,0,-1.28556726856,2.1319344152969197
rung1258,maba1274,-0.038425066852107004,0.07027037325307241,0,1.2461447472765,2.148230226716345
rung1259,aust1307,0.11330388578417065,0.05655932198179647,0,0.35515513906425,1.8711668279555451
russ1264,mong1349,-2.4889724720487036,0.06864469930925993,0,-2.6671602593725003,2.210261516802985
russ1263,indo1319,-1.2595809690229274,0.050340103300701426,0,-0.10050310297285,1.9140916576516052
rutu1240,nakh1245,-2.1039855865249386,0.074082512778597,0,-2.507975488425,2.1471577138103397
saaa1241,aust1307,0.81095831765185,0.029395849099925726,0,0.74019032361625,1.8677462823479498
saaa1240,aust1307,0.9613893506519278,0.026461662410734787,0,1.0123118382185,1.8787900281840502
saam1283,atla1278,-1.483015023328425,0.04551084793019008,0,-1.3538532067775,1.8645678006396351
saar1237,aust1307,-0.4604580655517062,0.05502477905348283,0,0.42195903742895,1.96154325476003
saba1267,aust1307,-0.16052411775958175,0.05877631733420255,0,0.357956074997025,1.8790423406613699
saba1268,namb1299,-1.0728866616729735,0.058769351019651236,0,-0.17828918298024998,2.11421893362161
safw1238,atla1278,-1.8519564471528538,0.036523254400925666,0,-1.5713688897225,1.87880737685783
saga1262,atla1278,-1.6212613162882068,0.04377019701710584,0,-1.3924768943041,1.88224847945449
sais1237,aust1307,-0.26424150232237653,0.057978435703467175,0,-0.42181115999249996,1.968141728079635
yaku1245,turk1311,-2.779045843628855,0.13668237198170316,0,-2.41878144728075,2.11227822259388
saki1247,aust1307,-0.5318006436483811,0.05188272772349628,0,0.2623051275125,1.920598093586385
tsis1238,atla1278,0.5539059432967868,0.05714058652368122,0,0.8365179611275,1.8890740380337
salt1242,nucl1709,-1.2502745808735996,0.05003858530494667,0,-1.04073648751275,1.9084913983945948
samb1311,atla1278,-0.14756600155033014,0.04046528282228367,0,0.875934235071,1.955355649941695
samb1305,atla1278,-0.1473252069951232,0.04848523044433195,0,0.26424906059525,1.859495757638805
samo1303,east2433,-1.0077030685031048,0.061070337182295424,0,-0.559621764271,2.0708342020792703
samo1305,aust1307,2.4584984581519995,0.04804845850564931,0,2.02248250966275,1.8741877122511998
wara1292,atla1278,1.2455744979258785,0.04452017981848845,0,0.4693553244525,1.89455195393167
sana1295,afro1255,0.9354449449040605,0.04856804062680266,0,3.1292826357825,1.912697188756015
sanb1241,otom1299,-0.2867970070000925,0.07463043671138339,0,-0.239887784195,1.99259449327348
sanb1242,chib1249,-0.08616807021938824,0.051468129345639324,0,0.29808516924249995,1.949552841184125
sand1273,sand1273,-0.9812681141234696,0.08101770271026686,1,1.30963161805,2.3454025553535747
sand1278,huav1256,0.17423548089024637,0.0530419072561894,0,0.7021686007627,2.131125812618265
sang1331,atla1278,-2.269021617798115,0.03664440998951499,0,-1.624175554246,1.91572198115617
sang1321,sino1245,-0.7909564004834435,0.03638651148457662,0,-0.721463607048,1.8980114664630001
sang1330,atla1278,-1.7884130625178059,0.04484257489787251,0,-1.34800070621325,1.854162891516895
sani1269,sino1245,-1.9640197773913495,0.036180245400757774,0,-1.0961966197064998,1.88703684496054
sanm1301,otom1299,-0.09542310094998395,0.051544220241744716,0,0.00012298809399999971,2.011220904825425
sanm1289,quec1387,-1.7946520447651717,0.08071430997956756,0,-1.7368019123407499,2.074502237080155
sanm1295,otom1299,0.2721448964817499,0.04852686355135884,0,0.7561742207547499,2.0273091184726
sant1410,aust1305,-1.2275007183039235,0.030915238355654587,0,-1.23716990680825,1.899642376465115
sant1451,otom1299,-0.3160249846433839,0.05747034943316843,0,-0.28242083463824996,1.988500945485225
sant1436,otom1299,0.048804820852707,0.03026513845585545,0,0.7245341022780749,2.01984353907244
sanu1240,yano1268,-0.6289732761935858,0.06662339991970355,0,0.41465631680595,2.0396249675968052
sapo1253,aust1307,0.4012881015936821,0.030414028072089146,0,0.7086527423394999,1.89933245369936
sapu1248,aust1305,-2.548481804421248,0.035618696621004274,0,-1.41108585561425,1.90467686179466
sara1321,cent2225,-0.06691587819787881,0.06315121335867854,0,0.20578858225750002,1.839907712278095
sara1327,aust1307,-0.15743841340961956,0.07984581959154906,0,0.5750128629125,1.8641054726349
sars1236,atha1245,-1.2971334705132325,0.08862863786890492,0,-1.8175759170624248,2.0541111089073
sasa1249,aust1307,-0.0889325652526387,0.057920703263073484,0,-0.3359139670665,1.8820136383609851
sata1237,aust1307,-0.4499013445693206,0.041411806317799324,0,-0.08135627738750001,1.83648957915836
saur1249,drav1251,-2.004227880703536,0.09309099515289318,0,-2.4390162692399997,2.10054919341723
savo1255,savo1255,0.844933062230675,0.04765123965258768,1,-0.0654686381665,2.181157004695585
saya1246,afro1255,0.92661971905499,0.03219631245815744,0,1.18622249764875,1.8860587883502449
seda1262,aust1305,-2.5640510227040156,0.035041774537799185,0,-1.3903208496675,1.897767643323885
taro1264,aust1307,-0.23867683930798375,0.02941683107609608,0,-0.26649122431527505,1.950880296431405
seim1238,aust1307,-1.0363900818930984,0.06060313505395166,0,-0.13398590477974998,1.89963063604594
seke1241,aust1307,0.9133280922774304,0.04298880647253704,0,0.81437162796,1.874302755120725
sekp1241,atla1278,1.1278039814442962,0.05023362901521202,0,1.3028147738225,1.89348565195313
sela1259,aust1307,0.26171632476654294,0.0540706911659758,0,0.6553813808237501,1.9080214482521098
sela1260,aust1307,0.35071870989205167,0.061741170433641836,0,0.6361250822575,1.887301200640485
sele1249,atla1278,1.1359619692828016,0.05438381596948048,0,1.2969174853087502,1.886503728987065
sele1250,nucl1709,-1.1314346347268076,0.05511367833820523,0,-1.05982780885425,1.930107329362135
selk1253,ural1272,-2.3551606161206924,0.03187540681211579,0,-1.7739449640212501,2.049423832962245
sema1266,aust1305,-2.4877815192710155,0.030515890818137353,0,-1.367414201187375,1.895498918886605
sema1265,aust1305,-2.5325930334441233,0.039678863215153085,0,-1.3483541208475,1.8933327454075402
seme1247,aust1305,-2.5443135200178584,0.02461190668103256,0,-1.3551309522950001,1.897255166064605
sene1264,iroq1247,-0.5129937803343386,0.05322415558135598,0,-0.31246661024449995,2.044290953612845
seng1281,aust1307,-0.4799760118708689,0.0595301108404679,0,-0.07748061804275,1.88200540893481
nucl1632,sent1261,-1.6359102069436982,0.06708794288351168,0,-1.432333326525,2.16408796319024
sout1528,indo1319,0.5900587350296183,0.05445114003301084,0,-0.00185339771724995,1.923937417659275
seri1257,seri1257,0.6311940357347571,0.06322636399687323,1,0.431226927879825,2.1577917025377946
seve1240,algi1248,-1.833462714410237,0.07455398556591138,0,-1.92522844580325,2.0345674384494004
sgaw1245,sino1245,-1.4957170420693073,0.019716241460369075,0,-0.8860476522815,1.923614189040725
shab1252,shab1252,-0.1349378215679757,0.053316270186712894,1,1.0980791896075,2.357138156389235
sham1280,atla1278,-1.7353124442674777,0.03514061866120731,0,-1.4988974522926748,1.8728477994413248
shan1283,pano1259,-2.006421749748802,0.07827131195754267,0,-1.87330061671,2.0244142604403352
shaw1249,algi1248,-0.6727440530249775,0.07773495774312739,0,-1.54300979119975,2.045510754301865
shee1238,hmon1336,-2.1048545982298377,0.03028513583296552,0,-1.35196476431685,2.0100920254624297
shek1245,dizo1235,-0.4190868508620764,0.03788094209357929,0,0.53037305465425,2.206716612066185
sher1257,sino1245,-0.6456457041024968,0.04586234173292225,0,-0.5313093958299999,1.9125498040497648
biao1253,taik1256,-1.6317727496931624,0.06350954636882258,0,-0.52870183284645,1.9406814794999399
shil1265,nilo1247,-1.2580353985191315,0.05478650884198008,0,-0.909509945926,1.9457471500175099
ship1254,pano1259,-1.9538699544743037,0.07258387017646738,0,-1.82565634027425,2.0288791633794547
shix1238,sino1245,-0.9395730628834602,0.03402049115792889,0,-0.21605912062875,1.88836740637192
shol1240,drav1251,-2.9029199885546078,0.07439616845455595,0,-3.01283913852025,2.0652776377028648
shon1251,atla1278,-2.1226660943016027,0.044718220987344244,0,-1.7412311640115,1.876537195535335
shor1247,turk1311,-2.8912519829472947,0.1257760779606711,0,-2.4327955710525,2.1083186212081397
shos1248,utoa1244,-0.43638859505224326,0.046399698754264015,0,-0.11354711897725,1.9794657349242248
shua1257,jiva1245,-1.2980384705810348,0.05643880873386385,0,-0.3099021564605,2.038590348214
shwe1236,aust1305,-1.6732256311250873,0.037348187626782714,0,-1.22825811415425,1.8768667093800402
siam1242,siam1242,1.8242149668173158,0.05816085457534445,1,1.96329191859375,2.328989153776295
siar1238,aust1307,0.28556989657320114,0.03961511478775609,0,0.377710171397,1.8854224656072098
siaw1243,amto1249,-1.1615268921140376,0.06757909348173705,0,-1.434215141572825,2.18028506539493
sich1238,sino1245,-1.1945590170260765,0.03895823029990306,0,-0.87462496671,1.891959387659105
sici1248,indo1319,1.4739302287907035,0.04295274820423824,0,2.83958002263625,1.923937807718985
sici1249,atla1278,1.3746182149768449,0.0556768769635683,0,0.65724175942525,1.8794701184665001
sida1246,afro1255,0.34507367188692367,0.025366088058512412,0,0.8631767796709999,1.864512334448785
siee1239,aust1307,0.7599239742918598,0.026303169104195875,0,0.492058405382275,1.8855658106168751
sier1250,otom1299,-0.032265677234804,0.04724805550790443,0,-0.1016351136765,1.986200868920375
sier1248,utoa1244,0.2038042436870473,0.059236706268498425,0,0.36402797016,1.95475734871192
sika1261,aust1307,1.246458894925571,0.024768099442569805,0,1.90592782483025,1.8792758776434848
siks1238,algi1248,-1.313440316421686,0.0970134626025046,0,-1.9764492071055,2.04589169358624
siku1242,aust1307,-0.32974086026727495,0.07180365913787516,0,-0.19517106973225,1.87379183024089
simb1256,aust1307,0.7602566602271061,0.031405593389851216,0,0.698789728089125,1.889878628963435
sina1266,aust1307,0.01531667603867855,0.028014252029034056,0,0.11424562256875,1.8598335169923899
sini1242,mand1469,1.9050274214750775,0.07176507456546888,0,3.2678755118850003,2.0326972070671303
sioo1240,aust1307,-1.025304192910304,0.041439656255563215,0,-0.1187522277875,1.879747725002225
sion1247,tuca1253,-0.8608357670447646,0.06047144632473364,0,0.18262694363475002,2.01232810599882
siri1274,tuca1253,-0.5924439002456148,0.06285357899067284,0,-0.050693222191000004,1.9600456209894248
siri1273,tupi1275,-1.191937805202927,0.05924967914844679,0,-1.0490061801352502,1.99659649588091
siro1249,nucl1709,-1.32103331743172,0.054474366083617214,0,-1.02578927369,1.9818080906783049
sile1255,nucl1709,-1.0575180121806587,0.052273144929837034,0,-0.53045700678175,1.94180457633637
sisi1250,aust1307,0.6150435311448652,0.04630944255207561,0,0.3782514988575,1.87354438985776
situ1238,sino1245,-0.6964271582777699,0.04792396355399127,0,-0.22292917295499998,1.912404446284905
siwa1245,sout2948,0.15040609290519857,0.05298535034383854,0,-0.36525297022956,2.051357318612065
siwi1239,afro1255,0.27080795013616255,0.04239266219074147,0,-0.192072105516025,1.91504981528047
siwu1238,atla1278,0.9864835961825202,0.05959537118530586,0,1.1576622983325,1.896144255339465
siyi1240,sino1245,-0.9517950286002248,0.03697305936816585,0,-0.86681041886875,1.89684602003828
skol1241,ural1272,-2.005825532997488,0.033941987893520265,0,-1.3855671133929999,1.94133492629431
slov1268,indo1319,0.6055045160222883,0.05186058694966231,0,0.00179229157800005,1.926426781885735
sooo1254,aust1305,-2.4666767547508393,0.034148927494554,0,-1.22001857203615,1.89449711745741
sobe1238,aust1307,-0.2798143598954045,0.025187845883882665,0,0.36450326520675,1.892369071981345
soch1239,otom1299,-0.2409715736688399,0.058959199057816165,0,-0.07125297376175,2.01896337588825
soga1242,atla1278,-1.4617936588683877,0.03575824795529185,0,-1.219078554112925,1.85226663558906
soli1239,atla1278,-2.182444049980748,0.04670172263314732,0,-1.82253137455575,1.8806036438459799
soma1255,afro1255,0.4883961122212865,0.04841670652084751,0,1.261281845497,1.848221135772445
soni1259,mand1469,2.11858191809829,0.07767148367979546,0,3.26802033882,2.02720889899438
sons1242,aust1307,-0.620334831824374,0.029831973676973086,0,-0.18839390679802498,1.84290057179893
sooo1256,kuli1252,-1.0971459175933265,0.0593394403606305,0,-1.288595053783,2.214980895612805
sora1254,aust1305,-1.7147287891373044,0.044510106788644636,0,-1.05644636702,1.90763318901651
mani1235,east1459,-1.5741581138910203,0.06406638701885549,0,-1.60517294737275,2.1323279721283948
koon1244,atla1278,-1.3164720195055835,0.04133292666918881,0,-1.2104559002165,1.88377690474229
sout2859,aust1307,0.7381286245935368,0.04385102797488208,0,0.62203450823325,1.87208024512742
juho1239,kxaa1236,-1.6608518749290282,0.057517969128047276,0,-1.2095055217215,2.2599885439856298
sout1549,drav1251,-2.8132829063432636,0.07922009062192982,0,-2.6265582313199998,2.1034338437271654
sout2976,utoa1244,0.526787313332167,0.05223467022106342,0,0.38474339835075,1.971970260344285
sout2856,aust1307,0.86005124625423,0.022031349078238262,0,0.8229968668700001,1.868833922517105
sout2954,japo1237,-2.379680561913376,0.06205981005919895,0,-2.3871159157625,2.21758260797359
sout2996,ayma1253,-0.05378196275420325,0.07349405934844168,0,0.57902019189675,2.067363129430655
sout2730,sino1245,-1.8354802905977794,0.0300894773964975,0,-0.872940793205,1.9071754786949748
raro1241,aust1307,2.4435598378661614,0.09048436253378954,0,2.0442818023762497,1.86528080902995
sout2741,taik1256,-1.5034226691147197,0.03327172235969201,0,-0.3820768815935,1.9275680019029902
sout2715,sino1245,-1.6019851542237706,0.04595559553111328,0,-0.357764148415,1.88776018831231
sout2826,krua1234,0.6298914227457617,0.061153147554717256,0,0.5735827527395,1.920759593305485
sout3236,gumu1250,-0.7840268133471842,0.06362912226332013,0,-1.1485206777622499,2.190364990433495
sout2956,haid1248,-0.07051892853102305,0.060909594704059024,0,0.8310101333987501,2.1360439106668547
kach1280,sino1245,-1.2276014652234921,0.03430997945188671,0,-0.20331236135574998,1.87259224666137
sout2949,kiwa1251,-1.2521384646615332,0.06460294231103196,0,-0.416058176755,2.062476852354465
sout2994,namb1299,-0.6237235576425908,0.05152358864239435,0,0.23487497295775,2.115965194160525
sout2649,indo1319,0.4274887801623616,0.03933350314853383,0,1.421116941618,1.961395377427515
sout2729,sino1245,-1.321467216933348,0.03339012436500397,0,-0.3818058574645,1.8869519084281952
sout2728,sino1245,-0.6762158154916658,0.04257391153699707,0,-0.12569468292525,1.886744520902655
sout2918,aust1307,-0.40299450368637,0.06557241679874959,0,0.3237679492355,1.8737233646017248
sout2985,miwo1274,-0.8320921400303836,0.0448795043602264,0,-0.9786131816050001,2.15819428371657
sout2807,atla1278,-1.6370952263807905,0.033250166036194774,0,-1.64494015723275,1.8661539893152002
khan1277,sino1245,-0.5990423311110127,0.0483123998363448,0,-0.10754350658025,1.897333394257985
sout2797,atla1278,1.1423130948700568,0.06366722442094264,0,0.15711463884355,1.90188828748755
sout2679,ural1272,-1.8438391417375142,0.03257924562888694,0,-1.51520325744075,1.969458991883935
sout2782,atla1278,-0.3132174577351582,0.05758316377459293,0,0.5583072524835,1.934128469059825
sout2895,aust1307,-0.4117118371247389,0.04369505221462892,0,-0.127974070113,1.894554398574075
sout2674,ural1272,-0.8489894809341265,0.045899270404269825,0,-1.2815234121249999,1.937615580371505
sout2959,atha1245,-2.0437648046924006,0.0881203241800364,0,-1.8279003443375,2.0563064465199403
para1301,aust1305,-2.04084360248212,0.02642584698168329,0,-1.239053875012,1.88305745999855
sout3261,nakh1245,-2.209966143129609,0.06409787956002598,0,-2.46096896239625,2.1496509268803203
sout2869,aust1307,0.36251434963122725,0.033735689660013335,0,0.4887917459855,1.867339347538115
stan1318,afro1255,1.4273673009137808,0.04918725621487328,0,3.1442465893075,1.9184369767146299
indo1316,aust1307,-0.30261688747726995,0.0542253503540072,0,-0.43996368816025,1.828732734116365
stan1306,aust1307,-2.0392580795765873,0.07300914631193804,0,-0.428536663045625,1.83261253842706
horp1239,sino1245,-0.7381535409462836,0.05920911738206559,0,0.07991408144465,1.91514561965899
suab1238,sout3418,-1.0736695584121034,0.091006612645419,0,-1.5497743566375,2.196371572247825
suba1238,atla1278,-1.5826384749828355,0.042033814769488996,0,-1.3424027490205,1.8810860731884702
sude1239,aust1307,-0.04090061096789495,0.03293458307259475,0,-0.09226313407924999,1.87064292938838
suen1241,nucl1709,-1.561827407682466,0.059576393806019916,0,-1.0705740740874998,1.931325456646925
suku1259,atla1278,-1.7652458148585835,0.045273999232347324,0,-1.5592795809564999,1.9050576827355652
suku1261,atla1278,-1.524817148350192,0.048192780712148206,0,-1.0300571821264999,1.8763123585602002
suku1272,afro1255,0.6608806945412907,0.045391637136491185,0,1.0570182347200001,1.879703126100195
sulk1246,sulk1246,-0.3525657897255605,0.07119512373821929,1,0.095297737972,2.132896648941145
sumi1235,sino1245,-0.7444130679487522,0.035658115444648496,0,-0.26709092990399996,1.89422100504716
sund1252,aust1307,-0.8363700039796871,0.04742580211524176,0,-0.21749665846549998,1.892299515742805
mari1426,aust1307,0.6373231037468949,0.03684605566164823,0,1.21682527635625,1.887759168689445
sunw1242,sino1245,-1.464044746189642,0.0510184011943589,0,-0.577228946322875,1.8981951165178401
supy1237,atla1278,1.411197852399053,0.05527431888206112,0,0.65731449168525,1.88551906762523
surg1248,ural1272,-2.304855235800977,0.04768200618608923,0,-1.33921384768225,2.0090965579148
surs1246,aust1307,0.1318375332830235,0.04041553653105919,0,0.047688594242999996,1.88185236294589
suru1262,tupi1275,-1.6445195414349245,0.05377219699274769,0,-0.64207190281275,2.044063544321885
suru1261,tupi1275,-1.6653219286597387,0.05046430447470732,0,-0.97962273347575,2.03880822992974
susu1250,mand1469,1.9738546208492977,0.06419776269285712,0,3.3160289652415003,2.034693305232805
swah1253,atla1278,-1.719145218043724,0.03830292658518349,0,-1.62338172838525,1.865245443476555
swed1254,indo1319,-0.08542940735948154,0.029074695479959244,0,2.54428966143725,1.9425966180537002
taba1263,nort2923,-0.13049158491217644,0.07727565172164386,0,0.787990917197825,1.994119966363375
tabo1241,tabo1241,-1.4559622632058873,0.062233603741411986,1,-1.35069010633425,2.192683041245145
tafi1243,atla1278,1.141652178403064,0.05564095522159915,0,1.4875580069005,1.898800726423655
taga1272,aust1307,0.10775526011384601,0.05675459850051219,0,0.706696384684,1.86725177698756
taga1273,aust1307,-0.4647586115433814,0.05572181987581061,0,0.1169268579075,1.8864968837509
taga1270,aust1307,-0.0460685265457459,0.05304624544096035,0,0.7003132544105,1.85330934143038
tagb1258,aust1307,0.44940409068036935,0.06037607508608277,0,0.38887573850775004,1.866986485440475
tagi1241,sino1245,-0.6824163058986045,0.038735314056933104,0,-0.39495412317037504,1.870572459718445
tago1246,rash1249,-1.4243307990606147,0.050712040496326403,0,-1.06504472209925,2.2386745455605803
tagw1240,atla1278,0.9710963610345963,0.06305018261246677,0,0.3936716461,1.8880645768402
taha1241,afro1255,0.5210630896804349,0.03842684684474017,0,-0.12889369957,1.889709204095275
tahi1242,aust1307,2.4164585379998984,0.10196335585984177,0,2.045863370933025,1.8621188734634049
taia1239,taia1239,-1.0961453816943107,0.06395030111271544,1,-1.4162713141299998,2.1395601094716197
tain1253,anga1289,-1.0956212979412958,0.0903346288093513,0,-0.8720306682950001,2.113472282875035
taji1246,aust1307,-0.9636457770174587,0.046282018276934206,0,-0.5845860388599999,1.8889558665712198
taki1248,aust1307,-0.8103228719588151,0.04295257672589098,0,0.07678525329275,1.861830553690175
taku1257,aust1307,0.9928106016038136,0.028944881971071968,0,1.923509453674,1.8732385746998
binu1244,aust1307,0.6446957057278864,0.05551778011827245,0,0.7143517114787501,1.866158601793435
tali1259,aust1307,0.9829416716011414,0.029588401971867993,0,0.972906231919525,1.890262752282035
tama1331,tama1329,-0.30818481934639236,0.03845063451860588,0,0.35756774484375,2.1732013788064197
malo1243,aust1307,0.4583885531659614,0.035553890573005335,0,1.0830344580715,1.877514911362685
tama1365,afro1255,1.9627313102920287,0.0649103718994471,0,-0.16060402121325001,1.89053826142741
tamb1254,aust1307,0.020787433032181397,0.05678424640509711,0,0.46946452995474997,1.88331422956506
tami1290,aust1307,-0.6371703266139761,0.040858577406795646,0,-0.0981059364215,1.8681413376576201
tami1289,drav1251,-2.7827000467664034,0.06193549483439372,0,-3.02285207034825,2.06720251605107
tane1237,aust1307,0.21341446939852055,0.048447666622821156,0,0.032531433371750004,1.8976163708827
tang1377,sino1245,-0.528868408833127,0.05209315198805038,0,-0.29856926671475004,1.879255979893955
tang1348,aust1307,-0.12903558637848977,0.03408610276248945,0,0.123178447633775,1.886110517972635
tang1373,sino1245,-1.283041935567617,0.03742577099780393,0,-0.795147451128525,1.9153970901894048
tani1257,tuca1253,-0.760162455465635,0.049784021660904704,0,0.022619590073,1.999336749621415
lowe1412,aust1307,0.2361396937020873,0.040901717338311515,0,0.42619958305822503,1.867096514156915
tara1313,sino1245,-1.015562144124683,0.03786322265776317,0,-1.14843756796275,1.90060778727031
tari1256,araw1281,-0.671735764221824,0.04268669551294594,0,-0.22628875754375,1.91920887378264
tari1263,afro1255,1.5536279765781629,0.03510047695316184,0,0.3625799560535,1.914314395488905
tata1258,otom1299,-0.1724732911936144,0.06303212191220088,0,-0.1184893825635,1.9927251675308248
tata1257,aust1307,0.19695556822407634,0.05947453958546192,0,0.22162396506499998,1.883718822250405
tata1255,turk1311,-2.7087642984169404,0.10490782833093001,0,-2.4277872899205,2.099330331011095
taul1251,taul1250,-1.187791957678873,0.08029485167739285,0,-1.32701758077975,2.208819455029805
taus1253,taus1253,-1.336465241374298,0.057982789666325016,1,-0.633771466192,2.17866558911305
taus1251,aust1307,0.23546379945152746,0.04847602256844627,0,0.61520160321725,1.849461671835885
tauy1241,nucl1709,-1.2660432717396413,0.05788331320808792,0,-1.0012237239135,1.979803069109725
tawa1275,aust1307,0.061119959961255604,0.04383099392319466,0,0.53998099791525,1.88332463508989
tawa1286,afro1255,1.1197716715235786,0.05929721474752918,0,-0.125455504984775,1.885998504733415
diga1241,sino1245,-0.8244746978712068,0.027530319433791958,0,-0.73260509071975,1.907469869230525
taya1257,afro1255,0.9860295325248404,0.0480649406500919,0,-0.0068355485525,1.883150818202395
tbol1240,aust1307,0.3985276298925454,0.051913905957198775,0,0.22906282700574998,1.8867757037457151
tean1237,aust1307,0.2605124711905059,0.03575756513991004,0,0.049311289785000004,1.8947422069764501
teda1241,saha1256,-0.0170157429394647,0.037593719404199304,0,0.03621147669875,2.01184108015036
tedi1235,sino1245,-0.9222457390186173,0.04769362932876479,0,-0.7212745423425,1.89252368005289
tega1236,rash1249,-1.4065092299083615,0.050199690804919254,0,-1.04831170793775,2.25303639904672
tehu1242,chon1288,-1.137578468531602,0.05029970414319957,0,-0.80745446953375,2.2067841064219
teiw1235,timo1261,-0.25742507362334277,0.05814613645212616,0,-0.49614187158875,2.046944780403265
tekt1235,maya1287,0.6990135936547222,0.08202379230215281,0,1.0575866685570001,2.04502193832509
tele1256,nucl1709,-0.6436823942828385,0.05678184998190558,0,-0.6781032332715,1.904884114571975
telu1262,drav1251,-2.905536772263903,0.07207971991335935,0,-2.97846095529,2.0919813188367202
tema1239,utoa1244,0.5193125835427397,0.038216719831378365,0,0.1803170241945,1.954815462501305
temi1246,aust1305,-2.2941660526328254,0.034636747306942856,0,-1.374220922139,1.89193519422254
temo1245,otom1299,0.5268669917267568,0.04990911184545134,0,0.41234930132000003,2.01221889453702
temp1235,aust1307,0.052156110905206304,0.06260954378595299,0,0.4726451344375,1.8766530505522652
teng1272,aust1307,0.28397405884557714,0.056463712812232,0,0.16638424261125,1.90574993565399
tene1248,dogo1299,1.9670896470026533,0.05865767557289631,0,2.1686922816425,2.179722414774535
tenn1246,surm1244,-1.601666858068783,0.07631124817959956,0,-1.7875941293775,2.1366570575049497
teop1238,aust1307,0.8705086584617439,0.028787833310803573,0,0.68045375830775,1.8925089083053
tera1251,afro1255,0.8003566822887163,0.04497323681133379,0,1.08491213581575,1.880479713298345
tere1278,sout2948,0.07090081933497995,0.04771628438848743,0,-0.5770156422420001,2.0471846320097598
tere1279,araw1281,-0.8354206971737372,0.050650834646685565,0,-0.010530549674999999,1.9455237217626649
teri1250,chib1249,0.009922978807978901,0.055814545473318614,0,0.223151845824,1.9534819984193499
term1237,aust1307,0.6989543939059393,0.044540408673235075,0,0.737519294385,1.8885737440494799
tern1247,nort2923,-0.4609572326579834,0.10445891455826713,0,0.10605980151625,2.008897602310065
tete1251,utoa1244,0.24312750316645043,0.05254949149769978,0,-0.14383056503,1.948985292587635
tetu1245,aust1307,0.42010422798343644,0.045377754341100654,0,0.7172152928144999,1.88499609166262
teun1241,aust1307,0.07233493179712824,0.052454410679603936,0,0.48742088499049996,1.8871405176814
tezo1238,otom1299,0.30215933248573257,0.05438187949322294,0,0.7265767409099999,2.028848120779225
thad1238,sino1245,-0.7895239418547393,0.05308987668318599,0,-0.6422722050562499,1.8922435827155648
thai1261,taik1256,-1.7342547612632782,0.06535523659602453,0,-0.42706751692352496,1.94535778011512
thak1245,sino1245,-1.5963337002021483,0.04606028690127032,0,-0.29986110496855,1.87774790933116
than1259,sino1245,-1.4747682144670908,0.04299316090613292,0,-0.9901728661614999,1.930397109333845
thao1240,aust1307,-0.6379837271422977,0.04458700008638708,0,-0.2854649043519,1.96801127849769
thar1283,atla1278,-1.2697968550822467,0.034047661892979614,0,-1.37937237298775,1.86838366614815
aheu1239,aust1305,-2.2730099883087327,0.0555731302354652,0,-0.8336445797665,1.899836809275125
thay1249,pama1250,-2.14604130530336,0.08202434294482436,0,-0.917603594723,2.03210766965584
thul1246,sino1245,-1.2989043940313914,0.03549365049198777,0,-0.6517017623157499,1.8919199631599048
tibe1274,atla1278,-0.6174672720881941,0.04969061127780428,0,-1.5261668081950002,1.91593019255006
tibe1272,sino1245,-1.0156628311013431,0.036236241806091384,0,-0.038113891299500005,1.861524150304335
ticu1245,ticu1244,-0.4863372955321664,0.0632991007424809,0,0.44016847103375,2.13637821906353
tido1248,nort2923,-0.5726750072238892,0.10297016033324864,0,0.1161491220175,2.0011453061344797
tief1242,atla1278,1.283762784905762,0.05096642374378978,0,0.8085376778925,1.91510746932983
tief1244,atla1278,1.293967197714906,0.05064276175263216,0,0.813666054962225,1.913200598509335
tien1242,atla1278,-1.5018952649255386,0.044529292040625244,0,-1.6462312637775,1.900802736018605
tiga1245,aust1307,0.0206513250142316,0.03727311144857513,0,0.6021407365182501,1.8981337159637501
tigo1236,atla1278,-0.056960601678845146,0.05636291564755606,0,1.0908859297275,1.8774750044690651
tika1246,atla1278,-0.3219202850735104,0.051254235621578034,0,0.9105068373555001,1.96029191063531
tiko1237,aust1307,1.0403412294952255,0.04894854473512773,0,1.98873647459725,1.88161903334466
tilu1238,sino1245,-1.4630302560297883,0.03908159192702926,0,-0.64693082975925,1.90752432820878
tima1241,katl1246,-1.5112832674756123,0.05887874790162087,0,-0.7056329183800001,2.341614050342535
timn1235,atla1278,1.056291289263661,0.06245047050446746,0,1.7550239613465,1.8908292292590452
timu1262,aust1307,-0.1701566498129411,0.0696394332370385,0,0.22648127970214998,1.87917136418457
tina1248,aust1307,0.3699846740091929,0.07135588997911266,0,0.05795867558175,1.8609672354650848
tira1254,heib1242,-1.6189923278970388,0.04931091182956041,0,-1.1611662505,2.217386827423435
maee1241,aust1307,0.4167956341949469,0.04048923736902588,0,0.6760294443104999,1.8668997135316099
tiri1258,aust1307,0.7914620393639421,0.032017475785176885,0,0.9012640920465,1.888342399237825
tiru1241,aust1307,0.589756735274446,0.06677324159140301,0,0.37712137695500003,1.890749681409355
tita1241,aust1307,-0.6586006971512308,0.05974106639812768,0,-0.241750478535,1.8902609368203
tivv1240,atla1278,-0.1756035423894195,0.053021709559565554,0,0.1248985959105,1.975969377233205
tiwi1244,tiwi1244,-1.7554667243958746,0.05187375514352034,1,-1.3979099156862,2.2036192263723553
toab1237,aust1307,1.2378793465901468,0.03020823869131331,0,0.8162491504082501,1.8772858652065652
toar1246,nucl1580,-1.8724871075857976,0.06841342030383876,0,-1.4139140515925002,2.150691249654955
toba1268,leng1261,-0.9859496512542225,0.044555014266583634,0,-0.7628002269475,2.163876347250145
tobe1252,nort2923,-0.16326802291397746,0.06801818787232024,0,0.77775710007,2.00904634178915
toda1252,drav1251,-2.8522588927223524,0.04110109607905069,0,-3.0164339602925,2.0804844315584
toho1245,utoa1244,0.26888540757841095,0.05126247739487258,0,0.52715622776475,1.988713948211375
tojo1241,maya1287,0.8972042950252506,0.07805224664845907,0,1.0068959085375,2.03427567525428
toke1240,aust1307,2.304953830281101,0.06005441629362525,0,2.02142655057,1.872266893371505
toll1241,jica1245,0.18671909047279875,0.06496312853540218,0,-0.75735356999,2.1617371674105996
tolo1255,aust1307,0.944154745366218,0.02199639512928937,0,1.08218378216525,1.88527589540291
toma1245,mand1469,1.9243172704270692,0.06576201779840848,0,3.3426408592475,2.012611221278795
tomb1244,aust1307,-0.06687902462729625,0.05850926612493326,0,0.07869133116525,1.86523164877228
tomm1242,dogo1299,2.018418103454996,0.06214883414466995,0,2.10408720712175,2.20982772135444
tond1249,song1307,2.000579027461115,0.05085213978892644,0,2.6979324162975002,2.07646074527467
tong1325,aust1307,2.2552899784240603,0.0514197384076133,0,1.914460095375,1.88440195765673
tong1318,atla1278,-2.109139579420705,0.04294258271552206,0,-1.8260163617075,1.878510555909005
toor1238,atla1278,-1.7584925299888017,0.03154157967412958,0,-1.2298048044674998,1.84304565022502
tora1259,aust1307,0.6800491556652393,0.035629897799628524,0,0.08863539393325,1.87023221903268
tote1238,atla1278,-2.0527925825440048,0.05260312827723834,0,-1.794247200435,1.8836435851639899
toto1302,sino1245,-1.0566351952140018,0.037613275848732766,0,-0.82584970724275,1.902101671112755
touo1238,touo1238,0.6854126174879581,0.04541452739106106,1,-0.097843127923175,2.175678071078355
trin1274,araw1281,-0.32116726281477354,0.0470923061992077,0,0.1955059582645,1.92064300218428
trio1238,cari1283,-1.5770913735842487,0.050546257391521514,0,-1.26227818258625,2.02975617023767
trum1247,trum1247,-1.5762706431218048,0.07174315097540675,1,-0.7058612937875,2.18410399782565
colo1256,barb1265,-1.3384388197827979,0.06238894199435361,0,-1.09391323399,2.0839369565241253
tsam1247,afro1255,0.31378151375114083,0.03976078531708723,0,1.2804810696475,1.85713591569195
tsat1238,aust1307,-1.6800830912099012,0.06944465971707825,0,-0.60528041788425,1.8601955143888702
dido1241,nakh1245,-2.1633999314984953,0.07523547857590401,0,-2.5478395456175003,2.138923268418615
tsha1245,sino1245,-0.7571282664206992,0.02524654971425289,0,-0.235025725373,1.906328211800675
tsix1234,khoe1240,-0.8471656439770083,0.059951715181192286,0,0.5291736413679999,2.08434406671101
tsog1243,atla1278,-0.6487799494513322,0.05978285996385333,0,-0.2882100146175,1.9089657229053851
tson1249,atla1278,-1.753700298367424,0.03604682526836608,0,-1.5514805408675,1.8570454214719998
tsou1248,aust1307,-0.4583792670109703,0.053225293742400856,0,0.44878986133300003,1.959142459176505
tswa1255,atla1278,-1.7839498317501072,0.03456620491386586,0,-1.55028951211775,1.8642043283863652
tswa1253,atla1278,-2.016793361469137,0.03149786094663267,0,-1.65433288566,1.86420632495123
tuba1278,utoa1244,-0.4164387088920714,0.053435478090204526,0,-0.28068276381475,1.97698903183443
tuca1252,tuca1253,-0.9224241693706297,0.06515740647426206,0,0.08036625571275,1.9994315684433799
tuge1241,nilo1247,-0.8238889430323606,0.05259881137567749,0,-0.305258506967,1.95496350911163
tugu1245,aust1307,0.5691446630770256,0.06968008305774077,0,0.71168683200425,1.881459447197045
tuka1248,aust1307,-0.3174402594624695,0.05617845314360567,0,-0.1739033224865,1.882566710157815
tuki1240,atla1278,-0.7831347731799649,0.04203338987970464,0,-1.6039628960674999,1.9392475250401
tula1252,atla1278,-0.27451081127954763,0.05346998363376422,0,0.22135090822499998,1.894538525308505
tulu1258,drav1251,-2.805802410204059,0.05732621904097369,0,-2.98746801461,2.0865158179189596
tuml1238,aust1307,-0.4414675362914847,0.03687380791284793,0,-0.202988347687625,1.88887818574332
tumu1242,atla1278,1.3266149142658041,0.06831107928081918,0,0.94562340039375,1.880812925099265
nene1249,ural1272,-2.390211982435131,0.036156960590256366,0,-1.7832373917000002,2.046414409482325
tune1261,atla1278,-0.6929772849401707,0.03889429228722563,0,-1.6198121376885,1.9467105670699452
tung1290,aust1307,-0.0966875808011424,0.03706210934022353,0,0.60620152044125,1.904152557946745
tunn1238,afro1255,0.1925401955927734,0.04678119819260252,0,1.2458110643825,1.85391119813117
turk1308,nilo1247,-0.7275251296581178,0.05724055882530929,0,-0.89616724205095,2.0138072158742952
turk1303,turk1311,-0.6676220064392162,0.08474221795714579,0,-2.4188196285175,2.096734412687365
nucl1301,turk1311,-0.967819004402115,0.08106477932164013,0,-2.430155914445,2.1039737916635053
turk1304,turk1311,-1.4523700443242893,0.07888486950362321,0,-2.4283971077875,2.1125750537597296
tusc1257,iroq1247,-0.1294341650108689,0.03219569859530685,0,0.00904758158425,2.0403362455909
tutu1241,aust1307,0.5201697020244646,0.0265838888510348,0,1.1164327340305,1.87834240201766
tuva1244,aust1307,1.330655310534195,0.052912063000349494,0,2.02445864011175,1.868519856378875
tuvi1240,turk1311,-2.894469786732683,0.12716176272142488,0,-2.42390767321925,2.1219680114831903
tuwa1243,aust1307,0.36196795040493346,0.05117552937801374,0,0.6994929175055999,1.8769812696446002
tuwu1238,atla1278,1.1033847793601796,0.05723404737394957,0,1.4557040690025,1.895804869017435
uuuu1243,aust1305,-2.1514265677417095,0.03929717097826519,0,-1.24093726717125,1.88513851297078
ubir1237,aust1307,-0.3899247687234416,0.03241028395258636,0,0.1766789351835,1.8894667739596152
udii1243,nakh1245,-1.9763314699255994,0.07488299884318667,0,-2.5029149537375,2.15525146860678
udih1248,tung1282,-1.5080068481747775,0.049074847856269414,0,-1.7520562534100002,2.06784425725236
uduk1239,koma1264,-1.0136030237358515,0.05222162866334532,0,-1.2112987629949998,2.210053101081335
ughe1237,aust1307,0.7384849685440543,0.039446552416307824,0,0.4573940145785,1.891199632289735
ugon1239,sino1245,-1.8971934766713383,0.03548502731732023,0,-1.0590229303999998,1.911869928961035
ukaa1243,atla1278,0.182427688342342,0.04519308241181946,0,0.5035045893615,1.890657279011285
ukra1253,indo1319,-0.6796365713171312,0.056369879498098165,0,-0.10318034947475,1.912203141331905
ulch1241,tung1282,-1.678543109948227,0.030812168468713888,0,-1.9176943367605501,2.06197157839551
ulit1238,aust1307,-0.6404780968102755,0.02876543512970371,0,-0.18373335719349998,1.8467595216858248
ulwa1239,misu1242,0.8467627001091649,0.0704620444874861,0,1.02584784223635,2.109130198794765
yaul1241,kera1258,-1.1042520784843495,0.08564869996052947,0,-1.403959879976,2.1483586801210546
umaa1242,aust1307,-0.8531929788599443,0.03229133021593636,0,-0.5833845012565024,1.8899619852096299
uman1240,daga1274,-1.1836898899698576,0.06969380311196564,0,-1.716838728775,2.17378206794637
umbu1257,atla1278,-1.5212906608482921,0.04021195302854773,0,-1.5687866560175001,1.89581834304041
umbu1258,nucl1709,-0.8520336702748934,0.0668271883124739,0,-0.6257253737224999,1.90830147716657
umes1235,ural1272,-1.3439702033438474,0.038286082300752096,0,-1.3060139836775,1.93958690486973
unaa1239,nucl1709,-0.8932968447393042,0.05850130017108786,0,-0.9977620896220001,1.915039402048985
unea1237,aust1307,-0.5760614720249009,0.040514032220103434,0,-0.0225567654625,1.89029508641398
unua1237,aust1307,0.7211124346774183,0.03591923772157244,0,0.727926521905,1.87508872966706
uppe1427,aust1307,-0.24964815625586773,0.06469776157272054,0,0.0758370058985,1.871409150059515
uppe1275,toto1251,0.1722435289323567,0.04931957283253594,0,-0.3397381057885,2.034883305202015
urak1238,aust1307,-1.3112007677935227,0.06636484235878388,0,-0.3758465670805,1.83451961609613
urar1246,urar1246,-1.127018707854058,0.04975736973819679,1,-0.7977814355577499,2.16001345761123
urav1235,aust1307,0.779005062806229,0.03329276817476723,0,0.5883429506341,1.890385496233195
urim1252,nucl1708,-1.153820314835961,0.05763653263359556,0,-0.4920738222055,2.041618428646095
urip1239,aust1307,0.8365825483797531,0.03031687477865838,0,0.9004757123875,1.88042308045865
urni1239,giim1238,-2.103690864883469,0.05346739385952306,0,-1.31333369083125,2.1740105180640352
usan1239,nucl1709,-1.1923014259238123,0.06929511488857222,0,-0.8534891727325,1.963836322422485
utes1238,utoa1244,0.0269950934148249,0.06037383692677273,0,-0.008690667785,1.95905543296156
kagf1238,atla1278,0.34354675331434575,0.06181377681978353,0,0.46554037999825,1.8947308624247698
pile1238,aust1307,0.8862707852420959,0.05461487524896263,0,1.963418783597875,1.8754789123438051
veps1250,ural1272,-2.098344592144201,0.03850185263583397,0,-1.6562588614505,1.93597124784627
vera1241,aust1307,1.0401165098523237,0.02864157743764346,0,1.158493466045,1.8783740051942202
viem1243,atla1278,1.2170217620631574,0.06659694836457632,0,0.4512761899635,1.894020990479155
viet1252,aust1305,-2.042322682724564,0.04400407833652287,0,-0.7089755240642499,1.905788057704635
voti1245,ural1272,-1.943498444513956,0.04478641749551057,0,-1.6087902015164999,1.949655982661185
vunj1238,atla1278,-1.6882986149936663,0.03933242040840813,0,-1.393201542655,1.87194796248661
vure1239,aust1307,0.9151086585856223,0.02536992418456749,0,0.93971940463875,1.876242319706455
vwan1235,atla1278,-1.7764184894739157,0.04295728812063773,0,-1.2582191702125,1.85450208336519
wadj1254,wadj1254,-1.9020152852571877,0.08057790378443114,1,-1.3387472467900001,2.21218196732473
waga1260,pama1250,-1.7622617572530852,0.0863672449427098,0,-1.17139742587775,2.012093903218585
wage1238,wage1238,-1.9698255200966042,0.05833652345298254,1,-1.30553639578825,2.19018353018968
waig1244,aust1307,-0.516965611576891,0.044069957427042096,0,0.37590365215224997,1.9043012336573
waim1251,aust1307,-0.5277704564886236,0.03515463034208344,0,-0.17238110499675002,1.8536767535025649
waim1252,aust1307,0.7584425878507808,0.055087714953775783,0,0.74309883416125,1.87496711803007
waim1253,cari1283,-2.0404994526085973,0.0643823543581063,0,-1.33873432636025,2.050092436323665
waiw1244,cari1283,-2.002025004859518,0.05754271284452882,0,-1.397356606681485,2.034606415712495
waja1259,atla1278,-0.2836943708048487,0.051297410355706084,0,0.2229291641475,1.90454114930244
waja1257,pama1250,-1.7775173810197469,0.07806485475353939,0,-0.85383644067235,1.9923310756292598
waka1274,pama1250,-0.6782966435104769,0.09733603299461338,0,0.2417443299925,2.035626895574615
wala1266,aust1307,1.3592532014900098,0.051069072823138384,0,0.9175318216065,1.88034996557937
walm1241,pama1250,-1.9303229433418583,0.07427299476759092,0,-1.0629483357135001,1.9841180911059402
wamb1258,mirn1241,-1.8775873773824547,0.07603549288700069,0,-0.76098194564085,2.066386765407305
wamb1259,nucl1709,-1.2804571433339014,0.05327475735153022,0,-0.94009009376825,1.9077383564403751
wamb1257,sino1245,-1.3615932941833482,0.03474543147428979,0,-0.5112796546135,1.893455113959405
wann1242,mand1469,2.04144395824067,0.04884015785641725,0,2.93514510817,1.9969576210756599
wand1278,afro1255,0.5328750935642836,0.032221766874250664,0,0.7301304880085,1.878063822724985
wand1267,aust1307,0.00418291709779545,0.04231717850704645,0,0.468694031057,1.89935710332289
wanm1242,pama1250,-1.737509539909185,0.0857529608940213,0,-0.94160133908075,1.990668378206045
saka1289,aust1307,0.4164879887882138,0.03876382634804809,0,0.914351930752,1.877092003219095
waor1240,waor1240,-1.05603608236942,0.05069494447778836,1,-0.7247005213765,2.161503024813205
wapi1253,araw1281,-1.1348493827355726,0.044749132821849266,0,-0.31046522652249997,1.97244760456408
wara1303,wara1303,-1.0504457848461854,0.022567012327941477,1,-0.8409329989134999,2.1715578703182947
wara1300,aust1307,0.5309136853120828,0.05940591590540313,0,0.665969570788,1.847599335017485
ward1246,yang1287,-1.9106472679705424,0.07385731394604468,0,-1.37238645905175,2.18627380394606
ware1255,araw1281,-1.0444352724316137,0.0491669933272897,0,-0.29390890063725,1.9417920434721
ware1253,aust1307,-0.35107730227882317,0.060170694662882544,0,0.01627341249825,1.90053613652925
wari1268,chap1271,-1.1112851605652447,0.047374254633796166,0,-0.846100717061,2.1384629646569797
warj1242,aust1305,-0.6391919184938226,0.03044268382879721,0,-0.787782400536,1.8908154864036049
warl1255,pama1250,-1.9389103332500435,0.08285764385724585,0,-1.085703397422,1.991072008389275
warl1254,pama1250,-1.722848868675938,0.08566286333774435,0,-1.0823930036298,1.983438709575815
warl1256,pama1250,-1.6671185783129616,0.06255578792913236,0,-1.1710407822075,2.03600928944733
waro1242,aust1307,-0.5577519697483405,0.05676796141483325,0,0.54780864351725,1.91544738328211
warr1255,pama1250,-1.9065550664042539,0.07349800257172476,0,-1.238362833475,2.033699952490935
waru1265,pama1250,-1.9020156796248027,0.06573653715649247,0,-1.0385567847455,1.98912018502517
wash1253,wash1253,-0.6346953920458966,0.05254073102135438,1,-0.7693933486975,2.20420394092357
wask1241,nucl1709,-1.3398953970297396,0.053180631650904225,0,-0.88947837897075,1.985325709415695
waur1244,araw1281,-1.3135487604884346,0.05194408690288299,0,-0.5699735066485,1.992283486031235
wawa1246,atla1278,-0.13093216437228006,0.05044588156900933,0,0.98624487653825,1.963463478359845
waya1269,cari1283,-1.8128396822419481,0.061454543843273424,0,-1.1444727657190001,2.0182574652485403
wayu1241,sino1245,-1.6492702744316832,0.052086962804785204,0,-0.5924580368865,1.88924919741181
wayu1243,araw1281,-0.3842712375235162,0.04813915824099809,0,0.1082253020225,1.9548029963687101
weda1241,aust1307,0.006348244627779449,0.040684776192492264,0,0.5288620334875,1.892832827889365
wels1247,indo1319,1.8806150855980355,0.056503056066073164,0,2.29369678183525,1.9807329364660649
nort2864,aust1307,-0.4058987522985245,0.049424446397890676,0,-0.12302091691125,1.905698281447395
weri1253,kuni1270,-1.573279798150586,0.0884433493916758,0,-1.8424024460275,2.13388351508151
west2564,aust1307,-0.689975723877499,0.0575525317475003,0,-0.28914033029249997,1.89575280097267
west2560,aust1307,0.0073616345002811,0.050801571585543236,0,0.4249241123075,1.88926110425218
west2548,aust1307,-0.2564115883540073,0.05570661228811117,0,0.22664118832000002,1.889439073431805
west2615,atha1245,-0.6131975066235885,0.06776652425721628,0,-1.4542933614445,2.0366101996295196
west2441,pama1250,-1.2416910914185126,0.08040822471922363,0,-0.07505976041825,1.9941085372878748
west2397,aust1305,-2.47332587223414,0.042331683703780675,0,-1.218930989168225,1.897226729957285
west2555,aust1307,0.6179129424400212,0.05741786959264599,0,0.70412901689675,1.85907784195396
west2618,eski1264,-1.792445797629981,0.06840299659370642,0,-1.8070102011,2.11421062743437
west2650,aust1307,-1.968127587390903,0.07992091679568777,0,-0.610027524064925,1.86488223680969
west2594,nucl1709,-1.3348251500382,0.043136002379971373,0,-1.0357855214040002,1.9272322273729299
west2778,utoa1244,0.7740628662145816,0.04087847051428253,0,0.138576939315,1.94837786060334
west2369,indo1319,1.0316123864186422,0.053346728863740756,0,1.486860147824,1.961782646652635
west2519,aust1307,1.4542991749848013,0.0333047483598628,0,1.6528284989427502,1.88950763363101
west2354,indo1319,1.335803484051004,0.03117181378085055,0,2.530405346867,1.950976867395115
west2644,otom1299,-0.210739084025029,0.045558150184422205,0,-0.084381741574,1.98380805448472
west2624,utoa1244,0.2989850248727607,0.050013130311193095,0,0.05205909163925,1.946076447617585
west2466,atla1278,1.2877645478101056,0.07407749533752371,0,0.6051399217155,1.892952653775345
west2632,kere1287,-0.3071496761501069,0.05547305056813847,0,-0.82421905704625,2.183283997634205
west2396,aust1305,-1.9314315273161666,0.027015305706837415,0,-1.2392198022655,1.885383477634675
west2418,sino1245,-1.6428894078387801,0.03643046415157909,0,-0.9444074207525,1.922364397613745
west2392,ural1272,-1.9429461763591798,0.03280167189921871,0,-1.4261707372225,1.986765872944285
west2763,afro1255,1.2526869966550347,0.04350229873722885,0,2.7593325775525,1.938273359685825
west2386,indo1319,-0.8363623138616263,0.04440468707955289,0,-0.082371668829,1.94109182589713
west2557,aust1307,0.44938525498966214,0.05816723864067979,0,0.45392036912,1.869393727320665
west2415,sino1245,-1.5988413785963045,0.031018346914676274,0,-0.3280882289635,1.883364383026725
sanj1284,otom1299,-0.02698162235064205,0.06379768982662543,0,-0.335026115008,1.9882695243414998
west2430,hmon1336,-2.05092253075883,0.028422711407808908,0,-1.3642104765095,2.010348228740665
west2599,nucl1709,-0.998472950894877,0.05747714913179745,0,-0.7305509546615,1.91303292222161
west2600,nort2923,-0.34352547848044335,0.07440820265974216,0,0.595290071695,2.0532954702555646
saka1291,aust1307,0.47020746219272447,0.04173889669365356,0,1.0596762820025,1.874435290942405
west2538,aust1307,-0.1898524088495217,0.10221280018827388,0,0.599001411932,1.9032615838056048
west2516,aust1307,1.0344135619925288,0.056083091747099335,0,1.9679073914345,1.873305718298015
whit1269,aust1307,0.2481809216963195,0.05256449899402425,0,0.37592403781274997,1.871790099832485
wikm1247,pama1250,-1.997469772328809,0.0699273535044642,0,-0.5358877363650001,2.0271808385728303
wira1262,pama1250,-1.1037971962511848,0.058109191726728834,0,-0.12070251319375,1.9889802298127202
wiru1244,wiru1244,-0.9498727209126199,0.06382715861475848,1,-1.52885039381425,2.168147610137405
babi1235,atha1245,-1.3140419747623948,0.07903913814131099,0,-1.805817854834,2.0489918373352998
woii1237,aust1307,-0.600146828386398,0.04982733875619869,0,0.3150623166475,1.90936442768442
wola1253,afro1255,0.4750481380711713,0.03469882408486745,0,2.467628324964,1.998483765171245
wola1242,gong1255,0.676571064923564,0.0706593586898836,0,1.42817584837,1.9226007912470502
wole1240,aust1307,-0.3296368533308054,0.021841074214147004,0,-0.17637510441525,1.8405966744968651
woli1241,aust1307,-0.0940125867066892,0.0492005144848378,0,-0.6907940349545001,1.894808903308575
nucl1347,atla1278,1.12833779817195,0.047877033447442666,0,1.4032729737482499,1.92887159659504
wood1236,algi1248,-1.951594569853406,0.09159736217417923,0,-1.98948514243975,2.036322847178515
wotu1240,aust1307,-0.784300249432031,0.044072308207398145,0,-0.68559278372625,1.8988220064481252
woun1238,choc1280,-0.11173984506405996,0.05337912249895539,0,0.7175812458574999,2.02838187125879
wuch1236,sino1245,-1.9667398949906758,0.04416117367791197,0,-0.64838252103675,1.910801924603705
wudi1238,sino1245,-1.941242620804238,0.03610994737783632,0,-0.999472517745,1.89870364248484
wuna1249,worr1236,-1.937849606483127,0.10328070513507102,0,-1.5904352556548451,2.1638788475928648
wusa1235,sino1245,-1.882519984099835,0.03518194703382307,0,-1.007506621168,1.8998093033843348
wutu1241,sino1245,-1.1772304260435396,0.037187297095033676,0,-0.8008207588282501,1.9149751938015749
wuvu1239,aust1307,-0.8928796449666064,0.0606691369273164,0,-0.12482331388675,1.89869166327328
xamt1239,afro1255,0.29062244125906433,0.03512372410599042,0,0.738779807812,1.8652974090693348
xara1244,aust1307,0.7904767826824922,0.031963660337675545,0,0.902084034504,1.875130712546865
xava1240,nucl1710,-1.1981139471343794,0.05494226323786953,0,-0.053156405191749995,2.02630012974021
xhos1239,atla1278,-1.288550903722526,0.03743740153080043,0,-1.41120984069504,1.84968500331392
xish1235,sino1245,-1.9783601461253377,0.04134385502815969,0,-1.1500553434824998,1.8979207221088
xokl1240,nucl1710,-0.34732588369367634,0.05454529575669853,0,0.42419075257350003,2.01729933499115
yaak1241,afro1255,-0.24642687279869285,0.03280611914638611,0,1.2730057358124598,1.8525536846642652
yabe1254,aust1307,-0.558021631390629,0.04788731286003539,0,0.18820438391975,1.876541675369895
yaey1239,japo1237,-2.3372154469679707,0.06898401066312605,0,-2.40137881439,2.21512580610306
yaga1260,nucl1709,-0.964692901747743,0.0295604592533564,0,-1.0910982963362499,1.912364639272145
yagu1244,peba1241,-1.280337893231386,0.05709742229781471,0,-0.6933567831725,2.154942258559125
yaka1272,atla1278,-0.6457745011426608,0.04342964352277747,0,-1.1947985469775,1.8877122552875352
yaka1277,aust1307,0.5055826191081882,0.059781632192271734,0,0.47537743830949997,1.887346677440315
yaka1269,atla1278,-1.7245548693215558,0.04768822981062441,0,-1.55800868120575,1.88888401049674
yakk1236,sino1245,-1.3679881640105938,0.03157416480250194,0,-0.8976957350475,1.9150769195764
yako1252,atla1278,-0.8640582784102302,0.05051109352916546,0,0.26485999205474997,1.8457120562682352
yala1266,aust1307,-0.45475987327452183,0.06646484181775326,0,-0.113172549907,1.9038860902993502
yale1246,yale1246,-1.1734034125326116,0.07091550093932641,1,-1.4696497819715,2.1757998736269446
yama1264,yama1264,-1.2278100108425953,0.055438503687564374,1,-0.87566363225025,2.22556034426762
yami1254,aust1307,-0.11247494077451886,0.061434229352339186,0,0.22952459563975,1.868690542191985
yami1256,pano1259,-1.896585948297823,0.07797086542435787,0,-1.87570466695,2.026286934112095
yamp1242,sino1245,-1.396467017028685,0.028051980600906138,0,-0.863121374468,1.920553825825865
yand1253,pama1250,-1.4544619240137204,0.07970012065018621,0,-0.99361570767075,2.0353082387923997
yane1238,araw1281,-1.1877470145728846,0.04833348907073384,0,-0.133896002050375,1.977621177916765
yank1247,pama1250,-1.3081003502200852,0.07360420844127269,0,-0.6119879029812749,1.969469211883885
yano1262,yano1268,-1.144222786177994,0.08099353433996988,0,0.296983836574375,2.0211567338404652
yano1261,yano1268,-0.6392060674740248,0.0632036507129681,0,0.32724535696725,2.01807156329608
yany1243,pama1250,-2.0167535571827915,0.0910392117907932,0,-1.1518221682225,2.0276238403484648
yaoo1241,atla1278,-1.892568173943912,0.03224314981745579,0,-1.6783106895275,1.877428227862405
yaou1238,mand1469,1.892050071962998,0.07266526365308897,0,2.8957667426,1.999986379598015
yape1248,aust1307,-0.09358451140805571,0.030812601973606548,0,0.2123490485165,1.8759571509483899
yaqu1251,utoa1244,0.40568145901126096,0.04834301424729592,0,0.31061977648325,1.978039544307245
yare1248,yare1250,-0.7018543994425019,0.06946612753269105,0,0.0848070163,2.150600079881515
yasa1242,atla1278,-1.0044385352954497,0.051075253899285716,0,-1.6060206075625,1.91600733102699
yatz1235,otom1299,-0.1649827648366703,0.05806365950681607,0,0.17996133885225002,1.98203499154475
yaum1237,nucl1709,-1.5195604398750517,0.018727634051239853,0,-1.0356876973225,1.924207094912965
nucl1454,yawa1259,-1.003310480878822,0.0726805342397306,0,-1.4999499646442498,2.1989281525600397
yawa1261,araw1281,-1.6063449426827758,0.06738418118817922,0,-0.553296642903,1.99222675275124
yawa1260,pano1259,-1.9727229735839735,0.07089587123729277,0,-1.876844448679,2.024735297364235
yawu1244,nyul1248,-2.0342184602225117,0.10660432341816573,0,-1.6275529912475,2.170610405402255
yecu1235,toto1251,0.08273366859096146,0.06530861664999366,0,-0.25363546846415,2.041841048959895
maqu1238,cari1283,-1.7887242692017373,0.05814719530343707,0,-1.2072831384575,2.021245797173485
yele1255,yele1255,-0.39358484897411616,0.07942780827311659,1,-1.45115336944,2.203968932830875
yems1235,gong1255,0.6268109934258796,0.07109250563485627,0,1.05957423983075,1.93715153945851
yapu1240,nucl1708,-0.9635301276896941,0.0732729275699122,0,-1.1698233502102502,2.05943192151179
yess1239,sepi1257,-0.814928718447379,0.08460445213485929,0,-0.45136296471525,2.009298922829335
yeyi1239,atla1278,-1.9776430939353307,0.05072787837452549,0,-1.58764568390125,1.90045719144632
yidi1250,pama1250,-1.9682478311708624,0.08553571312270258,0,-1.11311383641325,2.05175224266955
yima1243,lowe1423,-0.951148958404421,0.07977667141397239,0,-1.173316431646,2.119432777194635
yinc1238,aust1305,-1.8888983178811647,0.022169501365952835,0,-1.21675527017,1.886134952009335
yind1247,pama1250,-1.34250424403194,0.07552475034322735,0,-0.48527903393475,1.965699181673495
yine1238,araw1281,-1.1274734979416667,0.06184066996759967,0,-0.23124256766425,1.9732523615113
yoga1237,aust1307,0.7774163407331958,0.0572446463011924,0,0.5877033829857501,1.88823335401994
yona1241,japo1237,-2.205163419979205,0.054599272399448895,0,-2.3977086835975,2.2161822075170896
yong1276,taik1256,-1.83774743368922,0.06031637972680785,0,-0.5607020661540001,1.94970538313484
yong1280,nucl1709,-1.1906877828979874,0.05249304257257884,0,-0.7729776546514999,1.91220236149569
yora1241,pano1259,-1.7887034914926994,0.06581157353273141,0,-1.874875955596,2.0229568745437447
youl1235,sino1245,-2.09854226342505,0.028445668993281978,0,-1.0874410468020002,1.889939650936605
youn1235,hmon1336,-2.149498985117836,0.029141144499612248,0,-1.36532249933625,2.00611369164454
yuca1254,maya1287,1.0545696081794738,0.07414743312566059,0,1.4106572592825,2.0549158938035053
yuch1247,yuch1247,-0.39655790870893304,0.040696350387851105,1,-0.831395375209675,2.1893202004240697
yucu1253,araw1281,-0.7239016190521863,0.05019597635956242,0,-0.18712622540725,1.929682298691045
yuec1235,sino1245,-1.5790746425744484,0.036245969761189475,0,-0.4536480410428325,1.92053313719531
yukp1241,cari1283,-1.1776603226230073,0.06036052470115499,0,-1.33158689426525,2.04105146372103
yulp1239,pama1250,-1.8007410369255659,0.08182304834758634,0,-0.93826591941925,1.98604769434327
yulu1243,cent2225,-0.4625628423000577,0.059628205782316764,0,0.05599182570075,1.86140145900587
yuqu1240,tupi1275,-0.8808800691008182,0.04865926048447792,0,-1.04177569866475,1.987537966094965
yura1255,yura1255,-0.7847830953022723,0.05824900087282856,1,-0.76356223735925,2.1684454792252152
gami1243,pama1250,-0.7542149019538388,0.08683883975100347,0,-0.19224686019992498,2.00505540643818
zaba1237,aust1307,1.3563624091127948,0.030862494786363544,0,0.19857634896300003,1.873333689789985
zaca1242,otom1299,-0.22370901299612134,0.05678453922080841,0,-0.08191025330425,1.982771293798765
zaca1241,utoa1244,0.3254036730687181,0.04434277482327449,0,0.36512156786,1.95687336509169
zaiw1241,sino1245,-1.6711388642130562,0.03259148379642927,0,-1.22430415090325,1.910817522715325
zakh1243,sino1245,-0.8313590873156677,0.04492894832435021,0,-0.88086839754575,1.9095758737325
zamb1245,atla1278,-1.1433732121754547,0.05314638815700818,0,-1.5879941760765002,1.86405738413757
zand1248,atla1278,-1.796729672274552,0.059380094444530344,0,-0.23336410627775,1.84479247038261
zani1235,otom1299,0.1865505559111943,0.06642053268300253,0,0.06544709110500001,2.00042905825681
zapa1253,zapa1251,-0.3140669217472142,0.10261534788161233,0,0.9530749230785001,2.116494416972325
zarm1239,song1307,1.478989352618683,0.06057642502080904,0,2.7060098991675,2.07902366335865
zays1235,gong1255,0.7046298633428558,0.05748127042773599,0,1.387658290652975,1.9306626543896899
zeme1240,sino1245,-0.8137127259683432,0.038715551633724185,0,-0.52362430188375,1.895271851044875
zenz1235,otom1299,-0.0223637968626813,0.03137702497072608,0,0.12865109733024999,2.003391501524945
zhab1238,sino1245,-0.8374714038130665,0.04132538667751165,0,-0.34569942124499997,1.88877321204573
zigu1244,atla1278,-1.658977254315516,0.042785471202459846,0,-1.4947855907015,1.871439915181315
nort2795,atla1278,-2.0681958960764977,0.047513330973005585,0,-1.49689884566825,1.8609605951458001
zinz1238,atla1278,-1.6803436711372646,0.04110388633042917,0,-1.279848506063975,1.852946248786525
zoog1238,otom1299,-0.17753830905398946,0.035824367379496715,0,0.1698169302175,1.97781343346503
zulg1242,afro1255,0.43241635257156363,0.0666026310126066,0,0.5263091081565,1.8735209011531548
zulu1248,atla1278,-1.477050205927755,0.03813992035983634,0,-1.4679609033975,1.850964028414535
zuni1245,zuni1245,0.47262467563895005,0.054588851568319496,1,0.455587870165,2.183707485966115
