Glottocode,Family_ID,GPGLMM_3D_Mean,GPGLMM_3D_SE,Isolate_Flag,Verkerk_BRMS_Mean,Verkerk_BRMS_SE
abad1241,aust1307,2.8638727112719717,0.019488122944428136,0,1.5665600610765,3.980226049133395
abau1245,sepi1257,4.923818085463822,0.042070129354655046,0,8.1302306202475,5.5269261361976145
abkh1244,abkh1242,3.560767436693512,0.024525649908131025,0,3.63235485623,5.6778135518747295
abua1245,nucl1708,4.778209002167721,0.05427620404928339,0,7.8975735488925,5.51213515224876
abui1241,timo1261,4.215917651848988,0.02815091919216247,0,7.541796587815,5.6438622015971855
abun1252,abun1252,4.536609659491543,0.02206210483773708,1,6.989643925239999,5.645909166768275
achi1257,aust1307,-0.11596358959147049,0.022187685901515014,0,0.2951720849035,4.01261506927905
acha1250,araw1281,1.5021049631028571,0.02565444166301287,0,-1.7256043018475,4.34431586885623
ache1246,tupi1275,1.2977558393405557,0.020820272397887713,0,1.0832371808605,4.549501930961945
ache1245,narr1279,3.159659878050384,0.026932417397367577,0,6.8675047023969995,6.0002439984166
achi1256,maya1287,-1.3577985955742244,0.046348564945374406,0,-0.9882012240895,4.576501254590645
achu1248,jiva1245,3.009955695843953,0.012320212458794095,0,2.6031543164725,4.994389112245875
acol1236,nilo1247,0.7366069361356506,0.02661707304954284,0,1.5545269239155002,4.205640403447465
adan1251,timo1261,4.169868790238396,0.012203258239643633,0,7.5644065705350005,5.64589794782742
adon1237,aust1307,1.9618196739736868,0.025428665105228666,0,1.9492385251925,4.149686792733105
adze1240,aust1307,2.841955825841642,0.011404088177703503,0,1.14394196261,4.05473897773798
aeky1238,kamu1264,4.718916388598417,0.03447171875208171,0,7.31900023143,5.50530429600403
afar1241,afro1255,1.5224578926171202,0.016963958367075784,0,2.5492586842115,4.243394488069525
aghe1239,atla1278,4.769218312554335,0.034832988519119555,0,7.47425370041475,5.067008661048175
aghu1255,nucl1709,5.5236399509962215,0.02196674664729013,0,8.9718358819925,5.46745632712251
agob1244,paho1240,4.460309703444566,0.041167240076946374,0,6.9937069222725,5.515480705178975
agua1253,jiva1245,2.654172085804637,0.021741514977029346,0,2.576344045675,4.999823194770535
agus1235,aust1307,-2.8084636468641944,0.018880488935920797,0,-6.001392070965,4.05712535640304
agut1237,aust1307,-2.801733105708739,0.02722935341831643,0,-5.3517128827025005,4.113050973804141
ahin1234,aust1307,-3.011040149562422,0.026257194465174365,0,-5.5510673862775,4.0608783160165505
aika1237,aika1237,2.5997526270360685,0.019549635330435217,1,1.28784158701,5.188872554857805
aime1238,bosa1245,4.789095223366077,0.06519643895376943,0,7.07269308879,5.435058295865915
musa1266,nucl1709,5.949521838725179,0.026076218657047463,0,8.5936443694675,5.625513461224131
aito1238,taik1256,4.280134521198424,0.02330786237714218,0,5.265601865678,5.366537316751905
ayiw1239,aust1307,3.10342547161058,0.00652916576476346,0,0.6307825606785,4.151107856406565
ajab1235,atla1278,4.012459910923284,0.021119656402522176,0,8.1807825649125,5.04853198591929
ajas1235,kres1240,3.4562215366263285,0.01725716375836101,0,6.62024120492,5.92905151749296
ajie1238,aust1307,-0.9291557911488337,0.026836979755761724,0,-0.0790813164875,3.97253463095935
west2635,maya1287,-2.6549961008555334,0.026352107371457146,0,-3.5632550430450003,4.83105324860807
akha1245,sino1245,5.84102980829638,0.018860774356115616,0,5.2682453320975,4.810434684099205
akoo1248,atla1278,4.024606116546158,0.04844546499517292,0,7.2863907117875,4.7274810559339
akun1241,tupi1275,1.952315465817253,0.016409759464685623,0,2.0611441637625,4.748332678905481
alab1254,afro1255,2.6054154183961895,0.02184145670301819,0,2.587915158442,4.215002540399215
alab1237,musk1252,2.703980009499024,0.025124941869486987,0,3.8183671386949998,4.924768759666669
alac1244,otom1299,-2.862538600712768,0.04295120270648524,0,-4.4397849252125,5.01394658052973
alag1248,afro1255,1.6780827542831853,0.019127417144671807,0,2.3110164978,4.18580538797128
alam1246,sepi1257,5.084309600396638,0.05271531108971138,0,8.047596385957501,5.54315671358019
aleu1260,eski1264,3.3915495555752626,0.021554832117226433,0,3.405193222765,5.118665979918395
alor1247,aust1307,2.1363177765164885,0.022508199536904704,0,1.9404356903075,4.1104762130300205
aluk1238,drav1251,4.93171518339168,0.020808182826376614,0,8.3890897540695,6.65545853141246
amah1246,pano1259,2.000252797853645,0.02454795272873264,0,1.16394501355,4.57364323667144
amam1246,kuni1270,4.54740131721395,0.023232755602769512,0,7.37168319166,5.46209078693506
amap1240,left1242,4.642529746615127,0.048280317112122974,0,7.2043880769849995,5.4667679055187595
amar1272,aust1307,3.3494242927393056,0.00552294133630187,0,1.87056826315425,4.14903521959018
amas1236,nyim1244,2.904458761881107,0.020909717677628375,0,6.653724374375,6.137928963338744
ambu1247,nduu1242,4.782189895973593,0.044550619754023794,0,7.4342010120875,5.490557340629605
amdo1237,sino1245,5.516004417980909,0.005884292716894833,0,5.2937935369325,4.8881965513042
amha1245,afro1255,1.9680757145053889,0.026053094297400606,0,0.7125919577485,4.291231936198789
amii1238,west2434,2.5088714047798666,0.04847802095415519,0,9.4991587856125,5.254581727504711
amis1246,aust1307,-1.8240138079530621,0.03186147704783957,0,-3.9543080321305,4.221484441223145
hoaa1235,kxaa1236,2.8051034780130655,0.023594722803714604,0,3.1042668598025,5.3849076882536995
gily1242,nivk1234,4.1870108563455375,0.010135722358640312,0,6.9564147890050005,7.674165908066859
anei1239,aust1307,0.1883529554911005,0.02300852683151053,0,-1.45109536890375,3.999626446662875
anem1249,anem1249,5.131818751557996,0.031943268490688355,1,6.936338905987499,5.680361027210005
anfi1235,gong1255,3.2323360951867413,0.02258323817460714,0,5.816104010895,5.100198262010579
anga1290,anga1289,4.504505611891554,0.0442677777562055,0,7.1830404287575,5.5596045482606105
anga1288,sino1245,4.471136288486347,0.011204985113656077,0,4.49363139406775,4.780595609324415
ango1257,chib1249,4.36992784238093,0.02459441444442981,0,5.0065065611855,5.02127705545206
wara1294,more1255,4.507756034313031,0.008710075684698488,0,7.5227789042575,5.4967893080031995
anuf1239,atla1278,4.061595725433756,0.03029232262303868,0,8.23166108549,5.04533939795809
anuu1241,sino1245,4.393714788729223,0.014798766700836104,0,5.1973629294265,4.9504621698822255
anut1237,aust1307,3.2514260422268784,0.030940937529946876,0,-1.957146625538,3.835244449984415
aona1235,sino1245,4.713473691465267,0.013277341378100691,0,4.5158291783275,4.7712622737823445
aoua1234,taik1256,5.308410502805318,0.025004555979368674,0,5.19492779332,5.38014207009685
apat1240,sino1245,4.8923851664733204,0.01423836662190698,0,5.2104537991675,4.896702336656045
apin1244,nucl1710,4.17804132424164,0.02661506186808196,0,4.0662392861515,5.0057239376991856
apma1240,aust1307,3.6529313567450723,0.04240609201644309,0,0.7872793971500001,4.0915804241340545
apma1241,kera1258,4.974963313487036,0.030147880863576216,0,7.409919270415,5.73638353454753
apur1254,araw1281,0.7383087697568531,0.02028695801686884,0,-0.890781967677,4.412441060664454
arak1252,aust1307,3.4303294867909617,0.06376386581286217,0,0.7772566800709999,4.143124781226625
aram1253,more1255,4.575249221546004,0.021742206750142993,0,7.5290396679175,5.50530272250788
arao1248,pano1259,1.369588776567248,0.030468323685685205,0,-1.573158378655,4.49094376307546
arap1274,algi1248,-1.4382093829898226,0.022949717126543548,0,-3.16041255832025,4.58777263488884
araw1273,tupi1275,2.7960916629035006,0.02301227885652942,0,1.13974533763125,4.599464339143045
arbo1245,afro1255,2.0819765167864217,0.014471043297931805,0,2.88018553886975,4.198157801281575
arch1244,nakh1245,3.0477417035771976,0.012917125951907213,0,1.35391802020015,4.814134466330705
aree1239,aust1307,2.7615655248815436,0.021911360572474954,0,2.0945718423775,4.144804598632585
area1240,aust1307,1.1249179640943643,0.025362239946568464,0,0.82752378931175,3.99679072339916
argo1244,afro1255,2.1903748779969865,0.023651475745219197,0,0.72060420105025,4.27877573580994
arhu1242,chib1249,4.431292340383538,0.022759611270968382,0,4.987331640884751,5.0154329079865505
arig1246,atla1278,3.695012206488083,0.021298297165155276,0,5.742640146445,4.661872012778475
arom1237,indo1319,1.965925027723674,0.019599956961794323,0,0.7990381180049999,4.4522358170033005
arop1243,aust1307,3.300346902725096,0.025445536036906035,0,2.0722348732749998,4.107885687440479
arop1242,aust1307,2.4867008557386923,0.040271133738722466,0,0.34144272019849997,3.99970622671883
aros1241,aust1307,1.197704593684341,0.02454139205747355,0,0.6340469641065001,3.981480954437475
arta1239,aust1307,-3.1615639613714963,0.03161843644693619,0,-5.624293476289999,4.07724146457573
asha1243,araw1281,-1.0702731827262757,0.03418329236247147,0,-3.6068384393725,4.42525358863689
ashe1272,araw1281,-0.7495918730487952,0.024404032349697978,0,-3.6716418804075,4.4205017174123356
asoa1238,cent2225,4.540868144090817,0.024519670074297114,0,8.378199299853126,5.544785255587045
assi1247,siou1252,2.306274720637015,0.028456187404625716,0,3.6802219047925,5.02995894741225
asut1235,atla1278,5.271930575792954,0.036518968235278164,0,7.6665315157405,4.679128455163755
atam1240,aust1307,-2.6053740085057866,0.027290011813430923,0,-6.0142873941875,4.048374732806295
atay1247,aust1307,-1.2045042949033533,0.02238488996240089,0,-3.3554124951265,4.2811187305754
athp1241,sino1245,5.6396761219107026,0.011156329713949474,0,5.178730778589999,4.937795576863795
aton1241,sino1245,4.783425113524872,0.009609758632582469,0,5.181291007835,4.897048380218765
auuu1241,nucl1708,4.677392584484512,0.048740036829855324,0,7.9737229012099995,5.510477380715786
aulu1238,aust1307,3.5134790397067954,0.03721506793589402,0,0.8886036572055,4.141390932574105
auye1238,nucl1709,5.944852984285786,0.027982768653390985,0,8.9793301123975,5.5013668551556645
avac1239,tupi1275,2.6872594453314824,0.022752601773685113,0,0.9508257662874999,4.684547844290416
avat1244,atla1278,4.237187903349944,0.0229655449427219,0,8.2521630156375,5.0386519329824
katb1237,aust1307,3.4245449395843153,0.0507208152926995,0,0.894605653126,4.12527822235851
awac1239,barb1265,3.3242589243751604,0.031838896553839625,0,2.398340809011,5.143696153194705
awad1244,aust1307,3.167978460047819,0.01378590920399697,0,2.0376856497015,4.1507058237266605
awad1243,indo1319,5.560681893166226,0.03214234935979821,0,2.3744865713425,4.785597247444555
awar1249,ramu1234,5.066779086062159,0.029722509521253385,0,7.2531506269675,5.646237719437265
awar1248,nucl1709,5.653138194786107,0.056259992858819226,0,8.940923374899999,5.484220137353885
awet1244,tupi1275,1.4741405533315417,0.02811171384473977,0,-1.820851043343,4.55804463916154
awji1241,afro1255,-0.8050143775394372,0.021564029680116305,0,-3.1274512238625,4.028592913700155
awtu1239,sepi1257,4.765460521381003,0.042979402261686665,0,8.1276171720575,5.511910172678725
axam1237,aust1307,3.4713332866228503,0.027734250807004826,0,0.9158298596175001,4.11558615333016
axiy1235,sino1245,5.827559345489089,0.03145662434202902,0,5.270368068594999,4.84466872903147
ayac1239,quec1387,2.098798852802143,0.025137159852189155,0,3.1690674601374997,4.969316465844
azha1235,sino1245,5.949303654968073,0.014780019753129755,0,5.266630948815,4.837698400660425
baba1264,atla1278,4.6717711201385494,0.03111931795883899,0,7.4843088871175,5.078686158776785
baba1266,atla1278,4.757298327581587,0.035575082550099016,0,7.46659437045,5.053566691712985
baba1268,aust1307,0.21984570023120995,0.02196794683234835,0,1.44568791735,4.015766935970525
bada1257,drav1251,4.922128970141033,0.02255817683409321,0,8.38813689516325,6.65114843976598
bafa1247,atla1278,3.8504310097899888,0.032665250684284206,0,7.3151924919975,4.749318076964445
bafi1243,atla1278,4.408581914121914,0.02435304234621464,0,7.2053830282975,4.754834717973015
bafu1246,atla1278,4.676174442846675,0.03281671564598243,0,7.47989175401,5.085175936227105
baga1273,atla1278,4.645482818387778,0.01892439632149963,0,8.153166228175,5.14352591664535
baga1272,atla1278,4.670900346032233,0.019830444348927622,0,8.15061510798,5.1468695583711
bagi1246,cent2225,4.0086611785329325,0.030602852960043756,0,8.47494142015,5.494899106817945
bagv1239,nakh1245,3.231921804068482,0.026059248991338862,0,1.2205767736025,4.814654374280945
baha1259,afro1255,-1.0176679075451722,0.022486327841117336,0,-7.226489675325,4.076516623985425
bahi1252,sino1245,5.7520913165743455,0.012732064186034358,0,5.2212154252055,4.9433433481077795
bahn1262,aust1305,3.438074047980238,0.02929671913783824,0,0.25271539329825,4.2479904393876
baim1244,sino1245,5.4339276652046635,0.012804550025587816,0,5.296824110720751,4.8690933053671
baka1272,atla1278,4.7014093497230185,0.03142792755698342,0,8.46794086581,4.9935157651742745
baka1274,cent2225,4.26702690510358,0.03878349966910361,0,8.487423183925,5.501254071573985
baki1244,aust1307,3.341148821135369,0.027228463658975438,0,0.844441565449725,4.11387448755207
bala1316,aust1307,-1.2721107607427982,0.02358841433343979,0,-2.9542230544940002,4.00576393988969
bala1311,aust1307,-2.556805770189311,0.022375410816592865,0,-4.4612562184225,4.00549034778242
bali1278,aust1307,-0.16287648458011295,0.02402261226982591,0,-1.5799674738175,3.932780570640395
liki1240,atla1278,5.381768388506461,0.02340421736777084,0,7.4948765328475,4.677298593905061
bamb1270,aust1307,0.4598012955247929,0.036140000584870095,0,-1.3977264475125,4.009850769593244
bamb1269,mand1469,3.5357928767431135,0.03567501550233842,0,8.696690138245,5.55338001859796
bamw1238,atla1278,5.401758985840074,0.0211823919780935,0,7.467606292725,4.666933880699656
band1344,atla1278,5.57562922620897,0.03291489285182365,0,8.452813349574999,4.98091056462546
bang1363,bang1363,-0.6486362314759101,0.018888511964547303,1,-3.4368410582599997,4.8395100635147
guar1293,araw1281,0.0330462451916745,0.02425046069497068,0,-0.34685413236325,4.428434692833405
bani1255,araw1281,0.04699624112747465,0.024040589358798135,0,-2.9662641007,4.29238392405858
bann1247,aust1307,1.7534195328689672,0.02410403742198596,0,1.4049367795124001,4.107346246331665
bant1281,sino1245,5.6803184617459515,0.019294450543756978,0,5.1664942024325,4.94877225045265
bant1288,aust1307,-3.510536471158955,0.02208388290371919,0,-6.1129466132525,4.0387733531096
bara1357,sino1245,5.816918755986649,0.006331091955798789,0,5.176286410884,4.92624825938836
nucl1630,koia1260,4.884204717726341,0.022198527334418548,0,7.480708317885,5.616131065410984
bare1279,afro1255,1.9357837709080647,0.01652288822137817,0,0.6642811393825,4.216995852666059
bara1369,aust1307,-1.667588864716282,0.022503619594421063,0,-4.47065759578045,3.868989923753685
bara1361,atla1278,5.440845162812627,0.03191772773593482,0,8.424630451199999,5.003333814841875
bara1370,aust1307,1.1703322797315168,0.019774839369058845,0,-0.8959196804575,4.0249229872136905
bard1255,nyul1248,0.16461637318549854,0.04403519746196606,0,3.6086810921134997,4.59922241355999
bare1276,araw1281,0.0596881100279046,0.02447595026826805,0,-0.6086031998625,4.388915921012055
barg1252,nucl1709,6.060224009518448,0.038805521960227754,0,8.5836401748425,5.639301225998385
bari1286,aust1307,3.357072617289455,0.015124178864758829,0,1.7021968494465,4.137931588223715
baro1253,aust1307,2.812383450106526,0.014349537668453911,0,1.6964207758162502,4.1224390914130655
basa1282,atla1278,4.232470944993532,0.02402428085972367,0,5.6313995466725,4.649976522792469
bash1264,turk1311,5.166994236970499,0.016721174495844177,0,5.5838128685875,5.3308845426071
basq1248,basq1248,2.1554059962117886,0.015100987394804033,1,2.6434851723225004,6.119729496775214
bata1293,aust1307,-0.8058071531069693,0.02292974882819989,0,-3.92254802307,3.9905880789274297
bata1289,aust1307,-0.6128280384101428,0.023988516130586657,0,-3.9349990238225,3.987910819580805
bats1242,nakh1245,3.265813145865342,0.011954989494841665,0,1.630722388115,4.999149468624705
baur1253,araw1281,-0.6728822502581976,0.038124972805687225,0,-2.53910292348925,4.383137458535675
bauz1241,geel1240,4.972821078040305,0.02973874785894353,0,6.911259251992499,5.468831680821545
bawm1236,sino1245,4.155797965157289,0.00966615815098558,0,3.4235134804375003,4.592973221232475
bayb1234,aust1307,-3.350646144996661,0.024933252542705432,0,-6.1956521645925005,4.036698930114575
bebe1248,atla1278,4.764680553621501,0.036653058344710436,0,7.286627807657499,4.733862982257585
beel1236,afro1255,2.2932756528686715,0.010164247035189122,0,2.098301752466,4.210626600218445
beem1239,atla1278,4.651781203188149,0.022994412754645453,0,7.39103793496,4.7024023483682456
beja1238,afro1255,0.7500501230857208,0.01753997761014249,0,1.6614201081115,4.23387001690336
bekw1241,atla1278,4.563037228367344,0.030001813814821737,0,7.210228595675,4.961125184728725
bekw1242,atla1278,4.827135874299184,0.029311427923304635,0,7.259121139822501,4.7531742500428145
bela1254,indo1319,4.139319844187506,0.0134586622653973,0,1.801953238535,4.5792533627568055
nyal1254,aust1307,-1.001799405768612,0.01094608765453294,0,-3.001250017825,4.00942782913117
belh1239,sino1245,5.650614472589168,0.009812260140820168,0,5.181596712415001,4.940531777320995
beli1257,cent2225,4.194402274293395,0.030641717210323164,0,8.48027151706475,5.51699777544465
bell1243,sali1255,-2.176740276913303,0.033900752363243844,0,-3.6277208816725,4.76590518875651
belu1239,atla1278,5.207140336679007,0.04832107850630925,0,5.5155820065675005,4.643588369754595
bemb1257,atla1278,4.929743251728008,0.03198946968155139,0,7.6615425141,4.676898746139056
bent1238,dogo1299,2.478618305741013,0.023217147736032045,0,8.55353236133275,6.361300748103275
zagh1240,saha1256,3.3526209698248906,0.035105123660399945,0,6.6757325118425,5.785782142548371
bert1248,bert1248,-0.10339008307553496,0.02085348747031017,1,-4.347746202236751,4.990143081764476
bezh1248,nakh1245,3.2052952190774686,0.021309470742120237,0,1.3296278819982499,4.789127007826901
bhoj1244,indo1319,5.540104355580695,0.02009418604677065,0,2.5397165857274997,4.717328241736805
biak1248,aust1307,3.0636364727964214,0.029153725286305367,0,1.5364848680574998,4.1492028350538455
bian1252,kuni1270,4.366578648896676,0.021001588199282262,0,7.413514503095,5.421753495826005
biao1254,hmon1336,4.693136354888569,0.01657877681230128,0,5.6615243569475,5.45136235488955
biao1256,hmon1336,4.143409541149194,0.014936153878825935,0,5.66858602861,5.45160463315968
biat1246,aust1307,2.164338873687285,0.02693432141882537,0,-0.760700237175,4.03133360378866
bier1244,aust1307,3.398612676535583,0.033999712761367276,0,0.8418137043930249,4.1039029366683195
bign1238,aust1307,3.5081238347345174,0.04109676755550402,0,0.9416277846100001,4.102555262106125
biha1246,aust1307,3.5701471094146653,0.02764194562558149,0,-0.0502000330875,4.048558730276625
bila1255,atla1278,5.327056705674724,0.0340093927404651,0,7.041674346215,4.7137647557186195
bilb1241,aust1307,3.300779949560633,0.011925179915279221,0,2.082842558155,4.12117012228037
bili1260,afro1255,0.2517275086668564,0.0191394463474993,0,0.1898173174825,3.98183038580539
bilu1245,bilu1245,2.0351358936486705,0.017916745578880323,1,7.8224799069349995,5.64063804374259
bimi1240,nucl1709,5.656437558312986,0.030878900471054217,0,8.9966036766,5.433185445872055
bina1277,nucl1709,5.543370502140364,0.01659389201830571,0,8.9692001157025,5.501987323103725
bine1240,east2503,4.52484280815178,0.02315018703017112,0,7.416789403799999,5.479927781139709
bini1246,atla1278,2.847936253424802,0.026921263574621265,0,2.3680009787067497,4.2190228073370655
gunw1252,gunw1250,0.1305156700690973,0.03296033111282294,0,4.966845120395,4.288619964231424
birr1240,cent2225,4.736732805997276,0.02554896160737169,0,8.3572965575625,5.67392485517462
bisu1244,sino1245,5.6744204706539865,0.008142793565577067,0,5.2750795283150005,4.84416488676079
bitt1240,aust1305,3.3424605965840355,0.019124776327026857,0,-1.0514841286849999,4.103357793588005
biwa1243,yuat1252,4.906655236113172,0.026184162120842944,0,7.3019366044725,5.642204875698355
blab1237,aust1307,-0.5751500584942406,0.028228984105775293,0,-0.44700320844,3.91652673829596
blan1242,aust1305,2.539004459354768,0.013872980900920073,0,-1.374168412564,4.07952682719861
bang1354,atla1278,5.092983010399411,0.01980805336465244,0,7.4940025560425,4.682753941529684
bodo1267,aust1305,2.9840016474827697,0.017669767207944265,0,0.80163977782025,4.39799813136754
bodo1269,sino1245,4.653849301762616,0.01244154250043726,0,5.17684355084125,4.88946610029121
boka1249,sino1245,5.155688595395992,0.018668769613859437,0,5.2045913078375,4.890388305381411
bola1250,aust1307,3.2444198887889923,0.03567833796198899,0,1.50645741915,4.136805409240545
chim1302,quec1387,4.025556122512672,0.028806940309339512,0,3.2258133625475,4.95764935812544
bolo1262,atla1278,5.373830375642418,0.023091338707850954,0,7.4949405411325,4.677553019846515
boly1239,aust1305,3.195214594868658,0.01232355963159945,0,0.0089870570475,4.21855557198997
bomb1262,atla1278,5.375711469365248,0.02411959469245775,0,7.4590998882775,4.67029608388556
bomk1234,atla1278,4.776068641220233,0.018388761376632565,0,8.140107254955,5.128979183241411
bona1250,mong1349,5.01733913907559,0.01707508245754922,0,8.7900803231575,7.205747954534525
bond1247,atla1278,5.245893715211709,0.02079777588609617,0,7.7005338542,4.67102846084775
bong1289,aust1307,-1.4066867040711202,0.02476456233234516,0,-1.71921791535,3.922340490042285
bong1284,atla1278,5.079990901806058,0.028931769331646463,0,7.385822939844999,4.739861150818125
bong1285,cent2225,4.431833342502532,0.03901111120318832,0,8.46972505932,5.50094730294012
bora1263,bora1262,-0.5259653626329472,0.010375559517660919,0,-3.82641106685072,4.857246715367635
bord1248,chib1249,4.805923475157337,0.03935542376502815,0,5.261978529285,4.935695949804715
boro1277,gong1255,3.3941916497886147,0.02432674112811166,0,5.790776898424999,5.104994833284515
boro1282,boro1281,1.8019019732764487,0.020329465614233218,0,2.094494428775,5.131353616419576
boto1242,aust1307,-2.9280460611194106,0.02627089387543105,0,-5.47549335272,4.12011413442331
boun1243,atla1278,4.572898702080922,0.03009409640402629,0,8.27003908457,5.061635127778585
boun1245,nucl1709,5.81400314905798,0.02353771308049064,0,8.95085718559,5.4851832350756045
bouy1240,taik1256,5.472571383439066,0.02624950424116515,0,5.2227844316025,5.3679625160599205
brah1256,drav1251,4.456233538779038,0.03192108292789677,0,8.1485794625975,6.721809192955661
lave1249,aust1305,3.8336681475850387,0.01321930062823547,0,0.334536093415,4.2611183659689
bret1244,indo1319,0.06278865915995045,0.021389891522532015,0,-4.965867062559999,4.35151112932269
brib1243,chib1249,3.778214345959885,0.02387950686237237,0,5.2773847309375,4.95042015795781
bube1242,atla1278,2.9650445642657104,0.037638337008707744,0,2.1521054392075003,4.2943715696085505
budu1248,nakh1245,2.8707970724398173,0.012134195971119434,0,1.5482977405725,4.765309300085805
budu1265,afro1255,1.2132449442252329,0.015071191511469281,0,0.936951373636875,4.07665651139172
budz1238,atla1278,5.631640943077306,0.051993258318036834,0,7.47262539994925,4.670741991148885
buga1247,aust1305,3.3162416714744025,0.013375371275606552,0,-0.0014454637425,4.2205421437310395
buga1250,aust1307,2.7209152583312766,0.01183967226917125,0,1.0296561844415,4.025931512833685
bugh1239,aust1307,-0.31825001906022043,0.023836206156557103,0,-1.8518181242525,3.9653053401066147
bugi1244,aust1307,-0.3330067340167242,0.02367026381411391,0,-3.40143775972225,4.054880631216365
bugl1243,chib1249,4.109238199489336,0.02783334673059141,0,5.30397391840375,4.922180047280075
bujh1238,sino1245,5.843844140455992,0.016982243968546352,0,5.1512748912185,4.926871390914915
buki1249,nucl1708,4.851910676155375,0.044951839886259566,0,7.9087705796975,5.5436159642891045
bull1247,atla1278,4.842205116020754,0.01742610188750889,0,8.1344822172975,5.13426925448407
bulo1242,aust1305,3.5508265472858556,0.01623141319460144,0,0.353605634295,4.229536842796685
bulu1251,atla1278,4.283730852273921,0.03607208027553606,0,7.2877672428475,4.7339506729492555
bumt1240,sino1245,5.169098812843314,0.0105202905605669,0,5.273265770127475,4.9217964489025
buna1278,timo1261,4.327646125678241,0.028488403889004425,0,7.4714378924775,5.652412098058475
buna1276,aust1307,2.3005457661488524,0.02328291408678376,0,2.18766922002,4.132225805464165
gahr1239,sino1245,5.545268835637236,0.004103601914991817,0,5.25630918348,4.922383084547334
buol1237,aust1307,-0.8306870773837551,0.02845782941458192,0,-5.33566077719,4.108843579432725
bura1292,afro1255,1.3402889835610028,0.0188678182701129,0,1.405215030955,4.09521264644486
bura1267,mani1293,2.380285697235763,0.01985222081311735,0,9.31935076305,5.36682406039975
bure1242,afro1255,2.2192608248434214,0.01581262493443614,0,2.090881654331175,4.238285662828394
burj1242,afro1255,2.3480594309735174,0.013130432009820664,0,2.5726800011725004,4.22468161955581
nucl1310,sino1245,4.674690605525113,0.014185954341996869,0,5.1925099259235,4.88759676960685
buru1303,aust1307,1.700920045722882,0.028302680008856145,0,1.59698018389825,4.15908833972753
buru1320,afro1255,1.832062738259088,0.018798016443100314,0,2.2668611507375,4.218540843448196
buru1296,buru1296,4.5076041190042275,0.023077405513682685,1,5.465559831369999,7.031220552802105
busa1253,mand1469,3.204195617134286,0.022337247814285817,0,8.61612624583925,5.5891706191584
bush1247,atla1278,5.105789372999485,0.025509420305034534,0,7.4650884734,4.68610466386536
buwa1243,afro1255,0.9554610698544748,0.0262311267181486,0,0.7533702125049999,4.009545486048205
bwai1242,aust1307,2.636467355523161,0.006751904186778443,0,2.2508936718849997,4.121920983861015
bwat1240,aust1307,-1.2479742464952972,0.02019529636765224,0,-2.7641255445025,4.02445031019652
byan1241,sino1245,5.737271985571834,0.009349192568607386,0,5.20644130256,4.93144952467038
caac1237,aust1307,-1.2574776710634725,0.022171039627609888,0,-2.9103237603765,4.019687873160786
cabe1245,chib1249,3.677024068866674,0.032208026552291845,0,5.27896407234,4.9418742539192895
cahu1264,utoa1244,1.9006370348072885,0.02331665473572597,0,3.780096187395,4.747010489572441
cakf1236,afro1255,2.0414785127168713,0.011901214317758809,0,1.9749474691,4.27088083447614
cald1236,quec1387,4.227099079677242,0.03337756070947047,0,3.215172907395,4.96039789367553
caml1239,sino1245,5.7151117376377485,0.015574088905983505,0,5.171126506115,4.939668153534055
camp1261,indo1319,2.7800261166352795,0.01353598238961503,0,0.89986493534125,4.42556391739253
cams1241,cams1241,2.6601862705232957,0.02459080103024647,1,2.087979016975,5.20102591312761
cane1242,nucl1710,4.653971638287648,0.025357539372351807,0,4.026500466349001,5.062041663930206
caom1238,taik1256,5.002042226773625,0.03220313710037004,0,5.2188548479075,5.365799802013495
capa1241,pano1259,1.8108466167968205,0.01978876012808886,0,1.092909182716,4.58331348354676
caro1242,aust1307,0.7976234620413657,0.023086740324979038,0,3.016714417982,3.97446562607448
cash1251,pano1259,1.6542262938746368,0.02331609770782644,0,0.59999765227825,4.63836992882631
casi1235,aust1307,-3.2364420010179917,0.028520573401836925,0,-5.7032833719775,4.07656778601885
stan1289,indo1319,2.5606469382348185,0.015216926470965508,0,0.99997299607015,4.410464287555236
cavi1250,pano1259,0.4116533868770115,0.03094905043770265,0,-2.24417628303,4.570621212809584
cayu1262,cayu1262,-1.2346062734099532,0.014035719070829513,1,-2.5280912748967497,4.973345060412685
cebu1242,aust1307,-2.9739014556369363,0.02375811235368701,0,-6.139262515625,4.035356981872155
cemu1238,aust1307,-1.1879068008991827,0.022687443495640655,0,-2.7457151157990003,4.02334407499141
cent2127,eski1264,3.2387083712828413,0.02957280460390714,0,3.6506770229025003,5.09110569523134
cent2142,ayma1253,-0.5569886091413436,0.026406343082635893,0,-3.24403500147,4.57782404911172
cent2292,aust1307,-2.5098090416219394,0.03118309443204345,0,-3.79629411707575,3.95248843912638
cent2084,aust1307,-2.9354342592776694,0.024095353817575105,0,-5.84034466431,4.08710300106704
cent2314,aust1305,3.6061865738389276,0.015280042291117495,0,0.038239445219250004,4.2198592579678245
qaua1234,taik1256,5.350851797853572,0.02479937327200985,0,5.194787445625,5.3738334312733045
cent2050,saha1256,3.1776724057617898,0.03808293663067289,0,6.766418455599251,5.705339604868695
cent1989,aust1305,3.634257169091579,0.014643685199516058,0,-0.23075039477999998,4.213875714601535
mala1479,aust1307,1.5243114848684505,0.022972604544607353,0,-0.05894502602875,3.844862081346795
cent2322,ural1272,5.249191214880073,0.01609807208913264,0,7.381204775555025,6.247044143478625
cent1992,aust1305,3.6878476138906775,0.014755384535338097,0,0.37059503761175,4.24581443097351
cent1990,aust1305,0.1727001746945461,0.010495057525986515,0,-2.63830521099275,4.216083153793305
cent2126,japo1237,3.355322758036659,0.013113022436634265,0,7.3263827059125,6.475315458371215
cent2140,miwo1274,-1.418077188897147,0.020110117401716962,0,-3.7340674863075,5.050683013569085
cent2150,chib1249,4.392640743212538,0.02603477683111364,0,5.0155558202525,5.0246023903959
mbal1255,atla1278,4.441674866988303,0.016422230789922092,0,7.399190244185,4.68935555172323
chac1251,pano1259,1.3082159873809966,0.021860108446832255,0,1.113990783662075,4.561486808837776
chad1249,afro1255,0.0650937120486858,0.0255800116298572,0,-6.99764359295,4.05669796111229
chak1270,sino1245,4.52059909168118,0.008268275260354483,0,5.182223012190001,4.883224653808595
chak1271,atla1278,4.413452587923347,0.042328965924401364,0,8.332730979845,5.0407070515519
cham1315,zamu1243,-1.3367831356886763,0.014171472226243683,0,-2.8935825552049996,4.97960301173163
cham1309,nakh1245,3.261250333810443,0.027586236725807112,0,1.22578519764875,4.788354740789185
cham1318,araw1281,-0.0090840206525575,0.02932344931427679,0,-3.677802692375,4.473856279380826
cham1312,aust1307,0.13759000086545425,0.021740859703937455,0,-3.2882680543332503,4.118234446145615
chan1313,sino1245,4.792680569738508,0.01590791859175542,0,5.2018735654075,4.90575991623885
char1269,gong1255,4.240188637667053,0.02476589216616372,0,5.610606062577499,5.2342955956763255
chas1234,sino1245,5.0979206535513555,0.017487349330491217,0,5.230046479492125,4.85052594684017
chec1245,nakh1245,3.351498249031363,0.015311242853261348,0,1.72120494978,4.96086146208696
chek1238,aust1307,-0.2665266293025258,0.029861807198419018,0,0.8650336146625,3.9256223899594502
chen1255,drav1251,5.390228195356876,0.025156809672797563,0,8.321307588949999,6.6979870206370045
chep1245,sino1245,5.8374686508822045,0.004289754120471377,0,5.156945947364,4.940535933279695
cher1273,iroq1247,-0.5528657943475626,0.01622430223541943,0,-2.3618028962275,4.85429317605732
chey1247,algi1248,-1.3364608007261565,0.022056030620722162,0,-3.289057865813825,4.604001051261729
chic1270,musk1252,2.633989454441253,0.024267462915410255,0,3.8386073652695,4.91223770379999
chig1238,atla1278,5.030154609665359,0.03442309725537379,0,7.7270535600725,4.62017093807674
chil1280,atha1245,1.9282816174415711,0.032587430020238874,0,5.33206656843025,4.875511022782505
chim1309,chib1249,4.522575967226785,0.027821255637834583,0,4.996982985699,5.015319125626094
chim1312,atla1278,5.72804455754316,0.030790820073433638,0,7.7098226827675,4.639044718602495
chhi1245,sino1245,5.65932935333128,0.014163490248202695,0,5.17490216732625,4.958218590056591
chip1261,atha1245,3.8633611403077546,0.03868963536441094,0,5.36134826223,4.89779923427458
chip1241,algi1248,-1.6900197798895464,0.02473738651541184,0,-4.2065654346275,4.70354836679513
choc1275,sino1245,5.088491233820941,0.010467741551056292,0,5.2944894996375,4.865529060885315
choc1276,musk1252,2.7144460299957176,0.027767910553374985,0,3.81983987407225,4.901413354654325
chon1284,aust1305,3.533052895213155,0.014428957504513236,0,0.04676554431825,4.223087010872785
chot1239,sino1245,4.081894406357684,0.01805134348456332,0,3.3146623530175,4.6068757747690245
chra1242,aust1305,3.251020252148174,0.015809028814800546,0,0.345311491345,4.239059527981061
chuj1250,maya1287,-2.611871468792873,0.024623365469102345,0,-3.451215624852,4.870362111561191
chuk1273,chuk1271,3.7263898086363785,0.02689952453066777,0,4.870259871682499,6.641091254951605
chuu1238,aust1307,2.1415433333645466,0.02350230679791717,0,3.02541828322,3.98979973866184
chuv1255,turk1311,5.200959494087093,0.01917730855480184,0,5.5266331924225,5.389587994230605
chuw1238,atla1278,4.155593341889759,0.023089984556880334,0,7.7280178707000005,4.661210029416595
cici1237,atla1278,4.0705756537207245,0.01206992561510082,0,5.6155153455825,4.63484174669924
chin1286,chin1490,-1.6421153915012463,0.017426212250772465,0,-2.4653003899175,5.084793324636889
cent2087,aust1307,-3.5684152841889043,0.022012667454181234,0,-6.04896139671,4.03951670347289
sout2912,aust1307,-3.509541202648789,0.027524866324615458,0,-6.03845307917,4.03900901824078
coat1243,otom1299,-3.371486223344956,0.02351732194903308,0,-4.562414589905,4.9813601819368
coca1259,tupi1275,1.5203939258439896,0.0244021350179669,0,0.27156587395,4.43352488282526
coeu1236,sali1255,-2.060683080986287,0.02537629072755766,0,-2.7497609396585503,4.542848825986405
cofa1242,cofa1242,2.9308747013571272,0.02062925218628773,1,1.5757336788607499,5.27997517364632
cogu1240,chib1249,4.419046568595917,0.03459354298668741,0,4.96558024066,5.021898622558125
colu1241,sali1255,-1.4826781290736957,0.02592311821287211,0,-2.9437973820299996,4.55336386858522
coma1245,utoa1244,2.0491498095128553,0.019373511626012987,0,3.83577503499325,4.74995220840393
como1259,sali1255,-2.1019980127494335,0.027847585134959416,0,-4.136580786894999,4.7696201252467905
cong1236,atla1278,5.058857335171675,0.033792599955023164,0,7.730377998974999,4.644508339113225
copa1237,otom1299,-3.0757757626486786,0.029101258000853465,0,-4.371534636325,5.069047090962125
cors1241,indo1319,2.9846476404400724,0.016348115690125675,0,0.8773864708525,4.440707073862975
cosa1234,sino1245,5.9181548057875855,0.009478111678762653,0,5.28439258538,4.828284096164505
cree1270,musk1252,2.662848233504165,0.028330353943629403,0,3.784734218435,4.932638781881295
crim1257,turk1311,4.0304825732416845,0.027418788591013713,0,5.560838161615,5.403018319158835
crow1244,siou1252,1.810739908480131,0.022128160156283657,0,3.943004454925,4.970745352714885
cube1242,tuca1253,1.742141129559728,0.028169795994795667,0,0.08260034191,4.615842871706905
culi1244,araw1282,2.2478732102552974,0.02733294485565789,0,1.8750826513974999,5.02044166843152
curr1243,araw1281,-0.7464354901799837,0.028292724874944053,0,-2.93160091621175,4.2989292255602845
cusc1236,quec1387,2.4879282981923643,0.03041284194360353,0,3.1505770850959998,4.9924675079635055
cypr1248,afro1255,-0.8711538558659135,0.021758616304064855,0,-7.3061070568375,4.035910245913345
czec1258,indo1319,3.5324892194085975,0.014646661985006068,0,1.7845115892524999,4.597973231157635
daas1238,afro1255,1.5241852742028703,0.018662587809665943,0,2.8848480391375,4.173983463374215
dadi1250,tebe1251,4.808204607460011,0.030610177335386447,0,7.312365458115,5.62732172763764
dagb1246,atla1278,4.237667466197452,0.02588979795554316,0,8.3344986786,5.043246723446551
dagi1241,narr1279,3.1619117677489363,0.026818237109777675,0,6.866359117889999,5.910638469752155
daur1238,mong1349,4.516295563445489,0.010608844359801283,0,8.77505796873475,7.192098865564734
daka1243,aust1307,3.5648453563367433,0.0352656760695023,0,0.6750405906075,4.15858808099345
damp1237,aust1307,-0.1178025391150854,0.036775407054891227,0,-1.2963292352543,3.929704874224665
dana1252,aust1305,2.480916292374811,0.008381866209948335,0,-0.8435247350675,4.165767358340805
dand1238,drav1251,5.630960565565564,0.06628223736476062,0,8.3546092370525,6.634170335819714
dani1285,indo1319,3.2041245964930996,0.017041773567320853,0,1.01322658622325,4.53964610544744
dara1250,indo1319,5.55236121567347,0.024413334867496837,0,2.5191820604675,4.715180795925665
dard1243,daju1249,3.22110360875603,0.024076866986508978,0,5.3832030650850005,5.797502030871855
dawr1236,gong1255,4.432009959559348,0.02419698177961767,0,5.6422117105034,5.130536002109174
daza1242,saha1256,2.900441678650326,0.016876228809311375,0,6.759010609935,5.66269299848083
defa1248,ijoi1239,1.7679431738228537,0.017414840166029323,0,6.28292310710275,5.8918619772772995
dege1246,atla1278,3.3874799510516906,0.01922041774836423,0,4.02054079152,4.373111890187705
dera1245,sena1264,4.647114755376267,0.02467294605090108,0,7.569191342517501,5.6233589511445246
dera1248,afro1255,1.51488761366873,0.012034132452815668,0,2.1067798035500003,4.23159270865025
desa1247,tuca1253,1.3395166257994215,0.021971381915647275,0,0.208673334042,4.585618836851215
dhao1237,aust1307,1.885658455220834,0.03085686050728105,0,1.5187771962143,4.150276122880995
dhim1246,sino1245,5.456491232690816,0.00957949915010227,0,5.151753689195,4.942853682670835
dibo1245,atla1278,5.179253839907794,0.03200216619687586,0,7.414513825045001,4.710711809258385
digo1243,atla1278,5.242258150048521,0.02712591781724242,0,7.680577688865,4.644725534372295
dima1251,sino1245,4.3073800566168305,0.015443657584149329,0,5.1894390913725,4.900992397028265
dizi1235,dizo1235,3.298218095187359,0.019860188243670942,0,6.3976209850145,6.15204215511536
djam1256,pama1250,1.1310827967960992,0.04535476906710989,0,6.1413155689525,4.437525774517895
djee1236,mani1293,2.2683366336611908,0.020841657118342533,0,9.4649966870025,5.27549756619281
djeo1235,nucl1710,2.6489597995609833,0.019369487236188903,0,3.914536595125,5.0906457200191
dobe1238,aust1307,2.7056981739115944,0.0201743144846182,0,1.694923453335,4.1695647291155105
dobu1241,aust1307,2.434019019540667,0.03274525896632814,0,2.1682285905772503,4.11981192290351
domm1246,nucl1709,5.788410944938086,0.022527232271234165,0,8.94308858964175,5.48755569606877
doma1260,indo1319,4.967584553248436,0.01588291728606225,0,2.34193297085125,4.800946298573464
dong1285,mong1349,4.993386435804119,0.013786251121841677,0,8.7881355869225,7.225175394177735
doro1266,manu1261,4.741266460421619,0.02348765438279357,0,6.8329697629325,5.6235779586145505
drun1238,sino1245,5.33124030995694,0.01265146198663039,0,5.0586208008825,4.95065720027121
chug1252,sino1245,4.97852696951356,0.015198355615777431,0,5.1078540962225,4.94546480586246
dumb1241,aust1307,-1.1785685171435267,0.02461031574565576,0,-1.807824754420925,4.025613379455056
dumi1241,sino1245,5.71785583871514,0.008836384480313184,0,5.217562696397501,4.9308689270049655
duna1248,duna1248,4.744646079274675,0.032503373952656414,1,6.999968610529,5.6768320505594705
dupa1235,aust1307,-3.079114534923344,0.02564770498241288,0,-5.727207101542501,4.089139988673165
dusn1237,aust1307,3.2219004444298216,0.03111823777722792,0,1.5329659955595,4.1592607661715295
dutc1256,indo1319,2.5132426988316077,0.016178818887248675,0,0.9785350029575,4.57645552047457
dyul1238,mand1469,3.8928718780469245,0.038812022846184784,0,8.6879303766,5.55869899443391
dzao1238,hmon1336,4.459496687388334,0.013340739987147488,0,5.65146364545,5.469565657972645
dzon1239,sino1245,5.313147460704311,0.01022251797780688,0,5.294223405745,4.879567157624665
east2443,aust1307,3.7412921318178514,0.03428102228770711,0,0.7332270571125,4.136208788593865
tang1336,sino1245,4.324730161924704,0.014383287439907045,0,4.546046591307499,4.796028790462355
nucl1235,indo1319,3.610865786413434,0.019532613281726053,0,0.6853301594285,4.861708245488735
east2379,pama1250,1.7506896546116792,0.04018100496865877,0,7.56798548921875,4.670633981950266
sout2896,aust1307,2.0953062511362095,0.022086395530351088,0,1.82639418928705,4.137801121716075
east2555,tupi1275,0.759647374413833,0.019458044925676824,0,1.1548502799175,4.51123093699732
east2332,aust1305,3.9247340931206036,0.007129098786778966,0,0.0801526189605,4.2294522290448
east2563,aust1307,3.290077641926067,0.0375361015219319,0,-0.018578451515,4.041787306866405
east2690,afro1255,-0.6390558402632458,0.013298464966793698,0,-7.17720577607,4.034472344784396
east2556,otom1299,-0.6863873648812231,0.031600975592973625,0,-1.3052958083225,4.456387754222555
east1236,aust1305,3.6920128418469744,0.011244748902534627,0,0.04109814371225,4.21942293705262
east2342,sino1245,5.547823294914659,0.00900571491623705,0,5.151510605541,4.944263750233764
east2328,ural1272,5.1848908592634455,0.01355275905629751,0,7.47448146148,6.192994694292505
east2773,sino1245,5.780275512354118,0.005290002347261624,0,5.166108411215,4.93557833651819
panj1256,indo1319,5.161053157848825,0.017618900308823893,0,2.3982564892425,4.749520952502445
east2485,aust1307,0.4908326300292448,0.020054782303656364,0,-0.8988983469075,4.02126925117916
east2694,aust1307,-2.981712212404707,0.029552674881410706,0,-5.8341785716075005,4.088906662133255
east2447,aust1307,-0.07545682861883249,0.026917769314322614,0,-1.89729103766,3.8236965577660653
east2516,nucl1709,5.752037089238722,0.05365818059269229,0,8.971423583924999,5.489455036550394
huaa1248,tuuu1241,2.8403169381539173,0.019859133633692353,0,2.3543822470625,5.1411201799939
wall1257,aust1307,-1.29960656475312,0.03441387310738449,0,-3.8207034488850002,3.8177349976179
egaa1242,atla1278,4.905866146114222,0.04501219377092413,0,8.08825312985,5.094630573065185
egyp1253,afro1255,-1.3156123997929516,0.041464596901606594,0,-6.9837700080000005,4.04140467288919
eipo1242,nucl1709,5.6647945343669655,0.023413229198341923,0,8.967271723237499,5.474657724407715
ekar1243,nucl1709,5.903184368070178,0.01865784786792661,0,8.993504518262501,5.501182462206225
elem1253,atla1278,3.487259394921215,0.02183955322292477,0,5.75540986392875,4.652823551959365
elip1238,atla1278,4.364331748358934,0.02061300451321805,0,6.722942471171001,4.709603162567776
emae1237,aust1307,3.108177555302148,0.026204223170210404,0,-2.27301007657,3.853348925517055
emai1241,atla1278,3.4494922129787593,0.05048497544135577,0,2.9374140926930004,4.2257299209823
embe1260,choc1280,3.6257441920695745,0.042535432136131736,0,2.974325199221,5.08660535931247
embe1262,choc1280,3.635834592463625,0.033955656709841874,0,2.9478777302093997,5.08064120439059
stan1293,indo1319,1.1893740552600152,0.017669062591126425,0,1.005096204112975,4.55497024576741
enuu1235,sino1245,5.7249340390006545,0.014498211275034568,0,5.2872717454525,4.84350264017297
epen1239,choc1280,3.6382042339963188,0.025828638990815344,0,2.9477249755825,5.076714380242635
ersu1241,sino1245,5.603378264127848,0.011143438963189473,0,5.1469616303875,4.8935423378973155
erzy1239,ural1272,5.049420090703606,0.014031485279762007,0,7.482966197156425,6.108441390627416
esan1238,atla1278,3.3421723381282042,0.04773931238533222,0,2.937498631225,4.224750926635245
esee1248,pano1259,1.627689232623447,0.013984470856822494,0,-1.33194738906875,4.50357542783882
esim1238,atla1278,4.798042293381038,0.03463493740786196,0,7.3859064142525,5.12984694393102
esto1258,ural1272,4.873755621879077,0.024245313850272576,0,7.50722991697,6.092134272966975
eton1253,atla1278,4.361393954243383,0.02846809649732557,0,7.2586813761975,4.746434390569226
even1260,tung1282,4.379917111409382,0.01135162574255411,0,8.759754982452499,7.282774529265155
even1259,tung1282,4.718190871043461,0.012432834279204127,0,8.781717667175,7.3264355541223605
fala1243,sino1245,3.9719917578139916,0.01795168793051294,0,3.4590108442450003,4.588386821115115
fare1241,atla1278,4.085510614841602,0.025904815245216737,0,8.3400543329075,5.034290528652705
faro1244,indo1319,2.5310289555915357,0.015380577521103648,0,1.0648993450155,4.5271278713528496
fasu1242,fasu1242,4.784992508266056,0.022596035301068268,1,6.99962719219425,5.6252834105554
fiji1243,aust1307,0.17778912556980642,0.02908631659656621,0,-1.2781332511299999,3.8904035818061153
fili1244,aust1307,-3.575312191133603,0.029789203351659705,0,-5.90058484779175,4.0559215883317705
filo1235,toto1251,-2.093818880173956,0.02156842161358943,0,-4.43286908453,4.80441852178669
finn1318,ural1272,4.865280477888655,0.01762215133834405,0,7.505424609765001,6.047161920135926
fipa1238,atla1278,5.043819494922633,0.03245670152444677,0,7.64110446620475,4.68039745222777
fonn1241,atla1278,4.0136508649274525,0.021129462421205263,0,8.169358478755,5.06320385644339
fore1265,ural1272,5.108920278753047,0.014494393233374559,0,7.1971891648675,6.302080542336546
fran1266,mixe1284,-1.0036201138896064,0.018480908776807057,0,-1.6895429520907501,4.614267783895695
stan1290,indo1319,1.9564453643308242,0.0296561086679746,0,0.989987855043325,4.426632747137495
fuln1247,fuln1247,3.1579608480678556,0.021816048193264267,1,1.80333997480875,5.30530861339438
furr1244,fura1235,3.2782414831509956,0.03220797952108394,0,5.852347223504999,6.218415713778095
furu1242,cent2225,4.697990331944004,0.033183442837539615,0,8.486415197700001,5.498798375427845
futu1245,aust1307,0.5760975762711549,0.037806707606734456,0,-2.8354072271177504,3.792797977293155
fuyu1242,fuyu1242,4.615741846602609,0.03094464436011625,1,7.41246973926075,5.4669193122834
gaaa1244,atla1278,4.261332903933788,0.03714189867014365,0,8.229659876492999,5.059047796599315
gaam1241,east2386,2.6925532737258866,0.025616512967361706,0,5.8005872494675,5.92078002774177
gaan1243,afro1255,0.9730975761898603,0.027711157951110933,0,-1.31416149796475,3.98304566766184
gade1242,atla1278,4.712783323627622,0.01836655916934602,0,5.481561425884999,4.577945165970025
gaga1249,turk1311,3.660790558175815,0.01130666795129427,0,5.6085372146097505,5.356249995525575
gala1264,afro1255,2.3161412240819916,0.016077054821405264,0,2.1072717584325,4.229929656692365
gali1262,cari1283,1.9447063094334593,0.0262099881412841,0,1.8545566382525,4.74046480246966
gali1258,indo1319,1.975360780817863,0.02401525073745967,0,1.0243709834825,4.40791525520108
galo1242,sino1245,5.0793483011855365,0.010252094574091455,0,5.199677852904999,4.892891287836839
gamo1243,gong1255,4.513673113233993,0.023155791713189863,0,5.64263970413,5.12382810608303
gand1255,atla1278,4.8357642345021254,0.029128082857767277,0,7.72432752936775,4.6456504221059145
gang1267,tang1340,0.7759344159439394,0.01889388988879121,0,6.1526551666378495,4.435990254576295
gang1266,sino1245,4.009017172041516,0.0526159727839013,0,1.29560662226075,4.4402878938430845
gant1244,nucl1709,5.920588409930909,0.060061497387818887,0,8.612581626979999,5.60721460169367
gapa1238,aust1307,2.7922545756531987,0.023607564618514994,0,2.0781007035299996,4.13920903399281
boht1238,afro1255,2.251422533008545,0.020214240879055413,0,-3.21078073681125,4.111884698479075
gari1256,araw1281,-1.2612674806699231,0.028733305230944816,0,-2.6045199903475,4.4572555230838145
garo1247,sino1245,4.827835561141551,0.014635389751332781,0,5.179207974500001,4.888914675498334
gara1269,garr1260,-0.9253573030820608,0.011750328303941772,0,2.5867379489516047,4.750347524648815
gayo1244,aust1307,-0.3433727314761388,0.026128674317795433,0,-4.010433093585,3.9833735380360347
geba1237,sino1245,5.308844352993722,0.01503359535162984,0,5.15158439098325,4.917415113420135
gebe1237,aust1307,2.0261790797004067,0.028889399690646696,0,1.2567547613025,4.174128410523955
geda1237,aust1307,3.317464124359571,0.0141700226255002,0,2.06054220983465,4.116112135842926
gela1263,aust1307,-0.07862810151152486,0.029154193296507543,0,-1.915953681785,3.9715743512342403
nucl1302,kart1248,3.6837262485108972,0.027510692983070212,0,2.495114913,5.373896985799625
geru1240,afro1255,2.2261253415848,0.010329475901857245,0,2.08554952148625,4.22422381899113
ghad1239,afro1255,-1.232615047465352,0.027993694295721364,0,-3.74166381758925,4.118511767058465
ghan1242,aust1307,-0.39262253309146544,0.013016792681292797,0,-1.67339122929575,4.00105372739881
ghar1239,aust1307,-0.29133643588167735,0.0306593675744267,0,-2.138290996995,3.930506018507735
gheg1238,indo1319,2.27206189075284,0.03579176152546977,0,-2.0756242126075,4.4064968476186746
ghom1257,afro1255,0.1865223815559096,0.018196313114895987,0,-1.6672110118145,4.14530091967441
gida1247,afro1255,1.3179639218770278,0.026943646886535104,0,0.69838415934475,4.0619418251379305
giiw1236,afro1255,2.1720698038909774,0.013420703555833302,0,2.1010357788025003,4.224660312244615
gilb1244,aust1307,1.8754358060773737,0.019392081802070794,0,2.240306319526,4.123567072250729
gira1247,nucl1709,5.9669561824917725,0.027389971598588303,0,8.547098511895001,5.66414819032748
gizr1240,east2503,4.494168351579976,0.02610146288133876,0,7.41508538622775,5.487775581594709
glav1244,afro1255,0.6288222744697028,0.01531927719695239,0,0.03868477191875,3.9671509018913147
ghod1238,nakh1245,3.237814842167092,0.03724396067121964,0,1.2242624702252498,4.826058086171375
goem1240,afro1255,2.142659751054714,0.01783170472013669,0,1.9905849795197499,4.25380627499473
gofa1235,gong1255,4.462692020984054,0.028420274462291034,0,5.660037175955,5.145565430909885
gogo1265,suki1244,4.594847608469616,0.018869173350877563,0,6.7058064355655,5.48833600028272
gola1255,atla1278,5.017727932008146,0.020468406047832826,0,8.0400913223775,5.18033228249256
goli1247,nucl1709,5.784747224087287,0.02705809056467312,0,8.95908327998275,5.4816211055135255
goon1238,buna1274,1.8118089910851403,0.017518163879206558,0,9.22934080675,5.394875306801685
pare1266,aust1305,3.017221428319891,0.020779266917369924,0,0.843142701945,4.389490325309195
gras1249,koia1260,4.867190632906587,0.018656941863040528,0,7.4094208404225,5.5936199781371645
guah1255,guah1252,2.3103399293190776,0.015556192203909807,0,1.8926128459805,5.209950424718315
guam1248,barb1265,3.4372362165975754,0.023500606434541847,0,2.3960265820115,5.1088811389836195
guat1253,guat1253,-0.7751710066381419,0.010531298127128316,1,-3.9000804045552497,4.9154047919174
gube1234,atla1278,4.270264031268955,0.021752733073577238,0,8.070464092225,5.1663749822020755
gude1246,afro1255,0.7867987071904587,0.029037649340534467,0,-1.386041964745,4.037524332596725
guer1243,otom1299,-2.6917406177188212,0.02873298488577724,0,-4.381703402885,5.034833605490215
guhu1244,nucl1709,5.3911061067924955,0.022121671363158794,0,8.952379797975,5.515589468276075
gulf1241,afro1255,-1.0452899140307932,0.0334306403405589,0,-7.2135470447525,4.080870969495519
guma1254,aust1307,2.3737575611689854,0.027016989239740875,0,2.2538356224132503,4.14298165414945
guny1241,pama1250,1.267529486022488,0.036391777114264987,0,7.77171638214275,4.72242180494127
gura1251,indo1319,3.0165490231408745,0.02125912490456339,0,2.13111810762225,4.835534857690745
guro1248,mand1469,4.200708519987847,0.027439292181047962,0,8.63901947515,5.594091118806735
guru1261,sino1245,5.7607570476551,0.008590243573430353,0,5.26873872703,4.905063164598615
guru1271,afro1255,2.269425741834204,0.03160624576613189,0,1.5413878435725001,4.319531820237705
gusi1247,atla1278,4.272933393563825,0.038064179658777716,0,7.685428832766,4.66141117475048
kwam1249,koma1264,0.7439572132122505,0.03305928536731361,0,1.7528254992825,4.694010528877335
gwen1239,atla1278,5.0985460980847845,0.0318929452859088,0,7.698997255269999,4.669391524096985
gyel1242,atla1278,3.7969529584087343,0.02544161943044683,0,7.236641585505,4.759904027608474
haaa1252,atla1278,5.022082297747141,0.02462293669301068,0,7.6896918278565,4.652379334513036
hadi1240,afro1255,2.531220803940071,0.01459230989386159,0,2.5902166147225,4.215889043315195
hadz1240,hadz1240,0.0107420578449702,0.015219846766837245,1,-4.8389103551725,5.150403643622935
haka1240,sino1245,4.136460362709212,0.017224092502432634,0,3.4111509113325003,4.598374934170805
hakk1236,sino1245,3.8281334901440003,0.011984532089659494,0,5.1143145790765,4.920791843485221
hala1252,aust1305,3.7641454504486074,0.020061149756573766,0,0.280342268229,4.259176108384915
halh1238,mong1349,4.749028551776682,0.008838404981981103,0,8.790240538235,7.194356776601875
hali1244,aust1307,2.1359208833353294,0.00694868226260528,0,1.62445419689125,4.11679758442337
halk1245,sali1255,-1.9102048875199824,0.0354032890334676,0,-4.118246398105,4.8028521237081545
hame1242,sout2845,3.3042764202990424,0.0309241996429478,0,4.378946297543,5.8474168377762545
hang1263,nduu1242,4.729952080174417,0.04510197092676617,0,7.399894300475,5.515641821007151
hani1248,sino1245,5.971536183614149,0.014986723676710402,0,5.271636478125,4.821001760392665
hano1246,aust1307,3.7163243780847863,0.025774641162601676,0,0.71976623611,4.13572780325222
haro1237,aust1307,3.3470152835757596,0.032319569442864265,0,-0.0501268771035,4.04789410912162
haru1245,piaw1238,5.006938914660365,0.023797602041790628,0,6.9661306751425,5.600176742800255
hass1238,afro1255,-0.6245569178649917,0.017193132545941445,0,-6.6404565461175,4.0185683630119655
hata1243,hata1242,4.803022526162942,0.05616249047970334,0,7.3523630534425,5.6400570110025
remo1247,aust1307,-3.3384376266738935,0.02092532124549813,0,-5.4533699876899995,4.128631631059434
nige1253,atla1278,5.177779788061214,0.019176313394625066,0,8.094849552974999,5.18714146390109
hawa1245,aust1307,-1.8152881189854173,0.02927857423386548,0,-4.28160540526,3.832321314560405
hdii1240,afro1255,0.3330197679480746,0.030701788800107946,0,-1.1187243485899998,4.0029218831072
hehe1240,atla1278,5.185634869700148,0.029721765679672343,0,7.670759216563,4.670830786856265
heil1246,waka1280,-1.6292267035171661,0.015438795747177709,0,-3.38111825093,4.99904782078327
here1253,atla1278,4.639291491471303,0.03004826261412873,0,7.384470226745,4.671783030544995
hida1246,siou1252,2.4394702664564925,0.022879009665828953,0,3.8597164846179997,4.98630434901847
high1276,mixe1284,-0.7779171266485719,0.02499627650237654,0,-1.7133529959775,4.6031292998361
high1278,utoa1244,0.7699091011329927,0.030169260669055408,0,1.0331408830925,4.454755583558111
karb1241,sino1245,4.334317209433531,0.012507150204306471,0,4.5275881446589,4.77810951578204
hind1269,indo1319,5.327592744968252,0.02460780177953019,0,2.3635153587187503,4.790213545714115
hinu1240,nakh1245,3.2922304423603954,0.018676678822113685,0,1.307934653055,4.80751281165608
hixk1239,cari1283,2.9776095665111737,0.014134218514562074,0,1.834469037306,4.728139139644585
hooo1248,aust1305,2.862714122900633,0.02086449895369117,0,0.8321589999325,4.39850738734923
hoav1238,aust1307,-1.0392984886587082,0.022471785107431117,0,-1.7111903415472498,4.02337668311629
ainu1240,ainu1252,3.8640377185540595,0.011754538293488237,0,6.9388431920775,7.41807702607715
holo1240,atla1278,5.099713186095523,0.02546495452087733,0,7.55586390999675,4.69871992922718
hone1235,atla1278,5.590392089317505,0.017681723370831803,0,5.615318457618249,4.59033744843774
honi1244,sino1245,5.780656366977995,0.021728860420008857,0,5.282706781045,4.8248756568354345
hopi1249,utoa1244,2.1008069962500064,0.02187764580149945,0,3.65860977229975,4.793949133005425
huuu1240,aust1305,2.938265322543896,0.015205414229942607,0,-1.017766961465,4.094408131177865
hual1241,quec1387,2.6502130487524838,0.03063170111357743,0,3.11069088347025,5.019570255992285
huam1247,jiva1245,2.873815059691208,0.019157900953479728,0,2.589403041085,4.999133757520845
huar1255,utoa1244,2.259487883804854,0.0219449217750603,0,1.683728526855,4.702233989163725
huas1242,maya1287,0.0692685304162283,0.01854844134649546,0,1.2125037074125,4.77721985811003
huba1236,afro1255,0.884128087129527,0.024302772469358976,0,1.6565477095432501,4.077732959697495
huic1243,utoa1244,0.9631600092404442,0.024450589555803297,0,1.604670856085,4.602842776045935
hula1239,aust1307,2.9232378841246254,0.022925814682368848,0,1.6281486343327498,3.9746388012868703
hula1244,afro1255,0.3145645553210804,0.028347195876430985,0,-3.088227739505,4.09979573467843
huli1244,nucl1709,5.635412684899283,0.041965660573933035,0,8.9809236034525,5.5195274067373905
humb1243,song1307,2.6633718630957652,0.01901651162288313,0,7.965176890345,5.60820037870347
hung1275,aust1305,3.8481234168113767,0.010464558622322104,0,0.003950849554749999,4.25362647977368
hung1274,ural1272,3.8149746872571915,0.014513902448698128,0,7.4012442086325,6.21509340603691
hunz1247,nakh1245,3.1783732596218415,0.015301374492615288,0,1.3013608499975,4.79589442783933
hupd1244,nada1235,2.0317096852387753,0.012511748186300648,0,1.7815942168525,5.142281374121614
wyan1247,iroq1247,-0.14689640627250383,0.028084207188073366,0,0.04314035780125,4.59030619446714
iaai1238,aust1307,-0.8055425309692441,0.02336159064696884,0,-1.8766696141075,4.041037176080016
iama1237,aust1307,2.512587264306525,0.021246663452503242,0,2.240752493131,4.1406501953730395
iatm1242,nduu1242,4.918218373749249,0.04195565504996746,0,7.4376205880674995,5.5206593524116006
ibal1244,aust1307,-2.8818340711751844,0.027263791248565806,0,-5.5576925010175,4.089090791320265
iban1264,aust1307,1.9022030178995002,0.020645094682868535,0,0.23967903657175,3.91876648207226
iban1267,aust1307,-3.043470984353789,0.02498349671721036,0,-5.8140777232375,4.09096980185611
ibat1238,aust1307,-2.814153233734138,0.03853330252916152,0,-5.7279462412975,4.07719860333711
ibib1240,atla1278,3.6130749591413984,0.0251756290895282,0,5.7369860680275,4.6808979768724654
icel1247,indo1319,2.5671285006038027,0.014545104565528303,0,1.04452421327625,4.523974857726375
idaa1241,aust1307,-2.0960961781540344,0.02361092930620624,0,-1.9201895407625,3.9278306198176898
idii1243,paho1240,4.496274331030218,0.044967453588433945,0,6.99889857710765,5.508547136212805
idom1241,atla1278,4.293274872171254,0.01942304503753295,0,5.380277679145,4.61486430970185
idum1241,sino1245,5.2879176070096205,0.012094527034487953,0,5.165033959535,4.92602375087694
idun1242,aust1307,2.6366271053597465,0.02392937980003198,0,2.2507421305295,4.128857768752461
nucl1417,atla1278,3.3827350996305574,0.02050041069930321,0,5.5910976191124995,4.61607049338015
igna1246,araw1281,-1.0405937690996978,0.030511247619214643,0,-1.7745515498939999,4.298110824448205
ikkk1242,kuli1252,-0.8769962746986393,0.012207707579296056,0,-3.886200679781,4.645958289307835
iliu1237,aust1307,2.324690730662898,0.029904323600464633,0,1.7796170037475,4.163604176775455
ilok1237,aust1307,-3.0982409130197945,0.030825984362373667,0,-5.6041328085275,4.080909832568185
ilon1239,aust1307,-3.145933844670685,0.03086306913462028,0,-5.4949074819499995,4.08085714954874
imba1240,quec1387,4.3330994457479965,0.0334639914635893,0,3.1688712225335003,4.9574093997815645
imon1245,bord1247,4.6178155100561895,0.0346223881369695,0,7.2466008680325,5.46228454249983
ingr1248,ural1272,4.998227350391058,0.012351409196958351,0,7.5398308219675,6.07717070825567
ingu1240,nakh1245,3.3481191851317678,0.016606016211310585,0,1.71451004259825,4.956612382020005
alba1269,aust1307,-3.5839732485276583,0.024736064393941253,0,-6.0170190550225,4.062310872326821
iqui1243,zapa1251,2.15590803512091,0.02366458448870811,0,2.35080827232375,5.154832002927985
iraq1241,afro1255,1.4948520392398854,0.014380042398780426,0,2.3257776592450004,4.1937286835431955
iris1253,indo1319,-0.3032464416754994,0.015118367990773464,0,-4.500449587135,4.37449810641911
irul1243,drav1251,5.02158708577739,0.02143679006747595,0,8.3771901035975,6.67375890769077
kris1246,skoo1245,4.528510397289354,0.020969499064666147,0,7.20886223137,5.4961367959178205
isco1239,pano1259,1.9162271113687699,0.0219673559256795,0,0.9260572766099999,4.588670183359995
isin1239,aust1307,-3.069019647380824,0.05389314086105131,0,-5.3864908313625,4.07000914682037
isir1237,kwer1242,4.902554908079973,0.02972181803943335,0,7.200202140597501,5.517367567927355
isna1241,aust1307,-2.748505112158175,0.02307506686994342,0,-5.78709197341,4.08380084332769
isth1240,utoa1244,0.1947865404408223,0.022455390257471345,0,1.0327393127,4.450174951965885
isth1241,utoa1244,0.2563223629221907,0.020511310341001766,0,1.0385188786965,4.45261998196188
ital1282,indo1319,3.0049513424962795,0.04467690435497186,0,0.932961937485,4.41103220568868
ivat1242,aust1307,-2.4609885675617793,0.02626678088144415,0,-5.71304392142175,4.06781474893216
iton1250,iton1250,-1.0201359457237071,0.014791404967883866,1,-2.93659093705,4.9726825904692795
itza1241,maya1287,-2.088453107869882,0.024428210658966103,0,-3.58555698155,4.74402249816683
iumi1238,hmon1336,5.616368775998087,0.01262474165339543,0,5.67448756414825,5.457225482341255
iwal1237,aust1307,2.2419567367185813,0.02238694668316772,0,-1.34364433345,3.97089519012152
iwam1256,sepi1257,4.924669271314466,0.050332587189302384,0,8.0647744621,5.542283510116845
iyoo1238,nucl1709,5.818576223621646,0.029470447116387754,0,8.91920247287575,5.48751707465482
jahh1242,aust1305,1.2531505714614728,0.018131429889183568,0,-1.1436416676049999,4.10781278211849
jalk1242,mand1469,3.850912649259258,0.02849063926581117,0,8.6755444223725,5.55573197148891
jamb1236,aust1307,0.9989148705660991,0.02340141551506762,0,-0.07410838522749999,3.8212730951757603
djam1255,mirn1241,-1.2377578252264516,0.014424445073742744,0,1.7370295817199999,4.665007008144525
jams1239,dogo1299,2.5574551549546873,0.02259883184158107,0,8.698569982575,6.303778718708536
nucl1643,japo1237,4.621809286521741,0.01948908578293321,0,7.3228416516225,6.53068313540276
japh1234,sino1245,5.569915771117044,0.011894190572460795,0,5.1889931455425,4.89715763794044
jaqa1244,ayma1253,-0.8498605716085053,0.01787736327131149,0,-3.39755430505725,4.60694235006733
jara1266,aust1307,3.764633688447051,0.03832672901320197,0,-0.060683495905,4.054472536127605
jehh1245,aust1305,3.694558658420042,0.022753185289021746,0,0.26985149587225,4.265359233114305
jeha1242,aust1305,1.8787664582901822,0.015227409954260614,0,-1.24961856147975,4.1138079159081755
jenn1240,drav1251,4.942239350138344,0.03211108204213411,0,8.35348602924785,6.660752727587465
jeru1240,sino1245,5.765235040377666,0.024160340700170875,0,5.196009920604,4.929337057228005
jina1244,afro1255,1.5570640159487734,0.02701070862916845,0,0.9054028240950001,4.107089340857505
jjuu1238,atla1278,5.007177786727366,0.024166889754283705,0,5.743207799132501,4.699858402048
juan1238,aust1305,2.979896397346634,0.0211133676067793,0,0.790912127346,4.38841260189761
juku1254,atla1278,5.018727889201507,0.018053742778231775,0,5.6215277823275,4.59083621518453
jurm1239,cent2225,4.169547456990223,0.03065260036382341,0,8.460578909277501,5.56417126987367
kaba1281,cent2225,4.198935695043208,0.033575320688936525,0,8.4664178630825,5.47378675937685
kaba1278,abkh1242,3.789262702855014,0.022046518091065125,0,3.639463552275,5.69078961441332
kach1284,gong1255,4.667085920819237,0.02515869818819081,0,5.595112038602499,5.191830654947705
kada1242,drav1251,4.897756646691174,0.02546045408510035,0,8.38736771216,6.63467131866506
cent2100,aust1307,-1.7435176459771211,0.027547837918717243,0,-4.02280934651,4.04584429476601
kado1242,sino1245,5.515686282818546,0.012541855696055601,0,5.176099542815,4.878803082548686
kafa1242,gong1255,4.118353091153888,0.02599275090133166,0,5.7859009915792505,5.096490313913895
kaga1256,aust1307,-2.9004429821274442,0.01985930237299711,0,-5.909333613464501,4.06579872027278
kagu1239,atla1278,5.236050106804831,0.029375495115169806,0,7.7137534546449995,4.639092130152765
kaik1246,sino1245,5.82903481609224,0.02202245997637529,0,5.22910833913475,4.90860826510649
kair1263,aust1307,2.934273669293393,0.011449224219004961,0,1.1819749023025001,4.112221454503545
kaki1249,kaki1249,4.57002622892106,0.04525732998089227,1,7.410415532825,5.632050405977054
cacu1241,kaku1242,2.0448597631717,0.024826958869601422,0,1.9989376741969997,5.217233602916605
kala1399,eski1264,2.909986003868668,0.02543905763495576,0,3.879217969475,5.000183940176085
kala1377,pama1250,2.8605368984536854,0.06585610349738624,0,7.3750275611300005,4.72428567718507
kala1384,atla1278,4.751018380277923,0.020860468365064725,0,7.6348234131199995,4.682959653844295
kali1308,sali1255,-1.5705783234446815,0.028196607303590596,0,-2.92663793838575,4.569255380021485
kalu1248,bosa1245,4.816322311775771,0.05586989337675177,0,7.0751541208125,5.43468033278136
kamm1249,atla1278,5.405246139083216,0.029437005363216973,0,8.343352912916249,5.05607054058243
kama1370,nucl1709,5.704176330176283,0.0326879774303217,0,8.952067394305,5.4878221016994555
kama1367,nucl1708,5.087698680935986,0.06614875793301969,0,7.9150452372375,5.5493266793230145
kamb1316,afro1255,2.5669539228918787,0.019943125865911345,0,2.5993939269075,4.21122125345244
kamb1297,atla1278,4.973836085610303,0.023477463145459336,0,7.7068469440800005,4.64126222974785
kamb1299,aust1307,1.3411262697362656,0.025809550265953947,0,1.73030934020075,4.13303416150041
kamo1255,nucl1709,5.848588385539223,0.00922999024894912,0,8.956179140805,5.48535723434429
kana1286,aust1307,-1.4582843013731472,0.03361318650342303,0,0.22120386910349998,4.157080862857205
kana1288,daga1274,4.579271522622191,0.050279458491196624,0,7.45569395515,5.619816459410095
kani1286,nucl1709,5.684806274568298,0.03958533556381284,0,8.9691660264125,5.487636421220575
kank1243,aust1307,-2.7002313925937584,0.02935667317311054,0,-4.7033109539915,3.98112870473162
nucl1305,drav1251,5.09492620500399,0.03359898715031754,0,8.385152968152749,6.65961923981849
bidy1244,atla1278,4.478565091449559,0.01659666886790895,0,8.0670201444,5.18323760632247
kaon1241,atla1278,4.66157642853156,0.02006657970439685,0,7.3102062503965,4.70399469487538
kaqc1270,maya1287,-2.3156395175009608,0.026725161958805622,0,-1.851246481225,4.67219041627963
kara1482,cent2225,4.717357102412469,0.030050140072691457,0,8.4624152512445,5.49365757599299
kara1500,nucl1710,3.650440407220647,0.024335164145947098,0,3.8708792500807503,5.04716865575958
kara1487,aust1307,-2.9124434738060465,0.026087241012863617,0,-5.5603341937892505,4.0744674106633205
kara1486,aust1307,2.855873444855511,0.03338929002636141,0,1.731535857045,4.13433043200185
kare1338,atla1278,5.01837706333464,0.03169495603629369,0,8.4238975637425,4.99987193167237
kare1335,ural1272,4.979021525327177,0.014029912579893198,0,7.52637379429,6.08737106938164
kari1311,tupi1275,1.7443935563221311,0.019151769266991702,0,2.0965207820855,4.75556791156704
kark1258,pauw1244,4.625190823871662,0.06924404168213096,0,7.1045312075825,5.53605845793047
karn1252,aust1307,3.2363647066592285,0.006575437288244452,0,2.0627512586485,4.09926903788355
karo1304,karo1304,-1.3009618351831778,0.012423014886560557,1,-3.0740485352575,5.0995270535306645
kash1277,indo1319,4.984075961358367,0.027568694514354286,0,2.4196344295191503,4.7442338572849
kask1239,atha1245,3.372775524756495,0.024594349126353734,0,5.42033746304825,4.926590697192225
newa1246,sino1245,5.82152145297623,0.011706668283724403,0,5.161893231529375,4.9563665908858745
kats1235,sino1245,5.655423065586847,0.013163659674131781,0,5.278341962755,4.834032893936564
kaur1271,kaur1274,4.742654205856968,0.024050785174937448,0,7.0988648831750005,5.6026529219100745
kava1241,aust1307,-1.1273011094098155,0.040225133953821816,0,-3.972895910098,4.210666215832725
kaya1315,sino1245,5.407329927694207,0.014926528151919194,0,5.127575695261999,4.908769570171975
kaya1319,tang1340,0.5738401926783486,0.024758657631938432,0,5.81331033562,4.414096459618776
keap1239,aust1307,2.9056625650396803,0.026740926248863362,0,1.6293234608495,3.973569001006295
kera1248,atla1278,4.3103038122177635,0.016344294464764562,0,8.0774596197975,5.168956409977135
kele1255,atla1278,5.4544876072659045,0.023067064732770395,0,7.3479297913899995,4.720312572850575
kele1258,aust1307,3.4005522889841986,0.03113366495475418,0,1.619718515862,4.117113263395635
kele1259,aust1307,-2.8745780786097708,0.02218697118658487,0,-5.5674117135375,4.078477348419405
keme1240,atla1278,4.948406900385722,0.027058979829630656,0,7.3246740216425,4.91824850360104
keng1240,cent2225,4.471493738288658,0.0303023135784955,0,8.473690035305001,5.477489812025155
kenu1236,nubi1251,2.1368369435390626,0.019632497106405498,0,6.32935478285175,5.999722178421285
keoo1238,aust1307,1.4300624565529385,0.01970262253533415,0,1.4569271241375001,4.13597540157674
kera1255,afro1255,1.4223243992874646,0.03844890920328897,0,0.23768914744,4.172838198428526
kesa1244,nucl1709,5.867365986384017,0.026834889053493974,0,8.569211624720001,5.653327358146235
kett1243,yeni1252,4.328874218524033,0.026253860208196866,0,7.162007866540749,7.775203543601015
kgal1244,atla1278,4.830830097632234,0.018595215718113633,0,7.7081793761499995,4.65825762177308
khak1248,turk1311,5.433928272430182,0.017045967992839983,0,5.606070611502499,5.376788317345395
khal1275,sino1245,5.628712771953246,0.011609874331922513,0,5.194126065687501,4.93584532961766
kham1282,sino1245,5.451319161767799,0.00992910297096139,0,5.290178675109249,4.884381692074365
khan1278,atla1278,3.440265452114337,0.01853826530073839,0,5.76652223513,4.6831879452278145
khan1274,aust1305,3.5227958780267867,0.014538318218071574,0,-1.0300845191049999,4.09531889545654
khar1288,sino1245,4.350982731665107,0.0265106781179871,0,2.03795751209825,4.45399652855656
khas1269,aust1305,1.3938998945499064,0.0330681895255401,0,-1.68203205151825,4.10855373906165
khez1235,sino1245,4.532398120503709,0.007042713874895268,0,4.523154846997,4.7954868817557355
khin1240,nakh1245,2.87398927123838,0.014605292059637775,0,0.99138073558425,4.7848459523113
khmu1256,aust1305,3.4677846393760774,0.026445104894796033,0,0.04872397734275,4.227732879760615
guan1266,sino1245,5.571861623043411,0.028447860146701694,0,5.16753019870025,4.89644810179647
khum1248,sino1245,4.113684418529042,0.007718927695191865,0,2.41877406492025,4.54803940468169
khva1239,nakh1245,3.2323590337305155,0.017543337750839834,0,1.2926085849425,4.815257268158855
kich1262,maya1287,-1.9516635807384999,0.04887628429887339,0,-1.4145452403175,4.584225459282045
kiku1240,atla1278,4.453620154781287,0.023813341695590497,0,7.696223118895,4.629925358374405
kile1243,tung1282,4.579762211099371,0.008226100625968505,0,8.7725284224225,7.273930824005105
kili1267,aust1307,1.9196610674357184,0.016471680398215026,0,-0.06736565582000001,3.896179384114965
kimm1246,atla1278,5.037057744129486,0.0353386568655987,0,8.306413716302501,5.0489311241463
kima1246,kolo1268,4.264031057189255,0.04771461843610594,0,7.43174172817,5.40458308539724
kima1244,aust1307,-1.774273298751579,0.02616335188140788,0,-4.08925178329275,4.015775989655955
kimm1245,hmon1336,5.7296012303452715,0.012056991141670066,0,5.67856005728,5.43751804644688
kina1250,aust1307,-3.40019010792786,0.026369673107368076,0,-6.11794886184,4.036160106884275
kinn1249,sino1245,5.590833705613642,0.015300387285640864,0,5.2468178460775,4.9571005737277645
kiow1266,kiow1265,1.8007551465296934,0.007428921459891003,0,2.20268924046875,5.08943469389711
kips1239,nilo1247,-0.1009434335511836,0.02879451316576503,0,-3.734669089215,4.2006868136414095
kelo1247,timo1261,4.218774125065683,0.019749598686914137,0,7.5572507385000005,5.63831531759389
miju1243,sino1245,5.266190314611155,0.014110051510289882,0,5.072882437495,4.938932820755291
kobo1249,nucl1709,5.925558701154153,0.014139613393000515,0,8.54420908905,5.6155701612338
koda1255,drav1251,4.981844723270761,0.023666957731384827,0,8.36713021458825,6.638261921140735
koho1244,aust1305,3.2737358683017472,0.01951103568366412,0,0.3333614848075,4.243587018622865
koir1240,sino1245,4.380841467936987,0.012936288703689687,0,3.2775300549685,4.61996185860289
koit1244,koia1260,4.837061716924989,0.029396825960485942,0,7.4154076313825,5.593257288555581
koka1244,pama1250,1.8056795083300186,0.03040617697696232,0,6.806709846645,4.526218077612635
koko1269,aust1307,-0.7271904427041107,0.029284536049751703,0,-0.44012015445249997,3.9176510313781
kola1285,aust1307,2.917068427654275,0.02380350401512369,0,1.7099978687642499,4.19562369506069
kolb1240,atla1278,4.974097369809252,0.02790257213587743,0,8.400068336066951,4.990157568401395
kolc1235,atla1278,4.685778862655171,0.024222732168253495,0,7.26243979797,4.75054045330544
kolp1236,kolp1236,4.753021139447386,0.024767815636134758,1,7.18466291693,5.764093009448144
kolu1245,aust1307,2.561124042397413,0.023143724333309107,0,2.2608279752925,4.13722865710934
komb1274,nucl1709,5.578481425452658,0.02726482276119604,0,8.976871841545,5.448051174922525
komc1235,atla1278,4.866907206366534,0.0345789824651532,0,7.480187627459999,5.057513828649014
komi1269,ural1272,5.2380019081120395,0.01545971651585734,0,7.3398086165525,6.2373234421869554
komi1268,ural1272,5.198232551830161,0.015014648681208774,0,7.35677483932675,6.22658547431102
komo1260,atla1278,5.313342383430598,0.02821620476171371,0,7.037790650894,4.699526839017659
kona1242,east2433,4.750986325918312,0.026078849503123874,0,6.988157219545,5.492460149032215
konk1267,indo1319,4.8978279313655975,0.013661694338227377,0,2.520361064885,4.71689619945889
kons1243,afro1255,2.4188218642490007,0.019635243925397977,0,2.8055052938,4.194438895630685
kony1248,sino1245,4.857816012807103,0.011480002155634005,0,5.19941729393775,4.88426917589905
konz1239,atla1278,5.111779437454567,0.02473950798813077,0,7.676210331875,4.689016436980025
koor1239,gong1255,4.608295375377944,0.02244109065349291,0,5.5765461337425,5.222784494587765
kora1294,nucl1709,5.56499365049726,0.02536409832620811,0,8.9951464423725,5.493260782768511
kore1280,kore1284,3.782663996300463,0.019768845948007804,0,7.6464394925345,7.44463578170589
kork1243,aust1305,2.9871892957133794,0.0211660067899496,0,0.78343531249325,4.418355471488615
koro1298,atla1278,3.4156235338405487,0.03458314108617198,0,8.3736305149675,5.0520513849210005
koro1313,sout2948,3.499331878714243,0.022696807368103068,0,6.989933231865001,5.63328026911155
koro1312,nucl1709,5.627919857931548,0.03778560641214122,0,8.99628016852275,5.49149304921047
korr1238,drav1251,4.990168979149553,0.02120820708889164,0,8.3450576167875,6.676858938021001
kosa1249,nucl1709,5.69643769569838,0.023354520681040547,0,8.94724829495,5.4942479298019595
kosr1238,aust1307,2.4206726810889876,0.02481885417574142,0,1.981596723095,4.1165460405666146
kota1263,drav1251,4.9468105701219205,0.02166148035294276,0,8.381152847595999,6.696984276613615
koti1238,atla1278,3.949723523158392,0.021493398004956192,0,7.701745740070001,4.66034407123153
guan1269,tuca1253,1.5183961218368371,0.028423948416155538,0,0.33483102765725,4.76530379127302
kova1243,nucl1709,5.99014636764761,0.030683585658597336,0,8.9461655341,5.48462117550544
kove1237,aust1307,3.3076375913006357,0.011051529802306639,0,1.702210088955,4.134561617100511
koya1251,drav1251,5.606199625345908,0.0506930382437962,0,8.37251779107775,6.64021633889726
koyr1242,song1307,2.455928556493099,0.017529001236316705,0,7.98343462345,5.637818510340329
koyr1240,song1307,2.654084748706776,0.02724731434948439,0,7.951276043475,5.576245334390515
kren1239,nucl1710,3.7033508140185334,0.024028534316994473,0,3.97955480216575,5.02501376700504
gbay1288,kres1240,3.508275242325685,0.017106224272939726,0,6.6007210573915,5.94025420387818
ngeq1245,aust1305,3.9565003616311434,0.020137635962789228,0,0.0209678371225,4.227113505561725
kron1241,kadu1256,0.01244530396162095,0.01351780818337583,0,-3.5343090257425,4.650646444320715
kryt1240,nakh1245,2.8761467462494332,0.013701445239488904,0,1.51877739633525,4.775058285438785
puoc1238,aust1305,3.634860022910647,0.02869291326288193,0,0.038940736058250006,4.209517587874705
kuan1248,aust1307,2.9177472316595776,0.024738902971522713,0,1.4554110150562498,4.11446755474004
kuan1247,atla1278,4.433423806193256,0.01802266218281699,0,7.402809248675,4.685695080267625
kuii1252,drav1251,5.752459578636834,0.025612516013725148,0,8.361193377678251,6.682560563542675
kuik1246,cari1283,1.896175828464384,0.016129382662973743,0,1.8410313628775001,4.78765266441153
kuku1280,pama1250,1.5474302940732274,0.05727735060892701,0,7.4282344025675,4.619590053801815
kuku1273,pama1250,2.2548560952138397,0.05182703003162726,0,7.581363394280499,4.722105269943331
kulo1237,aust1307,-1.5076164203698408,0.026844671614404566,0,-2.7419597199617503,4.30573527465244
fait1240,nucl1709,5.870014715875506,0.05824793048252202,0,8.62033287435,5.6048334528758605
kulu1253,sino1245,5.613529005749828,0.013367839026053624,0,5.17443721672,4.916894125565155
kuma1280,nucl1709,5.80807272278286,0.027804079644423607,0,8.96529432405,5.49770796412421
kumb1268,pama1250,1.5775006501307711,0.05408785276334163,0,7.2307329866175,4.751118793864499
kumz1235,indo1319,2.2673684037368695,0.020779723290582107,0,2.1990884540825,4.79076934777585
kuna1268,kuna1268,2.498893573889003,0.022888937707340882,1,7.707494799745,6.99450355815507
kunb1251,gunw1250,0.4945459254345382,0.035349518392615804,0,6.0358194368125,4.401922120380315
kuni1267,kuni1270,4.579009589001036,0.030190719307459243,0,7.3472558196849995,5.450144703472491
kunj1245,pama1250,1.7266145729590678,0.04571093351334387,0,7.0010343994,4.620313556255455
kuot1243,kuot1243,0.9465701183011295,0.01417486572675983,1,-2.6786352793025,4.44512429932934
kurr1243,pama1250,-0.3752384556836448,0.02555983107508805,0,4.255913194551,4.320352207019885
kurt1248,sino1245,5.129172134501488,0.012522070793442822,0,5.27372213983,4.91778522249463
kusa1251,aust1307,-0.9133922559333207,0.024539525572053508,0,-1.7231337844799999,4.019716200265175
kusu1250,kusu1250,5.083141780498211,0.0269793453052881,1,6.46860633958925,7.265271414006395
kute1249,kute1249,-1.0692122891197458,0.020304976549469556,1,-2.8316329711045,5.101974088992125
kute1248,atla1278,5.026650651321237,0.025222188742935983,0,5.595845610085,4.61464737753821
kuvi1243,drav1251,5.720963582031209,0.02703699142193368,0,8.363483570492999,6.694866038921095
kuyy1240,aust1305,3.950870804579991,0.016600584521350818,0,0.0647903242765,4.22185005502274
kwai1243,aust1307,0.9948019596840316,0.034703174389369665,0,0.969517954634,3.98265516929804
kwam1252,aust1307,1.1161002408962275,0.023850751424423937,0,0.7143348283095,3.9821929273054497
kwar1239,aust1307,0.9109275692065845,0.028648872312059086,0,1.0028736125575,3.968480269139395
kweg1241,surm1244,0.7499161365430961,0.02893583368207511,0,-1.17020944507275,4.135337154967235
nucl1595,kwer1242,4.931242407856624,0.023340494583531685,0,7.130983225255,5.490907794683315
kwin1241,worr1236,0.9088333190953902,0.04674204889541935,0,5.994143750225,4.640670719331975
kwom1262,sepi1257,4.9393548088123875,0.05405558911032493,0,8.12950583861,5.514921640590375
nucl1593,kwom1263,4.545885708879755,0.030955495730780363,0,7.058218558,5.574482207434105
kxoe1243,khoe1240,0.1838928531153971,0.007758694313871273,0,-1.340523702929,4.34094837092127
kyer1238,sino1245,5.802550858563533,0.011655369339601653,0,5.3076852266075,4.87827173531392
cori1240,atla1278,5.124618759101224,0.02552981460710561,0,5.7100284917724995,4.70732185006513
labu1248,aust1307,2.5751169121724384,0.02281956649673288,0,1.259757921835,4.057611704838825
labu1249,aust1307,-1.900484140152811,0.021947286098373195,0,-4.12375817549,4.01406461807686
lach1248,taik1256,5.727413037285338,0.02931163032930833,0,5.17012709921,5.40094021965574
lagw1237,afro1255,1.5542807034468615,0.01613712792874291,0,0.8534617769985,4.097762699528779
zaye1235,sino1245,5.2185604223561795,0.010999537216238099,0,5.133122593705,4.93588199286778
lahu1253,sino1245,5.637166507554513,0.01169632986958732,0,5.27314789928,4.859157491428955
lakk1252,nakh1245,2.9349422396927114,0.014163107035147213,0,1.060909898681,4.769096184671245
lala1268,aust1307,2.867074238628622,0.02610633790632582,0,1.6731113059825,3.962314811430815
lala1264,atla1278,4.820127325860458,0.0318706693122836,0,7.657030053120749,4.666489537018595
lama1277,aust1307,1.8680061698025803,0.04233950782983299,0,1.9493681626647499,4.11015768690249
lama1288,afro1255,0.3671901794381127,0.027753098625732244,0,-1.13065577664425,3.9830237721517
lamb1269,indo1319,5.0511441344699985,0.04957448627764128,0,2.3609838589775,4.768427960733945
lamb1273,aust1307,1.1109592132712458,0.024653284972350437,0,1.727203040227,4.099852149132644
lamb1272,atla1278,5.1001579207069785,0.02880540338044601,0,7.6365418129675,4.69606147298427
lame1260,aust1307,3.4000144591630685,0.033674215438017824,0,0.8613223275274999,4.092005737637756
hela1238,sino1245,5.800493466251264,0.011140885281914216,0,5.3069262270225,4.865078877372855
lamk1238,sino1245,4.0287484799283995,0.012933433285253745,0,3.3215694166175,4.5991334664719705
lamo1244,aust1307,3.281502144162167,0.00893839988317769,0,1.8503306314899999,4.14084287189864
land1256,atla1278,4.557959832383488,0.02154126430697465,0,8.154626198437501,5.136052195489835
lang1324,nilo1247,0.7242521503853763,0.02794818476906682,0,1.4969805415195,4.223435694320335
laoo1244,taik1256,6.0502400563908525,0.020318233990290736,0,5.259166899325,5.350375753436104
lara1258,lara1258,2.2085363496209367,0.03130354000868347,1,8.6406453848675,5.32226366296927
lard1243,tang1340,0.8513492570546785,0.025539645005727387,0,6.407221705027,4.458923683096231
lash1243,sino1245,5.070388725929218,0.0254298503821644,0,5.21871401289625,4.857029521311385
teke1275,atla1278,4.780730159457732,0.026021000586253867,0,7.38216482215,4.74002960480164
latv1249,indo1319,4.281190945620686,0.018329869445784675,0,1.495667643975,4.714328926710415
lave1248,aust1305,3.9351264775394226,0.016394837147091675,0,0.3207680704575,4.267416147990345
lavu1241,lavu1241,1.8191763248005528,0.018383376257013063,1,7.905909089236999,5.60911569973942
lazz1240,kart1248,3.4078692480139674,0.02695412437759872,0,2.5161027430100003,5.337544638749215
lega1249,atla1278,5.174811989652715,0.025850951806422186,0,7.5694222711,4.6815621071657745
lele1276,afro1255,1.144523637439472,0.019483004835332912,0,-1.5800343478599999,4.082105036601865
lele1267,aust1307,2.691563884735813,0.03036724076043774,0,0.8513928032889,4.100600453255735
lele1270,aust1307,3.4038542270881997,0.02503664402255038,0,1.63316017193875,4.1220863229867994
lemb1266,nucl1709,5.83891467797463,0.01865298745692872,0,8.9529143458725,5.530995232249101
leme1238,aust1307,3.6508678910935446,0.022737569461422868,0,0.889685270465,4.096189481949924
bela1260,aust1307,-0.24307737889563824,0.025333146671832632,0,-2.4542010960652503,4.004660418626255
lena1238,aust1307,1.3058635673033807,0.026634896725444904,0,0.6778023444325001,4.008382063800985
lend1245,cent2225,4.146378964945232,0.028054876686240633,0,8.24335239581,5.650689006816645
leng1259,aust1307,0.07894962640467254,0.026817398549884422,0,-2.1602648140875003,3.93387896144277
lepc1244,sino1245,5.361224084236523,0.014411064637009087,0,5.1341807666634995,4.977764529794845
leti1246,aust1307,2.4391492743605836,0.03343021641223471,0,1.9468291300075,4.1358091085857644
lewo1242,aust1307,3.293630810743486,0.03328563630624512,0,0.8549400200624999,4.10243613734089
lewo1244,aust1307,1.8978839228299136,0.03737361477260282,0,1.94245404093,4.10861245940501
lezg1247,nakh1245,2.8302913772174856,0.031892121940448145,0,1.5349105327981252,4.79641920390571
lian1251,sino1245,4.235752039160004,0.012794896568942627,0,4.47737593982,4.77250073199966
libi1244,atla1278,5.377092602240349,0.022381876318108965,0,7.495457978465,4.6683986711249155
liby1240,afro1255,-1.1822498710343237,0.024563149877237764,0,-6.679357614044999,4.015806882765065
lihi1237,aust1307,2.7510217452026353,0.023045696150062866,0,1.9281771322674999,4.096117881065245
liji1238,atla1278,5.066159370343444,0.022349474345398156,0,5.7392938502524995,4.697271859769465
lika1243,atla1278,5.367377156084996,0.02834509947155647,0,7.02436811659325,4.73895795302894
lill1248,sali1255,-2.0034054167026136,0.0202035573315541,0,-3.151080807999855,4.66887288675864
limb1266,sino1245,5.571971843609839,0.014059643219166794,0,5.1463497818325,4.939866573824
nucl1327,limi1242,1.9881572704278712,0.03469434099230774,0,9.0325177992175,5.277695686590221
limo1248,aust1307,-2.8407595619319332,0.025139900139775316,0,-5.303191061694999,4.044661526270045
lipo1242,sino1245,5.437803156682439,0.020370595072256296,0,5.2599027014425,4.85453549693502
lish1245,afro1255,1.314841388522579,0.031093823308033217,0,-3.08168175692,4.086319441107845
lisu1250,sino1245,5.197661093861427,0.015610239507277456,0,5.27310898759225,4.85581720693178
lith1251,indo1319,4.1991647012646185,0.013939499272830707,0,1.4619884504306,4.702770569179215
lito1235,atla1278,5.421526069161109,0.019328235877203902,0,7.4879202779317495,4.66963719122727
livv1243,ural1272,4.98413396568969,0.027063746044198665,0,7.5504369418,6.068354061722484
loba1239,atla1278,5.329263654013365,0.023412336946822855,0,7.482264903975,4.66938044696328
logo1259,cent2225,4.306193763699127,0.02363478728416145,0,8.3471685467625,5.552665928282285
balo1261,atla1278,5.271003679609147,0.019810633802989978,0,7.4938427451075,4.691185379227985
loka1252,atla1278,3.9911720158859074,0.02084155065639568,0,5.731789425911,4.669624795348585
araw1276,araw1281,0.22728768940885957,0.02713887180477317,0,-2.7356888560975,4.432956156357045
lolo1259,sino1245,5.438064979877167,0.015631224866863795,0,5.27341977753,4.84892584335235
loma1260,mand1469,4.140758853610697,0.02449567315499668,0,8.717430261612499,5.53274626236295
lomb1257,indo1319,3.1440657337665145,0.014337170484075736,0,0.986935677068,4.43119657821281
acha1249,sino1245,4.823826942547582,0.010276092288135186,0,5.231490669785,4.836798165364075
long1395,aust1307,0.2932205686920266,0.029056478175088378,0,-1.23602746751475,3.94742249409153
loni1238,aust1307,3.401136511533081,0.033956711953044706,0,1.6048587177425,4.146193057817346
lote1237,aust1307,3.0125059180760623,0.013912859955427336,0,2.16170409789075,4.113286549991175
loth1237,sino1245,4.5953633046754225,0.013801600850211707,0,4.5150360944350005,4.7847630349189405
louu1245,aust1307,3.4328766212012347,0.02999247526179014,0,1.54252795986075,4.12799073425903
vano1237,aust1307,3.35807284111659,0.030377485600206575,0,0.9013751400275001,4.154687134102835
lowl1260,tequ1244,-2.827505566272043,0.045916485012493645,0,-2.1018402033175,5.1330529609534
lowl1265,utoa1244,2.1951484797533443,0.025926250159536184,0,1.717331816775,4.70070622000805
lozi1239,atla1278,4.506549503359732,0.018379681431298974,0,7.701315435325,4.661204927175515
luan1263,aust1307,2.421749857363955,0.030712027045806077,0,1.9580775748325001,4.15606070511779
onto1237,aust1307,0.1581571941211704,0.03187891961194636,0,-2.9910635415,3.82439053209171
lubu1243,aust1307,-2.7016652321949266,0.020137289822053664,0,-5.32821322932,4.022367583482255
luch1239,atla1278,4.3710552096250845,0.043003662655529164,0,7.3932946764175,4.7017560528132645
ludi1246,ural1272,5.073632073071419,0.028288184166046944,0,7.54783484977,6.08186504647173
lugb1240,cent2225,4.105121396564557,0.023532491721070813,0,8.314928584385001,5.552369253279
lugu1238,atla1278,5.279490547551266,0.03389935782965036,0,7.694211524922499,4.66093309327397
lule1254,ural1272,4.599183094121358,0.009005717107065573,0,7.5421337585575,6.1080755787362
lumb1249,atla1278,4.2857273667533295,0.02348824495013538,0,7.385292357135,4.716737229372705
lumu1239,narr1279,3.142514024213754,0.03128146887440679,0,6.8273113663250005,5.938954252109935
lund1266,atla1278,4.647832765553854,0.03344912033259696,0,7.38468593905,4.69738000925353
lund1271,aust1307,0.06281144485488616,0.02653483118212901,0,-0.82679791457,4.013989740298945
luok1236,nilo1247,0.5538537362842858,0.026158954911406004,0,1.58621186276,4.193706314041865
luse1252,atla1278,5.269100205643658,0.05433685502171894,0,7.456783754045,4.69165824633958
lusi1240,aust1307,3.352989018672952,0.014391280286405513,0,1.6880946345724999,4.1269912274131
luva1239,atla1278,4.43928880650973,0.042727416527435856,0,7.370626490625,4.71751917573066
luya1241,atla1278,4.166976307223185,0.02905659368680504,0,7.333446006967501,4.7340052652814855
maan1238,aust1307,1.2967269020862133,0.026246093166658522,0,-2.059302532405,3.968391599808945
maas1239,atla1278,4.28468638194229,0.029258718530291574,0,8.07872078135,5.143026096871875
maba1270,atla1278,5.494337537894523,0.02552343857903424,0,7.5083209638875,4.664336914133595
maba1277,maba1274,3.3347926911362533,0.01948091255698747,0,6.0256223047774995,5.82242533237258
mace1250,indo1319,2.2168818960101495,0.015078083088542306,0,1.725597649299,4.60640196992861
mach1267,araw1281,-0.6990061382878086,0.018985540531718012,0,-3.51693285778,4.421540889892915
maco1239,sali1297,2.1042341531154474,0.015992966294079997,0,1.8568435886399999,5.2680618388887
macu1260,tuca1253,1.0083116242763146,0.022376601261316215,0,-1.382855613995,4.578285726668815
mada1285,aust1307,2.8222088476522513,0.022676998952608968,0,1.6971355779364998,4.11652378675907
madi1260,cent2225,3.9803998161871936,0.03369135312496893,0,8.3210905943775,5.563239676703935
jama1261,araw1282,2.9621907459659376,0.023986276276008744,0,1.8390496738005,5.0376025206443
madn1237,east2374,1.900532479431198,0.00706538258172463,0,9.008567286275,5.37341681534385
nucl1460,aust1307,0.2727594032791498,0.029803777168656353,0,-0.00020876809174999998,4.04876268424683
mafe1237,aust1307,3.62777158657077,0.031607316052350565,0,0.83601803293725,4.128220771352344
maga1260,indo1319,5.485847678400601,0.026208794737978647,0,2.54188260406,4.702601321882445
magd1235,otom1299,-3.095923205162828,0.02871307497467726,0,-4.43930062207925,5.0159017577480345
magu1243,aust1307,-2.042596072836833,0.02858542399021214,0,-3.1672962041625,3.96044966959528
maia1254,nucl1709,6.021900857121346,0.024168641405646236,0,8.605402383225,5.615499870878695
maia1253,nucl1709,6.037038653560064,0.027864818996127007,0,8.6008157946825,5.6140607381332845
mail1248,mail1249,4.538885098506899,0.060401385017959344,0,7.2346516908675,5.593271099143215
nucl1594,mair1253,4.959437446246584,0.02809757397594763,0,7.282601630705,5.600714583814105
mais1250,aust1307,2.9316786552694762,0.028152085730826695,0,1.8122995775200001,4.17254532429497
mait1250,indo1319,5.436383690498699,0.028500437970885795,0,2.549071115946,4.7193434068946445
maja1242,surm1244,-0.16453227191729836,0.02842137358181002,0,-3.0106373616055,4.233671359419365
maka1304,atla1278,4.700588601066521,0.026304404562004235,0,7.275377215975,4.74944038548161
makc1235,taik1256,5.278540649712161,0.024346219183068674,0,5.21517189327,5.3540331471397895
makh1264,atla1278,4.294135881100209,0.01574339362230041,0,7.734704159885,4.6490798908144555
makh1266,atla1278,4.3905859572544506,0.01726867128667408,0,7.743277886905,4.654878389543355
mako1251,atla1278,4.720811943275908,0.02777024293089296,0,7.67525739276725,4.65169300225123
makw1236,atla1278,4.745767018585896,0.028648009068052323,0,7.677618341675,4.673555149987886
mala1463,drav1251,4.615206185261597,0.017728344032083013,0,8.394785003265,6.651684992816035
mala1534,aust1307,-2.8247990181796956,0.02878525191396857,0,-5.86001432923,4.06334628527852
mala1464,drav1251,4.710221402748859,0.024303186224742746,0,8.379735470037499,6.645549800277415
mala1522,chib1249,4.38202516135836,0.014605243744632863,0,4.992563906912251,5.025078029390875
male1284,gong1255,4.419516906467755,0.02725089714365604,0,5.6580276480235,5.236063095425649
male1297,chib1249,2.7801001704384536,0.027736888961263733,0,5.23080532156975,4.927746900349085
male1289,aust1307,3.3235368505643255,0.009156129704475761,0,2.0881311993139997,4.10222015658141
malg1251,afro1255,1.0157389336500109,0.021496676685947014,0,0.731055672395,3.9877146242965598
mali1284,bain1263,4.696524694128582,0.02756108826390043,0,7.125074323825,5.764240955164604
mali1285,otom1299,-2.851790164650385,0.02302134600549146,0,-2.3838258277874997,4.822916130653425
malt1254,afro1255,0.9078366089574301,0.021271044807443705,0,-6.1411323216775,3.96687824643643
malu1245,aust1307,3.508700858515276,0.029737047204070832,0,0.8065450652874999,4.12350668212772
mamm1241,maya1287,-2.1335129528260315,0.024050183501789887,0,-2.82418546811,4.797762169355175
sauk1252,nucl1709,5.548399473362483,0.05121377563670453,0,8.95171432043,5.47533883095421
mamb1306,aust1307,2.337588389184191,0.021339892812576998,0,1.613308447479,4.1772669856469395
mamb1294,atla1278,4.779281244704423,0.04173113105982167,0,8.386537677275,5.007956254409089
mamb1296,atla1278,5.021743084517981,0.0336543436102144,0,7.65475262293,4.688090717916965
mamv1243,cent2225,4.3576948688847645,0.026221828954238066,0,8.40529138895,5.670094910256125
mana1295,aust1307,3.2920618237362804,0.016432469161547798,0,1.0771029352900001,4.135046833230319
mana1298,nduu1242,4.816568109456881,0.029769547333886464,0,7.425851355832499,5.488587606218561
mana1288,sino1245,5.832587818926236,0.012377959556571302,0,5.256746213705,4.909640161850235
payn1244,nucl1709,5.971325109110804,0.03366279008567489,0,8.592904129242498,5.62941369542594
mand1440,aust1307,2.709037655990791,0.02766824368272936,0,1.9298861644340999,4.092978788288775
mand1415,sino1245,4.87236128795111,0.013400811547528087,0,5.0869761245694995,4.903973411073605
mand1436,mand1469,3.563524727305189,0.027775858178612785,0,8.6701175779925,5.56828876518484
mang1378,aust1305,3.3658873724481975,0.015444003700562823,0,-0.0348225677065,4.23625806545293
rapa1245,aust1307,-2.6556549429094494,0.026272458589832258,0,-4.2707236791255,3.8304929151591898
mang1401,aust1307,-2.6170920755619793,0.0279780135755138,0,-4.15773840196825,3.837449509874495
mang1381,mang1423,2.1922387260542875,0.017488122966731637,0,9.180877678640002,5.34207186846296
mang1394,cent2225,4.523220112950793,0.025766863112509166,0,8.3842848666775,5.5564932762922545
mang1404,aust1307,2.4066311112091556,0.051352768490719604,0,-0.20421709786074999,3.93141390557255
mang1405,aust1307,0.6694186197369261,0.03168499244906543,0,-0.5296446515875,3.98117538749145
mang1403,aust1307,3.0780935064616557,0.009041397133416368,0,1.88819770804975,4.13064857321545
tong1308,aust1305,2.062502278135014,0.016586683933345545,0,-1.253741466725,4.11242524688363
manm1238,aust1305,2.910689059093999,0.009591077613624238,0,-1.012729580315,4.103140961018255
mann1248,mand1469,4.243783060377224,0.021050786667191436,0,8.633918244170001,5.6058522071528145
mans1262,aust1307,-2.051688798028997,0.026251648635229132,0,-6.069383236465001,4.05650473327789
manu1258,aust1307,2.6846555429991357,0.031992640811119764,0,1.7372644387975,4.17866674629564
maon1241,taik1256,5.2717187557871785,0.03559604249593066,0,5.218267057249999,5.361020016191141
maor1246,aust1307,-1.9512500792096772,0.03821311064455066,0,-4.2942261518995,3.837909165660045
mapo1242,aust1307,2.3293383748312104,0.01639021650820247,0,-1.2030314485067999,3.933459960553355
mapu1245,arau1255,1.9429631114894397,0.013885772765321925,0,1.7893405222037502,5.366427734250215
mara1382,sino1245,4.330466951897762,0.01046781866667987,0,3.38980457159,4.62918401382389
mara1399,aust1307,3.564951358563081,0.04140866058628498,0,0.9370335439799999,4.114420089973005
mara1379,sino1245,4.433847185140864,0.016792102143418083,0,4.48899532132,4.76920256035151
mara1404,aust1307,-2.6537269143508,0.04762796489070361,0,-4.4141877933075,4.019228134245395
mara1386,west2434,2.709765451108096,0.04379141659804342,0,9.3385304483025,5.30552772131058
mara1396,tama1329,3.2510749522197,0.021966016942010436,0,5.72676264702175,5.86065045525268
mara1378,indo1319,5.124049765363607,0.01439066767039299,0,2.5051100941859996,4.73376892604958
marg1265,afro1255,0.8533423720737019,0.024347533960724258,0,1.65060785357795,4.07335190894489
mari1414,drav1251,5.738701627592415,0.04534606582082969,0,8.326037402675,6.64884314755199
mari1440,coch1271,1.7691186946828301,0.017091004383008576,0,1.9460456077025001,5.04168461185751
mari1428,aust1307,3.2778827337653156,0.01125496399263085,0,2.08134444477495,4.09798627068989
nucl1622,anim1240,4.291806216037453,0.018207087161857972,0,7.2146028886,5.49912999103455
mari1416,sino1245,4.001591989646256,0.014944512277696697,0,4.522497864322499,4.788458332847995
mari1424,west2434,2.390710838713291,0.05276109332566414,0,9.37964316435,5.252691618404951
moro1289,moro1289,4.27834820443014,0.027638173605766727,1,7.1531045119200005,5.590237198376524
maro1244,aust1307,-1.0857670311026761,0.024909920256828172,0,-1.450675913950775,4.041058350875225
mara1385,mang1423,2.012722228642353,0.01886629043654176,0,9.3064195745525,5.3091848545069045
mars1254,aust1307,2.21637790331581,0.02078910891409251,0,2.4666149929000003,4.080653263684955
mart1255,pama1250,0.13495433720750022,0.03868712301494089,0,5.844698641207501,4.4229017789412595
maru1249,sino1245,5.139635097707564,0.008598889674486661,0,5.2397659889475,4.86901929875461
maru1252,pano1259,1.7251669404425607,0.02590739871658537,0,1.087210580131,4.5620489724190705
masa1322,afro1255,1.6472985903096387,0.0239161627156089,0,1.1295466147825,4.29893328192907
masb1238,aust1307,-3.5953681994940414,0.034024652591199515,0,-6.125123095275001,4.02393399994407
mask1242,aust1307,3.475444600635291,0.03217328465222634,0,0.88758302287325,4.126276166495935
matb1237,aust1307,2.6709458240437702,0.031082311286343534,0,1.29219943137,4.18148492353575
kemb1249,aust1307,2.126426555204403,0.0309067386695281,0,-0.744814085768,4.039118428917504
mati1250,aust1307,-2.6046037822101384,0.02434927284336079,0,-6.0277577042649995,4.057566018070685
mato1252,aust1307,3.044252480223732,0.012318417961116728,0,2.014021793535,4.133274915074326
mats1244,pano1259,1.1484268921482053,0.027957835750708118,0,-2.0750139800175003,4.58413301428557
matu1261,aust1307,3.3601139516202467,0.00730022424265676,0,2.1056900249530752,4.12779757521791
matu1259,atla1278,5.02220269219498,0.02149439845532869,0,7.653440742748826,4.6623057527613145
mauw1238,nucl1709,6.054104360392487,0.010803731706601044,0,8.611389583375,5.64056675263306
maun1240,iwai1246,-0.47515066879883244,0.011848115014380692,0,2.48984690401,4.7336043565577555
maxa1247,nucl1710,4.2869433791908325,0.02846560656566486,0,3.8975669166625,5.049374646900325
maya1285,misu1242,2.362391881725597,0.0218204733798828,0,3.57218669525475,5.032280994312044
maib1239,mayb1237,4.723339746556848,0.04486999351426361,0,7.43333499322,5.682253135714015
mayo1264,utoa1244,2.1016808632360275,0.017948861124305913,0,1.7178663424605,4.6040555132524155
mayo1261,atla1278,5.373914895508734,0.03486843693700973,0,8.4725337731075,5.0023460014946295
maza1304,afro1255,1.0012478890154344,0.02169753786907864,0,0.694523270735,4.03844298641735
mbaa1245,atla1278,5.478701353798034,0.024612721137644983,0,8.4802854442525,5.0019714139239255
mban1263,atla1278,5.455860396315283,0.03135546406122816,0,8.44513311725,4.995355097534735
mbar1260,afro1255,1.785541113961767,0.02740383731463262,0,0.605578332973,4.056925788332094
mbay1241,cent2225,4.012997250921993,0.03160888137624008,0,8.485329268735,5.484198574288079
mboc1235,atla1278,4.200921679488486,0.046705044010375237,0,7.290755382805,4.7389863104542
mbol1247,atla1278,5.409600831119517,0.022613148806949687,0,7.35377138538,4.735703273817445
mbug1242,atla1278,4.877231358702076,0.024249969603649533,0,7.58665042445,4.6790977378712455
mbul1263,aust1307,3.270421540485281,0.011462811662867556,0,2.0868379683010003,4.120931632841035
meen1242,surm1244,0.5483457312591802,0.03218723797030609,0,-1.1500710855355,4.14528620838331
mehe1243,sepi1257,4.788699068264557,0.03975853738763244,0,8.148098496715,5.51357364222305
saki1248,tupi1275,2.0582995000392117,0.02138107384654319,0,2.0506625265615,4.756354784629885
meke1243,aust1307,2.720543747243676,0.027503402086251776,0,1.6621315991652499,3.9691702342746753
mele1250,aust1307,2.568653298701334,0.07705046479336679,0,-2.4997028860525,3.808203677848385
melp1238,nucl1709,5.85745689349131,0.025886951798493006,0,8.9568769070675,5.4875521620556
mend1268,sepi1257,4.826089926720455,0.058777971523925,0,8.11665056998,5.511634796442555
mend1266,mand1469,4.134934306282988,0.02935910165865139,0,8.710348362074999,5.560811994999851
meng1267,aust1307,2.99002360645739,0.005116441451247405,0,2.1614669485575,4.110690729150885
meny1245,anga1289,4.587899857591937,0.04518453790687141,0,7.2369236052475,5.545401405079675
mere1242,aust1307,3.516044159204763,0.03545074130466067,0,0.77926042143775,4.12953722563428
meri1244,east2503,4.480433383087019,0.02229744562063748,0,7.393834450697501,5.4833246046248405
meru1245,atla1278,4.854996630996042,0.030119883070872634,0,7.6845987694249995,4.6801708872465
meta1238,atla1278,4.527818043598031,0.03505210749832059,0,7.48962346141,5.087723127475565
meya1236,east1459,4.816004398835503,0.021126517085005014,0,7.21030544468025,5.530246419517955
mezo1235,otom1299,-2.2557469513519424,0.041334086457344536,0,-4.557386635605,4.9748710222011905
mezq1235,otom1299,0.02911473500433695,0.025633455024436584,0,-0.53315498813005,4.459594707857795
mian1256,nucl1709,5.604588668349127,0.03426377337813028,0,8.991581529725,5.451690102798951
mich1245,utoa1244,-0.042053724908598544,0.015581683932988939,0,-0.5367294310515,4.466942956287555
midd1357,pama1250,1.5810786717433754,0.05802609765010105,0,5.973870654201249,4.523185328803325
midd1327,aust1307,2.6087762236087193,0.014979658214453918,0,1.190746163225,4.057982691169364
mika1239,musk1252,2.434236557838636,0.02501750860325926,0,3.754115824105,4.93246925013169
mikm1235,algi1248,-1.8468931617906823,0.019525983723881007,0,-3.83783442784875,4.752140646816059
mila1245,sino1245,5.179940643060145,0.01295735540989134,0,5.2024241001450005,4.91755888490151
mina1276,afro1255,1.0659540627729314,0.017873699314207393,0,0.71961328806475,4.020588564695535
mina1268,aust1307,0.5565541680937763,0.023836348472327122,0,0.17186714871800002,3.8743100817737703
mini1256,huit1251,2.388775496981681,0.020330092652545404,0,1.9708572021175,5.157152988529035
mini1251,aust1307,2.9335001122833946,0.03282490085168608,0,1.469468497321,4.132652374741555
minn1241,sino1245,3.1010839098003773,0.015012563991819146,0,5.121253173850249,4.918003133944655
miri1266,jarr1235,-0.8385625957698077,0.013066584169293911,0,2.5856820887035,4.813325156582395
misi1243,aust1307,1.4302546963694969,0.03282925553846376,0,0.84261403026325,3.92478527326908
misk1235,misu1242,2.220547808869309,0.021399920733093575,0,3.39369643345,5.105503521164875
mixt1426,otom1299,-3.2874683121185044,0.029993230509618232,0,-4.50297597466875,4.9717191530588245
miya1266,afro1255,2.073052743596861,0.028345651604410042,0,1.62584372633,4.2986226025302
miya1259,japo1237,2.908432472086817,0.013616346714933726,0,7.3549561663150005,6.45201718815668
lush1249,sino1245,4.235205466401519,0.010091084732173341,0,3.415563772945,4.6267609065985
mlab1235,aust1305,3.5591632748089435,0.02399630616009804,0,0.04683883352025,4.230562379545585
moba1244,atla1278,4.050793774861578,0.03544866904325428,0,8.35321227585,5.057223998476915
moch1257,maya1287,-2.699397147283546,0.024109545476489518,0,-3.43434257404,4.853693556313485
moco1246,guai1249,-0.3205599332228598,0.017696239547047257,0,-1.7219737537870001,4.602681342637306
mode1248,indo1319,2.071645072735811,0.015950537846972673,0,0.6829108850150001,4.87902111742298
hebr1245,afro1255,-0.20476263794699973,0.01968965686025723,0,-2.9934088799505,4.1930924309331346
moii1235,west1493,4.512035544753347,0.02803081754643286,0,7.38223722165,5.612018415181355
moke1242,aust1307,2.596289682383769,0.026779716426686036,0,-1.522466308178,4.049116940180185
moki1238,aust1307,2.32523995962242,0.02612614173040105,0,2.6790108859024997,4.04811683011496
mokl1243,aust1307,2.129510245126112,0.02803799191211606,0,-1.5387932466029999,4.036422651093234
mokp1239,atla1278,3.5523548929980393,0.02525301791115361,0,7.3146298147925,4.755755766399295
moks1248,ural1272,5.066369688566605,0.008631291195022617,0,7.470399937815,6.099632554521785
fass1245,baib1250,4.4952430312031435,0.026693417610958805,0,6.72979221831225,5.49657971023593
mong1338,atla1278,5.279576890732205,0.023656710573425162,0,7.439978922705,4.6982274298810704
mono1273,aust1307,1.0789067845430795,0.023858090171122608,0,0.3649073180195,3.9110312469186796
mono1270,atla1278,5.5820727275469935,0.033311686820333024,0,8.4430939577725,4.986760091738125
mono1275,utoa1244,1.4959854419909675,0.024647706981480846,0,3.98454914255,4.75346517359116
nucl1458,monu1249,5.104709012698123,0.04180809872055206,0,7.297631819635001,5.6941781549439945
monz1249,atla1278,5.379628867248854,0.032262888243306295,0,8.4590359653475,4.9951293983355445
mopa1243,maya1287,-1.4413500030665942,0.014379919155048439,0,-3.675189495845,4.73898912525712
more1259,utoa1244,0.37823426339652194,0.02495466148793619,0,-0.1481716278625,4.41331357512897
morm1235,aust1307,3.2518197285146213,0.026301400327765553,0,1.3500041478962501,4.19876554524175
moro1285,heib1242,3.0128558920305455,0.016739160266233868,0,5.8083613753800005,5.8982981203205345
moro1287,aust1307,-0.3959477287861295,0.01955371571897571,0,-2.70743881661,4.007771484493601
mort1237,aust1307,1.7940122943711823,0.012400897047961457,0,3.0210542429777503,3.9797304252083903
mose1249,mose1249,1.135549889919359,0.01009269761922026,1,2.5481745791425,5.0640727325904
temb1272,atla1278,5.471486017541357,0.024488408079014246,0,7.48597395405,4.669392637968345
motu1246,aust1307,2.903957321668826,0.028680121920061245,0,1.5802447937475002,3.9743374005395253
mouk1239,aust1307,3.324174187544511,0.005075946806716489,0,1.845385618215,4.143874728700119
moun1252,koia1260,4.842678148626516,0.006294996088846006,0,7.4297787695125,5.601024143334429
movi1243,movi1243,-1.284738636529704,0.01663634402341559,1,-2.6397044679599997,5.00971879054687
tang1347,aust1307,3.497162428846655,0.03535289285811375,0,0.78009156716575,4.131214821938035
moyo1238,sino1245,4.142799305180393,0.014457487761566029,0,3.3250106516324998,4.609426937588291
mpad1242,afro1255,1.3827803406289227,0.014970096146149307,0,0.82873582212025,4.103061043893435
mpii1239,sino1245,6.190838586759293,0.013062068792394214,0,5.269616229215,4.832717912090285
mpur1239,mpur1239,4.655218369872308,0.043268240210223935,1,7.04409477282625,5.69227060718363
mual1241,aust1307,2.0970545422534244,0.021777141871917375,0,0.227970574345,3.9206768000754204
mudu1242,aust1307,3.3695929605270876,0.0034319389496797843,0,1.5506745098397499,4.137593135333475
mudu1239,drav1251,4.893684048580132,0.01928022686821521,0,8.381483462685,6.667660673039951
mull1237,nort1547,1.9648834592999695,0.014940001109674167,0,8.749672758405001,5.308540759638425
nucl1240,atla1278,5.21017084950511,0.032891569714443396,0,8.3861583471845,5.03231648692376
muna1247,aust1307,0.07255300437337815,0.03521190477678447,0,-1.06553595388,3.970877193429735
munc1235,sino1245,4.721840357735758,0.016407109758274127,0,2.4271926199725,4.552161528424065
mund1328,atla1278,4.952946925800456,0.04614806845789962,0,7.2420872570925,4.919824770778695
mund1325,atla1278,4.794603394560298,0.0376002026362169,0,8.386858835625,4.9960816608541805
mund1320,aust1305,2.9213350471403716,0.02655621141111572,0,0.8335150715774999,4.395901313135974
mund1330,tupi1275,2.906466990184076,0.03090623187984254,0,1.9239827301679,4.798802477753339
abar1238,atla1278,4.883641556136544,0.043725122932127825,0,7.2267186598999995,4.933299607229735
murl1244,surm1244,-0.48458913308775514,0.028548803338198835,0,-2.9466998832387503,4.064371863870434
murr1258,sout2772,1.886408273335804,0.016476606190750146,0,8.775453344252501,5.333858717615005
muru1274,huit1251,2.6336721172063298,0.023740250129018623,0,1.9609610481564999,5.156973569770265
muru1266,pama1250,0.5452584158032291,0.04913096958211225,0,4.9485016071425,4.417209875841835
musg1254,afro1255,1.6061167531861966,0.018430793375180214,0,0.5981753710787501,4.0671972196988495
muso1238,aust1307,2.730094883869829,0.00987335178774517,0,1.229613401885,4.04273199864102
mwag1236,afro1255,2.124732925588817,0.01638516256725759,0,2.0183853277775,4.264007515169874
mwan1250,mand1469,4.130199651285437,0.030165781298435404,0,8.629466440607501,5.567009605700385
mwan1247,atla1278,4.471528716661211,0.025852538575933837,0,7.7238540109225,4.65717202790646
mwer1248,atla1278,5.003458273944441,0.02962194478491744,0,7.6596999553,4.6473908441781795
motl1237,aust1307,3.6703518257014123,0.03521322282054184,0,0.8569849493252499,4.08763231933408
naba1256,nucl1709,5.498772275659594,0.03112363920065877,0,8.9680084468675,5.501514886194601
sout2857,aust1307,3.277340780323605,0.04714503193743042,0,0.9002223862137345,4.121403331082091
naka1262,aust1307,3.0858583094306793,0.024838591169365546,0,1.5134055391715,4.129682762730106
nalc1240,nucl1709,5.67568201627119,0.019779566168799705,0,8.95672302178,5.486948844305809
nali1244,aust1307,2.7821689798380245,0.02795017767475455,0,1.7415245426025,4.12875173921117
nama1268,aust1307,3.185355179948676,0.03035198249099339,0,0.777407576535,4.102072328432075
litz1237,aust1307,3.5605849881335843,0.047308430598325506,0,0.8780096940619999,4.12707508918929
namb1293,more1255,4.53768786395329,0.03731893377701248,0,7.573821665475,5.51613190678283
nami1256,sepi1257,4.825303354670664,0.041920082814714196,0,8.037271694935999,5.51751719132246
nana1257,tung1282,4.586335754466646,0.012919141080316651,0,8.774035536035,7.29451249657323
nand1266,nilo1247,-0.32855760643144816,0.023077162353713963,0,-3.7342107043299997,4.195855973275529
nang1262,aust1307,3.0607354174764154,0.02338372710130722,0,0.6798425353522499,4.16417342201494
yong1270,sino1245,5.436751152003623,0.015930171669070903,0,5.160941188568,4.88566419603341
nati1244,aust1307,3.4385053672725787,0.03228546348368643,0,0.93111511094,4.118767210492935
naue1237,aust1307,2.4009852036039843,0.03054589814458449,0,1.9686540896,4.137705114248505
naur1243,aust1307,2.3539186115974804,0.020834820045914516,0,1.8503527321325,4.10547078064328
nava1243,atha1245,2.978062018870447,0.026635087443213554,0,5.156310570705,4.913259956680745
nawu1242,atla1278,4.190716983422897,0.033559143693745776,0,8.21606611342,5.05153671161053
naxi1245,sino1245,5.345187731944993,0.016042898169370375,0,5.1705851071475,4.88334394310283
ncan1245,atla1278,4.849284072950324,0.04048049335954897,0,7.319875261185,4.902189026423995
ndam1239,atla1278,5.145060349002476,0.030802937965696317,0,7.597534633215,4.67793022090402
nden1248,atla1278,5.105345597738843,0.027966354096769282,0,7.65170093404,4.681726424832245
ndog1248,atla1278,5.392741935385354,0.034320814945722644,0,8.469890609275,5.001104223170705
ndom1245,kolo1268,4.273554040940237,0.013824790634703148,0,7.38604044475,5.44656175891751
ndun1249,atla1278,5.536833228585238,0.02461962597860075,0,8.474632079824751,5.001121357315615
nege1240,aust1307,1.3327834077654703,0.026437322598948078,0,0.126085224645,3.884248585041605
negi1245,tung1282,4.583533735547825,0.016355828840720288,0,8.786397117688,7.35322636312793
neha1247,aust1307,2.3678444560480525,0.026397990408828377,0,1.6153114924929999,4.092282752560185
kuma1276,aust1307,-1.3213989615236423,0.019576035204329947,0,-2.8988235829505,4.0246002527206794
nenn1238,more1255,4.578933132241595,0.023066088479846227,0,7.58722932416975,5.49467343488462
nend1239,nucl1709,5.960960335745365,0.03507544357894099,0,8.601926397109501,5.62598655378738
neng1238,aust1307,-0.8719538410800798,0.020361632731073227,0,-1.9593074073549999,4.031642615512149
nucl1706,afro1255,-0.7138160449084465,0.017954020101326584,0,-4.7272002061350005,4.11654774886677
nepa1254,indo1319,5.527635809688997,0.016978787932496964,0,2.4017984653599997,4.757609801105325
nese1235,aust1307,3.550283220038952,0.02865477418114697,0,0.78972680139725,4.14262420077382
vinm1237,aust1307,3.5037643277456465,0.03982084323325256,0,0.8860782954347499,4.13378252263697
ling1265,aust1307,3.4748423457421334,0.04942888448263091,0,0.88934368030125,4.112116502601075
nezp1238,saha1239,-1.552125729684756,0.013786561221958942,0,-3.5091087822725,4.99490156260352
ngaa1240,pama1250,1.4807834550226795,0.03750083686252311,0,6.998810280775,4.501163318005496
ngab1239,chib1249,3.9287515832291913,0.029849752085161083,0,5.29467426929,4.924866863886409
ngal1292,gunw1250,0.2623235070192716,0.03654478664393226,0,5.427861981315,4.334209759502825
ngam1268,cent2225,3.9423329394190922,0.034040746801088186,0,8.4668603304805,5.4826020664103545
ngan1291,ural1272,5.005186460213287,0.022191095135239338,0,7.1375442706325,6.3322033271263205
ngan1295,gunw1250,-0.0559761794423017,0.035398434681767704,0,3.44672672015,4.550566679208336
ngar1235,pama1250,0.0702425141828,0.0341904114862349,0,4.61874181865,4.363492604081745
ngar1284,worr1236,-0.1014437696963468,0.04100011222847628,0,4.0738096717215,4.537145610864095
ngba1285,atla1278,5.524123072466011,0.031419445320119505,0,8.333380626745,5.0396979720439
ngge1241,nucl1709,5.762190835866059,0.021018245667005934,0,9.014653432115,5.523447261042319
ngit1239,cent2225,4.204452720960711,0.026704800879689586,0,8.27708825629,5.63286829424925
nhan1238,pama1250,-0.9343325594646117,0.026363824585737307,0,3.9897993265275,4.43554886094247
nhen1239,tupi1275,0.712526952838536,0.021390461776555295,0,-0.4643767098385,4.40877841811114
nias1242,aust1307,-0.8366720711325191,0.021370382143571277,0,-3.8800500908249997,4.00598697575112
niha1238,niha1238,4.796174230840916,0.02393487229088503,1,7.569776774645,7.283161247359365
nila1242,atla1278,4.937356041065392,0.023513837869669946,0,7.6256327258,4.7070790126247655
nucl1633,nimb1257,4.734210580424248,0.04548874985660953,0,6.901994684082499,5.513657005901164
labo1244,aust1307,3.434224618887546,0.042945108162187405,0,0.9274411541450001,4.116368888789405
nisg1240,tsim1258,-1.128436966590611,0.009880901914478341,0,-2.75704593592,5.13652790194105
niua1240,aust1307,-1.5805829425690245,0.029120863695302895,0,-3.82031506667,3.81794339716204
niue1239,aust1307,-2.6325777732202225,0.027355941603515045,0,-3.5517806436222497,3.84431619187365
niva1238,mata1289,-0.9618696966881315,0.011637465261362903,0,-3.94629829514375,4.903764281445975
njan1240,atla1278,4.939653191735902,0.02804851249552969,0,7.427065915575,5.121779841896055
nkon1248,atla1278,4.184022371768203,0.028140035271899257,0,8.2299080576325,5.043171378258025
noct1238,sino1245,4.881856520095613,0.016159038981426052,0,5.1667461309250005,4.889188528780105
noku1237,aust1307,3.4047527657530052,0.024271947315741997,0,0.80447654162025,4.1182017163213605
noma1260,atla1278,4.39252566160739,0.0260510297301639,0,6.74266097835,4.703655212748496
noma1263,araw1281,-1.1918037035818059,0.019103287981592852,0,-3.263356956765,4.463938833364435
noon1242,atla1278,3.890316675186094,0.023125940195496898,0,8.083968401125,5.181120645138375
noon1243,atla1278,4.812087548660262,0.041139450019719206,0,7.3154893954024995,4.92603231627626
nopa1235,otom1299,-2.940021335443925,0.026981615287641605,0,-4.620145140437501,4.95947838140812
nort2839,aust1307,3.6197401551273476,0.04325535820362292,0,0.7064731624425,4.146339271840805
nort2697,turk1311,4.233972383854319,0.015261710214696212,0,5.54990972017975,5.31652474299103
darg1241,nakh1245,2.8327800580941345,0.04494628411155097,0,-1.03479175071,4.58058511416609
nort2930,kiwa1251,4.719933173147836,0.01448962202062367,0,7.455112228032499,5.5098424498218055
nort2972,choc1280,3.629192611956192,0.030883930369362562,0,2.9701175032775,5.083853792039315
nort2702,drav1251,5.665631802392216,0.027621764916898335,0,8.336479321477501,6.677711026302065
gumu1244,gumu1250,2.8880794662871025,0.026466952438480056,0,6.758368722895,6.097217503658795
nort2938,haid1248,1.970363433343461,0.013102922786032168,0,3.1173480373225,5.15144119167216
sing1264,sino1245,5.01973631772996,0.011720985574319298,0,5.18379271815975,4.900665905908745
nort2877,aust1307,-2.6482225177928473,0.028049888835758128,0,-4.728865420329,3.97059143860562
nort2684,aust1305,3.888582528059999,0.0189501544360137,0,-0.2278140853675,4.222776655389095
lush1252,sali1255,-2.030809461745923,0.029698104899637735,0,-4.053439740277501,4.7687972559631255
nort2774,atla1278,5.647185456798842,0.02701942347476647,0,8.4187827023825,4.999878133181955
nort2954,utoa1244,1.5012883569594804,0.020913825383425524,0,3.960366454403,4.7599643379878
nort2957,utoa1244,0.9154523759571526,0.024153930826120416,0,0.4994443446825,4.431451022839355
nort2723,sino1245,5.4725242329721056,0.014416355653365125,0,5.190164324435,4.857546036875725
nort2747,hmon1336,5.176561593367176,0.008013348671116043,0,5.6516378349975,5.44851684420204
nort2722,sino1245,5.562031711898573,0.010242748580316876,0,5.19139529774875,4.88590332390721
nort2885,aust1307,-3.0551267674482094,0.030929059402769125,0,-5.831704952475,4.083604594970865
tosk1239,indo1319,1.5745275173485753,0.023085682418160558,0,-3.094017025025,4.384945616348335
nort2732,sino1245,5.22923154528394,0.012277657244670413,0,5.04316041563425,4.9140638520244355
nort2690,turk1311,5.11553406321593,0.0120672825525611,0,5.5512219384999995,5.383142298830435
yoku1256,yoku1255,-0.8953678741122562,0.013188390534091822,0,-2.8970998804475,5.066065371015135
nort2745,yuka1259,3.8513068467033444,0.010158019047164606,0,4.829292634234999,6.59181649131484
nort3047,afro1255,1.1875413467432288,0.024429831290376527,0,0.67987196796,4.08667462473618
nort3139,afro1255,-0.9707866776269629,0.026854945340839487,0,-7.274452752525001,4.0414922073852
nort2845,aust1307,-2.591826394815344,0.027153241532524405,0,-4.136209787955,3.8436450859523497
nort2671,ural1272,4.7092174616889535,0.019878041609693628,0,7.556610767305,6.108752714894431
nort2942,atha1245,3.615325375617269,0.0327337582097201,0,5.5097080120449995,4.85800924630907
nort2847,aust1307,1.389841254133697,0.012563006939922794,0,0.6962144458777499,3.999228593442835
nort2699,drav1251,5.656038932521513,0.029441418781458135,0,8.2101182344075,6.7561663187545555
nort2961,algi1248,-2.0053979216596955,0.020110391087257942,0,-4.122777388825,4.68392298515656
nort2775,atla1278,5.106390553989833,0.031079916584934617,0,8.34379675000425,5.046974498158445
nort2951,maid1262,1.4104211044599868,0.02751937713640037,0,2.393468364594,5.1616173976242905
yaki1237,saha1239,-1.9594292776287503,0.02178877477380445,0,-3.5294732408174996,5.007660856063415
nots1237,aust1307,2.7439944427349983,0.021743686632805865,0,1.9405944531725,4.07889017759206
nsen1242,atla1278,4.749909068567739,0.03384571605853219,0,7.643397196784999,4.67699498393962
nuer1246,nilo1247,0.9070909089073712,0.03373574196511187,0,1.142798718785,4.33260781059176
nugu1242,atla1278,4.404957672252296,0.022374997109412605,0,6.734490212752499,4.69617603101986
nukn1238,nucl1709,5.731860850827469,0.026364405026640506,0,8.9399956154875,5.47914688238729
nuku1260,aust1307,0.9845911115144403,0.03502149187372566,0,-3.33481250337375,3.89964239317957
nung1282,sino1245,5.298607714566516,0.006310836444419018,0,5.05421259624575,4.94978362717019
nupe1254,atla1278,4.0566840376949465,0.022783670816628077,0,5.4588237337775,4.569223600990325
nusu1239,sino1245,5.189844947366867,0.0083603508896609,0,5.25623631402915,4.88149018686838
nuuc1236,waka1280,-1.9393802314147468,0.018642569217480344,0,-3.391044064835,5.004309826074181
nyah1250,aust1305,3.6489379607753283,0.021377609504692523,0,-0.231123914235,4.23468780335
nyak1260,atla1278,5.076689753602089,0.03101298774253642,0,7.6282751632525,4.698946896763685
nyam1285,afro1255,2.150158611306031,0.012957041739351504,0,2.09781729833275,4.231336038404665
nyan1307,atla1278,4.965045170274134,0.036779269018062846,0,7.7315727149099995,4.62655053362424
nyat1246,atla1278,5.067423252951153,0.02405865543969249,0,7.62208315645,4.67937028719356
nyaw1247,pama1250,2.0301474088289533,0.03284487253777018,0,7.65391061558325,4.74477765672837
nyis1236,sino1245,4.910816220368824,0.0144117049259737,0,5.2092669804732505,4.889126929833131
nyor1246,atla1278,5.013909466107812,0.036725385185884335,0,7.733332974605,4.63252502621137
nzad1234,atla1278,5.10529747923286,0.02383368125838586,0,7.377283658550001,4.70197837269085
nzak1246,atla1278,4.989579664857736,0.031748794216986585,0,8.423281770225,5.002236548714626
obok1239,lake1255,4.958567157167399,0.03502533639657231,0,7.4654892644,5.6310155221394655
obom1235,aust1307,-2.431584461629943,0.0318319680401073,0,-6.0191064184725,4.063379350577535
occi1239,indo1319,2.9375892939305484,0.016354515316708798,0,0.9708541836145499,4.436868593203225
oriy1255,indo1319,5.428976844792706,0.013965034685264433,0,2.4901277978225,4.7185746580644246
ofay1240,nucl1710,2.3103531770434733,0.01376909200641051,0,3.9129924275625,5.0704034128415305
kalm1243,mong1349,4.052758215835248,0.014051341254141803,0,8.75857792935,7.229516413913865
okan1243,sali1255,-0.9154944892991035,0.028906737083517257,0,-2.2413340419467502,4.517378743101335
okin1246,japo1237,3.6362890825432714,0.009538105941185019,0,7.36500329595,6.4611540889498595
okoe1238,atla1278,3.7645610648427033,0.013504066714355164,0,5.5092294492325,4.56983600594006
oksa1245,nucl1709,5.658074747092274,0.024132734553706212,0,9.022647228250001,5.46326170273737
oloo1241,nucl1708,4.611493866437811,0.041107762207433805,0,7.9514393085815005,5.4993335725219445
olut1240,mixe1284,-0.6797451505850305,0.023596665765798285,0,0.22803157059775,4.6113264309100295
omie1241,koia1260,4.863104151322825,0.020888995529736085,0,7.440680412375,5.629499199705901
onge1236,jara1244,3.3305656407312787,0.02373600426223343,0,5.1131687568699995,5.875750221515901
bira1253,bira1253,3.5167333194122383,0.029483707849606893,1,6.21559754014,6.707460114951565
onon1246,iroq1247,-0.5557086570014469,0.019977076851087645,0,-1.0806795397675,4.5892372649339155
orma1241,afro1255,1.9190229482615315,0.01451548715707696,0,2.85251200295475,4.188603874232455
oroc1248,tung1282,4.590948172817464,0.008142311762656,0,8.7770265436375,7.291325493923756
orok1265,tung1282,4.472294170760567,0.010539263196112002,0,8.7797725592625,7.30368697540558
orok1269,nucl1709,5.605766532235781,0.023478231246770894,0,8.9584138432025,5.49200917420068
orok1266,atla1278,3.8248267251438444,0.024905754164702882,0,7.286747216775,4.744105770720806
orok1267,nucl1580,4.653894851706694,0.01852136070351667,0,7.2813901039025,5.549964779194784
orow1242,aust1307,-1.1652472820818343,0.027915749965972184,0,-1.2835461558049999,3.9439353116228704
orya1242,toro1256,4.7603515482517516,0.02388639234884316,0,7.119593160512499,5.486431307924731
osam1235,atla1278,4.567563098284472,0.03533178570908196,0,7.27534711329,4.75145056816645
otor1240,heib1242,3.039243923990238,0.017264787156299127,0,5.7942282316625,5.829944303954475
otta1242,algi1248,-1.6480173897414117,0.01760361358601628,0,-4.1758149257975,4.70459631588733
paaa1242,afro1255,1.9522723197193004,0.024591483494824228,0,1.6510814607844249,4.26678278914407
paas1238,atla1278,4.356451598636227,0.04242091699644179,0,8.326487072805001,5.04571520821008
paco1243,aust1305,3.7877301990078216,0.012754158454521677,0,0.06406482239425,4.227930528338425
pagi1243,atla1278,5.549754522403523,0.030206178371011264,0,7.02563487943,4.7421184069380296
pagu1249,nort2923,3.4258348039471143,0.02436668793575041,0,7.956029015525,5.48576535979437
pahn1237,hmon1336,5.747176353538503,0.015034045536967732,0,5.64835030271,5.44414869108424
pait1244,sino1245,3.803951294481064,0.010465386965488946,0,2.0696741625775,4.436759294745475
paiw1248,aust1307,-2.018815348453551,0.0306638273426029,0,-2.788322814585875,4.280662255646485
pala1344,aust1307,-0.4905929654477841,0.027156617057397754,0,-3.3189706512325,4.126545373220275
pali1279,araw1281,1.8771975700983392,0.026230099049583674,0,-0.48863404760499995,4.61608458941826
balu1257,aust1307,3.4410531689088897,0.03401933028210851,0,1.5453438851675,4.124022230487695
pamo1252,aust1307,-0.379599445201118,0.03459605834698056,0,-3.266569517656,4.008840785187645
pana1307,nucl1710,3.979417936244744,0.02178649476939339,0,3.9921521941425,5.065018137358296
enap1235,cari1283,0.8097790638016232,0.015491798635463613,0,-0.688114553875,4.584561815403285
pang1290,aust1307,-2.929397267414892,0.022851102401233645,0,-5.494172871050299,4.071125070016395
pang1291,aust1307,-2.5775592484933307,0.022069815328595654,0,-4.3862192747075,4.03130330737425
pang1287,atla1278,5.063212849411921,0.028526202093726402,0,7.67034100305,4.657611935005326
pano1254,pano1259,2.183471711194456,0.030361880299021947,0,1.0728594032475,4.5701790077521345
pany1241,pama1250,0.15428628902769254,0.036811969281392264,0,5.464688815937275,4.374891768993971
papa1238,toto1251,-2.121972059078721,0.019421960141644892,0,-4.3997499916375,4.824946134632045
papa1265,aust1307,1.8183764667922526,0.022428879853749643,0,1.6373361773125001,4.081395063618495
pare1272,araw1281,1.0496057254722992,0.021166691214568673,0,-0.30572589791925,4.59329833610785
pate1247,aust1307,2.4873732844605145,0.034912319565436965,0,0.011932498615,3.96462997747432
patp1243,aust1307,2.817003472789658,0.02951156716135436,0,1.4487953415511852,4.1250991733627895
patt1248,sino1245,5.458031957425873,0.006752672775789913,0,5.2611138907754995,4.935097490923685
paul1238,aust1307,2.529838917744537,0.025167530000729754,0,1.68139833607695,4.182496372512645
paun1241,araw1281,-0.059662287526392105,0.03675434535751305,0,-1.3529712538125,4.30733280983121
pawa1255,pawa1255,4.687322186763312,0.046148498849328035,1,7.40587688213,5.659779824622635
pawn1254,cadd1255,-1.0558522470612628,0.014368666676510924,0,-2.731991292045,5.05908443066268
pech1241,chib1249,2.3245556051237313,0.02120003999225051,0,4.60662885927925,5.0448837908105695
peer1241,atla1278,5.046062808971811,0.03286404745770342,0,8.401785048445,5.016489073599045
pela1242,sino1245,4.83678409658797,0.010436211403554684,0,5.223454260617499,4.869543757431314
pemo1248,cari1283,2.1758970621207885,0.028104973415771988,0,0.3074506557001,4.618956585813455
pend1242,aust1307,0.11772020098854205,0.02153437696668301,0,-1.32099637642375,3.906888742932235
peng1244,drav1251,5.758524074989857,0.023023335506094457,0,8.3649154566075,6.69253591459413
peri1253,mong1349,4.717854251498336,0.006211938084908992,0,8.78433206383275,7.219364033759906
phak1238,taik1256,4.646444198312613,0.028837100844634072,0,5.2435602493425,5.347845807120745
phom1236,sino1245,4.783329324935755,0.012764885710691159,0,5.1967987184224995,4.893959165806165
phon1246,aust1305,3.739524600963372,0.02670509610076462,0,0.037455604150275004,4.20943900738182
pila1245,guai1249,0.35859331878560285,0.024854114482901715,0,-0.64148907276,4.62850434570443
pima1248,utoa1244,2.2532458252617102,0.031718258191978044,0,0.14100824716825,4.483535463939355
pina1252,piaw1238,4.978949354676498,0.028407283721855223,0,6.941330511757499,5.58741842070634
ping1243,aust1307,2.3756663122505994,0.02544444407886896,0,2.73208591466675,4.033079811409595
pint1250,pama1250,1.784886885499991,0.039534609937556975,0,7.001474614834,4.48827958672001
pipi1250,utoa1244,-0.3146281901584387,0.015443452481233742,0,-0.475331860750675,4.449598654371391
pite1240,ural1272,4.585271033361677,0.013802930492858505,0,7.53951245175825,6.12363346626839
plat1254,aust1307,-1.6006481060265638,0.014647422166927581,0,-4.477153859775,3.8773177197744753
pnar1238,aust1305,1.1744319735477946,0.019247749156238225,0,-2.03974800569,4.114828379185026
pohn1238,aust1307,2.1521574845846048,0.022138543017698548,0,2.73935220511175,4.03241222558422
poli1260,indo1319,3.796411546827682,0.016408307786755415,0,1.7746447163145,4.596123280525805
popt1235,maya1287,-2.6097326014000526,0.02485571391533659,0,-3.5598212619025,4.818702840862195
port1285,aust1307,3.4481619090128044,0.029020336268377644,0,0.9144244742882499,4.12697096631878
port1283,indo1319,2.252649347446453,0.02039216373721296,0,1.023963164415725,4.40141750150237
phai1238,aust1305,3.5268883485998894,0.02905878720736563,0,0.0516995334675,4.213528814251539
pras1239,indo1319,4.6998430942755025,0.019145264223767198,0,2.1557225703625003,4.84347785539837
psik1239,afro1255,0.4857920396123938,0.01888820459704854,0,-0.8125804558125,4.0187519219747845
puka1242,aust1307,-2.65474018100211,0.025604468171958387,0,-3.568686568135,3.8436272298467253
pula1263,atla1278,4.0385350045538315,0.014392225499223683,0,8.1083948254975,5.1530401936971
pula1262,atla1278,4.373723378703897,0.012966336601081823,0,8.11492450639,5.158283771702095
pulu1242,aust1307,2.2431021432303533,0.020865056740811235,0,2.9971396957853003,3.98371147714073
puma1239,sino1245,5.70242555058559,0.013538246901141573,0,5.153216482645,4.958156870957965
pura1257,pura1257,4.658974349152957,0.05600484693826796,1,7.3473783836825,5.658949578851465
pure1242,tara1323,1.2042296951536784,0.008764308343099316,0,2.4862113826599996,5.19969379512768
puri1258,sino1245,5.380040605478924,0.009263254632016178,0,5.259500938665,4.88997714435224
puyu1239,aust1307,-1.94891472822002,0.025335305536341935,0,-3.355784786241575,4.305229585591185
qanj1241,maya1287,-2.033319710055852,0.026066358491829034,0,-3.6216540032599998,4.81791894025956
qawa1238,kawe1237,2.052932469198855,0.016399122979283035,0,1.425442461553225,5.31768747849822
qima1242,afro1255,1.5905579233173874,0.0177167639953866,0,0.6522839594757499,4.0278411620535
quer1236,otom1299,0.03161023024444585,0.026090613751242255,0,-0.5294872945275,4.461468843156496
quio1240,otom1299,-2.4749534323346074,0.039984454166566055,0,-2.026583118345,4.7008168483087704
rabh1238,sino1245,4.749223812968041,0.008530250185053422,0,5.1666854647765,4.875853589680069
rade1240,aust1307,3.532905699749235,0.03168425419486827,0,-0.038735387545,4.06101911731323
raji1240,sino1245,5.8125638927613,0.009016581883245387,0,5.170979169395,4.939029787792116
rama1270,chib1249,3.420948610628772,0.022652209789917544,0,5.216583416635,4.951916619370586
rapa1244,aust1307,-2.162270655020164,0.019729782424537223,0,-4.0002011304322505,3.876871016009705
rapo1238,nort2933,1.0873374654061458,0.02151591059007625,0,-2.02524310810825,4.36480545002945
rata1244,aust1307,-0.6626832624766257,0.029224334570226652,0,-3.5620956824075,4.10902827882746
raut1239,sino1245,5.789382153624011,0.006876677961243242,0,5.179304315087499,4.950614112531655
rawa1267,nucl1709,5.830956473124038,0.023200936207496005,0,8.91548960012,5.48044827728637
reja1241,aust1307,1.4971382288271773,0.027995814501979237,0,-0.8715468419475001,3.997453113805185
remb1250,aust1307,1.1703598585157224,0.03519686555294789,0,0.81154130372615,4.0421042032206245
rend1243,afro1255,1.5351635906295267,0.013569014945033148,0,2.9148450424925,4.18190848614946
reng1252,aust1305,3.628892136250389,0.027601584109284604,0,0.27662581150300003,4.254043548654165
rere1240,aust1307,3.536690296450751,0.028240633549186326,0,0.9029342267455001,4.133413700035575
resi1247,araw1281,0.08616875534023799,0.0392961746256793,0,-0.9112052224285,4.34623890840892
reye1240,pano1259,0.31909090692462283,0.02352270583908219,0,-1.7275924130925,4.4879897444765895
rian1263,kolo1268,4.418290734551553,0.034054758750272696,0,7.4188142761049995,5.419067703324395
rikb1245,nucl1710,4.139290333121434,0.0546415061081636,0,3.7700291166574997,5.09270467288714
rita1239,pama1250,0.26584125169240547,0.03742802329638465,0,4.9042044056075,4.389839240918565
beka1241,aust1307,2.0837071855838234,0.026889931226641805,0,-0.751463050665,4.034160056861914
roma1326,indo1319,3.1827365345782432,0.02379989938726674,0,0.9827302167249999,4.42182571141227
romb1245,aust1307,-3.5422455451084556,0.02306394876385542,0,-6.1384539870675,4.034468352387796
ronn1241,afro1255,2.0518857858657436,0.014904076391145077,0,1.7495256830715,4.31701590647486
rong1266,sino1245,4.2445463861047905,0.015891257541309326,0,4.4942650679427505,4.777783045224995
rong1264,sino1245,5.675953678591778,0.009555129700869523,0,5.250562184670001,4.9070024533342504
roto1249,nort2933,1.1807482088346088,0.025194355197833817,0,0.9039277262050001,4.546111668567759
rotu1241,aust1307,1.2536917539005858,0.024200365288042574,0,-1.53885532872025,3.896860674312115
rovi1238,aust1307,-0.9906885318307035,0.021413137159420104,0,-1.67747583696,4.025128500484945
ruch1235,aust1305,2.415475611014374,0.008574447606655574,0,-0.7695590417192499,4.11388106878867
ruka1240,aust1307,-1.8759408033070453,0.036560772170221266,0,-2.6725946325325003,4.319143189453855
ruma1248,aust1305,2.070981981422165,0.015364530320034002,0,-0.78323754655575,4.124160397605905
rung1258,maba1274,3.617048481924453,0.01933899434231236,0,5.9836493064614995,5.79643059234042
rung1259,aust1307,-1.68292940526549,0.019038455971968703,0,-4.163489095725,4.01101494661517
russ1264,mong1349,4.724060944760927,0.010501496664548174,0,8.7778751372,7.23316169675228
russ1263,indo1319,4.7294688103400135,0.012171418093736406,0,1.7956814323825,4.591317064717915
rutu1240,nakh1245,2.850449496678761,0.012646365724886782,0,1.48927439607825,4.78855968447748
saaa1241,aust1307,3.6785617682741583,0.03647462099665999,0,0.8201015385645001,4.1024307692439095
saaa1240,aust1307,1.275042669369028,0.024624930764598773,0,0.66573859254795,4.0081404444275
saam1283,atla1278,4.24919685803493,0.025111363690676472,0,7.691347537,4.6430770788095455
saar1237,aust1307,-1.5958517220043258,0.029972234225703137,0,-1.9611975721975,4.18737970203136
saba1268,namb1299,2.8398865489523035,0.021460877791497312,0,1.875156434145,5.148078513633485
sais1237,aust1307,-0.884279384515235,0.027947122969718883,0,0.1634769203795,4.210221591157691
yaku1245,turk1311,5.093198718697111,0.015408692552961225,0,5.5208669967174995,5.36967862061831
saki1247,aust1307,-1.480598150987192,0.028906532729898717,0,-3.9752845990425,4.22942293465943
tsis1238,atla1278,3.9840496265319087,0.015536769104227802,0,5.64350457121175,4.658643702292554
salt1242,nucl1709,5.737952838847438,0.023371010239707193,0,8.923053185475,5.4847859711327995
samb1311,atla1278,5.210230404957481,0.026667203647826643,0,7.42359465563,5.10811586289386
samb1305,atla1278,5.245743606217006,0.02924965752000225,0,8.413343746205001,4.99908112588103
samo1305,aust1307,-2.3285614730630155,0.04144682305354711,0,-3.9946120563515,3.816011325761425
sana1295,afro1255,-0.08553725909358854,0.02197910769522168,0,-7.20262419993,4.07537106367414
sanb1241,otom1299,-3.3829541530490066,0.02882564822635982,0,-4.56726426663025,4.97742079410307
sanb1242,chib1249,4.6783135443708,0.02099157937389808,0,5.2584110932645,4.951541065701155
sand1278,huav1256,-2.2108352519950096,0.03568755568515792,0,-2.593586107328,5.099110567756615
sang1331,atla1278,4.88649566125955,0.020688119495023437,0,7.3402861012,4.70958375872269
sang1321,sino1245,4.613621402441889,0.018477839167567033,0,4.49748777846,4.76478349161931
sang1330,atla1278,5.097761720882492,0.02763454714474723,0,7.6728400340025,4.644629865513115
sani1269,sino1245,5.871514421985551,0.019520273957947327,0,5.260388524285,4.84499800184825
sanm1301,otom1299,-1.7990963200971524,0.03553742605711983,0,-4.59251546585,4.94031573087695
sanm1289,quec1387,3.0588576647560566,0.03498496164837983,0,3.1895880409512,4.968741200519455
sanm1295,otom1299,-3.1811012094331064,0.035351692529880165,0,-4.4523085879524995,5.012600249955804
sant1410,aust1305,2.7785275118917783,0.01944147106153249,0,0.8224592139222575,4.39976467422801
sant1451,otom1299,-3.2643279641838783,0.01809090703336766,0,-4.54167566964725,4.97050348010502
sant1436,otom1299,-2.778889162271561,0.03618204514373379,0,-4.49916604674,5.0194483353760955
sanu1240,yano1268,2.448801492711663,0.018904127528044778,0,2.28324245837,5.141697592168035
sapo1253,aust1307,1.9585864278226706,0.0244552752278132,0,1.66115160321,4.10356975841501
sapu1248,aust1305,3.877266399672868,0.013709181371309755,0,0.32246446486,4.2716618071592904
sara1321,cent2225,4.609351582915544,0.03411376846289439,0,8.4914511948075,5.495484976505665
sars1236,atha1245,3.402870682470634,0.03459449781565491,0,5.3785210310335,4.8916683488197
sasa1249,aust1307,0.4474950394183161,0.02617199209206764,0,-0.67708381201025,3.930656008259115
sata1237,aust1307,2.181902276530352,0.025570726363315227,0,3.013777753205,3.99523999873247
saur1249,drav1251,5.4691056233670325,0.04812571268024543,0,8.1659737007,6.71318672572244
savo1255,savo1255,2.05463372842142,0.018474232448384757,1,7.9498450182700005,5.558438869593765
saya1246,afro1255,2.249869141179313,0.02720588611404863,0,1.541848402223625,4.296589313766175
seda1262,aust1305,3.6149405795784757,0.02040470478249964,0,0.28369595075975,4.260787072737299
seim1238,aust1307,3.0168091420197607,0.03288505926073069,0,1.3716018112671,4.1565740578046455
seke1241,aust1307,3.6625280660839072,0.03353447815311309,0,0.8095073098600001,4.10865660345409
sela1259,aust1307,2.121844976123907,0.021935117336780482,0,1.6827316868275002,4.16036032217937
sela1260,aust1307,-0.2642713858272918,0.025773320803606354,0,-3.325266091585,4.03910465011167
sele1249,atla1278,4.16579195623563,0.022242031863515817,0,8.211630771549999,5.059224027260485
sele1250,nucl1709,5.751613098606231,0.02746301343701292,0,8.956342318725,5.48629646190699
selk1253,ural1272,5.298958730549772,0.021632535291390666,0,7.16725587235,6.2766618256598345
sema1266,aust1305,1.4334356535365709,0.01645065292161126,0,-1.1930315101565,4.12269270754855
sema1265,aust1305,0.9736578744644545,0.03138653186202784,0,-3.365702973012,4.076851434390919
seme1247,aust1305,0.9604520490005652,0.03047300647503412,0,-3.3807278788275,4.068151608207501
sene1264,iroq1247,-0.4811508399254054,0.023340085419773327,0,-1.1959626624265,4.6156719284969245
seng1281,aust1307,3.1672330557049224,0.016777886975191756,0,1.89742882974575,4.133871631102045
nucl1632,sent1261,4.679365891972666,0.04175101627175212,0,7.2229692564617505,5.592615692599675
sout1528,indo1319,2.809005629464872,0.015067527964503644,0,1.761633415955,4.6131467593658595
seri1257,seri1257,1.6036377299723747,0.012513489044902392,1,2.5850742348124998,5.160240513831685
sgaw1245,sino1245,5.5696980234745865,0.01665026182918583,0,5.15133626793925,4.94846293450503
shab1252,shab1252,2.7997497288014626,0.025712020997053383,1,6.5007993315125,6.356390807439865
sham1280,atla1278,5.238499480515117,0.021550031948175948,0,7.696097443225,4.672432639313804
shan1283,pano1259,2.009788858520034,0.013409845188137417,0,1.21120322838,4.54420640914097
shaw1249,algi1248,-2.2521181142696265,0.03780487064787563,0,-3.8721282100599996,4.7240634525589
shee1238,hmon1336,3.565844626651973,0.017718388374134465,0,5.617871140386,5.430053911496705
shek1245,dizo1235,3.0839070657860983,0.019879882294905206,0,6.40221225895,6.10111916304308
biao1253,taik1256,4.0782384595934005,0.02362841255901225,0,5.2294515319875,5.39078059236481
shil1265,nilo1247,0.9506531171345187,0.026318049005850917,0,1.340910862514,4.270629462462654
ship1254,pano1259,1.877846714850886,0.024204957749200673,0,1.1063117702005,4.587075623403885
shix1238,sino1245,5.503067713884751,0.01859107735486035,0,5.170118352115,4.8769394461792945
shol1240,drav1251,4.9931411136932615,0.027463394664685514,0,8.3479324523,6.6552059131169745
shon1251,atla1278,4.6731860035115,0.021472140250225483,0,7.64452249051625,4.672789369822125
shor1247,turk1311,5.424594258652086,0.014080288767809868,0,5.57982852249325,5.33968115943557
shos1248,utoa1244,1.672358139050722,0.01891804248421814,0,3.8488891559075,4.76704261279443
shua1257,jiva1245,2.994169204967795,0.02306491628551252,0,2.6009941369694998,5.001702170462225
shwe1236,aust1305,2.127725431298767,0.011544625577108879,0,-0.7624772840358749,4.10343927183963
siam1242,siam1242,2.565168276746164,0.023405215954878874,1,7.94145248539,6.769814708002436
siar1238,aust1307,2.726675174501903,0.006165234782915488,0,1.446317176845,4.15125445599411
siaw1243,amto1249,4.638067465652019,0.02653797051384614,0,7.4470821554825,5.559911703957745
sich1238,sino1245,5.522483872076738,0.01433086879502382,0,5.2816152301705,4.854156475577195
sici1248,indo1319,2.608647614181156,0.04347616124735551,0,0.93757260658025,4.409662983675965
sici1249,atla1278,4.523256431314992,0.032424179179046546,0,8.342000783875001,5.052255533698425
sida1246,afro1255,2.6542489665203304,0.014892216749678487,0,2.565404647316,4.230688243432381
siee1239,aust1307,1.8153191318479458,0.022383178802472578,0,0.21746006359249997,4.065350658827805
sier1250,otom1299,-2.994315315984328,0.024576010818200184,0,-4.5503692951325,4.975700886684155
sier1248,utoa1244,-0.5711277387979123,0.02899619035920922,0,0.0298481756975,4.43204170637499
sika1261,aust1307,1.8523498860060292,0.03609688229660085,0,-2.0308201588125003,3.849838807432345
siks1238,algi1248,-0.6090553891392307,0.021597796235490675,0,-1.9587418230325,4.552646035065445
simb1256,aust1307,-0.5328971260149109,0.021583023792607528,0,-1.6217724835775,4.013528434308715
sina1266,aust1307,2.9459352289253364,0.032588704584064626,0,1.60572894443625,3.9811533576085054
sini1242,mand1469,2.8457455642394005,0.019931627428916392,0,8.71506756574,5.602864336929494
sioo1240,aust1307,3.0745727160248277,0.008501556775180634,0,2.1151166539329997,4.118201092203605
siri1274,tuca1253,1.4745410613522796,0.019902663422720797,0,0.20849284388,4.58950640120252
siro1249,nucl1709,5.92853504596722,0.025549307618927285,0,8.56974146282,5.62772947499885
sile1255,nucl1709,6.003541357747526,0.03310315181306995,0,8.592505379675,5.623105795763755
sisi1250,aust1307,0.574512934431127,0.02457357704692857,0,1.4220211603094999,4.01466751816101
situ1238,sino1245,5.580545257455158,0.017876220654262493,0,5.188512756314999,4.90340013195193
siwa1245,sout2948,3.494214052121068,0.02495764097580987,0,7.02186744789,5.61481255061463
siwi1239,afro1255,0.06228423912547075,0.018655147907420656,0,-2.4116114196950003,4.019299240213935
siwu1238,atla1278,4.163711169799726,0.022603677002615116,0,8.217277107602499,5.031223816769041
siyi1240,sino1245,3.6077000033848226,0.021264729566836095,0,0.4974104893475,4.4298383650830555
skol1241,ural1272,4.864066044502119,0.016294726665430363,0,7.5245978985425,6.13724980488791
slov1268,indo1319,3.265565273277153,0.01568674484324754,0,1.76241132303125,4.593569017781229
sooo1254,aust1305,3.9708292537059426,0.016731876145932197,0,0.0837863860925,4.20639258705347
sobe1238,aust1307,3.0428574219009032,0.015024847286651613,0,1.2452691376692502,4.1006069928971804
soch1239,otom1299,-2.3713126640929953,0.021282556291631657,0,-2.018239526235,4.688557568074515
soga1242,atla1278,4.51383361334943,0.03356020415046435,0,7.72667430886,4.6361920728571455
soma1255,afro1255,2.2632341241627842,0.015692029230220214,0,2.910045124775,4.19904125143412
soni1259,mand1469,3.5455365625272943,0.022068626287515616,0,8.707871643685,5.559690777080871
sons1242,aust1307,0.6114810700915391,0.0218143694174795,0,2.9624413820799997,3.9967165034129453
sooo1256,kuli1252,-0.9965439457038072,0.011133555098478933,0,-3.8929993235099998,4.6325398901774
sora1254,aust1305,3.0040707746764106,0.012762464819324406,0,0.849660297225,4.395962832182085
mani1235,east1459,4.89836351657227,0.03509929938648413,0,7.2673435540125,5.55193875956578
koon1244,atla1278,4.654706381370072,0.023552403983856558,0,7.357171154295,4.70003722757897
sout2859,aust1307,3.5606024781197316,0.03453251134566699,0,0.7168658928357501,4.1228367496639
sout2976,utoa1244,0.6305152911804282,0.019158817533251223,0,-0.5270732467195,4.507022057127485
sout2856,aust1307,2.6573785819091755,0.02632948254752632,0,0.8362144724532501,4.10002490248435
sout2954,japo1237,3.788670372493711,0.014467740296583594,0,7.350201104437501,6.4527139456830405
sout2996,ayma1253,0.12654017684648075,0.021385243774672495,0,-2.674242569934,4.562706285147405
raro1241,aust1307,-2.8675581268142984,0.024330455382510857,0,-4.2339075524775005,3.828678415783825
sout2741,taik1256,5.058398813223421,0.02546906457847988,0,5.21193033658,5.36998108760733
sout2715,sino1245,5.831793936345198,0.009666382951122593,0,5.240745034635,4.914098146735445
sout2826,krua1234,2.829979686689951,0.0334447159403573,0,8.103880962537499,5.098814901015225
sout2956,haid1248,1.8643945835550575,0.010481060933538799,0,3.096601191862,5.128822845388245
kach1280,sino1245,4.9419909591097895,0.013255746471327365,0,5.178184896987499,4.9050759170808345
sout2949,kiwa1251,4.567672679932111,0.02348016368273312,0,7.4498404491775005,5.509671741251935
sout2994,namb1299,2.647187105320818,0.013527150734704405,0,1.85923957079,5.16076479337946
sout2649,indo1319,4.095606746569672,0.03482232498566928,0,2.1771359068092497,4.841243437454745
sout2729,sino1245,5.412274256107811,0.011788121701017682,0,5.1975281139964995,4.869084346352935
sout2728,sino1245,5.577757539334719,0.00618057940336624,0,5.1819259633795,4.888365840658359
sout2918,aust1307,-2.076146207852708,0.016261777052311806,0,-4.4605012300025,4.02217981560563
sout2985,miwo1274,-1.444429892375557,0.02048412905210107,0,-3.77391113076,5.05148427672402
sout2807,atla1278,4.4604187670415385,0.018147444787857417,0,7.6807497840500005,4.65408928488086
khan1277,sino1245,4.533235639049553,0.01931715625031121,0,4.544023030955,4.799710699872295
sout2679,ural1272,4.897988699275357,0.016022782345729413,0,7.5372481065525,6.10647514728767
sout2782,atla1278,4.748309157257241,0.04636594032568333,0,8.123944196050001,5.10371132037462
sout2895,aust1307,2.629351824947612,0.025758100420841666,0,1.75139048838,4.1596774255358
sout2674,ural1272,4.337413340461391,0.01386705170472271,0,7.550841555325,6.110407416172935
sout2959,atha1245,3.3775515898692614,0.03551075370454046,0,5.48796010187,4.874370026756795
para1301,aust1305,1.9185383781325684,0.030703247544975186,0,-1.93906093558375,4.089913566899336
sout3261,nakh1245,2.612615979934647,0.0184922184100547,0,-2.6977072755264997,4.511012885666605
sout2869,aust1307,1.1914039346983882,0.02122242859902083,0,0.7104234413262001,3.97668143433643
stan1318,afro1255,-1.069758474538339,0.01910714026885838,0,-7.2523293409225005,4.04793528296238
indo1316,aust1307,-0.4416192611967654,0.017581679975407778,0,-0.39011803003425005,3.813013487803735
stan1306,aust1307,1.3903816995066582,0.024611553172107385,0,-0.10170227985,3.834378990752315
horp1239,sino1245,5.572242416161885,0.03329848294477072,0,5.1669205637274995,4.8811079684325
suab1238,sout3418,4.800765427509328,0.05404907983729152,0,7.4306123048965,5.69828632791101
suba1238,atla1278,4.452336390416396,0.03891505209996798,0,7.702818908995,4.6532339801733595
sude1239,aust1307,1.0392305301460523,0.013756230285364946,0,1.65012599632025,4.01638420998351
suen1241,nucl1709,5.388305951826017,0.026153324754241057,0,8.949376774825001,5.511248336141425
suku1272,afro1255,0.45306752697019764,0.022719253008913202,0,-1.1527194964724998,3.99617694087229
sulk1246,sulk1246,4.707168237134638,0.04830469612532087,1,7.48043700327,5.788543397481201
sumi1235,sino1245,4.630310056923205,0.012126552053592343,0,4.48654075660425,4.8154166223489
mari1426,aust1307,3.77314104174439,0.03023583689425785,0,0.7839089052402499,4.1249176409675705
sunw1242,sino1245,5.763969463324159,0.009370240083104792,0,5.217600426900001,4.94566914527164
supy1237,atla1278,4.444871240979741,0.032517354189109365,0,8.3307971126625,5.061374555830325
surg1248,ural1272,5.27151590254609,0.015422168418987425,0,7.405524012692499,6.25200117442843
surs1246,aust1307,2.7819926406195226,0.028143950160080426,0,1.39545358214,4.12184904999886
swah1253,atla1278,5.1177253450531435,0.0307110214168414,0,7.720245445205,4.6395151148790195
swed1254,indo1319,3.991005177441964,0.012563510316290065,0,1.0291005024375002,4.532499535476671
taba1263,nort2923,3.2814155781388665,0.024189239866373422,0,7.9901174437225,5.46618860689934
tabo1241,tabo1241,4.614547027691479,0.02856969506980154,1,7.182916080062499,5.711020045590355
tafi1243,atla1278,4.158560196859956,0.025492871477771153,0,8.225922829485,5.03954757480051
taga1272,aust1307,-2.257453444826857,0.028146326604479216,0,-5.96619443646,4.076968605423955
taga1273,aust1307,-0.8355713567047529,0.0305952862121352,0,-3.90351483316,4.029956168117845
taga1270,aust1307,-3.4179777541068646,0.027250995807280187,0,-5.9060753445500005,4.059795573219365
tagi1241,sino1245,5.064016204513786,0.01096727996900078,0,5.2111079791875,4.88641923280428
tago1246,rash1249,2.8583816415878256,0.026441904340456675,0,5.981340216612249,6.20265814301597
tagw1240,atla1278,4.812740833946471,0.03284217287034929,0,8.32405703043,5.054405928137125
taha1241,afro1255,-1.6530505494788492,0.01090823173528529,0,-4.7305003282817495,4.111280394146171
tahi1242,aust1307,-2.946238333378305,0.0424748297361611,0,-4.277393067825001,3.8407392420869098
taia1239,taia1239,5.004537549981329,0.010481017610330415,1,7.262703924779875,5.659629793033606
tain1253,anga1289,4.681116193948014,0.05052950100245568,0,7.220406403455,5.51550110199913
taji1246,aust1307,-0.08648088280116435,0.03946503859191382,0,-2.0544776430024996,3.8979785773285096
taki1248,aust1307,3.361496584480413,0.007782018144164768,0,2.1040957246825,4.117927684466065
taku1257,aust1307,1.4401717974372472,0.038577130500215356,0,-2.3777905658435,3.83231299939311
binu1244,aust1307,-2.8080903042883207,0.02613377736432211,0,-5.9124665880475,4.0520033981261
tali1259,aust1307,0.1370227556327141,0.013405424518639953,0,0.142044084209,3.98463927837305
tama1331,tama1329,3.2145074524396806,0.021951370396492732,0,5.78041342448,5.89857649362552
malo1243,aust1307,3.593280780580544,0.02361374836709364,0,0.8124823054775,4.135793662503485
tama1365,afro1255,-0.20652009589434464,0.020397094758944568,0,-4.9113870826625,4.09072897935061
tamb1254,aust1307,-1.6324152530201959,0.02146850324298798,0,-3.9850620577394,4.049341748941645
tami1290,aust1307,2.8531839848927856,0.010414337179525225,0,2.1427143704775,4.10582175953349
tami1289,drav1251,4.793972954127609,0.025799917827120045,0,8.39839094225,6.651016939095415
tane1237,aust1307,3.392039745779904,0.022897482018253017,0,0.9133050107275,4.158439529894935
tang1377,sino1245,5.2192811865579145,0.009747213773270806,0,5.215295859823749,4.902392660528561
tara1313,sino1245,4.071121323518636,0.01523579182623481,0,3.3585005116750004,4.58922884869959
tari1256,araw1281,-0.1693614666044738,0.02167318009602654,0,-2.8817895650677503,4.29776715344648
tari1263,afro1255,-0.3303918364077101,0.02003650301627754,0,-3.8894411717499997,4.157844586782176
tata1258,otom1299,-3.3606532731770034,0.023730459984824752,0,-4.6211837303535,4.954676832986085
tata1257,aust1307,-0.971170771071673,0.046041899549384514,0,-3.73585025809525,4.062044061457275
tata1255,turk1311,5.219107471365586,0.008993383137695269,0,5.58515080362975,5.3654345544810855
taul1251,taul1250,4.75138671386842,0.04082261519992313,0,7.399846537685,5.792705887630395
taus1253,taus1253,-0.6637061609517136,0.01042385637258435,1,-3.1383079984849998,4.85439134243607
taus1251,aust1307,-2.094585519067604,0.023812874906587463,0,-6.0925661710335,4.047805486354845
tauy1241,nucl1709,5.876478598222372,0.025473667015769034,0,8.563373670195,5.649141037047125
tawa1275,aust1307,2.4613985688992406,0.0245475614005655,0,2.11748869912725,4.132389661911395
tawa1286,afro1255,-0.546583839890242,0.017982095482369724,0,-4.9470655720045,4.085326692478615
diga1241,sino1245,5.257022900963509,0.008019986929449913,0,5.1770839319099995,4.92372877040337
taya1257,afro1255,-1.0783899031401387,0.021908918909340276,0,-4.9201914266685005,4.08409039676238
tbol1240,aust1307,-2.0971489549330817,0.022090424800849533,0,-5.4491838824125,4.110912996644035
tean1237,aust1307,3.3754521380603615,0.02650603297738037,0,0.8817063916075,4.14621579095013
teda1241,saha1256,2.1433814074908506,0.016541216495183766,0,6.7583664692975,5.68366712981879
tedi1235,sino1245,3.806580437259508,0.00663948552586114,0,2.08067356692625,4.419319529615605
tehu1242,chon1288,-0.7792372861858265,0.008898904753172301,0,-3.8341252613599996,4.981933943514515
tekt1235,maya1287,-2.6933234707698954,0.026339376024396094,0,-2.6991996609060003,4.81005441996595
tele1256,nucl1709,5.632003441863974,0.028676303762712834,0,8.998418020675,5.463913899317385
telu1262,drav1251,5.433516569671534,0.013889097755993786,0,8.35108122047,6.712987330191185
temi1246,aust1305,1.7716139579646137,0.02219857766869254,0,-1.18657551801925,4.11667602311968
temo1245,otom1299,-0.18854966627453845,0.029225678359698106,0,-0.48661646620325,4.53905108437494
temp1235,aust1307,-1.751475907626618,0.02436043496352514,0,-4.0031859146875,4.03772441817327
teng1272,aust1307,-0.3040946045530404,0.025883675382081212,0,-3.3025363845099998,4.085430142664739
tene1248,dogo1299,2.6125334901012627,0.021241972945201002,0,8.69326422219575,6.308509737771855
tenn1246,surm1244,-0.5342693825320828,0.02636644000331963,0,-2.9639590577424997,4.07319915089179
teop1238,aust1307,1.903772720325683,0.022660228436290827,0,1.6478393167499998,4.11924488681199
tera1251,afro1255,1.4684828869475095,0.03492751046985164,0,-0.46412266294025,3.9787439769371797
tere1279,araw1281,-1.2355209419853694,0.024288547155950947,0,-2.4877501741200003,4.3518096407729
teri1250,chib1249,3.351867560460188,0.030865441590524716,0,5.2944607152325,4.94580952270519
term1237,aust1307,1.9880213427052271,0.037446446373635714,0,1.8035052998075,4.1734016508747
tern1247,nort2923,3.3626487848337114,0.019017909538988815,0,7.9735395129299995,5.482550127524036
tete1251,utoa1244,0.44509776714061444,0.022969327528504713,0,0.5994003069025,4.452215485152565
tezo1238,otom1299,-2.4409143296881872,0.046475272296460104,0,-4.510029944920225,4.984544078269215
thad1238,sino1245,3.838039022468954,0.013685819095820895,0,2.0801309492325,4.438302251858515
thai1261,taik1256,5.727224160457648,0.03270058312275702,0,5.2685015775275,5.36026965204794
thak1245,sino1245,5.834543494116588,0.006820119861439225,0,5.23743789357,4.906149197876401
than1259,sino1245,5.769158684588255,0.014390219566981175,0,5.1643015951725,4.925745147516491
thao1240,aust1307,-1.470956513346171,0.02875887733943378,0,-3.26143237533,4.320982649308165
aheu1239,aust1305,3.924227463200676,0.012339927600620729,0,-0.002825311229,4.25241884584253
thay1249,pama1250,1.034945745306167,0.05026083414588842,0,4.574690698855,4.450889321955365
thul1246,sino1245,5.6179709488780585,0.014185470154696504,0,5.2095919216575,4.93793957736344
tibe1274,atla1278,4.599414842193973,0.024109885669621647,0,7.19404398485225,4.754454581421515
tibe1272,sino1245,5.324939308204198,0.016374919501912742,0,5.2975101158725,4.8825031600267454
ticu1245,ticu1244,1.7017883787061143,0.015193722053753583,0,2.19525801490725,5.07394267616575
tido1248,nort2923,3.8347596816569043,0.029734223797536544,0,7.9785851121645255,5.485246128264055
tief1242,atla1278,4.42726523559161,0.04131450635286324,0,8.3313186175625,5.07359074210487
tief1244,atla1278,4.473501366413215,0.04139475569455451,0,8.32805976326,5.05841440031292
tien1242,atla1278,4.92699153435187,0.02420162482151409,0,7.3782451839525,4.71257263086358
tiga1245,aust1307,2.9139824048971548,0.021603734912865588,0,1.708235346466,4.132609072726336
tigo1236,atla1278,5.067791649719614,0.018991441772725163,0,5.6095720010314505,4.587854435456306
tika1246,atla1278,4.755855380219375,0.021585854159099676,0,7.424342361040001,5.105512870469051
tiko1237,aust1307,3.4883524805315993,0.03505416623682501,0,-1.984269646324,3.8330169158965246
tilu1238,sino1245,5.743252257896613,0.02759387068351036,0,5.1962973349325,4.9370571426914545
timn1235,atla1278,4.874406582204241,0.01958658092304143,0,8.134974735065,5.14280860673147
timu1262,aust1307,-1.1064154996826454,0.028608371776026723,0,-3.8634256114000003,4.034745598005645
tina1248,aust1307,-2.890412586873416,0.02476336505809349,0,-5.50327158034375,4.115748675890195
maee1241,aust1307,3.4880002108588113,0.0478119653252539,0,0.9164319321375001,4.118368822488225
tiri1258,aust1307,-1.0905729397923007,0.024226260518354716,0,-1.318913977445,3.95427797584562
tiru1241,aust1307,-2.277177497833187,0.02800967964839173,0,-5.484368049315,4.09024058897419
tita1241,aust1307,3.408479190212483,0.02473042022828681,0,1.635045378681,4.12231724596397
tivv1240,atla1278,4.778995818251076,0.03452951570720747,0,7.412446023875001,5.121157596160945
tiwi1244,tiwi1244,-0.3847177450374819,0.013796193223289637,1,2.272019344389475,4.731049361542144
toab1237,aust1307,0.6823722978768251,0.021211391852126733,0,1.0346885388975,3.966805400375745
toar1246,nucl1580,4.570278867804922,0.025256442075013718,0,7.29849630368,5.560427437169315
toba1268,leng1261,-1.086307408449763,0.01438991142006589,0,-3.5456251303030752,4.966939509838905
tobe1252,nort2923,3.6354046603503556,0.012301851093880614,0,7.9657001092525,5.4374742385384796
toda1252,drav1251,4.941568155193262,0.02756428646671537,0,8.370886783425,6.71360235526833
toho1245,utoa1244,0.8360448897070055,0.022066518365645486,0,-0.24651910389249998,4.4668233651905105
tojo1241,maya1287,-2.5398462735981546,0.025640906752323795,0,-3.4503721417025,4.861418497945705
toke1240,aust1307,-2.136593476780428,0.03305990328244854,0,-4.0087277720075,3.82733538022172
toll1241,jica1245,1.1828324392415832,0.013501143159635796,0,2.9445595079649998,5.09121824729399
toma1245,mand1469,4.116090640132151,0.023517124460025084,0,8.7244295313185,5.541184300001625
tomm1242,dogo1299,2.4858150595379223,0.024930972864420656,0,8.625998346755,6.358362442107765
tond1249,song1307,2.6950721478363526,0.017998709321323216,0,7.988571969957249,5.621529899774515
tong1325,aust1307,-2.012810810286135,0.023423313382911936,0,-3.54113622791225,3.850257057961945
tong1318,atla1278,4.631445396605335,0.02567574212089537,0,7.650067821425,4.6792750291978304
toor1238,atla1278,5.110689471820217,0.03757499941514308,0,7.7264223333499995,4.6288071868535
tora1259,aust1307,1.6573346724749507,0.030340133572942487,0,0.34319768687499996,3.910315319267525
tote1238,atla1278,4.350027189458306,0.02735727834735037,0,7.640648478515001,4.6706699857417195
toto1302,sino1245,5.348818638846491,0.010631394428309305,0,5.1739834424249995,4.92542976229463
touo1238,touo1238,1.6235092041755816,0.01709467234520168,1,8.089819156099999,5.494365507413535
trin1274,araw1281,-0.36834706160712427,0.03355068645988404,0,-1.460513948715,4.306220902412275
trio1238,cari1283,2.837132964785213,0.023559152972701676,0,1.629355853835,4.79308502392351
trum1247,trum1247,2.412820472651597,0.012352678455400114,1,2.0497892463675,5.179150861090715
colo1256,barb1265,3.100230097313033,0.029991111706477436,0,2.3602064153855,5.1369885205236105
tsat1238,aust1307,3.181496145345839,0.03282067548910853,0,-0.09661344542,4.0799906553044245
dido1241,nakh1245,3.2513372306349875,0.021239159253590136,0,1.2718409042649998,4.79363305662003
tsha1245,sino1245,5.007328102202386,0.010064796880262792,0,5.281134750914999,4.9027880180219
tsix1234,khoe1240,1.0404341481263168,0.00930085745111032,0,-0.294983503355,4.38661806878177
tsog1243,atla1278,4.148112409047055,0.029682559964104994,0,7.07002463961,4.83859247594784
tson1249,atla1278,4.403311906648027,0.021778810149398115,0,7.684380124235,4.665315619822245
tsou1248,aust1307,-1.5970854953682938,0.024176406478551887,0,-2.3091287553260003,4.25487042634607
tswa1255,atla1278,4.361063365094415,0.021921870015706224,0,7.6791555363175,4.65559291104201
tswa1253,atla1278,4.838160683699493,0.01987605229178054,0,7.692571442375,4.68020989342153
tuba1278,utoa1244,1.8693620403986682,0.022416347877175488,0,3.787424704615,4.737035829630405
tuge1241,nilo1247,-0.2529011946878539,0.022850505242532643,0,-3.71986127404,4.2016028714887295
tuka1248,aust1307,0.23091485341475798,0.024848130719506378,0,-2.5905996047395004,3.9927106400627403
tuki1240,atla1278,4.493762289359823,0.019646730666920537,0,6.7209830667475,4.686034608545395
tula1252,atla1278,5.197378957200476,0.04354100367920942,0,8.304056529524999,5.0808245535805
tulu1258,drav1251,4.990314275760925,0.0243880987014654,0,8.337868488405,6.66738114857318
tuml1238,aust1307,2.368994300782152,0.020153998920783785,0,-1.266150036795,3.96757328193189
nene1249,ural1272,5.195931868569065,0.01791028545551812,0,7.209709986855749,6.2719381626910895
tung1290,aust1307,3.0637630213490947,0.022342914022142602,0,1.7291181455565,4.1344719179469
tunn1238,afro1255,2.303044345898982,0.015044978610097862,0,2.9199486135725,4.195402786684776
turk1308,nilo1247,0.47657748231067015,0.02917300023853053,0,-2.8390674323225,4.270067015756766
turk1303,turk1311,2.915933480088536,0.01576353635152537,0,5.5622760405755,5.363092878152555
nucl1301,turk1311,2.859259477472109,0.014679416286490821,0,5.573379149505749,5.340000131962085
turk1304,turk1311,4.199121571651114,0.013516094102241165,0,5.5675900615875005,5.32164468219071
tusc1257,iroq1247,0.19921833301506658,0.018885209097135116,0,-0.1787084778825,4.594811981592541
tutu1241,aust1307,3.620858876107094,0.029047423813608107,0,0.8365823398102501,4.1258420253344
tuva1244,aust1307,-0.3317827093374154,0.023132579587066982,0,-3.8246767754024997,3.825488754435195
tuvi1240,turk1311,5.450858049530837,0.013384528992622845,0,5.5781783075275,5.37740017752001
tuwa1243,aust1307,-2.926961457906615,0.02607097552710674,0,-5.06483345302,4.0273059404838545
tuwu1238,atla1278,4.238950959062614,0.03310461765285076,0,8.229911629170001,5.057166997678955
uuuu1243,aust1305,3.0479998476204107,0.019510971074417675,0,-1.010528841385,4.105469961999081
ubir1237,aust1307,2.8403690975049525,0.022471310754548456,0,2.0986073437477497,4.15236179337038
udii1243,nakh1245,2.8767020774950978,0.026000468676997478,0,1.5098549466975,4.770659847928615
udih1248,tung1282,4.5235288038532895,0.008478512561967678,0,8.7746075228825,7.2965411976100345
uduk1239,koma1264,0.5429908176523848,0.02588597052704459,0,-2.3417617725812496,4.50377198902495
ughe1237,aust1307,-1.0049927886861214,0.022531426160161773,0,-1.485270312575,4.01612020422528
ugon1239,sino1245,5.9784802592393,0.016750177879322616,0,5.2147269320255,4.87360055944058
ukra1253,indo1319,3.9519468666158293,0.015606367404543416,0,1.8063839870675,4.5955872874813295
ulch1241,tung1282,4.570537594179674,0.015921194856025393,0,8.780471763729249,7.295130650228975
ulit1238,aust1307,0.4887549540114188,0.020204465714318196,0,2.9765558330525,3.9915695899271846
ulwa1239,misu1242,2.6956222592841055,0.024488128718309583,0,3.5847613780375003,5.039692306596095
yaul1241,kera1258,4.94510206469672,0.050304665536095375,0,7.304749474475,5.614709029425405
uman1240,daga1274,4.663833612709539,0.05108396642971737,0,7.4759892291500005,5.69362564606878
umbu1257,atla1278,4.46766903741638,0.025362426837714575,0,7.3924105827175,4.70754833313457
umbu1258,nucl1709,5.8104720196693,0.0077546644894550005,0,8.946683017685,5.495574038998525
umes1235,ural1272,4.626522602488409,0.008155442618604536,0,7.5509353845175,6.113466715383614
unaa1239,nucl1709,5.650863481659195,0.0335998142679679,0,8.955881773,5.48606026161274
unea1237,aust1307,3.402310103988518,0.025107603491502036,0,1.5439083662975,4.1393707051109345
unua1237,aust1307,3.536198938670336,0.027569378489883084,0,0.9027872841905,4.120976887611979
uppe1275,toto1251,-2.011303178417343,0.01529063122810237,0,-4.4418426665725,4.82947178872166
urak1238,aust1307,2.1655849924397064,0.03504272369004531,0,-0.06187576255575,3.843433702668795
urar1246,urar1246,1.665209912531646,0.017287654325927843,1,2.4383508074874998,5.06987818774387
urav1235,aust1307,1.9225799170341813,0.021429705049923784,0,0.21600339962550003,4.07565550852963
urim1252,nucl1708,4.743048278630116,0.040419030143463666,0,7.887156794705,5.532267189766885
urip1239,aust1307,3.552383423031646,0.03308283783996151,0,0.8699863589700001,4.1361993855487
urni1239,giim1238,2.027737827918261,0.01612992506385021,0,8.136977614875,5.304476500389169
usan1239,nucl1709,6.032856321224399,0.026300443005228862,0,8.6034723502705,5.63565307683678
utes1238,utoa1244,1.9086660900635555,0.014954149990115144,0,3.886470156050425,4.758674279235235
pile1238,aust1307,3.0804950837492235,0.025183323404735558,0,-1.8636617876675001,3.8509124212425148
veps1250,ural1272,5.10235210504379,0.02938387108281472,0,7.5562301900975,6.067696646415506
vera1241,aust1307,3.6616381030603056,0.026163193718478674,0,0.8930211852375001,4.088747453447615
viem1243,atla1278,4.374226219407542,0.028399347078628602,0,8.27871927741,5.089014343555435
viet1252,aust1305,3.5972175918785823,0.015486592939530454,0,-0.071828300699,4.234296588049435
voti1245,ural1272,4.971337118353464,0.020716601755623426,0,7.5210354890875,6.07346362538191
vunj1238,atla1278,5.06315158828879,0.033640323794036066,0,7.688054897100001,4.649482367584355
vure1239,aust1307,3.660899202935886,0.032239997125027335,0,0.8941972138450001,4.107196896455305
vwan1235,atla1278,5.082993957140629,0.02959252977451706,0,7.660857988102499,4.650744043757685
wadj1254,wadj1254,-0.4816233759548836,0.022379190745726304,1,1.9204213805475,4.74329577159675
waga1260,pama1250,0.20655521761943896,0.03260000762367057,0,4.64548159554,4.4319444282761395
wage1238,wage1238,1.8788386216538497,0.01980518548199847,1,8.912222971915,5.3144050088579196
waig1244,aust1307,2.424921747224658,0.03844730567007419,0,1.32054838057925,4.177657562268125
waim1251,aust1307,2.7991805409706156,0.0297412692224958,0,1.645349203005,3.9586911577797848
waim1252,aust1307,2.412310070978096,0.02802199424890282,0,1.9668154870465,4.148047828081635
waim1253,cari1283,2.7893432584609874,0.039887257351644424,0,1.5377786558375002,4.766558866282
waiw1244,cari1283,2.9053393010067,0.029262769577111138,0,1.8279761799647498,4.74329111818598
waja1259,atla1278,5.166205516134664,0.041495284990960876,0,8.28969078507325,5.070716382828255
wala1266,aust1307,0.8090919512466778,0.02145042993317782,0,1.0400208979625,3.97553027734739
wamb1258,mirn1241,-1.4351700400740781,0.015248227567573326,0,1.73548874782,4.661776953162975
wamb1259,nucl1709,5.6168823326988715,0.026439753515898372,0,8.9639841741775,5.4511567128948855
wamb1257,sino1245,5.745611893098239,0.020738214981686636,0,5.1868149613284995,4.937978292157265
wand1278,afro1255,0.861354528654412,0.021756688684121044,0,0.7443611844995,3.9741543237437
wand1267,aust1307,3.173606924514779,0.0337077916216958,0,1.50567162219525,4.149179293323325
wanm1242,pama1250,-0.09984783593632171,0.04572369846080692,0,4.75630523342275,4.396136557219441
saka1289,aust1307,3.588568418870002,0.03212871273825955,0,0.8435970884924999,4.12231721318568
waor1240,waor1240,2.661867264886511,0.02578835433317246,1,1.7375651805075,5.270326246610855
wapi1253,araw1281,1.2062827665933833,0.03106439416269542,0,-0.5292736787125001,4.448118310470955
wara1303,wara1303,2.358080851721763,0.020045469885878013,1,1.7507521480355,5.30582132348958
wara1300,aust1307,-3.3737994572943935,0.030929184516418132,0,-6.199551504217499,4.03249321648112
ward1246,yang1287,1.7673560543876314,0.02471189353668033,0,9.01415312695,5.37696848089157
ware1253,aust1307,3.1166890844194213,0.03162150291210912,0,1.3582411656967501,4.1610858336401
wari1268,chap1271,-0.7147212719501709,0.007909843497877819,0,-2.96671225497475,4.872033474485165
warj1242,aust1305,1.6622996494970135,0.01096478967691687,0,-1.12334066864,4.13830592276811
warl1254,pama1250,1.2563257958819445,0.03751787048609079,0,6.42574882796,4.520311004413905
warl1256,pama1250,1.2298538126922798,0.0320606498904849,0,6.4091992849425,4.53951157112565
waro1242,aust1307,3.2193273113547765,0.03649867775492132,0,1.2931346139220001,4.175241342970814
waru1265,pama1250,1.2229541407776126,0.04159863005639126,0,6.64674494185,4.53670927831064
wash1253,wash1253,1.5443150792659106,0.013684541475759324,1,2.2809616878725,5.09536424884957
wask1241,nucl1709,6.095193282487821,0.03131062912108059,0,8.5849628117275,5.621028869609525
waur1244,araw1281,0.9585239767776974,0.025113709209924964,0,-0.19404628551165,4.582252695133695
wawa1246,atla1278,4.999639587687398,0.02349172593698961,0,7.4240271053025,5.09954951313368
waya1269,cari1283,2.892502314360142,0.021500677814976946,0,1.791237709045,4.73807830788612
wayu1241,sino1245,5.773820504020085,0.009848440170980943,0,5.2350799827375,4.951168434457655
weda1241,aust1307,2.643909720721239,0.009232753799496526,0,2.1065663372624996,4.144646160900865
wels1247,indo1319,-0.16274723947388395,0.031205266070526403,0,-4.9199543843625,4.3769643664034
west2564,aust1307,0.9185825810319601,0.036116637149835575,0,-1.2832798278222501,3.9927104793262
west2560,aust1307,-1.565573305931335,0.02133505483326357,0,-4.366453362835,4.045097642508895
west2548,aust1307,2.526818375197625,0.022052687577951657,0,1.68185839161425,4.165092550189556
west2615,atha1245,2.886926119562095,0.02939176114882265,0,5.1468113750675,4.9036817445537455
west2441,pama1250,1.9579234372409244,0.03878817022407019,0,7.580921917585,4.6561632965679
west2397,aust1305,3.9834561280464125,0.01521735428028963,0,0.086610806269,4.226449648357695
west2555,aust1307,-2.604698566745972,0.022693654979935342,0,-6.01323636721,4.058442055567925
west2618,eski1264,2.8063910979871665,0.027071912216120143,0,3.85346179137,4.987815670497145
west2650,aust1307,3.8265521385420063,0.033316418595050405,0,-0.020427707282,4.036891340546685
west2594,nucl1709,5.810499282893995,0.010994624614327918,0,9.018126396655,5.50736181584732
west2369,indo1319,2.401916842972245,0.021305088395904098,0,2.2187196129657503,4.8052607073175455
west2519,aust1307,-0.024314056943288,0.026718771039933906,0,-2.4608036123205004,3.87573848922758
west2354,indo1319,2.7174032856922716,0.01387349282716817,0,0.9842053122575001,4.549420617507655
west2644,otom1299,-3.39370009401999,0.04411010056142738,0,-4.611830738022499,4.953060813390785
west2624,utoa1244,0.9911209311771305,0.0272411724863586,0,-0.6266916080025,4.4374297341231
west2466,atla1278,4.5955047280723385,0.030188560283129533,0,8.342320285500001,5.05556624305188
west2632,kere1287,-0.8935042543712421,0.01140422059936532,0,-2.80917271149,5.05769298630676
west2396,aust1305,2.9321383041371956,0.03848119892703302,0,-1.48623557139375,4.078936871075365
west2418,sino1245,5.849955024958296,0.011786292544913412,0,5.16793219318,4.93540172042543
west2392,ural1272,5.180312199930141,0.015770727860141356,0,7.4530796694,6.212072222680595
west2763,afro1255,-0.905687720280199,0.018378612614794367,0,-4.908684399775,4.13258366120346
west2386,indo1319,5.134017454484686,0.015292049935980457,0,2.42893788793,4.737989232588475
west2557,aust1307,-2.9055222039889443,0.025616333915137984,0,-5.7925313748775,4.08505435068357
west2415,sino1245,5.826533622402357,0.008251737017331482,0,5.2649902759465,4.9150518345123455
west2430,hmon1336,4.9181080041578,0.009525030666206583,0,5.652226185303,5.49224149069248
west2599,nucl1709,5.751258949479121,0.024960664679038343,0,8.965820341414,5.50978182650254
west2600,nort2923,3.637566820390614,0.027784431911215605,0,7.8892052097775,5.491866528486555
saka1291,aust1307,-1.5337041350396725,0.018363633967568266,0,-4.3277863244725,3.9168680431075398
west2516,aust1307,-0.671991413305053,0.02738201870976119,0,-2.795947313579275,3.857549867592285
whit1269,aust1307,1.268912152169979,0.022045534826054942,0,0.7078329409799999,3.990258313149135
wikm1247,pama1250,1.6281118227592628,0.04612881797951042,0,7.4217607640850005,4.609856664637006
wiru1244,wiru1244,4.847399609050095,0.038156839960966006,1,6.8841373477875,5.6083575675913995
babi1235,atha1245,2.3836407652201066,0.024481405923491628,0,5.4421206393825,4.90042889313434
woii1237,aust1307,3.171910980085375,0.036703832890861925,0,1.502437113142725,4.175478748942785
wola1253,afro1255,2.4927410073684486,0.02281749672273721,0,0.64965632704375,4.283675875108916
wola1242,gong1255,4.630472523482946,0.036895698198951894,0,5.6314155919474995,5.12943296803053
wole1240,aust1307,1.8640858002309417,0.026747287893607988,0,2.995636300722,3.988818769992225
woli1241,aust1307,-0.0310015811151752,0.020942768101978534,0,-2.4907492317465,3.91540420370264
nucl1347,atla1278,3.749523222652009,0.022689902916504724,0,8.0765947317425,5.17242453726446
wotu1240,aust1307,0.02050565380334575,0.051140913336285836,0,-1.832613102145,3.92635036017976
woun1238,choc1280,3.5444646997043194,0.04419840788738731,0,2.7967036038404,5.152522293317325
wuch1236,sino1245,3.8964280798857382,0.014430654074138813,0,5.09790496499625,4.905083981485985
wudi1238,sino1245,5.7070276031736,0.04534625024849354,0,5.2823656382995,4.846518598502405
wusa1235,sino1245,5.588449988056638,0.039094412591883614,0,5.2802817193725,4.85393627957169
wutu1241,sino1245,5.410900509047233,0.016476718374136043,0,5.09526140595,4.91424861295414
wuvu1239,aust1307,2.8301907006571025,0.029950799988004248,0,1.3970529790360748,4.13030233763057
xamt1239,afro1255,1.7604845507122797,0.022080314684200034,0,0.46166668819425005,4.002532757421561
xara1244,aust1307,-0.893174616186254,0.027593024953214407,0,-0.19777647988000002,3.94968700983295
xava1240,nucl1710,3.2316145311737188,0.02254275386884752,0,3.96628609257,5.045839312467216
xish1235,sino1245,5.309290467151397,0.01477084430617008,0,5.2642630740675,4.853368377237629
xokl1240,nucl1710,3.289411611169206,0.024066161684805645,0,3.92819887691,5.062310643189945
yaak1241,afro1255,1.2337391445102692,0.02591514472674327,0,2.752101215566,4.21333613177135
yabe1254,aust1307,2.891352732664907,0.008911045626783432,0,1.0178614341455,4.02974460477148
yaey1239,japo1237,2.7222840605225436,0.00840519164745758,0,7.3459801652525005,6.42703383244918
yaga1260,nucl1709,5.694352319724675,0.04728381286695104,0,8.9715426385675,5.477950969687165
yagu1244,peba1241,-0.6597297066274008,0.012506894959741222,0,-3.3103018612195,4.91713981577443
yaka1272,atla1278,5.2273300331021115,0.026129706275377643,0,7.41200545775,4.76162526030842
yaka1277,aust1307,-2.633540077909048,0.01978198629264152,0,-4.1818839737212,4.0725925657429904
yaka1269,atla1278,4.8053370642618365,0.0251637540080673,0,7.384112039230001,4.724049301674764
yakk1236,sino1245,5.568881778064094,0.018933157974761416,0,5.1763423767175,4.943076617611985
yako1252,atla1278,5.660986664964556,0.027153003557235253,0,8.4285642874275,5.011455232157935
yale1246,yale1246,4.589753186569995,0.020442843456186986,1,7.346900945430001,5.612064705782385
yama1264,yama1264,2.270875225206778,0.017179017925972772,1,1.7294393195825,5.337166437035391
yami1254,aust1307,-2.1815548066876103,0.026277883065111467,0,-5.70596651067,4.05768990474175
yami1256,pano1259,2.157986784451837,0.023692136940184957,0,1.2364960897275,4.54494259638894
yamp1242,sino1245,5.686594557453435,0.013129065134470876,0,5.1568778759275,4.987984226687525
yane1238,araw1281,-1.123339554870898,0.03817954208252612,0,-3.5145670889460003,4.5013795893239354
yano1261,yano1268,2.5639064845312136,0.020178882508272423,0,2.2840842194275,5.150116839571885
yaoo1241,atla1278,4.781633473311521,0.027470693545830975,0,7.674551774775001,4.66463192355675
yaou1238,mand1469,4.1644110959465,0.023357001882649494,0,8.643552076032499,5.581367046731215
yape1248,aust1307,-0.29827971179349655,0.02212116030051399,0,-1.2487986355032499,4.0264347246159655
yaqu1251,utoa1244,2.0234739404537656,0.009943614773104043,0,1.71674477936,4.60499681603997
yare1248,yare1250,4.727186356636633,0.021595488802839825,0,6.856935857577501,5.61948390528101
yatz1235,otom1299,-2.995216541628122,0.029318822681141506,0,-4.5640939656732495,4.98129573432456
yaum1237,nucl1709,5.691081499678854,0.006630091137070386,0,8.9688459566,5.462572698191455
yawa1260,pano1259,2.227830404458607,0.018868542708929067,0,1.2336252259124998,4.529172561754335
yawu1244,nyul1248,0.5977454115638299,0.04019977676455579,0,5.9482390907575,4.755842831509245
yecu1235,toto1251,-2.325188973309479,0.02491024671552684,0,-4.309294495345,4.85039447423023
yele1255,yele1255,-0.0616729276609293,0.016425447583301545,1,-1.390423400635,4.51201003847618
yems1235,gong1255,4.475207825710435,0.025779634757118725,0,5.6859287901775,5.136728193700935
yapu1240,nucl1708,4.645000032454551,0.05136353496128207,0,7.91544269975475,5.525884916742054
yess1239,sepi1257,4.938981489592217,0.0443149619690307,0,8.120730238955,5.517249784148535
yeyi1239,atla1278,4.634014536563938,0.024218897013483776,0,7.315471952894,4.7043959303669
yidi1250,pama1250,2.200279714984245,0.05511565709090295,0,7.57676557138225,4.755247986242225
yima1243,lowe1423,4.867580908287858,0.024533829462924466,0,7.2396044309675,5.594213646907345
yinc1238,aust1305,2.737201733316647,0.015763991428318785,0,-0.7821139353662501,4.11138297486006
yind1247,pama1250,-0.2987148060693219,0.03778734414676308,0,4.252308054488751,4.3373435622871455
yine1238,araw1281,-0.2825868038030511,0.02471651553950496,0,-0.78706649507775,4.409421210135315
yoga1237,aust1307,-3.1048567012207986,0.02846117064756025,0,-5.833898415895,4.082724054883855
yona1241,japo1237,2.7281652605865734,0.010123777812699412,0,7.3546963640305005,6.396264188937845
yong1276,taik1256,5.368395480684997,0.01823657434233051,0,5.2490542635674995,5.367514483223995
yong1280,nucl1709,5.57703385173166,0.032989563301288626,0,9.0063362205925,5.45354614041572
yora1241,pano1259,1.6868903791433472,0.02130706385901296,0,1.2365225773275,4.5427137874415
youl1235,sino1245,5.7821018011351,0.013657313632280725,0,5.2582994774545,4.8737576229441295
youn1235,hmon1336,4.863227972245751,0.013977147325488866,0,5.64808737781975,5.46431982437497
yuca1254,maya1287,-1.2703368465056752,0.017962331525748065,0,-3.631311217543275,4.75854638608962
yuch1247,yuch1247,1.3503451894867942,0.018515834403174086,1,2.6870901140775,5.057428796863025
yukp1241,cari1283,2.628847749861616,0.023013588609269324,0,1.34852934553625,4.783544749570705
yulp1239,pama1250,0.9725722305842486,0.03910020616072487,0,6.37219627860775,4.4803154969058046
yulu1243,cent2225,4.682031138041916,0.036927267074118954,0,8.484132970625001,5.46332305656194
yuqu1240,tupi1275,1.0683011546186296,0.02298926126550368,0,0.9496789144305,4.474774278903565
yura1255,yura1255,-1.023189156357445,0.012434375022613452,1,-3.510128902390075,4.8623905953525
gami1243,pama1250,1.376983664374149,0.05078113949056487,0,7.0491079975375,4.618974108744875
zaba1237,aust1307,-0.7693327603485643,0.023690083492871338,0,-0.0796341542575,3.91963793265239
zaca1242,otom1299,-3.388898621261471,0.03213787952951533,0,-4.601236073647501,4.961534724599935
zaca1241,utoa1244,0.8678696516349704,0.027717139430418584,0,0.5307431948785,4.422801097249265
zaiw1241,sino1245,4.958873530684682,0.013123373097540882,0,5.228538770003,4.85906809727656
zamb1245,atla1278,5.298133608706076,0.02351834353677493,0,7.486099576867501,4.65092565670016
zani1235,otom1299,-3.3068916771960213,0.027393680535178093,0,-4.496969678319999,4.9690593155669145
zapa1253,zapa1251,2.825176203660039,0.022756426385962317,0,2.28386855277,5.196165693591535
zarm1239,song1307,2.782750031063755,0.018720256429780383,0,7.962123063985,5.62324930753819
zays1235,gong1255,4.5082878108595,0.02257387501473878,0,5.6417385690924995,5.2175483229917
zeme1240,sino1245,4.323693995522312,0.009136611711555592,0,4.4589466968250004,4.77109108445769
zenz1235,otom1299,-2.8792241952180135,0.027889326476748747,0,-4.5488955244655,4.9959503447480405
zhab1238,sino1245,5.4631738726661565,0.013390681060931138,0,5.21051177527,4.875468928905805
nort2795,atla1278,4.710326735198276,0.032515900413092984,0,7.69405590295,4.65461384059462
zoog1238,otom1299,-3.006654444533529,0.026646394154617083,0,-4.559244118792501,4.971895373297355
zulg1242,afro1255,0.9284091233117364,0.018716018011716337,0,1.2522071375175,4.125273572922005
zuni1245,zuni1245,1.8475892660171898,0.02112255416736553,1,2.1864161053997497,5.1768573209560795
