Glottocode,Family_ID,GPGLMM_3D_Mean,GPGLMM_3D_SE,Isolate_Flag,Verkerk_BRMS_Mean,Verkerk_BRMS_SE
abad1241,aust1307,1.367534593173581,0.0411848176118814,0,2.3976821246925,2.358166072666955
abkh1244,abkh1242,-0.8147687905037951,0.023136366089592464,0,-1.0093715365505,2.758953488214225
abua1245,nucl1708,0.1398897814803568,0.06846057559374966,0,-0.32405822619475,2.6249734440838752
abun1252,abun1252,1.5131311822326827,0.04329161671844911,1,1.401602236245,2.901906480074015
achi1257,aust1307,2.167578370233078,0.05038270243810493,0,2.6180195408699998,2.446694066557435
acha1250,araw1281,-0.5926539677320801,0.03949035480123495,0,0.40438207683000005,2.4074339342232802
ache1246,tupi1275,1.0062596563533588,0.06191478462711348,0,1.0887817550875,2.4501869555208753
ache1245,narr1279,-0.0343994890550592,0.049090455267673194,0,1.0402589794175001,2.707968041967475
achu1248,jiva1245,-1.421341589579236,0.042237361460972594,0,-1.576826892081,2.6361355720772153
achu1247,pala1350,-0.7376576519713207,0.04275215169006817,0,-0.905711243734,2.80421985372203
acol1236,nilo1247,0.7422961619392296,0.03900785137685337,0,1.5309578321865,2.535017428453135
adan1251,timo1261,2.091583173553012,0.043513443431469664,0,1.4455072261000002,2.8645277218594503
adny1235,pama1250,-0.9621795867758939,0.07830419237036813,0,-0.210124218963,2.53022503189304
adon1237,aust1307,3.152960786302602,0.04853556312078968,0,2.8767846793975,2.457561172577675
adze1240,aust1307,1.3390657436185398,0.019069108226130928,0,2.704151152245,2.411418382152905
aeky1238,kamu1264,-0.5100924639883664,0.03721737249353182,0,0.304661793048875,2.6540275357346497
afar1241,afro1255,-1.2758985887651517,0.02304679362412392,0,-2.11884740053675,2.46352868540376
aghe1239,atla1278,1.4746927181975584,0.045702480743550156,0,2.6103649380325002,2.49614515265068
aghu1255,nucl1709,-0.1244045068802549,0.03609595908108414,0,0.266979400744975,2.42831499630371
agob1244,paho1240,-0.96345218486604,0.06997657124125134,0,-1.066353245015,2.745064646984625
agua1253,jiva1245,-1.7192065024873107,0.03533075222943156,0,-1.54147522234375,2.646984204507965
agus1235,aust1307,-1.060944892157167,0.04966186632020858,0,-0.3791241408825,2.34835146263516
agut1237,aust1307,-0.6543262437545936,0.04052115158319584,0,1.235935384838,2.40078590627711
ahin1234,aust1307,0.3698415852048542,0.04754972450452662,0,0.909294898988,2.3632105874632403
aika1237,aika1237,-1.0599456261124227,0.05412027719358684,1,-0.47298983647575,2.76593212098161
aime1238,bosa1245,-0.792817311964497,0.0770125802408157,0,-0.4136273079625,2.791924172051325
musa1266,nucl1709,-0.8165073014068528,0.049558876031831664,0,0.51344226135825,2.429230746187775
ayiw1239,aust1307,2.155835493109456,0.04512688987073468,0,2.24326816444,2.4677404957178597
ajab1235,atla1278,2.205108477565833,0.04585947751774569,0,2.8618494227275,2.4839958141866747
ajas1235,kres1240,0.5661555118653099,0.030378196851716777,0,2.4762787130775,2.928652606797435
ajyi1238,araw1281,0.47993396133770494,0.03919033401838053,0,1.55072480610065,2.4440094386529454
west2635,maya1287,1.7604943205917212,0.05652003011620985,0,1.60001634864,2.56400973602872
akei1237,aust1307,2.484295488335892,0.055872352503806656,0,2.2582185385824998,2.409062883521285
akha1245,sino1245,1.8091541298737588,0.01492552921589187,0,0.2918245401032,2.357540921330445
akoo1248,atla1278,1.885075458557689,0.0442149294217037,0,3.6887079832525,2.514775155812065
akun1241,tupi1275,0.03571610741880765,0.04479556311039947,0,-0.8096268384725,2.5674326856877947
alab1254,afro1255,-1.8199193880167697,0.031829815684007334,0,-2.21240650514625,2.4690911278672703
alab1237,musk1252,-1.028517992926762,0.04742358988719204,0,-0.85345420505175,2.5348082883341148
alag1248,afro1255,-0.2752128302979743,0.02936129028580888,0,-2.2022113663285,2.486161085058355
aleu1260,eski1264,-2.0111781860709605,0.03661295571716698,0,-1.01423467992025,2.7393058242552746
alor1247,aust1307,3.26032881574881,0.059469064176851764,0,2.8779970731265,2.47063265971268
aluk1238,drav1251,-3.24921488185755,0.03987990173279031,0,-4.0621066566425,2.638411636182155
alya1239,pama1250,0.5994052327534085,0.060564498364809094,0,0.6352780897051751,2.4993504891576297
amah1246,pano1259,-2.3555384486278297,0.052061637216299216,0,-2.84906033403,2.56395357696197
amam1246,kuni1270,-0.2663587251441082,0.044674423606992184,0,0.8407088848725,2.546086998327005
amap1240,left1242,-0.771211420482129,0.04328811835065915,0,-0.5657383740349999,2.792522815884295
amar1272,aust1307,1.1254966936057558,0.046025300651398975,0,2.0507533049025,2.384780999844895
amar1274,hara1260,-1.3433254247086812,0.03846514517471017,0,-0.629110679238,2.7409471636841403
amas1236,nyim1244,-0.6930133292178687,0.048168043961959846,0,-1.62130495815375,3.02585695729425
amdo1237,sino1245,-1.3749564590440004,0.045161567225894095,0,-1.564360431545,2.378284044340475
amii1238,west2434,-0.7107633965252571,0.09548820136108277,0,0.5584948649629076,2.682465264469275
amis1246,aust1307,-0.35581943510634173,0.04694991018348322,0,0.12536865207125,2.5116363249567852
hoaa1235,kxaa1236,1.095381256328952,0.047627391924598105,0,1.882068311096475,3.02327977472495
amri1238,sino1245,-1.3742864934444232,0.03754051880448938,0,-0.44932824817175,2.409430088966385
gily1242,nivk1234,-1.9285394666464266,0.021194353731284754,0,-4.282541044015,3.58832281587794
ando1256,ando1256,0.0521394642272024,0.023322074246963635,1,1.5344328483675,2.7352675348303404
anei1239,aust1307,1.2255606034108868,0.04031756654571766,0,1.3882242687017499,2.38861277097091
anga1290,anga1289,-0.13805473964217857,0.06425675983806772,0,-1.15157974448575,2.79218262064182
anga1288,sino1245,-1.7578724302997681,0.04778775670113873,0,-1.548340478628,2.44284578939002
wara1294,more1255,-1.0614267808427562,0.035192762470609144,0,-0.9269403734567501,2.7713054523140848
anta1255,aust1307,1.5359370411318283,0.05110385914233947,0,2.2363285387022502,2.39666261836705
anuf1239,atla1278,2.380146759399596,0.0499674938178014,0,2.5228098854449996,2.4889963655773553
anuu1241,sino1245,-0.37577753407546943,0.015094511481792723,0,-0.02521242000175,2.4200118296049498
anut1237,aust1307,2.2947527806976726,0.060531854742267965,0,2.3335411600725,2.32819839021956
aona1235,sino1245,-1.4067726741216682,0.024874487158436053,0,-1.59496930337325,2.443867678610655
aoua1234,taik1256,2.267130778480137,0.04342100729453997,0,2.1998925748150002,2.72057576380191
apat1240,sino1245,-1.1007512418332168,0.0224518207849009,0,-0.8879038048175001,2.37000595651129
apin1244,nucl1710,-0.08674590357625915,0.05732777629494786,0,0.343187658354,2.5926496349035553
apma1240,aust1307,2.336623069793114,0.05100942644402611,0,2.389350161645,2.3837439764045847
apma1241,kera1258,-0.43054430772483787,0.02340207475841019,0,2.06250342950475,2.808927752809425
apur1254,araw1281,0.3369319178261879,0.03784568609907795,0,0.481357108652,2.47381929519136
arak1252,aust1307,2.4680666496197374,0.010185214484799766,0,2.2698252748645,2.418706878832265
arao1248,pano1259,-2.2919527877206685,0.03882821442971208,0,-2.493881751955,2.613077211276055
arap1274,algi1248,0.9204906021681925,0.047384427448296414,0,2.6994208874475003,2.597602105927055
araw1273,tupi1275,0.43768513660873165,0.0465542886050965,0,0.80371814322675,2.490981370171475
arbo1245,afro1255,-1.1031625456555771,0.024160188426062622,0,-2.18779556245825,2.42539275142954
arch1244,nakh1245,-2.3985856780227897,0.033603937584701114,0,-4.97601013595,2.9691126472685747
aree1239,aust1307,1.068863468660533,0.0438131430148543,0,2.26683114320425,2.3866994711834897
area1240,aust1307,2.1477263151612416,0.04856055650852008,0,2.5167331895325002,2.403837509934235
argo1244,afro1255,-1.5771132970704516,0.02609335500076229,0,-1.2407639116825,2.540195625398765
arhu1242,chib1249,-2.2983223019986427,0.04590980228285505,0,-2.13427263416623,2.555573519749075
arig1246,atla1278,1.6556087118228333,0.03525427132018007,0,2.0550218718602498,2.48543528070301
arom1237,indo1319,-1.6252891035078256,0.025726633701335246,0,0.442395997195,2.415527114167105
arop1243,aust1307,1.0027106416734344,0.040561376738815665,0,1.9042847303250001,2.36819958148303
arop1242,aust1307,0.9224778025669862,0.013747694883076252,0,2.46545072177625,2.40805279184048
aros1241,aust1307,2.294044452656723,0.04147599853187289,0,2.560537410652,2.39892286490839
arta1239,aust1307,-0.42899884803165345,0.03832976812908448,0,0.464707242686,2.375473757343955
ashe1272,araw1281,0.4580097046171788,0.025419289973317983,0,1.548516082283375,2.444025976372925
asoa1238,cent2225,-0.17327681473242768,0.03542020272308665,0,0.22554562008,2.3770169829123002
assi1247,siou1252,2.2360917032722805,0.04010658590148326,0,1.8078721642725002,2.7645106659731047
asur1254,aust1305,-1.0009551608862575,0.040451869211743714,0,0.461242479853,2.334222260781045
asut1235,atla1278,1.2302911788798039,0.03669647876128105,0,2.5466867796474997,2.404593483320885
atam1240,aust1307,-1.5216488350330932,0.03909590133000727,0,-0.38694916619749997,2.34111679616494
atay1247,aust1307,-0.9548747480447233,0.06022015096014787,0,0.695743654815,2.53523575764821
athp1241,sino1245,-2.7314811848031075,0.024064107354656864,0,-2.370267368485,2.51027302846125
aton1241,sino1245,-1.4226088381492774,0.01948919970298316,0,-1.1348165058795,2.3968749431923797
auuu1241,nucl1708,0.3618840644748249,0.07151096516121004,0,1.20646815887025,2.5745212132387847
aulu1238,aust1307,2.423094091933291,0.04384252308705046,0,2.7280460398325,2.4097089762479698
auye1238,nucl1709,0.13173921489467974,0.05944782894589124,0,-0.40139541783,2.452776529457445
avac1239,tupi1275,-0.39411060316254587,0.046097175272879064,0,-0.11786581575499999,2.487221186285575
katb1237,aust1307,2.4700312907786452,0.03753121997265252,0,2.6893401688805,2.410500854478185
avok1242,cent2225,0.462750887299064,0.09220920908397001,0,0.8699212552735001,2.39577171655512
awac1239,barb1265,-0.6526844003409129,0.03526392184645168,0,0.17047789911775002,2.59125480986133
awad1244,aust1307,0.947477365256725,0.020236500383872272,0,0.8711376893502749,2.355736037289845
awad1243,indo1319,-2.9420967459733767,0.023794471111015812,0,-2.877403394775,2.59972247400502
awap1236,nucl1709,-0.6759126742050945,0.027702910531602,0,-0.5464759636225,2.478026219546075
awar1249,ramu1234,0.054362184803463096,0.04127341123704098,0,1.8131445261675,2.777857752178435
awar1248,nucl1709,-0.992648000756592,0.0447319342767705,0,-0.4369932408525,2.44684332997186
awet1244,tupi1275,0.13864734139926035,0.043482908668347156,0,0.90806034200025,2.52205498030159
awji1241,afro1255,-0.05156054135833575,0.027898768816570434,0,-0.34388069913749997,2.44039893697972
awtu1239,sepi1257,-0.39542021377347303,0.05204260642986716,0,0.02020450082,2.58855354911586
axam1237,aust1307,1.8067098921315718,0.03570877135684841,0,2.7575329190617497,2.4031873237651054
axiy1235,sino1245,1.8910827647661157,0.019729727257054533,0,0.81965038199225,2.38544390983064
ayac1239,quec1387,-1.605678438134355,0.035904613884031815,0,-1.181837172302,2.54440487001853
azha1235,sino1245,2.016800064547235,0.024611696781910747,0,0.7895036323742499,2.391454922585325
baba1264,atla1278,1.2422979978007398,0.0486039869283964,0,1.3657874712625,2.442802064025055
baba1266,atla1278,1.528687438206701,0.04589366277269993,0,2.68541201189,2.4725247360642797
baba1268,aust1307,1.9201743108891174,0.05129556086131725,0,2.2633442659025,2.42301459313639
bada1257,drav1251,-3.2498431421473493,0.03808399242369854,0,-4.0384459866625,2.662887222430385
bafa1247,atla1278,1.9682950240637918,0.0435229926372025,0,3.67046108491,2.514856566571845
bafu1246,atla1278,1.5291037013259767,0.042617416751093685,0,1.8905864338375,2.45362748712158
baga1273,atla1278,2.718256202727561,0.04388761089257876,0,3.893153018267,2.619195772791185
baga1272,atla1278,2.761841802566924,0.040962425189444825,0,3.8918178721125,2.61391528153252
bagi1246,cent2225,1.0846525553246906,0.03635229669461609,0,1.09274102821275,2.3337265913755596
bagv1239,nakh1245,-2.838812602307253,0.02601890953458468,0,-4.9916010775075,2.989402863299145
bahi1252,sino1245,-3.4801536786438567,0.02793993579094869,0,-2.5097848119124997,2.50567582666762
bahn1262,aust1305,2.3355013603031898,0.038353991489517444,0,2.7168854847975,2.423518157868905
baim1244,sino1245,0.0708693639916716,0.04336868713463027,0,-1.2991268373215,2.35828070787645
baka1272,atla1278,2.349160393020788,0.056698588041558445,0,2.7204148728675,2.382269495491315
baka1274,cent2225,0.2903657235621277,0.04644289779479123,0,0.60930551264775,2.351408868833945
baki1244,aust1307,1.5950642371039225,0.05511470626117965,0,1.84253991077325,2.354085974091155
bala1316,aust1307,1.42941391193604,0.04562393513823307,0,2.3459059221,2.399831840130145
bala1311,aust1307,-0.506630855337275,0.04482749429710223,0,0.7630110450800001,2.37206491972303
bala1315,aust1307,1.6339236283559453,0.04130012411897096,0,2.00911800918,2.4174109119585
liki1240,atla1278,2.110848705135501,0.04376640685029366,0,2.53159874524675,2.3900236880550203
bamb1270,aust1307,2.0954284427081005,0.0535890857901124,0,2.173848988396,2.44653697024302
bamu1253,atla1278,1.4716436324404167,0.043962910923044454,0,1.361612248435,2.45280072402451
bamw1238,atla1278,2.10281924254085,0.03669058853593947,0,2.7227350290325,2.42893696356716
bana1288,aust1307,-0.0420297559832508,0.04323386185802017,0,0.59421682762125,2.33464480603468
band1344,atla1278,1.1953393342529663,0.05162984885358205,0,2.22130777805,2.37490534910211
bank1256,atla1278,1.9959410372380446,0.046048182876768186,0,3.5556079665549998,2.5381549994266352
bant1281,sino1245,-2.821588505982488,0.021302294611741972,0,-2.3492070835725,2.4900403596927854
bant1288,aust1307,0.043795318207835096,0.03701796960862134,0,-0.22725258044500002,2.3357954451047602
bara1357,sino1245,-3.5390380560335633,0.021790535516177205,0,-2.25696392395,2.497866194285415
nucl1630,koia1260,-1.3525572888300044,0.042532918921676065,0,-1.74155384818375,2.727503138641355
bara1369,aust1307,1.924448264657097,0.05057855744413747,0,2.218134742758675,2.391170739171785
bara1361,atla1278,0.5758444422971694,0.04530374180573005,0,1.393160233831,2.3890335205638804
bara1370,aust1307,2.0749256654418424,0.049621480259555574,0,2.2494485383385,2.422699612814445
bara1380,tuca1253,0.3591492413865124,0.04445250555058735,0,1.51038724973625,2.479012479116295
bare1276,araw1281,-0.1877858476425077,0.03444918753869257,0,0.266039964581,2.43593253820046
barg1252,nucl1709,-1.0536061478102106,0.028404403305155788,0,0.006270743011,2.58037398939751
bari1286,aust1307,0.9955463357208096,0.034631590768508524,0,0.9792912808316749,2.3788157345926653
baro1253,aust1307,1.7009817600909007,0.04719894560152828,0,1.7799022558650002,2.3996312095921297
basa1282,atla1278,1.372158272638231,0.03597480146606896,0,1.0930756367774999,2.45024237745554
bash1264,turk1311,-3.792160635266237,0.04574517251619414,0,-4.8185246778575,2.953330514419995
basq1248,basq1248,0.1894821619854115,0.020351455752910214,1,-2.8810456366209998,3.2098093718414553
bata1285,atla1278,2.3895547582059287,0.03367312329440118,0,3.735304141065,2.50073827379018
bats1242,nakh1245,-2.619622879537931,0.0263196515446906,0,-4.8482280848525,3.028684258248935
baur1253,araw1281,1.1549980606178285,0.04721040994535146,0,1.224501454405,2.5051980579031747
bawm1236,sino1245,-0.5802545277090478,0.040712592564283896,0,-0.66064116911425,2.38868145868085
bebe1248,atla1278,1.942049155277601,0.03468472997945219,0,3.6111258181325,2.4960943187442197
beem1239,atla1278,1.9658406869951368,0.05543529127952753,0,2.8069575605765,2.449673827645975
bekw1241,atla1278,1.3567262491670697,0.041928774868031246,0,1.2565098537155,2.5669443211713396
bekw1242,atla1278,2.419792096710173,0.0444047941314057,0,3.7110695084375,2.50824891487757
bela1254,indo1319,-2.289424585785789,0.03434147818084317,0,-2.5339503216765,2.5429099228428953
nyal1254,aust1307,2.1029259368562907,0.015429004180203248,0,2.3412689098375,2.39716930416497
belh1239,sino1245,-3.2919013187750576,0.025098470552233014,0,-2.36623885019875,2.4970674997519
beli1257,cent2225,0.6226807840032667,0.031071762181404654,0,0.8850001174669999,2.358109522805385
bell1243,sali1255,1.2545098231729006,0.05100351508791341,0,2.035430137265,2.60641202368945
bemb1257,atla1278,0.7104633051049948,0.041987662623333186,0,1.2310047696750002,2.375879070695595
beng1282,atla1278,2.4074415949483816,0.032188004871456316,0,3.737079040105,2.509185465129825
bent1238,dogo1299,-0.5134568030293827,0.04516701083956344,0,-1.09754265866405,2.7559183127880598
zagh1240,saha1256,0.0285953995586073,0.04151856810368307,0,0.605862607455,2.644565139994035
bezh1248,nakh1245,-2.725647030567263,0.021238467907351188,0,-4.9918626523850005,2.9994727292611953
bhoj1244,indo1319,-2.946422650627202,0.022471016916699064,0,-2.997202817963,2.586125040542645
biaf1240,atla1278,2.653324428317226,0.03797660951844656,0,3.69627953346025,2.673793634857865
bian1252,kuni1270,0.19457103785702012,0.055247566246901705,0,-0.7826176961385001,2.569762295279155
biao1254,hmon1336,2.6434724887275016,0.02738070377080734,0,2.7727389156975,2.66027414455188
biao1256,hmon1336,2.3665948352633737,0.021894607820422227,0,2.7706058636325004,2.680308944393885
biat1246,aust1307,2.4601791330156475,0.04356132202693834,0,2.4016630984625,2.421406665993715
bier1244,aust1307,2.0786971214011674,0.04624465185275915,0,1.73425502773715,2.350324687641285
bign1238,aust1307,2.486166922020547,0.05093565795963247,0,2.73151323494,2.401881774555015
biha1246,aust1307,2.978216818639834,0.04018161837753392,0,2.69138862998375,2.42494033071913
bila1255,atla1278,1.5699376427196774,0.027021983810635804,0,3.23870409861725,2.4807836507060648
bilb1241,aust1307,0.4697584131547546,0.052438301943731724,0,0.846400764576,2.36655430094192
bili1260,afro1255,-0.981468187279749,0.02092596485171498,0,-2.3037815195625,2.45760073992739
bimi1240,nucl1709,-1.091090874475558,0.05435180158300754,0,-0.38611229359925,2.443008390971345
bina1277,nucl1709,-0.991272395720245,0.045768961627643434,0,-0.73125490569825,2.46797692196512
bini1246,atla1278,1.6944670819590142,0.03143310091974839,0,1.46354765328,2.4339931040095353
gunw1252,gunw1250,0.22391565182245304,0.06359439138537701,0,1.5483664671575,2.5887713760540203
birr1240,cent2225,-0.31481293917640457,0.03958890618181017,0,0.098083481391,2.386028484380515
bisu1244,sino1245,1.7243887345564888,0.023112657711264355,0,0.36177485001825,2.36471967955894
biwa1243,yuat1252,-0.8523604726557791,0.03645738545811229,0,-0.5996825955139999,2.81296166990451
bang1354,atla1278,2.337674727216334,0.03826841966645006,0,2.75757087759,2.4006537081920003
bodo1267,aust1305,-1.14059251957808,0.03554032199673317,0,-0.016930762971,2.35067313630306
bodo1269,sino1245,-1.5791348770421973,0.02236206184502381,0,-1.0921852048525,2.3991044548979747
boka1249,sino1245,-0.6956737549103751,0.04772331464281766,0,-1.0386127801637501,2.3734913779596303
bola1250,aust1307,1.575543209492617,0.04629592705960856,0,2.3374052022647502,2.419899226417555
chim1302,quec1387,-1.5245633254892037,0.051759444223277634,0,-1.0804636994724999,2.493042143404255
bolo1262,atla1278,1.91921560408048,0.03655580430790305,0,2.344795448663,2.38642501702138
boly1239,aust1305,3.31567385234662,0.022232104414886707,0,2.5860897707825,2.44454905483815
bomb1262,atla1278,2.1179167459478387,0.037516420812455105,0,2.72732131981075,2.43361748379577
bomk1234,atla1278,2.8685373164959884,0.04150812070689704,0,3.8785081542872497,2.6303587333971103
bond1245,aust1305,-0.9487612464200609,0.03294782154829227,0,0.0557095526015,2.34600783489236
bong1289,aust1307,-0.19390085804552595,0.05166715524694303,0,1.4492586147845001,2.41387324993579
bong1284,atla1278,2.3603280283176984,0.03849983386502904,0,2.61909784769,2.4147484790884652
bong1285,cent2225,0.537697224515544,0.03988966240128104,0,0.9540580351532499,2.36154110851213
bora1263,bora1262,-0.8427431152666875,0.056782340458841285,0,-0.7830066239435001,2.7432731984202
bord1248,chib1249,-2.385480476371226,0.029371365403716973,0,-1.8309221575375,2.480064021213135
bori1243,sino1245,-0.9266436657217882,0.017370405112865587,0,-0.61820458763325,2.3741939170922253
boro1277,gong1255,-1.778179668639856,0.04086312436695938,0,-2.2487978168047498,2.620062271527705
boro1282,boro1281,1.2164325018495452,0.05599165578540902,0,1.2620935692025,2.7452284519798402
boto1242,aust1307,0.22863292928154635,0.03549903413060974,0,0.368948369946,2.362787513952515
boun1243,atla1278,2.5080185554326277,0.06461599475611567,0,2.1766510766975,2.46429902302108
boun1245,nucl1709,-0.9396253195592962,0.053668413070608684,0,-0.5548694811152499,2.4334435229512854
brah1256,drav1251,-2.9634496515829145,0.04639124536704746,0,-3.2936665014275,2.74023343820552
lave1249,aust1305,2.9223237782488365,0.048878398046503936,0,2.6677543237075,2.42138556692829
bret1244,indo1319,0.9168659883955436,0.019952227302936984,0,0.50817635808825,2.491321475265755
brib1243,chib1249,-1.6629405893501126,0.04659273608058569,0,-2.054933437565,2.522856851077585
bube1242,atla1278,2.092791791177125,0.035538757611339476,0,3.0600098156522497,2.5174449841962803
bubi1250,atla1278,2.4588866392248923,0.030361768404846865,0,3.32232183923,2.5177985489155947
budu1248,nakh1245,-2.8349330876191514,0.032194342219721735,0,-4.953177994635425,2.96042158256375
budu1265,afro1255,0.6499886026583598,0.05601548569843673,0,0.6427687337522501,2.380143093040245
budz1238,atla1278,1.1111486793994216,0.04191565713063738,0,2.152220149929,2.41595668338202
buga1247,aust1305,3.4292754820802838,0.015534274587179151,0,2.5804797503175,2.44588471354237
buga1250,aust1307,1.2834552584351662,0.03975415309689317,0,2.61442637751225,2.4103062106594653
bugh1239,aust1307,1.8855939105353494,0.04230828485090359,0,2.67570822673,2.415869186842655
bugi1244,aust1307,2.369605303811163,0.047058096934889604,0,2.1855070938075,2.45162653275381
bugl1243,chib1249,-1.3047361030159803,0.051853681789542055,0,-1.56331357522845,2.4717699215486952
bugu1246,sino1245,-1.339505425231721,0.04249074495800199,0,0.1330941820975,2.4200419405721147
bujh1238,sino1245,-3.565956120420555,0.01438833580948556,0,-2.2432893265225,2.520549335552105
buka1257,aust1307,2.487983982315083,0.048306238068382815,0,2.416626221125,2.4362078722936
bull1247,atla1278,2.8828285110275234,0.041119298861652685,0,3.876366361665,2.63400409348378
bulo1242,aust1305,2.9420929651938854,0.03735994225271489,0,2.710751841955,2.4305957494644446
bulu1251,atla1278,2.2564361079221937,0.03520570247051172,0,3.6141905391805,2.513541453169155
bumt1240,sino1245,-1.4664098968946546,0.04570502437888574,0,-1.8481976122125001,2.42796676900449
buna1276,aust1307,1.70445431920455,0.053875371328858994,0,1.851822233115,2.39700930268932
gahr1239,sino1245,-3.3260733211610773,0.04463498183776179,0,-1.7408247601525,2.4377664281944247
bund1253,indo1319,-2.8522688655657573,0.020218883631947238,0,-2.920445005741,2.61956107157708
buol1237,aust1307,0.19271024406020315,0.04122937245674277,0,-0.12906955838575002,2.39772156655582
bura1292,afro1255,0.25208924676216926,0.037500578597876325,0,0.771632816311,2.368998596648705
burj1242,afro1255,-1.1926213810306647,0.02361141381162594,0,-2.2198455285775003,2.4434704183585
nucl1310,sino1245,-0.6914518978315068,0.01890100565532829,0,-0.091534209788,2.405658431518045
burm1264,burm1264,0.36303687839454335,0.04304588588632827,1,2.05243664414175,2.790211914076565
buru1320,afro1255,-0.4372816916078437,0.02943094794344551,0,-2.1845499124335,2.523187700935805
buru1296,buru1296,-3.2188866663186455,0.053920388823350915,1,-3.61949852696075,3.58308524677779
busa1253,mand1469,1.4537811106528147,0.06348822562549683,0,2.62721957104275,2.9500673411870846
bush1247,atla1278,2.025883171708781,0.027599330702238845,0,2.897409359335,2.4259762570023753
buwa1243,afro1255,0.5307319966514912,0.04387458644695093,0,0.45671210444599997,2.37436277698603
bwai1242,aust1307,1.1125194755203247,0.03634401146219248,0,2.313448001125,2.389731749275845
bwat1240,aust1307,1.750458886307313,0.05241070073296875,0,2.0077863385374997,2.38821819080891
byan1241,sino1245,-3.061047926036984,0.04209261249517843,0,-1.2744411493955,2.42810807935696
caac1237,aust1307,1.9400417087604236,0.04465041620754363,0,2.285014623354,2.3908747389027853
cabe1245,chib1249,-1.6462047817058276,0.04869542308947663,0,-2.048570145905,2.51316390381728
cahu1264,utoa1244,-1.4965569937873906,0.046487539215934834,0,-1.492835532805,2.53718810993931
cakf1236,afro1255,0.23115140401324868,0.04404031281608054,0,0.09495756108350001,2.4126471262847646
cald1236,quec1387,-1.30782981027505,0.03979932537254282,0,-1.078498104315,2.49039846991163
caml1239,sino1245,-2.889462730363734,0.02990438061875322,0,-2.3705718114436003,2.49061667793241
camp1261,indo1319,-0.5777742071322972,0.024730079477876164,0,0.54108856951375,2.394192198265495
cams1241,cams1241,0.072064499197848,0.03615919195329894,1,-1.4715741367835,2.735490855862675
cane1242,nucl1710,-1.27916308268182,0.06319289439566987,0,-0.01290700495775,2.607499171589605
caom1238,taik1256,2.5067646039213,0.0421076137931878,0,2.24036520781,2.6879595636727203
capa1241,pano1259,-2.281456481427335,0.015422900491562069,0,-2.8357968868275,2.5743719984867
carn1240,aust1305,2.0647864958380397,0.029155606734752423,0,2.54444043390125,2.469041700042205
caro1242,aust1307,-0.10091856618662826,0.03547950603043039,0,1.874187267640925,2.3242043902824454
cash1251,pano1259,-2.4300911389326973,0.0384151657845005,0,-2.663791749665,2.60632325568126
stan1289,indo1319,0.4140727865712607,0.034345550619544335,0,1.427555217962425,2.3882978516496554
cavi1250,pano1259,-2.040436246458301,0.036493205912298814,0,-2.4380511302645003,2.623218889409525
cemu1238,aust1307,1.6408626931908938,0.04625242303595745,0,1.67473475596925,2.38354375698846
cent2127,eski1264,-1.69292583502054,0.04190202980465853,0,-1.1181216918747499,2.72037021236799
cent2142,ayma1253,-1.2720953730027973,0.052292682905253726,0,-1.453713925965,2.67431967077074
cent2292,aust1307,-0.1024827245365342,0.04523556758330022,0,0.63796693026575,2.355344492362385
cent2084,aust1307,-0.2254846672641789,0.05996991124797907,0,1.2808532510925001,2.35979911956392
cent2314,aust1305,3.0061690255273494,0.0207132077140083,0,2.6099719179900003,2.43567170253562
guer1241,utoa1244,1.5047088896828724,0.036085589486219885,0,1.7581616274849998,2.47294666149606
cent2050,saha1256,0.42907349014592755,0.05066421832858832,0,0.30976358453999997,2.585353653281345
cent1989,aust1305,3.001582996072628,0.025684944527270142,0,2.5696768592734998,2.426825012859495
cent2058,aust1307,2.2913347007355442,0.053628634403430256,0,1.93115442384125,2.39878029500853
mala1479,aust1307,2.0918237175355303,0.0679148743748252,0,3.00951717046325,2.37956158027818
cent2322,ural1272,-3.5268525416871848,0.04138060674273853,0,-6.2024983732,3.133041599399085
cent1992,aust1305,2.9226594238709622,0.027776284995531263,0,2.69700739503,2.42767925865807
cent1990,aust1305,1.6586732203863614,0.030780154686864476,0,2.573277750304,2.461150420289195
cent2126,japo1237,-2.0319336527026,0.012128249253259971,0,-2.6705451850550004,2.811022066481055
cent2140,miwo1274,-1.6320107309298446,0.035997449857435145,0,-0.9500566241624999,2.75048799878101
cent2090,aust1307,-0.10981603205208135,0.04180622173570845,0,-0.33140365665775,2.38951420863291
cent2131,utoa1244,-0.7287503030383728,0.05620130073284232,0,-0.023254955319,2.49452110132368
cent2150,chib1249,-1.914482934210958,0.03935396789995138,0,-2.0789447642264998,2.556408766496655
mbal1255,atla1278,0.9439932757376878,0.03786876309345014,0,2.2025259875675003,2.37276522682731
chac1251,pano1259,-2.15029184303033,0.05647841078312753,0,-2.832274325066225,2.574273405062155
chak1270,sino1245,-0.6110558597841933,0.022007943545136934,0,-0.7821771876465,2.37536364115104
chak1271,atla1278,2.2510749768283196,0.05595963792363668,0,2.8833171932625,2.448527860625495
chal1275,afro1255,0.47584247899530985,0.025671866866687786,0,1.61018687866825,2.4047267477910452
cham1315,zamu1243,1.8290724425891822,0.04923946228401128,0,1.1645281211495,2.80992386895831
cham1309,nakh1245,-2.839418688215522,0.03408477770486093,0,-5.0068356934225005,3.01091999217803
cham1312,aust1307,0.9911805958574447,0.03979487622216845,0,2.051439646225,2.4685393205398203
chan1313,sino1245,-1.179249855231665,0.048059949153750496,0,-0.5677479449355,2.3622332828518147
char1269,gong1255,-1.53555213405222,0.048575046161440545,0,-1.26801156326625,2.542419237106815
chas1234,sino1245,1.016456174957244,0.021283965204229285,0,0.3757217983875,2.373850176764695
chec1245,nakh1245,-2.9539105300848942,0.0303481003021162,0,-4.848498477504251,3.0320657150403596
chek1238,aust1307,1.8470089716484281,0.03756747265384571,0,1.6523555570425,2.38218004585308
chen1255,drav1251,-3.2013830670630474,0.050240639772120954,0,-4.0089807252475005,2.682564789536915
chep1245,sino1245,-3.570634954497363,0.028668677423289605,0,-2.2401552704,2.50846771054602
cher1273,iroq1247,1.4132999198682459,0.04491006813090889,0,2.580355827220025,2.733360912843615
chic1270,musk1252,-0.0754188207288046,0.04026735047817882,0,-0.4580375600475,2.53485576843598
chil1280,atha1245,2.5487409816500133,0.04135183817997229,0,3.2028674833925,2.640602393205185
chim1309,chib1249,-2.3259632836681874,0.04334354821859684,0,-2.1294923056275,2.564178097379645
chim1312,atla1278,0.4347213107725124,0.04111966693160956,0,2.81814279563,2.364532981361225
chhi1245,sino1245,-3.305266475731813,0.01786943971122052,0,-2.36409568127725,2.5083533489217347
chip1261,atha1245,3.046216331987124,0.04684482135273656,0,3.23625964505,2.63469429885198
chip1241,algi1248,1.8513930752152152,0.06396428208991686,0,2.82586124115,2.55995075120014
chir1283,sino1245,-1.2174024942802362,0.014080635051444707,0,-1.8186696044575,2.4389774059045353
choc1275,sino1245,-1.8679138930123376,0.04225100030266984,0,-1.5266199368805,2.3654212492503053
choc1276,musk1252,-0.6719364155045446,0.04597847974723376,0,-0.616984108984975,2.5312750505890502
chon1284,aust1305,3.0118906788746336,0.02792479112438172,0,2.6133885969387496,2.443751372023735
chot1239,sino1245,-1.2865711483397226,0.021435982420913106,0,-1.8458093266139999,2.449587212076045
chra1242,aust1305,2.833898815408018,0.04263717181924356,0,2.7043748231025,2.43340021818703
chuk1273,chuk1271,-2.1774306744717267,0.03206259786732642,0,-3.08936187016925,3.3984934371951203
chuu1238,aust1307,1.1225481082270334,0.03538677309437015,0,1.9827129067440001,2.3296730956859752
chuv1255,turk1311,-3.8044013480675427,0.04520997722396988,0,-4.765281210122501,2.9878348025741452
chuw1238,atla1278,1.2469264685395973,0.03197052490411669,0,2.2985939463225,2.382209868918625
cici1237,atla1278,2.055446432284051,0.02795110588325675,0,1.852947736607,2.452018530445735
chin1286,chin1490,0.8510732328423181,0.03419413791188416,0,1.6948020749875,2.810650411150175
cent2087,aust1307,-0.8869419925811103,0.04057769664342816,0,-0.616042162571725,2.348249426369295
sout2912,aust1307,-1.008592728088258,0.044411606038507086,0,-0.6158693297999751,2.3558715304838147
coat1243,otom1299,1.4324912147494975,0.06440117591449826,0,1.6297088171624998,2.5482049563461704
coca1259,tupi1275,-0.43359032088096694,0.05497824209169446,0,1.21657787045625,2.46189589533973
coeu1236,sali1255,1.6810457426465293,0.04783276708370636,0,2.3240592239025,2.564668573224615
cogu1240,chib1249,-2.32261084579583,0.053210373800267004,0,-2.13877825227525,2.54744492380487
inga1252,quec1387,-0.8377216146564813,0.05465328793130563,0,-0.92097506462,2.477705486880755
colu1241,sali1255,1.829560430968181,0.04637975180308223,0,2.386234805418,2.5749543960227648
coma1245,utoa1244,-0.5732451478976609,0.03778952167016053,0,-1.6322127465612501,2.515102755974545
como1259,sali1255,0.8574397442915851,0.046009025479260286,0,1.3641866167345,2.5334921388601046
cong1236,atla1278,1.3933707484562787,0.03937463983951936,0,2.8283664580017502,2.369989125356485
copa1237,otom1299,1.012899611009531,0.07047883224196058,0,0.7867787853525,2.558136363579005
cors1241,indo1319,-0.30223063597685773,0.019889954155224262,0,0.53325888861,2.38419119729056
cosa1234,sino1245,1.7979695987513498,0.016560190199196977,0,0.37348556937,2.37189917469266
cota1241,aust1307,-0.3269215985855787,0.07167517926434949,0,-0.057561157032500004,2.33861065578516
cree1270,musk1252,-0.7861018761343417,0.04557237027326863,0,-0.924827834510975,2.56935344288385
crim1257,turk1311,-2.4761900967100443,0.04574080697226325,0,-4.7913310337175,2.967097042333995
cros1244,atla1278,1.52155159987731,0.04054497084923478,0,2.045379591787,2.486476359705555
crow1244,siou1252,1.6153655609873634,0.03739198832877544,0,1.81423424612075,2.7687276646846
cube1242,tuca1253,-0.2578595256725668,0.024628100245617845,0,0.97302970192,2.493828468560515
culi1244,araw1282,-0.1186046986842363,0.020437518526382637,0,2.2338853368105003,2.645989555155685
czec1258,indo1319,-1.2472973856580158,0.024063546713205944,0,-2.5336941243525,2.5459790893164
daai1236,sino1245,-0.15892657850322414,0.03798864271534132,0,-1.35952823129,2.398655729921135
daak1235,aust1307,1.6766778429991298,0.034588620588552756,0,2.0923749469155,2.410055044518505
daas1238,afro1255,-0.9517228728891253,0.03145616946393963,0,-2.185113553835,2.423322519186315
dadi1250,tebe1251,-0.5997156716311385,0.03448888233214816,0,-0.82658422336,2.805766187190525
dagb1246,atla1278,2.2621769585779177,0.04884053931361897,0,2.8770843588775,2.45557107122094
dagi1241,narr1279,0.049680794662247854,0.034872354069907116,0,-0.0436686312575,2.702531951755475
daur1238,mong1349,-2.3683111176525578,0.033102353021762156,0,-5.269543579975,3.25073342281477
daka1243,aust1307,2.3333951206506,0.05384969613540083,0,2.1946098002587497,2.406271806710745
damp1237,aust1307,1.1024071732085048,0.036622562798226906,0,1.7270834804050001,2.4010480366220897
dana1252,aust1305,2.50398839917597,0.03339257923611236,0,2.7429791131962498,2.416844034885795
dand1238,drav1251,-2.8901463974041715,0.049214749210312284,0,-4.019548215,2.66738817672694
dani1285,indo1319,-0.8719678783110043,0.047739234715928856,0,-0.570106423145,2.4400648822711952
dara1250,indo1319,-3.050238830564226,0.01849306361563935,0,-3.0055691059100003,2.589298147108115
dard1243,daju1249,-0.1656604617735688,0.03809141943278981,0,-1.8780713085305,2.94144403737847
darm1243,sino1245,-2.4008833285056514,0.058502399567394926,0,-1.168258573967,2.42294852490066
daww1239,nada1235,-0.84572709467346,0.03741006257767437,0,-0.3828349358375,2.596116232613385
dawr1236,gong1255,-2.0190040248598224,0.04070948501882044,0,-2.196812593114,2.57884680681875
daza1242,saha1256,-0.0939277829029854,0.031004637060125673,0,-0.6385720975657501,2.5231239358555797
dege1246,atla1278,1.868516716116977,0.03889694287079628,0,1.72316413413,2.442881064567265
dehu1237,aust1307,1.749559613055915,0.04371218853058828,0,2.332133265275,2.429962152404375
dera1248,afro1255,-0.13072560075735495,0.02981714285242545,0,0.22932642113024998,2.409956843513145
desa1247,tuca1253,-0.21200748058149238,0.041697814189243745,0,0.9781128045495,2.502028482299325
dhao1237,aust1307,3.1167811345624363,0.06382090621742693,0,2.848584708295,2.4650173458935303
dhar1247,pama1250,0.33817588924005815,0.04529850893899585,0,0.402546047697,2.5038345204418997
dhim1246,sino1245,-2.901033106263852,0.04569557886681428,0,-0.787499167999,2.4400532809838147
dhuw1249,pama1250,0.5785299516698439,0.06996617869295121,0,-0.0830989789705,2.55674772942227
dibo1245,atla1278,2.184832396044736,0.04442869149405914,0,2.4911214022425,2.4289161372575
dier1241,pama1250,-0.5733711976448044,0.061221443927415346,0,1.759610577315,2.5691462804604903
digo1243,atla1278,1.0902128515043772,0.0383319699621085,0,2.7165374432917497,2.3935643642919846
dima1251,sino1245,-1.6908136120838926,0.016062792530292174,0,-1.06000612577625,2.413934528894395
diri1252,atla1278,1.3963211006468144,0.06216583010902797,0,2.288938364278275,2.408016084544645
djee1236,mani1293,-0.5280521043444866,0.03748125125447816,0,-0.82587228396775,2.852352911678905
djin1253,pama1250,-0.18744666409597985,0.06968803042970152,0,0.8147245780200001,2.56468289831435
dobe1238,aust1307,2.8564927986090236,0.04964586982739695,0,2.726376247628,2.47383699701195
dobu1241,aust1307,0.9637788426029761,0.02078752609121047,0,1.58324393693025,2.39760911269944
domm1246,nucl1709,0.01351968924047365,0.055747437964020895,0,0.31377370786637504,2.4213690019859353
doma1260,indo1319,-2.917483789794858,0.023861646501971548,0,-2.8487572271625,2.63703194877296
doro1266,manu1261,-0.10209182670237466,0.036053286921857185,0,2.1368461555756753,2.7511213290475602
dual1243,atla1278,2.1883862227841293,0.03528233308669337,0,3.6929140130149998,2.5270297271906053
chug1252,sino1245,-1.5119342990567293,0.0526078571954323,0,-0.176982727826,2.42640016052459
dumb1241,aust1307,1.6727105997413776,0.04090417450116555,0,2.2274156361035002,2.414467604134365
dumi1241,sino1245,-2.893254206661962,0.03196527432689255,0,-2.5032030829950003,2.4901963368828453
duru1236,drav1251,-2.475061095561131,0.05842530584712871,0,-2.336447961925,2.6566656026085047
dusn1237,aust1307,2.774365309302196,0.051747811937020965,0,2.33784925415945,2.467585430647645
dutc1256,indo1319,-0.1185081484132775,0.015130845720753395,0,-0.5370735293536251,2.452198381880565
dyir1250,pama1250,0.5673414245294579,0.0632428835290809,0,0.63390573969125,2.5245218880444646
dyul1238,mand1469,1.719291685634111,0.05310762816982874,0,2.666346798267,2.937254791607935
dzao1238,hmon1336,2.5445844997478764,0.02961315207014446,0,2.7673934280344996,2.6507336317507546
dzon1239,sino1245,-1.9080388774169,0.03813554301333333,0,-1.54133842315,2.3571468935281352
east2443,aust1307,2.363895773667296,0.05330975737166049,0,2.189525607955,2.39185527031193
tang1336,sino1245,-1.3207974881662095,0.03614138331816026,0,-1.35624508728575,2.43774050022611
nucl1235,indo1319,-0.8013268454105553,0.024603268938595463,0,-2.41387181971325,2.72496209569728
east2379,pama1250,0.41942600638216565,0.05869070020841591,0,0.6258724731325,2.472391145281935
east2555,tupi1275,0.049776693687717755,0.04639741659746773,0,0.73392837014975,2.4597701592400254
east2332,aust1305,3.1276264464003347,0.030584087696185557,0,2.167643768779725,2.388552980122695
east2690,afro1255,0.40420480681401083,0.03399483299133474,0,0.9553018144775001,2.361446892132415
east2342,sino1245,1.5211059008937224,0.036794909190588476,0,0.34889363833475,2.441483397498525
east2782,atla1278,1.7423023278079173,0.0558905221247926,0,2.508675597125,2.421958377866175
east2328,ural1272,-3.4882577335046694,0.027286373648825052,0,-6.231869719115,3.13424915258177
east2773,sino1245,-3.5196242960613215,0.02296200969074122,0,-2.25669181793,2.5104078452216
panj1256,indo1319,-2.8779714268790855,0.023923012019612392,0,-2.955241715160025,2.59194876697686
east2485,aust1307,1.819959380017791,0.045508266043187064,0,2.160488653083375,2.420763008905845
east2694,aust1307,-1.6607471295523806,0.04771787721832708,0,-0.514044036095,2.369083608875445
east2447,aust1307,1.7959196145380645,0.05691583237311557,0,2.313363087592125,2.339989961988795
east2516,nucl1709,-0.9372297948646053,0.021986861905921463,0,-0.79153631909275,2.4931143208867104
wall1257,aust1307,1.7774784877728345,0.0495726849707772,0,2.1565606980984997,2.308911991275465
egyp1253,afro1255,-0.24159734987155862,0.02845059876433041,0,0.6291309774425,2.352914570119175
eipo1242,nucl1709,-0.2530082380192406,0.042643158492151556,0,0.406196280284,2.4437708248173102
ekar1243,nucl1709,0.34489268224228786,0.05023441952089048,0,0.04677889796005,2.4542447591142
elem1253,atla1278,1.8312616300866336,0.055666140091146,0,1.674120782725,2.4755449852844498
elip1238,atla1278,1.8375594449056911,0.045225955504941726,0,2.95162814959175,2.474537225916965
emae1237,aust1307,2.0170002688289315,0.0752297314378044,0,2.34230313493,2.3443263508718246
emai1241,atla1278,1.554739121357855,0.028084020541452554,0,1.32327690560225,2.427673390332505
embe1260,choc1280,-2.1801783776262953,0.09344380831836224,0,-1.6929045994849998,2.6146561584774153
embe1262,choc1280,-1.6401373920469078,0.04984023358991875,0,-1.7110218127349999,2.63502569154705
stan1293,indo1319,0.9495228712754492,0.029917949736263567,0,-0.005501210046,2.4398934817741598
enuu1235,sino1245,1.5672740002156704,0.04325108952785159,0,0.18855019255725,2.3680317668962747
epen1239,choc1280,-1.6445700528243328,0.04532782134866618,0,-1.7088579575342502,2.62103093750788
ersu1241,sino1245,0.3551149400728006,0.029929906871257964,0,-1.2303022568075002,2.4349945716808996
erzy1239,ural1272,-3.292386258386722,0.03021186608736139,0,-6.2940447320825,3.100713463205105
esee1247,koia1260,-1.372557323490267,0.04329269630759722,0,-1.744811056638675,2.720884409235585
esee1248,pano1259,-2.2816231199618553,0.044768439252141266,0,-2.48914013546,2.61302316960201
esim1238,atla1278,1.5435715087083643,0.051053014226503095,0,2.8411742027,2.6696478176306346
esto1258,ural1272,-2.8312676532635717,0.04196067527142384,0,-6.378350147915,3.070815982198585
even1260,tung1282,-2.9484602687964987,0.02962820560054837,0,-5.314224980540001,3.317572066550615
even1259,tung1282,-3.366937788520556,0.021351350808284715,0,-5.3316100682825,3.306339326403025
ewee1241,atla1278,2.2294991225443646,0.04787911048958792,0,2.8524912024,2.49393656228921
fala1243,sino1245,-0.8263723044604021,0.0493228416938307,0,-0.6639866968247501,2.390917222294515
fare1241,atla1278,2.290216266821385,0.04981123541835252,0,2.865493463585,2.4621222083525254
faro1244,indo1319,-0.758872709170503,0.03369032301089732,0,-0.62964488141,2.40932843946071
fasu1242,fasu1242,-0.7619452815094537,0.04171007512785571,1,-0.6926075920847,2.8175058046615247
fefe1239,atla1278,1.7625741820498586,0.0481541261284556,0,2.0171026605374998,2.472350557516525
fiji1243,aust1307,0.8791014228256159,0.05348160033465859,0,2.3422855454385,2.366362798102955
fili1244,aust1307,-0.7175830415923043,0.036367419867234234,0,0.093962716721,2.3457639281218947
finn1318,ural1272,-2.931645720622273,0.028548483240835924,0,-6.384261311575,3.04953378837119
foii1241,east2499,-0.03987931637159435,0.04344855090682346,0,2.0766442733225,2.775202199060165
fonn1241,atla1278,2.1922068896223816,0.05674210815457423,0,2.8284028803825,2.49203421392126
fore1265,ural1272,-3.6955412808924546,0.04628879938030928,0,-6.0189785814195,3.212853304448295
stan1290,indo1319,0.8481094962466524,0.029314348553582024,0,1.3987083040875001,2.3825545700043
fuln1247,fuln1247,-1.562159392626985,0.03834436398212225,1,-0.64918570566,2.80373282701847
furr1244,fura1235,-0.5370126204231506,0.045800070133159905,0,-2.06489331460525,3.0884323663171154
futu1245,aust1307,1.4451706950516874,0.07234414174681708,0,2.387240877435,2.3301141654087854
fuyu1242,fuyu1242,-0.303602827112362,0.06040758297797047,1,-0.6964008836775,2.6000440830379103
gaaa1244,atla1278,2.2493981132727585,0.050803122107036996,0,2.674401040315,2.496139519910495
gaan1243,afro1255,0.09721019579157235,0.028280343153039733,0,0.27291118030325,2.37361123020559
gade1242,atla1278,1.6092621841823842,0.03818750466426735,0,1.9649718190453749,2.473141526939695
gaga1249,turk1311,-2.667173300853638,0.0352591308590791,0,-4.7919621935275,2.942479519272165
gale1259,nort2923,1.276874804720601,0.03938274247824362,0,2.5366636469975,2.6948686131766904
gali1262,cari1283,0.8517043440925014,0.047172380658673324,0,1.311620926083,2.44792437593964
gali1258,indo1319,0.8631520492628963,0.018741708284831727,0,1.504266106424375,2.36583774431505
galo1242,sino1245,-0.5337552944704098,0.01927765583156946,0,-1.16242753429075,2.36957631211858
gamo1243,gong1255,-1.9006451960469173,0.04903745537509508,0,-2.1968250753975003,2.56943449406212
gand1255,atla1278,1.9477944706624504,0.04732694519081018,0,2.81517091274225,2.410979585829995
gang1266,sino1245,-1.3397440690666378,0.03108539222208774,0,-1.70394239554025,2.443589198273205
gant1244,nucl1709,-0.6402635139590414,0.04038679900168569,0,0.72803781457325,2.4349088545156947
gapa1238,aust1307,1.0478715841413635,0.04535513441453632,0,2.24903468792,2.383462108045395
boht1238,afro1255,-1.2447647120069094,0.043933372288640235,0,1.6600085609800002,2.37157253672116
garo1247,sino1245,-2.005025314192655,0.025425771191640488,0,-0.98358702563,2.394262578826405
gata1239,aust1305,-0.6505186775268449,0.033719229011644834,0,-0.30551850973,2.362227776697255
gayo1244,aust1307,2.1702255696550474,0.05338214009230972,0,2.2329805867745,2.444759105835545
geba1237,sino1245,1.2749741216577348,0.038182033457878344,0,0.351405696859,2.437200930383395
gebe1237,aust1307,2.243221308654997,0.062651074572381,0,2.1411778497075,2.475281513706925
geda1237,aust1307,0.5805185383178622,0.04478737065090372,0,1.34387691488325,2.36490811554427
gela1263,aust1307,1.9826063793625197,0.042847047622349095,0,2.66333004875675,2.418452776029345
nucl1302,kart1248,-1.6680633284606894,0.04658757893121701,0,-4.0356680087925,3.07057802408147
ghad1239,afro1255,-0.881268781803797,0.031226664982129424,0,-0.9720053389725,2.47868849355061
ghan1242,aust1307,1.9686493828152547,0.05140058965458744,0,2.39454213833975,2.4239810765829697
ghar1239,aust1307,2.0160778455711625,0.046261996571608885,0,2.65940171345125,2.4221307889159203
gheg1238,indo1319,-1.7719799924981992,0.026159558045995873,0,-2.4772037076275,2.6975839726554103
ghom1257,afro1255,-0.6771989972842054,0.024226132718659518,0,-1.04488320769475,2.48635250088796
gilb1244,aust1307,1.5620930780110995,0.04708848798802087,0,2.23235886908825,2.394941233391965
gira1247,nucl1709,-0.7634213259005425,0.0508688224722907,0,0.828577759649,2.566420597711315
giry1241,atla1278,0.9995137032479442,0.033171502968157886,0,2.724697585267,2.3838333688277453
glav1244,afro1255,0.7030628965024752,0.03232713060611404,0,0.90697192255375,2.3948261169559197
gobu1238,atla1278,1.7228721413880717,0.04822986024839562,0,2.05391726662425,2.37180715526451
ghod1238,nakh1245,-2.924337875156074,0.027084475793875087,0,-5.0105943416515,2.994222953018075
gofa1235,gong1255,-1.9847374588620426,0.048149056533287944,0,-2.1890527292244997,2.57887561561284
gogo1265,suki1244,0.11813067311368894,0.041346246277385715,0,1.7352755527955002,2.7623780946313303
gola1255,atla1278,2.7779689995342727,0.045169341583396735,0,3.78620379977,2.677289680863005
pare1266,aust1305,-1.106626861091799,0.030931341349581403,0,-0.28072571627,2.361294383211185
guah1255,guah1252,-0.8039648817458406,0.05261983881990155,0,0.13011790333025,2.61600172612158
guam1248,barb1265,-0.7449052351520412,0.037586560247050246,0,-0.29876449263325,2.58976749940921
gube1234,atla1278,2.391689509740152,0.03832482936919216,0,3.6922189976824997,2.68622757764978
gude1246,afro1255,0.3613278110373038,0.029317313515931635,0,0.73531419881,2.3921248611518102
guer1243,otom1299,0.9611000502948566,0.05236684210220135,0,1.67722239174945,2.584388927818865
guhu1244,nucl1709,-0.8489529442449653,0.015703872360211955,0,-0.71549183150725,2.4732926442656753
guiq1238,sino1245,-0.00049954806381155,0.03278935027323473,0,-1.17547373446525,2.42925628954918
gulf1241,afro1255,-0.0268610960488015,0.036207314786180333,0,1.11035922435,2.3661101674782303
guma1254,aust1307,1.7154157855774028,0.03928249937972161,0,2.1403974963075,2.39328321620803
guny1241,pama1250,-1.2518069923618254,0.08043943149596296,0,-0.21470535210225,2.563921588675385
guru1261,sino1245,-3.4904189236217777,0.04339130671241675,0,-1.98128779152045,2.44052014292392
guru1271,afro1255,0.44707512913840636,0.038016786494640194,0,1.2367917355835,2.45251648535539
gusi1247,atla1278,1.9504006293904932,0.03766253038839,0,2.77520735101625,2.409476212750055
gugu1255,pama1250,0.3853576957383749,0.07468987666157798,0,0.5563373202845,2.556127448756965
kwam1249,koma1264,-0.27205872759246935,0.04606002252438535,0,1.7057116125025,2.947509732456805
gwen1239,atla1278,1.2072073800469725,0.038566156627260297,0,2.2863297428725,2.39289500658448
gyel1242,atla1278,2.3256304269444037,0.040584670206623055,0,3.64079172149625,2.520397644712295
haaa1252,atla1278,1.6338149883829363,0.03930741590252424,0,2.7092623717925,2.434449110679145
hadi1240,afro1255,-1.6440385279675496,0.023309865771708637,0,-2.2113651213625003,2.447771791231445
hadz1240,hadz1240,0.5870193797550523,0.056428646357913365,1,2.272453822319,3.30795896851569
haka1240,sino1245,-1.4469324127927,0.026232020009047573,0,-0.9133557027304999,2.40854076300195
hakk1236,sino1245,1.0431329461350587,0.02392806253874136,0,0.50316634961075,2.40273972957928
halh1238,mong1349,-2.6115851614880112,0.03664927807438711,0,-5.281274522935,3.24264675457594
hali1244,aust1307,1.7819497865000766,0.048055691218008796,0,2.1006843591975,2.413724175442935
halk1245,sali1255,1.6503483940915467,0.030011433999389978,0,1.56405708895,2.569723100704965
hame1242,sout2845,-1.3110415028972264,0.05623560970203663,0,-1.68885705851425,3.11851081807891
hang1263,nduu1242,-0.00614077382874935,0.07400811024523506,0,0.6473016456835,2.62504496979949
hani1248,sino1245,1.8978157748889848,0.019212286366200065,0,0.28632726495000005,2.36027928602931
hano1246,aust1307,2.3316029700364522,0.041859722212800626,0,2.14935144222925,2.3770359207903597
haro1237,aust1307,2.8752885251099842,0.04423750081672516,0,2.66496796430025,2.4216522540265597
haru1245,piaw1238,-0.27168831793790704,0.03849326760180701,0,1.2686925731025,2.67351744449832
remo1247,aust1307,-0.3362772201827121,0.04589011345010981,0,0.736837728325,2.36222745853387
hava1248,coch1271,-1.210733772851153,0.04788130788713308,0,-1.40651249269175,2.685832805000845
hawa1245,aust1307,-0.4701537154941877,0.036061391590543536,0,1.7168793996225,2.3211774376819196
sabu1255,aust1307,2.993013937245106,0.05148531466246968,0,2.8492430058855,2.45962075661514
here1253,atla1278,1.5476478873142028,0.04562950048532095,0,2.385819934675,2.410835913328365
hert1241,afro1255,0.5339847104383144,0.03858376982246831,0,1.6358220699900001,2.3867296051597497
high1278,utoa1244,1.9826899518928032,0.05206957546611105,0,1.75428091737025,2.4787198671656796
high1243,toto1251,2.1020966618000285,0.04274915346814267,0,1.4154916941775002,2.689543936394335
karb1241,sino1245,-0.7693137046912579,0.06724892318492746,0,-0.46053397993775,2.41986526015011
hind1269,indo1319,-2.8914050060811407,0.01597343438995194,0,-2.92035567639,2.5977133415218647
hixk1239,cari1283,0.16918918117464277,0.047778709866020265,0,0.89094980725925,2.46356254102087
hooo1248,aust1305,-1.316661820876618,0.029537145534316394,0,0.3260624671495,2.340249718464335
hoav1238,aust1307,2.0415702303763483,0.04566473464393965,0,2.4696607067975,2.403370719087275
ainu1240,ainu1252,-0.13602628325371213,0.022444069038778394,0,1.182172412765,3.2578930225607197
holo1240,atla1278,1.1083834022388055,0.03685792541338142,0,1.5966805541095002,2.39183915606595
hone1235,atla1278,1.0108935808028392,0.04117298255537642,0,0.51380264439425,2.39535764518947
honi1244,sino1245,1.4855220923137504,0.026377094749672602,0,-0.03120907543425,2.3445828076005597
hopi1249,utoa1244,-0.6206028703538102,0.039290584236208716,0,-1.55106578354325,2.528534733378715
huuu1240,aust1305,2.9939802521438645,0.01934958518021033,0,2.780924576966,2.404302805683515
hual1241,quec1387,-1.5996017669142402,0.0498415050296066,0,-1.2115720222242499,2.5508614455196748
huam1247,jiva1245,-1.6528295623565192,0.0435214533558197,0,-1.5783084004060002,2.6371707259415
huar1255,utoa1244,-0.931708116954704,0.04351030995835773,0,-0.01007063226525,2.4993035209848546
huba1236,afro1255,-0.02929159390670015,0.03798067306772682,0,0.276491865737,2.37357049273167
hula1239,aust1307,0.517057671794968,0.039496033639831576,0,1.95004878152175,2.339626719952985
hula1244,afro1255,1.0712027600961282,0.01903522143179797,0,1.610616158585,2.40159865348968
huli1244,nucl1709,-1.0672681050565305,0.04981394080058665,0,-0.7692612021975,2.49486084737123
humb1243,song1307,-0.12295264613168819,0.04652406325566166,0,0.30607773503475,2.4739182393263652
hung1275,aust1305,3.2960585824241355,0.026036475203221787,0,2.5670613704675,2.4542173260826248
hung1274,ural1272,-2.228907745576486,0.03431164129922338,0,-6.188713865335,3.14059509062975
hunz1247,nakh1245,-2.737389780149922,0.026352295990790867,0,-4.989667230715,2.97318906472271
hupd1244,nada1235,-1.0136999882436235,0.03890537955040146,0,-0.3729121232125,2.607140983175985
wyan1247,iroq1247,2.470507370097261,0.044246423480422147,0,2.85924395836,2.6956524425774946
hyam1245,atla1278,1.7780471525848756,0.03256374082311298,0,2.20740683506875,2.5253613697800352
iaai1238,aust1307,1.8222020058213086,0.04839732241381294,0,2.32064051096075,2.41138652348545
iatm1242,nduu1242,-0.761998228459774,0.07862997386508597,0,-0.10487954181225,2.669994615491995
ibal1244,aust1307,0.199130924923338,0.0472564998276248,0,0.2000039241675,2.3613814332406147
iban1264,aust1307,2.3228167761454146,0.05442952193378778,0,2.8958180734425,2.39448763846887
iban1267,aust1307,-0.07140573729597896,0.05682172463078985,0,1.2084419675325,2.372198712222365
ibat1238,aust1307,-0.598211234038492,0.056433980382452266,0,-0.0143229442298,2.3652613899420247
ibib1240,atla1278,1.699088361923089,0.03276844155995729,0,2.0070487372397503,2.47981871953354
idii1243,paho1240,-0.956744940516179,0.057766514291708836,0,-1.0632874683117501,2.74914072224432
idom1241,atla1278,1.5346810674572695,0.03471346965948982,0,1.96490204921725,2.4646960780526452
idum1241,sino1245,-0.7080335460046474,0.04573400406043709,0,-0.311331147325,2.42272577700791
idun1242,aust1307,1.115540501798836,0.047667625067638796,0,2.3158704887027497,2.38684589317279
nucl1417,atla1278,1.888039193191182,0.038878736573644594,0,2.005697251882,2.45409386855852
ikkk1242,kuli1252,-0.6002358419297189,0.049334704901104816,0,-1.62086798395275,2.995840616792335
ilaa1246,atla1278,1.570294398561594,0.03676583896239995,0,1.98629641919525,2.38624604462873
iliu1237,aust1307,3.141778743735994,0.06570103101834016,0,2.8748153044425,2.4699018621572453
ilon1239,aust1307,-0.39212740313149297,0.059410493313943755,0,0.339649251438,2.370920703543245
imba1240,quec1387,-1.253934773262712,0.04140058483259886,0,-1.122408978209,2.4950960199803953
ingr1248,ural1272,-3.0823635330308714,0.030174826004686996,0,-6.3942345651500005,3.043234285622045
ingu1240,nakh1245,-2.8113280549759616,0.02820937998287166,0,-4.8691906713725,3.03610900510477
alba1269,aust1307,-0.8362554851888346,0.058144792669644625,0,-0.5712348988575,2.35868892930135
iqui1243,zapa1251,-0.00819631959897015,0.03992049594963443,0,1.4486615146975,2.73605105503928
iran1262,aust1307,0.9394466450986327,0.04174329834756696,0,0.17690785654750002,2.36583040375403
irar1238,aust1307,2.8676974871639325,0.050026413494244866,0,2.2787264831974996,2.49928635205121
iray1237,aust1307,0.3089015527434857,0.061398032880109685,0,1.8902057989175,2.4519467390872753
iris1253,indo1319,-0.11341299680503285,0.02250031498096863,0,-0.5411415863825,2.51524391873399
irul1243,drav1251,-2.948013655431708,0.04051340461828937,0,-4.0560254358625,2.65272106214009
isco1239,pano1259,-2.3815623435256015,0.05151251890249988,0,-2.8293517885525,2.59419561911036
isin1239,aust1307,0.15011063574296746,0.05298709164163692,0,0.2371813265295,2.362297295921655
isir1237,kwer1242,-0.6115504140173326,0.073745012309697,0,-1.0584983179425,2.75900980985256
isna1241,aust1307,0.5283116998301716,0.05135168156031904,0,1.1010945390275,2.371540125313145
isth1240,utoa1244,1.7416294470905767,0.05681226230424337,0,1.8570978870900001,2.4594090722357302
isth1242,utoa1244,1.7883603662737841,0.05680870140745187,0,1.86718493123375,2.473166619065895
isth1241,utoa1244,1.7626177720758887,0.05626364464617228,0,1.87100113333525,2.472355908697585
ital1282,indo1319,-0.11904555204304125,0.031076509640490673,0,1.3255321687450001,2.3757939458217647
ivat1242,aust1307,-0.9428583445152694,0.0695996067186484,0,-0.014430854905,2.365083829810205
iton1250,iton1250,0.792376393320398,0.03562816384391208,1,1.248793293785,2.82931452857836
itza1241,maya1287,0.6874582147666943,0.03876847243386803,0,1.1066354129565,2.53377033474377
iwal1237,aust1307,1.435733698725287,0.04091798854152932,0,2.62889268837475,2.4093130694714
iwam1256,sepi1257,-0.5529267425144628,0.06735145849180403,0,0.03591752352,2.6000320893332898
iyoo1238,nucl1709,-0.8484414541028895,0.048285849437191095,0,0.28798623931175005,2.44780899861696
jahh1242,aust1305,2.091847225886662,0.03118013290447981,0,1.7332583797845,2.3748957400220396
jalk1242,mand1469,1.7784503935837201,0.053018438002124704,0,2.6727814041349998,2.934678620353065
jamb1236,aust1307,1.9852067998118588,0.06337916604636963,0,3.019851181995,2.370999889594745
djam1255,mirn1241,0.13895368465961705,0.04807394450995372,0,-0.07858293437,2.584031852067915
jams1239,dogo1299,-0.20266216981133772,0.03952302625057089,0,-0.102642956334,2.661500926228915
nucl1643,japo1237,-2.141706194209892,0.015330445827644276,0,-2.457616748705,2.8365870489904097
japh1234,sino1245,-0.4739278997204867,0.028185418684992015,0,0.0591841239375,2.394106567142805
jaqa1244,ayma1253,-1.69692521601994,0.06979898993874503,0,-1.43081597402775,2.710406521985
jara1266,aust1307,2.986467087649692,0.05414726480081551,0,2.69985519415275,2.42679008277413
jaru1254,pama1250,0.6971772800140925,0.05410103533625106,0,0.8285360185074999,2.4979676733358653
java1254,aust1307,1.503878619911984,0.04879658848168531,0,1.180794992704,2.4151073182000102
jehh1245,aust1305,2.859731639272686,0.026025697593638455,0,2.6757880994788747,2.426126714583645
jeha1242,aust1305,2.215987028065964,0.025017553277015138,0,1.8554199087355001,2.37432482820199
jenn1240,drav1251,-2.71969464972416,0.05461352777154337,0,-4.073467328735,2.64731414854578
jeru1240,sino1245,-2.959109472477345,0.024505231839785743,0,-2.50867925648775,2.490638136480765
jina1244,afro1255,0.5412559850149892,0.03957693402391221,0,0.37582408221475,2.3620871633596003
djin1251,mirn1241,-0.8988458615426399,0.05281640960986597,0,0.54085540292225,2.59721914190495
jita1239,atla1278,1.9321418782643347,0.04752511153990781,0,2.74624283535,2.42178961780915
juan1238,aust1305,-1.0773540208613017,0.02240796544805583,0,-0.2116789720094,2.350311307241305
juku1254,atla1278,1.0238111554241272,0.04249773065741106,0,0.5025033966357499,2.3968527269518702
jurm1239,cent2225,0.6311345898707064,0.030079869888195106,0,0.8849855886325,2.36430940713494
kaba1281,cent2225,1.2110675976981424,0.04707528061709054,0,1.081967321555,2.34326930568181
kaba1278,abkh1242,-1.3516911941622132,0.03731410971936085,0,-2.169238225015,2.818451498165235
kach1284,gong1255,-2.2043488626279726,0.05550714882114153,0,-1.8323183298024999,2.5727967427809
kada1242,drav1251,-3.2203430144371725,0.04565780615995666,0,-4.07160160592,2.634209096502715
cent2100,aust1307,0.2154702870445792,0.05495633209480287,0,1.8699629912925,2.3881414610577902
kado1242,sino1245,1.6362241185253357,0.029266111609595982,0,-0.5975530403525,2.359556206489565
kafa1242,gong1255,-1.6972340591963189,0.04732749642780183,0,-2.25510096960325,2.6031038835867246
kaga1256,aust1307,-0.21675716194169808,0.045646087151145986,0,-0.4920847453175,2.361993184831915
kagu1239,atla1278,0.656612382539769,0.05441511450289375,0,2.585487221973,2.38051865461882
kaik1246,sino1245,-2.9178883661882917,0.05301212008336385,0,-1.916821489007675,2.449231951008835
kaki1249,kaki1249,-0.00762849380010505,0.07848488732476214,1,-1.198091517482,2.7764207501751548
cacu1241,kaku1242,-1.1789674906562815,0.03912265082712603,0,-0.6910530699524999,2.81045287907396
kala1399,eski1264,-1.3811482269504984,0.02675768107598367,0,-1.1136549597149998,2.728436014141775
kala1388,aust1307,-0.7425424354229895,0.03500267478108555,0,-0.57833462070475,2.348653131201155
kali1308,sali1255,1.960477937206496,0.04723182209427503,0,2.3281558451955,2.576281352593975
kamm1249,atla1278,0.9449194271478835,0.05769221114167639,0,1.7003929829325,2.4492001564226
kama1370,nucl1709,-0.6296604528418916,0.06235092984026909,0,0.02832961948,2.460281015931145
kamb1297,atla1278,0.9857350476742928,0.0469479079043783,0,1.8483318918715,2.3726656103262798
kamb1299,aust1307,3.0623547862952822,0.08746275444125266,0,2.840783068785,2.4805340766195796
kamu1260,kamu1264,-0.02383692954150805,0.03631761326055114,0,1.2234923874749999,2.6410117479621897
kana1286,aust1307,-0.13632949570947506,0.06460662138486901,0,1.24613887853,2.5343928321155254
kani1286,nucl1709,-0.7215803785664565,0.04282832676813805,0,-0.189621729548,2.450385034195055
kank1243,aust1307,-0.2327346067094888,0.06070571310659736,0,0.310559336249,2.3493427556312847
nucl1305,drav1251,-3.335002230436526,0.04252530374428947,0,-4.0788073536216,2.6539424327908048
kaon1241,atla1278,1.6011714205920744,0.02994424034822388,0,2.9508940724447497,2.4756248777158802
kara1482,cent2225,0.1576708528492726,0.03873929714407473,0,1.0634352735425,2.3523366321836052
kara1476,pama1250,-0.41644872233338937,0.089679145076601,0,1.2380095941175,2.5119345262425297
kara1500,nucl1710,0.1378481638054351,0.04121495367707754,0,0.36597954081749995,2.6273052463186097
kara1487,aust1307,0.2116431930407544,0.05098438778921525,0,0.2794221107025,2.36753913206081
kara1486,aust1307,1.5428029434893171,0.043510064849390885,0,2.19487248364775,2.423047250437085
kare1338,atla1278,2.121779710203877,0.03633735549371977,0,2.673805968513,2.444917979846095
kare1335,ural1272,-3.1340996227097646,0.03210496742255176,0,-6.393214625244999,3.03842157471969
kari1311,tupi1275,-0.991532628621598,0.03744731044090492,0,-0.77759670040525,2.54329418348677
kark1258,pauw1244,-0.6761957272524974,0.07069462001968078,0,-0.46685470298125,2.8203479450369002
karn1252,aust1307,1.0207928967253501,0.053276732671688205,0,1.89293536739075,2.3619817715737
karo1304,karo1304,-0.0667418135739417,0.03010509428055781,1,1.76286973796445,2.803854422928295
kash1277,indo1319,-2.9132652156313448,0.021209916098015997,0,-2.91118134424,2.620646796988025
kask1239,atha1245,1.8172635821326266,0.05180510277955913,0,3.18256215665,2.64608811307726
newa1246,sino1245,-3.028672635961966,0.021144780497556706,0,-2.25594226147,2.50757936514675
kats1235,sino1245,1.669404268958489,0.022848118037816383,0,0.7647003255189999,2.4230371318520447
kana1291,katu1274,-1.234093377279064,0.03741395019160938,0,-0.65558920107325,2.767483872202365
kava1241,aust1307,-0.918601780572535,0.041174717417514835,0,0.13408687342,2.51579524356897
kaya1315,sino1245,1.3802951740161684,0.04622548653946067,0,0.3644576255645,2.43554141216514
keap1239,aust1307,0.5336976994724341,0.05043929287509363,0,1.95250863010375,2.34527777467862
keda1252,aust1307,3.2060221403613225,0.057336075121451446,0,2.7865275667005003,2.483143716958825
keig1242,kadu1256,-0.638056676571559,0.0476989388085759,0,-2.06555092233575,3.0079627287518402
kele1255,atla1278,1.5034403961701623,0.041499220439529146,0,2.9318880141925,2.459487354272395
kele1258,aust1307,1.4375162158743557,0.05341244707645961,0,2.43811220770825,2.413343867066525
kele1259,aust1307,-0.1545313282868696,0.03992709806064474,0,0.9279978650315,2.36148589853754
keme1240,atla1278,1.2290103424656889,0.037441717290203215,0,3.3028330669150003,2.550137222588905
keng1240,cent2225,0.7376152388698642,0.0330680569145873,0,1.11070458843875,2.335287008448275
kens1248,aust1305,2.287677187633627,0.014772399936819728,0,1.863250533305,2.3747009449908703
kenu1236,nubi1251,-0.8487808621462448,0.050149498560546575,0,-1.856062575678625,3.082998632507705
keoo1238,aust1307,3.025250814671085,0.06474600995257077,0,2.7836532857115,2.46944268458862
kera1255,afro1255,0.8230348430937208,0.039065997658972354,0,1.24473614864,2.4646876439979497
keri1250,aust1307,2.038931707529347,0.05200080847293176,0,2.9732943898975,2.3866034615592
kesa1244,nucl1709,-0.2751231925763301,0.04075076233004854,0,-0.41519264939375,2.546759405680335
kett1243,yeni1252,-3.0796094031898518,0.0414162457702992,0,-4.55750227376,3.87484843572797
khak1248,turk1311,-3.0411491019983896,0.046349426270281914,0,-4.8173442566675,2.9595538289319547
khal1275,sino1245,-2.7059305760462027,0.02178876788860939,0,-2.4974929385525,2.487015220827335
kham1282,sino1245,-1.6110786502650707,0.04603986199550896,0,-1.5492129724168,2.354612140729905
khan1278,atla1278,1.6596179307381655,0.04590254052476538,0,1.25117086348825,2.4544270863512203
khan1274,aust1305,3.3930395625989203,0.033853977570946506,0,2.77001389312775,2.4230713639331247
khar1288,sino1245,-1.3305880821700593,0.0349794491831032,0,-1.7279368954174998,2.42235141018207
khar1287,aust1305,-1.2647274091765803,0.02926673138291297,0,-0.187794991755,2.3515593533767154
khas1269,aust1305,0.5284183966023523,0.04588093316919541,0,2.72375867510225,2.4115551681744147
khez1235,sino1245,-1.2046367891991423,0.04492497176003409,0,-1.5530811543127498,2.45816438928912
khin1240,nakh1245,-2.800200801782845,0.031083755710561545,0,-4.94859200688,3.023390018958675
khmu1256,aust1305,3.220700168138911,0.045176119860136935,0,2.6023347097372502,2.434991049447225
guan1266,sino1245,-0.7232286091274829,0.03134415165809051,0,-0.6765238284405,2.4171913897615
khum1248,sino1245,-0.9168552829459652,0.024955145514662196,0,-1.6988211801342499,2.432636759716935
khva1239,nakh1245,-2.7899092896374875,0.023936948348948026,0,-4.99382050287,2.982259245958745
kich1262,maya1287,1.5850922716966025,0.060048080540506046,0,1.6997424512269999,2.649998132637505
kiku1240,atla1278,1.5131427778101556,0.044873374621811006,0,2.132538022485,2.37458515524671
kile1243,tung1282,-2.4949526359449847,0.027358857027142025,0,-5.3462566731750005,3.292155625913675
kili1267,aust1307,1.7577846638630548,0.0482040965911264,0,2.467501384855,2.367057546134585
kimm1246,atla1278,2.000244413082986,0.07015339288431635,0,2.53236335751925,2.495631947041355
kima1244,aust1307,-0.08742297934637405,0.049527140238605036,0,1.61857215974075,2.38307745127535
kimm1245,hmon1336,2.8725430615657546,0.020164709561389833,0,2.7676814197925,2.677741214184195
kina1250,aust1307,-1.1978471632620187,0.05716315080772063,0,-0.48429590573424997,2.35370375702672
kinn1249,sino1245,-3.285827193508333,0.017478657612306638,0,-1.7209931394375,2.46780128195443
kiow1266,kiow1265,-0.7681984950179489,0.03990431124106416,0,-0.86854938541135,2.761764430885275
kips1239,nilo1247,1.1741480135036464,0.05612956025013795,0,1.18217601479,2.49697567726572
miju1243,sino1245,-0.14299243212955515,0.02382869417838617,0,0.61337603901525,2.405464761808755
koda1255,drav1251,-3.305118458278243,0.04101326178678616,0,-4.068710508732501,2.64954885137501
koho1244,aust1305,2.8383333842100305,0.037160026021807784,0,2.6952857225924998,2.4293924586101747
koir1240,sino1245,-1.3082467991813833,0.026582247406323742,0,-1.7958066358129998,2.428834985531215
koit1244,koia1260,-1.3192717862823753,0.050647607440867215,0,-1.6990849185624999,2.72391272624433
koka1244,pama1250,-1.2798966174680921,0.07447103939586915,0,-0.25185404901700004,2.51733448513089
koko1269,aust1307,1.661978298523191,0.042163094060069344,0,1.2910040535435,2.3869304356663603
kola1285,aust1307,2.8452540574622684,0.05969529125755353,0,2.72065429064675,2.48937097607958
kolb1240,atla1278,1.554689340490269,0.03919221980330087,0,2.38773798011,2.426703426073935
kolc1235,atla1278,2.218978735567565,0.03369074077001798,0,3.7097570864860003,2.507470092881775
kolu1245,aust1307,1.7040730127822856,0.04066978677581338,0,2.220959008332125,2.394554074878755
komb1274,nucl1709,0.4502075881461659,0.03947437338003459,0,0.19824352664325,2.424962524989645
komc1235,atla1278,1.4586258556374199,0.04700627146278601,0,2.6889481294279998,2.479469427937925
komi1270,sino1245,-1.23928157322579,0.026531744042266235,0,-1.8301166708375,2.4317444102544403
komi1268,ural1272,-3.4731454859462967,0.034009747097433464,0,-6.1921350233825,3.1402459175540054
komo1260,atla1278,1.6852259917006185,0.027073477168696018,0,3.2360433495925003,2.4838916251287797
kona1242,east2433,-0.9415918865283357,0.04428703457331346,0,-0.338434719355,2.78389905136578
konk1267,indo1319,-2.7845609909183784,0.03268974006920023,0,-2.9852459494705004,2.572757902633625
kony1248,sino1245,-1.0495371490668068,0.04482942931065126,0,-0.57213835504175,2.36036580733248
konz1239,atla1278,1.8619669358691082,0.04187783210125676,0,2.7006016485725,2.4261166034777553
koon1245,atla1278,2.2960696610225897,0.04444147115347813,0,3.7118605649065,2.496016710920725
koor1239,gong1255,-2.0513389141640443,0.05368726879969383,0,-1.848743679921,2.563458317182885
kore1280,kore1284,-1.5965948223112694,0.01885313188226798,0,-3.0023621909225,3.199002754013025
kore1283,tuca1253,0.4953431471523986,0.03882377759408611,0,1.75485645163725,2.51578153501593
kork1243,aust1305,-1.5065261807836905,0.023578232360011005,0,0.023788609433249997,2.36762280224022
koro1298,atla1278,1.5218650984729778,0.05701561386152442,0,2.820332601055975,2.46956679110972
kosa1249,nucl1709,-0.3924508778301773,0.04475089180561815,0,-0.021679120544749998,2.4248525993135353
kosr1238,aust1307,1.1741388641003352,0.011858117402441427,0,2.3023975551199998,2.39328925396531
kota1263,drav1251,-3.2542088213859306,0.04411794279437099,0,-4.019009960946249,2.6596201447684953
koti1238,atla1278,0.9569209453636423,0.041395878434379356,0,1.98234206521975,2.37464454477404
guan1269,tuca1253,0.6093429491897568,0.04673607067350531,0,0.9751973698675,2.49331561383762
kove1237,aust1307,0.8590635987077808,0.05783631523375873,0,1.193263938644,2.3702969883786453
koya1251,drav1251,-2.422476495073159,0.04577682133170017,0,-4.020506616434,2.66281351378376
koyr1240,song1307,-0.26329601198798047,0.04395875310309183,0,0.26414740481725,2.49351958928784
koys1242,afro1255,0.5169956581770025,0.025542985139157922,0,1.67434575222925,2.3918566367945697
gbay1288,kres1240,0.49194367847624343,0.032342509320579645,0,2.506639570448,2.9140336718056448
ngeq1245,aust1305,2.689523958848538,0.022641501359127028,0,1.7616359380705,2.38847894583016
kryt1240,nakh1245,-2.8090854404655143,0.03605983284460993,0,-4.964176850395,2.959397488168615
kuan1248,aust1307,1.7441906649918937,0.040034719993371985,0,2.4014701182408,2.4249796193568747
kuan1247,atla1278,0.8984460894967743,0.029817388339160388,0,2.015956542005,2.379108439618805
kuii1252,drav1251,-2.021013081901968,0.04445285423980046,0,-4.061188125219999,2.64742112468174
kuik1246,cari1283,0.266722178450285,0.02937490931595727,0,0.405065153117975,2.500006446849905
kuku1280,pama1250,-1.279541978971864,0.08179786665630649,0,-0.49124886358600006,2.594998691539055
kuku1273,pama1250,-1.0089064195470363,0.07411694028560395,0,0.20036009521575,2.569735760182935
fait1240,nucl1709,-0.6628624234365853,0.046566190592819114,0,0.7186405399215,2.430466789512005
kulu1253,sino1245,-3.2104402579235094,0.02709316068232374,0,-2.3199796612975,2.517373602360835
kuma1280,nucl1709,0.01759477042788125,0.04927179875381001,0,0.30982806773125,2.42340110645383
kumb1268,pama1250,-1.1405112511827593,0.06940418727313329,0,0.022853216425,2.59257261248447
kumz1235,indo1319,-0.0017597550941738501,0.018704409466118954,0,-1.5298413228899999,2.550057924434935
kuna1268,kuna1268,-0.3983749808169639,0.045306513597069324,1,2.625005050395,3.3621646647847747
kunb1251,gunw1250,0.3369144489695014,0.09139400246632916,0,1.7149778860445002,2.62143933286626
kuni1267,kuni1270,0.1769501884311696,0.051189654837210885,0,-0.67294252960225,2.5766147566433046
kunj1245,pama1250,-1.0988064417913885,0.07887844538536384,0,-0.382860831249875,2.61144679220746
kurr1243,pama1250,-0.12970514035187175,0.06430985395702854,0,-0.52634349045,2.4816822649575148
kusa1251,aust1307,2.032313927563827,0.04871950445162613,0,2.47126691414775,2.408474151342595
kusu1250,kusu1250,-2.686699125547711,0.044350487586727994,1,-3.4923077120499997,3.3243630839830747
kute1249,kute1249,1.9004538190300242,0.03935557718618708,1,1.3915807590824998,2.809147360625115
kute1248,atla1278,1.312900764458218,0.03793167652002031,0,1.4475276745675,2.419270800446045
kuvi1243,drav1251,-2.0179827099364758,0.046009855718041344,0,-4.06200625619525,2.6474814463816347
kuyy1240,aust1305,3.0609065448758566,0.020940920200355564,0,2.159066586188,2.3872397848784503
kwai1243,aust1307,2.069167480107835,0.04469376827276274,0,2.41761267603725,2.38711100240613
kwam1252,aust1307,0.890160131583843,0.04708627296746353,0,1.76357048820375,2.35808027713491
kwar1239,aust1307,2.007864668874358,0.04476034082098153,0,2.4364143159227503,2.38146354515703
kwaz1243,kwaz1243,-1.1114571287781825,0.03111528973391105,1,-0.480639286565,2.7855246954083848
kweg1241,surm1244,-0.5773905362194041,0.04477206080394969,0,0.1914272626415,2.499555010788515
nucl1595,kwer1242,-0.6374059869392981,0.06806267582058695,0,-1.0767380656049998,2.7565403614319353
kwin1241,worr1236,0.3059993344260233,0.07779729019913165,0,1.8957126092475,2.6460753146572698
kwom1262,sepi1257,-0.48665778855804726,0.07862259536763348,0,1.1320355509065,2.610183799869205
nucl1593,kwom1263,-0.1927816502560585,0.06050874496836646,0,-1.23102455813325,2.800144759087785
kxoe1243,khoe1240,0.2851641327281782,0.028784001365566907,0,0.664236834352,2.7561352880996646
kyer1238,sino1245,-3.523208038738109,0.010824622626356011,0,-1.4891775748865,2.375947857083805
laal1242,laal1242,0.9143176189211963,0.05581287154005703,1,2.228799337445,3.270397572151225
labu1248,aust1307,0.7880621796838461,0.045560188015555565,0,2.7820513434825003,2.4027791787330104
lach1248,taik1256,2.6642171348925743,0.04341411648372908,0,2.17809609914775,2.7159619875684
lagw1237,afro1255,0.6617354224581841,0.05470591950710304,0,0.7533484879297501,2.360990472547355
zaye1235,sino1245,1.1980833913214055,0.04871797836068306,0,0.3698690100125,2.4443560805866
lahu1253,sino1245,1.7330621155794375,0.02394230719965643,0,0.67738809276275,2.407526385170065
lahu1252,sino1245,1.8121750688685148,0.02251991447907687,0,0.6823267015025001,2.4035603034768247
lakk1252,nakh1245,-2.915045765404039,0.032839360207919346,0,-4.932000278169999,3.0244441329652147
lala1268,aust1307,0.8509444750512116,0.038533079080127465,0,2.460743036569,2.3533548455761
lala1264,atla1278,0.8199095081585912,0.04246243712037192,0,1.4034700194525,2.3685554512475404
lama1277,aust1307,3.1259801657061876,0.05961173582728341,0,2.8928580970524997,2.467476590815405
lama1288,afro1255,0.31561111490130483,0.047617445575593366,0,0.08416733419450001,2.37720820718179
lamb1269,indo1319,-2.7811325043064636,0.02047196441069877,0,-2.8891666859525,2.6171525650941048
lamb1273,aust1307,2.9624526696424236,0.08401869542472863,0,2.85067646061425,2.4834706604256453
lamb1272,atla1278,0.3740328379652214,0.029636097914069504,0,2.268229584955,2.4309091798486246
lame1260,aust1307,2.2058157422724562,0.05389014068723137,0,1.99818286072225,2.349410557384385
hela1238,sino1245,-3.5374217225906075,0.04735672589394969,0,-1.48788318776375,2.3732365591692703
lamk1238,sino1245,-1.2056043398026837,0.02336698679677098,0,-1.84841683105425,2.43796718113747
lamo1244,aust1307,1.3620507005298437,0.037919524275634074,0,2.08679582769,2.381481534519555
lang1320,atla1278,0.9348667330735022,0.046114857942372044,0,2.17426936585,2.4275988462226854
lara1258,lara1258,0.10850899369766805,0.07720254962949483,1,2.2363498426949997,2.8098245940170496
lash1243,sino1245,0.9517932785301035,0.016297923593155503,0,0.37886894849475,2.37512061131677
teke1275,atla1278,2.4106533115885016,0.03997810345785182,0,2.94173478903775,2.44760120583085
latv1249,indo1319,-2.2222209250702356,0.02943849547313046,0,-2.29068508678325,2.581638167258385
lauu1247,aust1307,2.018199949779828,0.031008619420681442,0,2.49699147777865,2.3751770261427447
lave1248,aust1305,2.9222632298831988,0.04547312449536788,0,2.66715922865075,2.4187744818755
lavu1241,lavu1241,-0.3327942006732541,0.03823751374146391,1,-1.10447809269475,2.88965546130044
lazz1240,kart1248,-1.320841086217481,0.02473656102669264,0,-4.05053212040225,3.11453835377372
lega1250,atla1278,1.8814021159901608,0.04096869442496614,0,1.8771145869025,2.386220908650045
lega1249,atla1278,1.7263841947752272,0.04234812116566777,0,1.88550662324,2.37748778755173
lele1276,afro1255,0.9535133196465149,0.029084873184336953,0,1.23660250580565,2.46766044655113
lele1267,aust1307,2.001610996678549,0.010874019387454551,0,1.9697031886935,2.3619656740383697
lele1270,aust1307,1.4649600848978117,0.05589461180389045,0,2.446521843778,2.394941872059725
lemb1266,nucl1709,-1.0149122047769885,0.04779552582479705,0,-0.7422531624825,2.509255516806935
leme1238,aust1307,2.5028772619229844,0.051808168103062914,0,2.4290100513375,2.396314958833405
lena1238,aust1307,0.9296423336425519,0.0395611079260577,0,1.7969910187795,2.35935588218261
lend1245,cent2225,1.0702707348115692,0.04330504642977676,0,0.951401720196525,2.43954049095068
leng1259,aust1307,2.1110121935329023,0.04639254228530486,0,2.6651837762575,2.42703397142427
lepc1244,sino1245,-2.3213766548731263,0.017480307331074252,0,-1.9118819596224998,2.51214240640315
lese1243,cent2225,0.7037876361466381,0.05138662206461012,0,0.14569233591725,2.369802038311855
leti1246,aust1307,3.2291822859045265,0.05007463872285516,0,2.8843448928575,2.460658389829155
lewo1242,aust1307,2.158145644876458,0.05297990732316216,0,1.99450535537925,2.35103908818218
lewo1244,aust1307,3.134774283438244,0.047156325107366684,0,2.8935217218345,2.465350995551495
lezg1247,nakh1245,-2.821761788180657,0.04721159496170378,0,-4.95229025812,2.9685499602570653
lian1251,sino1245,-1.2889659725615306,0.039340677370493564,0,-1.377060999492,2.4472976967024
libi1244,atla1278,2.089241509275367,0.06818908283517561,0,2.5303301325125,2.3879357899206104
liby1240,afro1255,0.05455099217202895,0.03655972608490778,0,0.9070644624549999,2.342885070638035
lihi1237,aust1307,1.1669349727039195,0.04429817130100309,0,2.32442362792525,2.4095168567817797
liji1238,atla1278,1.5480146999652384,0.03527161265413936,0,2.2357547441100003,2.52774592613815
lika1243,atla1278,1.350006635561464,0.05649391210970808,0,3.16682103119095,2.4789928196155246
lill1248,sali1255,1.930564156698013,0.03844275118130408,0,2.26873381758,2.586812821861185
limb1266,sino1245,-3.110428577292473,0.033916940816665096,0,-2.2947921499949997,2.533750611160975
nucl1327,limi1242,-0.6885884976808632,0.0611363095801182,0,-0.6105797763015,2.823575042067435
limo1248,aust1307,-0.28187544160184297,0.06330892568849451,0,0.4523816344675,2.3378725549516
lipo1242,sino1245,1.5216627052502725,0.023181128792014945,0,0.843438171345,2.4074536165986
lish1245,afro1255,0.6087846379316522,0.027001939293761528,0,1.6736900863785,2.38941912506336
lisu1250,sino1245,0.9488405183991856,0.018529791995545743,0,0.8082266221734999,2.39994945456165
lith1251,indo1319,-2.2114993308488042,0.03155820142815091,0,-2.2741298990035004,2.586289693099885
lito1235,atla1278,2.05280533492837,0.06345236510832684,0,2.4685561983,2.385096411750445
livv1243,ural1272,-3.0479293513299703,0.028324445300958435,0,-6.4042265383874994,3.04490669899155
logo1259,cent2225,0.6622507834715756,0.08672025935755444,0,0.95625429749625,2.414492218959275
balo1261,atla1278,2.1517727421549826,0.03841842671133305,0,2.7694193699727503,2.40056015479088
loka1252,atla1278,1.7263697376796803,0.03708933085152631,0,2.0011471865850003,2.48208400897886
araw1276,araw1281,1.1581436756070418,0.02153002324250709,0,0.92145692773,2.47583061211321
lolo1259,sino1245,1.4788270556995329,0.02047081852380008,0,0.8368311609575,2.415477820021385
lomb1257,indo1319,0.45014974067801133,0.024117994308950313,0,1.35727744383595,2.383234385827405
chiq1248,chiq1253,0.5746421581385959,0.033642729374047595,0,1.5763978009175,2.762549453162615
acha1249,sino1245,0.6683153902518555,0.028303002476042217,0,0.4326712313955,2.383595736166015
long1395,aust1307,2.1716624286441517,0.01465962038338939,0,2.53241669810775,2.414875127124485
loni1238,aust1307,1.3929053384450563,0.060396014730618945,0,2.42176401477,2.41180070456889
lonw1238,aust1307,1.747626067006426,0.04326524696574576,0,2.151197147663,2.3752702376575403
lote1237,aust1307,1.7409100395021329,0.04973131076963834,0,1.5738573977053,2.383123188513555
loth1237,sino1245,-1.6090743639925007,0.028472754721125416,0,-1.5839231993410001,2.445498700377205
lotu1250,aust1307,0.9575157312139976,0.039775426636728374,0,2.1546398171625,2.38930518536269
louu1245,aust1307,0.7239977505799451,0.05775223887431944,0,1.9678247373,2.39578260328339
vano1237,aust1307,2.3555662307372955,0.04231906930746143,0,2.42257634187385,2.44050982666022
lowl1260,tequ1244,1.8773428629836313,0.03537989395024464,0,1.141448011275,2.8545517024489646
lozi1239,atla1278,1.3740261009920998,0.040863330411359665,0,2.4841519341389997,2.388232627322895
luan1263,aust1307,3.2155242246657103,0.0595562946465361,0,2.88429785668,2.482566946548635
onto1237,aust1307,1.3472126595231981,0.04361228169580425,0,2.30504976063725,2.341031894869725
lubu1243,aust1307,-0.1135844389615153,0.05589129634908113,0,0.6161940333475,2.339598530001345
luch1239,atla1278,1.636273388887124,0.049480868077857135,0,2.673431599075,2.435917265334795
ludi1246,ural1272,-3.247838436979129,0.029393370045717567,0,-6.3936508140849995,3.04790451300039
lugb1240,cent2225,0.5220779606501498,0.06408394023992124,0,0.7218651623425,2.4060563517338798
lugu1238,atla1278,0.48791820579430434,0.03617110518325381,0,2.09847988194025,2.3680045090870854
lule1254,ural1272,-2.71857750740787,0.027621664270092106,0,-6.3993051659175,3.0459559469749946
lumb1249,atla1278,2.185285151217777,0.041510622516563296,0,2.7527316769074996,2.452932741639855
lumu1239,narr1279,0.12983659634225064,0.04406780396863676,0,1.4485414109575,2.7426525250133302
lund1266,atla1278,1.7330982464715594,0.0388965865269265,0,2.659981408,2.442462888590115
lund1271,aust1307,1.715034019590223,0.04405351887371697,0,2.1723414146025,2.44098028005137
luok1236,nilo1247,1.3420584634589368,0.039167246315028055,0,1.5169627453099999,2.5343349501577
luse1252,atla1278,2.1296520383193167,0.04930138641060445,0,2.6713713661858,2.4147345557276
lusi1240,aust1307,1.1301681832331334,0.04029566689977406,0,1.040992031095,2.388076853888625
luva1239,atla1278,1.6567496674092452,0.046209628347920154,0,2.6706091671525,2.43520432660433
maan1238,aust1307,2.2805794784279247,0.05763304018395994,0,1.96325028791625,2.437537198326075
maba1270,atla1278,1.821897044811824,0.031178549863286935,0,2.6413626040025,2.401003561229945
maba1277,maba1274,0.13553710243928385,0.042585878196789585,0,0.23987732923549998,2.7380064321451103
maca1259,guah1252,0.1382755174834832,0.035538866702112495,0,0.43647724694199996,2.6066962999730503
mace1250,indo1319,-1.7173790599246508,0.024031241043391553,0,-2.49227773892,2.572570678022855
macu1260,tuca1253,0.25906467640540076,0.03776925177620235,0,1.5287673625625,2.466213519776605
macu1259,cari1283,1.9454874553951647,0.049226432249000605,0,1.225121171749,2.45448684809833
mada1285,aust1307,0.9317863009439876,0.03891355666265575,0,1.5173959942925,2.409329030630135
madi1260,cent2225,0.7378201728653851,0.054347314964670886,0,0.9739887709992501,2.441057051598105
jama1261,araw1282,-0.0560222908857744,0.03173182038641983,0,2.24343737373,2.629898611192755
madn1237,east2374,-1.096155767505992,0.05577569417994565,0,-0.5997969163032499,2.94474248346355
mafe1237,aust1307,2.4504562989064738,0.04210579090211307,0,2.0593635684552503,2.40327882126445
maga1260,indo1319,-2.6507618609109915,0.021976025802676664,0,-3.00382020288,2.5811511718594202
magd1235,otom1299,1.2744169380119472,0.06335514067580526,0,1.734541009005,2.5724498531534
magu1243,aust1307,-1.3075394299767071,0.05366737022515767,0,-0.0031473882945,2.36769577505816
mail1248,mail1249,0.1525019047861929,0.0792690148961256,0,1.7642613781444751,2.742474284205735
mais1250,aust1307,0.607564520681608,0.05464344525743535,0,1.47365528546,2.3999817961222902
mait1250,indo1319,-2.8709243545179763,0.02841426241804398,0,-2.996805626795,2.59334716463952
maja1242,surm1244,-1.044743397811808,0.03906619847547383,0,-0.5923652247375,2.606726822199935
maka1304,atla1278,2.1237578237905863,0.03425372573145877,0,3.709188056965,2.5111388702987
makc1235,taik1256,2.5877464867594107,0.037948363805436376,0,2.2546012552450003,2.6839899288181197
makh1264,atla1278,1.1743248867746119,0.02826851585616849,0,2.325387218925,2.37016135475848
makh1266,atla1278,1.2034838950093172,0.026904122289677347,0,2.3235415291825,2.375883890771275
mako1251,atla1278,0.9373609717406676,0.03988301291428172,0,1.809761092305,2.375438350887325
mala1463,drav1251,-2.851660859290849,0.03855564215620466,0,-4.0737198296375,2.653348342390335
mala1464,drav1251,-3.006167123393852,0.048540331868296316,0,-4.0736724278575,2.642745567259645
mala1522,chib1249,-2.2710277353350987,0.04006420638907557,0,-2.13709227886075,2.553047700457245
male1284,gong1255,-1.7105861941888314,0.047345456499156294,0,-2.1192320355875,2.6056279986333353
male1297,chib1249,-1.5187862732862385,0.024689827931485473,0,-2.018329719649,2.581444013744955
male1289,aust1307,1.0957856435188915,0.03959536932729521,0,1.6311149240449998,2.3575435019329447
malt1254,afro1255,-0.9140792327978353,0.03469918980508126,0,0.6636439456875,2.340755833219805
malu1245,aust1307,2.4780543852722525,0.04651746008405629,0,2.6155412794011497,2.41461126548122
mamm1241,maya1287,1.3325356268726662,0.020992417472082536,0,1.8896283606700002,2.62991340219516
sauk1252,nucl1709,-1.0319729791350318,0.04781396857182053,0,-0.42865503033125,2.44994520045495
mama1275,aust1307,-0.9213314193832141,0.06237229908912083,0,-0.569741912894575,2.36183225584358
mamb1306,aust1307,3.1964627478600667,0.05214152013401896,0,2.69739641298,2.4797834691152
mamb1294,atla1278,1.7184738844984309,0.050952583560711216,0,2.6232494477775,2.466617798440105
mamb1296,atla1278,0.8355013182786333,0.031232976900733858,0,2.207838835754,2.439756219003555
mamv1243,cent2225,0.6917534200671438,0.05429722987016173,0,0.345507553095,2.38278352702992
mana1295,aust1307,0.8641392473604828,0.0451211566804733,0,2.39976729050225,2.4243995542779953
mana1298,nduu1242,-0.7227989864332356,0.07099280048118498,0,-0.027948605752,2.64164333159084
mana1288,sino1245,-2.9829731151079706,0.04522146120429178,0,-1.980911603437,2.436021865322155
payn1244,nucl1709,-0.6719529371923807,0.05488479239368254,0,0.6720297081769999,2.4413324076228298
mand1440,aust1307,1.6288985069917188,0.054277375366346,0,2.3077214327449997,2.420479963734555
mand1415,sino1245,-0.18392582679496028,0.022290796627533357,0,0.18249160259250002,2.4027675563166797
mang1378,aust1305,3.2297483508664495,0.024402450220038334,0,2.56155003936875,2.4423190626146347
rapa1245,aust1307,1.7734199361936884,0.04901348145689489,0,2.04968610970325,2.3209899500658047
mang1401,aust1307,1.8498417990173324,0.03207554306494729,0,2.1247432262325,2.32632974158463
penr1237,aust1307,1.0388794645559982,0.04409116155542919,0,2.0000034137765,2.33666525337669
mang1381,mang1423,-1.1920782322691026,0.03473778244599162,0,-0.4254730200875,2.85136799829046
mang1394,cent2225,-0.18872931307446816,0.03784780975955265,0,0.22309651212075,2.382453060475405
mang1404,aust1307,0.873583687816194,0.0509971917080041,0,2.7339702074375003,2.40793956347598
mang1405,aust1307,2.9547363146356895,0.03360370543006459,0,2.8178152127844998,2.465920120718825
mang1403,aust1307,1.7110840272429733,0.03816622652409883,0,1.92599373633,2.398686829076915
tong1308,aust1305,2.466937418641652,0.028244301881958117,0,1.8610395271593752,2.37731395848895
manm1238,aust1305,2.9856964492407894,0.025112033671595816,0,2.7814080519275,2.406158753526735
mans1262,aust1307,-1.2020852849028025,0.04568776132774015,0,-0.5645810257417501,2.342239572221315
manu1258,aust1307,2.795032777772116,0.04692682742657617,0,2.7331304916065,2.45648981316043
maor1246,aust1307,1.9106478721559654,0.04405460990878405,0,1.94012931704475,2.311682996316545
mapo1242,aust1307,1.4259301824214148,0.039879841879922474,0,2.713542642805,2.40972380289038
mapu1245,arau1255,1.4119587945968424,0.030592825263346727,0,1.7916846863515001,2.83302410527595
mara1399,aust1307,2.486435648821323,0.038252499389473185,0,2.72328786015,2.4078250788525297
mara1404,aust1307,-1.5563819974535391,0.05570448416183493,0,-0.0007129535512499998,2.37705969138735
mara1386,west2434,-0.6430369799822226,0.06309385287655432,0,1.41482288612825,2.670294172009405
mara1396,tama1329,-0.8045394895849474,0.0364357600446096,0,-2.2735356322975,3.0328727753257247
mara1378,indo1319,-2.8227057275407557,0.03326764136291872,0,-2.98890920630925,2.584638122624135
marg1253,pama1250,-1.1486604611681948,0.07593591418007967,0,-0.21616204568,2.55979397323881
marg1265,afro1255,0.06885209530367885,0.03591091644231448,0,0.26920663376349996,2.36373794243623
mari1414,drav1251,-3.16869874158018,0.041395147544875804,0,-4.005879439355,2.649025113309005
mari1440,coch1271,-1.3997402766353042,0.03299131997888282,0,-1.35592798367875,2.693210365029635
mari1428,aust1307,0.5493870829377155,0.04750389065452379,0,0.8920562812175,2.361088535101495
nucl1622,anim1240,0.5087857793072776,0.021557395187019563,0,1.586970740863525,2.7564096997588203
mari1424,west2434,-0.8489044410292466,0.0880849113567444,0,0.19203637959745,2.75454719251384
moro1289,moro1289,-0.5462766469373571,0.017672444058782794,1,-0.79143740995425,2.823223956181105
maro1244,aust1307,2.028489786623556,0.04320537874691457,0,2.42647240119,2.410079311348415
mars1254,aust1307,1.634947609109584,0.038274410428421626,0,2.22747747927225,2.37543165686141
mart1255,pama1250,-1.3199994341348598,0.06878074572284366,0,-0.37483041311125,2.5036959676703603
maru1249,sino1245,1.331282904448021,0.023622592155138917,0,0.5392523756850001,2.392325674862425
maru1252,pano1259,-2.2904539141623914,0.04478001025175229,0,-2.8373536211375,2.546273551716035
masa1322,afro1255,0.9341431796402822,0.0281445765581287,0,1.0270595343125,2.45477496122855
masb1238,aust1307,-0.17047197990425567,0.04237718305247095,0,-0.31527393860575004,2.3299377117320352
mask1242,aust1307,1.7616486099251107,0.044471460434062346,0,2.7443712642655003,2.41311918225471
matb1237,aust1307,2.6935947977738763,0.06362905245229027,0,1.97176607935225,2.4549087478624303
kemb1249,aust1307,2.5020765231742454,0.041121581376455316,0,2.3971866769475003,2.438720585593365
mati1250,aust1307,-0.9305162509753988,0.044231730692894454,0,-0.39603309591475,2.3464596693865998
mato1252,aust1307,0.8780507050278259,0.04023180120257373,0,0.96025365279375,2.37139247708981
mats1244,pano1259,-2.178983817077654,0.03988447495488395,0,-2.53356686287,2.632550576117065
matu1261,aust1307,0.4442943701696382,0.039515497498111694,0,0.8518732325595,2.37347810554635
matu1259,atla1278,0.6355017063472528,0.05501422462711559,0,1.80607198776325,2.39187282878588
maun1240,iwai1246,0.3354318266905156,0.049799343558744415,0,1.9632915321075,2.840427460634915
maxa1247,nucl1710,-0.6513071075757252,0.03654499394992118,0,-0.6837949542199999,2.62472958449296
maya1285,misu1242,-0.44623296104141597,0.03666913903760758,0,0.13828878067,2.5755432572605104
maib1239,mayb1237,1.6362402595669774,0.06903756890199164,0,1.42159688011675,2.8313343771096102
mayo1264,utoa1244,-0.8022843046613138,0.0383003484762258,0,-0.170392010091025,2.48989781783363
mayo1261,atla1278,1.144080558743386,0.04562122944880167,0,2.7681762538875,2.36133959021479
maza1304,afro1255,0.1482843537042984,0.04587164357911259,0,0.121916446115,2.3854864596744
mbaa1245,atla1278,1.3532731983230515,0.04793874628910407,0,2.7046475656915,2.36608081024617
mban1263,atla1278,1.9184141382342528,0.05991454773172244,0,2.31216447905325,2.3995053430659903
mbar1260,afro1255,0.6521726534221056,0.04920658720741901,0,-0.007961467890875,2.4079808466668
mbay1241,cent2225,1.3295609802357582,0.04709922179610161,0,1.05949761372625,2.34682585906934
mber1257,atla1278,2.5009243652195714,0.03762321440379506,0,2.9485242709925,2.4397337190424153
mboc1235,atla1278,1.8047415737780956,0.04529956363711883,0,3.678712427665,2.50868742299282
mbol1247,atla1278,1.6928943471231461,0.040999068606496346,0,2.9338593577757504,2.4594244248946247
mbul1263,aust1307,0.8957815958258575,0.02134109933210506,0,1.18846447353,2.3616003729902904
meen1242,surm1244,-0.5631524591382544,0.045584959752531386,0,0.17608459499875,2.4967551280461198
mehe1243,sepi1257,-0.5288736951992984,0.08042306329510977,0,-0.0973986242925,2.59932007969662
meke1243,aust1307,1.51789576097945,0.04285156754036638,0,2.4388369454500003,2.350030141733825
mele1250,aust1307,1.9096578124285877,0.060985388124942655,0,2.3845337850277497,2.3462153992029453
melp1238,nucl1709,-0.8802083977448901,0.05297266319612614,0,-0.5559852504614999,2.42083708027806
mere1242,aust1307,2.4896687543271976,0.04132840769488021,0,2.22401596188075,2.4118351728582104
meri1244,east2503,-0.7038766041936335,0.02225426561411434,0,-0.705516751038,2.7942126589705554
meru1245,atla1278,1.1778410171340883,0.03607060045170122,0,2.30487056942775,2.394137568854645
meta1238,atla1278,1.6092823294776593,0.05233720363541885,0,2.2111114331705,2.48279392337166
mezo1235,otom1299,1.5982461537066017,0.056042730300622255,0,1.583703328045,2.5552097216159098
mezq1235,otom1299,1.5830512945449464,0.050719650417696195,0,2.437626093443,2.62394921758018
mich1245,utoa1244,0.9211370242793855,0.045503767117178275,0,1.5988476945082502,2.4858355142558297
midd1327,aust1307,0.8852402760225768,0.03637080659538804,0,2.74422487412,2.402213727692585
mids1243,atla1278,0.7270774353865401,0.03842896028338882,0,1.979994005157,2.358554088984715
miga1249,afro1255,0.2980873426912506,0.01905063791613952,0,1.2217250557475001,2.4645531003398053
mika1239,musk1252,-0.5837856600770455,0.044859027433897934,0,-0.92154753729625,2.5589527735310202
mikm1235,algi1248,0.179006030416076,0.030630040614664525,0,1.7829198712975,2.55621063855972
mila1245,sino1245,-0.4497642014955149,0.021371896013852445,0,-1.05305958593675,2.40309983498556
mina1276,afro1255,0.3825163435145052,0.05002982363084004,0,0.1109658403256,2.38499111789715
mina1268,aust1307,2.112535096296872,0.055540541712072365,0,2.97989553282,2.38344584187731
mini1256,huit1251,-1.1228046538825525,0.03580101759713656,0,-1.34029684837975,2.6822188790603603
mini1251,aust1307,1.7326850750543552,0.041231073939926914,0,2.41937870558575,2.426881583421205
minn1241,sino1245,0.22144304295435924,0.01744702654538213,0,0.3387064865547025,2.4387525762783353
miri1266,jarr1235,-1.1376277949027362,0.04873719765762196,0,-0.55481337396575,2.87721391288625
misi1243,aust1307,1.290399641320432,0.04094265053755158,0,2.4700907513717496,2.3773464195696548
misk1235,misu1242,-0.6141065630144023,0.04457381876340353,0,-0.5081227061575,2.6568927946760397
mixt1426,otom1299,1.6322495305704185,0.04431358279031492,0,1.5362917240802498,2.548065037818185
miya1266,afro1255,0.7549634646708534,0.028523370834802574,0,1.2303536794125,2.457581477840595
miya1259,japo1237,-2.0568284909089676,0.022168709699836243,0,-2.68082229301975,2.794491792616115
lush1249,sino1245,-0.874437290055855,0.03290798302806823,0,-1.3008449337469,2.4119681024639146
mlab1235,aust1305,3.0262404505629266,0.04501635411010849,0,2.607740819015,2.4435401269499852
moba1244,atla1278,2.186966860378135,0.05284298551233739,0,2.8707096595030004,2.45039078150513
moco1246,guai1249,2.28007726552022,0.038052882742709536,0,1.650653006338,2.742859528065785
mode1248,indo1319,-1.3422392914597605,0.03160951963382004,0,-2.4013500899399,2.7323830915986553
hebr1245,afro1255,0.7072689900578477,0.02631334783766188,0,1.32226947218175,2.46246224600603
moha1258,iroq1247,1.8061288840069032,0.0528561989336237,0,2.86318634214475,2.680838884376405
moii1235,west1493,1.5180406691652943,0.04395771458978465,0,1.3501126209445,2.8226704288831703
moke1242,aust1307,2.783230640432908,0.0591372267010074,0,2.2989709995650003,2.437835029505035
moki1238,aust1307,1.7057592056424098,0.03612116992107572,0,2.2380127487525,2.37769159143636
mokl1243,aust1307,2.7009613950970617,0.044825783939588124,0,2.29209504158125,2.43994700295376
moks1248,ural1272,-3.304461686849868,0.03108326907630436,0,-6.29200978262,3.08453738390099
molo1266,afro1255,0.7907835197124444,0.03357251695567495,0,0.8730997865535,2.3898855802283903
nucl1452,momb1255,0.7669794675044443,0.04237304773225508,0,1.5824005841925,2.8549417055101802
fass1245,baib1250,-0.16903134023934824,0.04517782154138062,0,-1.15104192126875,2.811228646360415
monn1252,aust1305,2.6934551098786264,0.02238526011095038,0,2.6354317075045,2.43012187242365
mong1338,atla1278,2.097099378230556,0.027684671032856368,0,2.8932722096785,2.417776097584685
mono1273,aust1307,1.5653477026159093,0.04768050596129793,0,1.3657704910475,2.3752168643777054
mono1270,atla1278,1.690429709634607,0.05230159227381287,0,2.087898151429,2.3634216138009503
mono1275,utoa1244,-1.5394187013852518,0.04746222256087815,0,-1.65907535202425,2.5006964636811997
nucl1458,monu1249,0.06312048111401775,0.06178801920612497,0,1.81992067624375,2.75304047967432
monz1249,atla1278,2.046830950317297,0.040001416548479246,0,2.727847126545,2.367414034250515
mopa1243,maya1287,0.7470158981638737,0.04544166501752443,0,1.3345601764675,2.523664072779665
more1259,utoa1244,1.727218036784092,0.06093253913743003,0,1.648130747414575,2.4830947247447552
mori1269,aust1307,1.7266605942681728,0.050488546666422204,0,2.0280633583750003,2.422868203826985
morm1235,aust1307,2.434241916655215,0.05259661056403242,0,2.3399790834900003,2.46129372335787
mose1249,mose1249,-0.4059565505879761,0.032432674597107504,1,-1.1032144558797499,2.76650129550784
mota1237,aust1307,2.4774691157122337,0.010478990873833935,0,2.419824706455,2.391791326751565
temb1272,atla1278,1.9253869712249787,0.04110940753729926,0,2.7391044288575,2.4192291359572398
motu1246,aust1307,1.274033397289226,0.01763575998338864,0,2.436391300575,2.34155039401079
mouk1239,aust1307,1.282877418536248,0.04191502412771699,0,2.088700957565,2.37237161522702
moun1252,koia1260,-1.3476357999633888,0.045663327808967626,0,-1.6788920212851,2.732750642959285
movi1243,movi1243,-0.0177580086505084,0.03460168574714514,1,1.53880191872,2.7445976108903603
moyo1238,sino1245,-1.27228548439723,0.020822080334852274,0,-1.83286647511,2.4383752295895453
mpad1242,afro1255,0.8433210443329018,0.03953244383283236,0,0.7156671010244999,2.37696558087194
mpii1239,sino1245,1.3414631078635688,0.02548624959514538,0,0.0411755252705,2.347373526071475
mpot1240,atla1278,0.0719687113364619,0.0427969665371332,0,1.41694327844657,2.3788499927577353
mpur1239,mpur1239,1.5944522040750493,0.034419138294730735,1,1.436018355791,2.881806060801895
mual1241,aust1307,2.3957920062337155,0.050153862131897944,0,2.8961740323415,2.39910135717238
mudu1242,aust1307,1.3655555229042986,0.03913981458548307,0,2.3166492614675,2.421260570282895
mudu1239,drav1251,-3.2196919807366977,0.044949077327335725,0,-4.058105920939999,2.64939653402384
mull1237,nort1547,-0.9846467868640436,0.04355022695411537,0,-0.5514448036024999,2.86394599882059
nucl1240,atla1278,1.0748345022709973,0.05088360789672776,0,2.66064067817,2.449554417954845
munc1235,sino1245,-0.27183922458914367,0.02834495798155096,0,-1.2369593735517501,2.3958265347387453
mund1328,atla1278,1.3669836362572925,0.03560085564469571,0,3.044948063065,2.55882427341325
mund1320,aust1305,-0.5874284107673279,0.02636734126393157,0,0.363069717955,2.340317096274885
mund1326,atla1278,1.5101582304327983,0.04281914689597548,0,2.7673357296359997,2.36040066104338
mund1330,tupi1275,-0.9970634396482265,0.05275678663174358,0,-0.73515276306375,2.581655463542495
abar1238,atla1278,1.362566032585784,0.0465952966668983,0,3.071263089025,2.557500834957525
murl1244,surm1244,-0.6506504358469627,0.033908508836469044,0,-0.659234221048,2.474264617014895
muru1274,huit1251,-0.17472302546724622,0.03746724925264045,0,-1.3735035924872498,2.6830631940669
muru1266,pama1250,-1.2096076232452933,0.08057210550503713,0,0.015027023051,2.5921001424003354
muso1238,aust1307,0.6934120637117729,0.04032151855185293,0,2.80160667078,2.407979722943425
muth1236,drav1251,-3.128852469347872,0.055638381763461454,0,-4.062111160915,2.6506264913740054
muyu1244,aust1307,1.8737221614685584,0.044739929704214476,0,2.4663682758533,2.3600395810626953
mwag1236,afro1255,0.22903521202123345,0.0481918505893233,0,0.10236678945375,2.4060728663514
mwan1247,atla1278,1.144274650734082,0.03810621690792039,0,2.76504868267225,2.3713110438411
mwer1248,atla1278,0.6083189081457194,0.046481353037726464,0,1.531350499937975,2.363780892783595
motl1237,aust1307,1.8867144049752915,0.04044950000281982,0,2.4553698520875002,2.396412771406185
nade1244,nada1235,0.42231710427368985,0.04393165707030489,0,0.2652246171925,2.62320569786635
sout2857,aust1307,2.429334892192653,0.04199592684330142,0,2.6954085729474997,2.407154228049015
naka1262,aust1307,1.7279433812072416,0.04223063548014347,0,2.324521562098,2.417381612126735
nalc1240,nucl1709,-0.2385325410025439,0.04502208033859268,0,0.23662152709200002,2.43053195434261
nali1244,aust1307,1.5736026724575,0.03782408585621467,0,2.2003921975155,2.4167721335178847
nama1268,aust1307,2.103024144377045,0.03847369196155712,0,2.2323796724125,2.37708071148128
litz1237,aust1307,2.4826966210884693,0.03986238086582128,0,2.6733721502565,2.400036490465125
namb1293,more1255,-1.1275703869514548,0.03536595032195056,0,-1.016126002261,2.74102869809423
nami1256,sepi1257,-0.31141978506189005,0.07088746239063344,0,0.9936138836374999,2.588916304526415
namu1246,sino1245,0.19932352411557214,0.03149866941031395,0,-0.7778011315787501,2.400361446772245
nana1257,tung1282,-2.5409283842782946,0.02181592120373326,0,-5.347095794887251,3.301965969815055
nand1266,nilo1247,0.7460254194963863,0.04028851278781729,0,1.010263363369,2.4862559964995796
nang1262,aust1307,2.128663807365223,0.053754456489439426,0,1.9203396473205,2.426929381692225
nant1250,araw1281,0.4536336448971491,0.033703524117201934,0,1.421469799288615,2.4756516577331498
naro1251,aust1307,1.9773630896263938,0.04236381578890005,0,2.1753855604595,2.42821375046755
yong1270,sino1245,0.13460025653554375,0.028704858040734266,0,-0.9910162729475,2.404739890716635
naru1238,pama1250,-0.15557898689499555,0.061800177473723523,0,-0.3481831489014,2.529580305507545
nati1244,aust1307,1.8464896439528444,0.04594082438806145,0,2.7246512743425,2.39859966153846
nati1243,atla1278,2.447070806605109,0.03429934555357643,0,2.61761828839425,2.481138497787565
natu1246,aust1307,1.990335397934106,0.047800485022824364,0,1.31012746064325,2.4262096161371502
naur1243,aust1307,0.9675082891788325,0.03847189585022387,0,1.4347368812255,2.399974040714225
nava1243,atha1245,0.6493032764257571,0.026962578837583386,0,3.1166820342925,2.667154561703465
nawu1242,atla1278,2.168893889090043,0.052470352978328944,0,2.446751879223,2.478218620296575
ncan1245,atla1278,1.3551930772756888,0.03647174071367043,0,3.34642078616,2.53508355045134
ndam1239,atla1278,0.0566680077073424,0.05335928737707792,0,1.3149569911125,2.391802786844285
ndog1248,atla1278,1.199271316445549,0.04576208403711638,0,2.5380109643855002,2.402965552353775
ndom1245,kolo1268,1.0586516545551945,0.0713802573350118,0,1.9052888441540001,2.765380154617195
ndun1249,atla1278,1.6279314857990994,0.04949685758868565,0,2.7038573949425,2.370677160711695
nege1240,aust1307,2.0915367934859637,0.05234229075873563,0,2.982518402615,2.38502714952944
negi1245,tung1282,-2.7776546960970303,0.026393986578025254,0,-5.3261739366475,3.31369319018615
neha1247,aust1307,1.8321379684094257,0.010058988341718022,0,2.276312558971,2.418267819224865
kuma1276,aust1307,1.9942929162119742,0.04378221005222805,0,2.28943388416,2.39248446247949
nenn1238,more1255,-1.1105263747520522,0.04063185354448346,0,-1.043324511707,2.73225311025361
nend1239,nucl1709,-0.7890813927060675,0.04480297593020739,0,0.31394641167375,2.46264616573882
neng1238,aust1307,1.6372369583654276,0.04966921063273949,0,2.3434862142775,2.43487060108054
nucl1706,afro1255,-0.07094126399368345,0.025095089737296607,0,0.7984581960965,2.39520900920729
nepa1254,indo1319,-3.056114202867527,0.03411974568991141,0,-2.8769417510825,2.626775076628975
nese1235,aust1307,2.475954086689856,0.04892248768589741,0,2.6263660324317497,2.40081591173319
vinm1237,aust1307,2.4809060035146455,0.04986120197585959,0,2.6741268327825,2.40719246754494
ling1265,aust1307,2.473831669702597,0.04437525441124412,0,2.678377247428,2.411998277625785
nezp1238,saha1239,-0.1960839792883031,0.042636142948501946,0,-1.00557891457,2.713059507593755
ngaa1240,pama1250,-1.5239767502985047,0.05855758626691247,0,-0.6059947596049999,2.4974828230439403
ngab1239,chib1249,-1.5860679327541303,0.048087030697037215,0,-1.7080610398065001,2.4810380147934
ngal1292,gunw1250,-0.5175065113856596,0.06567015705896856,0,1.404493933368,2.5918285992691246
ngam1268,cent2225,1.236690692212012,0.04808054985468075,0,1.0813816144750001,2.3424793154254298
ngan1291,ural1272,-3.603943864099586,0.0388425334151149,0,-6.015892988935001,3.2187265971456247
ngar1284,worr1236,-0.3315862866847895,0.07801169878431205,0,1.09361283767,2.63392692476169
ngar1283,mirn1241,-1.1288277034484564,0.039034082222793566,0,-0.18807276525674999,2.641850989255745
ngas1240,afro1255,0.38982094769086206,0.03988415490472529,0,0.492263534971,2.3982222628904797
ngba1284,atla1278,1.9447817323129302,0.040089527850332304,0,2.7275354319532497,2.3753053761562652
ngba1285,atla1278,2.0927173754848964,0.09043422552997514,0,2.4861164244014997,2.46722082250509
ngit1239,cent2225,1.0284459501029868,0.04303029584916191,0,0.9642911942775001,2.432320702273805
wang1291,pama1250,-1.048507620036286,0.07431183418907832,0,0.20879909986275,2.54843107486408
ngul1236,aust1307,1.6202224398035905,0.03979470843554802,0,2.344297171065,2.4444818967833903
nhan1238,pama1250,-1.1497568633156208,0.06646123373278409,0,-0.0056802860425,2.5201261086527698
nhen1239,tupi1275,0.3519107466869176,0.05578654196208692,0,1.19472049723825,2.446264442644475
niha1238,niha1238,-3.1717410620603186,0.04718720322771338,1,-3.730891231565,3.3651284261539702
nila1242,atla1278,1.1950302378181508,0.038132551328719254,0,1.77315584266,2.39270323377841
nucl1633,nimb1257,-0.539311173122891,0.06470710926582568,0,-0.94103221527375,2.826574032121955
nina1238,yano1268,1.2922360835270448,0.040541435577177404,0,0.42824676113,2.5288915727316352
labo1244,aust1307,2.4525106196819526,0.008011652932637633,0,2.7162147359365,2.4048878956403
nisg1240,tsim1258,1.408240984468871,0.0320651563643858,0,1.6778467136850002,2.81351405491986
niua1240,aust1307,1.8314417332868786,0.05381720138320637,0,2.15335854866,2.3006767365035
niva1238,mata1289,1.0261021545240039,0.05380436128661553,0,1.63931635424,2.743794412978695
njan1240,atla1278,1.3414616516303832,0.043691020436958196,0,2.4179135412475,2.53792914268558
nkon1248,atla1278,1.981701535314659,0.04850623719707676,0,2.035525642070775,2.470259035203175
noct1238,sino1245,-0.11871918213283991,0.03634733561635264,0,-0.3558344734275,2.377632717710005
noku1237,aust1307,2.5161927336822876,0.03829715934519269,0,2.29787337735975,2.4042769255085004
noma1260,atla1278,1.647634042676175,0.0417792367845701,0,2.1737317392975,2.45126308059358
noon1242,atla1278,2.211249697400077,0.03164174342305743,0,3.708152632458275,2.68245878376701
noon1243,atla1278,1.385743338568897,0.03575836876977636,0,3.3515651211675,2.541830677687615
nopa1235,otom1299,1.0983503509242571,0.030173169157882606,0,0.052781277115,2.46851130283391
nort2839,aust1307,1.7119825262828294,0.05422559592167757,0,2.1993530035242497,2.3807243500668154
nort2697,turk1311,-2.2205706672556045,0.02063415879152457,0,-4.79701548785,2.962969299487015
darg1241,nakh1245,-3.00837607528776,0.029086643879876597,0,-4.9430431643725,3.0181830268633147
nort2930,kiwa1251,0.2963603299074953,0.042800849429259505,0,1.46607769846625,2.7557692033102352
nort2836,aust1307,1.9782141703307863,0.055187922924457795,0,1.9658129683825,2.3536531275779398
nort2972,choc1280,-2.1397666130109694,0.08435618999702814,0,-1.68826835056,2.62332770966271
nort2702,drav1251,-2.909648172333841,0.044312180028592,0,-4.000879116235,2.666430367408685
gumu1244,gumu1250,-1.6813034206738622,0.04785956696913964,0,-1.91880998525,2.942097018364175
sing1264,sino1245,-0.0834185433737075,0.032313666458773094,0,-0.6098429577325,2.367652715180265
nort2877,aust1307,0.2763307682813685,0.03964585622577464,0,0.26875337694815005,2.350621164560285
nort2684,aust1305,3.0868304734045617,0.03207462169907539,0,2.5662487535025,2.4253912842942302
lush1252,sali1255,1.5293826721551376,0.04652759165098833,0,1.68223584401225,2.57250506059717
nort2774,atla1278,1.4932073452437944,0.05572685157741192,0,2.3591182789525,2.38998308723161
nort2954,utoa1244,-0.7558811600275172,0.03817659030698183,0,-1.6739804763650001,2.49578528479827
nort2957,utoa1244,1.9397171986468567,0.056033621772502824,0,1.6529910791,2.47121247973321
nort2723,sino1245,0.6724643264894982,0.031304307538775424,0,-0.30476614981774997,2.401515753671365
nort2747,hmon1336,2.6395714715654037,0.01871367308335919,0,2.7659814720895,2.657647378006385
nort2722,sino1245,-0.16338785450681093,0.029410193962942675,0,-0.82500604275965,2.397675176353805
nort2885,aust1307,-1.1142281590597527,0.04780309427441444,0,-0.5183142943575,2.3660199457026954
nort2959,utoa1244,-0.35500034405963327,0.046309855645461445,0,0.947507713676075,2.483983009628515
tosk1239,indo1319,-1.5760225687134177,0.032093641140142876,0,-2.4822969648499997,2.69342308967462
nort2732,sino1245,1.4585292780178878,0.030928435262824856,0,0.2438838617565,2.44286488101256
nort2690,turk1311,-3.6144643171867545,0.048655284550751014,0,-4.80745160599,2.970809017363705
yoku1256,yoku1255,-1.6739731955018102,0.044221808438837294,0,-0.7526278128992501,2.8101948210320398
nort2745,yuka1259,-1.9074330926404828,0.02196181141501568,0,-3.288637548805,3.361484275511545
nort3047,afro1255,0.711251423574905,0.03311204907150688,0,0.622805720275,2.391604942475165
nort2980,quec1387,-1.619114144886208,0.038519490387485276,0,-1.210800316185,2.54447042194279
nort3139,afro1255,0.6947078961671842,0.04623592864072822,0,0.9901347935025,2.3616235903826297
nort2845,aust1307,1.4132454006931967,0.036845793863521055,0,2.11813210898,2.331810216882935
nort2671,ural1272,-3.3859663498269885,0.02877929150024664,0,-6.398098274175,3.04910814538322
nort2942,atha1245,1.9057167596882145,0.04766957461784232,0,3.2685004673377502,2.62566877686375
nort2847,aust1307,0.8421602040012193,0.043820716893749945,0,1.7016129681766001,2.34461455905136
nort2699,drav1251,-3.386867314151683,0.03598157256166359,0,-2.774771614654,2.67235057562839
nort2961,algi1248,2.5735066833640348,0.04005850470867856,0,2.80957289549,2.58907707431693
nort2951,maid1262,-1.3559071903114437,0.039746800386848996,0,-0.67970515849925,2.8061233919784048
yaki1237,saha1239,-0.4156676327042501,0.05004094932985109,0,-1.00252441105275,2.707900112032435
nsen1242,atla1278,0.6392150778352107,0.04693649798146889,0,1.1354746035367498,2.395132786599225
nuer1246,nilo1247,-0.015154221295941201,0.052627303727863416,0,0.66828977509775,2.535391792697975
nugu1242,atla1278,1.773558834567058,0.04360050190023153,0,2.9680265009660003,2.48949759225353
nukn1238,nucl1709,-1.1999956341008033,0.038787066838552445,0,-0.46742099094324996,2.453646697642785
nuku1260,aust1307,0.8410578524446659,0.054138212378846924,0,1.6664034979057498,2.33677259422098
nupe1254,atla1278,1.9898195149598785,0.03341830021784493,0,1.9810029535964748,2.464745903075645
nusu1239,sino1245,0.957874921062566,0.022731212577464483,0,0.6367667781190001,2.398553440528625
nuuc1236,waka1280,0.7508158014492876,0.04790341860522404,0,1.8387469511157502,2.76427809028567
nyah1249,aust1305,2.9133094300572244,0.04232430165754217,0,2.672609694390175,2.4079047937285702
nyah1250,aust1305,3.011260038229699,0.023672578603493668,0,2.637364117039,2.4207465963310852
nyak1260,atla1278,0.0180768422916867,0.03453050321011198,0,1.6635653379845001,2.4368379663468
nyal1250,atla1278,1.7440254541724074,0.031060142130920444,0,3.02784421480525,2.508045844237515
nyan1301,pama1250,-0.5962220929298978,0.07039236281295823,0,1.22016426526625,2.506331787059275
nyan1307,atla1278,1.987342229800057,0.041257065213157314,0,2.9003897748935,2.3918557967246947
nyat1246,atla1278,0.8621556607710954,0.03863394677265599,0,1.436707040436,2.38616652717837
nyaw1247,pama1250,-0.8037232228502376,0.0664869126318013,0,0.23220140327725,2.5179221981321
nyig1240,nyul1248,-1.107003802685906,0.07929831258563423,0,-1.10774268763375,2.8293053268407498
nyis1236,sino1245,-1.228164535782346,0.02620382368257586,0,-1.155862667613275,2.3662499776486596
nyor1246,atla1278,2.0337807347880976,0.04546266121666918,0,2.90282360360975,2.39786668498511
nzak1246,atla1278,2.0481213983318125,0.03614071158330058,0,2.67665178273,2.44687612340929
nzak1247,atla1278,0.5930823002972929,0.05120425923431252,0,1.47685679498975,2.387838131854335
obok1239,lake1255,0.1646297219283433,0.05457956845919811,0,-0.9202544672374999,2.77564660564562
occi1239,indo1319,0.5625231219762854,0.02039150428216454,0,1.40159110468225,2.3774902812992798
oriy1255,indo1319,-1.9380710193110167,0.02408913348303054,0,-2.98107745173975,2.5902865865284
ofay1240,nucl1710,0.0642328131929272,0.03207848989073693,0,-0.51228372625375,2.6309669797753
kalm1243,mong1349,-2.288394965433153,0.03699301075589773,0,-5.29067169924,3.242598377387015
okan1243,sali1255,1.9874820035749896,0.044480283033584096,0,2.3833909280175,2.55753609473925
okin1246,japo1237,-2.496898540178918,0.012015425818880222,0,-2.6324091451595,2.7977039035861697
oksa1245,nucl1709,-1.0987247906415194,0.03989168737588957,0,-0.35284691428875,2.44485164234381
okuu1243,atla1278,1.3890897202688124,0.046393265061460486,0,2.6953573222332503,2.486736166567595
oloo1241,nucl1708,0.42005954714445193,0.06442774165912514,0,1.2127055296655,2.57479365800815
omie1241,koia1260,-1.392042051031514,0.017750926569773715,0,-1.74650169352,2.734878146534755
onon1246,iroq1247,1.9208299035254224,0.05253500301486066,0,2.856949539745,2.69427517798284
orma1241,afro1255,-0.4244235290741729,0.02212219039858325,0,-2.123441459635,2.41695581842039
oroc1248,tung1282,-2.629435901632476,0.018242327310385303,0,-5.3413585872475,3.29193279415002
oroh1237,aust1307,2.25673877860701,0.01540881675686812,0,2.51721220347325,2.38658846158072
orok1269,nucl1709,-1.0222433846881318,0.04580427818564051,0,-0.7151435430499999,2.4682301309349297
orok1266,atla1278,1.8646229296640064,0.05228750267074876,0,3.6906542574775,2.52367020664515
orok1267,nucl1580,0.5145714187539776,0.04852344108022256,0,2.0780480298857498,2.778259033292305
orow1242,aust1307,1.1240113790549184,0.04573780594141796,0,2.13147089337475,2.39325307065391
osam1235,atla1278,2.518579910842842,0.040583270625056185,0,3.57833948578575,2.515312155344245
otta1242,algi1248,2.0923802739100177,0.04494711896576045,0,2.8586213744675,2.569925478736545
owaa1237,aust1307,1.7540781036187867,0.03238556354995329,0,2.57884377236625,2.386040121285665
paaa1242,afro1255,0.8221932173111247,0.024492158403784783,0,1.22867548329275,2.45362216184827
darl1243,pama1250,0.6851769472132176,0.06379350992762434,0,1.3549146922570001,2.5795587408737353
paam1238,aust1307,2.2200131853495257,0.0408012756326339,0,2.3217377297125,2.40754379845575
paas1238,atla1278,2.2155829793724955,0.0453059952664012,0,2.8827454564845,2.43361828953927
paco1243,aust1305,2.9071954671871767,0.04887349274961894,0,2.130941687615,2.392724672313965
paez1247,paez1247,-0.2073357322821024,0.05242033228567673,1,1.5454125061375001,2.73917015834718
pagi1243,atla1278,1.3830607854624395,0.05808152986067536,0,3.178433887185,2.4933899276299503
pagu1249,nort2923,1.5175578091000421,0.020592232068598,0,2.534584734078,2.700595473018295
pahn1237,hmon1336,2.8766603159918187,0.024904630080772164,0,2.7646158057475,2.676710943426535
pala1344,aust1307,1.4905610877599627,0.04112982433194795,0,2.04260023695575,2.4822543342898697
pali1279,araw1281,0.5244002687114214,0.037410361551360315,0,-0.0033990384520750003,2.532653597456335
balu1257,aust1307,1.1990538049099335,0.0581086055042002,0,1.85327658327075,2.40020455926802
pamb1243,atla1278,0.5142069461782084,0.04411172311442579,0,1.3856464775775001,2.385341215608295
pamo1252,aust1307,1.0308005377412823,0.04912725333624178,0,2.1431948037244997,2.414066790638655
pamp1243,aust1307,0.15163767717381754,0.036281321521599116,0,0.37236420703075,2.367082086305135
enap1235,cari1283,-0.38634308558532415,0.057726204799814176,0,0.9505102261375,2.451704462827125
pang1290,aust1307,0.45720368316754606,0.03805317377502041,0,0.82215128815825,2.35694514292215
pang1287,atla1278,-0.14628312070726351,0.04421371766243218,0,1.74437945504245,2.38432156465126
pano1254,pano1259,-1.4059760704588653,0.04574946612468544,0,-2.8504871951824997,2.550701574482145
pany1241,pama1250,-1.3555510060207259,0.06977801200765145,0,-0.427060608662925,2.47673263306108
papa1265,aust1307,1.6975044375422366,0.04481921809630452,0,2.2845780676225003,2.4197057227736547
para1311,tupi1275,1.1411778634163028,0.0570850867920135,0,1.1084266874300002,2.44972341792917
para1302,sino1245,-0.6911848018555424,0.022247441124594605,0,-1.62602192073575,2.4490566178794753
para1316,araw1281,0.25876011585455916,0.03850199617486814,0,0.7273086214375,2.45427724876135
pare1272,araw1281,0.5155588186453537,0.03863729939534719,0,1.134039046811,2.530602999676145
pate1247,aust1307,1.4524527180508549,0.04213976327597642,0,2.68146690632575,2.415984847381085
patp1243,aust1307,1.1913223675926807,0.01654736807410593,0,2.429760244745,2.420349106266535
patt1248,sino1245,-3.387838781326858,0.04002471904328264,0,-1.720285919545,2.4686999996031602
paul1238,aust1307,2.8406135382464135,0.05336170191533409,0,2.7078504186922503,2.476998281417755
pawa1255,pawa1255,0.6895516650703504,0.06241334472523996,1,1.29835112406825,2.8428155636732804
pawn1254,cadd1255,-0.5274754210772068,0.03406440030122786,0,-1.1225505002474998,2.7910602034489598
pech1241,chib1249,-1.1400881238730647,0.0483725830527398,0,-1.82943174508275,2.611382694473675
peer1241,atla1278,0.9527974120835636,0.05079769379186667,0,2.01157895594125,2.40266083297706
pela1242,sino1245,0.7645193839429072,0.031940656209560735,0,0.55206732627725,2.3864659399615302
pemo1248,cari1283,0.9520067035192121,0.052888583822372374,0,1.255770306455,2.4618219051822647
pend1242,aust1307,1.1801476754398568,0.041073758551878566,0,1.46153246327265,2.38049026614327
peng1244,drav1251,-2.634223282616086,0.046811994697595845,0,-4.031956862575,2.658664030724575
peri1253,mong1349,-1.7151442531843148,0.030729302404522835,0,-5.280985030415,3.244345792151935
phom1236,sino1245,-1.108997382846208,0.02911274040240372,0,-0.34978340769,2.3554929700876146
piap1246,araw1281,0.818862641338404,0.038060839072113266,0,0.499075395325,2.405633275601375
pich1237,araw1281,0.5084499694921335,0.04552442028083989,0,1.53377730072243,2.455560143287685
pila1245,guai1249,2.232731563147576,0.02568815168889771,0,1.63582839095125,2.74495282032573
pina1252,piaw1238,-0.4464717977140086,0.043506941111040184,0,0.34690140334999997,2.66837917992828
ping1243,aust1307,1.753348681018759,0.01448725072826488,0,2.270629331835,2.37207728526944
pint1250,pama1250,-1.3867115486065535,0.07754390892455007,0,-0.50896514685975,2.49704346712151
pipi1250,utoa1244,0.6182517020109985,0.04587392436907142,0,1.7038144622484999,2.4786902522920347
pite1240,ural1272,-2.6632168397569167,0.027320092160023585,0,-6.397444535982499,3.04132474341101
plai1258,algi1248,2.2469875560029946,0.047736044811738064,0,2.58272932607,2.56868761858483
pnar1238,aust1305,0.5186070789070565,0.021098830796932845,0,2.724676200998,2.41661374912841
pohn1238,aust1307,1.5583701847887235,0.03676838522746311,0,2.2757839614725,2.36928542558874
poko1263,nilo1247,0.7827633656390881,0.06260333377819272,0,1.2585593533415,2.5235400854982197
poli1260,indo1319,-1.760670312029252,0.02439005866418532,0,-2.53797914673883,2.533775066920435
popt1235,maya1287,1.2943626042835161,0.056282837989207066,0,1.6209980819449998,2.560364598346295
port1285,aust1307,2.373274010283721,0.011508960999601003,0,2.7442532723325,2.3983557108111597
port1283,indo1319,0.7059492135306336,0.026436136958620585,0,1.5066206768627501,2.3711584505427297
phai1238,aust1305,3.0762380651940444,0.03362971696510124,0,2.59977692995,2.447375267844475
pras1239,indo1319,-2.821188412045362,0.02281180191137152,0,-2.5421668220775,2.66400855023422
psik1239,afro1255,0.18006114928550182,0.05181888511044932,0,0.09556055243325,2.405310286809235
puin1248,puin1248,-0.0520772748153775,0.04184921934464477,1,1.5570513964227501,2.7572860244986748
puka1242,aust1307,-0.1990527857593492,0.033859907690203264,0,1.86169148638725,2.32063390793273
pulu1242,aust1307,0.2877700853126161,0.03524923766758906,0,1.874740382325,2.3169793466961
puma1239,sino1245,-2.862272458433975,0.014047777578473756,0,-2.3725870278075,2.4929003569106802
pume1238,pume1238,-1.0705567644485448,0.03262913833072728,1,-0.6491010235533825,2.78731911540133
pura1257,pura1257,0.3554408237005801,0.03849862446676375,1,1.661213068435,2.7875816112575897
pure1242,tara1323,0.49427803146386695,0.032825455871638376,0,-1.005298409215,2.8163765513367096
puri1258,sino1245,-3.4169094436033043,0.047958804590306756,0,-1.652507789341,2.405955087074105
qanj1241,maya1287,1.2401983027439676,0.05264058752859362,0,1.61569683835025,2.55795385748582
qawa1238,kawe1237,1.4291588039813425,0.026716095751358766,0,2.0439670508475,2.85401202438955
qima1242,afro1255,-1.3212725945475898,0.023585024917859885,0,-2.2811844742575,2.467837832751155
quer1236,otom1299,1.4336284631343026,0.04906912088078331,0,2.43889305221,2.63030038061147
quio1240,otom1299,1.5633141403146054,0.04169686769028542,0,2.32301270667,2.66679389813365
rabh1238,sino1245,-1.7657850333335705,0.03224467045699473,0,-1.122510503935,2.39412554490816
rade1240,aust1307,2.954036235352836,0.04443588108121627,0,2.697155945095,2.4221892620582848
raji1240,sino1245,-3.3240392896559268,0.008650563255917287,0,-0.97021550458925,2.443121453247115
rapa1244,aust1307,2.1374656571619393,0.03360010117903752,0,2.1031984368525,2.3394086931368
rapo1238,nort2933,0.00998562030218825,0.0451288040533905,0,1.01299082225125,2.671173053585105
rata1244,aust1307,0.37737902752940794,0.04379147194752913,0,1.0449363771770002,2.4160152081766197
raut1239,sino1245,-3.246750855711656,0.024347428311666832,0,-0.9837267089027499,2.45063454521175
reja1241,aust1307,1.5131460414825435,0.044671421034493605,0,2.26866885355,2.415739088496875
remb1250,aust1307,3.0229736764891504,0.0422538902409107,0,2.81576842516,2.47888140509796
reng1252,aust1305,2.892283818004106,0.027454372938205844,0,2.705745978335,2.428778112335685
renn1242,aust1307,2.299272354577115,0.04603234788211783,0,2.3409081345025,2.3338266844457003
rere1240,aust1307,1.849735975743624,0.0397372216844641,0,2.75195689233,2.3985408395821803
reye1240,pano1259,-2.074492982184722,0.040653949182052056,0,-2.4891234758225,2.6013787007161
rian1263,kolo1268,1.0186491630563883,0.06648304642283036,0,1.8924713825764652,2.7944219031586552
beka1241,aust1307,2.4463630952309217,0.04081005420322591,0,2.3528581874450003,2.439515776525205
roma1326,indo1319,0.35545469524167883,0.03286388941298098,0,1.388846468945,2.3915217583858652
romb1245,aust1307,-0.7388102863168149,0.05584328465230944,0,-0.49696844437125,2.34078825780412
ronn1241,afro1255,0.31370021696663153,0.026443656662426235,0,0.96064456220275,2.44206872866202
rong1266,sino1245,-1.854883837325223,0.031026609961130283,0,-1.3156792694603001,2.458343327684255
rong1264,sino1245,-3.1675409784977813,0.04479958790571222,0,-1.74091398068625,2.44642978627436
roto1249,nort2933,-0.15758406695453636,0.03983254422228811,0,0.135199266835,2.647740447041765
rotu1241,aust1307,1.922857895102481,0.05286809107998534,0,1.8951211004744999,2.381261187377365
rovi1238,aust1307,2.0496575131867028,0.04964253164524104,0,2.455201727735,2.409003935868645
ruch1235,aust1305,2.59906146759631,0.025947736978812842,0,2.79139706138775,2.4015690168942854
ruka1240,aust1307,-0.16974776059578528,0.03373599031616327,0,0.30499540159875005,2.531294859527415
ruma1248,aust1305,1.921459967532006,0.024502008779716564,0,2.78565979398,2.42382941053117
rumu1243,tura1263,0.18928296628926855,0.06130566594450678,0,1.650374062005,2.784071386202755
rung1258,maba1274,-0.09662746499470645,0.04330150194925548,0,-0.70057843743075,2.738165973996275
rung1259,aust1307,0.6407828394388011,0.036517921858344654,0,1.9580052321755002,2.401162129071825
russ1264,mong1349,-2.8391671331809425,0.0383712228903343,0,-5.2731712611025,3.2551059804829654
russ1263,indo1319,-3.0254683376158105,0.049951890315139656,0,-2.541184558485,2.5420668908152804
rutu1240,nakh1245,-2.823415480386921,0.028978490207043784,0,-4.9598544915225,2.98276418300106
saaa1241,aust1307,1.7244677656704595,0.050874354149309846,0,2.4024823620155003,2.393336633323465
saaa1240,aust1307,2.237466832416528,0.03805168066800758,0,2.5293816282675,2.41104557918313
saam1283,atla1278,1.842966016570116,0.03626902772865277,0,2.7766150925775,2.4283436294304996
saar1237,aust1307,-0.1447631220776604,0.059278876221459095,0,0.5486199602190001,2.535710591288695
saba1267,aust1307,1.4201506275141038,0.04442779744919301,0,2.147767963921125,2.38564182299665
saba1268,namb1299,-0.6885501469604144,0.051450887658107035,0,0.281112918695,2.66409326686919
saga1262,atla1278,0.8540211990716462,0.03986518717463154,0,1.79671903940685,2.3915391851310197
sais1237,aust1307,-0.16572137070344184,0.05752096578902387,0,0.35310475982,2.54730478005868
yaku1245,turk1311,-3.1631912697251594,0.043119086646844024,0,-4.79723525695,2.967484681008895
tsis1238,atla1278,2.1824507778713382,0.035388632296135744,0,1.8379625749769999,2.462613086524755
samb1311,atla1278,1.1361133981360716,0.038114530757210725,0,2.66637414791,2.544378626347725
samb1305,atla1278,1.1690003686957304,0.040601356954793805,0,2.40513851346,2.4230118988008
samo1305,aust1307,0.8656381515691984,0.05217541816695512,0,2.01612843725255,2.309597516028915
wara1292,atla1278,2.5948084109178566,0.035156401439424056,0,2.6047016813474997,2.48148964079969
sana1295,afro1255,-0.3469522035016447,0.03660175115926166,0,1.0998799428166501,2.361716443212185
sanb1241,otom1299,1.4099573424496672,0.04990027185363094,0,1.633913040616,2.5413410735970947
sanb1242,chib1249,-2.341325210187329,0.050763058097563304,0,-1.83501817892875,2.4782042464826
sand1278,huav1256,1.62796453896061,0.033946575036937404,0,1.5051420902785,2.78577773745308
sang1331,atla1278,1.4532243952174184,0.030202233204757872,0,2.9545846533415,2.464456944087135
sang1321,sino1245,-1.5560973540454413,0.03283242009887625,0,-1.59437524458675,2.465099250466305
sang1330,atla1278,0.2839004842909788,0.035595857741955034,0,1.9462494758600002,2.382490408440345
sani1269,sino1245,1.9430950546383907,0.02313477277610706,0,0.8090819892415,2.38738967494667
sanm1301,otom1299,1.7462954213456316,0.05434882988545375,0,1.56433182608225,2.56028092559313
sanm1289,quec1387,-1.620218904829895,0.05129655375282356,0,-1.15946359495675,2.506463547646955
sanm1295,otom1299,1.5584099588162785,0.044956547126229214,0,1.7275583708704998,2.56139620567835
sant1410,aust1305,-1.4712629853423431,0.02652483601187038,0,0.17337648020750002,2.3717304888428803
sant1451,otom1299,1.659245107609164,0.054123305305514034,0,1.564227359526575,2.5344585040169
sanu1240,yano1268,-0.22511793232500976,0.03305929325845764,0,0.0466653176275,2.5344476927597652
sapo1253,aust1307,1.7466571293508513,0.04463303913831308,0,2.03736864876425,2.4069333159962802
sara1321,cent2225,0.4125379550457428,0.048536944438593785,0,0.699814491594,2.34032125986942
sara1327,aust1307,-0.984215404206644,0.0565009464527598,0,-0.30217759622225,2.344109921022995
sars1236,atha1245,2.630788895933188,0.04920270326305027,0,3.2163254439375,2.630057868088095
sata1237,aust1307,1.3085544546681505,0.04262195807858158,0,2.0077050748261,2.333469450428005
saur1249,drav1251,-2.9395505164294016,0.038502238440948806,0,-3.2765664156204997,2.7520786686529
savo1255,savo1255,-0.26330284631801204,0.052641449029294476,1,-1.0483544136115,2.925249897505105
saya1246,afro1255,0.37623776636356554,0.04579151272315351,0,1.26756296561725,2.444018814079415
seda1262,aust1305,2.8718653634245888,0.027529888131945627,0,2.70245854403025,2.4300918306907153
seim1238,aust1307,1.6323974857946215,0.09004962222392879,0,2.40515409181825,2.4418384685411
seke1241,aust1307,2.3314522971315856,0.03263968870360519,0,2.399574488270975,2.3943429191448153
sela1259,aust1307,3.02485023014264,0.0666509717763076,0,2.7568422203075,2.472437841900665
sela1260,aust1307,2.7059224977065854,0.05040268797445227,0,2.187070813705,2.45037984681301
selk1253,ural1272,-3.945852093600356,0.035533903445793984,0,-6.0378672456875,3.206907789131705
sema1266,aust1305,2.013930878283344,0.053663480296505195,0,1.7001968329445,2.375639880691315
sema1265,aust1305,2.090592204314028,0.05578047604047494,0,1.55349807346325,2.36755714308004
seme1247,aust1305,1.8990655856565828,0.03574307507254838,0,1.4647347627875,2.364388533374175
sene1264,iroq1247,2.4361841569597678,0.04412694512698703,0,2.85248814119025,2.6940530154041946
nucl1632,sent1261,0.2059702210516035,0.06085934482072786,0,1.724046628895,2.75461466043215
sout1528,indo1319,-1.5754407563606865,0.034572546403187916,0,-2.520790460785,2.5465511848561597
seve1240,algi1248,2.1466581808938883,0.05200975478917342,0,2.8580808518670002,2.54963639213313
shab1252,shab1252,-1.373892753046044,0.05744239052727352,1,-1.9828880501529,3.327280542913675
sham1280,atla1278,1.2255296435221399,0.05849730165695576,0,2.6243499611712497,2.3889046926446804
shan1283,pano1259,-2.372342197150873,0.046176869487008845,0,-2.8742661261055,2.5644065964382348
shaw1249,algi1248,1.7034973984129398,0.06617133230014025,0,2.7604724240025,2.596166415050525
shee1238,hmon1336,1.9662384742043535,0.01734209384697781,0,2.76978384005925,2.65327583467349
biao1253,taik1256,2.19662114103901,0.040368124684349735,0,2.20940759955,2.709895314613595
shil1265,nilo1247,0.12749274124427773,0.049193928543460635,0,1.4857559992295,2.55957653681044
ship1254,pano1259,-2.3649311536479525,0.046372920289401154,0,-2.8304708711862503,2.570081425983215
shix1238,sino1245,0.4734320637745849,0.04009963735066041,0,-0.9429984626350001,2.40327570440315
shol1240,drav1251,-3.26183428157859,0.05094081813297953,0,-4.057501441643749,2.646320740314835
shon1251,atla1278,1.343431562487139,0.04980790267166174,0,2.1358469982825747,2.40447948914374
shor1247,turk1311,-3.53285789998867,0.04088680759545297,0,-4.8029847744575,2.98133434943397
shos1248,utoa1244,-0.9045441261924261,0.03936226098309693,0,-1.612278789495,2.522491771831765
shua1257,jiva1245,-1.6450503039402555,0.0376038669236404,0,-1.5792007275725002,2.630949495260875
shwe1236,aust1305,2.1210072402873066,0.02234548909215864,0,2.79588556897375,2.399617824330875
siam1242,siam1242,1.4611752899016426,0.03859432355952917,1,2.8957282315104997,3.382050124582075
siaw1243,amto1249,-0.746489049010731,0.04510873160770045,0,-0.7165022188825,2.8108820358394953
sich1238,sino1245,0.9250968525263682,0.025196301490897487,0,0.69236899175725,2.38929952389137
sici1248,indo1319,-0.37264474589632035,0.03474664223261667,0,1.3300951462575,2.3783617855268
sici1249,atla1278,2.334437366984764,0.041193006753177774,0,2.9102286897875,2.4649948151522
siee1239,aust1307,1.1141806620233554,0.04342996770978285,0,2.33869357030175,2.3892212794715952
sier1250,otom1299,1.928741679749562,0.04020765111356493,0,1.589822551995,2.52865243749982
sika1261,aust1307,1.5552666674478508,0.049457105356470216,0,2.2748852172825,2.346958181847825
siks1238,algi1248,1.9731945777563111,0.044837519454579144,0,2.676759873089,2.592218015298125
simb1256,aust1307,1.998594296825178,0.04038290168030123,0,2.394408866277975,2.42132124761073
sina1266,aust1307,0.6760825992607443,0.04023972180255067,0,2.168714018915,2.350100920007465
sioo1240,aust1307,0.8677796222804174,0.046375261712978365,0,1.18050888506975,2.3783823566634403
sion1247,tuca1253,0.508104312849728,0.037111351237533036,0,1.75540996469,2.51599294069894
sile1255,nucl1709,-0.8723325897373273,0.049028752774402495,0,0.42708925568775,2.448382652779975
situ1238,sino1245,0.13897990644567643,0.036089264470609825,0,-0.005883901603999949,2.41712488647335
siwi1239,afro1255,-0.5742659250993007,0.03402791934667028,0,-0.5846670975625,2.4502949526912152
siyi1240,sino1245,-1.192922382473203,0.02493208762075361,0,-1.7084041669175,2.4463946138219503
skol1241,ural1272,-3.0286262612980437,0.03340505035384807,0,-6.39172515996,3.058722855959065
slov1268,indo1319,-0.9567477268428248,0.025863346451165052,0,-2.5300415914675,2.5364850153607748
sooo1254,aust1305,2.622452531823107,0.02698926851553361,0,2.1771736330113,2.379880889934675
sobe1238,aust1307,1.7523193797866397,0.04196572057177965,0,2.3799074308775,2.4283320463532148
soch1239,otom1299,1.6278301645162503,0.043029611938911,0,2.325257103345,2.6658180392094346
sons1242,aust1307,1.4672642882365001,0.038527830336408914,0,2.080816302635,2.339281398344345
sora1254,aust1305,-1.0968681886008569,0.022242004361670824,0,-0.2890349026055,2.370572300088555
mani1235,east1459,1.6131349508960717,0.040903945217396244,0,1.289725287985,2.823728358035635
koon1244,atla1278,1.4893520939825102,0.04800610002728409,0,2.13069520173025,2.425177916019325
sout2859,aust1307,1.542921582821048,0.047915686022774975,0,1.9071408698472,2.37641994357086
sout1549,drav1251,-3.322016691194326,0.07445504645011691,0,-2.76953467294425,2.66858205685561
sout2856,aust1307,1.8118134834310853,0.049086351921466084,0,1.6839464525725,2.36527274074394
sout2954,japo1237,-2.440224679903589,0.014701956975273935,0,-2.6185678943225,2.79714246564148
sout2996,ayma1253,-1.4095062183623928,0.055636932157248284,0,-1.45273780108,2.6834334722333697
raro1241,aust1307,1.4295928572257872,0.0534338924040888,0,2.05351665203725,2.32435139694942
sout2715,sino1245,-3.561807198588558,0.01330345895338906,0,-1.90670626795,2.44977271388951
sout2826,krua1234,1.6597710655720432,0.042699257469622706,0,2.9272906977475,2.556955684189745
sout3236,gumu1250,-1.6300911781297776,0.038318006442098,0,-1.9289858537175,2.930901859771835
sout2956,haid1248,-0.1705096069342241,0.028356587744733337,0,-0.560784937792,2.789282401472675
kach1280,sino1245,0.2631289361569966,0.030115274716087617,0,-0.72509229240975,2.362622437716125
sout2994,namb1299,0.0544116161765781,0.044432118924785546,0,1.09053285167525,2.66980929770128
sout2649,indo1319,-2.3542786476505286,0.024321966024615317,0,-2.3150508892965,2.620845054146565
sout2728,sino1245,-0.04465450036592075,0.028010253584344294,0,-0.82981438087325,2.3885218243223854
sout2918,aust1307,0.4339384743349153,0.04207438836135087,0,0.8693215160665,2.3710781154894303
sout2985,miwo1274,-1.633891632740193,0.042272256965570534,0,-0.94245288221125,2.75343935439279
sout2807,atla1278,2.1951761304753328,0.03866735279069571,0,2.4767695415137503,2.38569811862797
khan1277,sino1245,-1.2043480488523177,0.03632653245054354,0,-1.36165362374825,2.43443180710659
sout2797,atla1278,2.4311373095757824,0.06102473678436776,0,2.5011179066715,2.4890468529221
sout2679,ural1272,-2.9202775374449583,0.027866362460685957,0,-6.35307565,3.07175539986067
sout2782,atla1278,1.6248792289331342,0.047148561258733256,0,2.904371081255,2.5610501540782
sout2895,aust1307,2.800053188031689,0.04832582881502868,0,2.7439370268775,2.47734318870451
sout2674,ural1272,-2.171816280749634,0.03415366178404324,0,-6.3961506648225,3.05721403084043
sout2959,atha1245,2.441129423334975,0.044137700955771776,0,3.26908195721775,2.62487654108302
para1301,aust1305,2.654773231165196,0.02922460236527115,0,2.787735107579,2.40605447174103
sout3261,nakh1245,-2.936618067918455,0.03029336633386979,0,-4.956010543199826,3.02058703305232
sout2869,aust1307,0.7853979949205008,0.04039399991870274,0,1.650404797796025,2.35827898959342
stan1318,afro1255,-0.16467844078329524,0.025464676784284972,0,0.625180536101,2.353664219044215
indo1316,aust1307,1.7427592664053282,0.05687813574711312,0,3.01111549545475,2.375349885329255
stan1306,aust1307,2.2100866876791136,0.056073420877984274,0,3.01004986530575,2.379594313243315
horp1239,sino1245,-0.15658708071482805,0.025562053995754102,0,-0.70694771054525,2.419754030394195
suba1238,atla1278,2.0292803121705045,0.04232946265416184,0,2.766507991325,2.42834192670034
sude1239,aust1307,1.2942903568537496,0.031450173762666914,0,2.41349398848048,2.37911784372403
suku1259,atla1278,1.9831755254200947,0.028554284898655278,0,2.8722421481394997,2.444222618140465
suku1261,atla1278,1.7126739771074029,0.046400035029684476,0,2.461381351291125,2.4120836354761197
sumi1235,sino1245,-1.5625752509751691,0.02753578120832373,0,-1.5062436918265,2.471111120823685
sund1252,aust1307,1.8188287551122848,0.056674067171843555,0,2.444458549658325,2.4606311472382103
mari1426,aust1307,2.176810149032033,0.048209596984539936,0,1.641305973605,2.3843857553756953
sunw1242,sino1245,-2.964673333987763,0.02889301543918495,0,-2.50720865407325,2.50863222193115
supy1237,atla1278,2.25555009688082,0.039976265091400696,0,2.9206328945299997,2.4757380609567052
surg1248,ural1272,-3.996123766211446,0.04685646290343788,0,-6.18933670455,3.14692643008481
surs1246,aust1307,1.8160957255873669,0.041669013193654694,0,2.3488913068775004,2.41773448680896
suru1261,tupi1275,-0.10462333893572184,0.052077426133782474,0,-0.081266211799,2.49266041751302
swah1253,atla1278,0.5250840450972614,0.03768304575019532,0,2.8309191339849997,2.362648244531465
swed1254,indo1319,-1.2218076064343921,0.029442682234523208,0,-0.17684781095425,2.43755745893903
taba1263,nort2923,1.429799126803312,0.043078402550490516,0,2.53705922499375,2.69728698858852
tabo1241,tabo1241,0.16779815000660755,0.040711234194265984,1,1.748302813585,2.823715893203855
taga1272,aust1307,-0.7904307731287901,0.046480783238942724,0,-0.363670541562,2.3412782916402053
taga1273,aust1307,1.3372077096729744,0.07624520771513414,0,1.9970956340281498,2.393894472129625
tagi1241,sino1245,-1.1608580940931739,0.02759071425663555,0,-1.12782782667,2.375097505363925
tagw1240,atla1278,2.5721956101807297,0.049785114753833626,0,2.9014705522275,2.47692982631425
taha1241,afro1255,-0.4314817852112119,0.017603052781969566,0,-0.68452089003125,2.42183167520585
tahi1242,aust1307,0.3986204419713597,0.032975080880859035,0,1.722053631490525,2.322029877875565
taia1239,taia1239,-0.23306105309557315,0.03917097789715882,1,-1.074047154415,2.756592254526585
taji1246,aust1307,1.3180638474235966,0.03847650920437147,0,1.71690285659425,2.381601628670245
taku1257,aust1307,1.7793267732887688,0.06231500903496452,0,2.285529479981975,2.3300109702676153
binu1244,aust1307,-1.0586753069504922,0.04323159263801428,0,-0.46630731776375,2.347616385563775
tali1259,aust1307,2.1147009527162695,0.03628133759589032,0,2.6172984162604997,2.4207304533110596
tama1331,tama1329,-0.837522491982476,0.03729280409099435,0,-2.27860760361125,3.04054244298026
malo1243,aust1307,2.3166423179160742,0.05327892650598742,0,1.65096998308525,2.389805374117835
tama1365,afro1255,0.15915293798649735,0.02755270775386391,0,-0.4903425783975,2.390748689931505
tamb1254,aust1307,1.0149306264879956,0.04151106871700239,0,1.86632617233325,2.38073434966219
tami1290,aust1307,1.2501592675142839,0.04349147846031339,0,1.656801539805,2.356100618704895
tami1289,drav1251,-2.934630130350156,0.054673205576865586,0,-4.06714754099575,2.63929874474483
tane1237,aust1307,2.37106825781254,0.04574162616984563,0,2.4277451635575,2.436473302249415
tang1377,sino1245,-0.5485401728004903,0.020871728068097645,0,-1.0820290015624998,2.3770870068627996
tang1348,aust1307,1.8404019494466497,0.01260355004324496,0,2.35281905236,2.431696963705945
tani1257,tuca1253,0.36949114219753354,0.04608302565275992,0,1.4841083860975002,2.497740203650355
lowe1412,aust1307,0.3567486101131302,0.046543760086144345,0,0.39097807946624996,2.345829896959435
tara1313,sino1245,-1.3158395189232435,0.031027621514580404,0,-1.8246847099372498,2.43609641935548
tari1256,araw1281,-0.4492771676745725,0.034402606145809055,0,0.396335292625,2.406814523105075
tari1263,afro1255,-0.728821491165261,0.02473441299160159,0,-1.04200883851425,2.48575396374951
tata1258,otom1299,1.0301264447222789,0.040939889109880064,0,0.040681396755,2.498271147208955
tata1257,aust1307,0.5144853096366082,0.05561155057642977,0,1.518378816205,2.3885291199893
tata1255,turk1311,-3.838854400510357,0.04355987585869951,0,-4.8209722048,2.956486308912575
taul1251,taul1250,-0.41730187557031434,0.051911220498847256,0,-1.1248536259525,2.86144675341345
taus1251,aust1307,-0.2255571004621641,0.04252631923624183,0,-0.5104532061825,2.352356964442595
tawa1286,afro1255,1.0404115641276168,0.04399423894994098,0,-0.2707924218951725,2.392259880559015
diga1241,sino1245,-0.36486442020300236,0.05045261769727571,0,-0.7074447461887501,2.42415561206703
taya1257,afro1255,0.7027690739012833,0.030647299513218724,0,-0.241237630474,2.39444309279762
tbol1240,aust1307,-0.9490581334645294,0.08615931825864315,0,1.0876258001274999,2.388983993256625
tean1237,aust1307,2.369403673122358,0.041089037097387926,0,2.4329235215175,2.444829655371625
teda1241,saha1256,-0.22786594175387545,0.03746651875830457,0,-0.6445388944097501,2.53394203896685
tedi1235,sino1245,-1.1132811912996334,0.02670498497083103,0,-1.7539733266785,2.43106411353249
tehu1242,chon1288,1.4892789925703345,0.03290632023248549,0,1.9668955032555,2.827051038596985
tekt1235,maya1287,1.4044224497263842,0.042112117801931956,0,1.8909398638611652,2.63313678093777
telu1262,drav1251,-3.3042433384790364,0.061740571351481706,0,-4.012944118579,2.67129586506816
temi1246,aust1305,1.9487218469603649,0.02356639734722392,0,1.5329883025835,2.3724699600593953
temo1245,otom1299,1.565780423872253,0.05618487164453917,0,2.38863530007,2.626526180776135
temp1235,aust1307,0.697745335976051,0.042952194445310066,0,1.666214416367,2.37750271401271
teng1272,aust1307,2.050559892251221,0.06710799886002931,0,1.3991058834052499,2.4107186573989248
tene1248,dogo1299,-0.38532823115347714,0.039689449488677614,0,-0.5934838122695001,2.680201387613895
tenn1246,surm1244,-0.20034313576714524,0.032501849375853833,0,-0.65064005263075,2.472006235724445
teop1238,aust1307,1.5834543378472354,0.05226241429337872,0,1.4486067255522501,2.405179925019355
tera1251,afro1255,0.37271610216021345,0.043895323847075,0,0.5416454488325,2.386570560906355
tere1279,araw1281,2.034992258569188,0.04588774872264768,0,1.2286341711022501,2.48620476995589
teri1250,chib1249,-1.2128901962165546,0.04393727865582437,0,-2.048881444802525,2.5178478592955553
term1237,aust1307,3.025037689204786,0.06118224290648936,0,2.8380533143825,2.473569174273085
tern1247,nort2923,1.546747992738163,0.047391228030976965,0,2.42979272884575,2.726075814890065
tete1251,utoa1244,1.7747471399637154,0.03251407835137896,0,1.646877481611525,2.47967792663045
teun1241,aust1307,3.2074692264661286,0.06201717197487349,0,2.8569991687225,2.47474405201213
tezo1238,otom1299,1.3764097841734637,0.037436181692897655,0,1.6625591017425,2.588133116360225
thad1238,sino1245,-1.1888710036400516,0.024327455937783654,0,-1.74783910362,2.43462052262105
thak1245,sino1245,-2.9611504319505015,0.03578809088820825,0,-1.984121795385,2.452137062721735
than1259,sino1245,-3.4377447823551206,0.008509902713382195,0,-2.255949677185,2.5031414863730648
thao1240,aust1307,-0.03067560806082755,0.04331234670863783,0,1.44929430683525,2.4993017866291
thar1283,atla1278,1.0985132049470383,0.033653983080680426,0,2.3224958847500004,2.384368741340615
aheu1239,aust1305,3.226958517725217,0.031423618661482314,0,2.5665135339057503,2.446780708516715
thul1246,sino1245,-2.664365672467677,0.021382736006615524,0,-2.5198631407675247,2.474266329168705
tibe1272,sino1245,-1.9769812514092466,0.04108460860092692,0,-1.231783101596875,2.362785395954775
ticu1245,ticu1244,-0.32742097978073303,0.03266415585667603,0,-1.12163871616575,2.745898999238025
tief1242,atla1278,2.29533150136168,0.04744067250511047,0,2.656968833321,2.506577061221585
tief1244,atla1278,2.3914689480963975,0.046492767435575594,0,2.63487722551675,2.5056405058887403
tien1242,atla1278,2.2518149286608398,0.0418499543767106,0,2.8660917543275,2.458666648443465
tiga1245,aust1307,1.4832144160390448,0.04319791233883969,0,2.0538055602575,2.412601291747455
tigo1236,atla1278,0.9628108340276148,0.033312362760526876,0,0.62511051314475,2.407691134201095
tika1246,atla1278,1.426548245664812,0.03952414935486079,0,2.67595145790725,2.5442867427002653
tiko1237,aust1307,1.7434228071388689,0.05628055620948063,0,2.351582401226,2.32737633923071
tilu1238,sino1245,-2.934364198260154,0.023344753599382446,0,-2.5130552059025,2.499470715155045
timn1235,atla1278,2.7289328732721603,0.047017547959641734,0,3.89121945106275,2.6215060968631
timu1262,aust1307,0.7722766987941024,0.05141330851689891,0,2.03753699812,2.38219613160906
tina1248,aust1307,0.42888993228599154,0.03955943739384444,0,0.7417294321007499,2.356251688560185
maee1241,aust1307,2.4830732977764582,0.046544139798480266,0,2.72208881358875,2.40966727606149
tiri1258,aust1307,0.9489924071717986,0.03713740645753287,0,1.77545099278,2.377539786903365
tiru1241,aust1307,-0.778531247779315,0.05772112110206634,0,0.6909898739025,2.382864319620865
tita1241,aust1307,1.4592486380966103,0.057990460597519736,0,2.4534610142144997,2.405699497344825
toab1237,aust1307,1.3920584113558852,0.03926655345406864,0,2.5060889619299997,2.37584024424706
toar1246,nucl1580,0.39019964397309237,0.03608791351916689,0,2.12270408954,2.7779963289339653
toba1268,leng1261,1.1257079120532076,0.04945012673788593,0,1.3366752544215998,2.77318891334764
tobe1252,nort2923,1.6193653966047457,0.05034573200399551,0,2.520033562992925,2.6812090880460104
toda1252,drav1251,-3.233517143810139,0.042300217624469394,0,-4.047528083926,2.6650610111348403
toho1245,utoa1244,-0.4102663268655181,0.052148297589785474,0,0.881239956185,2.48001350179671
tojo1241,maya1287,1.526382891135339,0.04821236821363877,0,0.61022896810775,2.58416351648955
toke1240,aust1307,0.0578297054019863,0.04122926523815689,0,1.927723352534775,2.2983566326777
toll1241,jica1245,-0.47883081429172764,0.0387322515441311,0,-0.8881254765672499,2.782924648430275
tolo1255,aust1307,2.5045555588209627,0.04176132356180177,0,2.2878832576015,2.41527450840006
tomb1244,aust1307,0.6421942367609239,0.05290139518565729,0,2.11426521197975,2.3958857364666697
tomm1242,dogo1299,-0.6441868541228802,0.05916854523370257,0,-1.0358852149425,2.78382205620114
tond1249,song1307,-0.0061842406575366,0.039950287906022106,0,0.45752950149250005,2.47712292975423
tong1325,aust1307,1.7721586075081608,0.03997177207812303,0,2.227078711395,2.360737410059095
tong1318,atla1278,1.588203325125066,0.03395488345759819,0,1.9869906644765,2.389458246012095
toor1238,atla1278,2.0434046574808047,0.043488134249034215,0,2.91241230280025,2.3944253676172798
tora1259,aust1307,1.7097592520628555,0.044364279272556664,0,1.46088733159675,2.3812419640820552
tote1238,atla1278,1.2398279602994435,0.04122849051287885,0,1.4813369724975,2.39684821974988
toto1302,sino1245,-2.1477586103915636,0.0440503082559251,0,-0.80553592979625,2.43438927319692
touo1238,touo1238,1.0744327972666428,0.04604581948035325,1,1.63132435806,2.89624529897212
trio1238,cari1283,0.37657649353612865,0.03796155323987149,0,1.4305504823319999,2.462419816857445
trum1247,trum1247,-0.2526915637406907,0.035243485950663254,1,-1.00176313027,2.7229337914978347
colo1256,barb1265,-0.2563321938686872,0.030891651966925157,0,-0.7249605195462501,2.609231207738245
tsam1247,afro1255,-1.137350174762272,0.03607522136785909,0,-1.8994050847475,2.42871821200356
tsat1238,aust1307,3.093322964593793,0.04461852852033809,0,2.6562261525875,2.454817604381705
dido1241,nakh1245,-2.7512695252461894,0.031384869267365764,0,-5.001754722195001,3.002511942784965
tsha1245,sino1245,-1.167165992131534,0.050832828522000946,0,-1.86041737884125,2.42354616339987
tsix1234,khoe1240,0.06838299668822956,0.027570496026559123,0,0.39511029188815,2.7560908814979053
tsog1243,atla1278,2.3962603234927666,0.030201082881982155,0,3.32694462173525,2.51494134067481
tswa1255,atla1278,1.9016457452756472,0.027913807044850532,0,2.4376165537092502,2.407891304650275
tswa1253,atla1278,2.114185491796004,0.033756325520470844,0,2.4259423123292496,2.3876995961610197
tuca1252,tuca1253,-0.07886099299062795,0.05292029574475161,0,1.5803810205325,2.50654627904049
tuge1241,nilo1247,0.7658584674335749,0.040506904005618696,0,1.1145769543955,2.488423197496145
tugu1245,aust1307,3.2764653235599956,0.038425848745667124,0,2.87152108187,2.4869205651715998
tuki1240,atla1278,1.8696412433060114,0.04059234429202372,0,2.8618996958375,2.49864941181181
tula1252,atla1278,1.0626407899112642,0.040707137733820904,0,1.938090875175,2.44364508307511
tulu1258,drav1251,-3.306571721607587,0.050632883558918394,0,-3.9643679288825,2.692250739460055
tuml1238,aust1307,1.4897602001043682,0.05255747235540535,0,2.41900553373,2.41613506435844
tumu1242,atla1278,2.1539807756623537,0.04516984426201725,0,2.8848202937950003,2.45075433143101
nene1249,ural1272,-3.9123358660145326,0.0448778568240954,0,-6.014945535855,3.2125721757813652
tune1261,atla1278,1.6464120269242564,0.05071477738219698,0,2.4629240897995,2.45908643854357
tung1290,aust1307,1.1805126998949418,0.03960889699311677,0,1.4387381182944998,2.410471887325695
tunn1238,afro1255,-0.6704758685901024,0.02159187727082743,0,-2.17317227338,2.4379403601579
turk1303,turk1311,-1.650400533358986,0.04257303342948259,0,-4.7979113054575,2.982834780528555
nucl1301,turk1311,-1.6384624394206664,0.03251759387536165,0,-4.80468209115,2.9446434392352803
tusc1257,iroq1247,2.100424054032932,0.05093788021440382,0,2.8477202915725,2.6786001139491953
tutu1241,aust1307,2.4414920428705003,0.03458048459054254,0,2.0697791673155,2.398516755897095
tuva1244,aust1307,1.8074893320982643,0.04933620913776339,0,2.0846815430945,2.31672974439355
tuvi1240,turk1311,-3.3894346808318625,0.04708044642055091,0,-4.792951951519999,2.97744639278794
tuwa1243,aust1307,-0.18781984784739553,0.045755581591869945,0,0.788577809337,2.3600074239282947
tuwu1238,atla1278,2.169451709150979,0.0515096811407514,0,2.761147050027,2.5207006752464602
uuuu1243,aust1305,3.0333206609605146,0.026531393468885348,0,2.7814065433575,2.411593373243945
ubir1237,aust1307,1.5436490074681237,0.044839320675579164,0,2.17761953935375,2.418797534697285
udii1243,nakh1245,-2.6279018572491673,0.04365450755572484,0,-4.9454166670907505,2.9601115704294703
udih1248,tung1282,-2.344317776371569,0.022081538169760082,0,-5.34991195855,3.302540501190545
ughe1237,aust1307,2.067837231211729,0.034564116242307735,0,2.4491848392515,2.420376870547435
ulch1241,tung1282,-2.7003595528805686,0.017516170296939415,0,-5.344293853165,3.316535064014685
ulit1238,aust1307,0.9714035768655258,0.04439769931635423,0,2.10032315809925,2.323848133968545
ulwa1239,misu1242,-0.814491977229514,0.03708552778021726,0,-0.15602160916149999,2.58378544395429
yaul1241,kera1258,0.06022111237051305,0.04613707992124281,0,-0.8696026411319999,2.753629020585905
umaa1242,aust1307,1.7104868291841733,0.05040930897799154,0,2.0173806637395,2.42683554765514
umbu1257,atla1278,0.6192737124301677,0.04352358164587426,0,1.962424413671,2.4026470582493946
umbu1258,nucl1709,-0.9421721959081025,0.04081708680442389,0,-0.5224998348707499,2.42614100923038
umes1235,ural1272,-3.106535936232895,0.0326483517395787,0,-6.4048273917500005,3.056808327051355
unua1237,aust1307,2.456107920097386,0.0476271170529077,0,2.7490648381335747,2.39878716881196
urak1238,aust1307,2.5803068049542435,0.06916990408962334,0,2.99925010319625,2.37869723361384
urar1246,urar1246,0.6085994140122502,0.03881982271551436,1,1.0712606033275,2.7872698712358446
urav1235,aust1307,1.154234351114519,0.04246553738533423,0,2.3317700573925,2.38702030851497
urim1252,nucl1708,0.16946325437009852,0.06274260951919221,0,-0.157286631192775,2.604038300348685
urip1239,aust1307,2.4780880218706813,0.04618119686118826,0,2.6359932288342502,2.404913256393775
urni1239,giim1238,0.9453275223490714,0.08031782145452253,0,1.387365450471,2.815633166930195
utes1238,utoa1244,-0.6472203116007915,0.046253833799118904,0,-1.6258483098499998,2.49872995464374
pile1238,aust1307,2.1588136394261257,0.06495688331304338,0,2.34842277397,2.33235304362217
veps1250,ural1272,-3.7982035988078087,0.02661844475781008,0,-6.4007591514925,3.05292289130687
vera1241,aust1307,2.5006472325506546,0.05624011568960781,0,2.42950908303,2.412168132540525
viem1243,atla1278,2.119954172922829,0.06284529901650233,0,1.6969294903024998,2.45548769000363
viet1252,aust1305,3.4224328726400177,0.0229766865880489,0,2.58426906119875,2.4633729915686704
vunj1238,atla1278,1.2214847904749733,0.04027051551103376,0,2.27772901647725,2.39088441096029
vure1239,aust1307,2.4996196722836723,0.04117640909527548,0,2.45116658327575,2.3932516507263504
vwan1235,atla1278,0.053854954754178855,0.03135953115632554,0,1.7651885991410001,2.38217534429448
wadj1254,wadj1254,-0.7941596991668025,0.07172719123836237,1,-0.5489272507162499,2.89490333192166
wage1238,wage1238,-1.0872303251981967,0.04306379084982448,1,-0.5757692664915,2.90582955853919
waig1244,aust1307,2.1652569124271372,0.04992014917941151,0,1.2717461006225,2.43739351429924
waim1251,aust1307,0.915314229480577,0.03618258476204543,0,2.4617808956625,2.3524087838819403
waim1252,aust1307,3.1345025840354888,0.060090052411489674,0,2.87215274942475,2.452485567158465
waim1253,cari1283,0.409512477122144,0.02558259735685925,0,1.299853038846,2.4808234201474697
waiw1244,cari1283,0.7129651920341437,0.04442873771793179,0,0.963967302125,2.453035830689755
waja1259,atla1278,1.100584752848588,0.04021567935150361,0,2.4396134945699997,2.45984354429283
waja1257,pama1250,0.3672565380571188,0.06287970527207148,0,0.498267602963,2.512949825496455
waka1274,pama1250,0.5419586686479411,0.07313746551613662,0,0.7202943279175,2.583889269521825
wala1266,aust1307,1.8758094531330907,0.04997419143621865,0,2.1457833807405002,2.391467641850155
walm1241,pama1250,0.6838535174973918,0.08205186715735094,0,0.8197871191025,2.49706562815091
wamb1257,sino1245,-2.9324011756114396,0.02257277375378778,0,-2.50249627247825,2.494292095022465
wand1278,afro1255,0.7503767612795859,0.03015804788697838,0,0.9008898317875,2.399922077862155
wand1267,aust1307,2.6926818627188402,0.06703365948155782,0,2.38540777839275,2.4558119638442397
wanm1242,pama1250,-1.1182416456375495,0.08478033953860702,0,-0.36601456339,2.51966536474493
saka1289,aust1307,2.4889064169680406,0.05444154084252611,0,2.052169502975,2.4044341346434397
waor1240,waor1240,-0.037920766933947705,0.03915726565955367,1,1.5054589311885,2.7789793689451097
wara1303,wara1303,0.8970910952865672,0.03589705914544558,1,1.616015647722,2.796593017098165
wara1300,aust1307,-1.2593075403168048,0.04731131006995199,0,-0.48200111333825,2.3431819162808702
ward1246,yang1287,-1.26265905674827,0.0566745264087127,0,-0.5197091200174999,2.8849036808228004
ware1253,aust1307,2.032312856497,0.05474059160447053,0,2.3731241402,2.46728863176054
wari1268,chap1271,0.5512274818292084,0.04201206175852724,0,1.16715060570175,2.763981992406415
warj1242,aust1305,0.40595072264464493,0.029087853983668505,0,2.7015391460025002,2.4163728873443198
warr1255,pama1250,0.5854181853033171,0.0737114386946775,0,0.6173240006825,2.52236096147313
waru1265,pama1250,-1.0652175429532615,0.09263956232914165,0,0.19802047872599998,2.4856559005754253
wash1253,wash1253,-0.6297213644336681,0.054135873418078864,1,1.925378792322,2.800066097617795
wawa1246,atla1278,1.086328910081102,0.04662150441891566,0,1.9880894378025,2.5130095008069953
waya1269,cari1283,-0.14120367172957315,0.038110675404995666,0,1.098390970191,2.450607946038015
wayu1241,sino1245,-3.5078617448875447,0.015795121246426336,0,-2.50592231466425,2.499206859357175
wayu1243,araw1281,-0.8693391150198788,0.041985622503997275,0,0.6069569379665001,2.45638241034594
weda1241,aust1307,1.4691051051927622,0.049334239705114684,0,1.4269054754885,2.421298870676415
wels1247,indo1319,0.5570534374229725,0.022197999950081707,0,0.51254986599,2.495189322896775
weri1253,kuni1270,-0.2376326158794711,0.056123517712651116,0,0.8344632613715,2.5481736690277
west2560,aust1307,0.8562314757943508,0.0517056288392445,0,0.6435537401542499,2.3861883074481
west2548,aust1307,3.08300719840921,0.0708494093156043,0,2.7382068393049996,2.46613529480055
west2615,atha1245,0.5891586397369161,0.03900253413177946,0,3.1161084262524996,2.651721317385885
west2441,pama1250,-1.3225588512267514,0.0714575686398954,0,0.42834295212624995,2.495052218078325
west2397,aust1305,3.135735912883537,0.026479935043708155,0,2.172965042093,2.3751512631738247
west2555,aust1307,-1.3041111733470736,0.05940637884243475,0,0.034196607340000004,2.348981109854085
west2650,aust1307,3.023275804479021,0.05768440225258888,0,2.6570280507025,2.4166378576702
west2594,nucl1709,-0.31871315927956767,0.03850592802189668,0,-0.6047854823434999,2.49194833528703
west2369,indo1319,-1.1205096305193334,0.027480249269008234,0,-2.0500487276582504,2.57735821570679
west2519,aust1307,1.2124945684542232,0.017285637260858362,0,1.5701756209225,2.37880816819101
west2354,indo1319,-0.06369369373158856,0.02971867473134812,0,0.0771047645875,2.43423537000787
west2644,otom1299,1.0567810736521293,0.054289429784797595,0,0.0438432704675,2.47114009621962
west2624,utoa1244,1.687772791105034,0.05129593550079241,0,1.7192404715725,2.48181903841882
west2466,atla1278,2.3899103576776692,0.054179489257236646,0,2.8438849669149997,2.4910566169866097
west2632,kere1287,0.1816915848104144,0.018286482094717855,0,1.3803035679622,2.811517704550255
west2396,aust1305,2.926827088519843,0.02150652507954165,0,2.7840535568955103,2.411395455821655
west2418,sino1245,-2.9844182760775393,0.02977153814929182,0,-2.2662509385050003,2.51937902668486
west2763,afro1255,1.3209384401957727,0.02843902142111197,0,1.32074194618925,2.4157048847573748
west2386,indo1319,-2.880416844082156,0.02568473516016209,0,-2.947915005465,2.57038282321426
west2557,aust1307,-1.4056177767774998,0.056347105935390746,0,-0.46010550557225,2.379111329745715
west2415,sino1245,-3.5622946941454687,0.0546440157418623,0,-1.9414418833725,2.430756885298865
sanj1284,otom1299,1.8146356427849601,0.0537737425074238,0,1.54891226391425,2.5501188329736904
west2430,hmon1336,2.37538847128841,0.023344585887341566,0,2.7689827142327497,2.642057137565665
west2600,nort2923,1.686508300228799,0.04013139490617026,0,2.287213614665,2.74277429215579
saka1291,aust1307,1.8070888244485226,0.038406488783834423,0,2.2090674102169503,2.39555881477287
west2516,aust1307,1.868011433097497,0.07097863495145934,0,2.340543583815,2.337869667568615
whit1269,aust1307,0.9069885483448972,0.0310646703448448,0,1.7453568326525,2.35563238706123
wikm1247,pama1250,-1.2823856621376257,0.09002412704403508,0,-0.48671974779,2.6032096209728097
wira1262,pama1250,-0.4480129735890094,0.06182673730172596,0,0.6545085333075,2.554976644785625
wiru1244,wiru1244,-0.723505455788621,0.056410818486339886,1,-0.8018688267077501,2.82690448920383
babi1235,atha1245,2.409895063075453,0.06420302909597242,0,3.180040984765,2.6586510691012
woii1237,aust1307,2.401948850555242,0.056397586843167286,0,2.401580239998,2.4662474274189448
wola1253,afro1255,-1.6761980170493782,0.02585463303919237,0,-1.22358088102,2.5508229390279498
wola1242,gong1255,-2.0629929158560043,0.04428515909133773,0,-2.1633083006694998,2.60011008546591
wole1240,aust1307,1.5931199757530115,0.04434185934564579,0,2.0392963760475,2.3330652098447997
woli1241,aust1307,2.7089165323907425,0.05155535748840667,0,1.5966100226285,2.40221652450396
wood1236,algi1248,2.209833636439704,0.03519627330314045,0,2.5785289726025002,2.56123709032516
wotu1240,aust1307,1.7307743625205034,0.04358879075755998,0,1.3500517020145,2.39749891624575
woun1238,choc1280,-2.0590111883307394,0.040091429667639136,0,-1.5662314950325,2.6535223362741
wuch1236,sino1245,0.17257644371722292,0.019894626845683997,0,0.49328516649125,2.40872052488694
wudi1238,sino1245,0.8738470593058909,0.026072942438410338,0,0.495875991491225,2.37651867400134
wuna1249,worr1236,0.28634148462991094,0.09084496052588717,0,1.9049125732475,2.63605209092898
wusa1235,sino1245,1.3886211046557968,0.03230998749450443,0,0.63494298617375,2.369331654712835
wutu1241,sino1245,-0.7751631795859018,0.02738168241056458,0,-0.1543637811945,2.405600643557465
wuvu1239,aust1307,1.0220539721893362,0.08669456610770211,0,2.46120069545675,2.436065127594965
xamt1239,afro1255,-1.3749647487657557,0.02407135077997391,0,-2.308543088274,2.4620288846276397
xara1244,aust1307,1.6804471753536023,0.04150372794125457,0,2.07701304512775,2.378965304525585
xhos1239,atla1278,2.222388238706901,0.026851291506152477,0,2.44114501650725,2.404868484260785
xish1235,sino1245,1.4951814071231455,0.025316724226450656,0,0.8150068991891,2.40208500763741
yaak1241,afro1255,0.2746729441283797,0.029855123056629185,0,-1.644804021627,2.40895338530991
yaey1239,japo1237,-2.538960823987881,0.01920750151115625,0,-2.6448531542,2.796802723048315
yagu1244,peba1241,-0.9934630422489846,0.05111479551504093,0,-0.81331574360025,2.774745010788785
yaka1272,atla1278,1.8165160556525608,0.03814220351849666,0,1.9631559108644998,2.4236433231263446
yaka1277,aust1307,-0.6906337590632262,0.05093245764309703,0,0.738410557265,2.407134429033775
yaka1269,atla1278,1.8883746039310376,0.03008311060569634,0,2.868488134749,2.448082212544295
yakk1236,sino1245,-3.092518775255027,0.021748970812116034,0,-2.361575308712625,2.501780116788455
yako1252,atla1278,1.255651462554023,0.054228695715985716,0,2.3659372317647502,2.381350219277275
yale1246,yale1246,0.0126696344493892,0.0392508525670554,1,2.06053703367445,2.78356924011677
yami1254,aust1307,-0.971153703055048,0.051387683548645105,0,-0.00956891535325,2.3697843251475
yami1256,pano1259,-2.3591534168147046,0.05132466851133349,0,-2.8773490607482497,2.558997720875965
yamp1242,sino1245,-3.344258253538329,0.018582278257239904,0,-2.33002837456,2.5013487727616903
yand1253,pama1250,-0.4460750756162887,0.07164052359217433,0,1.7518063274790001,2.551121857862385
yane1238,araw1281,-0.6667958265852394,0.04423781322558088,0,0.2240138010675,2.52005338868324
yank1247,pama1250,-0.2015764084468171,0.061805369359221075,0,-0.65317012314575,2.4782998009376103
yano1262,yano1268,0.2941850248783807,0.050447937638359544,0,0.3978325155865,2.50815066913194
yano1261,yano1268,-0.4509913120142194,0.035731926621699724,0,0.34999832312725,2.498027830295515
yaoo1241,atla1278,0.7577692432270113,0.035223220598726866,0,1.6995871269182499,2.359424852253715
yaqu1251,utoa1244,-0.689362567570851,0.04745786811334311,0,-0.19424613844299998,2.4857056873081653
yare1248,yare1250,-0.01913179648262505,0.05766530485939669,0,1.97348343495,2.7783757946142753
yasa1242,atla1278,2.3889673657419985,0.047804124391163855,0,3.714303829805,2.498984910173095
yatz1235,otom1299,1.9389364171002383,0.026495725885267964,0,1.5879669417125002,2.53762761529305
yaum1237,nucl1709,-1.1622601036941214,0.03989585106132073,0,-0.46785311972849997,2.4570486737314603
yawa1260,pano1259,-2.3489184777667003,0.03883910646000036,0,-2.8769234865025,2.5633203057854352
yawu1244,nyul1248,-1.0543790154739014,0.09456612535380841,0,-1.1122863269,2.832420521452895
yecu1235,toto1251,2.0714958936042267,0.05602692051030132,0,1.4178527824475,2.6880218125038002
maqu1238,cari1283,0.2720917355617491,0.0461142310514037,0,1.41807269488025,2.461033527091765
yele1255,yele1255,-0.3210522925428369,0.054549783283778484,1,-1.03414220834025,2.8690319820460104
yems1235,gong1255,-2.1466444957800848,0.04454994900088909,0,-2.1460549873675,2.62948286808573
yapu1240,nucl1708,0.3498776328094967,0.06843037068360038,0,1.004290365813,2.6199844069089
yinc1238,aust1305,2.796912842759946,0.029157089975080323,0,2.7824307649455,2.408714933129205
yind1247,pama1250,-1.3854982823123054,0.06444443685353284,0,-0.489068760515,2.478554869931095
yoga1237,aust1307,-0.15418672373711545,0.034610201056908256,0,1.2960503948509752,2.366444824822815
yona1241,japo1237,-2.4623801388321525,0.024600377402428805,0,-2.6280586066575,2.79612501540415
yong1280,nucl1709,-0.7716948756377544,0.041302256607843986,0,-0.42739146576475,2.460984343664805
yora1241,pano1259,-2.3500788096457996,0.04545193378454489,0,-2.8761258017699998,2.5587489345662098
youl1235,sino1245,0.9831261709311203,0.03138367513131602,0,-0.037647189776,2.386806993042685
youn1235,hmon1336,2.6954601943518837,0.020996375443599113,0,2.7492937578325,2.687291689312475
yuca1254,maya1287,0.908928343686216,0.05423893617005575,0,1.565324633354,2.56092059129535
yuch1247,yuch1247,0.9992204678093397,0.04132085023567204,1,1.761724439165,2.83043644616841
yucu1253,araw1281,0.17798631323339437,0.03350286282410546,0,0.5940621913197499,2.40944215024568
yuec1235,sino1245,1.6763956645901783,0.023015118928574604,0,0.478925244792,2.41754773215782
yulp1239,pama1250,-0.5538679366830541,0.08443740158311257,0,-0.4047692766225,2.512928215492595
yulu1243,cent2225,-0.062426705410453504,0.05731469364115718,0,0.5256290180325001,2.347055313338885
yura1255,yura1255,1.0088043646218563,0.05200601304427477,1,1.2375947066825002,2.78643090589053
gami1243,pama1250,-1.181986627599256,0.09438306141422106,0,0.09918229887825,2.56269240195387
zaca1242,otom1299,1.1495566305505776,0.057643715144412494,0,0.1689617465015,2.4687612759545
zaca1241,utoa1244,1.965370856572326,0.05295391251410321,0,1.6225720721424999,2.4775649457315954
zaiw1241,sino1245,0.7366298813926371,0.021772703392331075,0,0.140472392425,2.381300548962995
zakh1243,sino1245,-0.0860815170820405,0.027797917122832007,0,0.58486062745225,2.412250617012175
zamb1245,atla1278,2.126343144330119,0.03648362255526709,0,2.73401848240725,2.414178948076855
zarm1239,song1307,0.9351484222006436,0.0550428044196368,0,0.404729885645,2.478470884340585
zays1235,gong1255,-1.9677117538718476,0.05299947656875871,0,-1.84814868639,2.56411542498252
zeme1240,sino1245,-1.8031850738698119,0.041730077999013834,0,-1.3691395484875,2.45369636228667
zenz1235,otom1299,1.1392752863038043,0.07392373722636683,0,0.13630953563775,2.51200708012355
zhab1238,sino1245,0.07278883963255356,0.025140615753103536,0,-0.2916249320745,2.4049712334541953
zigu1244,atla1278,1.1355702505752467,0.05586380791138924,0,2.618053877275,2.3885926783562947
zinz1238,atla1278,1.8579019494467754,0.0363355803462823,0,2.860538291565,2.386315062263785
zoog1238,otom1299,1.9305099860839525,0.04469007358992321,0,1.5944248974225,2.5288158931567
zulg1242,afro1255,0.5904388065852337,0.02939838651236362,0,0.9199873682474999,2.39361217775655
zuni1245,zuni1245,-1.0005555445271481,0.025549499896198043,1,-0.8045326645024999,2.768056493315675
