Glottocode,Family_ID,GPGLMM_3D_Mean,GPGLMM_3D_SE,Isolate_Flag,Verkerk_BRMS_Mean,Verkerk_BRMS_SE
abad1241,aust1307,1.554407439550986,0.03698523105679322,0,3.1023036963975,2.76635755475744
abee1242,atla1278,-1.7829703467245417,0.03847194696937271,0,-2.755236504915,3.00061657337656
abkh1244,abkh1242,0.4733083446052061,0.035201237013731325,0,0.5150073704475,3.145786880161465
abua1245,nucl1708,-2.1161135520300665,0.051735264137149274,0,-3.291244345885,3.3380314839723297
abun1252,abun1252,-1.8283860704626507,0.05851988197588999,1,-2.4504198547712503,3.46435646995708
achi1257,aust1307,1.4470856983493754,0.02245783866525988,0,0.7430340309945,2.74776569870515
acha1250,araw1281,0.23090350666409604,0.053437756809561955,0,1.750874655865,2.971582150207595
ache1246,tupi1275,0.0921944176736445,0.04241482515854112,0,2.532541104085,2.913488820101865
ache1245,narr1279,-0.6249837530621708,0.027595294043691845,0,-0.7761714787425,3.219023310375135
achi1256,maya1287,3.6733805857821906,0.05546248175331149,0,4.3532698032825,3.41740249859546
achu1248,jiva1245,1.7253258499963202,0.06809881676947074,0,3.4374247723074998,3.18958953347683
acol1236,nilo1247,1.1386358698186374,0.05487937642486916,0,3.8393121761425,3.2509419758024247
adan1251,timo1261,-0.03583836975077865,0.06656730771514184,0,1.97381572326,3.2075593005274747
adny1235,pama1250,-0.9909848216274864,0.05672405624717314,0,-1.60350919882125,2.946993328320455
adon1237,aust1307,1.5526287387692568,0.035032880849120124,0,1.47350860403,2.7553066242111246
adze1240,aust1307,0.6760691494816077,0.04036837115383517,0,2.4182290222867504,2.777111427663945
afad1236,afro1255,0.8618661032092092,0.03893705668982207,0,1.6320786449425002,2.76149428487189
afar1241,afro1255,-0.8804283131328621,0.027834159790109284,0,0.1562545517965,2.822307854974175
aghe1239,atla1278,-1.5158705510239394,0.0349143006772086,0,-1.8382568021705001,2.9944708482795397
aghu1255,nucl1709,-0.16137225898552635,0.03964168211085188,0,0.0850070956975,2.8134171002526003
agob1244,paho1240,0.6014123555120335,0.054266961909867746,0,0.5786012227649999,3.230317128815885
agua1253,jiva1245,2.4354275552641917,0.06623218639943419,0,3.381851307662725,3.1984874364912548
agus1235,aust1307,0.3166873761274245,0.03869985301698662,0,0.0070265398545,2.6948428311414903
agut1237,aust1307,-1.6822434818097354,0.03804024401150343,0,-0.30004129788,2.758978442343195
ahin1234,aust1307,0.11734240822531891,0.03697975663361915,0,-0.5348847727375,2.74590377790835
aime1238,bosa1245,-1.592236679732785,0.04925568591044234,0,-2.51660197568125,3.2918169288988803
musa1266,nucl1709,0.5457397661755996,0.04010057039505748,0,0.7027484965249999,2.85448008855994
ayiw1239,aust1307,2.2520387100272754,0.02651002610968402,0,2.388157696085,2.901679368313665
ajab1235,atla1278,-2.767841686100034,0.053014868723945764,0,-2.5725810068225003,3.031466524684725
ajie1238,aust1307,1.312411076679373,0.033202818977145526,0,2.55052956608775,2.8028403283883847
west2635,maya1287,3.879820675434455,0.03157332009804414,0,4.3652893375625,3.423576385354455
akei1237,aust1307,2.757570020428129,0.036172491424957334,0,2.8834141883225,2.849773861781445
akha1245,sino1245,-2.33981904992147,0.014011950449576555,0,-1.6574558639735,2.7849767353196953
akoo1248,atla1278,-1.0076752188605256,0.029424108185047638,0,-1.05645318360025,2.8360973786585246
akun1241,tupi1275,1.116214724628124,0.038458378789006355,0,2.2134749634932502,2.940590711812775
alab1254,afro1255,-0.0961436045739122,0.02368720591192178,0,0.5716457188949999,2.749352131190785
alab1237,musk1252,3.005186283201904,0.06325273556157446,0,4.11072281626225,3.40359956996577
alac1244,otom1299,2.177180866034124,0.03860878083630248,0,2.985469266519,3.1006102193319
alag1248,afro1255,-0.11181222201247759,0.020051116673769753,0,0.68560127186,2.8012998985621502
aleu1260,eski1264,2.7946461604013093,0.03073475559849024,0,4.72814196959,3.6512638953219003
alor1247,aust1307,0.01173546563704495,0.030145554019472744,0,1.2072172315,2.74328229416049
aluk1238,drav1251,-2.4038325871567654,0.04093838878328326,0,-4.03616407087425,2.9557872011673947
alya1239,pama1250,-3.1888663064850613,0.05971891857017761,0,-2.8571997601843,3.01449314635261
amah1246,pano1259,-1.1356442096670643,0.05029371280034755,0,-1.30367202082625,2.8164658028153653
amam1246,kuni1270,-2.1096481411303136,0.06124677744082475,0,-3.4676743771775,3.26558443044389
amap1240,left1242,-1.757567880750172,0.04214345011247574,0,-2.32970332818,3.31244182090939
amar1272,aust1307,3.1555152562117956,0.03905907250998777,0,3.15299461659,2.868867560182175
amar1274,hara1260,-0.14848689443564206,0.0459772649506213,0,-0.5665754444766665,3.22087983325845
amas1236,nyim1244,-1.504415975630169,0.040632565231736466,0,-1.6244857694575,3.54363670457453
amdo1237,sino1245,-1.7473533165872497,0.031826851960530554,0,-2.7461860258525,2.88131603259844
amii1238,west2434,0.8333883711911603,0.05233083516549617,0,0.948999189640175,3.0940081653513447
hoaa1235,kxaa1236,-2.1043235894250483,0.039439687557765626,0,-3.5227267531445,4.126413196820625
amri1238,sino1245,-1.1707281901807165,0.029998232568607203,0,1.675913333132,2.772961954539995
gily1242,nivk1234,2.195418358730854,0.0252699367992409,0,4.417890350315,4.199038025946605
anei1239,aust1307,0.36479006693301375,0.03151604552869138,0,2.452403308865,2.80214194745058
anfi1235,gong1255,-1.3787995523544643,0.055773570621089334,0,0.11670896690025,2.76929568666017
anga1290,anga1289,-1.2746344052775314,0.06261929530880138,0,-2.655187373075,3.354704965119155
anga1288,sino1245,-0.5259662579159856,0.022457154855433512,0,1.07995372611,2.790569739553765
ango1257,chib1249,-1.4640325434893136,0.040338959887244105,0,-1.217584078386475,3.12803963996392
wara1294,more1255,-0.54207184242875,0.05376631091164338,0,-0.56406845272,3.083324056304275
anuf1239,atla1278,-2.545485593906312,0.04532262854133378,0,-2.7264565230975,2.9682166183161147
anuu1241,sino1245,-1.4549479742074292,0.035011134409835984,0,-1.1049775541745248,2.83100213226121
anut1237,aust1307,-0.2639000355162744,0.04579619877063597,0,-1.1281680993,2.69929818779557
aona1235,sino1245,-0.792105993972456,0.02711351878512394,0,0.7115447431274999,2.7528735648799847
aoua1234,taik1256,-3.708517645925591,0.04120148443433977,0,-2.60099738297,3.273165433803555
apat1240,sino1245,-1.4069874581308812,0.028945077880344033,0,-1.1317236191625,2.7863241166857797
apin1244,nucl1710,3.666492798305804,0.027778315025458935,0,3.8148998060375003,3.1029807764467696
apma1240,aust1307,0.7902181259927988,0.034593676650137635,0,1.92700907671,2.73699474620577
apur1254,araw1281,2.6481213464981206,0.048839852077962514,0,3.42314648381,3.1189825989798496
arak1252,aust1307,1.3744095914770682,0.037187882232726385,0,3.00647555461975,2.811446044440645
arao1248,pano1259,-0.8789511427659361,0.049374130887200614,0,-2.3794270459374998,2.956535581498515
arap1274,algi1248,2.6585405867639733,0.058238223760689614,0,5.07385126788,3.46354738225157
araw1273,tupi1275,3.1704170375503335,0.03420065143224187,0,3.2898366101907497,3.0568875620825953
arbo1245,afro1255,0.08115495885566701,0.032354301712666914,0,1.3684455232350001,2.73955908410555
aree1239,aust1307,2.596795914243734,0.03496038001412441,0,3.32026882843214,2.878364601857375
area1240,aust1307,1.7740803562461847,0.03486802541061336,0,3.629643640915,2.82393671504025
argo1244,afro1255,-0.8100612432245834,0.028459679316169634,0,0.2525135018175,3.02672588375918
arik1265,nucl1710,3.533415702747954,0.03613571121094911,0,4.329590966462501,3.19240054470944
arom1237,indo1319,-2.139364362259255,0.021275478671249015,0,-3.9348156006577497,2.97847185700625
arop1243,aust1307,2.8168888854442597,0.039821689056483235,0,3.20776580468425,2.844266333666215
arop1242,aust1307,1.1479583255319574,0.037901082358722055,0,3.11572704070075,2.8312010531739604
aros1241,aust1307,1.7387676778094607,0.03631540857982894,0,3.55441435930425,2.8244729101171453
arta1239,aust1307,-0.9361254719841602,0.03821396200645883,0,0.39135045391525003,2.7305566496173
ashe1272,araw1281,2.688715647689212,0.038001129589280244,0,3.3027755402875,3.137920654491115
assi1247,siou1252,3.0039199588597776,0.03699228334655338,0,4.453072914174999,3.5044469316344298
asur1254,aust1305,-1.544592004274982,0.03194499533715876,0,-2.4147842326799998,2.9879896891964552
asut1235,atla1278,-1.7815473778576998,0.043767107007187056,0,-1.52386065163,2.82590178922373
atam1240,aust1307,0.0465603446422335,0.049877919134592275,0,-0.38383386772,2.685977486500785
atay1247,aust1307,-1.0546513781094662,0.03756559932776566,0,0.13254495275825,2.94218283495026
athp1241,sino1245,0.05383886694414035,0.02970146487841922,0,0.2746501392365,2.800156919232595
atii1237,aust1307,-1.8430138834878713,0.03165900006209722,0,-0.07515756751516664,2.80866512829895
aton1241,sino1245,-1.5429053922797036,0.03752751298037335,0,-1.87826486707225,2.832966943817655
auuu1241,nucl1708,-2.450232268383566,0.05729238974137043,0,-3.4127445331325,3.32219596757888
aulu1238,aust1307,2.1810734163996504,0.016495934112809595,0,2.14878327031755,2.775716107081045
auye1238,nucl1709,-0.7998272005137028,0.04784776121653272,0,-1.53447031897,2.81412688779671
avac1239,tupi1275,3.2050998706735854,0.06472401771522732,0,3.32035536118175,3.0872849120394497
katb1237,aust1307,2.2622554278504783,0.029768703466378672,0,2.0979073153899996,2.787392294244635
avok1242,cent2225,0.7569852827761336,0.031882898777838356,0,1.2287411988085002,2.813342925328665
awad1244,aust1307,2.5337804491264926,0.03656303144421193,0,3.17174923483275,2.8691624492195
awad1243,indo1319,-2.0732138686062163,0.02894685760957662,0,-3.1336487399350004,2.955357978848925
awap1236,nucl1709,0.011423676922486501,0.05145317036883861,0,-1.02999052971,2.841487256148625
awar1249,ramu1234,-1.7558795266987892,0.029940039909470934,0,-2.4401117648075,3.4070211902833103
awar1248,nucl1709,0.6084590107601955,0.03278791155818941,0,0.29492199816475,2.80967171530569
awet1244,tupi1275,3.3841581013050606,0.05506428374640229,0,3.2919463782275002,3.11883307582049
awji1241,afro1255,1.0506092232095237,0.023154889388974104,0,2.9291161125685,3.132022385811395
awtu1239,sepi1257,-2.2057008801976816,0.047911575717044755,0,-2.989227061705,3.366561270233
axam1237,aust1307,2.1381437859474737,0.0352538454233486,0,1.7712028588125,2.772340979549635
axiy1235,sino1245,-3.1082918810481606,0.029141000775137024,0,-1.730186022147,2.8222273826215947
ayac1239,quec1387,1.7907904686640426,0.03762811650327606,0,1.3861224301825001,2.88856033829234
azha1235,sino1245,-3.214725309680082,0.037348532958761886,0,-1.7252029165235,2.81761121283888
baba1264,atla1278,-1.2972100670353675,0.03096731759507895,0,-0.7175149004150001,2.907404177253245
baba1266,atla1278,-1.4867756125363694,0.032193892207091394,0,-1.947721573175,2.98153978898499
baba1268,aust1307,1.2662761675753877,0.0366871145651912,0,2.10386804774075,2.801999503063175
bada1257,drav1251,-2.4380905915544346,0.033649114607595634,0,-4.0020914512575,2.9802750528192847
bafi1243,atla1278,-0.8473785197181625,0.03377994710226599,0,-0.29880609353925003,2.8626882724599554
bafu1246,atla1278,-1.512350126008867,0.0333198884070623,0,-1.336826122442,2.936732715441415
baga1273,atla1278,-0.8472946550636151,0.03924708051657417,0,0.191026061567,2.75287254266323
baga1272,atla1278,-0.22834100257453938,0.04117268397811993,0,0.4772897022699,2.7557570539105747
bahi1252,sino1245,-0.5577006770316886,0.035566034091774876,0,-0.582395221415,2.7516255112329997
bahn1262,aust1305,-4.520093771040941,0.04451322407807523,0,-2.39624551574543,2.858236731336065
baik1238,aust1307,1.0950517466057854,0.017708552132934603,0,0.875218480165,2.7719021576009046
baim1244,sino1245,-1.9871931712925872,0.016886899987143406,0,-2.7642994093605,2.877111069906765
baki1244,aust1307,1.9476983758131987,0.03511109334929646,0,2.37470159024625,2.746349370543925
bala1316,aust1307,1.51861617848852,0.0136983117421387,0,3.046262208,2.811767517666615
bala1311,aust1307,-1.1389104626406792,0.0347074468762059,0,0.58724350337825,2.715118418751195
bala1315,aust1307,1.6976219961175638,0.044199791510524195,0,1.7607504130699998,2.8121542705317353
bali1278,aust1307,1.1995920302249692,0.034415442363703426,0,1.20996452837775,2.75160063059288
bamb1270,aust1307,2.0855307671004097,0.037030038060678706,0,1.436939431655,2.8614023803629998
bamu1253,atla1278,-1.3159583863265163,0.031034120427200683,0,-1.1742122383714,2.914394293063495
band1344,atla1278,-1.6161054428825783,0.03590998329139923,0,-0.940336221593,2.83609983542443
bang1369,sino1245,-1.731088121438456,0.03982533176710414,0,-1.0476738475074998,2.845448541936885
bant1281,sino1245,-0.033581421712005594,0.03341217112393612,0,0.8069595357295001,2.7999630419485246
bant1288,aust1307,-1.8914589323025675,0.04502765839502825,0,-1.0712317128875002,2.71655706903847
bara1357,sino1245,-2.28462659733519,0.03342958411808359,0,-1.3929445357099999,2.79623284161322
nucl1630,koia1260,-1.2342830519006427,0.04054225157933701,0,-0.7501965850482499,3.02537440655162
bara1369,aust1307,1.7593743934295958,0.015147405144638644,0,2.145840098885,2.793538839693925
bara1370,aust1307,-0.7767530507349178,0.04373761252273387,0,1.4055034410524998,2.7765194889251896
bare1276,araw1281,1.852563233684625,0.03928633433187574,0,2.4942526943825003,3.02498771620051
barg1252,nucl1709,0.9536088680764976,0.0379325433314052,0,0.125664543554,2.995886030477705
bari1286,aust1307,3.169068941640208,0.03941235466049723,0,3.036690037051375,2.84813407012414
baro1253,aust1307,2.351148568477746,0.0373751596116835,0,3.3147313027425,2.85660011828371
basa1282,atla1278,-1.6204585734814545,0.028359037525762652,0,-1.312166289835,2.92536694626759
bash1264,turk1311,3.8707345434394704,0.050343212797792566,0,4.205974216945,3.0852046973700897
basq1248,basq1248,-1.9822319881900685,0.01808236014452772,1,-2.045122177555,3.583108089988145
bata1289,aust1307,1.6300742278071616,0.03707896040389678,0,0.9313804130075001,2.77891069250987
baur1253,araw1281,3.583719739443288,0.030226033383463836,0,3.435023045955,3.113941598025265
bayb1234,aust1307,-0.34893784026081764,0.03588445792519478,0,-1.322848108448,2.706877944206755
bebe1248,atla1278,-0.8308417558994049,0.03555053038607837,0,-0.82629521402,2.81173493025852
beem1239,atla1278,-1.8359921161468087,0.03960425958802568,0,-2.3774083440775,2.93542621999944
bekw1241,atla1278,-0.9612985347066827,0.031947015717193925,0,-2.3970568224525,3.101155087390285
bekw1242,atla1278,-1.4966013191664411,0.031070081463422335,0,-0.5584841173125,2.836878854638325
bela1254,indo1319,-2.2477076987933495,0.030295681410039833,0,-2.6793016367425,2.860927237134765
nyal1254,aust1307,2.8780829461785613,0.04373521958223398,0,2.9990761966497503,2.82354257662666
belh1239,sino1245,0.0607704988178662,0.03282764525715681,0,0.28664735977824995,2.79472751499965
bell1243,sali1255,3.7868864045932065,0.03526337141889296,0,4.9292102175775,3.5008447136657903
belu1239,atla1278,-2.144381796401038,0.033796352128197864,0,-2.839171983335,2.96810882377082
bemb1257,atla1278,-1.9190675394602263,0.02885142613852626,0,-2.5336977774255,2.89799780707889
zagh1240,saha1256,-0.17081323468651605,0.04099524980236603,0,0.020875822594,3.0885547193914604
bert1248,bert1248,0.4259869519532782,0.05043827252035575,1,3.3799838792175,3.723382467811065
bhoj1244,indo1319,-2.2041439272609775,0.04418056144349271,0,-2.385843847147,2.868023462914715
biaf1240,atla1278,-0.44818805096825115,0.036578586838335106,0,-0.5000774400307499,2.923896866270085
bian1252,kuni1270,-2.042291820210523,0.06045558716320278,0,-3.45025903067875,3.26407998042665
biao1254,hmon1336,-4.246113274041235,0.01680409620699744,0,-3.17133604299,3.275095323967045
biao1256,hmon1336,-4.236054595424292,0.017861621203154678,0,-3.2119874115125002,3.249884251711825
bier1244,aust1307,0.6250378247137478,0.032111673568598315,0,2.4001716089425003,2.73996577648912
bign1238,aust1307,2.4614935952455843,0.043479587479421544,0,2.2885593863785,2.7890640926974353
biha1246,aust1307,-2.3181370254959086,0.04173603255400591,0,-0.1656330708875,2.73090227394074
bila1255,atla1278,-2.155482893392407,0.027162041687611143,0,-2.86950091634375,2.9606140776310497
bilb1241,aust1307,2.466739960234478,0.04022952223820708,0,3.21539548745525,2.86315759425124
bili1260,afro1255,-0.6311529415259548,0.03076022709769847,0,-0.67596027757125,2.813052709916895
bimi1240,nucl1709,-0.8535158278481646,0.036213346509676496,0,-0.7379662890262499,2.792600623011305
bina1277,nucl1709,-0.0697585731797434,0.033224330098059716,0,-1.61875919816325,2.8427278091237502
bini1246,atla1278,-1.9942631972503257,0.027985340786152432,0,-1.35684202093775,2.87814829733297
gunw1252,gunw1250,1.6780708868603722,0.07203390688845845,0,1.2367281242325001,3.1028827967776103
bisu1244,sino1245,-1.9320088185952033,0.02114722883575199,0,-1.6493999641750001,2.80423565668438
bitt1240,aust1305,-3.2353554775360953,0.024574303847246612,0,-2.0365440551282497,2.788254672933395
biwa1243,yuat1252,-0.02298841867211525,0.07289911591669403,0,1.7903509132841,3.178150608067835
blab1237,aust1307,1.4095879481670703,0.042938264883232484,0,2.4689393338625,2.7536718284532
blan1242,aust1305,-2.2419309754166132,0.027479810347197993,0,-1.59848356485075,2.7644721677455397
bobo1255,aust1307,1.5020501999407396,0.036142983591382113,0,1.7517384180675002,2.836119852589505
bodo1269,sino1245,-1.2626370220938639,0.03300566678905225,0,-1.90869513604625,2.8270360797217
boka1249,sino1245,-1.8709527228499903,0.030403526418358175,0,-1.13022892633525,2.776425405706995
bola1250,aust1307,3.4605484792683034,0.03424693833167526,0,3.1560733490099997,2.871656380982525
chim1302,quec1387,-0.6448909484625812,0.036722178440398885,0,0.29143420331215,2.85036900649114
boly1239,aust1305,-3.7933863929839444,0.032342353740878044,0,-2.3282149142755,2.858279443216965
bomb1262,atla1278,-1.5764817672405558,0.031413244957833895,0,-2.7066503246545,2.948263517001795
bomk1234,atla1278,-0.8797479204592664,0.020621868585511623,0,0.21921979393000002,2.768298298205555
bond1247,atla1278,-0.6729953735113666,0.038806894605173746,0,-0.57809963461725,2.728596053838075
bong1289,aust1307,-0.5153489759866916,0.03939373150338154,0,-0.49047336536575004,2.8149003318801302
bora1263,bora1262,0.15412305208983235,0.08435198602062115,0,3.385765042472525,3.266988676627975
bori1243,sino1245,-1.3506304868223027,0.03882338540708027,0,-0.49453400210675,2.78629963038634
boro1277,gong1255,-0.9578654021097952,0.040194708657121846,0,0.0536164812005,2.784019984930235
boro1282,boro1281,2.9433081807250985,0.04480573429679343,0,2.9664616803375,3.402026434387595
boto1242,aust1307,-1.6843469058380254,0.04536515714940193,0,-0.586472752732,2.761617161335855
boun1243,atla1278,-2.4545808464183256,0.05542475810192876,0,-1.3796882391825,2.883127241018565
boun1245,nucl1709,-0.5332713884219453,0.048619735523410236,0,-1.50675596619425,2.79143416459162
lave1249,aust1305,-4.412773092489817,0.040403646660304236,0,-2.4040354844425,2.852799835332905
bret1244,indo1319,-2.4182387532066727,0.021520137225676212,0,-2.9377123276055,3.01366024091399
bube1242,atla1278,-1.8184174370187205,0.041082828487243664,0,-2.67634252790975,2.9900619199822946
bubi1250,atla1278,-1.7585419351046663,0.02105562369932759,0,-2.3795825365575,2.9587768240619603
budu1265,afro1255,0.8934780984718566,0.0479238839447893,0,1.70898256695,2.767739957183335
budz1238,atla1278,-1.9649807738369158,0.026564778363496102,0,-2.70659279811,2.9525053497863247
buga1247,aust1305,-3.8767278782253607,0.03598356317860551,0,-2.3353300889725,2.8471622929999647
buga1250,aust1307,2.0872055527562634,0.04008986710705716,0,2.4021686043150003,2.7997726147591
bugh1239,aust1307,1.65280994977333,0.04333606253783452,0,3.344261978195,2.83172495913081
bugi1244,aust1307,2.250461748493109,0.044783151249266066,0,1.4491455294087499,2.842789866521465
buhu1237,aust1307,1.2467766230282804,0.030406475214960278,0,3.3624433671925003,2.851248594378955
bujh1238,sino1245,-0.7331465267318849,0.030526163412950596,0,-1.19553723376425,2.766954196609165
bull1247,atla1278,-0.09297384561979374,0.024647792686047165,0,0.28320058642,2.770163097091335
bulo1242,aust1305,-4.260952031437915,0.03864757110125165,0,-2.4257608549391,2.8531117677177047
bulu1251,atla1278,-1.4340189976221227,0.02819339929106868,0,-0.51677486733875,2.81847156238686
bumt1240,sino1245,-1.8696755794617843,0.039344530917936646,0,-2.5826441363650003,2.93310597453338
buna1276,aust1307,2.88610935555208,0.03495388874217506,0,3.2729716149425,2.8783002611028303
gahr1239,sino1245,-1.3433821331135734,0.04426114200577087,0,-2.7906814744675,2.8731715169288
bund1253,indo1319,-2.4773997800515226,0.020456420924689994,0,-3.0811064049925,2.965262575499695
bura1292,afro1255,0.6000496375209279,0.028027286596716425,0,2.22058279740475,2.781006766113305
bure1242,afro1255,0.5910370623123749,0.02334851110475377,0,1.34725598333,2.7833191593615503
burj1242,afro1255,0.11982679345389849,0.02440825595155446,0,0.99251250571125,2.767873051047315
nucl1310,sino1245,-1.5198611741261367,0.024096677131542333,0,-1.76348375819725,2.88836301514235
buru1320,afro1255,-0.034358899151307354,0.021727469388219588,0,0.118922263141,2.819502990262525
busa1253,mand1469,-2.6561849845963446,0.04501851796215707,0,-3.79622194986,3.97316396795321
buwa1243,afro1255,0.6649723163588194,0.04393932164969559,0,0.455694800173,2.77568216720071
bwai1242,aust1307,2.7363544762754373,0.03144809673346264,0,3.3096890205575002,2.860019332218755
bwat1240,aust1307,1.371668617278115,0.04435578512040134,0,3.0408184113375,2.79652238085675
byan1241,sino1245,-0.9944857106824012,0.033777073190120466,0,-2.836034398245,2.87324903639975
caac1237,aust1307,1.48194821983776,0.03124200191849636,0,3.037885948815,2.8330799760461
cabe1245,chib1249,-1.9457878641127446,0.03162249236091137,0,-1.0545136438727498,3.1643486181160103
cakf1236,afro1255,0.6320934033615638,0.023804764675243704,0,2.2924580132415002,2.8201035202134053
cald1236,quec1387,-0.9154052073526194,0.034995693183743175,0,0.2989160647306665,2.8548286035775554
caml1239,sino1245,-0.2234190429137772,0.03226440594089944,0,0.8525286025575001,2.80791224884736
camp1261,indo1319,-2.6017142259939376,0.019998105184161088,0,-4.059726506064,2.95222510402764
cane1242,nucl1710,3.5289270675592537,0.03905079334152687,0,3.832096656515,3.115890480822425
caom1238,taik1256,-4.039540009660459,0.034033957673811226,0,-2.6556749131925,3.255466427292155
carn1240,aust1305,-1.5008971931820982,0.0207390100308027,0,-0.916385512225125,2.82049068501773
caro1242,aust1307,2.886032223759859,0.031167301430381385,0,3.1191839414875,2.695263575625715
cash1251,pano1259,-1.3752913485600828,0.05200414684404882,0,-1.84821960385,2.900323575395325
casi1235,aust1307,-1.1230397865735715,0.04143563792486507,0,-0.40010994426025,2.73370797890928
stan1289,indo1319,-2.7588789458211553,0.03601609976534426,0,-4.1368772301675,2.941408919347685
cayu1262,cayu1262,2.635451635564656,0.029516456642470403,1,2.7149331858337504,3.395585839693105
cemu1238,aust1307,1.3946052073460178,0.037347120116902846,0,3.017670987888,2.8093556890691147
cent2127,eski1264,2.9988480837465783,0.04379987303694153,0,4.7529871687275005,3.63980636964093
cent2142,ayma1253,2.591029637028673,0.041282448051319934,0,3.017349645238,3.289796092333395
cent2004,sino1245,-2.0126015570375335,0.031488589412327996,0,-1.587912085487,2.81624479069722
cent2292,aust1307,0.602916171736875,0.06614323572276307,0,0.607018222545,2.70011724489469
cent2084,aust1307,-1.0812805539765395,0.04217335464024602,0,-0.552215186317,2.73163000477063
cent2314,aust1305,-3.6110638808170523,0.04424715311503495,0,-2.30389001908175,2.85984575662738
guer1241,utoa1244,2.9064304239379233,0.045028449534490984,0,3.8709338323267497,3.0988831055194703
cent2050,saha1256,-0.9401588146516908,0.04759393894199811,0,-1.480852407345,3.073121414818435
cent1989,aust1305,-4.082016471941853,0.028689462387749925,0,-2.2443703966574997,2.819865416986655
mala1479,aust1307,0.42106380525004145,0.034109137655832254,0,0.9542000121552501,2.66801715182549
cent2322,ural1272,3.0372142265034365,0.026484775631223492,0,2.986582302483,3.042802285735685
cent1992,aust1305,-4.387745441136428,0.04523563034484041,0,-2.4211992561424998,2.859698020164505
cent1990,aust1305,-1.7364870418790272,0.029506758032392912,0,-1.40884431874,2.849524688033985
cent2126,japo1237,-2.0891206617481655,0.019853802620621298,0,-0.8419329019575,2.94888535710215
cent2091,aust1307,-1.8605900399011766,0.034216218238439323,0,-0.591709578286775,2.76360599738274
cent2140,miwo1274,2.5689402232149128,0.03227255514810748,0,3.981035729954275,3.6236825998300253
cent2090,aust1307,-1.6977776905393749,0.037836816133618584,0,-0.61855095098225,2.7599862756173748
cent2131,utoa1244,3.07298810567048,0.05121579314866033,0,3.566780906458,3.12733651054136
mbal1255,atla1278,-0.9140472603202168,0.020644820628733233,0,-1.14478004716445,2.7997194960296046
chac1251,pano1259,-0.4791838082962866,0.0556265779191718,0,-1.18705286901,2.84489224066585
chak1270,sino1245,-1.510596051583399,0.03454979284280763,0,-2.0357146615369253,2.8263434811584753
chak1271,atla1278,-2.4137790868155764,0.04539911961753681,0,-1.45574832178225,2.885201223321355
chal1275,afro1255,2.5699559209762652,0.0241448861422649,0,3.0296763509774998,2.9726156258796053
cham1315,zamu1243,2.567337078375637,0.032984051385781636,0,2.85631486427725,3.411787537828395
cham1312,aust1307,2.9486082588681306,0.03407523569765206,0,1.689854773105,2.8813895651224053
chan1313,sino1245,-1.0285179710570027,0.024907967159481435,0,-1.3009906151555,2.82097615246619
char1269,gong1255,-1.2571007917099666,0.038454997003686577,0,-0.52774583884915,2.83887699006206
chas1234,sino1245,-1.772280719056273,0.01547218391189063,0,-1.9448715503675,2.84668860460792
chek1238,aust1307,1.5756012773396333,0.009270505812329816,0,3.016982967491,2.78356539836386
chen1255,drav1251,-2.926799012027041,0.03129604196182547,0,-4.10342763382,3.0682183079984053
chep1245,sino1245,-0.7964473821836,0.029756678880407134,0,-1.1954549174550002,2.76493709280056
cher1273,iroq1247,3.327305108968099,0.033299381060456046,0,4.4278032646,3.587644538155915
chey1247,algi1248,3.0185186621504965,0.05507284868728193,0,5.0725508868824996,3.4817969038459102
chic1270,musk1252,3.115977097844212,0.033215282234900924,0,4.1105259984485,3.3949288953926997
chil1280,atha1245,3.6315310124736433,0.03376655933567194,0,5.1417021721075,3.478471404091615
chip1261,atha1245,3.6726600213539276,0.03825491383484849,0,5.136742481415,3.4928771333094497
chip1241,algi1248,3.4638754914870473,0.03941410105104334,0,5.0513704154375,3.46957080522726
chir1283,sino1245,0.9781982368760912,0.0422621627943492,0,0.846589053115,2.80083667158856
choc1275,sino1245,-1.8072919075577096,0.04183665353070804,0,-2.7734950607249997,2.8780646733977697
choc1276,musk1252,3.243109954149017,0.038553228354008616,0,4.10748967995275,3.397009045051565
chon1284,aust1305,-3.6571060263411015,0.04391214542076807,0,-2.2927344978825,2.860686729515155
chot1239,sino1245,-0.15930199009868315,0.03592471348381857,0,0.9953871883450001,2.7940690670257453
chra1242,aust1305,-4.123747303971361,0.03613799072385311,0,-2.43027572330225,2.869960692421775
chuj1250,maya1287,3.834119955389413,0.040905309291299936,0,4.33005014995575,3.40191875800872
chuk1273,chuk1271,-0.5596406858574867,0.04367967538507872,0,-0.6213682452982501,3.44103584623866
chuu1238,aust1307,1.8405360951076095,0.027577648815190946,0,3.178957081915,2.693150157723305
chuv1255,turk1311,3.684798072064273,0.04768083133978887,0,4.029002517192501,3.1443259006688002
chuw1238,atla1278,-1.7384027066681669,0.03229114289163482,0,-2.4479989042875,2.8095102120634348
cici1237,atla1278,-1.5083874770623313,0.03583603134162046,0,-1.45969967812275,2.89872028677531
chin1286,chin1490,2.032354488081947,0.038545694521151495,0,4.2347343860675,3.6140282232313847
cent2087,aust1307,-1.8596517502956065,0.043961243690849465,0,-0.98094370019375,2.73836627745417
coat1243,otom1299,1.6477500397989364,0.040222274848093646,0,0.9740481218629999,2.95898211809364
coca1259,tupi1275,1.2288972171468084,0.04111931001960106,0,3.2352510858695,2.98818276003718
coeu1236,sali1255,2.919658224371365,0.06054069310758846,0,5.0478776793905,3.460571280217025
cofa1242,cofa1242,-1.498719003754887,0.028823402158933763,1,-0.2997616538525,3.24031890477272
colu1241,sali1255,3.1015898555177626,0.06007106829659549,0,5.0415604971415,3.457614725050735
coma1245,utoa1244,-0.3339691396359472,0.06274718054495787,0,0.20240055801675,2.858551672371605
como1259,sali1255,3.566109280586222,0.04438399949366209,0,4.9832263386325,3.47721915966656
cors1241,indo1319,-2.8389249888014585,0.02538472931963833,0,-4.051072128435,2.96742800597014
cosa1234,sino1245,-2.5946268209085366,0.025203890031013226,0,-1.641175069285,2.82298010095202
cota1241,aust1307,0.465509362530373,0.03698233109093151,0,0.1463255538525,2.7026296175738347
cree1270,musk1252,3.2872129407708623,0.044328320489067145,0,4.0858928435149995,3.405786940048655
crim1257,turk1311,2.5944398618933096,0.05746302935711389,0,4.178076969835,3.08541473244272
cros1244,atla1278,-1.066237932432315,0.018305560440448704,0,-1.1267994013775,2.88142997257881
crow1244,siou1252,2.5800678798443224,0.04510164582025941,0,4.4568680024865,3.482721874783195
cube1242,tuca1253,-1.9346707309220725,0.057648657065263086,0,-1.874324764935,3.093619853940055
culi1244,araw1282,-1.055361290439215,0.045713128639644926,0,-1.2501593939625,3.096080497292225
cusc1236,quec1387,1.7205656776070226,0.03287786340091448,0,1.38576668713125,2.901960163048975
czec1258,indo1319,-2.754945724207045,0.03294156348855479,0,-2.8333298506105997,2.8561392466113347
daai1236,sino1245,-1.5739245391363208,0.03436810281506253,0,-0.47646392423100004,2.76762792854894
daak1235,aust1307,1.5943069747801073,0.038226579888824615,0,1.885996499605,2.8271082647619297
daas1238,afro1255,-0.4474359107241423,0.027177549583283552,0,1.4236563057649998,2.742314007524035
dadi1250,tebe1251,-2.4005887993187427,0.03082473504202812,0,-2.1849595132635002,3.44390580676382
dagb1246,atla1278,-2.651461317272412,0.0518640366666527,0,-1.55276635334025,2.8797880824302453
dagi1241,narr1279,-0.5116307108037066,0.028689203258910296,0,0.7062014168445,3.18793484967381
daka1243,aust1307,0.746826165400725,0.03332039465736567,0,2.1477813465124997,2.7711563741353897
damp1237,aust1307,-0.18961966429885735,0.03988565451511691,0,1.16538456521075,2.7451962384106
dana1252,aust1305,-1.8193937812535657,0.027668028164339605,0,-2.1271400512425,2.797018551768335
dand1238,drav1251,-3.0670028259050692,0.02785666688939923,0,-4.151244236955,3.0476675202743904
dani1285,indo1319,-4.272473866735339,0.029347461597397737,0,-3.730839920745,3.036551481750405
dara1250,indo1319,-2.020346748821581,0.030038936504201797,0,-1.85481834439125,2.84551096587957
dard1243,daju1249,1.3024084994826866,0.02699516453123138,0,1.75303433312475,3.4120382370428652
darm1243,sino1245,-1.0017643634012126,0.027048989895803843,0,-2.8376440532530003,2.86815165322357
daww1239,nada1235,-1.6247210401461478,0.030073524312557706,0,0.14353289013525,3.2401330598099047
dawr1236,gong1255,-0.7471092614803888,0.041369358785329234,0,-1.0115464768322502,2.82109305038441
daza1242,saha1256,-1.0250870973561526,0.026904676316312038,0,-1.594357328176,3.059358194492785
defa1248,ijoi1239,0.4350977744256599,0.05519661975154803,0,2.4607521742565,3.40918777553996
dege1246,atla1278,-1.1912778931095924,0.02405323818392257,0,-1.396099360828,2.88153588507065
dera1248,afro1255,1.3106876025790672,0.023270485418935945,0,1.9941958052765,2.840639605348245
desa1247,tuca1253,-1.7526588642048848,0.056405508699235565,0,-1.874517815408,3.097347724216435
dhao1237,aust1307,-0.2261816703633692,0.03594997028343094,0,0.55852982126125,2.770153058960315
dhar1247,pama1250,-1.3653664397390552,0.08750970618523687,0,-2.19594066695675,3.005632540179985
dhim1246,sino1245,-0.28000914848432,0.02846289424772813,0,-1.5884748859475,2.82708438856589
dhuw1249,pama1250,-2.8806239489408076,0.06403101665477713,0,-3.55029238678075,3.20619088431302
dibo1245,atla1278,-1.6560630720392167,0.03801118044796451,0,-2.554625147585,2.9356898214529696
dier1241,pama1250,-2.7158389602374715,0.062196794829578184,0,-3.20990681484175,3.15836560516412
digo1243,atla1278,-0.619889133689743,0.03627187602982536,0,-0.471761890214,2.7932136219583397
dima1251,sino1245,-0.6852640950389297,0.04170694727065429,0,-1.9254165729967498,2.8270363797350404
djee1236,mani1293,0.9731272727795304,0.04420474367744527,0,0.23432860533375,3.283500733672455
djeo1235,nucl1710,1.8856272655840423,0.043269883775903066,0,4.35964104034,3.17906188520218
dobe1238,aust1307,1.1866780780381325,0.031778733132395424,0,1.490349229989,2.79102736309226
dobu1241,aust1307,2.883176831666953,0.028662115859979555,0,3.2772572606650003,2.87634011600706
domm1246,nucl1709,0.10361002510743525,0.041975033046175336,0,-0.35251390997325,2.81407479581927
doma1260,indo1319,-2.0752408107671334,0.016797281259861664,0,-2.943582799086,2.9907646624170097
doro1266,manu1261,-1.1796227639055723,0.03419419876888871,0,-2.467889399369165,3.3506141867813
drun1238,sino1245,-0.05025856526969015,0.040672926745292506,0,0.17739204949499998,2.8173216858550196
chug1252,sino1245,-1.6910867425266485,0.02485296110425268,0,-1.2107083197255,2.8944359069035652
dumb1241,aust1307,1.0767121077368822,0.033198800667146554,0,2.69031788107225,2.807876866770365
dumi1241,sino1245,-0.3477859829303099,0.028781444710169943,0,-0.6558348745102125,2.75013629009044
duru1236,drav1251,-3.0590350372406925,0.03637455015685447,0,-3.9720561735224997,3.2456538013618497
dusn1237,aust1307,1.5839893348025318,0.03661909328794402,0,2.1125443199885,2.892285087091455
dutc1256,indo1319,-2.818407390325203,0.01644071490931747,0,-3.7369194857975003,3.02578695903607
dyir1250,pama1250,-2.976192795262695,0.06298876289549168,0,-3.7456269721025,3.1755971690381353
dyul1238,mand1469,-2.1134202907908106,0.04198076560249858,0,-3.852567486785,3.890917434983935
dzao1238,hmon1336,-4.2666541681755445,0.02232490019034815,0,-3.166707856925,3.257073075179335
dzon1239,sino1245,-1.8366572267744654,0.03888211471578938,0,-2.7685565109825,2.866631865540645
east2443,aust1307,2.4075144966077753,0.028949063757460324,0,2.8251594326875002,2.8228645326055153
tang1336,sino1245,-0.47956401063294896,0.023475215738709438,0,0.33279797806125,2.7793362349098647
nucl1235,indo1319,0.3790112483025721,0.02401697168937247,0,-0.5564187070425,3.049584886575865
east2379,pama1250,-3.127690211176573,0.06843872092261158,0,-2.86433070403975,2.99886951496813
sout2896,aust1307,1.42908601808201,0.03941067363836013,0,1.5536601974600002,2.780522768891525
east2555,tupi1275,2.755241614283447,0.043881445737017195,0,2.9866571783002502,2.96448841547753
east2332,aust1305,-4.158586497291836,0.03337171056456565,0,-2.3315444017035,2.838879276666095
east2690,afro1255,2.113522565898032,0.02582841923968484,0,2.4917963805275,3.07495797651312
east2556,otom1299,2.6221328684434217,0.04981182250746019,0,2.5941586340900002,3.0483738130045
east1236,aust1305,-4.424412092313817,0.03672008118030556,0,-2.3059025657424996,2.84258067566919
east2342,sino1245,-1.4552710451133932,0.04265081114469857,0,0.2070690268625,2.78878405901131
east2782,atla1278,-1.684166253625215,0.02891280953538212,0,-2.4180631261425,2.92600112159904
east2328,ural1272,2.801707848931752,0.028799801074670155,0,2.450186342846,2.96224539792658
east2773,sino1245,-0.6957518071527831,0.03409591874131815,0,-1.385522832172075,2.79426577383791
panj1256,indo1319,-2.5664432661283927,0.022454576948977848,0,-2.9012614904175003,2.97467228683267
east2485,aust1307,-1.3544169622040023,0.048352140806696996,0,-0.0593326763925,2.81855623226096
fina1242,aust1307,-0.7150334700095026,0.0592254159292461,0,0.6644733516175,2.7031732240929447
east2694,aust1307,0.461917598698693,0.06401192423742377,0,0.8468534292200001,2.7080940257722848
east2447,aust1307,-1.7180251311889192,0.036170585397700725,0,-0.8897582868785,2.6916730149282397
east2516,nucl1709,-0.6301093481472673,0.04172548165526642,0,-1.6303754266475,2.8444213220901453
huaa1248,tuuu1241,-2.070007204603789,0.03610089837673638,0,-4.461822157525,4.41740597885457
wall1257,aust1307,-2.118615750130325,0.037336841629887,0,-1.2127299145375,2.691608400496005
egaa1242,atla1278,-2.284604727184457,0.06863579968339237,0,-2.3682233957134997,3.0787397768258797
eipo1242,nucl1709,-0.7430685449932009,0.03438151590539353,0,-1.53463259530875,2.82899308437441
ekar1243,nucl1709,-0.7832152239364585,0.02130123767031294,0,-1.563071978902,2.820454372973815
elip1238,atla1278,-1.0237762035916693,0.022001844046475264,0,-3.1136190736075,2.975770922970265
elna1235,utoa1244,3.0529002310062596,0.061483459187188644,0,3.7093740772399997,3.1013087641415247
emae1237,aust1307,0.2876439580849007,0.03958903428775097,0,-0.94212467086,2.692460022732805
emai1241,atla1278,-1.9725681778493336,0.02710165968608108,0,-1.3618651336825,2.8837706492319
stan1293,indo1319,-2.3606029208781045,0.012614408789849664,0,-3.7594324543425,3.01947461617997
enuu1235,sino1245,-2.7433697690179653,0.0238085571104001,0,-1.67208991785225,2.784276613663395
ersu1241,sino1245,-2.3732078593164116,0.023487204195327155,0,-1.1136058006896001,2.8503425237619604
erzy1239,ural1272,2.50503310992003,0.021761989457043843,0,2.2417703904649997,2.88874883875145
esee1248,pano1259,-0.8595124991311749,0.039466723204669235,0,-2.331431290283515,2.97392179859298
esim1238,atla1278,-0.9884643730470875,0.0346702163349015,0,-2.1513096403101,3.12830293048611
esto1258,ural1272,-0.2609673451059697,0.03240899944256647,0,0.911539750286,2.76602946881843
even1260,tung1282,3.045672989387809,0.056222640582310864,0,6.376702627425001,3.6759556793307553
even1259,tung1282,3.429369509316948,0.03251805797493806,0,6.3662410750100005,3.65315767780065
fala1243,sino1245,-1.0153499937659713,0.029478327506949405,0,0.23885201617399998,2.8196710848386397
fare1241,atla1278,-2.416670311018274,0.04966147882155566,0,-1.5387679391325,2.864011823799485
faro1244,indo1319,-2.0823181318290294,0.016287049193327612,0,-3.7956173896095,3.0172298193016553
fasu1242,fasu1242,-2.6199265136488705,0.036854124722397234,1,-2.4002314958174997,3.474667134946865
fiji1243,aust1307,-0.13024994034959758,0.03344652152399107,0,0.47358043837950003,2.729182699968605
fili1244,aust1307,-1.975210720115695,0.0360463161092594,0,-0.81913912094005,2.7386499687735952
filo1235,toto1251,3.7716332560429864,0.04368320490786027,0,3.6703866420924998,3.35474710094382
finn1318,ural1272,0.7697823405443881,0.020491372499447033,0,1.5029988847225,2.76737546040646
fipa1238,atla1278,-1.879717377020123,0.027919078584219922,0,-2.3246902260919997,2.884155827131635
fonn1241,atla1278,-2.7670557044052875,0.05296743723095064,0,-2.5617379715375,3.023714729432635
fore1265,ural1272,2.971054867686609,0.027464157510868822,0,3.3517364158675003,3.088857788631215
fran1266,mixe1284,3.2723660071167373,0.034371474217809235,0,3.77640156590675,3.40825303158356
stan1290,indo1319,-2.8243631660304014,0.023098272330648244,0,-4.1280797051124996,2.95395892090286
fuln1247,fuln1247,-0.9861911730787682,0.02853677819024057,1,0.13063161657725,3.323301725502265
furr1244,fura1235,-0.8949158537880628,0.05647812066419467,0,-2.5518079486525,3.63964936775066
furu1242,cent2225,1.2344818338662535,0.048237734025396675,0,2.550443842345,2.9699313142266552
futu1245,aust1307,0.03519271152903865,0.03645133803214339,0,-0.9517163841525,2.6955084973394197
fuyu1242,fuyu1242,-1.2598024197649007,0.0413741482386555,1,-3.4592517104425,3.27683956257171
gaaa1244,atla1278,-2.1848229035382296,0.039611062504308896,0,-2.7062054120925003,3.00252976964764
gaan1243,afro1255,0.9299444055230646,0.042062991912279475,0,0.1495100587355,2.76879849420538
gade1242,atla1278,-0.9525068430708588,0.033592460090468,0,-1.2699638976695,2.871974876232625
gaga1249,turk1311,1.9727814691602705,0.052061361602439925,0,4.195301514569,3.06648225391071
gala1264,afro1255,0.8460951885755457,0.023475651648163245,0,2.1098085155575,2.8142113217031053
gale1259,nort2923,0.5326369587255613,0.050769787075483,0,0.45139072957,2.9087453695528653
gali1262,cari1283,3.650877919698597,0.03845411495854813,0,4.151549841913,3.15954104503687
gali1258,indo1319,-2.3129956675169563,0.01710664220626383,0,-4.153387127255,2.9444519793259696
galo1242,sino1245,-1.6462471092259459,0.02425821127118038,0,-1.174267908325225,2.776268726047225
gamo1243,gong1255,-0.8212605109096139,0.033960058270193126,0,-1.0147812089225,2.81670098918234
gang1266,sino1245,1.27386391895242,0.0336624135311872,0,0.11462302985875,2.78648320285558
gant1244,nucl1709,0.2803475048328148,0.018038663543742735,0,0.7205084068425001,2.85745084193682
gapa1238,aust1307,2.5334401571100997,0.03500049285123296,0,3.3043156653797503,2.871315662871135
boht1238,afro1255,2.126332729970409,0.025931057658149726,0,3.0031370216325,2.98195713420406
garo1247,sino1245,-1.5768635640563096,0.03811824262851183,0,-1.8490763199825,2.8375717861398604
gayo1244,aust1307,-0.21770229336859298,0.0312933153172718,0,0.550287100285,2.78519110693954
geba1237,sino1245,-0.9502549581300125,0.03448889689638083,0,0.55355481166725,2.806650599818715
gebe1237,aust1307,2.011097150496301,0.04750539583286732,0,2.174029257896275,2.8880349061965553
geda1237,aust1307,2.495139788775032,0.03758855911655581,0,3.2083901065475002,2.85494506051542
gela1263,aust1307,1.791555500876458,0.024896795648983838,0,3.34678175747,2.8375183807292
nucl1302,kart1248,-0.37668317239873417,0.049862949261806164,0,-2.930662746225,3.4621809055238
geru1240,afro1255,0.6997957332914573,0.0222957264549122,0,2.136764245838,2.8046231955370953
ghan1242,aust1307,1.697253009684002,0.03046814392368309,0,3.5359483165879997,2.81843241812409
ghar1239,aust1307,1.805529293001009,0.03576732108734884,0,3.3346425500325,2.84061728013913
gheg1238,indo1319,-2.182124764830319,0.02388094293200163,0,-2.8812305068199997,3.0715372827700103
gilb1244,aust1307,0.4045898028876193,0.015139503643447608,0,3.1478200157015,2.7988200578762052
gira1247,nucl1709,0.552923605213733,0.03548743597908076,0,-1.095955386355,2.9722564147434802
glav1244,afro1255,0.8548693449966037,0.022846475592356436,0,2.4014330140849998,2.7918723103499703
gofa1235,gong1255,-0.7805183392980359,0.039164633165082605,0,-1.0099082580695,2.81044828037215
gogo1265,suki1244,-2.423887460416533,0.033817570737499476,0,-2.168835325866675,3.360965569286365
guah1255,guah1252,1.0827108134482102,0.04236909703542593,0,2.35160628621,3.3135969855530547
guam1248,barb1265,-1.6027429339925912,0.030333145682294442,0,-0.59388642990925,3.231525598300035
guat1253,guat1253,2.792617211258473,0.03893912102102475,1,3.0182731464005,3.3617580633281703
gube1234,atla1278,-0.4138860385596717,0.027635971377933968,0,-0.8387331077305,2.93523238340587
gude1246,afro1255,0.5280038703627808,0.025584794970778202,0,1.335319712507,2.7915761579032
guer1243,otom1299,2.0242317090367985,0.01910974988697993,0,2.7709903129005,3.1470026670236804
guhu1244,nucl1709,-1.5159983700992155,0.045747079137454176,0,-1.4133006248903999,2.882126687293025
guiq1238,sino1245,-2.292285648394314,0.020515225048340077,0,-0.9473215809705,2.840508717150845
guma1254,aust1307,2.8947118516150527,0.02991828545534508,0,3.282144783887,2.865573479794885
guny1241,pama1250,-1.837636801686147,0.056974451645996675,0,-3.8516211622525,3.1458836700579003
guru1261,sino1245,-2.043180054601536,0.036647484827166815,0,-2.73377583960775,2.881848806776985
guru1271,afro1255,0.8620746549212814,0.02068634402980926,0,2.0005788683575,2.882192816482
gusi1247,atla1278,-2.2368618158834703,0.025086621293626404,0,-2.7868569391025,2.8638775240823797
gugu1255,pama1250,-2.9372505533117006,0.054480132292816244,0,-3.5382174994045,3.192244835997135
gwen1239,atla1278,-1.451547197464813,0.027767993775016857,0,-2.6626005292175003,2.86578887968569
gyel1242,atla1278,-1.2884519155154102,0.028208155167672475,0,-1.45287632575125,2.86398094420836
haaa1252,atla1278,-2.382385273785478,0.02471447409592512,0,-2.6972678058025,2.8762445794733997
hadi1240,afro1255,0.02337435509467155,0.02439027592466498,0,0.8130231703649999,2.755467741435765
hadz1240,hadz1240,-1.8457510400623804,0.04528994068390989,1,-3.6210540339015,4.14954037833877
haka1240,sino1245,0.44432391023521367,0.01703419926236425,0,0.475312111649,2.80323453176105
hakk1236,sino1245,-3.1170664969176376,0.03733951765898628,0,-1.4925110728175,2.849487081408105
hala1252,aust1305,-4.439695136086817,0.03899814263734028,0,-2.396153016985,2.873457093930685
halh1238,mong1349,1.3716527766632787,0.026467254329651444,0,6.0771484421875,3.5267547825375303
hali1244,aust1307,3.305643452236967,0.035003117994774756,0,3.2467094236925,2.881583389440375
halk1245,sali1255,3.4303125953527442,0.03836116903710565,0,4.970781430300001,3.49284933245463
hame1242,sout2845,-1.578767726138853,0.04735769545660588,0,-2.3085642592025,3.566037168800015
hang1263,nduu1242,-2.122666412950167,0.04055268810903664,0,-2.995616715325,3.28794807648995
hani1248,sino1245,-3.006368223348038,0.025274498029804766,0,-1.656265738475,2.77946851795112
hano1246,aust1307,0.9044229332920148,0.03993641696569103,0,2.9587270623672497,2.82986490892181
haru1245,piaw1238,-0.0152302476130929,0.018055431706466604,0,0.15831578187375,3.0613467105304952
hava1248,coch1271,2.413604076288687,0.04252614076284535,0,3.7353356038775,3.47212212377085
hawa1245,aust1307,-1.040617771927458,0.028041582521565765,0,-1.2439015464827499,2.68533875894252
sabu1255,aust1307,-0.12871460432704596,0.04111126388283451,0,0.5648673020375,2.77044354787527
hehe1240,atla1278,-1.3092381387318104,0.03563339210131336,0,-1.77054166883575,2.784883173127205
here1253,atla1278,-1.6432597612171835,0.03480754926515895,0,-1.6861796896949999,2.824011021448015
hida1246,siou1252,2.9286617727862487,0.034213227197942356,0,4.458477467723,3.4869864557944252
high1276,mixe1284,3.37841197793594,0.038444405268053705,0,3.7603297943014997,3.39411016455049
high1278,utoa1244,3.212861726723792,0.05370443956737172,0,3.8506753286252753,3.103558043038125
high1243,toto1251,3.781702677309002,0.03586601502364365,0,3.6737384105375,3.345732688535885
karb1241,sino1245,-0.6108214318455013,0.03348127328361916,0,1.66711914052325,2.77499311183875
hind1269,indo1319,-3.92622718592597,0.029879723411954297,0,-3.0396211777692503,2.972407931522255
hixk1239,cari1283,3.728822783418865,0.04410117627827383,0,4.143535756001025,3.18185267477794
hoav1238,aust1307,1.6561875828508055,0.03126022881918692,0,3.6474359098019997,2.80980794452684
ainu1240,ainu1252,1.7991241063757166,0.013132628947498625,0,3.9576129586775,4.06697473669087
hone1235,atla1278,0.048254015964347044,0.0389198735218951,0,-0.0145229507866,2.799153922132965
honi1244,sino1245,-2.7453108469851326,0.030928536650928297,0,-1.6573783939092501,2.7987042714427
hopi1249,utoa1244,1.644535504520349,0.06483755081041041,0,1.51185987767,2.943641806904635
hote1245,aust1307,1.6216129006599456,0.044997534166836425,0,2.390996572678,2.792575191014985
hozo1236,maoo1243,-1.9701037675057522,0.04616290295027939,0,-1.73282341347425,3.61333136566733
hrus1242,hrus1242,-2.269040155810619,0.0272389262938747,1,-2.3306913779417497,3.708484412568035
huuu1240,aust1305,-2.8522690450053703,0.010764808916505716,0,-2.0553464068887504,2.7845470754496002
hual1241,quec1387,1.421218500918736,0.04153604798223043,0,1.475585099785,2.91996082691585
huam1247,jiva1245,2.121454878339974,0.06181759762730403,0,3.4439665100312498,3.1815394221638247
huar1255,utoa1244,3.0768859036793326,0.05020199811427192,0,3.5376681229875,3.14570265568135
huas1242,maya1287,4.463967044231481,0.057747772009968286,0,3.98255638920275,3.516390967961565
huba1236,afro1255,0.5289840013558862,0.02877735027631112,0,2.2968877989175,2.787501424739335
huic1243,utoa1244,3.0211390483364315,0.055767688940521476,0,3.6975955258325,3.101537045476535
hula1239,aust1307,0.1724052592700127,0.03447292054562198,0,2.69659702302,2.72619535249852
hula1244,afro1255,2.4653091932263687,0.026966915608612738,0,3.0873124078055003,2.95441662516863
huli1244,nucl1709,-0.7663627454850317,0.05355377487359333,0,-1.6129354984814999,2.8326610275549653
hung1275,aust1305,-3.972413617681311,0.033156892185321855,0,-2.2727648786624997,2.89304254416171
hung1274,ural1272,0.15705930495147535,0.020564462139987826,0,2.7813111874225003,3.06281334368048
hunz1247,nakh1245,-1.5741794734823373,0.0318873800199618,0,-2.10513381217425,3.442957745709225
wyan1247,iroq1247,3.389616140812535,0.03208642388633408,0,4.59520015909725,3.4994160474470997
hyam1245,atla1278,-1.1466186239366856,0.025607223327168332,0,-0.23026184627500002,2.85392919422374
iaai1238,aust1307,0.9904786196071507,0.04142933525830675,0,2.7158867564725,2.826346352351055
iatm1242,nduu1242,-1.947791707265553,0.06732607341882828,0,-3.0571861287525,3.28669281608836
ibal1244,aust1307,0.36428260498502096,0.048287456227309934,0,0.22392026508649998,2.72954223109309
iban1264,aust1307,-0.7203155375769126,0.036286172127118446,0,0.15619589870849998,2.7039796122339297
iban1267,aust1307,0.5360382951053548,0.03678904574381202,0,0.01350540213,2.714493495208905
ibat1238,aust1307,-1.1979059513799166,0.06134599215951721,0,-0.65425821810475,2.7448824910902747
ibib1240,atla1278,-0.8664027762390328,0.05421610624617421,0,0.26414992839749996,2.90261005612822
icel1247,indo1319,-1.7036132296765456,0.013693163033785127,0,-3.7861791353975,3.0161175780454252
idom1241,atla1278,-1.3237509131690937,0.032925446809531224,0,0.2780335227215,2.869505463842115
idum1241,sino1245,-0.6199269737630068,0.020699858295313348,0,-1.46770708823425,2.836439699211415
idun1242,aust1307,2.7228554001649723,0.027419886404135452,0,3.3209437426775,2.8550257596203
nucl1417,atla1278,-1.0786472203197093,0.03516663491850995,0,-1.3690097043615,2.8776482459443553
iliu1237,aust1307,1.8435909843523928,0.03758540050613863,0,1.9176815102862501,2.8055097046894852
ilon1239,aust1307,0.3595085904475398,0.0424349912407752,0,0.3079909675225,2.74813429770271
imba1240,quec1387,-0.9263391826488113,0.04743594218973365,0,0.4364399618565,2.8614699766275846
ingr1248,ural1272,0.5994037285360004,0.017846393201774887,0,1.517020981635,2.717067797124825
alba1269,aust1307,-0.5854238131963463,0.035939723374549266,0,-1.059815472041375,2.731288650281995
iran1262,aust1307,-1.4501593759206435,0.04876300357830713,0,-0.6689254649775,2.7434472180135003
irar1238,aust1307,1.8225255308636572,0.038008411533241034,0,2.1127935895925,2.8955006466029998
iris1253,indo1319,-1.3403520704195202,0.03612068106919392,0,-1.5163827252225,2.9608683084491147
irul1243,drav1251,-2.6134053851576153,0.037720668519619964,0,-3.95443574493,2.9677457961738547
isco1239,pano1259,-3.1904151667600917,0.03763723240963395,0,-1.68352459789925,2.840453217135475
isin1239,aust1307,-1.0232179420742706,0.05702333699339819,0,0.6962381483075,2.742855921342975
isir1237,kwer1242,-1.8204572607026723,0.054317539581868385,0,-3.0251478187515,3.2749006273005854
isna1241,aust1307,0.19475056204166802,0.04242896884865784,0,-0.6502905614435,2.7193175407235053
isth1240,utoa1244,2.852625505217751,0.030119967539524943,0,3.87331576173225,3.0663935599768903
isth1242,utoa1244,2.8683266723359924,0.05673675413202977,0,3.8701165614652497,3.0654513248441
isth1241,utoa1244,2.910923195521054,0.04563907081453851,0,3.8761297326874997,3.07094388693356
ital1282,indo1319,-2.7887461242397213,0.029504781892280812,0,-4.1108079590525,2.9621470187195653
ivat1242,aust1307,-1.250789260663645,0.03840164129034419,0,-0.673143661297775,2.730886725296525
iton1250,iton1250,2.71307437841323,0.03917135375811765,1,2.56108190374875,3.423125435025435
itza1241,maya1287,3.81911199223063,0.03855780435101314,0,4.3571311327225,3.3934144611677253
iumi1238,hmon1336,-3.3149688965578274,0.033075594730314524,0,-3.2099419166725003,3.280478198451605
iwal1237,aust1307,1.6200032503258226,0.03278874809039894,0,2.372503059766,2.7849105836784798
iyoo1238,nucl1709,0.7641166054107593,0.038213703853925814,0,0.19196573125325,2.831070411807115
jahh1242,aust1305,-0.7148054205546116,0.024445328337555642,0,-1.6705019089992499,2.74491794446149
jalk1242,mand1469,-2.002328662575189,0.04409619173032801,0,-3.85700346535875,3.89127502782238
jamb1236,aust1307,2.079661372240859,0.03247586316591346,0,0.93713000881625,2.67058511944185
djam1255,mirn1241,0.5852960650724301,0.03313106278803537,0,0.018991785392999998,2.965722385878885
nucl1643,japo1237,-1.355713920550407,0.01577306478197451,0,-0.86174349625475,3.043254812154565
japh1234,sino1245,-0.3996410597864215,0.03296663861242224,0,-0.2639600183725,2.81109006394797
jara1266,aust1307,-2.3791526291417315,0.028810954161666236,0,-0.178016204483325,2.746982395089015
jede1239,aust1305,-2.117973996631827,0.03053800973825382,0,-1.2579650453547502,2.720161686869195
jehh1245,aust1305,-4.457878998406098,0.042517568335633214,0,-2.39326419106,2.86610645547972
jeha1242,aust1305,-0.8303623444601227,0.04418101335781285,0,-1.5054460552455,2.7200753898421297
jenn1240,drav1251,-2.449180400623724,0.02164712531378451,0,-4.036645554282425,2.95835672243941
jeru1240,sino1245,-0.625062639489366,0.01979213009997169,0,-0.8189257846605,2.7527042809492848
jiba1237,atla1278,0.1079910300878519,0.040213171812925046,0,-0.03397082678375,2.7967548793960253
jina1244,afro1255,0.3181107328495839,0.03700714992823697,0,1.312652106901,2.74486915747904
djin1251,mirn1241,0.1680469529007339,0.034723653472092206,0,-0.6909570246145,2.974945086438385
juku1254,atla1278,-1.208911429891022,0.03324644973652898,0,-0.179070338577,2.786871464271705
kaba1278,abkh1242,0.258602142751714,0.021774248592859896,0,-0.94611164545,3.1650918147288802
kach1284,gong1255,-0.6926367602476196,0.034496216895684696,0,-0.07132609187399999,2.7894278607896448
kada1242,drav1251,-3.874574927865737,0.03777179203992264,0,-3.94469746493,2.9609283726289
cent2100,aust1307,-1.5193291230492991,0.05023441639161633,0,0.2826925536075,2.7295734019221
kado1242,sino1245,-0.5134786023062248,0.02840923083993494,0,-2.0850493106675,2.8036027368106247
kafa1242,gong1255,-1.0485642332081877,0.047612944422958714,0,0.412751077568,2.78564050644609
kaga1256,aust1307,-1.4761588621995212,0.04402771140728244,0,0.36645982336375,2.6956543046752204
kagu1239,atla1278,-0.9715309081118351,0.04248009870379307,0,-1.1115653688125,2.771150712655025
kaik1246,sino1245,-0.6414645749775257,0.028073133795341168,0,-2.79501625082,2.886463832485275
kain1272,nucl1710,0.34282845925324934,0.043969599672986824,0,2.825120736935,2.9489405468976653
kaki1249,kaki1249,-1.4435271122078648,0.04676400385432765,1,-2.591360596375,3.38115391205322
cacu1241,kaku1242,-1.0845950165584295,0.032611180871209844,0,-0.35248474188725,3.23011507386489
kala1399,eski1264,2.493935169850925,0.03060601419542682,0,4.812413146781,3.59475033235812
kara1499,west2604,0.2566795847342117,0.06056680257646987,0,1.16478454576795,3.189617511838285
kala1384,atla1278,-1.460291325715667,0.028181910776317952,0,-1.8283624484824998,2.80673771032456
kali1308,sali1255,2.9625851442331896,0.04769706323585297,0,5.042057541435,3.4597619766096948
kamm1249,atla1278,-0.549026049977918,0.04867813153196377,0,0.44400967852499995,2.91178229323549
kama1370,nucl1709,0.410695022587689,0.045069788975337394,0,0.139656156575,2.821233402583725
kamb1297,atla1278,-1.7920960413654616,0.029951045965766344,0,-2.65068537343525,2.850476567591855
kamb1299,aust1307,1.8377176844748704,0.034905856763047464,0,1.57433670135475,2.79812019369572
kamu1260,kamu1264,-0.2190104562644709,0.07754371434386059,0,1.6876542092750002,3.2017278368934052
kani1286,nucl1709,0.26281396869822715,0.03900164905288348,0,0.14794672753275,2.827745682170125
kank1243,aust1307,0.3727665413898382,0.03760413079017059,0,0.427534640314,2.71008407843951
nucl1305,drav1251,-2.691033154318773,0.05140083889667157,0,-4.0322034393975,2.96723278806983
kaqc1270,maya1287,3.6484720752560396,0.05850523740270297,0,4.32926978478,3.434159229304185
kara1500,nucl1710,2.327442619270949,0.04144453043935529,0,4.36895605044825,3.15874808101291
kara1487,aust1307,-0.9291614284750823,0.059008827446637095,0,-0.28499869602649996,2.71951633558719
kara1486,aust1307,2.3030201884034307,0.027992283657045196,0,3.407971820899,2.863477159907185
kare1338,atla1278,-1.0902415522743527,0.03997930797848496,0,-0.26650823796625,2.8350300834619704
kare1335,ural1272,1.0218793280753706,0.027023849090181015,0,1.4893565606152501,2.735931986968065
kari1311,tupi1275,1.1061129817113085,0.0535236004459883,0,3.1643409201375,2.995300147678565
kark1258,pauw1244,-1.729759468687833,0.04701497627547292,0,-2.24863582595225,3.368377696183525
karn1252,aust1307,2.879177371404068,0.027827573042988305,0,3.2139299750625003,2.837889091600945
karo1304,karo1304,2.2333770151948107,0.02317237267652454,1,3.77216872805875,3.607562444831375
kash1277,indo1319,-2.324011981820676,0.023608279702407413,0,-2.9033510058625,2.995778498327795
kask1239,atha1245,3.7873680129634364,0.04187285267505745,0,5.1148031866125,3.48839080788121
newa1246,sino1245,-2.2499455755575224,0.02826210117234043,0,-1.36681304223125,2.8043752767392203
kats1235,sino1245,-2.8642164987284944,0.029819672671969402,0,-1.62901991495575,2.84635152953572
kana1291,katu1274,1.6473786104234764,0.04800630279223774,0,2.6258240786275,3.35265385090522
kaur1271,kaur1274,0.43981674606309284,0.061622079845740335,0,0.8991178016625,3.21291715466777
kava1241,aust1307,0.40853452387907074,0.04016993611021557,0,1.63764147104725,2.987476445260715
kaya1315,sino1245,-1.0047731598071277,0.032300216320176815,0,0.53976356900575,2.783415423712865
keap1239,aust1307,1.7002845365322972,0.03816554972234663,0,2.7769115347827498,2.7472864607094447
keda1252,aust1307,1.3154499712014616,0.014401008963059575,0,0.48074433712775,2.773904382806525
keig1242,kadu1256,-1.1670888041945022,0.05519688857097393,0,-2.052501921226,3.621054699754075
kele1258,aust1307,3.224785600894916,0.018520685081766394,0,3.167267911193,2.8643685033768502
keme1240,atla1278,-1.3620035901931764,0.035823752848180665,0,-2.6742965731924997,3.038972916876765
kens1248,aust1305,-2.5205610859883425,0.02520548761917167,0,-1.58488079938575,2.7390735912443
kenu1236,nubi1251,1.1420372825095424,0.03151930234368758,0,2.0335923281975,3.483065298723305
keoo1238,aust1307,0.2589120458385623,0.03482714897052807,0,0.7377341507375,2.78808629881909
kera1255,afro1255,0.6720249648981854,0.026410709620362786,0,2.5858556499549996,2.860288052170265
kesa1244,nucl1709,0.6174988331096858,0.03894645297191019,0,0.46151234819875,2.99609120114416
kett1243,yeni1252,2.4377975299929617,0.04140704768559706,0,3.92823291803675,4.13002686694219
kgal1244,atla1278,-1.7369858192643912,0.027736081379588818,0,-2.276892400409,2.7896824507927196
khak1248,turk1311,3.4861987158729617,0.014887045474621061,0,4.2151716550275005,3.0686230716268197
khal1275,sino1245,-0.029649794703196147,0.028229458438412052,0,-0.4194247875025,2.758615766942555
kham1282,sino1245,-2.1257621878243027,0.03183746366888713,0,-2.7624262496474996,2.8668193210092303
khan1278,atla1278,-0.8693788295635093,0.04135802556834238,0,0.255857440415,2.872467974785485
khan1274,aust1305,-3.7012294575587266,0.027081448289214178,0,-2.03451092503,2.7790535962925498
khar1288,sino1245,1.0744288427704185,0.04586169797045696,0,0.110732034065,2.765862795047005
khas1269,aust1305,-1.6791399641650888,0.017572282852113597,0,-2.2820963461582497,2.8083920072826
khez1235,sino1245,-0.603443100669548,0.03441260292404016,0,0.7816136694565,2.76981555563117
khmu1256,aust1305,-3.125020532846106,0.016333909209917032,0,-2.36541918625025,2.842932324765875
guan1266,sino1245,-0.7161609822548266,0.023759044947669505,0,-1.2733440655825001,2.80674714997249
khum1248,sino1245,0.3725658520445657,0.023796715067461886,0,-0.5448776367779999,2.7793913142650952
kich1262,maya1287,3.6235795184420154,0.05167874582306183,0,4.356518146527501,3.404890737980335
kiku1240,atla1278,-2.1216329591848178,0.02681860245689533,0,-2.63125880507725,2.862141904859275
kile1243,tung1282,2.7661413138018918,0.021558471956101357,0,6.4249783589,3.6367197709029
kili1267,aust1307,3.026251244298835,0.0330941116754254,0,3.137664990715,2.785205054414385
kimm1245,hmon1336,-4.264069889613976,0.019021893545774767,0,-3.209863848965,3.25574399986094
kina1250,aust1307,-1.6968056535119795,0.050384199333423474,0,-1.028938497955,2.72965498946339
kinn1249,sino1245,-1.3234336821978627,0.03695795938754274,0,-2.6551150495430003,2.887275391916245
kiow1266,kiow1265,2.117217489335707,0.04033000280936675,0,3.864831504005,3.509447130159185
miju1243,sino1245,-1.8408185522402565,0.030032262726780154,0,-1.22305678776,2.8598167115914
koda1255,drav1251,-2.5886728092504208,0.0331175632661758,0,-3.96544293945275,2.968512395597315
koho1244,aust1305,-4.2671304659806175,0.043570586599662724,0,-2.4101606006325,2.866105181719715
koir1240,sino1245,0.9443209845024074,0.0347213058408797,0,0.082207797845,2.791998947894975
koit1244,koia1260,0.18878060482230818,0.03506953144949133,0,0.71847430535,3.0055206121775946
koka1244,pama1250,-2.6279395595643127,0.05918532805886418,0,-2.96222227619425,3.065356003339515
koko1269,aust1307,1.5375196635152206,0.04235461404380716,0,2.86743550262805,2.75902611039728
kola1285,aust1307,1.2760034915962903,0.02886188988812685,0,1.208391297941,2.7837304753503
kolb1240,atla1278,-0.45620239172967736,0.043069512147086944,0,-0.8767465575115,2.860785147264355
kolc1235,atla1278,-1.543076016781571,0.04311795384733619,0,-1.1906565513482499,2.862000208714595
kolu1245,aust1307,2.802965755405101,0.032348529294559114,0,3.3051316621574998,2.857389094611555
komb1274,nucl1709,-0.29875216300632645,0.04027147207128818,0,0.126924267805,2.79565245677197
komc1235,atla1278,-1.4705454621830665,0.03240816074282534,0,-1.927023882808325,2.979343547794695
komi1270,sino1245,1.12574319542931,0.03768272522578784,0,0.86504513176925,2.79828708284774
komi1269,ural1272,2.9919628305491597,0.02592974743268453,0,3.03054721743,3.0151398349589753
komi1268,ural1272,2.6760187798707924,0.01912803910106329,0,3.0232342731516253,3.0077295237369954
komo1260,atla1278,-2.326796247922813,0.025733860972208932,0,-2.8568361902514248,2.946790666911995
kona1242,east2433,-2.6893397837993507,0.029958897459968103,0,-2.176276099445,3.4154258763232948
konk1267,indo1319,-2.4341617710628505,0.02718785463105265,0,-2.89950328565625,2.916600908819385
kony1248,sino1245,-1.0060962946055407,0.0328802508491511,0,-0.9278097276755,2.81993414389332
konz1239,atla1278,-2.3083415329922463,0.02532329721026097,0,-2.7007357658575,2.879700807539765
koon1245,atla1278,-1.474954961807554,0.03862122903388386,0,-1.035406842435,2.8448542101722403
koor1239,gong1255,-0.8197084771960761,0.050497573112338795,0,-0.5201608171425,2.813100352278695
kore1280,kore1284,-2.1978064720974264,0.021598843807335212,0,-1.36586032224175,3.5123111330628447
koro1298,atla1278,-1.6769946266367701,0.03911257953057208,0,-1.4878261452875,2.8993334424261503
koro1313,sout2948,-0.4044881594248966,0.05152208489133616,0,-3.2792487674475,3.34441565152904
korr1238,drav1251,-2.6576525078325632,0.04179437752041742,0,-3.9939917389025,3.01198806682471
kosa1249,nucl1709,-0.7260375998980234,0.0343059132471739,0,-1.5646681059,2.846936648319375
kosr1238,aust1307,1.3221169980830112,0.03181707583949933,0,3.1521251521013003,2.820427677133755
kota1263,drav1251,-2.295637781721571,0.04142176024918067,0,-2.9460531854500003,2.955130316415625
guan1269,tuca1253,-3.4323659904896777,0.03258293076265938,0,-1.585175274255,3.158954771834825
kova1243,nucl1709,1.310528434750632,0.025157042028538065,0,0.12169781165999999,2.84154372336448
kove1237,aust1307,3.3730351490717805,0.041326977490232265,0,3.03928321540275,2.85697293616934
koya1251,drav1251,-3.023584341473044,0.04133083600394904,0,-4.153959780715,3.046966397667245
koys1242,afro1255,2.64979009642935,0.02490816669989941,0,3.0961538882,2.9608627748954
kren1239,nucl1710,3.127816471610266,0.0342013160636992,0,4.322214904816,3.176960530497825
ngeq1245,aust1305,-4.363502497597217,0.036903582085245704,0,-2.2992106472925,2.835070654181315
puoc1238,aust1305,-3.773445342981581,0.03872173120702324,0,-2.36355760741175,2.85458294568386
kuan1248,aust1307,2.4016117902383627,0.027963937895489697,0,3.4254479981775,2.86694458591632
kuan1247,atla1278,-1.0220947584717663,0.01931350504798306,0,-1.5168099288849999,2.812475472591415
kuik1246,cari1283,4.465705054671522,0.03636318815386275,0,4.046304893639,3.2247018595108
kuku1273,pama1250,-2.965091259805222,0.07036410181504463,0,-3.5589661875925,3.19041233117582
kulo1237,aust1307,-1.1421710871805086,0.04860146005935323,0,-0.1442227285475,2.96463031831565
fait1240,nucl1709,0.5383710877711987,0.035832519384340615,0,0.7254927551745001,2.863937736259675
kulu1253,sino1245,0.04187820454785915,0.019564205338377376,0,0.53932463588925,2.83252469624417
kumb1268,pama1250,-2.9413442651486865,0.04912973846120111,0,-3.59050340860825,3.19350921958287
kunb1251,gunw1250,1.7099601697370574,0.067015345950158,0,1.1455135302369999,3.10581703744338
kuni1267,kuni1270,-2.0897610852773734,0.07068046525686002,0,-3.446755370659,3.25727145445255
kunj1245,pama1250,-3.0474593960823313,0.07163745843392211,0,-3.520684052135,3.205756388408285
kuot1243,kuot1243,-0.0183208180513098,0.07333433750409302,1,-3.43751398703075,3.337559635581905
kurr1243,pama1250,-1.769833206759392,0.06318661255660761,0,-1.9218754673324998,2.925332675190335
kusa1251,aust1307,1.6270995727917565,0.031247492962221114,0,3.6546945344355,2.80990091259818
kusu1250,kusu1250,0.4883209905737371,0.045655203230754546,1,2.00920186049,3.67253215150425
kuyy1240,aust1305,-4.117753428296208,0.03158710878256297,0,-2.3228851286562504,2.827032344854565
kwai1243,aust1307,1.7717797337839807,0.010420687517589872,0,3.6456906913735,2.825816617370105
kwam1252,aust1307,1.6344121237411566,0.036405340409482304,0,2.1976633531665,2.7527817756560546
kwar1239,aust1307,1.759530678563725,0.033379298456570394,0,3.64387826088,2.8449040734188102
kweg1241,surm1244,-1.1783731790298229,0.024120385141789786,0,-1.03735824269675,2.9683490222463202
nucl1595,kwer1242,-1.8556611480693643,0.05594395857187403,0,-3.0112741578925,3.291542329525385
kwin1241,worr1236,1.3919300284870628,0.059249580377457964,0,1.10849663844275,3.21759305946639
kwom1262,sepi1257,-2.1594055938683647,0.046852559477034296,0,-2.9942855783035,3.356361256190605
nucl1593,kwom1263,-1.7195097449898271,0.04039768989066451,0,-2.60130127229625,3.3926218557236147
kxoe1243,khoe1240,-2.127978403627447,0.03244255342486074,0,-4.8235458596825005,4.29413640821498
kyer1238,sino1245,-2.276611461657164,0.03338981394464685,0,-2.761556217815,2.8865994291790846
cori1240,atla1278,-1.0917749703153272,0.021739901425065163,0,0.11786912801975,2.8640884689163046
laal1242,laal1242,0.9105785689991666,0.03872493778319955,1,3.120477338477925,3.66776747052862
labe1239,aust1307,2.352923134706201,0.03638595825989988,0,3.4110801254325,2.850380330091935
labu1248,aust1307,1.6911670721738643,0.04405286848952663,0,1.5422695899145,2.763659117070365
lach1248,taik1256,-4.002350935718481,0.044066566143317595,0,-2.5940590469625,3.271544970574855
lagw1237,afro1255,0.9944947448501924,0.04052000489513263,0,1.73529944109,2.76521657198197
zaye1235,sino1245,-1.2084485353828145,0.031889137311474296,0,0.14555997395,2.7820528024768754
lahu1253,sino1245,-1.85898842518924,0.02446746346581394,0,-0.208067229766,2.78251887171522
lahu1252,sino1245,-2.2600244950653607,0.04764456585052545,0,-0.40680717583,2.7858317278759896
laiy1246,aust1307,2.2022152435537685,0.03648853515673757,0,1.860144327205,2.821290769943845
lala1268,aust1307,1.5047047961418616,0.03708839438966198,0,3.1202996550178748,2.76018493552333
lama1277,aust1307,1.610794442353142,0.03702299797681311,0,1.46719034074075,2.74574252337546
lamb1269,indo1319,-2.568829430198839,0.038815879758714776,0,-3.0356327853925,2.976835125876725
lamb1273,aust1307,2.037811128067542,0.03185291535398877,0,1.5603591425949999,2.80607544629025
lamb1272,atla1278,-1.5152158343164515,0.029016221958840703,0,-2.24367468933825,2.858059726770575
lame1260,aust1307,1.9729519459371039,0.03241252895055438,0,2.323397791162,2.73917374806652
hela1238,sino1245,-2.2419890779649174,0.04078160569719924,0,-2.7559284366125,2.88811926419326
lamk1238,sino1245,1.2045571325077844,0.04895081403288702,0,0.8647965973225,2.798843408915435
lamo1244,aust1307,3.2263125524309393,0.017004828588348512,0,3.173314044083,2.8638071938319953
land1256,atla1278,-0.40934385407977275,0.037374427096914055,0,0.160056830043,2.74246881864683
lang1320,atla1278,-1.5951338610038728,0.036779810156625195,0,-2.50573804138619,2.906617594510465
lara1258,lara1258,0.8859076731700416,0.04189528606855015,1,0.7794648239674999,3.22528941782191
lash1243,sino1245,-1.7281145896026198,0.015799258557008162,0,-1.9559952178329252,2.8472397005832297
teke1275,atla1278,-1.8128654627253338,0.031838029532665416,0,-2.55475451078,2.9882759746242753
latv1249,indo1319,-2.5621640835839523,0.02548859775101869,0,-3.11013046848,3.000596616488515
lauu1247,aust1307,1.6880005670261213,0.03503702612527902,0,3.66084796585125,2.825363975928635
lave1248,aust1305,-4.373167029539504,0.034309757040811684,0,-2.4096556489600003,2.8724856618083647
lavu1241,lavu1241,1.6846043368358845,0.035847928567354914,1,0.5731050537025,3.32745397957642
lega1250,atla1278,-2.4435044174493186,0.026009673123439384,0,-2.6350609457705,2.89236504008894
lega1249,atla1278,-2.398305309426131,0.023013599526592494,0,-2.6242937622925,2.88710399725751
lele1276,afro1255,0.7499479921769002,0.03088473777640727,0,2.57757576535675,2.852940858294815
lele1267,aust1307,1.5667971174931772,0.03911033167502689,0,1.4916147223425,2.7326893411289
lele1270,aust1307,3.2514376322480985,0.0442118688987149,0,3.18291664652575,2.86077425645316
lemb1266,nucl1709,-0.36597739206915847,0.035410808281110075,0,-1.58312843667,2.83861345203661
leme1238,aust1307,1.1792513080709748,0.030787631326199577,0,3.081055612528975,2.80216724206463
lena1238,aust1307,0.17496866382155016,0.02017053030243701,0,1.939723650629,2.7174233265671903
lend1245,cent2225,0.4562587539117483,0.041507666112312144,0,2.9645854454875,2.97608215908939
leng1259,aust1307,3.1896835697367725,0.019325122838578457,0,3.3173627635624996,2.8383467918169902
lepc1244,sino1245,-1.7245526503452948,0.04000086803637102,0,-1.11123625288025,2.9109053387252004
lese1243,cent2225,0.48448018244602287,0.04801966053314977,0,2.6271612829675,2.9977355749237553
leti1246,aust1307,1.90676818084878,0.042512182313471175,0,1.9986913210315,2.82533818132268
lewo1242,aust1307,1.8692903082196188,0.029291954121397158,0,2.3166839548300002,2.73223575771288
lewo1244,aust1307,1.5783339191710375,0.02679652122058427,0,1.4700481251984998,2.750758911512215
lezg1247,nakh1245,-1.451431224043718,0.0371153184741673,0,-2.1234001287125,3.4434674463294748
lian1251,sino1245,-0.408286793219728,0.021905384886886887,0,1.3135879982977499,2.78260155329897
lihi1237,aust1307,2.2973063664442854,0.007941055418242077,0,3.4691489876665003,2.84975081589256
lill1248,sali1255,3.5487275868627175,0.037657912642542236,0,5.0058143273599995,3.471942184262645
nucl1327,limi1242,-1.1299664366746383,0.05659441146436297,0,-3.0501353095597503,3.3032575604744396
limo1248,aust1307,0.5949176098453626,0.06474995374903571,0,0.4816510801775,2.73475920583151
lipo1242,sino1245,-2.579149820887064,0.032495148957852264,0,-1.6565671400789999,2.829815146503395
lish1245,afro1255,2.6337089732356604,0.01700233230112888,0,3.09974787443075,2.958696292110215
lisu1250,sino1245,-1.6359319210643664,0.017072071869402267,0,-1.7337938309425,2.823554778369845
lith1251,indo1319,-2.51282846686834,0.024661345945294438,0,-3.1241419212455,3.0082659240859098
livv1243,ural1272,0.6819576728947658,0.03350407194519715,0,1.41120474034,2.724003603293345
logo1259,cent2225,-0.1060426532963383,0.05155866296947681,0,0.94294789415725,2.8316036348436846
balo1261,atla1278,-1.782363800601575,0.03092771799434915,0,-2.7032631966775,2.95174865311234
loka1252,atla1278,-1.0686930919781126,0.021609612732785104,0,-1.1188998561722499,2.8833879741794197
lolo1259,sino1245,-2.553558759663769,0.02869219039708383,0,-1.6646482088075,2.82519010397841
lomb1257,indo1319,-3.035046976301609,0.05175946224899074,0,-4.1327964189175,2.9492317469045997
chiq1248,chiq1253,2.757362440254178,0.032962990393442554,0,2.7648004593274997,3.360708133200665
acha1249,sino1245,-1.6176075104921055,0.014765500516146318,0,-1.9004385642425001,2.84919776497503
long1395,aust1307,1.8226465595707797,0.03587619195757725,0,3.42405922019,2.8389896166081803
loni1238,aust1307,3.287270996089136,0.03409400476481666,0,3.17080354009,2.8717838397193347
lote1237,aust1307,3.5213923131156704,0.036771239269614446,0,3.2353286667275,2.855610601930825
loth1237,sino1245,-0.7619975009562645,0.0381084279591776,0,0.33251941893325,2.75878963831913
lotu1250,aust1307,-1.6443455754767413,0.04825668482169379,0,-0.5660746845,2.77542958789038
louu1245,aust1307,1.9251744960247326,0.03361206002058535,0,3.2422323292049997,2.85106978483281
vano1237,aust1307,2.06810990230012,0.045065266218332956,0,1.74163631923,2.8233240564452
lowl1260,tequ1244,1.5418412120845137,0.04622418183217711,0,3.8316371808730247,3.439788529531005
lowl1265,utoa1244,3.0993389769419624,0.04436790082822168,0,3.5724173880150003,3.13811579716287
lozi1239,atla1278,-1.3953655137718914,0.04260696437743058,0,-2.02784440166,2.78025048541282
luan1263,aust1307,1.8826212913656915,0.034916326856487254,0,2.0048522555024997,2.82775467563368
onto1237,aust1307,0.7603733184991108,0.04975575150178721,0,-0.9925127717375251,2.72066680253133
lubu1243,aust1307,0.5937721494929511,0.050855547640489565,0,0.465042621871175,2.7263152487712548
ludi1246,ural1272,0.822871389480399,0.02150538993193013,0,1.3456572079025,2.72217370962705
lugb1240,cent2225,-0.22318705457333393,0.056438241653575166,0,1.046638604255,2.836611573006725
lugu1238,atla1278,-0.7097641925676936,0.03448488491152582,0,-0.4057056405545,2.78439130211544
lule1254,ural1272,0.40486128302417584,0.026456685558925105,0,0.67952285486875,2.73523369884596
lumb1249,atla1278,-1.8797141635384103,0.030535132225369875,0,-2.3882231322925,2.9215773528752598
lumu1239,narr1279,-0.6587774341928899,0.03155054320490783,0,-1.1513210652275,3.2925672247566897
lund1271,aust1307,-1.333780251956897,0.04804529344286069,0,-0.09310416252375,2.8125981104404953
luok1236,nilo1247,0.9926380298928945,0.06621462475112981,0,3.84724457854,3.24733095918047
lusi1240,aust1307,3.26960047846502,0.037493799306062614,0,3.0524806789577497,2.85753307585776
luva1239,atla1278,-0.9774703320578211,0.03546787347498723,0,-0.7954439697175,2.8422126870691047
luya1241,atla1278,-1.3256016387695744,0.037684102590491236,0,-2.5476985995025,2.94511875258851
maan1238,aust1307,0.5444134278792311,0.029635608269016445,0,2.089478005135,2.819498250220955
mace1250,indo1319,-2.133689167318007,0.04307766165991926,0,-2.9346337536649996,2.8986863500009648
macu1260,tuca1253,-1.7709192044617263,0.047261053136472,0,-1.85306906920875,3.11263369965185
mada1285,aust1307,3.6938402772829875,0.05036898910061808,0,3.2801188611175,2.87558031437107
madi1260,cent2225,0.23688892535723755,0.050321656372828205,0,0.773848379465,2.87119442495833
jama1261,araw1282,-0.646181622078012,0.061095729675986775,0,-1.2642209388419001,3.0988610076108802
madn1237,east2374,-1.1488094083442242,0.042643307704704515,0,-3.088294844045,3.40311430356168
mafe1237,aust1307,1.3253968195682606,0.04239429243516445,0,2.97663594759275,2.8142175900126603
maga1260,indo1319,-2.222410153997893,0.015458234994618014,0,-2.516000817785,2.851525280264905
maga1263,aust1307,-1.6862675181186448,0.03152717215159865,0,-0.6056579476267501,2.7745292696454946
magd1235,otom1299,0.3588562275499776,0.028865812929651357,0,3.1954524982550003,3.065429544471635
mais1250,aust1307,1.9543826037160192,0.03261714609869268,0,3.2930385798875,2.85052712082532
mait1250,indo1319,-2.0621294785583433,0.026085576103814533,0,-2.5177829329855,2.86162481702096
maja1242,surm1244,-1.313098482279225,0.03392857468167206,0,-1.22559596369375,3.068603200526935
makc1235,taik1256,-4.055168077658005,0.03572967155066713,0,-2.66639109609425,3.2399891747523
makh1264,atla1278,-1.8897723846103673,0.04542540239397487,0,-2.4671781249225,2.808129596985795
makh1266,atla1278,-1.8537929762586196,0.045206417852088836,0,-2.473777046857,2.7946542248754
mako1251,atla1278,-1.5867377732024819,0.029555435966357787,0,-2.81216363837275,2.87177484560124
mala1463,drav1251,-3.7666070047351923,0.031121344708938133,0,-3.9503608797075,2.95997026015268
mala1534,aust1307,0.4992959057696067,0.03456791504685274,0,0.0064390950175,2.72066670756358
mala1464,drav1251,-3.8185069508462286,0.03864347710858109,0,-3.9485405956425,2.96768687501809
male1284,gong1255,-1.2131759591428004,0.03278656010276481,0,0.253974399145,2.83627676902642
male1289,aust1307,3.0741348725021655,0.036534662629437824,0,3.2268698647625,2.83600362461496
malg1251,afro1255,0.4343292096969852,0.03953030795018896,0,2.4320932078755,2.77429794927636
mali1285,otom1299,2.170803160629791,0.04203797709031467,0,2.5693841283800003,3.1559326529855998
malu1245,aust1307,2.515348582398177,0.031946869529116115,0,2.09667233099825,2.80394809510905
mamm1241,maya1287,3.656247407368311,0.04898436904505844,0,4.31646425174,3.4319254753698196
sauk1252,nucl1709,0.4264802152469913,0.037648429075996394,0,-0.711942152185,2.80149944258521
mama1275,aust1307,-1.0571746077945474,0.04326363357105995,0,-0.3445602863925,2.7156257322955346
mamb1306,aust1307,-0.0247282022587954,0.021017127021535742,0,0.68572407539125,2.79816644679034
mamb1294,atla1278,-0.7135774405649047,0.039886442466365905,0,0.8431771695275,2.801088431994975
mamb1296,atla1278,-1.851535948698059,0.02583169859736685,0,-2.3188211623350004,2.861865186672965
mana1295,aust1307,2.2609361274764472,0.040210705364309776,0,2.9161173271955,2.883464965744485
mana1298,nduu1242,-2.1092819741801776,0.06184000614697182,0,-3.0135878958345,3.293733697542475
mana1288,sino1245,-2.141577401020813,0.03873001558502616,0,-2.7380222830975,2.88588549301073
payn1244,nucl1709,0.43959202157654853,0.03524916353295338,0,0.67365128561775,2.859923327059105
mand1440,aust1307,2.279391580550375,0.039295586724355056,0,3.4733638957475,2.84486189455665
mand1415,sino1245,-1.4105983343719912,0.021544517468570567,0,-1.018600008736,2.82747847861709
mang1378,aust1305,-3.3201842661546515,0.01978527841903875,0,-2.324620677139,2.873803599453125
rapa1245,aust1307,-2.2010065639616156,0.037947526141787626,0,-1.245225698425,2.6837354984210853
mang1401,aust1307,-2.0176456005213588,0.028677694160557553,0,-1.1978536090225,2.700485455268375
penr1237,aust1307,-2.611903139265198,0.033294522865343595,0,-1.23973605427875,2.69529548852496
mang1381,mang1423,0.8303462229422285,0.03675915616574147,0,0.512947084864,3.22952906293428
mang1394,cent2225,0.7817437374762471,0.0426990329849826,0,2.75891701364,2.970840556679025
mang1404,aust1307,1.4429094488728902,0.046057859645276714,0,1.359145164317385,2.76900807434081
mang1405,aust1307,1.9898242062604798,0.03515347400272927,0,1.7469883328225,2.80429539110371
mang1403,aust1307,2.1420598941823283,0.03125673600555366,0,3.238729624255,2.8380763244038203
tong1308,aust1305,-1.3689143348368136,0.02916085222060749,0,-1.6016193759445,2.72594255057106
manm1238,aust1305,-2.8429843977654126,0.01975637759269739,0,-2.0516533224617497,2.786019696628295
mans1262,aust1307,-1.1198024392966621,0.042967815579827505,0,-0.8312790307790425,2.7333167617129748
mans1260,hata1242,0.8922697158678874,0.04018678512075641,0,0.5433703437074999,3.21968068285208
manu1258,aust1307,2.2360034627369743,0.04205438638936689,0,2.03831080343,2.832610219949615
maor1246,aust1307,-1.1123946091769588,0.02748621230913958,0,-1.2598894458349998,2.699624334797425
mapu1245,arau1255,-0.8167968374099044,0.04498865247339317,0,-0.67192400851525,3.300103597153205
mara1382,sino1245,-1.2875810351211021,0.018042919794494617,0,-0.01902211996675,2.8525223644194453
mara1399,aust1307,1.074217181303013,0.03451772786397397,0,2.31946562712,2.7788553694564753
mara1379,sino1245,-0.4024423138178779,0.03284972366520773,0,1.5193104533755,2.78406085984715
mara1404,aust1307,-1.1945702754333938,0.043389151241025485,0,-0.677882070953,2.7483126313908253
mara1386,west2434,-0.5474605923849768,0.05898643515219033,0,1.23257110007075,3.076802490161115
mara1378,indo1319,-2.6023574321276532,0.031029536904334323,0,-2.9090161539725,2.92716218252127
marg1253,pama1250,-3.151006414355385,0.07237281759297481,0,-3.8356227026725,3.153934025839635
marg1265,afro1255,0.9759285221194474,0.02594641584826457,0,2.267168547485,2.7770228233003946
mari1414,drav1251,-4.531184894590606,0.03813309673637559,0,-4.13796106871,3.0572357937492702
mari1440,coch1271,2.743113687112583,0.04635974708551159,0,3.74948853535325,3.478629138960345
mari1428,aust1307,2.3549681351773235,0.02952682848666959,0,3.22432710315325,2.86635772577273
nucl1622,anim1240,0.6732879523306594,0.03977362803335684,0,0.47784407773750004,3.211391950444705
mari1416,sino1245,-0.19805352706686735,0.023527477032565657,0,0.95636898601375,2.805787404228695
mari1424,west2434,0.6483347688677993,0.056922263197551365,0,-1.430305875888,3.11541738606893
mars1254,aust1307,0.1688507993611554,0.030961838587370186,0,2.3257069605637497,2.747327019938445
mart1255,pama1250,-1.3270274117683822,0.07503032633874013,0,-1.1371078694749999,2.922672887484045
maru1249,sino1245,-2.1891479357246917,0.018449610022623433,0,-1.89160203524575,2.86315666765668
maru1252,pano1259,-1.9092420890135982,0.043538101436810334,0,-1.7439008322425,2.841821281711285
masa1322,afro1255,0.5093742609103733,0.023724884798804535,0,0.75024680271,2.870421887532025
masb1238,aust1307,-1.8791915266128247,0.04605402420763911,0,-1.1117817531525,2.71330794834872
mask1242,aust1307,0.7514857140660027,0.03804425311451908,0,2.077703625805,2.774407993566445
matb1237,aust1307,2.2253739852616086,0.04575677342324748,0,2.1908705871775,2.87104405495797
kemb1249,aust1307,-0.5622449470773331,0.028960968136755288,0,0.41733072062,2.78669932136282
mati1250,aust1307,-0.020032391353205503,0.0364591429548959,0,-0.39472636277475,2.678616005315975
mato1252,aust1307,2.486037966989147,0.03281653966949843,0,3.169536695595,2.86889571108521
mats1244,pano1259,-1.9523403802115387,0.04831405407889365,0,-1.8371516896700002,2.9827086389532447
matu1261,aust1307,2.5654211118356716,0.018698817153842827,0,3.2147448344375,2.8519687823610003
matu1259,atla1278,-1.042574492949853,0.04384696678853014,0,-2.7965094252275,2.89201513462923
maun1240,iwai1246,0.9796994197298734,0.02532633748250367,0,0.263029819545275,3.249138975828985
maxa1247,nucl1710,1.6061068695894638,0.026968097639600338,0,4.409227241785,3.16044125475588
maib1239,mayb1237,1.0288930940668717,0.03873650747574437,0,0.5684460369019251,3.249430931351675
mayo1264,utoa1244,1.3632710423190582,0.02981936455089919,0,3.7836577728050003,3.0594880225217898
mayo1261,atla1278,-2.3694982680452883,0.04043922967714233,0,-0.63533125203625,2.767059215327385
maza1304,afro1255,0.9642850950028399,0.05138668286100205,0,0.9378230127425,2.7641829885459703
mbaa1245,atla1278,-2.166823456798408,0.0238298388908013,0,-0.8553677109669,2.7656591588160397
mban1263,atla1278,-1.812825503163561,0.03900737485272262,0,-0.8490269086625,2.844097476669165
mbar1260,afro1255,1.1364191868866333,0.04296899910716974,0,2.0442555294574998,2.7853905727899697
mboc1235,atla1278,-0.9135773541738902,0.025897021733638382,0,-0.6992319911925,2.82995864583734
mbol1247,atla1278,-2.2461477429813934,0.034941984219379066,0,-2.5504798820745,2.9666643053734196
mbul1263,aust1307,2.9392931279134418,0.044124619769913165,0,3.23417085219,2.85862690064176
mbya1239,tupi1275,1.8472271681057597,0.041392741473441234,0,2.9150917815065,2.95435242999775
meen1242,surm1244,-1.0156866206395785,0.026575448891558086,0,-0.3778111094175,2.95686189683409
mehe1243,sepi1257,-2.0493672263223948,0.06257680655838674,0,-2.9625277123975,3.35813476457166
saki1248,tupi1275,2.896116295445938,0.04013883864880037,0,2.3156895437775002,2.946587200809065
meke1243,aust1307,1.4005301412562443,0.0370712410762622,0,3.13397832054,2.76880739371419
melo1242,gong1255,-1.357809047868446,0.03815768633241349,0,-0.8557822640124999,2.836587656394785
melp1238,nucl1709,-0.31954115087447443,0.04348819278804046,0,-1.512176532362165,2.7976894869019553
mere1242,aust1307,1.4379834662695292,0.04444910950851164,0,2.9275805905105,2.82886597752337
meru1245,atla1278,-1.9932874895118673,0.02641614069276262,0,-2.6613667186849996,2.859121369471265
mesc1238,atha1245,3.2561957444630085,0.07094021917249112,0,5.1452836019875,3.462317883923995
meta1238,atla1278,-1.5561833292826348,0.036104661954232134,0,-1.6112202186325,2.99190267526227
mezo1235,otom1299,2.3258379104020017,0.04477758781462236,0,2.5244861678767503,3.044221465261785
mezq1235,otom1299,2.52463122125079,0.03380437088344268,0,2.6105996787125,3.04765948085443
mich1245,utoa1244,2.650374329074027,0.03886063931639945,0,3.8541884955092502,3.082687786868475
miga1249,afro1255,0.9307640985945149,0.018997721434919373,0,2.431101101618605,2.894261055121235
mikm1235,algi1248,3.4776510498166116,0.04032253260757684,0,4.984842930425,3.49982019334146
mila1245,sino1245,-1.8624164647642136,0.04471925247093719,0,-1.01563207193,2.81338268780224
mina1276,afro1255,0.22668947324479954,0.049120238529211185,0,0.5627637837275,2.777795404117345
mini1256,huit1251,-1.3738271020897828,0.04846264057845151,0,-1.355615735845,3.13778536844589
mini1251,aust1307,2.405188312820945,0.03429089333928283,0,3.440201929795,2.8804687776709947
minn1241,sino1245,-2.9338383969351605,0.03267494397850977,0,-1.4418597048597501,2.899280547818985
misi1243,aust1307,3.059442194138896,0.033589166457739426,0,3.10294143789725,2.79109314936687
mixt1426,otom1299,0.1594574018985459,0.031316667071917506,0,2.224529009357,2.9736270057623146
miya1266,afro1255,0.46136227714681255,0.02577173275230233,0,1.16428977419125,2.83682435627412
miya1259,japo1237,-2.0628821818105663,0.015537498160027738,0,-0.6011007674175,2.8912122328432197
lush1249,sino1245,0.3775534080437888,0.025310425421562508,0,0.645492139458,2.8111294216388503
mlab1235,aust1305,-3.016085062017228,0.02054339927166709,0,-2.3622596174475,2.840658935599055
moba1244,atla1278,-2.4448447379272764,0.04642739471520131,0,-1.5273916572675001,2.8816815094773247
moch1257,maya1287,3.873621814906668,0.056293446310214636,0,4.3581926441355,3.41350447303997
moco1246,guai1249,2.0896547965364207,0.03273983448942692,0,3.419023760365,3.34355831044898
mode1248,indo1319,-1.653503613568227,0.020029584991270066,0,-2.5515464819374998,3.11038899909359
moha1258,iroq1247,3.3646466349668733,0.021726366454279913,0,4.591887447555,3.49462644142691
moii1235,west1493,1.092418872207189,0.01898942619021234,0,0.5230137287775,3.265244170060635
moke1242,aust1307,-1.0109193465804822,0.048126050562666396,0,0.01911154747,2.7738088284907
moki1238,aust1307,1.5915094659040494,0.041385823078652476,0,3.22588599157875,2.745433765309805
mokl1243,aust1307,-0.8206906003060033,0.053967583170476605,0,0.018742498405000002,2.7710935460292596
mokp1239,atla1278,-1.2112092677600428,0.027921236695957082,0,-1.7366982936787498,2.87621187806325
moks1248,ural1272,2.272117869506303,0.021040610502675406,0,2.24007535485325,2.8932870438074403
molo1266,afro1255,0.646995804838507,0.03845320922037242,0,0.97234058977025,2.781973710061515
nucl1452,momb1255,-1.387307835549878,0.042762197715994814,0,-2.8994759993125,3.32376611875114
fass1245,baib1250,-1.5847861893347912,0.027648060400647063,0,-2.7321893994062503,3.40393023941603
mono1273,aust1307,3.028232430986193,0.03480475587799343,0,3.1775072621025,2.76500988235065
mono1270,atla1278,-1.8130003564623494,0.03686844847729956,0,-0.9370126837899999,2.819771095314485
mono1275,utoa1244,0.24762931675678718,0.03732184460973854,0,0.698533261708,2.82397282964925
nucl1458,monu1249,1.1137075594647503,0.04785666913402462,0,0.6924227812963251,3.2497801157532047
mopa1243,maya1287,3.674178445231188,0.045631571690223374,0,4.349000626985,3.401732039583335
more1259,utoa1244,3.0577776254037814,0.04189029260809348,0,3.84168460347,3.0811682477754854
mori1269,aust1307,1.9699177969961337,0.030986485373223835,0,1.715150921086,2.8144015603801398
morm1235,aust1307,0.8315124400016201,0.022048945223549755,0,0.801807985995,2.8417320162693853
mose1249,mose1249,2.32730089591995,0.035733159631226696,1,2.8209269605575003,3.416961935612165
motu1246,aust1307,1.5985712333046531,0.032434328470711184,0,3.115150021125,2.7772609667125696
mouk1239,aust1307,3.230982690500671,0.03428812585182177,0,3.16767635991,2.868002667944925
moun1252,koia1260,0.18589439804557895,0.030497869519575314,0,0.7394906774945,2.9978265588905852
movi1243,movi1243,2.611973238149485,0.03267955131572013,1,2.5699093677575,3.414156536728645
tang1347,aust1307,1.3877426734487077,0.04819538145718313,0,3.005957843935,2.82412272078059
moyo1238,sino1245,1.257604104722494,0.03780796841682669,0,0.8779885910375,2.813244558959855
mpad1242,afro1255,0.24012190557390228,0.029317748389372473,0,1.2442750367772502,2.7542282643508598
mpii1239,sino1245,-2.1686718127134377,0.024139361559643212,0,-1.675746863824,2.7882430509771448
mpot1240,atla1278,-1.7004143298943788,0.04458407942549179,0,-2.7847963543041248,2.9032052658833747
mpur1239,mpur1239,-1.008309760686531,0.059616820479731984,1,-3.0683365207422497,3.3304343687213196
mual1241,aust1307,-0.5183569227611355,0.03360969977002694,0,0.1704769663775,2.6932672306507
mudu1242,aust1307,3.4931368666664713,0.03754257309741276,0,3.0633151279815003,2.880702939448775
mudu1239,drav1251,-2.4411013015331453,0.03219067244403303,0,-3.96590619868525,2.965998223633145
mull1237,nort1547,-1.1329897812324727,0.04996569040078154,0,-2.95286500837,3.33853529502526
nucl1240,atla1278,-0.05468513895959265,0.047792678301572716,0,0.11137079477074999,2.8795751393694102
munc1235,sino1245,-0.09585251231993486,0.01836299177756629,0,-0.5131896600975,2.76265645269201
mund1328,atla1278,-1.4253142890529813,0.04297501897151493,0,-2.33383177425225,3.1052079654477
mund1325,atla1278,-0.20076584567022676,0.04938854593722921,0,0.82141618132675,2.798908528374235
mund1326,atla1278,-2.3702056616661404,0.04000273121600407,0,-0.63912646916575,2.75813531777703
mund1330,tupi1275,3.1334393924233117,0.0498741410298921,0,3.1349225841686748,3.029415461707115
murl1244,surm1244,-1.3424110727593581,0.025243038377804894,0,-1.2671109223825,2.95112557883815
muru1274,huit1251,-1.5769466153199323,0.03922338237432597,0,-1.35524796241,3.14850264794376
muru1266,pama1250,-1.828233569321524,0.04892314986140176,0,-3.77619100826275,3.15943154727237
musg1254,afro1255,1.058506947080392,0.02492393942830274,0,2.0498579535725,2.78684345618424
muso1238,aust1307,1.988393209476266,0.03765171343848038,0,2.1032554940145003,2.7730204671338052
muth1236,drav1251,-2.400985031079241,0.029126323684020877,0,-3.9724637100475,2.9542598318479154
muyu1244,aust1307,3.2078745584129686,0.03607790692966926,0,3.13590920959275,2.785401694374775
mwag1236,afro1255,0.6107383192066466,0.02251650018812634,0,2.30381275275425,2.84202146462822
mwan1247,atla1278,-1.6546175375949934,0.0330184320257518,0,-0.9985241611172501,2.7852921734718903
mwer1248,atla1278,-1.392942139114711,0.026808205612989165,0,-2.8241035785674997,2.862439068497325
motl1237,aust1307,1.0479536640799272,0.03287727729363693,0,3.054942836135,2.8182882726525
sout2857,aust1307,2.2322646412376934,0.032509479977455936,0,2.1148458278625,2.79229436092594
naka1262,aust1307,2.2173797708930167,0.03698475557742841,0,3.21851679194,2.846733335447935
nali1244,aust1307,3.656549083182555,0.03165350387046722,0,3.3255776638525,2.867015451701265
litz1237,aust1307,2.341340151178316,0.04238593039977633,0,1.27158478515775,2.778265608541175
namb1293,more1255,-0.7501227221253071,0.05270408779599155,0,-2.557486471023,3.082451777997105
namu1246,sino1245,-2.295820651341232,0.055869090586634654,0,-0.6112541227199999,2.811750480845375
nana1257,tung1282,2.935558889219705,0.024122631643282506,0,6.4228239931425,3.65784754301677
nang1262,aust1307,2.371701846481047,0.03667453381142956,0,2.46194506951725,2.906029502522245
naro1251,aust1307,-1.308927249907973,0.04574108729191867,0,-0.109386316755,2.7946466344622554
naru1238,pama1250,-1.402796237268606,0.059370725248207794,0,-2.58635924958,2.986874636177175
nati1244,aust1307,0.8926882219362576,0.03144974387962151,0,2.3173771207650002,2.77512523704371
natu1246,aust1307,2.383133365373215,0.035685088882610676,0,2.4528670712840004,2.88002441842227
naue1237,aust1307,0.5094351187748848,0.03194983087955635,0,2.27449674147,2.77914372663024
naur1243,aust1307,0.9905599850466273,0.026238289514164098,0,3.1381131196574996,2.829057172881045
nava1243,atha1245,2.69495537402569,0.06561931872341131,0,5.13974629427125,3.46662158340984
nawu1242,atla1278,-2.637397567439917,0.046912950785609885,0,-2.7357632696525,2.9802707022795154
naxi1245,sino1245,-1.9014648317299747,0.02758927204401961,0,-0.83148713858785,2.805904631371825
ncan1245,atla1278,-1.3828470693285473,0.04318482676089517,0,-2.71892096743,3.042344506634855
ndam1239,atla1278,-1.276025623077453,0.035404580606441347,0,-2.45498087232,2.8956658339557197
ndog1248,atla1278,-1.170980351819312,0.03651791466129902,0,0.23321411585024998,2.81179761094244
ndun1249,atla1278,-1.917203749216943,0.024443855555124874,0,-0.8563566345214999,2.76176664324272
nege1240,aust1307,1.5330967284708148,0.040268647509194136,0,0.27517233495500004,2.6793071726377953
negi1245,tung1282,3.2451906649059303,0.02228934468208833,0,6.3735383135875,3.6804335939345503
neha1247,aust1307,3.409903874798604,0.03831291612094579,0,3.27385302501,2.859010306385725
kuma1276,aust1307,2.866052829669208,0.04241183339888706,0,3.01624811137975,2.84432445471138
nenn1238,more1255,-0.736979897911759,0.04954680729778506,0,-2.5547999491825,3.071183790720905
nend1239,nucl1709,0.30996570935748446,0.03070121661125408,0,-0.05100160415725,2.85549335811445
neng1238,aust1307,0.8419731484531894,0.025670600166118437,0,2.7144627355299997,2.826399293776825
nepa1254,indo1319,-2.362468219287728,0.03050320002124476,0,-2.8075114549085,2.93725437139728
nese1235,aust1307,2.519337390072005,0.038115500734227675,0,2.0874226302155003,2.791162901129895
vinm1237,aust1307,2.18610834889257,0.042969108707177996,0,0.837224254035,2.78345863809738
ling1265,aust1307,2.1653283577885203,0.031136775535673466,0,0.8369813061335001,2.767984902244155
nezp1238,saha1239,-0.7507727796313525,0.0620034952599384,0,-0.85235033065575,3.18592816979136
ngaa1240,pama1250,-2.721376990708685,0.07853854769905638,0,-3.02675444033,3.034373406342045
ngal1292,gunw1250,1.574131373614263,0.07217756557640358,0,1.240269203622,3.10340587293358
ngan1291,ural1272,2.7714044003849425,0.023266563495726908,0,3.28696405847,3.121915269494165
ngar1284,worr1236,1.3536103458972266,0.06648430369364865,0,1.12578820311,3.223013713904325
ngar1283,mirn1241,0.4229713011758319,0.035361985886586,0,0.24410862105,3.00379085712579
ngas1240,afro1255,1.2698067639255288,0.03227852872939499,0,2.203816267678,2.838472165057035
ngba1284,atla1278,-1.3917861944664942,0.041138705976762675,0,0.117504651175,2.77123447924728
ngba1285,atla1278,-1.8710048494164448,0.06215139938978827,0,-0.6440017507125,2.89596823651197
ngit1239,cent2225,0.460649966061987,0.036347813137256026,0,2.9652356663125,2.98283534846998
wang1291,pama1250,-3.10773872563345,0.06180623738203074,0,-3.6658033674747497,3.1817660299621346
ngul1236,aust1307,1.1321419303374376,0.03270617288418326,0,3.2106573483425,2.84234070700702
nhan1238,pama1250,-0.7977235532608175,0.05690258703184354,0,-0.8431330742942751,2.9554023676395
nhen1239,tupi1275,1.2281818921453485,0.034745276090005904,0,3.2279838752025,2.9811317367305197
nila1242,atla1278,-1.9873754442250464,0.02819103451487381,0,-2.58626184295,2.884045254041005
nucl1633,nimb1257,-1.5793377351509867,0.04026004557659018,0,-2.70146034274375,3.3444606332187803
labo1244,aust1307,2.2645658934857535,0.03420227205278642,0,2.2719911752365,2.7801897474118498
nisg1240,tsim1258,2.952197218072479,0.03891113876949244,0,4.20013834751325,3.68627149058936
niua1240,aust1307,-2.046782241540246,0.03913486112169922,0,-1.21069135304175,2.6949996644077903
niue1239,aust1307,-2.437206051206452,0.034603475030142994,0,-0.8445555874974999,2.71591624192585
niva1238,mata1289,2.409797858276244,0.032986452982613476,0,3.0242196163575,3.40935017476981
njan1240,atla1278,-0.9688044217799114,0.022295959926851662,0,0.1211235238775,2.907549867826625
nkon1248,atla1278,-2.157769478843692,0.04075678123954196,0,-2.76678477133725,2.96478572501612
noct1238,sino1245,-1.3787489611942445,0.03580312130094095,0,-1.6251127125675,2.8419822854884
noku1237,aust1307,1.4845906187155746,0.03669038661724373,0,2.9404548012825,2.834144678966625
noma1260,atla1278,-1.5438154546176435,0.021600119229056625,0,-3.02293890484,2.97032016053086
noon1242,atla1278,-0.5173414225796212,0.029740438561743084,0,0.47445710942999997,2.907178877864975
noon1243,atla1278,-0.8427708444919977,0.03998183189619503,0,-2.74962811945,3.0367406863358752
nopa1235,otom1299,1.7012818431225525,0.03954368968297741,0,1.251128804445,2.9363576395629902
nort2839,aust1307,0.610125304848083,0.035140212385996114,0,1.5664132813279998,2.7606268763454
nort2697,turk1311,3.345617462037108,0.08390021507200363,0,4.193943625499999,3.0906616753386302
nort2930,kiwa1251,-1.5160669271022131,0.038948644455547986,0,-2.6898433914423903,3.346993228715375
nort2724,sino1245,-1.8674004255465015,0.03630571432575906,0,-1.5705456989050002,2.83348376494985
nort2702,drav1251,-3.0519175128918863,0.03028321360184328,0,-4.14829825342425,3.057680879730005
nort2938,haid1248,3.4118118534395236,0.031084588621527135,0,4.57229996744275,3.605207088905575
sing1264,sino1245,-1.4641487514746263,0.028576894209209804,0,-1.9506924505425,2.8242569381073652
nort2877,aust1307,-1.0154468006582484,0.04590664840543001,0,0.255139789945,2.700413965773855
nort2684,aust1305,-3.971888008844309,0.030559501877268566,0,-2.24043835272675,2.822731918808055
lush1252,sali1255,3.3024954733847363,0.04582825248206357,0,4.97617377636875,3.47923925977639
nort2954,utoa1244,-0.3386237194739239,0.04248998274556183,0,0.485975866085,2.8307774552947897
nort2957,utoa1244,3.241528713843177,0.04562014547899451,0,3.8422968014265,3.069749301822955
nort2723,sino1245,-2.1958451247225272,0.01890407293245375,0,-1.74233789682925,2.83331565481663
nort2747,hmon1336,-4.117912422981866,0.01632451710446625,0,-3.13831944815,3.286081076655955
nort2722,sino1245,-0.6803247987564764,0.02068606343361484,0,-1.89271894991375,2.81355812425736
nort2994,aust1307,-2.3038239754021506,0.041775711621629484,0,-0.10771367268500001,2.7553257519289
nort2885,aust1307,-0.8893962908341733,0.05340037548750773,0,0.88075394696,2.7162033447070897
nort2959,utoa1244,3.135944839538996,0.047873446205725,0,3.7169763324025,3.0946073006076897
tosk1239,indo1319,-2.276116746819166,0.02591121512950521,0,-2.8986055177625003,3.0596223270331997
nort2732,sino1245,-2.8697783795022707,0.03831333365375464,0,-1.230267646293625,2.874588647565865
nort2690,turk1311,2.56893185849383,0.05532501471591007,0,4.1469714104375,3.09323418495782
yoku1256,yoku1255,1.2059282434676128,0.04293234367696418,0,4.303101616947499,3.5378092468841746
nort2745,yuka1259,1.7734881219427088,0.026824450817141375,0,1.9917694120895,3.5219675801161
nort2980,quec1387,1.6668223106969813,0.04480572131485376,0,1.4620555435,2.909442333741585
nort2845,aust1307,-1.9575003772102053,0.022469552519630277,0,-1.1873760306365,2.7094244239685104
nort2942,atha1245,3.7320974209784357,0.03749099543292278,0,5.1544161321975,3.460494738638215
nort2847,aust1307,1.5941011430148664,0.04031386837574046,0,2.0970870391825,2.73604525891733
nort2951,maid1262,2.2404340125719466,0.02589362389888337,0,3.85347127051,3.619090200753135
yaki1237,saha1239,-0.607932933847132,0.07095842697745264,0,-0.861278374163,3.1669755291710597
nots1237,aust1307,3.6510008545664605,0.031745818027157174,0,3.4248944391425002,2.851187613061115
nsen1242,atla1278,-1.5744832225800791,0.028485103580813007,0,-2.5401977609325,2.89014047028005
nuer1246,nilo1247,1.8522296347087814,0.06324310226978733,0,3.63253874097325,3.30909214595654
nugu1242,atla1278,-0.990205112400232,0.022747632246959044,0,-3.098950727294925,2.97856607900587
nukn1238,nucl1709,0.8527514455982199,0.027967369923498984,0,0.43842200035,2.8040079656616097
nuku1260,aust1307,1.109688165580244,0.03710864544004721,0,-0.82216144189975,2.7133333347146653
nung1282,sino1245,-0.016163210610742197,0.03673151735575284,0,0.1680631503335,2.81837986490728
nupe1254,atla1278,-2.0615485456702523,0.055334413345828524,0,-1.0446253068405,2.903049749027405
nusu1239,sino1245,-1.5167917838514273,0.023971364254314162,0,-0.17389001375575,2.795931822456045
nuuc1236,waka1280,2.676907233054541,0.03553689280864775,0,4.3475497147999995,3.63285504017717
nyah1250,aust1305,-3.3144496154841425,0.02965367703695036,0,-2.1970599039675003,2.85372532568723
nyak1260,atla1278,-1.586808217346896,0.02436888851864924,0,-2.2995731264875,2.87085080176206
nyal1250,atla1278,-2.146757407914877,0.03378112725341978,0,-2.82990461001,2.9681058798539697
nyan1307,atla1278,-2.3950961780744935,0.031890809863177,0,-2.88475514958925,2.8278372927457998
nyat1246,atla1278,-1.8273960157549154,0.028352681841026878,0,-2.5759739713860004,2.871348383712405
nyaw1247,pama1250,-2.9427846195868153,0.05294748568959127,0,-3.74837730200775,3.18450462099566
nyis1236,sino1245,-0.0242846443226786,0.03571494352039328,0,-1.2029390406306,2.772374293031525
nyor1246,atla1278,-2.3649203464782844,0.03510000050073305,0,-2.88794949679,2.8292653932207203
obok1239,lake1255,-2.567258672721156,0.057036222861918,0,-2.338590904943,3.390944088835235
occi1239,indo1319,-2.9631890156187417,0.024627337712782665,0,-4.1203632112565,2.950423658146355
ocot1244,otom1299,1.9355631263271016,0.033684090582800114,0,2.0763761782725,3.0086937245186096
oriy1255,indo1319,-2.41528585967753,0.02217201025975701,0,-2.6815071057899997,2.910988082974705
ofay1240,nucl1710,3.0114414131971166,0.038516633343382935,0,4.23228398653,3.2217832343314647
kalm1243,mong1349,1.347841085965435,0.06892283173863589,0,6.0652806479725,3.5496691392779347
okan1243,sali1255,3.283506633233996,0.04011164471861469,0,5.0493854753725,3.45760972284248
okin1246,japo1237,-2.1002699807716683,0.020838087453125563,0,-0.8810326910299999,2.937810424593335
oksa1245,nucl1709,-0.8790734638255344,0.029360857380027666,0,-0.762325945626,2.79802033020701
oloo1241,nucl1708,-2.337957350945105,0.055708131663864215,0,-3.4393032556599996,3.312206480761605
olut1240,mixe1284,3.3604163693665003,0.03384007303592193,0,3.744699557775,3.397393909579135
omah1247,siou1252,2.763000503162445,0.042748363099992345,0,4.449923944575501,3.50182728459513
omie1241,koia1260,0.11749953280801895,0.03599663593604143,0,-0.917893059757,3.00559589877007
bira1253,bira1253,-1.6104802560816538,0.0497690445252757,1,-3.140559898029665,4.089863257248125
onon1246,iroq1247,3.3965943650606762,0.028520728889190113,0,4.6041562032825,3.49207451733723
oroc1248,tung1282,3.137697625803744,0.022734240376382518,0,6.4368174957874995,3.634988333868895
oroh1237,aust1307,1.7478953834681494,0.04394816071465906,0,3.6280200774775,2.83208549431155
orok1265,tung1282,3.066848549307712,0.028255029861010465,0,6.442974172255,3.63146132269719
orok1269,nucl1709,-0.06700238822797466,0.03762299065036092,0,-1.6197289212450001,2.842989308326115
orok1266,atla1278,-1.146972051830959,0.028449913542870436,0,-1.7445559825074999,2.87975221607972
orok1267,nucl1580,-1.5842142201467597,0.04046072907540453,0,-2.7092414242069998,3.328908455531795
orow1242,aust1307,1.2745708621822591,0.03865228625998197,0,2.449242479303325,2.80414720946641
osam1235,atla1278,-1.5503039293443956,0.04008969594788256,0,-1.42512627740575,2.86262835494247
otta1242,algi1248,3.7343420314320097,0.04543353784486619,0,5.0477972779075,3.46466936833794
owaa1237,aust1307,1.6103400025987322,0.031897256796283156,0,3.555484553355,2.819628695209915
paaa1242,afro1255,0.460772146530499,0.03220255326031484,0,1.884418734144,2.825353578052345
paas1238,atla1278,-2.376757356881182,0.04486111073912556,0,-1.4502944879975,2.87896301950867
paco1243,aust1305,-4.344937413206239,0.02899496723109214,0,-2.3129815130032503,2.8373283615424603
pagi1243,atla1278,-1.7747767450643748,0.028149295805474314,0,-2.77353033206675,3.008226833371155
pagu1249,nort2923,0.4039564998845133,0.042520042772280144,0,-0.34718064737,2.89024121743102
pahn1237,hmon1336,-4.285933930981832,0.01596186232826397,0,-3.0999960543875,3.292315328703795
pait1244,sino1245,0.984020697209288,0.043276814211953174,0,0.0824189935935,2.7621189251646703
pala1344,aust1307,1.821353455428789,0.04394697207043358,0,1.664389989283715,2.8863873940211953
pali1279,araw1281,1.9631783137552472,0.035085258716612035,0,3.4103304589425,3.08861958864804
balu1257,aust1307,3.2645230392013813,0.03465897180078381,0,3.23121881461,2.862710697875375
pamo1252,aust1307,1.805994012578743,0.04007387873154634,0,1.8507633893030002,2.84189592164877
pamp1243,aust1307,-1.6942749969741375,0.045430253221004024,0,-0.44274998794235,2.8060750406139903
pana1305,utoa1244,-0.0397456116048764,0.04371334233153557,0,0.036686769020069496,2.83397593445916
pana1307,nucl1710,4.032676082330319,0.04429963095435233,0,3.79778648006375,3.12405021477894
enap1235,cari1283,2.362547786860773,0.057920000913371246,0,4.15321907001,3.1709740797897252
pang1290,aust1307,-1.5023186788414002,0.04173387149182659,0,-0.17783971083625,2.7563407462510847
pang1291,aust1307,-1.3850711804002547,0.043123017655059,0,0.759253233765,2.75884991444656
pang1287,atla1278,-1.6269545947786526,0.03161459746702481,0,-1.83975675714,2.79807622557787
pano1254,pano1259,-3.3128736663286076,0.05014288557161534,0,-1.710523005817625,2.84471359764256
pany1241,pama1250,-2.0221149821491573,0.0669631391546256,0,-1.9033087738622498,2.9283343256652152
papa1238,toto1251,3.758934235063975,0.03525007824021899,0,3.6801166309794997,3.349933327568655
papa1265,aust1307,3.133774238279712,0.041538603027139756,0,3.28231955814175,2.857222815839095
para1302,sino1245,-1.0000029084526447,0.034787208414557555,0,0.26509484389725,2.76993707286028
pate1247,aust1307,0.13734928873627544,0.046340396462202914,0,1.5699851615625,2.758905611805055
patp1243,aust1307,2.355765774401374,0.03465212411883978,0,3.40490807988,2.8612375596718254
patt1248,sino1245,-1.2486663674915328,0.03392613328055429,0,-2.6699656516025003,2.90404959566109
paul1238,aust1307,2.2209423440780354,0.042998453208897926,0,2.00565918997325,2.83412119011527
pawa1255,pawa1255,-1.3713498108589746,0.04267713655805816,1,-2.91864888330125,3.357087095833495
pawn1254,cadd1255,-0.09240225807124805,0.052121595434891026,0,-0.174293257845,3.28471760155023
pela1242,sino1245,-1.6746724579725316,0.01907396437263691,0,-1.8894957466225,2.87339885961535
pemo1248,cari1283,3.2069458978570298,0.045467638695294806,0,4.1525380365825,3.158596760923575
pend1242,aust1307,1.036831956964284,0.03680041442173571,0,0.6660864982220001,2.755950171085665
peng1244,drav1251,-2.933880743893425,0.03789544718066751,0,-4.1160010060075,3.060061162910295
phom1236,sino1245,-1.009587659627846,0.04044415965531495,0,-1.3116984502165,2.82048863413802
pila1245,guai1249,2.380420334681756,0.04448370281001602,0,3.4288569024975004,3.3650507591556
pima1248,utoa1244,1.2111008972779396,0.03770409325681933,0,3.81510219337,3.0532816806299
pina1252,piaw1238,-0.3202188210281971,0.035274113380858944,0,-1.3039199586275,3.08401721485295
ping1243,aust1307,1.5395742010979956,0.030988803984906246,0,3.2848863179025,2.73145478239381
pite1240,ural1272,0.2107265196129105,0.026896031197315623,0,0.55268783586425,2.7389365383354196
plai1258,algi1248,3.5080560092027016,0.040067623888634094,0,5.00935659295,3.4864896206689098
pnar1238,aust1305,-1.570663826096542,0.016286006828120165,0,-2.289689332191,2.811255183619725
pohn1238,aust1307,1.6034156934043526,0.023763294841614692,0,3.278793466013,2.7388878438913453
poli1260,indo1319,-2.6392131156163963,0.03271775515788235,0,-2.8295729373575,2.871207023975985
popt1235,maya1287,3.8656766692107114,0.04841641078221907,0,4.36731464443575,3.39973642764011
port1285,aust1307,2.0062458449592304,0.040680629365388465,0,1.57685566248068,2.761846859857165
port1283,indo1319,-2.192435027112417,0.015126890025120463,0,-4.14266694275,2.939988543185895
phai1238,aust1305,-3.0291593181500334,0.03518470387283273,0,-2.36640492148325,2.85180376262504
psik1239,afro1255,0.21648477735608407,0.0358199577519301,0,1.12433794845,2.807688050841005
puka1242,aust1307,-1.5233556650035003,0.02721772591252071,0,-1.2488836470595,2.680468313503095
pulu1242,aust1307,1.9455049449837705,0.03474708740550981,0,3.1769408914777504,2.687416693006775
puma1239,sino1245,-0.1192215962460091,0.037663355122328414,0,0.836688922863,2.809938737815915
pume1238,pume1238,-0.6956917648922646,0.04971470993302072,1,-0.85203563946275,3.224635205034515
pura1257,pura1257,-2.466132876119154,0.04690445611551406,1,-2.162447560883,3.51398792794553
pure1242,tara1323,0.5763837111409122,0.07451130333269333,0,-0.3468904561175,3.2716752268523352
puri1258,sino1245,-1.0530066196418852,0.03789468150339722,0,-2.743491434525,2.8724752036948997
qanj1241,maya1287,3.801261449527458,0.05865353166995588,0,4.357468187715,3.395161807926595
qawa1238,kawe1237,-1.7894332337270935,0.03133994265416087,0,0.2105320285185,3.299184407212525
qima1242,afro1255,-0.7010599877926358,0.021377386094558703,0,-0.65268855975025,2.8104452437518352
quer1236,otom1299,2.4443352911130902,0.03453183087554772,0,2.6083235342449997,3.0438395722192597
quio1240,otom1299,2.016615167593632,0.03164972741893942,0,2.30014588183085,3.051378904077905
rabh1238,sino1245,-1.4297182422743173,0.0372845939252141,0,-1.8814712339300002,2.845647465234275
rade1240,aust1307,-2.3729456735657357,0.03713028154996614,0,-0.15613786699674997,2.726599199740855
raji1240,sino1245,-0.39147712399571244,0.03649609339702034,0,-0.01344040523416665,2.8004285343844098
rapa1244,aust1307,-1.1709573580023018,0.02692065996431715,0,-1.1405837009950002,2.7152633181314947
rapo1238,nort2933,2.107332343064731,0.04443318901089123,0,0.9641834606599999,3.22786501977952
rata1244,aust1307,1.017963818184672,0.038282659865483945,0,-0.13565749058275,2.82434418784617
raut1239,sino1245,-0.4831992138182727,0.033861380522942276,0,0.0020870143045,2.8159342731503303
reja1241,aust1307,-0.5118300148943205,0.03930934720258036,0,1.399931840547,2.766963339745205
remb1250,aust1307,0.5301849934631452,0.02773004648006033,0,1.9155615477725,2.783159465491515
reng1252,aust1305,-4.466201817517034,0.031455173826689824,0,-2.40385273958675,2.8576815243973153
renn1242,aust1307,1.376196728504967,0.028258070377749786,0,-1.1761470295365002,2.6980602388262698
rere1240,aust1307,0.8687322298151186,0.022965963450700077,0,2.3038031137974997,2.762648833408875
reye1240,pano1259,-0.6508934215285143,0.04666100666592833,0,-2.38902095190425,2.961555168352535
rian1263,kolo1268,-1.4076225475948894,0.05372758887238737,0,-2.9478589671975,3.296867395307725
rikb1245,nucl1710,3.772456262298766,0.04219826117633814,0,4.258411851025,3.19560271033314
beka1241,aust1307,0.9371033323324782,0.0318111533969521,0,0.9704414027167501,2.7944429747885646
roma1326,indo1319,-2.971026653365313,0.02607522742067466,0,-4.1300842737575,2.9574643940150898
romb1245,aust1307,-1.989132985996879,0.04516265553056333,0,-1.1464498357472501,2.703584377650375
ronn1241,afro1255,1.005182917615293,0.032087926840423366,0,0.7739255405650001,2.83106175597687
rong1266,sino1245,-0.28345957097746866,0.03698924394826039,0,1.476018438068,2.80188576437974
rong1264,sino1245,-1.2023417309337052,0.035377204106844,0,-2.7922332152237503,2.89166028343657
roto1249,nort2933,2.016587938998381,0.039291153959172535,0,0.94837481546925,3.23128116041603
rotu1241,aust1307,-1.1091420779718275,0.041719091855387136,0,0.3729240737332,2.717506900818895
rovi1238,aust1307,1.6687608972727959,0.013438675104369474,0,3.6499066691075,2.81706571722994
ruch1235,aust1305,-2.0441342119723345,0.028272404573464322,0,-2.161730130409,2.78162445095699
ruka1240,aust1307,0.20283935871557768,0.0332578238573252,0,1.340683624569,2.97460545303033
ruma1248,aust1305,-1.987337328373927,0.022035404246100523,0,-2.1556567338174997,2.7726405413417
rung1258,maba1274,1.146878237008813,0.0351976803933517,0,2.118658148005,3.424017367618
rung1259,aust1307,-1.7799337917638427,0.0403081778769124,0,-0.3194133385475,2.784816340549855
russ1264,mong1349,3.030642661249769,0.03715473336125569,0,6.0562759901,3.552512076872285
russ1263,indo1319,0.6666781818614452,0.05242758396906471,0,-2.2385112629695003,2.83826872524607
saaa1241,aust1307,0.63692504050169,0.032903315463503,0,1.66482009045375,2.733807321640665
saaa1240,aust1307,1.7510268206715767,0.03356411811166756,0,3.554381755045,2.826417987576125
saam1283,atla1278,-2.293852633670036,0.030970043694094257,0,-2.761221214155,2.87108719399539
saar1237,aust1307,0.028998117479452898,0.032834736776678926,0,-0.363406193692,2.964079882814165
saba1267,aust1307,-1.6014970746762915,0.04214682862825638,0,-0.55834577057425,2.77425676975373
saba1268,namb1299,2.8354995336313595,0.03419795952883665,0,3.248139354599165,3.336711825729175
safw1238,atla1278,-1.233031085915479,0.025316571427067166,0,-1.40024803850825,2.823517563426475
saga1262,atla1278,-1.231683016332469,0.027590707249521458,0,-2.6490438972275,2.865555281285805
sais1237,aust1307,-1.1076178159339776,0.04634882999846219,0,-0.15037537499749998,2.99045918317877
yaku1245,turk1311,3.7852823570731653,0.048663384180017276,0,4.1840049976725,3.092416965944005
tsis1238,atla1278,-1.6446522273741602,0.033832497685260726,0,-1.4387286583774999,2.9021995050839298
samb1311,atla1278,-0.24206028127474205,0.04536428077751028,0,-0.6952535007975,2.916594025110975
samo1305,aust1307,-2.5834153214390447,0.0418634040871251,0,-1.2926433536575,2.69705191475557
sanb1241,otom1299,1.7347706587984302,0.04155935090493837,0,1.20409157869325,2.96033541999569
sand1278,huav1256,2.981645641201718,0.047825313518852164,0,3.1858018491025,3.469426537641025
sang1331,atla1278,-1.8438691718996023,0.03540989690247792,0,-2.4691067468299996,2.9658626977808398
sang1321,sino1245,-0.76028640271302,0.03858309161605159,0,0.3380387232425,2.75408536665965
sang1330,atla1278,-1.2484282102743616,0.035760313938671434,0,-1.4199850980400002,2.775248006200695
sani1269,sino1245,-3.1336883657786565,0.0358485458983913,0,-1.7312835199614,2.81420726496032
sanm1301,otom1299,0.7014653359296429,0.042964986155090236,0,2.60794881587625,3.03490438615027
sanm1289,quec1387,1.084428163277296,0.0374415611408197,0,0.9462430896245,2.853507262380395
sanm1295,otom1299,2.049526436618528,0.03968858729009403,0,3.0847424471275,3.0915206517115648
sant1451,otom1299,1.9221929969582598,0.04490986210705064,0,2.02214856217975,3.010613339793715
sant1436,otom1299,1.9628794060960042,0.03916680671757749,0,2.974685692925,3.0995556053183453
sapo1253,aust1307,3.2985300988052977,0.029893551014541695,0,3.26555424544575,2.879716299468935
sapu1248,aust1305,-4.406833891866222,0.03731000608856288,0,-2.4171185592524997,2.879454130128325
sara1327,aust1307,-0.9664883028880962,0.026785447959988447,0,-0.14492527797,2.69369921622624
sars1236,atha1245,3.348114890378071,0.04910791904249091,0,5.1252994314624996,3.484035967844285
sata1237,aust1307,3.2703517548511254,0.0341094094856306,0,3.127075977955,2.704097766974785
saur1249,drav1251,-2.3647133847790736,0.05500778838817706,0,-3.9741335695625,3.22714931442723
savo1255,savo1255,-1.0916879842603575,0.04931380041128607,1,-2.7256308984524997,3.46599418235317
seda1262,aust1305,-4.4675523544096425,0.03169851554275333,0,-2.4090819400054997,2.8554420495562898
seim1238,aust1307,1.0740172394453484,0.023146796425314094,0,3.204085049745,2.8626550423879102
seke1241,aust1307,2.1195679316477594,0.03563529148517683,0,1.8651292620775002,2.75254454221455
sela1259,aust1307,1.1564837173613798,0.028452291943710954,0,0.38683598765,2.81922617610409
sela1260,aust1307,2.2265780746534265,0.03768882228041239,0,1.4456075007459002,2.842704505942005
selk1253,ural1272,3.059758574576469,0.035815503304630264,0,3.2711037184995,3.1110335008267853
sema1266,aust1305,-0.6312174188464177,0.03999903534858956,0,-1.62384414619,2.746504106115765
sema1265,aust1305,-0.7955836503526285,0.03178817537449268,0,-1.3886184071279999,2.752967073921345
seme1247,aust1305,-0.43041001245313265,0.030690004768549963,0,-1.2873368638275,2.75073740787142
sene1264,iroq1247,3.40310670258434,0.03685288042598701,0,4.5711077172875,3.4955892358837097
seng1281,aust1307,1.900197667831161,0.03950305359040679,0,3.2634131326525,2.8424410703254503
nucl1632,sent1261,-1.570437645369494,0.039055000232561345,0,-2.606438170965,3.310430440679215
sout1528,indo1319,-2.3756289174447582,0.023387185313161953,0,-2.9694116510125,2.8942096345354553
seri1257,seri1257,3.053141854204486,0.03659717134967642,1,3.705175362537,3.6156122360515752
seve1240,algi1248,3.651820265557704,0.03340149366930687,0,5.0387399021345,3.4753576500727696
sgaw1245,sino1245,-1.1176048125660354,0.033407753564557094,0,0.6526625634802501,2.814307135964895
shab1252,shab1252,-1.5693910675358878,0.04325780880655264,1,-2.83180153512675,3.864821804167825
sham1280,atla1278,-0.7482139563449182,0.032076982835767896,0,-0.40504495878275,2.742328626336215
shan1283,pano1259,-3.2382559821621695,0.050939665034530714,0,-1.69465172895775,2.80889704862081
shaw1249,algi1248,3.7694401103536803,0.04524730382200834,0,5.03097302995,3.469928526686335
biao1253,taik1256,-4.100490260475461,0.030880281064833457,0,-2.648111978996,3.243762047750015
shil1265,nilo1247,2.0640794280059906,0.059767758351728394,0,3.7445678194000003,3.280713335304405
ship1254,pano1259,-3.312776484932479,0.03710185877792302,0,-1.592737306604325,2.849035280808685
shix1238,sino1245,-1.7762529469677482,0.023046532792725984,0,-0.379358712575,2.805235400958685
shol1240,drav1251,-2.4819322094580887,0.03061452704964511,0,-4.03128463716,2.958403318475325
shon1251,atla1278,-0.955387518106812,0.033020851990247124,0,-1.24359166361375,2.800779086279725
shor1247,turk1311,3.441687090253323,0.03218174333716467,0,4.2234588576725,3.0809003253613447
shos1248,utoa1244,-0.7571443977342462,0.05311176620568091,0,0.07519134239375,2.83399328548234
shua1257,jiva1245,1.8844436671575855,0.05978239273320026,0,3.430863346224,3.1810831041906553
siaw1243,amto1249,-1.7321164027855698,0.027644201284460202,0,-2.38021073316,3.360817695628185
sich1238,sino1245,-2.4181725938135346,0.02012468955918998,0,-1.721557667158,2.8096562595609003
sici1248,indo1319,-2.2585570031660573,0.027666203820035262,0,-4.096538029925,2.95865573204461
sici1249,atla1278,-1.2757521167092594,0.0490666296412157,0,-0.16518132502625,2.8293855169587
siee1239,aust1307,1.4964284687795626,0.042913843851388515,0,1.732557191885,2.77138404262507
sier1250,otom1299,1.8828412717789362,0.024847309344318655,0,0.987257635425,2.94236585759662
sier1248,utoa1244,2.9101166335243676,0.03579980058111831,0,3.8376324985225,3.09095241304257
sika1261,aust1307,1.0533579449005117,0.03418505139385454,0,-0.88148961152175,2.720028780272445
siks1238,algi1248,3.209332039947263,0.04593438811870868,0,5.0735231412575,3.48971342449574
siku1242,aust1307,1.701034414035394,0.03074912460546928,0,0.869826790848,2.7914863619765997
simb1256,aust1307,1.7379171245346328,0.03185069575049154,0,3.534178720306,2.810563707801345
sina1266,aust1307,1.6463149631513034,0.04338046240693856,0,2.89501276123625,2.748650404499535
sioo1240,aust1307,2.5905716338979023,0.044746986396247496,0,3.23552612072275,2.84610446567166
sion1247,tuca1253,-4.024606248063046,0.038988992338508256,0,-1.4631797679,3.199467164883485
siri1273,tupi1275,2.9591550083310394,0.03781147918500261,0,3.1642575101475003,2.9690574179845948
sile1255,nucl1709,0.6576679328145629,0.04187338228967019,0,0.6506834415114999,2.865366829202645
situ1238,sino1245,-0.5066104887372428,0.0319795872214558,0,-0.254383250525,2.82053236747178
skol1241,ural1272,0.529633058095034,0.026102698749513625,0,0.459483072281425,2.774410711743935
slov1268,indo1319,-2.711034275403661,0.0208880108199191,0,-2.97627796730875,2.907770027593555
sooo1254,aust1305,-4.085274566024783,0.03915347038469544,0,-2.32863351793125,2.82687577358476
sobe1238,aust1307,1.184691769808067,0.04380521381561416,0,2.7459801651165003,2.8530968510983
soch1239,otom1299,0.2132785017295496,0.040763360962473905,0,1.6484876544675,2.99991763065455
soga1242,atla1278,-2.3229547126297154,0.029059638564644902,0,-2.8129850529900002,2.8462664448237103
soli1239,atla1278,-1.2600043516905437,0.02818611230580619,0,-1.79784602167925,2.8112055418266797
sons1242,aust1307,-0.1320033226978653,0.025826256515699197,0,2.8002673213625,2.6811285036333548
sout2859,aust1307,2.0091080503109833,0.01843717938988251,0,1.9526113309175002,2.76823169953555
sout2976,utoa1244,3.0835169590413383,0.04769180437557018,0,3.719077241652,3.0952275087993
sout2856,aust1307,1.6345363449510755,0.042301478319815046,0,1.9238808196225001,2.760373101818205
sout2954,japo1237,-2.0515872324896445,0.018942860714717572,0,-0.8855419734625001,2.9308597749072
sout2996,ayma1253,2.4619221906595596,0.043849957445388,0,3.0195826059162503,3.287014308397095
sout2730,sino1245,-2.271882153485498,0.035816321283208774,0,-1.58262266932425,2.821764640813075
raro1241,aust1307,-2.584044074987296,0.017899116617735553,0,-1.243996788225,2.68133071241635
sout2715,sino1245,-2.2437581980568457,0.04322699414265026,0,-2.6755140678615,2.9069079114432
sout2826,krua1234,-1.8153297405678348,0.03817962347007619,0,-2.3298572000015003,3.060855048631255
sout2956,haid1248,1.6909321819812868,0.03615518315163502,0,4.6918623385725,3.546137784932655
kach1280,sino1245,-1.4711053504980696,0.03338853768483582,0,-1.957168336705275,2.839302288978755
sout2994,namb1299,2.9539545525413624,0.03161120723005943,0,3.2296200245625,3.326644934257625
sout2649,indo1319,-0.2937757006987166,0.03691460726931696,0,-0.4391407109775,2.9966648881802
sout2729,sino1245,-2.0353760771091487,0.013429189357381393,0,-1.741716198125,2.83348828302916
sout2728,sino1245,-0.8144426811470404,0.017048931747576438,0,-1.8943190250800002,2.8109990128571347
sout2918,aust1307,-1.4049621512481192,0.04034603388338906,0,0.60461032765775,2.708760275716015
sout2985,miwo1274,2.556836803971418,0.024662646511180945,0,3.9969367463175,3.595693571922645
sout2807,atla1278,-0.8549170452432122,0.03309553041251133,0,-1.6791264894092501,2.7694657152948947
khan1277,sino1245,-0.6950038261102804,0.021071333514734933,0,0.34785174732199997,2.78380276073511
sout2679,ural1272,-0.19549065249160014,0.03133764517612657,0,0.783376865575,2.8284765961732052
sout2782,atla1278,-0.9774185639063676,0.04700027843756942,0,-2.419399356805,3.05533070858201
sout2895,aust1307,2.243194402565731,0.04557105340010176,0,2.0538884477490997,2.83990978675238
sout2674,ural1272,-0.31641481779572556,0.02744120869701901,0,0.551502719375025,2.73484275321379
sout2959,atha1245,3.7553408428936823,0.03643377518484224,0,5.1523113245875,3.46826879464032
para1301,aust1305,-2.4281091746339873,0.017661253292967305,0,-1.91412123338825,2.77401039090306
sout2869,aust1307,1.6424735561476713,0.0416223482175164,0,2.199590762365,2.75700912007383
stan1306,aust1307,0.2357002004674255,0.03174870736952667,0,1.0038477630567502,2.6642407736172
horp1239,sino1245,-0.7913743798821352,0.021379210625192765,0,-1.26603126225,2.79033369532536
suba1238,atla1278,-2.2901261426502844,0.022395611167410377,0,-2.7800537474481,2.85714019860939
sude1239,aust1307,3.0397172114935787,0.03477831336586716,0,3.0532458865075,2.806533178271125
suku1259,atla1278,-1.486370244218317,0.030528438188547773,0,-1.7716025426100002,2.841696637403395
suku1261,atla1278,-2.291357492393232,0.02329778708098482,0,-2.2623538870965003,2.86797046689805
sumi1235,sino1245,-0.6469327857386917,0.018008888055663107,0,1.26495867031,2.77319316973837
mari1426,aust1307,2.3689895076996876,0.018006425742287845,0,2.75341222803875,2.8375087547872297
sunw1242,sino1245,-0.5270762050410909,0.02253161538511543,0,-0.416247772186475,2.74952064684267
supy1237,atla1278,-1.0228078780188499,0.04359835407959597,0,-0.006524949010250001,2.830943557728915
surg1248,ural1272,3.0922037148756463,0.028999898405311676,0,2.9846908614,3.04272228902345
surs1246,aust1307,2.34362103210469,0.030753212425705806,0,3.42043389078,2.8589516913271202
suru1262,tupi1275,1.4361205743282026,0.04377638475039703,0,3.49409694847425,3.0690758120357353
swah1253,atla1278,-0.873743004473904,0.03341874170853135,0,-0.5466632076515,2.7733865486641953
swed1254,indo1319,-4.028888354183608,0.032764708650363725,0,-3.6957429154200003,3.0478267742110647
taba1263,nort2923,0.5146493955764406,0.04785500610762736,0,0.40837170334999995,2.895138851840345
taga1272,aust1307,-1.071541200322359,0.06988880257680917,0,-0.1422980367875,2.709857664313435
tago1246,rash1249,1.2326284842674649,0.04222934564333019,0,3.1505512713425,3.499241914474975
taha1241,afro1255,0.8503285858095005,0.02555892672698718,0,3.1176729756045,3.09312773679353
tahi1242,aust1307,-2.5218067237983894,0.029869148025479013,0,-1.259521522427825,2.69223718221436
taia1239,taia1239,-1.0004472936828837,0.04176342051984745,1,-3.04591549244725,3.3232045406827053
taji1246,aust1307,-0.12656235045559228,0.0491020293123347,0,0.7856806557855001,2.7529334331973
taku1257,aust1307,0.9915931935550408,0.0442912850352349,0,-0.9924890227925001,2.72578575709365
binu1244,aust1307,-1.2608951939460677,0.049570450310148104,0,0.03861903568725,2.704998113608175
tali1259,aust1307,1.8238684321799428,0.02656145731227239,0,3.276236028595,2.84990814549451
tama1331,tama1329,-0.8470623776372287,0.04988840715544055,0,-2.7760988633225,3.679867626047375
malo1243,aust1307,2.6459429683664104,0.043011844941206814,0,2.925402947775,2.836201315808805
tama1365,afro1255,0.5452666864390501,0.027324945233681334,0,3.143237200095,3.08608884477564
tamb1254,aust1307,-1.5895325145569292,0.04260509276062933,0,-0.21684134403825,2.751499333725925
tami1290,aust1307,2.271303084852934,0.033760862530482584,0,3.2297011683775,2.836580406380055
tami1289,drav1251,-2.4414909358998003,0.030281348061721034,0,-3.9666324282909997,2.951068503638685
tane1237,aust1307,1.89623115477703,0.03630325743049732,0,1.0905567710650002,2.814188570033995
tang1377,sino1245,-1.9650760264396263,0.03786879324037491,0,-1.0119675963445,2.7957884338394097
tang1348,aust1307,2.188402199408781,0.039186339361041676,0,3.43193366136,2.83238969138475
tang1373,sino1245,-1.175130650955772,0.02844517851574999,0,-0.4835540876725,2.8045929676328196
tara1313,sino1245,-0.15259175673944225,0.0321709270397253,0,1.021671046920225,2.7992573277393102
tata1258,otom1299,1.7531378926346703,0.051088378779995294,0,1.374834670770475,2.963365793940405
tata1257,aust1307,-1.6122504697697617,0.04123661686555778,0,-0.43913055392,2.794241123723645
tata1255,turk1311,3.8108631278370604,0.05003937016346234,0,4.191828634344,3.087404435807075
taul1251,taul1250,2.1433868371253677,0.053229031396610456,0,0.32103243493,3.343972133321965
taus1253,taus1253,1.1881067839201105,0.039360496577669345,1,2.2532101943655,3.36467490309368
taus1251,aust1307,-1.5336565064462797,0.03868105593114509,0,-1.0554393875649999,2.707717723889815
diga1241,sino1245,-0.42566035103593736,0.03897687008417056,0,-1.47417513722425,2.841003725814975
tbol1240,aust1307,-0.7677490576216943,0.018791790751093104,0,0.616134223857475,2.758187801460015
tean1237,aust1307,2.0430829587748516,0.03268098444667798,0,1.840605608139675,2.829687123445085
teda1241,saha1256,-1.1265337258202766,0.024678178220143242,0,-1.5985330759,3.058777141178735
tedi1235,sino1245,0.8678368407232278,0.04065938706770804,0,0.1374232781825,2.74910581409849
tega1236,rash1249,1.2110271774517043,0.043234407099409664,0,3.15470124435225,3.497820079634745
tehu1242,chon1288,0.5386823075254844,0.04180161855843586,0,3.44794431512525,3.34878550895569
tekt1235,maya1287,3.8243047353850512,0.048779415122358755,0,4.3098979368000006,3.4126109607137654
tema1239,utoa1244,3.023879610538149,0.034583255368027276,0,3.8388020532785,3.085214517050355
temi1246,aust1305,-0.6129569077295146,0.037314584633137506,0,-1.30073709703,2.74196876365348
temo1245,otom1299,2.462992622815905,0.036952975197025395,0,2.5627438530625,3.0623909319263003
temp1235,aust1307,-1.677710730327508,0.045309780361153226,0,-0.112449627760425,2.73890953305817
teng1272,aust1307,2.47495859879311,0.028973240815330724,0,1.5179671588325,2.87280314140667
tenn1246,surm1244,-1.6311250272825246,0.02382827395634017,0,-1.25553908159675,2.956300777081325
teop1238,aust1307,1.883116110563104,0.032770554187799526,0,3.332729848215,2.853576607978575
tera1251,afro1255,0.8246434418485054,0.033127084117964806,0,0.1747248031575,2.779818424847865
tere1279,araw1281,3.345665168091645,0.02920002282291182,0,3.4438885839125,3.088273432878935
term1237,aust1307,1.2282052946548796,0.04492210418093482,0,1.867599697173175,2.8125601196540897
tern1247,nort2923,0.5110289735526106,0.053142691657226605,0,0.423576024075,2.9836687535743547
tete1251,utoa1244,3.072197999164115,0.032981152293580854,0,3.851358783785,3.06176130649997
tezo1238,otom1299,2.2344701924900914,0.04004530188284064,0,2.9811482774174998,3.09786493925956
thad1238,sino1245,0.9494727190497192,0.02729190597488201,0,-0.192197769616,2.7476546813061953
thak1245,sino1245,-2.0932233278423156,0.034284431426295434,0,-2.7264101062365,2.8816979568875203
than1259,sino1245,-0.8143753325053348,0.02071455309118184,0,-1.4129845221175001,2.7927250767922347
thao1240,aust1307,0.30255050009234286,0.04010535460513697,0,1.1238022118975,2.9363382836073297
thar1283,atla1278,-1.9184318202494626,0.025341392851572733,0,-2.6537320669874997,2.8595472739946297
aheu1239,aust1305,-3.9050633977754274,0.029128898501324964,0,-2.272938403583,2.89541218305409
thul1246,sino1245,-0.03606633857855785,0.01949648472087218,0,-0.3807430121675,2.76228300239649
tibe1272,sino1245,-1.9607380381939041,0.04557228975988458,0,-2.75457727574175,2.8762125744996654
ticu1245,ticu1244,-0.7155728163773989,0.03764981643344015,0,-0.5952263877015,3.2261349356384246
tief1242,atla1278,-1.6091035803696854,0.03295042058152868,0,-0.51182889796,2.85252637920471
tief1244,atla1278,-1.5665358211055125,0.030138503574450637,0,0.0184714930735,2.8552399457112703
tien1242,atla1278,-1.8515269428447967,0.0318369523517607,0,-2.5578431876017502,2.943918692099275
tiga1245,aust1307,2.3028222689878453,0.035125610876924174,0,3.43215447722525,2.88485320087732
tika1246,atla1278,-0.5323230073818519,0.03684277554961808,0,0.0304132679075,2.91928526874431
tiko1237,aust1307,1.34252560621985,0.03766203560092233,0,-1.23676023819075,2.6901756017102247
tilu1238,sino1245,-1.9459537399958151,0.0280214679010656,0,-0.635589733864,2.7746016962849
timn1235,atla1278,-0.133119309151104,0.03982651821852914,0,0.39029318368775,2.763628386581965
timu1262,aust1307,-0.28530027792331125,0.05121058066628187,0,-0.634197005602475,2.80120184426405
tina1248,aust1307,-1.630376850382595,0.029878092864571982,0,-0.598133325248,2.7790412937137052
maee1241,aust1307,2.4741657476847445,0.033630786065014365,0,2.2427747286094997,2.78724302484263
tiri1258,aust1307,1.0591697586643587,0.040217478567893414,0,1.9740584376624999,2.77492324432396
tiru1241,aust1307,-1.0010004027563677,0.04229820380805602,0,0.0335491593935,2.736994724532345
tita1241,aust1307,3.1693574199599084,0.03844285616850648,0,3.1781834845625,2.863208443603355
toab1237,aust1307,1.669118694405811,0.03213542821704702,0,3.6643851992225,2.83145678395653
toar1246,nucl1580,-2.7680276708472515,0.03144811102641985,0,-2.4816987628074996,3.4216903835275847
toba1268,leng1261,2.4768000952482865,0.02620175548552484,0,2.67650194933025,3.363656411561635
tobe1252,nort2923,0.6399675228727448,0.04029932495020765,0,0.474422709443225,2.923373166158815
toda1252,drav1251,-3.8674008762500915,0.03470462191945725,0,-3.8815336680000003,2.9686352045863797
toho1245,utoa1244,2.39598413006333,0.053765443706432,0,3.78400656142,3.0662750767166447
tojo1241,maya1287,3.8766951266768848,0.050036230000527586,0,4.3284227299025,3.4122117807054853
toke1240,aust1307,-1.2634228466301969,0.032711270779880806,0,-1.34170381035225,2.69312796246075
tolo1255,aust1307,2.8151083754626076,0.04147750039066163,0,2.86548756725,2.84687334645549
tomb1244,aust1307,-1.6884707506077294,0.03795515938637054,0,-0.5372517083745001,2.78600017591065
tong1325,aust1307,-1.701848380705182,0.027456096744746788,0,-0.8451861633635,2.71548214668256
tong1318,atla1278,-0.9628355426481883,0.027742974045023946,0,-1.42510218355975,2.787963043533365
toor1238,atla1278,-2.3598368127371776,0.035115980824801954,0,-2.8936003191474997,2.83109131067478
tora1259,aust1307,1.709259248707855,0.028491460195879056,0,3.193999743565,2.761847414007355
tote1238,atla1278,-1.4568334180165317,0.02636968137389651,0,-1.9763607305975,2.81874080568692
toto1302,sino1245,-1.767388472468752,0.03195903370871749,0,-1.5015377678442499,2.8440457457237303
touo1238,touo1238,-1.1278786389796198,0.04689486474638007,1,-2.64075586638875,3.46097770162506
trin1274,araw1281,3.4408364818878847,0.03849223554788228,0,3.4188232240075,3.1006642514149547
trio1238,cari1283,3.869432886693636,0.033930756340733996,0,4.133380524894999,3.1843434362561
trum1247,trum1247,1.8396787884986563,0.027651841339833467,1,3.5902122363175,3.295313751246355
tsam1247,afro1255,-0.15968702584214986,0.020482312467289602,0,0.09198568384485001,2.762324446078305
tsat1238,aust1307,-2.2951216322317816,0.04153885728321719,0,-0.1228093092725,2.727078187004865
tsha1245,sino1245,-1.7321870237027237,0.0348499794932398,0,-2.5634103402925,2.93419664081499
tsix1234,khoe1240,-2.2665022711709715,0.028333615567982175,0,-4.8126442764499995,4.283385703268236
tsog1243,atla1278,-2.3282440112238865,0.03144476247164914,0,-2.3737262835187,2.958717962978035
tson1249,atla1278,-2.061593677908344,0.03466894400148727,0,-2.5231106824145,2.821478110299465
tswa1255,atla1278,-1.5412315229572893,0.02558762223894053,0,-2.5308141317415,2.8212962625555402
tswa1253,atla1278,-1.7218944659558622,0.02691920942706503,0,-2.27879884636925,2.79241869997351
tuba1278,utoa1244,1.932908208748474,0.04762270317031668,0,1.560488442754405,2.9455878624463496
tugu1245,aust1307,1.9551317180974164,0.03435140978641268,0,1.91788624319,2.8113328131250253
tuka1248,aust1307,2.1357699849885003,0.03519677646990206,0,1.7251542539632498,2.828605974063675
tuki1240,atla1278,-0.9523031419348427,0.03456759154183422,0,-3.091995460771,2.97834321464806
tula1252,atla1278,-0.5904311616818154,0.03125957374412322,0,-0.32477950889975,2.8589374589586702
tulu1258,drav1251,-2.6510283135341006,0.03872664139796481,0,-3.9859919871275,3.0079897536166147
tuml1238,aust1307,1.1842107467241147,0.038639693666005004,0,3.125735819215,2.8617776038718397
nene1249,ural1272,2.972395761077343,0.03455162659810949,0,3.3708466416375,3.0903647941444747
tune1261,atla1278,-1.546133399824865,0.021150587562457766,0,-3.0165797778525,2.97255319420651
tung1290,aust1307,2.2770063845089483,0.010244307381545163,0,3.442438891119,2.85954260297027
tunn1238,afro1255,0.5657394955259157,0.016555514633608336,0,1.19308965331,2.7622607812102498
turk1303,turk1311,3.7978963386976585,0.05766947868652809,0,4.1425834631995,3.08401575649407
nucl1301,turk1311,2.7603909064479826,0.05077798453929405,0,4.212037433372499,3.069888994512275
turk1304,turk1311,3.4027539448130346,0.052377712080771924,0,4.20370080071,3.0814265260922697
tusc1257,iroq1247,3.3940496263753355,0.03120703911414251,0,4.6408821629000006,3.50021996319445
tutu1241,aust1307,2.6220164973799402,0.03740853775741821,0,2.9606355638505,2.82224766979164
tuva1244,aust1307,-1.4825951825503791,0.037752107053634465,0,-1.2099719310269998,2.7008158750560103
tuvi1240,turk1311,3.428138704451625,0.03549798559020387,0,4.178614840682499,3.0789809296384
tuwa1243,aust1307,0.2803650957470589,0.04197628501108251,0,-0.2221580065725,2.726342501176215
tuwu1238,atla1278,-2.24414937724836,0.04144550632681214,0,-2.62470223243825,3.006439866933285
uuuu1243,aust1305,-3.2254578424376725,0.02688195219480768,0,-2.046328816796,2.78294092034522
ubir1237,aust1307,2.31172428291941,0.010298633988606073,0,3.3119797236575,2.85738350840001
udih1248,tung1282,2.78553706119519,0.02597343065365146,0,6.42944599368,3.647435064623825
ughe1237,aust1307,1.6991495248805735,0.03213758913466505,0,3.5700936143475,2.81686034584159
ugon1239,sino1245,-2.546599278978576,0.030240728622882452,0,-1.6091023981405,2.89176719788761
ulch1241,tung1282,3.2238108159271706,0.034127622326543094,0,6.44092992646,3.62776450720661
ulit1238,aust1307,1.4471008014800357,0.026624158527161226,0,3.0136468299037498,2.6930208851933948
yaul1241,kera1258,-2.158915749703354,0.0510294070877876,0,-2.191065394998665,3.412833915511555
umaa1242,aust1307,1.7791902289561587,0.04547938319588167,0,1.8332080356366651,2.847397758365795
umbu1257,atla1278,-1.4239397336439215,0.03095213861139737,0,-1.8219933181124999,2.872789389318805
umbu1258,nucl1709,-0.630664691541549,0.05005723159692434,0,-1.44804303293725,2.810525348463395
umes1235,ural1272,0.3148786575472824,0.01694037363283138,0,0.6895349250275,2.74029763361702
unua1237,aust1307,2.233979878400602,0.03331683041380127,0,2.2519572929375,2.7673209416081352
uppe1427,aust1307,-1.5510279587909952,0.048310903617894994,0,-0.546500325336,2.77981547631822
uppe1275,toto1251,3.7785923723482004,0.0418660265582313,0,3.6687290164024997,3.3494265761268602
urak1238,aust1307,-0.8472883082838936,0.039953238709838496,0,0.8119603209916,2.668976294258525
urar1246,urar1246,1.4156565162612074,0.03280395080978962,1,2.539305829875,3.40987558064969
urav1235,aust1307,1.3747938064707979,0.037541228626609274,0,1.37999591727425,2.7730826484199653
urim1252,nucl1708,-3.6251619212857347,0.05562451376120548,0,-3.1909398026125,3.400192777360225
urip1239,aust1307,2.440091817357696,0.04285379773140565,0,2.12031405236975,2.8131692226310454
urni1239,giim1238,-1.1090267523629085,0.05117527917645522,0,-3.142532199695,3.3146026289579
utes1238,utoa1244,0.7721978305556932,0.03254602732021389,0,0.10725667841905001,2.8639478650694903
pile1238,aust1307,0.9278222021620159,0.031241683450782563,0,-0.31960985775274997,2.70552263632703
veps1250,ural1272,1.1572872751778944,0.026913939274638657,0,1.4194458707925,2.73932462409237
vera1241,aust1307,1.2143841735845091,0.027475725156089495,0,3.066201994555,2.80891891829432
viem1243,atla1278,-1.3191012029513796,0.04054969717753886,0,-1.4489682742675,2.8753798768438497
viet1252,aust1305,-4.061008331168599,0.033231061610020304,0,-2.25248017112,2.9001742583574153
vunj1238,atla1278,-1.5439929609869445,0.025787138900504283,0,-2.66708252032,2.8625349866333902
vure1239,aust1307,1.2082911522382276,0.036222124680950145,0,3.0118659015225,2.829414617219185
vwan1235,atla1278,-1.4022718350989836,0.03330798694077198,0,-1.6837953260925,2.781505199798675
wadj1254,wadj1254,-1.1469169741415706,0.054537128407928036,1,-3.0938247081515,3.357340876282085
wage1238,wage1238,-1.1981709895159796,0.05349797237111416,1,-2.9364980873735,3.3678696464529647
waig1244,aust1307,2.1033984563454737,0.044160979506815225,0,2.1960699766027503,2.875656063469365
waim1251,aust1307,1.4455893538272688,0.021006592171325198,0,3.12505115052825,2.76377137870673
waim1252,aust1307,0.48621668646041527,0.03396588748624195,0,2.2739119109,2.780111330468525
waim1253,cari1283,3.5482755459379636,0.05101478411853006,0,4.09331564933,3.21636881876139
waiw1244,cari1283,3.628140929134709,0.02784493938712825,0,4.1464206111425,3.187922796048375
waja1259,atla1278,-0.6644878614999475,0.030178249760829067,0,-1.0654822975079998,2.836999904693105
waka1274,pama1250,-2.81003511761182,0.05992169107958268,0,-3.596307081585,3.18601218560634
wala1266,aust1307,1.7767252545756116,0.03515200101301194,0,3.6511489862675,2.842550573431965
wamb1257,sino1245,-0.5195418926901074,0.024278564968206195,0,-0.821969673552,2.749674222481915
wand1278,afro1255,0.9407608534158184,0.04959012177249641,0,2.4256896030605,2.787169994713325
wand1267,aust1307,1.764261260042924,0.03739118513981031,0,2.18898365950175,2.89150629109057
wanm1242,pama1250,-1.3147700562393823,0.041461940610337186,0,-3.2063772064575,3.0000986842032153
saka1289,aust1307,2.7586073857732814,0.021667281839745676,0,2.90020811598475,2.852135808304805
wara1303,wara1303,2.2405486754217856,0.03739568042896427,1,2.90832943942,3.435826094244135
wara1300,aust1307,-0.4558087610468956,0.03689553170131657,0,-1.3193181777474998,2.68710548844284
ward1246,yang1287,-1.1973327561313112,0.047563076273203025,0,-2.9913611765992503,3.3621030584110647
ware1255,araw1281,1.7521782081346253,0.030878344933405716,0,2.21024533040775,2.99288602528129
ware1253,aust1307,1.1799575812736858,0.0386729452226692,0,1.5218965606450001,2.800795620488935
wari1268,chap1271,1.4568619073211575,0.0483243176833781,0,3.20604846195,3.28975592404875
warj1242,aust1305,-1.7999702999139289,0.01935525094757356,0,-2.2326923242400003,2.81311168723715
waro1242,aust1307,0.8410850946493159,0.04407614901897557,0,0.8211926162625001,2.7966669000018847
warr1255,pama1250,-2.9588848276818136,0.03679632537056516,0,-3.7466327925675,3.1829213338871147
waru1265,pama1250,-1.9214978945799865,0.06503078833000947,0,-3.0641261710374996,3.00862215395228
wash1253,wash1253,2.2288891691978776,0.024601186405362477,1,3.664663391235,3.625315802596445
wawa1246,atla1278,-0.9680703745441608,0.03329679256250617,0,-0.5007516037774999,2.91744963988926
waya1269,cari1283,3.927666188051245,0.03866488256896516,0,4.157952753637501,3.1763541241461697
wayu1241,sino1245,-0.6577742844254766,0.03609384776800596,0,-0.592786055395,2.748544352809375
wayu1243,araw1281,1.6766516743342668,0.03140662644787996,0,2.7799079182075,3.08196588436059
weda1241,aust1307,2.6314069797239665,0.03367739578867256,0,3.26717932174725,2.890608781292665
wels1247,indo1319,-2.0874819286442827,0.017239485645904395,0,-2.923988481449975,3.001086654778455
nort2864,aust1307,2.236213749957723,0.040260685398375656,0,2.0055727805775,2.8478065812065
weri1253,kuni1270,-2.0823173455158797,0.06159734354036791,0,-3.4562117880975,3.25593573328133
west2560,aust1307,-1.4890429751216483,0.03636894184470349,0,1.312954696961,2.73248078721172
west2548,aust1307,1.9036676536265884,0.03771727963930015,0,1.673807552695,2.84189841535457
west2615,atha1245,3.2031892374908,0.061226069296867365,0,5.1431601196775,3.46435929750751
west2441,pama1250,-3.0549021126906215,0.06070678116006119,0,-2.8659281824444998,2.991588491354575
west2397,aust1305,-4.066747239525225,0.03855850260306123,0,-2.331940237773,2.8249654016277947
west2555,aust1307,-1.2106068850871168,0.05073245972846925,0,-0.17834747476975,2.7137918078783
west2618,eski1264,3.255090138700054,0.020207516257828715,0,4.819579067995,3.58580009547838
west2650,aust1307,-1.8492035308791122,0.03194847408690506,0,-0.02139761503425,2.77916712483669
west2594,nucl1709,-0.47478172191329693,0.03205511991974391,0,-0.0196268169475,2.835772354236175
west2778,utoa1244,3.020691449794371,0.029178171661852256,0,3.8543228587517753,3.0800467449257702
west2369,indo1319,0.6696218405938601,0.04092234664318031,0,-0.434345674955925,2.9749679478689997
west2519,aust1307,-0.0539476536441556,0.035348176930172365,0,0.7613243100605,2.728214659477575
west2354,indo1319,-2.8120717646824094,0.01624258883598886,0,-3.7524516324945,3.0010164272874453
west2644,otom1299,1.7285902397303077,0.0341540715659624,0,1.219481223842625,2.9360751347573
west2624,utoa1244,3.1642556138370246,0.03765376636250048,0,3.841470143278,3.096578672412615
west2466,atla1278,-1.6207097847479597,0.03715979382764817,0,-0.59088304446675,2.86669143001475
west2632,kere1287,2.149916491695236,0.037187331978107606,0,3.86371034588575,3.574897017723425
west2396,aust1305,-2.2676701373010064,0.022338316227073045,0,-1.9097925488375,2.7622944795662248
west2418,sino1245,-0.43592027205063677,0.03479062047617359,0,-0.6514739069037501,2.76681489623686
west2392,ural1272,2.6652465948464767,0.024784482542404486,0,2.44685022750725,2.967396343566045
west2763,afro1255,2.2401820208963397,0.02901335496333883,0,2.89438097064175,3.011778911961585
west2557,aust1307,0.38730594816276404,0.04740851986366926,0,0.7302738520375001,2.7177876437582302
west2415,sino1245,-2.2739574093793884,0.029988268406999596,0,-2.71388959007,2.89884186589186
sanj1284,otom1299,1.9725429605287108,0.04456384020950368,0,2.08490657964,3.0174059753769598
west2430,hmon1336,-3.918102808201493,0.022013897656018643,0,-3.138776434107,3.2823986099912847
west2600,nort2923,0.44730049599471056,0.05135865031467026,0,-1.2095386579505,3.013374396319545
saka1291,aust1307,1.5860323411924635,0.02331208152449615,0,2.15603110077925,2.80616241743759
west2538,aust1307,1.0276305102456074,0.03402987653468286,0,0.6466431137347499,2.760901218731015
west2516,aust1307,0.8341205658036119,0.023255828577997333,0,-0.9976680687665,2.6962276985988147
whit1269,aust1307,1.6164529259711964,0.03331600311714917,0,2.0872466894255,2.738741219197885
wiru1244,wiru1244,-1.4887541561840578,0.04334009092605081,1,-2.6522251800895003,3.3746707400759153
babi1235,atha1245,3.832451657984544,0.03634053588690844,0,5.1488299971525,3.47264741305278
woii1237,aust1307,1.390317835581222,0.021031427084179072,0,2.2183805493425,2.874694606655335
wola1242,gong1255,-0.8238912171000145,0.037317238034798965,0,-0.888133102355,2.83921919338618
wole1240,aust1307,1.7783950287472226,0.031697965858554986,0,3.1383670957625,2.68722084179735
woli1241,aust1307,2.049693186136965,0.057390798779134694,0,1.90258939358,2.791180191372055
wood1236,algi1248,3.7608589115583575,0.04302065814218624,0,5.0147302117925,3.474936732119895
wotu1240,aust1307,2.0214733084860788,0.0398960913625791,0,1.8982083933675,2.795887133340605
wuch1236,sino1245,-2.472706804975955,0.03108849950361944,0,-1.4800061118149999,2.86247381129414
wudi1238,sino1245,-2.820701551232651,0.028635975546622085,0,-1.733256084991,2.81071053286422
wusa1235,sino1245,-2.7649958974108086,0.02710896041036331,0,-1.72930019536,2.81156033062418
wutu1241,sino1245,-1.5465881018172078,0.041086777526942245,0,-1.076040368444,2.820042535951405
wuvu1239,aust1307,1.8193118031504947,0.036826280531527776,0,3.07364169689575,2.882750331492155
xamt1239,afro1255,-0.9358052421678777,0.02742757969663411,0,-0.6726590981275,2.81543799235078
xara1244,aust1307,1.151575787611482,0.031388940785520916,0,2.45374885041175,2.7888527504342697
xhos1239,atla1278,-1.1311814105312537,0.026753651319130604,0,-2.5209279483815,2.83222624079019
xish1235,sino1245,-2.4400313768257664,0.023094224356765055,0,-1.6694883380425,2.827120250145585
xokl1240,nucl1710,0.9289513202243536,0.031532921047180695,0,3.1258464969200004,2.96450084354006
yaak1241,afro1255,-0.6487689979071031,0.026345279593003635,0,0.116965293391,2.7732157802641346
yaey1239,japo1237,-1.892801945890421,0.021884087397719233,0,-0.09945419090999999,2.866597419639975
yagu1244,peba1241,1.2639808670830925,0.044317036642716676,0,2.316004217705,3.3450094231364
yaka1277,aust1307,0.38997665173022,0.0295193492457415,0,1.3362488542192499,2.8052261136619547
yaka1269,atla1278,-1.3133385403789892,0.029998850784798987,0,-1.372179144215,2.838431834949125
yako1252,atla1278,-2.0984390104902815,0.04101960519592814,0,-0.7603061681375001,2.8271441868772653
yale1246,yale1246,-1.7114071638815207,0.022843887618723684,1,-2.6182062017425,3.44970358086797
yami1254,aust1307,-1.238823792770639,0.037219690707587814,0,-0.6809110279335,2.750570311751275
yami1256,pano1259,-1.4131508043178145,0.040702154568996306,0,-1.7356312528475,2.79616902259183
yamp1242,sino1245,-0.3329962213531168,0.017362823886410646,0,-0.6001788962361,2.792710046436975
yand1253,pama1250,-2.8056292779594374,0.060593510165077746,0,-3.1997591870504998,3.1397504954725104
yane1238,araw1281,2.646573783685672,0.0418166471594739,0,3.2142624992187496,3.16153961792796
yano1261,yano1268,1.7704677274178833,0.02692058354989682,0,2.4801885477467502,3.30847487129095
yaoo1241,atla1278,-1.8661496320691286,0.028241436723926542,0,-2.8341739685955,2.855892470724275
yape1248,aust1307,2.603561063988246,0.03939723028727468,0,3.162486334005,2.847912054044875
yaqu1251,utoa1244,2.692955006834218,0.04298442227165545,0,3.7441705957595,3.09164783883775
yare1248,yare1250,-1.0599489737658292,0.04928711046829134,0,-2.8376671383657497,3.387839541597085
yatz1235,otom1299,2.019677402747212,0.043968932662569474,0,1.6936606712025,2.949706323348305
yaum1237,nucl1709,0.7686237383912546,0.02906349036454155,0,0.453679795235,2.8017490701939396
yawa1261,araw1281,4.026560609485713,0.048338134427696564,0,3.2589097900275,3.1406605400856797
yawa1260,pano1259,-1.5686897284818788,0.04575636354439628,0,-1.727714666311,2.80403113573148
yawu1244,nyul1248,-1.0624993510751513,0.04752006821883685,0,-2.89782080985,3.416776955794795
yecu1235,toto1251,3.7294227029207843,0.023303254427463928,0,3.6638219312034996,3.36309847867369
yele1255,yele1255,1.6984061287255452,0.051240575728676324,1,0.5512280734755,3.3034349786445603
yems1235,gong1255,-0.5775942950072851,0.044037839531381705,0,0.56866652791225,2.867100344331235
yapu1240,nucl1708,-2.289075607630405,0.05691082890814769,0,-3.3656117172539997,3.34649479622276
yinc1238,aust1305,-1.8846659273394084,0.034851089816565164,0,-2.143917946319,2.77594737260337
yind1247,pama1250,-1.6394585850613717,0.07200286570438573,0,-1.9448606175604999,2.9208106896784347
yoga1237,aust1307,0.27373912568053027,0.03920449532197531,0,-0.70491551546,2.7186337775004397
yona1241,japo1237,-2.099665680737921,0.04491581596685914,0,-0.391394498365,2.86851010330754
yong1280,nucl1709,-0.29850805567032423,0.03367748267180885,0,-0.09267189776575,2.79515146337203
yora1241,pano1259,-1.1859329892400052,0.04215125755889624,0,-1.7451506626775,2.811013009225405
youl1235,sino1245,-2.4066365178736855,0.021670678175037737,0,-1.5597330187804999,2.8390549367841746
youn1235,hmon1336,-4.23666834515023,0.018610036979691522,0,-3.0984966020069997,3.299179647434215
yuca1254,maya1287,3.8163808027951127,0.0471210806330796,0,4.3354053046,3.40031073424659
yuch1247,yuch1247,2.7649086894133843,0.028098734942072066,1,3.7859435530247003,3.59526757339101
yuec1235,sino1245,-3.455626403000254,0.03450833579179331,0,-1.489415962165,2.8510977856195954
yukp1241,cari1283,1.7224711315940722,0.06158101469826275,0,4.042213959675,3.2080073676948198
yulp1239,pama1250,-1.468319881893733,0.05403782058159689,0,-3.1962291463312003,3.00828330306092
yuqu1240,tupi1275,2.8714177384172,0.04296890275192518,0,3.168665451605,2.96984232703519
yura1255,yura1255,2.6390483980561736,0.020924273698446214,1,2.876540750966,3.4414878961113198
gami1243,pama1250,-3.067324408091075,0.07038137575510249,0,-3.6800067413207502,3.18493796570499
zaba1237,aust1307,1.477773436909176,0.0354049244533873,0,3.202493804088,2.78427465828607
zaca1242,otom1299,1.608044021827452,0.026053362066918488,0,0.9262947735767499,2.943064898698085
zaca1241,utoa1244,3.2129788902859513,0.03298541769797121,0,3.8342044941025,3.090856353666815
zaiw1241,sino1245,-1.7884752320012036,0.020536087255827756,0,-1.9309570387325001,2.847022696151835
zamb1245,atla1278,-1.755885085825932,0.031119787068339008,0,-2.72185296353,2.9628084149845098
zani1235,otom1299,1.8577434725593716,0.03434419885003866,0,1.72415858734275,3.001381198089655
zapa1253,zapa1251,-2.156512649419194,0.038291498193880676,0,0.20389241249925,3.257237677771845
zarm1239,song1307,-2.0296879811067403,0.037664152145462475,0,-2.8102803635462497,3.69389748831564
zays1235,gong1255,-0.8311467484469536,0.05274944382513287,0,-0.5345608223975,2.8063245942051447
zeme1240,sino1245,-0.4692291272528619,0.02967285444007359,0,1.0853750033665,2.78201541124432
zenz1235,otom1299,1.7008797641346036,0.03605333680090577,0,0.57264441466,2.9668830977918352
zhab1238,sino1245,-2.16149708577033,0.020142718741906,0,-1.6891292643725,2.858381854040195
zigu1244,atla1278,-1.0474064769294182,0.03804781922227162,0,-0.3325713741895,2.73766749908806
zinz1238,atla1278,-2.372390109911473,0.023798624674628347,0,-2.8541286118649998,2.83835651574587
zoog1238,otom1299,2.0039685109108794,0.037009303639614216,0,1.6867184390999999,2.955825266939705
zulg1242,afro1255,0.6233905062127157,0.04396848106209362,0,0.968299662389175,2.7721348110315
zuni1245,zuni1245,-0.0111827985384451,0.05578915872313041,1,-0.2612628215195,3.280272601985745
