Glottocode,Family_ID,GPGLMM_3D_Mean,GPGLMM_3D_SE,Isolate_Flag,Verkerk_BRMS_Mean,Verkerk_BRMS_SE
abee1242,atla1278,0.8076479964031518,0.017202639789549376,0,3.2272567901955,3.98342896628778
abkh1244,abkh1242,-4.480301990188252,0.03411901485369613,0,-5.0762365499325,5.517322117611305
abun1252,abun1252,1.8132446293810593,0.011540546838673406,1,-0.8515948046724999,4.572320100952705
achi1257,aust1307,3.3607059641542905,0.023373272081511066,0,5.8706653449975,4.011399533023745
acha1250,araw1281,-2.748359444673297,0.005114134384470234,0,-4.52128769633,4.057194446302136
achi1256,maya1287,3.9311826006090156,0.017813035953915996,0,4.6221626594825,4.61893638343706
achu1248,jiva1245,-4.577359297633942,0.011724793519097209,0,-6.7839938646425,4.990219553289965
acol1236,nilo1247,1.333945510899812,0.014139833470147023,0,3.7819473380975,4.05438616530794
adan1251,timo1261,-2.0056750901962266,0.011107272134965042,0,-8.1341673672325,5.571907911870495
adon1237,aust1307,2.7799928895685273,0.027892202553451477,0,4.9789763518725,4.017573693086135
adze1240,aust1307,0.2501191782026687,0.007035709484587769,0,4.3758479576275,3.8936313655686448
afar1241,afro1255,-2.990828134747665,0.02539885112946351,0,-2.0292953378495,4.003376503654994
aghe1239,atla1278,3.165153153259548,0.02749357796020901,0,6.2770973075925,4.543784314923601
aghu1255,nucl1709,-6.111290051001301,0.03353627447997916,0,-9.966107873717,5.599094695437479
agob1244,paho1240,-4.555387066795902,0.043828440900044126,0,-7.7735087687,5.430799783671651
agua1253,jiva1245,-4.510628337730281,0.017331748312319258,0,-6.7412582028075,4.970377790019395
agut1237,aust1307,1.3663851461127663,0.01615825040662602,0,0.75275540170625,3.76876627515565
aime1238,bosa1245,-5.1628652492139775,0.02781230051711803,0,-7.3711177709175,5.80194384399332
ayiw1239,aust1307,3.815191593965487,0.022869128012427475,0,4.66346083733,4.08787102346038
ajab1235,atla1278,1.9847220333530728,0.020467404261050672,0,3.9618954767204997,4.11949991208772
ajas1235,kres1240,2.4047220241658778,0.0083200248041958,0,4.556431272755001,4.942581123516415
ajie1238,aust1307,2.9259496483482885,0.021309071801231504,0,4.860085231174249,4.00495300825149
ajyi1238,araw1281,-3.132081333190622,0.014382359509995312,0,-4.029074844785001,4.1007879542902455
west2635,maya1287,4.003247405949206,0.01542385721204587,0,4.6635304153562505,4.601725299945115
akha1245,sino1245,-2.3843712275075233,0.03924409884336921,0,-5.8110423537500004,4.146998114858166
akoo1248,atla1278,2.2832900021291898,0.01871749727035355,0,4.544614379157499,3.921339628016805
alab1254,afro1255,-3.2996795148320235,0.026919086782013102,0,-1.9978088085525,4.066781111182975
alab1237,musk1252,-3.733880389443963,0.017488020949339454,0,-5.1212172183425,4.85436961367067
alac1244,otom1299,4.378698736566756,0.02158525940629451,0,4.701796273115,4.69161326144353
alag1248,afro1255,0.264334859114924,0.029255781789800265,0,-1.626469360561075,3.87366653598594
aleu1260,eski1264,-3.3174468590153863,0.02269523682741739,0,-5.892714736529999,4.917064978271875
alor1247,aust1307,2.3383563713603035,0.021557987242732262,0,5.034751080307499,4.007621806599605
aluk1238,drav1251,-5.975418308705956,0.025561763774019308,0,-8.93504974499,6.19038816201435
alya1239,pama1250,-5.825865289653294,0.027078949252568613,0,-10.4096139542175,5.415649528361355
amah1246,pano1259,-5.351748331400148,0.014695295385302785,0,-8.201565926725,4.86439070713175
amam1246,kuni1270,-4.072327873795594,0.044717285576652714,0,-7.81871749912,5.65928678931367
amap1240,left1242,-2.8703969502331304,0.03221276127956051,0,-8.187662533627499,5.482893191254845
amdo1237,sino1245,-3.2276743446137406,0.045976767777014385,0,-5.42123101779375,4.15100660321776
amii1238,west2434,-4.352322792548837,0.04442746903654882,0,-7.681966646119999,5.880596078681945
amis1246,aust1307,0.1588116871169911,0.017267485010127464,0,6.2032018391824995,4.117712592028045
hoaa1235,kxaa1236,1.2527004186364317,0.008943191601532922,0,3.07097446962275,4.820427104784545
gily1242,nivk1234,-3.6477180081640728,0.020958497618920068,0,-8.0686662402325,7.7072209958675
anei1239,aust1307,3.816974717369747,0.024207175279983457,0,5.2429881436275,4.015212665008995
anfi1235,gong1255,-3.4708536295257053,0.02565147549057545,0,-5.469766638325,4.79219196971664
anga1288,sino1245,-3.175749866753815,0.02334412278342504,0,-4.8638063669075,4.255314472725869
ango1257,chib1249,-5.492318256040676,0.015725927376625457,0,-8.5324545588375,4.813515229809955
wara1294,more1255,-4.352828460193129,0.04282859207658492,0,-8.3969717787425,5.557951206036915
anta1255,aust1307,-0.9326136375420835,0.009571192251935366,0,0.944560428865,3.692444023087595
anuu1241,sino1245,-3.7185356392979863,0.02679266662568066,0,-3.3039566899525,4.191158382423955
anut1237,aust1307,4.426439838681436,0.023878789323630325,0,6.2752252008900005,3.912631803114275
aona1235,sino1245,-3.25027668830693,0.021578040200078974,0,-4.8235130447675,4.27985188093343
aoua1234,taik1256,2.51713011208967,0.01720764509527262,0,6.48377971183,4.689369844490175
apin1244,nucl1710,-4.719732279105665,0.010007758666998523,0,-7.435697739865,4.9650317492951554
apma1240,aust1307,4.049276708656772,0.024075959626685628,0,4.67280564328,3.9436910751046153
apur1254,araw1281,-2.666514446942319,0.009793440672970213,0,-3.6848949407525,4.134644238272905
arak1252,aust1307,3.823295850130002,0.01968748467494129,0,5.04902549779,4.0150634821460045
arao1248,pano1259,-4.213720424966933,0.007054086950079166,0,-8.0231037429075,4.90741386199199
arap1274,algi1248,-0.23385457581304664,0.015510203224770392,0,-2.013183555785,3.893410718146185
arbo1245,afro1255,-1.1805028675687312,0.03288785996458952,0,-2.6319930811605,3.8145789011512052
arch1244,nakh1245,-6.281320341262811,0.019498838208578766,0,-6.7546696074499994,5.16611068136654
aree1239,aust1307,-1.4829958178079519,0.021685979188358767,0,0.3017142735275,3.973494499242955
area1240,aust1307,3.0620656775122157,0.006373719065003487,0,4.1279340538475005,3.85719177650174
argo1244,afro1255,-3.2828404184702245,0.02720715722421742,0,-0.25951989332750003,4.28707305041735
arhu1242,chib1249,-4.028552819432269,0.012484362397634232,0,-8.577091349549999,4.7882615389187
arig1246,atla1278,2.4377355708802435,0.017261320430942608,0,5.58609253869,4.28641103855716
arop1243,aust1307,1.1627878984661866,0.02097355503869506,0,3.091693998975,3.813626568023495
arop1242,aust1307,1.5482928989105669,0.019965775843791368,0,3.36791499072575,3.98678102756185
aros1241,aust1307,2.5731528733493967,0.03353747710293486,0,3.45969920061725,3.7977749845079254
arta1239,aust1307,1.789768419942395,0.021266347911193622,0,3.16730390222,3.8203507470291047
ashe1272,araw1281,-2.9684851037561653,0.010754575532398142,0,-4.010061291387499,4.10347056199495
asoa1238,cent2225,0.6091035479544767,0.01460603713542434,0,2.146227308145,3.8059442610059246
assi1247,siou1252,-4.16388095248973,0.02119447386904525,0,-5.38253517974,4.919888131566165
asut1235,atla1278,2.388890896026388,0.01728589429185257,0,5.8813056355499995,3.9884740260944804
athp1241,sino1245,-6.5517633744863915,0.026800783353511447,0,-4.7538900396475,4.27977982032375
aton1241,sino1245,-3.7952152294818005,0.031052700602927072,0,-3.1382358261125,3.95986723170905
auuu1241,nucl1708,2.154191192281548,0.04312960704055917,0,1.864606109555,4.453584781136545
auye1238,nucl1709,-3.782592030184184,0.021883919806482702,0,-9.90059376274,5.62272186126283
katb1237,aust1307,3.847342091105992,0.0251623774821385,0,5.013588238252501,3.97839991745352
awad1244,aust1307,0.01233276126637445,0.02094239705572791,0,0.7419769425764999,3.825667298674645
awar1249,ramu1234,-4.6181807398999775,0.024261939861748193,0,-7.379284272206,6.00215013909504
awar1248,nucl1709,-4.777090107706082,0.0304814628155351,0,-9.94465989201,5.55194221648127
awet1244,tupi1275,-4.908981305383991,0.01787047181898582,0,-7.42416198053,5.014798728640805
awji1241,afro1255,3.1630358916972536,0.015277738201546182,0,4.915432048935,4.19891038070889
axam1237,aust1307,3.7994292464438075,0.02440380960358289,0,5.042002466387499,3.982579522186615
ayac1239,quec1387,-5.20399436378651,0.01174721964870706,0,-7.043874291585,5.03464900250937
baba1264,atla1278,3.2816630813374754,0.05115174233885519,0,6.417325926225,4.4943065755152105
baba1266,atla1278,3.0692122003510605,0.03991334656405835,0,6.3561979071175,4.528498652247775
bafa1247,atla1278,1.9725932306660452,0.021302912050659928,0,2.9251564137125,3.8929730369749347
bafi1243,atla1278,2.8288044511139376,0.019449202229121953,0,5.848865051004999,4.171741323464645
bafu1246,atla1278,3.0726194053241507,0.03035569531726714,0,6.4079907157575,4.524191225981385
baga1272,atla1278,0.40152943386733453,0.030038055288063102,0,1.33008535896675,3.750597326178365
bagi1246,cent2225,2.7007601878791565,0.016416035409655316,0,3.91365036938375,3.761185911300155
bagv1239,nakh1245,-4.780251682200203,0.024454601292353793,0,-6.903552560475,5.0619251654883
bahn1262,aust1305,3.452315566522707,0.030624339887291865,0,5.11541150293225,3.73394548402522
baim1244,sino1245,-3.699229598529713,0.033309428346383556,0,-5.3601737376075,4.176471412522595
baka1272,atla1278,3.5259200821552144,0.023323707227235167,0,4.6944502731,3.8980417493428003
baka1274,cent2225,0.6985943188446914,0.020597004416614426,0,3.5443615127415002,3.838186508670325
bala1316,aust1307,2.148901083193815,0.03366114553927623,0,3.2816459184355002,3.81401979312347
bala1311,aust1307,2.603547567647214,0.02620776428188226,0,4.424575479402501,3.9631566440406054
bala1315,aust1307,2.732906984044415,0.020364552063912845,0,5.43839073669,4.0463271107523955
bali1278,aust1307,3.6240711719960172,0.019862682234263834,0,5.78606407474725,4.01195966876639
liki1240,atla1278,3.3613932793904073,0.02101672096258446,0,6.001965905075,3.8983200412592502
bamb1270,aust1307,3.4772889522378545,0.023828491664888943,0,5.0563288888999995,4.079246174856985
bamu1253,atla1278,3.078636312174188,0.03919613129645006,0,6.4217880634385,4.49402284424555
bamw1238,atla1278,3.559119317339055,0.022344055094002578,0,5.2964525651492504,3.9005417867403303
bana1288,aust1307,1.843768322740826,0.021687130982264286,0,2.706222729987,3.800767515522515
band1344,atla1278,4.287265255678891,0.028077153993779677,0,5.2675161031375,3.986339232858175
bang1369,sino1245,-5.166551094638765,0.02936874511046632,0,-2.74845918043,4.176411532519085
bant1281,sino1245,-6.616727615999974,0.026205226994982747,0,-4.7258772232125,4.306575015634935
bara1357,sino1245,-6.965883049196904,0.024768103595873767,0,-4.6641609677575,4.3185111327174805
nucl1630,koia1260,-5.02355850534938,0.03700299369531402,0,-8.177290929975001,5.7276760364542305
bara1380,tuca1253,-6.459033497000954,0.01035269655523859,0,-7.355172518378,5.0372994706579
bare1276,araw1281,-3.4798430934766778,0.015366806914036092,0,-4.2198563080475004,4.162240399984405
bari1286,aust1307,2.1486266994759484,0.021001595429633334,0,3.4356078823875,3.9459223923005897
baro1253,aust1307,3.7249474204862776,0.025942948253645806,0,3.8771467235825,4.045319447978125
bash1264,turk1311,-7.1879114846637115,0.025468249621399576,0,-7.80309701776,5.358614089061405
basq1248,basq1248,-1.7498986479085592,0.01150715783895874,1,-3.1620598115450003,5.8327151563502895
bata1289,aust1307,3.7044593107317634,0.023366051883752542,0,5.293078921379999,4.024776513233061
bats1242,nakh1245,-4.663699675826839,0.028538535963214783,0,-6.65554828684625,5.15332770942186
baur1253,araw1281,-1.1543048820145227,0.012471189473016446,0,-2.9455226332800004,4.039117458771295
bebe1248,atla1278,3.6906767726047294,0.01655465190408332,0,5.852979997209999,4.188371492763739
beem1239,atla1278,3.1307977729788736,0.01988222872264363,0,6.141209802195,4.144108447536061
bela1254,indo1319,1.7825122832138849,0.020819056427254016,0,3.4968086284925,3.667916722372045
nyal1254,aust1307,1.4932848827035214,0.02126627712730191,0,2.476693563265,3.77893803622156
beli1257,cent2225,1.1491930982930296,0.014855714318111087,0,3.5739822876250003,3.83039851338585
bell1243,sali1255,1.8840210419092371,0.01931710303698089,0,1.9828200775975,4.239036744415035
bemb1257,atla1278,1.8123975958050025,0.03591123882682927,0,4.5064462961525,3.891305105918055
bent1238,dogo1299,-2.8300438051394603,0.018657658158121072,0,-5.628588407405,5.390710947472785
zagh1240,saha1256,-2.783898226363797,0.024608928479458288,0,-6.215651065625,5.0938795544398445
bert1248,bert1248,0.9335719206048215,0.008940973802312315,1,4.9626829165095,5.37817575988809
bezh1248,nakh1245,-6.185120116831324,0.00684152221444421,0,-6.7904843537075,5.16887046267101
bhoj1244,indo1319,-5.325627283400198,0.029664798973317412,0,-4.063288694332501,4.23707943717784
biao1254,hmon1336,3.8007404996858423,0.012950859107532964,0,8.5683377610125,4.43192860474516
biao1256,hmon1336,4.214719391134089,0.02431164707770074,0,8.658040265075,4.43654201836895
bier1244,aust1307,3.7629496343766364,0.027914421337841753,0,3.9302333248975,3.871167888923425
bign1238,aust1307,3.835608928586635,0.02643847602490943,0,5.022769113508,3.958772960061615
biha1246,aust1307,2.958448302881259,0.016419971442311356,0,6.0579453353675,3.942487589483
bilb1241,aust1307,-0.634408786305506,0.027501831484143896,0,0.8603179200847499,3.863390094901415
bili1260,afro1255,-1.1661623333094255,0.01978226549171127,0,-2.5878286654175,3.94310650359426
bimi1240,nucl1709,-6.3700075801473695,0.05154823795274286,0,-9.972290013799999,5.570405903245755
bini1246,atla1278,2.37630580897505,0.036333138136468254,0,5.6388326809,4.20942543700606
gunw1252,gunw1250,-0.9468727855554437,0.02398877827094542,0,-2.499644991195,4.058267008479151
birr1240,cent2225,0.5835708906734272,0.016277215418719248,0,-0.243838570709,3.848319098168225
bisu1244,sino1245,-2.192162546093539,0.02348567798813592,0,-5.766243760874,4.185712292351055
bitt1240,aust1305,3.3541148539372587,0.026553703275709474,0,6.96353377875,3.8663553989275252
biwa1243,yuat1252,-3.4293816303866502,0.027866892210258534,0,-7.57619730097,5.60830216120808
blab1237,aust1307,3.0741724861052653,0.01924454439775125,0,3.12458712049325,3.8613656840059
blan1242,aust1305,3.2615136282955994,0.01782036569582692,0,6.9594698994,3.85081832508869
bang1354,atla1278,2.7972302896305874,0.014485356344641837,0,5.9936926219575,3.937226799359445
bodo1269,sino1245,-4.921389047761322,0.03599812722843521,0,-2.968510651735,4.041989895695904
bola1250,aust1307,2.5798506006009374,0.014880015407329616,0,4.0340524365874995,4.021334900075975
chim1302,quec1387,-5.644976118008408,0.019368093861766668,0,-7.0830309369875,4.99391127613474
bolo1262,atla1278,2.854738373249668,0.01900791767334729,0,6.0526427716,3.89589068794433
boly1239,aust1305,3.903322657938169,0.030462704533661452,0,6.549420608165001,3.9160226069356954
bomb1262,atla1278,3.647559044522404,0.02264730278610136,0,5.292852494123,3.8995910721179
bomk1234,atla1278,-0.5882789164089071,0.013280718633605386,0,-0.4036232469425,3.788915676620595
bona1250,mong1349,-4.6593239498668115,0.011882365357744003,0,-9.2812028646625,6.798198960698775
bong1289,aust1307,2.788925901182259,0.021239577205094243,0,5.19680869073,4.078222783246964
bong1285,cent2225,1.5539509475556028,0.01631533034147498,0,3.30950829197,3.84602395855535
bora1263,bora1262,-4.7038048931746665,0.011670670514642278,0,-6.3022119860625,5.22187089803888
bord1248,chib1249,-4.836704447709645,0.014056059417750434,0,-8.6672031727425,4.802471389150975
boro1277,gong1255,-3.349538108180664,0.020951049495332053,0,-5.503480488395001,4.790874744827715
boro1282,boro1281,-2.5934860009853296,0.011591244370418282,0,-6.026933910075,5.151402925895425
boto1242,aust1307,1.8373466161623173,0.012987752020207627,0,3.4340500789400004,3.84770898229109
boun1243,atla1278,0.6219597523639995,0.032643651029754715,0,3.3814027995725002,3.9175015736518297
boun1245,nucl1709,-7.08270285744417,0.0290919398824627,0,-9.942469197600001,5.56944567947987
brah1256,drav1251,-5.729844247587575,0.02443781930503669,0,-8.852963784475975,6.27864549422643
bret1244,indo1319,3.24896997685269,0.027517630984012203,0,5.0127363540875,4.1851426759109405
brib1243,chib1249,-4.05440048739752,0.010927904563577768,0,-8.6198554533125,4.76994768020871
bube1242,atla1278,2.4171908624158873,0.021814689303529245,0,5.5074935619025,4.190245626449375
budu1248,nakh1245,-6.488015178665379,0.027784453399220987,0,-6.79042754505,5.13296968074374
budu1265,afro1255,2.9505382798081023,0.022533286616885764,0,4.836022241125,4.043622325252056
budz1238,atla1278,2.9921606776886223,0.040649421744052255,0,5.226102287598,3.91455872396867
buga1247,aust1305,4.062539957229708,0.020986818475861112,0,6.5379665807,3.91946354875776
buga1250,aust1307,0.77594565271983,0.025852386308878768,0,4.1559047604625,3.904951745108205
bugh1239,aust1307,3.0965867676771586,0.02581906320020727,0,4.64165301626,3.96701018355788
bugi1244,aust1307,3.525556007360365,0.02938009480386772,0,5.13427408129175,4.07655110477236
bugl1243,chib1249,-4.396624103318462,0.009476060971980897,0,-8.6688960858,4.76852293905495
bujh1238,sino1245,-7.061141146140553,0.026873778955236703,0,-4.70291789698,4.302955182621551
bull1247,atla1278,-0.4496392097275414,0.014452068728125093,0,-0.40334510699250004,3.79125768757924
bulo1242,aust1305,4.264254169624762,0.02978142473574218,0,5.6330587231700004,3.77069378448048
bulu1251,atla1278,3.1087799690701847,0.01671032280836955,0,5.8343684146325,4.1815044544283
bumt1240,sino1245,-4.225963170329515,0.023312916503785832,0,-5.241876642379999,4.1823368698453045
gahr1239,sino1245,-5.842407641435816,0.02437861406362968,0,-5.2562260060775,4.180392062746865
bund1253,indo1319,-4.339289552841852,0.043557980337798535,0,-4.090754844731,4.205861397743735
buol1237,aust1307,1.7856474371559217,0.01850034345144417,0,1.1423435073575,3.7651848719053502
bura1292,afro1255,2.569867426729499,0.0270266692694991,0,5.095650881199999,4.061893819493244
bure1242,afro1255,1.6777076931849975,0.025595741578857967,0,5.065234413324999,4.06521341515188
burj1242,afro1255,-2.7179294265294183,0.03443348732076022,0,-1.9844349760775,4.077018042265905
nucl1310,sino1245,-3.0611958272777375,0.026500750597316394,0,-5.433856208823576,4.2431911691619995
buru1320,afro1255,0.5214199032990741,0.03418291720618043,0,-0.11763376434924999,3.82860312123411
buru1296,buru1296,-5.615758542444258,0.022769829720786287,1,-8.132874055565,6.9617258392950045
busa1253,mand1469,-2.14976913246396,0.009586826937071394,0,-4.6879378168375005,4.973693722316985
bush1247,atla1278,2.3994432823481366,0.017435670139117503,0,5.871873825610001,4.028995877255805
buwa1243,afro1255,2.8851827559809244,0.01748606686849532,0,5.1840663040525,4.14341141524547
bwat1240,aust1307,2.779075158683669,0.019918822542936282,0,4.147630804937499,3.931513169013215
byan1241,sino1245,-5.874861342611297,0.02562520715057856,0,-5.2086222420727495,4.217462104259015
caac1237,aust1307,2.4013634086097855,0.022280415070827817,0,3.8477455718025,3.8666460435648498
cahu1264,utoa1244,-3.474857350483499,0.02364498488687363,0,-5.55785022592,4.2571894351201145
cakf1236,afro1255,1.4177603347023218,0.019603746672463215,0,5.1024535608449995,4.0750293758161
caml1239,sino1245,-6.6732235923881635,0.021682918954731355,0,-4.725388001017,4.300641126157725
camp1261,indo1319,3.547930605075986,0.022173559506034564,0,6.037578570327501,4.021302745476155
cane1242,nucl1710,-4.635417527251982,0.011182730244118887,0,-7.4401501748611505,4.95247042362409
caom1238,taik1256,2.5087514931795414,0.02396906604753114,0,7.32812830514,4.455266793809285
capa1241,pano1259,-7.1318403666891665,0.01472649823109515,0,-8.13276852381,4.912954814628405
carn1240,aust1305,3.698615640484584,0.027732223962020294,0,6.4100341039625,3.9257032810170447
caro1242,aust1307,3.8868814979757333,0.021580396142550036,0,5.84700843587325,3.898661738221295
cash1251,pano1259,-5.6135456482098745,0.03602697325415956,0,-8.060936568399999,4.904884896335415
stan1289,indo1319,2.9253931616920426,0.03558310827919757,0,6.2203082821115,3.972026763491235
cavi1250,pano1259,-3.7715388707267965,0.011116851791327273,0,-7.9885289677,4.941789710901155
cemu1238,aust1307,2.7359224188649263,0.029149602143250714,0,4.1535066641175,3.9179333753604
cent2127,eski1264,-3.4311498941757512,0.02121731772788095,0,-6.09544569994,4.88656417932904
cent2004,sino1245,-2.129344877763533,0.02207927901098767,0,2.5469044237325003,3.76124497697481
cent2292,aust1307,1.6515868155926163,0.008096068196745819,0,2.9938911193199997,3.751969044821205
cent2314,aust1305,3.1642249709853907,0.01822883099707372,0,6.66592793055,3.87254389742748
cent2050,saha1256,-2.148138641352954,0.024748049720012228,0,-6.4252968506325,4.955122707529705
cent1989,aust1305,4.395700182648832,0.027890316203504222,0,6.5410219941075,3.9302104183844797
mala1479,aust1307,4.400255593806465,0.023496868330720802,0,6.3126369709575005,3.85220377480377
cent2322,ural1272,-4.956909387655086,0.032550763069298695,0,-3.33004301116575,4.236773604877925
cent1992,aust1305,4.05117720159669,0.03729345987373773,0,5.6945929277425,3.767468851849535
cent1990,aust1305,3.988550290681362,0.02751007745014325,0,6.42673599915,3.94046054425297
cent2131,utoa1244,-2.8384034881369375,0.02169113382706739,0,-4.241783913067501,4.086760786679885
cent2150,chib1249,-5.3599441813545745,0.011310584828954558,0,-8.543175335265751,4.805121595755464
mbal1255,atla1278,2.395342342107332,0.014878667594518986,0,5.35157211371825,3.9918044215905546
chac1251,pano1259,-4.101685374160614,0.022678621740355138,0,-8.194686677149999,4.895117496942641
chad1249,afro1255,2.6617829207914814,0.02886732802677005,0,5.05948392162375,3.782968092862345
chak1270,sino1245,-3.900993486376721,0.026967434073362575,0,-3.2081339880725,3.996347951432425
chak1271,atla1278,0.2946414069478376,0.014415153319420422,0,2.0569504835825,3.8415180492697454
cham1309,nakh1245,-6.152137224763974,0.024955258059662828,0,-6.86944329678,5.16220917243791
cham1312,aust1307,3.9626486881536405,0.026856524968163632,0,4.5722968339975,4.129969900959384
chan1313,sino1245,-4.507854363156791,0.021509570943898736,0,-2.9294137921275,4.06552801552276
chas1234,sino1245,-2.9238965642320283,0.03133039687814247,0,-5.610591772756,4.187707046041145
chec1245,nakh1245,-5.976625773138216,0.02277642315917625,0,-6.611341117155,5.18881604897871
chek1238,aust1307,3.1011520483699724,0.0249752798712311,0,3.11889504213,3.8686657794632753
chen1255,drav1251,-6.763550138250345,0.02648425608933441,0,-8.821641064465,6.2466072743364744
chep1245,sino1245,-7.014161973379987,0.030625902143051314,0,-4.7135509850475,4.311522334099299
cher1273,iroq1247,-3.367518056212323,0.022841128841514513,0,-5.9272360918925,4.84580992159671
chey1247,algi1248,-0.9703334889806298,0.018666809786413677,0,-3.099557976315,3.951333462786205
chil1280,atha1245,-2.7332311452868385,0.018797934958768657,0,-6.72886424755,4.690334017797316
chim1312,atla1278,0.8472934966152137,0.016060252171727993,0,6.3580235230925,3.894191737315295
chhi1245,sino1245,-6.579160556720375,0.02887544289771978,0,-4.77386048672,4.271615808035395
chip1261,atha1245,-3.623769019763931,0.01764612360946846,0,-6.7378524263975,4.687013902507115
chip1241,algi1248,-0.07684620726677499,0.015913449315445954,0,-2.016766311545,3.86869350532619
choc1276,musk1252,-4.275710741105463,0.02650573034688718,0,-5.1154547940725,4.850629012137436
chon1284,aust1305,4.557067833917527,0.02021826736164336,0,6.632742266675,3.90119636815124
chot1239,sino1245,-4.103608539379038,0.0252310894037564,0,-4.867268949285,4.27936331781801
chra1242,aust1305,3.0500525722120355,0.018759232067188263,0,5.77172353543275,3.752182910590355
chuj1250,maya1287,3.961567922256133,0.0065437465262290825,0,4.5890184257249995,4.621822622398215
chuk1273,chuk1271,-3.9717788355453862,0.01398941004139045,0,-7.9145324747675,6.857265155651325
chuv1255,turk1311,-6.0146881037575985,0.03432860661349205,0,-7.7408686327475,5.412388365058625
chuw1238,atla1278,1.8028640129993052,0.01866429193578255,0,3.8720271521525,3.72110060501173
cici1237,atla1278,2.31425015236411,0.01654947397632315,0,5.5672242528625,4.222622349366465
sout2912,aust1307,2.4209403653519077,0.023070900639353152,0,3.8865030130719997,3.8556020423871002
coat1243,otom1299,4.540336257229717,0.023204594474787846,0,4.8021144079900004,4.68902312559697
coca1259,tupi1275,-6.4217703663838765,0.015658556222413397,0,-7.67658140331,4.87109795208282
cogu1240,chib1249,-3.98463257532672,0.006472162999897605,0,-8.575338494650001,4.78836335678755
colu1241,sali1255,1.7820507740043556,0.01824942047195454,0,2.58056060331,4.21688855590642
coma1245,utoa1244,-2.832263037176689,0.02279836730494663,0,-5.7646617940475,4.24383188381013
como1259,sali1255,0.685153945762196,0.02003616644046536,0,0.518332438822,3.9161856357315603
cong1236,atla1278,1.595216582546553,0.014582700712410187,0,6.36612654792975,3.8998554572665602
copa1237,otom1299,4.496880257965858,0.02578214569597968,0,4.54704520210975,4.72548753924289
cors1241,indo1319,3.5450079015151212,0.024696480286155363,0,6.05934061064,4.03495731162208
cosa1234,sino1245,-2.450819078502863,0.01570413490366256,0,-5.77815264715,4.166655396462154
cree1270,musk1252,-2.782645213989918,0.01909613676359309,0,-5.32358774752175,4.745189648035235
crim1257,turk1311,-4.378613022906087,0.018409322113679558,0,-7.7799573787885,5.35266522204763
crow1244,siou1252,-4.078803033016218,0.022072753709505545,0,-5.53817307273,4.80128327147005
cube1242,tuca1253,-4.965211610041225,0.013353663254216703,0,-7.40958156525,5.005759878273025
culi1244,araw1282,-4.31157098801922,0.03321466769988238,0,-6.0607430308775,5.118992630741115
cypr1248,afro1255,2.265210144343301,0.02259420482143319,0,5.070034481913501,3.76291445665961
czec1258,indo1319,2.6193947895683,0.038309344590614726,0,3.6357691837532498,3.7120678405918
daai1236,sino1245,-3.119439488414378,0.02648601776752201,0,-4.966496282462,4.249002342930995
daas1238,afro1255,-0.7796958915531615,0.02143856293047638,0,-2.6601452840705,3.811984808511685
dagb1246,atla1278,0.8301289540392366,0.013303395236058908,0,3.3375434935172503,3.8149744568814
dagi1241,narr1279,2.186869967725084,0.007877140232134639,0,3.4509504134525,4.883803497239925
daka1243,aust1307,3.9226031250836892,0.029323782850464858,0,4.8746343864825,3.969270124869065
damp1237,aust1307,2.5501414612933724,0.006007972691082351,0,5.555297324990001,4.014657461589795
dana1252,aust1305,3.056199506835812,0.022382311618949404,0,6.87970273303125,3.857805213276985
dani1285,indo1319,2.981510774270912,0.03942228191793947,0,5.48279298528,4.066033947778985
dara1250,indo1319,-5.380290969510858,0.026605478554386938,0,-4.0967393369225,4.2551831522947445
darm1243,sino1245,-5.886053222373925,0.03449859320598603,0,-5.205583249568,4.21257295318133
daww1239,nada1235,-4.8251003827332966,0.006533596783408355,0,-6.7106999856325,5.06335164164299
dawr1236,gong1255,-4.1961896930108775,0.029658865229021825,0,-5.2092986647335,4.961989189477626
daza1242,saha1256,-2.2311822465072155,0.013376718369672268,0,-6.445981083775,4.93864892071558
dege1246,atla1278,2.4418250078705928,0.01605899751698217,0,5.55728044717,4.248879284979515
dera1248,afro1255,2.4916532991700793,0.028830847964316487,0,4.852806228175,4.11419041470179
desa1247,tuca1253,-5.070776800109698,0.010870845193563414,0,-7.432960372589999,4.987724435403985
dhao1237,aust1307,2.4979412360932987,0.019539763902556656,0,4.90128501224,4.04188044941696
dhar1247,pama1250,-5.414584740075087,0.02352366627682692,0,-10.3927598128725,5.448575371273195
dhim1246,sino1245,-6.202925556942509,0.02499211620800413,0,-2.678936040455,4.169582649973915
dibo1245,atla1278,3.1700248594379286,0.017955843616565867,0,6.180455219040001,4.145929376682314
dier1241,pama1250,-6.829188343789905,0.041104564435244496,0,-10.28226740598,5.501751672707135
digo1243,atla1278,2.1922059704108507,0.012372337234776128,0,6.1834029154775,3.94158227121469
dima1251,sino1245,-4.526854042266402,0.026627994107913354,0,-2.96430980018075,4.035961096710675
djee1236,mani1293,-3.0563466433758473,0.03813091174410248,0,-8.190816251005,5.56468432754801
djin1253,pama1250,-4.7752400524625696,0.021923253289631496,0,-10.18286272032425,5.51763211944939
dobe1238,aust1307,2.077074500794262,0.00521428145921681,0,4.049907552945,4.00802083815579
dobu1241,aust1307,-0.9990168558552389,0.02118023742684439,0,0.1626148862925,3.939433016589825
domm1246,nucl1709,-7.123246934627057,0.043091588507079635,0,-9.9125052166825,5.65751342443065
dong1285,mong1349,-4.277806072768665,0.023095215790079327,0,-9.28108916597375,6.777738989513
doro1266,manu1261,-4.910647131809712,0.030766483871530054,0,-7.804090563567501,5.846564073637699
drun1238,sino1245,-3.809098194572325,0.026705469009207648,0,-3.106133148905,4.2268180530696
dual1243,atla1278,2.270652699081789,0.01991764224929045,0,5.88202210146875,4.07676829022329
dumb1241,aust1307,3.2109481796997157,0.028747099514121383,0,4.83573605457275,4.001150964536411
dupa1235,aust1307,2.0040882066771495,0.018553654579385678,0,3.0984184282742504,3.8478199619044346
dusn1237,aust1307,3.1890824180315835,0.022597036852180213,0,4.7534602766625,4.130473148163945
dutc1256,indo1319,3.4179427563862266,0.046428325195997176,0,5.39650914787,4.10114724648012
dyir1250,pama1250,-7.724149031071833,0.022626102275553447,0,-10.15477545754375,5.525048496812785
dzao1238,hmon1336,4.048553071722226,0.02760771358785423,0,8.52521064926,4.46227385201389
dzon1239,sino1245,-5.988986734714034,0.04266174779719466,0,-5.355450403507,4.173628924354505
east2443,aust1307,4.085351999274717,0.025569540827351966,0,5.029353098586524,4.015377544293544
tang1336,sino1245,-2.8888398316695305,0.016950895450433812,0,-4.7312797600775,4.31029040129448
nucl1235,indo1319,-2.2437120259061984,0.02422464176204055,0,-0.960922389986,4.233768392748155
east2379,pama1250,-5.644649270936473,0.025834722405884875,0,-10.384761905975001,5.39057973875581
east2555,tupi1275,-2.669209337437684,0.010071966231510788,0,-7.7142280462225,4.862718132206959
east2332,aust1305,3.7846309718403806,0.024171678318072768,0,6.759258350985,3.92439064797348
east2690,afro1255,2.5637971653304,0.0286384758946613,0,5.0301313179075,3.802096266104075
east2342,sino1245,0.46476621474343305,0.02049319991277655,0,0.9002709991175,3.828307137811485
east2328,ural1272,-3.046276683977874,0.022205794446913965,0,-2.2849198711767498,4.03723216689463
east2773,sino1245,-6.824827505200245,0.026371762193483146,0,-4.656893078507499,4.31214482837527
panj1256,indo1319,-4.222348884142419,0.025365638652698686,0,-4.07525916139795,4.20765493581113
fina1242,aust1307,1.6510564881970624,0.01974665331631425,0,3.0030821330855,3.7335112346703747
east2447,aust1307,4.829873177907315,0.02261977517133553,0,6.253212247897499,3.909826562766725
east2516,nucl1709,-7.191688877786034,0.040300061586217344,0,-9.8374897926,5.6554230703507695
huaa1248,tuuu1241,1.4220711081073971,0.008933769141907489,0,2.6082285992625,4.7858827330835645
wall1257,aust1307,4.840589351712024,0.022509668521299816,0,6.31055897345,3.8890964654286053
egyp1253,afro1255,2.6084334636865902,0.022055495584878477,0,5.065267287839999,3.771361181738355
eipo1242,nucl1709,-5.31257480899864,0.04385714957456575,0,-9.935775362105,5.565329258115826
elem1253,atla1278,2.422556278228493,0.02097874031275809,0,4.6071421404475,4.1578646507589
elip1238,atla1278,2.879796668736916,0.016564287728610818,0,4.55131296185,4.058639884400025
emae1237,aust1307,3.573917291702129,0.01464417785738087,0,6.265176149069999,3.90641173571475
emai1241,atla1278,2.3849762769009857,0.03774948525133138,0,5.63470708460175,4.22605124816479
embe1260,choc1280,-4.53052991385348,0.015010024229610203,0,-6.870354126577499,5.075402507864495
embe1262,choc1280,-3.779842377234448,0.013157599193055333,0,-6.9573376171275,5.059452295208194
stan1293,indo1319,3.292880104024986,0.03720942960540012,0,5.445678598875,4.099787496117235
enuu1235,sino1245,-2.4683452556074412,0.029576157561162962,0,-5.8634173689,4.130128337506605
epen1239,choc1280,-5.161393721120497,0.014542641477558396,0,-6.9231795883288,5.0777847670608
ersu1241,sino1245,-2.3784664903325057,0.02415491620168416,0,-5.175737455220251,4.22744977696086
erzy1239,ural1272,-2.931215678168191,0.019088355128649752,0,-2.181419306975,3.8780106735648348
esee1247,koia1260,-4.723409108733112,0.03506058145718881,0,-8.185011013815,5.7143481449892555
esee1248,pano1259,-4.339605833419504,0.01679313308654585,0,-8.02417327512,4.947809901111185
esim1238,atla1278,3.0414663947280296,0.02121295802099491,0,5.58990322014,4.65407258541896
esto1258,ural1272,1.57294089492153,0.025599245374127888,0,2.4008380406375,3.6806944538932598
even1260,tung1282,-3.821201104101243,0.007143493158499688,0,-10.0366957656625,6.82727911155854
even1259,tung1282,-5.828953854178238,0.020336075521903908,0,-10.0210048946275,6.86891203585307
ewee1241,atla1278,1.8594955027292097,0.02081219338511486,0,3.9603819763587502,4.10283364903489
fare1241,atla1278,0.5168928832944698,0.01314294563247162,0,2.3000473092505,3.809653778643635
faro1244,indo1319,2.5596075667340323,0.034646160176972814,0,5.4801363518225,4.076801034637295
fasu1242,fasu1242,-4.070207293114128,0.025037702060858136,1,-8.14603945143,5.7480603424603345
fiji1243,aust1307,4.630561067948235,0.029236017449407695,0,6.026130470965,3.94799561563755
finn1318,ural1272,1.3999316732510683,0.016085809526098702,0,2.5963999531499997,3.678218636431255
fonn1241,atla1278,1.9637897705600125,0.01998579180691196,0,3.8420578134300003,4.10755172699895
fore1265,ural1272,-4.559917756761304,0.009462195855504256,0,-4.0357504023027495,4.467048547323
fran1266,mixe1284,-0.1273516680551834,0.018941551332296264,0,-2.488282221815,4.131069131180276
stan1290,indo1319,3.3515394701833237,0.03771191594532264,0,6.2089947097575,3.99337570284455
fuln1247,fuln1247,-3.3912177192931745,0.01070168575845406,1,-6.423221177648,5.27651333429196
furr1244,fura1235,-1.3601279137265077,0.010900656722455732,0,-4.988686842290001,5.66178355345188
furu1242,cent2225,1.8829580303481692,0.017395070882043662,0,3.9016109187138,3.76952856582582
futu1245,aust1307,3.8809639437114325,0.02324184389033408,0,6.271112433492499,3.89230642581326
fuyu1242,fuyu1242,-4.507608158059918,0.05089806402490754,1,-7.74645071580325,5.7039826478852955
gaan1243,afro1255,2.6564595481609237,0.018893868823625072,0,5.1736228763745,4.15172168013176
gade1242,atla1278,2.4927133566932422,0.021703986793591052,0,5.6994928283575,4.22351841083352
gaga1249,turk1311,-2.0734020022553654,0.013566037860452799,0,-7.9486284666275,5.269888333052645
gali1262,cari1283,-4.706536665310582,0.012437489769199598,0,-7.79313627628,4.94020365000166
gali1258,indo1319,2.590809304911306,0.0262363530803094,0,6.267314961485,3.964786145130155
gamo1243,gong1255,-5.7871230999586505,0.02540790628486264,0,-5.183155128315001,4.9607262805808
gand1255,atla1278,2.356780898924999,0.01485066987085812,0,5.486841907940001,3.912868114073845
gant1244,nucl1709,-7.036948256124353,0.05412184987105796,0,-9.3319661088925,5.8275265383416155
gapa1238,aust1307,-1.544142151760442,0.024972268901549036,0,0.31023106477249995,3.966407751745855
gata1239,aust1305,-1.3028338719996164,0.01406054806484404,0,0.7974873461850001,3.801801404560895
gayo1244,aust1307,3.469960735013478,0.020929424658799625,0,5.295300845617501,4.019927965830069
geba1237,sino1245,0.6678077870499122,0.0193166187318045,0,0.8443093641035,3.849165420563295
geda1237,aust1307,-0.6063689694602334,0.021005487142820044,0,0.8775029656175,3.849305216615835
gela1263,aust1307,3.034042973367729,0.02557346013003599,0,4.6236661959025,3.9861736085135098
nucl1302,kart1248,-4.041724933361179,0.020444885345560243,0,-5.301978679607499,5.130138793162195
ghad1239,afro1255,2.9722099653580276,0.019953239701821456,0,4.605151853100574,4.148146626834386
ghan1242,aust1307,1.9374606224607174,0.017817083402035177,0,4.19935381433,3.9429466463126053
ghar1239,aust1307,2.848090773040476,0.021193516550009745,0,4.657921952301249,3.970063045335155
gheg1238,indo1319,2.824560392616375,0.027703019958163988,0,3.1247119981475002,4.179290715832815
ghom1257,afro1255,0.5201079932081908,0.013554284602851527,0,1.5925989903875002,3.9904618984267
gilb1244,aust1307,4.607815865046335,0.021213825224384798,0,5.4387144227499995,4.01168045544235
giry1241,atla1278,2.000736033108935,0.013267627491864659,0,6.1940295322475,3.956741777556145
glav1244,afro1255,2.9060685337317453,0.0321760613144612,0,5.108038062585,4.060239501622251
ghod1238,nakh1245,-4.769048347695508,0.02277727669077369,0,-6.8945414625925,5.08597705028008
gogo1265,suki1244,-5.570063534909675,0.046319183153422476,0,-7.497165810615,5.78775332160897
gola1255,atla1278,-0.825255005820707,0.015444026409155836,0,-0.04817308221075,4.02831594272271
pare1266,aust1305,-2.5409000929027705,0.019900556929438113,0,1.0661711246082501,3.84459692465656
guah1255,guah1252,-5.18005939442845,0.017416647330091767,0,-6.4381468660675,5.39478481755337
guat1253,guat1253,1.1860215369770333,0.004369405126390378,1,0.8430459025295001,4.45297330993335
gube1234,atla1278,1.5652359995192615,0.014228325749875405,0,3.2499232626024996,4.215615565625555
gude1246,afro1255,2.80177476928431,0.030744026860224663,0,5.097824861855,4.201482973742625
guer1243,otom1299,4.441508755405064,0.027475310570862794,0,4.53692027230875,4.7466522450745
guiq1238,sino1245,-2.715314632381887,0.023770579946118364,0,-5.1930312606425,4.23904235694508
gulf1241,afro1255,-0.16283380353456212,0.019050079001328348,0,4.94148309681,3.80467614426705
guma1254,aust1307,-0.8394898401685762,0.01850617428210021,0,0.1368661329,3.921690073403325
guny1241,pama1250,-5.358655421206121,0.013140629906664121,0,-10.191207766646,5.462735170483086
gura1251,indo1319,-1.999126758915621,0.01837562725531623,0,-3.49519520843,4.30152635048005
guru1261,sino1245,-6.781329419128461,0.03627982028813872,0,-5.085799865089999,4.272773845553726
guru1271,afro1255,1.5573652061269252,0.03204386881498928,0,3.4753135930775,3.9999618027633046
gusi1247,atla1278,2.8857691976738997,0.022676515434075572,0,5.177908322936,3.977250298334745
kwam1249,koma1264,0.9393992008089322,0.007691160936128548,0,3.8273257667729004,4.842616209539974
gyel1242,atla1278,2.8162793360270006,0.020501532714367738,0,5.9441074060175,4.179268379750435
haaa1252,atla1278,0.7134881967716176,0.013596118437335476,0,2.9039493857974996,3.829824087308725
hadi1240,afro1255,-3.2781856537211027,0.03366170444375683,0,-2.00164435264,4.0570671131768705
hadz1240,hadz1240,-2.101728290604643,0.017865274198419177,1,-5.4678230621025,5.897221137032105
haka1240,sino1245,-4.139872755526541,0.02271227656664047,0,-4.8378052430925,4.28798540778733
hakk1236,sino1245,0.7585200938687084,0.027632964612739078,0,3.92043714748,3.79654113118552
halh1238,mong1349,-4.020888121797466,0.01950674867099799,0,-9.29472898615,6.77227030028481
hali1244,aust1307,2.2792154886664626,0.025456199930826966,0,3.868876809515,3.920624212082975
halk1245,sali1255,1.5631082925173772,0.02086867361021281,0,1.406094103479,3.992261288667625
hame1242,sout2845,-3.00984460574701,0.020590701412101703,0,-4.0333744294275,5.405254098981745
hang1263,nduu1242,-3.0204082561235737,0.03717948112435706,0,-8.036048536,5.349459558544685
hani1248,sino1245,-2.2781384945450682,0.014237267248981583,0,-5.79869222684,4.134031270472866
hano1246,aust1307,4.0970089099862665,0.026299092581370583,0,5.0354959467825005,3.9994707456077903
haru1245,piaw1238,-3.962076654881159,0.017283004619972557,0,-7.696113476625,5.599110338305845
hass1238,afro1255,1.0914376054780437,0.017298214443140152,0,5.142453312340001,3.769829418892
remo1247,aust1307,0.8466019462298122,0.016527763113056808,0,3.8586300195275003,3.79792819471551
hava1248,coch1271,-3.2811659649410245,0.0067859011233185424,0,-5.2287992651225,4.724698525289945
hawa1245,aust1307,3.132342919469999,0.020411599736754032,0,6.322574894364999,3.87484832420757
sabu1255,aust1307,2.7702991258185534,0.025003976379388042,0,4.907768267414999,4.054331712487225
hehe1240,atla1278,1.6078824843248725,0.016685960776901352,0,6.157876020050001,3.92533886824876
heil1246,waka1280,0.3377626706386395,0.020377698847774336,0,-0.1738785357575,4.28520830594436
here1253,atla1278,2.2690031208218024,0.01578451709849437,0,5.342204719970001,3.98525485074381
hida1246,siou1252,-2.70259044538695,0.019098957048120944,0,-5.5746191265050005,4.741462706167285
high1243,toto1251,0.716570886223194,0.018815042298354265,0,-3.0631728134525,4.032395211446925
hind1269,indo1319,-4.395675120708998,0.047079902984496234,0,-4.089301660625,4.203166982576565
hixk1239,cari1283,-4.905268981977732,0.012628332239327252,0,-7.7785232571264995,4.93211866931271
hooo1248,aust1305,-1.0678655014760048,0.02296982961060828,0,0.8037236115340001,3.7989101293685703
hoav1238,aust1307,2.5113290331501705,0.0236236763885226,0,4.2663900338800005,3.911872062552345
ainu1240,ainu1252,-3.139533257364237,0.011617847488576217,0,-7.316766000438525,6.940824514443065
holo1240,atla1278,0.663878597902505,0.022066567370708376,0,2.5590560232525,3.73228056111652
hone1235,atla1278,3.688023384691993,0.01847327099719067,0,5.76654203766,4.20525263468649
hopi1249,utoa1244,-3.373802079441881,0.01007865357354504,0,-5.635937170417501,4.252679794516794
hual1241,quec1387,-4.607198306454911,0.021408182807283658,0,-7.1185666270325,5.002166044542335
huam1247,jiva1245,-4.5030290002228375,0.012638787334749851,0,-6.769167879175,5.00459964694728
huar1255,utoa1244,-3.0929880138705097,0.02237886991122037,0,-4.127724122300499,4.131399653737235
huas1242,maya1287,4.014972153264846,0.014152388449320779,0,3.3823689435475,4.726283172301645
huba1236,afro1255,2.7281846030457855,0.018504083765184542,0,5.15136616719532,4.0423415336981545
huic1243,utoa1244,-1.030620528748204,0.01628528286865648,0,-3.819430733365,3.96964714284197
hula1244,afro1255,-0.6338392444844089,0.0205866283935465,0,-0.8494747541575,3.75237872385597
huli1244,nucl1709,-5.566740713835836,0.03964358423300453,0,-9.8618756305,5.57832212263627
humb1243,song1307,-1.5785184839734816,0.024334818977169624,0,-2.4784586536999997,3.84975776015114
hung1275,aust1305,3.942217344103887,0.02020147181821019,0,6.33471033555,3.911460308475735
hung1274,ural1272,-0.05193175269091545,0.013029009808293175,0,-3.28050082392625,4.15486576893832
hunz1247,nakh1245,-6.202263679636148,0.026083775786709902,0,-6.778983100705,5.195088952166715
hupd1244,nada1235,-6.211922951512912,0.006715825313541123,0,-6.6458841199,5.102394741530575
hyam1245,atla1278,2.3541117467950246,0.02102145169542123,0,5.10180958574775,4.073696299693875
iaai1238,aust1307,3.181523810057814,0.020186543418237085,0,4.8568440831325,4.055163115229775
iatm1242,nduu1242,-4.784808663050561,0.02764996587464733,0,-7.76037353405,5.53620673657046
ibal1244,aust1307,1.1714806673505498,0.025096500471938704,0,0.7448230137175,3.763464562075395
iban1264,aust1307,3.7848280088433075,0.017555821970389168,0,6.13604325753025,3.9179131667454854
iban1267,aust1307,1.9644608172106748,0.022142338696199523,0,3.22534497489,3.829624875909065
ibat1238,aust1307,1.853244410033445,0.019738632852300764,0,1.948149039456,3.7372944972806152
ibib1240,atla1278,2.223132755333295,0.04027857405573289,0,4.78809240902,4.19565121903928
idii1243,paho1240,-4.421194523235984,0.041879508956716396,0,-7.7656131994374995,5.386282090700934
idum1241,sino1245,-4.910312621272912,0.02528352776991577,0,-2.7675504785925,4.039676023162425
idun1242,aust1307,-1.210061563973691,0.02080285099123724,0,0.20729189943,3.96030248178723
nucl1417,atla1278,2.4374366198504527,0.019202013798314613,0,5.47696973556,4.270263630969515
ikkk1242,kuli1252,1.1793206569880055,0.010500442517784913,0,3.2621680828197253,4.899144002498035
ilaa1246,atla1278,1.3572574646042639,0.013768569770103186,0,4.50902164786,3.86459212229508
iliu1237,aust1307,2.0958927195067982,0.024556825611765837,0,4.783851107395,4.006925261891475
ilon1239,aust1307,1.7320457295123326,0.02629256807061632,0,2.803030608795,3.808210658284595
imba1240,quec1387,-5.565474614334939,0.01065352341914138,0,-7.08092787216225,5.008734417305515
ingr1248,ural1272,1.8321872907613348,0.018497587190919308,0,2.7925174937325004,3.62825168047091
ingu1240,nakh1245,-5.93083993584748,0.023671930732828677,0,-6.5851170126725,5.18055568568839
irar1238,aust1307,3.187530496908389,0.025443558482768008,0,4.529564785334999,4.139356946083475
iris1253,indo1319,3.114349217529266,0.015872822715120603,0,4.8394380921749995,4.2264717463127
irul1243,drav1251,-5.990918843804192,0.034890109773749324,0,-8.9444215205725,6.227900151575785
isco1239,pano1259,-5.661597514496277,0.022817279198603924,0,-8.178321392725,4.88207787485704
isin1239,aust1307,1.470533726018742,0.014941941420309987,0,3.02494751301,3.79708785938809
isir1237,kwer1242,-2.0770991260102543,0.010856018980785927,0,-8.3750206632625,5.4916193245981795
isna1241,aust1307,1.91365814560157,0.02524302795735284,0,3.205781441944,3.834385188828705
isth1240,utoa1244,0.02223530257792925,0.01971376264480553,0,-3.4327148452,3.8265399350403353
ital1282,indo1319,3.3403572917552102,0.04490784837568869,0,6.131672039220501,4.00302749696205
iton1250,iton1250,-2.9261434120103114,0.010326721031799664,1,-6.30410279534025,5.158180470798239
itza1241,maya1287,3.5590392891402045,0.00652758227600795,0,4.8540781575875,4.53666229537008
iumi1238,hmon1336,2.7768863042663106,0.017380967737579512,0,8.600786636575,4.443973129124365
iwal1237,aust1307,0.23049700567163983,0.024530124555394803,0,3.842641424425,3.8504474369034396
iwam1256,sepi1257,-2.990144860172145,0.03270075951452974,0,-8.12291346846,5.483621703224605
iyoo1238,nucl1709,-5.186735801807474,0.04201999038162472,0,-9.896025474984999,5.565751250288465
jahh1242,aust1305,5.399517084756976,0.02524614868170902,0,6.710407982115,3.975106099483935
jalk1242,mand1469,-5.776070070615843,0.015305320913891196,0,-4.1407416333925,5.272376623400875
jamb1236,aust1307,3.810599586774194,0.007773374819571133,0,6.27704172494,3.85965306864676
jams1239,dogo1299,-2.9353732199118356,0.01939895861903159,0,-5.70131702380875,5.320344173925825
nucl1643,japo1237,-3.5137728682595584,0.014385444687065877,0,-2.1674881259175,4.599326447591945
japh1234,sino1245,-4.1959726740168835,0.028068148220291828,0,-5.228319176727499,4.247824110633594
jaqa1244,ayma1253,-3.9804165662484237,0.01042241190308778,0,-6.3651041849175005,5.048733638588205
jara1266,aust1307,2.6241212609204116,0.0196556779124827,0,6.0793410954525005,3.9390162888827547
jede1239,aust1305,5.2957566100148545,0.024168318769179707,0,6.7470766277,3.963856738053995
jehh1245,aust1305,2.8682892335464816,0.027883916351191574,0,3.8704868419289253,3.69577143964703
jeha1242,aust1305,5.267653685009811,0.024200175999218126,0,6.739598833825,3.9684829274573348
jenn1240,drav1251,-6.013828176338475,0.030410838924906196,0,-8.957129568675,6.157091642663286
jina1244,afro1255,3.2580363087652944,0.023093308212769365,0,4.813746420977999,4.053402061282441
djin1251,mirn1241,-3.9442897927603875,0.03464242612327573,0,-7.8055231587,5.580036523718295
jjuu1238,atla1278,2.094735423936112,0.019372179978407386,0,1.7882211266525,3.9478222967841896
juku1254,atla1278,3.3923891876382926,0.01712959145648826,0,5.757383534855,4.218972865242154
jurm1239,cent2225,1.0411384643529025,0.014781288687777162,0,3.5614776354320004,3.8174912896679603
kaba1281,cent2225,2.7615226989112376,0.028235330835335123,0,3.9085013911625,3.779701512641215
kaba1278,abkh1242,-4.991398689612578,0.030311763301958047,0,-5.083180759574001,5.53808771884192
kach1284,gong1255,-5.881153335439782,0.04242212197404593,0,-5.1189028846675,5.05639884605853
kado1242,sino1245,-1.0755477973975418,0.017816189745906617,0,-3.2925646308425,3.931110703912485
kafa1242,gong1255,-4.091489168271533,0.025901882849614817,0,-5.4207553835752496,4.813983773264955
kaga1256,aust1307,1.5852452810322746,0.016420126070579633,0,3.2580724188625,3.7337226933059853
kagu1239,atla1278,2.1154819516706054,0.016412121338874597,0,5.992434689225,3.98590934485211
kaik1246,sino1245,-7.299225999447451,0.06340457889449591,0,-5.043676785835,4.276532987505815
kaki1249,kaki1249,-5.53707014397153,0.03321677232685608,1,-7.05768105135,5.926338079332075
kala1399,eski1264,-3.066043892339617,0.015607764982288979,0,-6.25505527085,4.818447243385275
kala1388,aust1307,2.240227102718976,0.01706167175053887,0,3.9340681639749997,3.85106059420148
kala1384,atla1278,1.4749082172445225,0.019284461033909732,0,3.1900527160625,3.78344521367608
kamm1249,atla1278,3.800502332550656,0.0235084348684439,0,4.10797193815875,4.161764963633255
kamb1297,atla1278,2.3928042993086853,0.020229418788781046,0,5.5404125892275005,3.977488582005135
kamb1299,aust1307,3.1979622637536753,0.026722559129737197,0,4.8810047359199995,4.05582733837605
kamu1260,kamu1264,-4.116559028789457,0.03628225017701479,0,-8.0270938241025,5.652697563583301
kana1286,aust1307,1.425174960773413,0.022647077199147287,0,0.252719409835,3.979249157491675
kani1286,nucl1709,-6.877875031136128,0.035553809788686754,0,-9.9039592392475,5.6453502842737
kank1243,aust1307,1.494482693150181,0.02151842075039629,0,3.03678709434,3.7479359413963147
nucl1305,drav1251,-6.398900565120524,0.011861154462831636,0,-8.946996180635,6.19576103982335
kaon1241,atla1278,1.819348854893324,0.014200366612833507,0,6.095123473105,4.104138283136715
kaqc1270,maya1287,4.035950260570246,0.014318892132772792,0,4.560982966899999,4.63854900595793
kara1482,cent2225,1.977370164089348,0.023585746162485016,0,3.7430733098775,3.7970134698932547
kara1476,pama1250,-4.222975102138999,0.021802295887681646,0,-10.395710003154349,5.39551064003
kara1500,nucl1710,-4.409056032551025,0.01521702235072427,0,-7.073289760695,5.053933376038205
kara1487,aust1307,1.1686279029702182,0.030500362274585954,0,0.7447996208600001,3.75239475038373
kara1486,aust1307,3.8608373515392684,0.026466125232095843,0,3.939957064245,4.059914748291315
kare1338,atla1278,4.714304809208086,0.021425003084452738,0,5.1265095555375,4.058571708358805
kare1335,ural1272,1.2738547754511056,0.01900594961746125,0,2.882169365425,3.60896482520075
kari1311,tupi1275,-5.009871309748996,0.01866724376377653,0,-7.3107830023750005,5.0031280215093155
karn1252,aust1307,1.6640877402972396,0.02028132096360406,0,3.036805592555,3.81999644568278
kash1277,indo1319,-4.0256963973785815,0.03261428858417491,0,-4.099773475355,4.220745924665805
newa1246,sino1245,-6.950935709428267,0.02709707048953104,0,-4.65592767256825,4.293817833991835
kats1235,sino1245,-2.539094576370089,0.028936598234047855,0,-5.7789735769225,4.18984735212676
kana1291,katu1274,-4.380171623789954,0.014322407124782654,0,-6.1293911921825,5.239523645499905
kava1241,aust1307,2.541637962756525,0.0215934877404968,0,5.772587758829999,4.21949100682439
kaya1315,sino1245,0.6988529620995061,0.01868190075099292,0,0.82270892138625,3.84482621664351
keap1239,aust1307,-3.260003556221987,0.018898520171096545,0,0.9446599086645,3.83151966795
keig1242,kadu1256,1.7204130152990609,0.010362914439647979,0,2.7848299001149996,4.81762051576751
kele1255,atla1278,2.146516895939534,0.008754470866192512,0,6.326234387875,4.118720501276284
kele1258,aust1307,2.7097937243071004,0.023581481775779362,0,5.008139799349999,4.020758382908305
keng1240,cent2225,2.625104314221323,0.013049895443668715,0,3.9580201012,3.755004629878695
kens1248,aust1305,5.238786430198516,0.02318959466143603,0,6.7601094502,3.953934542205095
kenu1236,nubi1251,-1.8690975945436308,0.011309811178780086,0,-4.895067418357501,5.34972347603763
keoo1238,aust1307,3.2254808489680364,0.014007657378258757,0,4.8100754386750495,4.085386339033575
kera1255,afro1255,3.3423033749565105,0.030615516699291873,0,4.58957432193875,4.29462808863041
kesa1244,nucl1709,-5.612355870618616,0.04118523818121013,0,-9.3492554820725,5.77130281943661
kett1243,yeni1252,-3.736978938141009,0.023575501545582897,0,-8.33049759610825,6.84507669363183
kgal1244,atla1278,2.506700472105509,0.011806620630494934,0,3.034535757035,3.65350813558072
khak1248,turk1311,-3.99218156147844,0.019938894608786548,0,-7.955272196425,5.29109180252666
khal1275,sino1245,-6.511145195517663,0.02129208194492862,0,-4.80208080471,4.293726350136495
kham1282,sino1245,-5.816003269724339,0.027700390980407198,0,-5.3557444186400005,4.165496926270115
khan1278,atla1278,2.3989197470139496,0.01819033078867722,0,4.606826640195001,4.14256784095601
khan1274,aust1305,3.773662520568087,0.016634262480788448,0,6.958879085905,3.85274891777901
khar1288,sino1245,-3.017277834496968,0.027742808270374765,0,-5.072110051655,4.22190251794226
khas1269,aust1305,1.2172723566508297,0.02794000451208174,0,6.7409398776925,3.89578788592561
khez1235,sino1245,-3.111839624445232,0.023605159926663028,0,-4.8698922245,4.26643328888262
khin1240,nakh1245,-6.466289694492071,0.020642640378621888,0,-6.7573723232625,5.209249544196934
khmu1256,aust1305,3.5855756026199677,0.019797470321586203,0,6.5854807995625,3.90544892404564
guan1266,sino1245,-2.909382875986685,0.024442985155643405,0,-5.31684908049,4.22471163078089
khum1248,sino1245,-4.111429530166924,0.03577235822904235,0,-4.851201390137501,4.304325994406501
khva1239,nakh1245,-4.770479869666819,0.019409539263026153,0,-6.8300233304125,5.091373993706585
kich1262,maya1287,4.048160746076989,0.01012799185460061,0,4.62781158432575,4.624884040006415
kiku1240,atla1278,2.8139873209434256,0.02125987708343271,0,5.5144277656425,3.987981352790945
kile1243,tung1282,-3.8122792983679448,0.021708704346139543,0,-10.065866377575,6.779719316390725
kili1267,aust1307,0.12778495636534845,0.017034803632658756,0,2.7872139282925,3.738117947639895
kimm1245,hmon1336,2.166648120350687,0.014882174517522403,0,8.647872431525,4.42365720281564
kina1250,aust1307,2.2034851535920543,0.023163743393582743,0,3.99071748728275,3.845561245724205
kinn1249,sino1245,-7.2686997810091345,0.03207549670311455,0,-4.9435755947205,4.31654515608394
kiow1266,kiow1265,-3.606748078293397,0.019101821300354593,0,-3.8137965205075,5.039213290844065
kips1239,nilo1247,2.184661210816658,0.021178278142664195,0,4.248089684017501,4.315824986498425
miju1243,sino1245,-4.320113915121906,0.06250421584657587,0,-2.23541008756,4.08926394834082
koda1255,drav1251,-6.165641141364201,0.030217535127296264,0,-8.9662436795,6.20291185746859
koit1244,koia1260,-5.0794223971933175,0.0446952517877221,0,-8.143599233225,5.710793785304761
koko1269,aust1307,3.0073646855901077,0.004510645852351967,0,3.1364388429299996,3.84366295237066
kola1285,aust1307,2.3501906518468614,0.018491879134126216,0,4.038368278122225,3.98648054309775
kolb1240,atla1278,4.479768026277327,0.027448831575063358,0,5.0685463290424995,4.129472106938135
kolc1235,atla1278,3.552120196493302,0.022329157871589202,0,5.9429484248625,4.150560130580095
kolu1245,aust1307,-1.159666886735697,0.01920412337251964,0,0.19564692964975,3.95831513420187
komb1274,nucl1709,-5.771660226392231,0.034677616541017385,0,-9.9977608322025,5.59186137622488
komc1235,atla1278,3.2311447352010587,0.03560005596589215,0,6.342377799365,4.50831045189239
komi1270,sino1245,-4.1768172681017806,0.03031217750883795,0,-4.81988966355275,4.309684284441815
komi1269,ural1272,-3.3224551193887217,0.02966840645115085,0,-3.7253987171475,4.07174545924826
komi1268,ural1272,-2.6406725456882025,0.03314082057892176,0,-3.75053371077975,4.07556276597127
kona1242,east2433,-3.5119383681381904,0.03594903340677085,0,-7.846702332547499,5.45929570393408
konk1267,indo1319,-5.038384765125084,0.027338937911477186,0,-4.0714751175220005,4.230196445017495
kony1248,sino1245,-4.536642068464902,0.018901132486598693,0,-2.9010986789880002,4.070405425520175
koon1245,atla1278,3.6600042448362142,0.022331725315793742,0,5.9560644059525,4.167871784688935
koor1239,gong1255,-5.816036774270834,0.04514363264028236,0,-5.13808658152125,5.04680204503266
kore1280,kore1284,-2.224517156044985,0.008879705007687665,0,-6.8973668172225,6.667832239268085
kore1283,tuca1253,-4.5232243274130575,0.009051832157180986,0,-7.30818343468,4.998557390060904
kork1243,aust1305,-3.2164522938714435,0.04084568555306083,0,1.1502785903925,3.82602694819804
koro1298,atla1278,1.7801144702277292,0.024625602398934493,0,3.8305368314975,3.91897009366334
korr1238,drav1251,-6.287886373268999,0.024325061671968264,0,-8.89731880991175,6.254694669387625
kosa1249,nucl1709,-3.775532723783817,0.04011238574223929,0,-10.00987974635,5.509761178398454
kosr1238,aust1307,4.51190556571852,0.006617400680689036,0,5.30804415124,4.023929161762905
kota1263,drav1251,-5.9932908105786025,0.028031483605373858,0,-8.91222560198,6.21294741086544
koti1238,atla1278,1.6718865966879153,0.01600716895305453,0,3.8334482999417503,3.717677451218425
guan1269,tuca1253,-6.434555326194555,0.012036072565394408,0,-7.2388179522975005,5.088885188280685
kova1243,nucl1709,-3.379727902962662,0.03276308486033107,0,-10.029357345305,5.486787011227545
kove1237,aust1307,2.4352221843720994,0.02836337070905815,0,3.41519929753,3.9688755374179348
koyr1242,song1307,-1.3600776713940297,0.022146943292142705,0,-2.467239578924,3.8405201812852052
koyr1240,song1307,-0.689083808672571,0.023796814965214252,0,-1.71500760855975,3.856940889411885
koys1242,afro1255,-2.0598016702242865,0.022695564229055627,0,-0.91279936444925,3.7598573712849497
gbay1288,kres1240,2.4311375471294294,0.012006716385232093,0,4.5773508170924995,4.964081065788495
kryt1240,nakh1245,-6.476377397138228,0.027186865629320392,0,-6.778033185945,5.150157423428435
puoc1238,aust1305,3.875631099945747,0.01656171821717722,0,6.6086493808,3.9066183239090497
kuan1248,aust1307,3.4274313589309005,0.020450337773478867,0,3.8162980796449997,4.04959549283842
kuik1246,cari1283,-5.138742515722987,0.018892705282145414,0,-7.61291398513,5.0321334999184995
kuku1280,pama1250,-6.315904857961382,0.03347459030164797,0,-10.257796807750001,5.446309889742
kulu1253,sino1245,-5.085149488570327,0.02854918401392293,0,-4.80394048108125,4.29133746639354
kumb1268,pama1250,-4.44051338742579,0.02123278187722682,0,-10.270500879850001,5.479949227649845
kumz1235,indo1319,-2.2555973928124518,0.01581630506017086,0,-3.846532277693,4.207710871255911
kuna1268,kuna1268,-3.0849586437552854,0.019413491169805158,1,-5.8244551779750005,6.3795874925241645
kunb1251,gunw1250,-0.5618490099478943,0.022911633072101745,0,-0.8065149702650001,4.044633975282335
kuni1267,kuni1270,-4.285005195794108,0.03432193636886242,0,-7.766847807875,5.713618757211719
kunj1245,pama1250,-6.379913695580006,0.027090438432396474,0,-10.269229130854999,5.5142420751126355
kuot1243,kuot1243,1.9551472787736244,0.018832555501500023,1,-0.8265263894,4.660845592483184
kurr1243,pama1250,-4.088788751190469,0.019108973260072073,0,-10.4810401526075,5.35567485872755
kusa1251,aust1307,2.455792161667839,0.015523891232249454,0,4.2645821645525,3.9114877341159398
kusu1250,kusu1250,-7.195204664969011,0.025973235327874402,1,-6.9786129148425005,7.386799379985585
kute1249,kute1249,0.7930877393563045,0.0060023280973171556,1,2.9164004703525,4.440383124024985
kute1248,atla1278,3.2896938954027437,0.02297090594330561,0,5.662779707029999,4.259405156377065
kuyy1240,aust1305,3.9406477857847424,0.027667263537899483,0,6.756462290475,3.91712066578092
kwai1243,aust1307,3.1587706769089583,0.020268647666379546,0,4.16276700199,3.8855577883086747
kwam1252,aust1307,3.7578523421555614,0.020367540758247534,0,5.329259881035,4.001899340119695
kwar1239,aust1307,3.2030680348212757,0.02276869148359347,0,4.18222073563425,3.87236282568556
kwaz1243,kwaz1243,-3.1513428661457135,0.012722884441345282,1,-6.1251864378606005,5.160511973996135
kweg1241,surm1244,0.2373818712499938,0.012971346280072679,0,3.0914450898125,3.934949584410555
nucl1595,kwer1242,-3.517768178663564,0.015784931272353232,0,-8.0304418155675,5.658056553064985
kwin1241,worr1236,-3.150597280514196,0.036812761740200324,0,-8.0121781443185,5.54691929261564
kwom1262,sepi1257,-4.365933979711543,0.029660494758672915,0,-7.9542084763425,5.594456688735455
nucl1593,kwom1263,-3.477835725264023,0.04066163529265669,0,-7.60548376059635,5.7181624798278055
kxoe1243,khoe1240,-3.0645003545318525,0.011136563772516156,0,-2.8827729643675,4.64145643815006
kyer1238,sino1245,-5.4959011197571,0.027364800365230996,0,-5.387114187777575,4.14455766243861
cori1240,atla1278,2.384664317940322,0.02347670931916739,0,5.0828291856425,4.07203815233871
laal1242,laal1242,2.554065148754717,0.017451130242270893,1,4.0872678823975,5.378538815918899
labu1248,aust1307,0.5839917018447269,0.021694916660464393,0,4.409277861321749,3.8809838826105
lagw1237,afro1255,3.2427818882923582,0.03878562625825538,0,4.8082691485049995,4.080405278298905
zaye1235,sino1245,0.4699160936234008,0.02039857665406107,0,0.83176507102475,3.82696503647216
lahu1253,sino1245,-1.0497660237446214,0.022947119985536227,0,-5.76145538524125,4.154960555337805
laiy1246,aust1307,3.503656050187666,0.02493044266024999,0,5.38997955196,4.0581085016752905
lakk1252,nakh1245,-4.927664618739996,0.024636562772381645,0,-6.8414040488225005,5.147970362480805
lala1268,aust1307,-1.6363153818235132,0.01873197277999035,0,0.177470749445,3.7852410409930703
lama1277,aust1307,2.903726426859442,0.019605810064284423,0,5.00853958748,3.9989214131802546
lama1288,afro1255,2.831112690756869,0.027866120993767982,0,4.60064698531,4.062601070053465
lamb1273,aust1307,3.3115388981350296,0.019411620482175235,0,4.889547598985,4.0402379511073505
lamb1272,atla1278,1.162250332626892,0.018856858991099637,0,1.846023701355,3.825913029145375
lame1260,aust1307,3.7917977198567625,0.005295290177788294,0,3.94143113170525,3.86149109205933
hela1238,sino1245,-6.876687918259018,0.025771800935071972,0,-5.3869340330025,4.154192792028946
lamk1238,sino1245,-2.63343311552614,0.02905958702163672,0,-4.9331430700725,4.270129476389656
land1256,atla1278,0.12021118562133279,0.03513262452212548,0,0.5609497236850001,3.75159163549431
lash1243,sino1245,-3.0371802696139287,0.03316682370672298,0,-5.622645692525,4.1971512058303
teke1275,atla1278,3.1858676440482614,0.014830055544542392,0,6.157770859379999,4.0984541171526505
latv1249,indo1319,2.4070711120458816,0.04089582097033074,0,2.437729296295,3.86239729471557
lauu1247,aust1307,3.2599459898152956,0.02151839087259886,0,4.2208000123575005,3.86326677652245
lave1248,aust1305,3.433535674387378,0.042130390731564736,0,5.544672838175,3.812064898727985
lavu1241,lavu1241,-1.7812857879482522,0.015883591566934672,1,-8.411642602697501,5.5121476914816
lazz1240,kart1248,-3.5599848697264083,0.019676718146089865,0,-5.3721687210685,5.135581954473475
lega1250,atla1278,1.3919254935934668,0.011769323373072587,0,3.4758571599252504,3.72646223925745
lega1249,atla1278,1.5385628748113742,0.011622625707738221,0,3.45271221701925,3.743402257199315
lele1276,afro1255,3.414939310576458,0.021357644631839277,0,4.59506393554775,4.298727472120374
lele1267,aust1307,3.2359558159245756,0.04190703135158036,0,3.382611917485,3.79751384272911
lele1270,aust1307,2.800977289460142,0.021368083520683583,0,4.98963493015,4.038949787438745
lemb1266,nucl1709,-5.412619436587276,0.04042855634338831,0,-9.852686921705,5.603349366939845
leme1238,aust1307,4.035898968975552,0.025090763686004793,0,5.161288544387499,3.963297159766565
lena1238,aust1307,3.7136976733075624,0.009878011724180015,0,5.3432798171075,3.99545749225926
leng1259,aust1307,2.911621497781227,0.0055103454465552934,0,4.6714603804425,3.970872570677305
lepc1244,sino1245,-4.801599607617229,0.012390663400696677,0,-4.5419731969049995,4.277483564478655
leti1246,aust1307,1.7776537624898308,0.022246538860913934,0,4.9022335663300005,3.989270658536975
lewo1242,aust1307,3.729057412017606,0.023098206149236133,0,3.9500248191800003,3.864556262404885
lewo1244,aust1307,2.8922503575080487,0.024081481538846268,0,5.0164640752425,4.000627829373769
lezg1247,nakh1245,-6.439208352569574,0.029124387416109863,0,-6.86667230511875,5.161179431714945
libi1244,atla1278,3.481400656142556,0.01771385853205399,0,6.0314752244475,3.8900168075439048
liby1240,afro1255,2.8065418480515447,0.018941992718640617,0,5.137654901007,3.7542196219893302
liji1238,atla1278,2.702064870611678,0.04474819822930427,0,4.5971913214,4.12141607051639
lika1243,atla1278,2.50835637314373,0.011299483013577596,0,5.4860742736875,4.18621858041994
lill1248,sali1255,1.7142275571451013,0.01823926267668348,0,2.48001775076,4.246346245966125
lipo1242,sino1245,-1.2539754492806745,0.017364034073904366,0,-5.964953854347501,4.108393751872585
lish1245,afro1255,-1.9557051651756834,0.017919272041404748,0,-0.90745429330945,3.755608350155205
lisu1250,sino1245,-1.786434751357754,0.027926070210322593,0,-5.9445850514675005,4.120185302826835
lith1251,indo1319,1.3708316877425881,0.020194137581077937,0,1.076643086315,3.82707815676193
lito1235,atla1278,3.7294363052965256,0.017653102256659916,0,6.025007495991,3.90230063374735
livv1243,ural1272,1.9018136638120189,0.018632019167719855,0,2.98475724938,3.59556701440552
loba1239,atla1278,3.505561671423745,0.013892056863920508,0,5.8352868566475,3.932643572964545
logo1259,cent2225,-0.3884903973388364,0.014110089471337333,0,-0.667204378915025,3.88196998410577
balo1261,atla1278,2.9553124310767425,0.014535491435026993,0,5.9753500098575,3.917465266210335
loka1252,atla1278,1.8682353725384346,0.016748523192544655,0,1.6919321579025,3.980194669317325
araw1276,araw1281,-2.8718914710873937,0.018638852077491913,0,-2.9589974694575,4.04806414565166
lolo1259,sino1245,-1.2622138962289813,0.01994147418139592,0,-5.9708412585475,4.083224549317495
lomb1257,indo1319,3.519178360609246,0.03987505682839611,0,6.175487947295,3.995129851794445
chiq1248,chiq1253,1.193414339598044,0.0036316296367395534,0,0.6893350352800001,4.4273004955083195
acha1249,sino1245,-1.5159955576272377,0.017475308208748326,0,-5.671193322660001,4.174267750075005
long1395,aust1307,2.8525488436631417,0.01657349373854562,0,4.26935047764,3.947466638263235
loni1238,aust1307,2.85821913919737,0.026449974122702936,0,4.998162620724999,4.03675019412439
lonw1238,aust1307,3.938788789038149,0.02259414571342341,0,4.8698771656,3.965789889180435
lote1237,aust1307,2.4242864577097114,0.02474652627676267,0,2.663677076925,3.7904478953397502
louu1245,aust1307,2.707881769560058,0.026070253678175916,0,4.9639909332775005,4.041921096809765
vano1237,aust1307,3.8937169323870213,0.02038483106439357,0,4.7828871848422505,4.082958310462274
lowl1260,tequ1244,2.25849155000107,0.00671812305479182,0,0.7012808238525,4.688990389641745
lowl1265,utoa1244,-2.9515332959926996,0.01934425178752724,0,-4.2415798794,4.08062638940396
lozi1239,atla1278,0.46564837952005556,0.016584407259537318,0,1.6843756334875,3.634227095836465
luan1263,aust1307,1.7160663655498785,0.023537392670066607,0,4.91250812990825,3.968361000609325
onto1237,aust1307,3.373112840290374,0.021784591303518543,0,6.229155581400001,3.90420169964157
luch1239,atla1278,0.7372251792367404,0.015280961492650012,0,2.8673899047575,3.87730646387906
ludi1246,ural1272,1.5359341059958358,0.01782354829812706,0,2.9959839464674998,3.58764823580512
lugb1240,cent2225,-0.5589753262723337,0.015364325298324143,0,-0.6685921735075,3.87044164800398
lugu1238,atla1278,2.0132688346692635,0.01896296161711383,0,5.97365572803,3.98731825223151
lule1254,ural1272,1.1405066500695362,0.019384941918112072,0,0.47704588532025,3.512546696251665
lumb1249,atla1278,3.123359622950022,0.013863142339858687,0,6.19734089135725,4.129075720685855
lumu1239,narr1279,2.0603239318105255,0.007821261596857565,0,3.4211487128974998,4.865210341807774
lund1266,atla1278,1.7609686126880775,0.024024616667770803,0,4.8773453256625,3.96882597621166
luok1236,nilo1247,2.0710575501261594,0.016131513608381227,0,3.74245205927,4.072322598003125
luse1252,atla1278,2.305192753988851,0.021338896066502747,0,3.5107655010175,3.8140783514769847
luya1241,atla1278,1.0852765564568052,0.01664260590826961,0,6.1392448802575,4.12335942143793
maan1238,aust1307,3.7894801482495284,0.019505746276956202,0,3.3737235591712498,3.8666625187051853
maba1270,atla1278,3.3642215268897795,0.016013775557792827,0,5.9518713732875,3.923955888000155
maba1277,maba1274,-1.8832300455035909,0.011062527815495719,0,-5.0785197393849995,5.110898305548655
mace1250,indo1319,2.9279326987331915,0.025251333630652663,0,3.665301151585,3.7858475691529296
maco1239,sali1297,-4.312267816687248,0.015786814703770958,0,-6.06665947433425,5.185792522340719
macu1260,tuca1253,-5.091927695442183,0.0077295098946680955,0,-7.3617200443675,5.025979614985536
macu1259,cari1283,-4.889274420685761,0.005986501934424697,0,-7.8431064129,4.954546437065435
mada1285,aust1307,3.786315161047405,0.027260085916448178,0,3.873169606635,4.048441142073035
madi1260,cent2225,-0.360858751261553,0.017618489800358565,0,-0.5779282913924999,3.853386530669
jama1261,araw1282,-5.419165617831025,0.03611981347053246,0,-6.03543958225025,5.157672805876585
mafe1237,aust1307,3.942030737436413,0.008215918349839164,0,5.0994084847175,4.0045028277691
magd1235,otom1299,4.5566761294347575,0.025474737615096645,0,4.688012276889999,4.741325351682365
magu1243,aust1307,2.2616314537279596,0.022044211473223125,0,3.452029863555,3.88413788302857
mail1248,mail1249,-6.138308497309733,0.03713591680938052,0,-7.2140851095585,5.805448449673365
mais1250,aust1307,-1.476591448860749,0.026655776782447703,0,0.6622782523599999,3.9230072855292653
mait1250,indo1319,-3.6806395030168324,0.023046267182362433,0,-4.140952931525,4.18881316814647
maja1242,surm1244,-0.07982591786537116,0.021087560344755236,0,0.7301076710025001,4.084818682719375
maka1304,atla1278,3.682582419116453,0.023817439730527176,0,5.934859591032501,4.162947490834394
makc1235,taik1256,2.0617850603419474,0.019199859235895938,0,7.361267485887501,4.466477624276131
makh1264,atla1278,2.0179800164864705,0.020728590123204323,0,3.91694757425625,3.7190897778577696
makh1266,atla1278,1.9322794961561929,0.02077473301837443,0,3.9212301345341247,3.71094694611111
mako1251,atla1278,1.5135135345563495,0.02076082319492537,0,3.69406878593,3.752681222184175
mala1463,drav1251,-5.501923876168261,0.021649377056286268,0,-8.9483527952425,6.176511134574991
mala1464,drav1251,-5.664715802203167,0.024855671801147526,0,-8.9465786786775,6.204030534983374
mala1522,chib1249,-3.9395735919442867,0.009167812929241681,0,-8.57807939465,4.79350475469617
male1284,gong1255,-5.679581158198656,0.03104804007683576,0,-5.1234473496775,5.005856574363484
male1297,chib1249,-3.5631468337395678,0.01098310019688347,0,-8.578626084525,4.812211351286775
male1289,aust1307,1.99113720921248,0.03525425666148076,0,2.5813447200675004,3.752958704058735
malg1251,afro1255,2.827345650516531,0.022766561575548794,0,5.119657888585,4.04139312031292
mali1285,otom1299,4.362107685711901,0.007792096390975546,0,4.2814123614524995,4.696955529367756
malt1254,afro1255,3.559083732211346,0.02353579186648225,0,5.149271105415,3.75723165121157
malu1245,aust1307,3.853502649314622,0.022974771290073696,0,4.94044151899,3.996056161206635
mamm1241,maya1287,4.063010270479666,0.014686461241612324,0,4.5607314105575,4.65017665523464
sauk1252,nucl1709,-4.427810587821911,0.03377374016378288,0,-9.9798031419125,5.56138293014668
mamb1306,aust1307,1.3467085090736117,0.022493782408245525,0,1.236956979892125,3.83805750766647
mamb1294,atla1278,4.7072129266966805,0.018688025843438733,0,5.09013002887,4.093196433719035
mamb1296,atla1278,1.514893763002547,0.020716279565530148,0,3.9797137110080003,3.864229342433005
mamv1243,cent2225,-0.3562391789402197,0.016106939511064677,0,-0.22410033080000002,3.855946372439035
mana1295,aust1307,-0.10745104248748245,0.017481951554900486,0,1.43310931891935,3.88237923922689
mana1298,nduu1242,-4.564718769969977,0.033217767305748394,0,-7.769259185085,5.54841604423006
mana1288,sino1245,-7.079190093879928,0.027044951479187174,0,-5.1131112486625,4.260971112392095
payn1244,nucl1709,-6.928910403507297,0.0487154362595205,0,-9.3332798064925,5.830120914280185
mand1440,aust1307,3.9083921924156475,0.024928908895196705,0,3.9744653458125,4.024273478883465
mand1415,sino1245,0.015944357514752802,0.011637013618553843,0,3.06196317031,3.7707816123181397
mang1378,aust1305,3.3886615064999672,0.023946279412373057,0,6.53699129794,3.9225276618332803
rapa1245,aust1307,3.9322019605504175,0.024601933892516727,0,6.31674253514325,3.89535614265933
mang1401,aust1307,3.756593897307737,0.019114888641814997,0,6.27906329905,3.89189924102982
mang1381,mang1423,-3.7053497228571195,0.027584477905143536,0,-8.09827282642975,5.63824327850729
mang1394,cent2225,0.682568440071775,0.014166654636060578,0,2.1333634079967503,3.7941365714797097
mang1405,aust1307,3.4046651167545336,0.021844461812096636,0,4.847299644341501,4.056154969152971
mang1403,aust1307,2.4463820875260835,0.008102454866027165,0,3.0997747386375,3.939352828475905
tong1308,aust1305,5.133906200682938,0.02445057829587648,0,6.76638959255,3.957042633641775
manm1238,aust1305,3.076247715451209,0.03915149355751784,0,6.95150181425,3.861395110148935
maor1246,aust1307,3.2224887467562247,0.01865238334084446,0,6.323443135750001,3.88403888164091
mapo1242,aust1307,0.26957656216480597,0.02785184113149828,0,2.0349249518374997,3.77099478609385
mapu1245,arau1255,1.5414749712267608,0.0051165949688688084,0,1.09257397427,4.48768573531789
mara1382,sino1245,-2.487544035258427,0.022609062062619777,0,-4.9316419822899995,4.252936871724825
mara1399,aust1307,3.8701534681264453,0.020270629832240615,0,5.01950915508575,3.968287440851525
mara1379,sino1245,-4.430722348788214,0.030674800236113225,0,-4.5913640606275,4.366748646718265
mara1378,indo1319,-3.72882802935571,0.027424319392994143,0,-4.175325065585,4.1932436536942745
marg1265,afro1255,2.6509637925288088,0.02332627705639285,0,5.158511633822499,4.032308643216686
mari1440,coch1271,-3.3800790216690517,0.005301005055971674,0,-5.208194182170001,4.735011820046616
mari1428,aust1307,-0.7202541922500734,0.015431763363360222,0,0.8045639723935001,3.861781507666625
nucl1622,anim1240,-4.810902443416905,0.031183024837201753,0,-7.328785908705,5.602344525588466
moro1289,moro1289,-3.916328584490163,0.03297068035068837,1,-8.139220012175,5.62595319029825
maro1244,aust1307,2.5432255523587037,0.004324062060952836,0,4.1950363934925,3.9434023123643103
mars1254,aust1307,4.4027297946779225,0.018091909683743447,0,5.5711348329925,3.9680250629821847
mart1255,pama1250,-3.846918479790425,0.022712198115462896,0,-10.461210940495,5.380605668337455
maru1249,sino1245,-2.3219184942543505,0.017665200160280132,0,-5.58292740228,4.195718114641175
maru1252,pano1259,-5.745919645452531,0.022203848431231236,0,-8.17678748839375,4.861583007592795
masa1322,afro1255,3.3901260784942124,0.01908327311658822,0,4.283893750361175,4.254853485028015
masb1238,aust1307,2.399644867315471,0.0054541246218587905,0,3.9726207659195003,3.83007131105703
mask1242,aust1307,3.8053575544139573,0.024860692895936835,0,5.0397430812524995,3.973793039480795
matb1237,aust1307,3.2256403833812137,0.013961557916300351,0,4.728675661764999,4.102627120356325
kemb1249,aust1307,3.98656017612719,0.003243142603138712,0,5.3023833788125,4.06337808256616
mati1250,aust1307,1.7232982388967262,0.023883542509501456,0,1.63318051396275,3.7265389849397748
mato1252,aust1307,0.8296026758668124,0.019769429591029924,0,2.7868002743075,3.8308462853699403
mats1244,pano1259,-7.216206577217369,0.012110202123298348,0,-7.9637659551325,5.0218960973506555
matu1261,aust1307,-0.4591208079760062,0.02338886177155451,0,0.8521198663802501,3.8692829627709653
matu1259,atla1278,1.5257616870491884,0.014289519874252084,0,4.4372828699774995,3.825130123393225
maun1240,iwai1246,-2.92201213725711,0.02411579406331006,0,-8.2801789686075,5.532216720978155
maxa1247,nucl1710,-3.900397934408141,0.009671712825544463,0,-7.18899467593575,5.049501179949745
maya1285,misu1242,-2.76174917591353,0.007436329925270207,0,-6.6299762534625,4.99478234816276
maib1239,mayb1237,-1.4736036758855378,0.01765276095791709,0,-8.87481357739,5.455864133673041
mayo1264,utoa1244,-2.8725270041539064,0.021925482703793835,0,-4.22495269001675,4.04883882263521
mayo1261,atla1278,2.580586903245372,0.01744905230649064,0,4.785193715062,3.86647801784803
maza1304,afro1255,2.8897431284603914,0.023293905625513336,0,5.1885462139625,4.13351625117749
mbaa1245,atla1278,1.6820918343623548,0.015783021415174354,0,2.964889061045,3.7355510730232098
mban1263,atla1278,4.11794518128284,0.021557956018383825,0,5.22048549092025,4.021696742194675
mbar1260,afro1255,3.36159593115089,0.02746818251911383,0,4.611904717414999,4.063005198400235
mbay1241,cent2225,2.7938900509645994,0.029751188750480523,0,3.87378802083825,3.7759432989146
mber1257,atla1278,3.2919772241213616,0.015193809180634186,0,6.162766505597499,4.111725143430215
mboc1235,atla1278,2.4534216184067885,0.016050758042387335,0,4.522140767102499,3.929595517095975
mbol1247,atla1278,2.2007294873950496,0.008540169239653008,0,6.3063964176925005,4.137976539219765
mbul1263,aust1307,1.7700176491693478,0.027463328263344862,0,2.65936694861325,3.78677282659443
mbya1239,tupi1275,-3.323229078356608,0.011522171823916115,0,-7.732119314509999,4.867574020172225
meen1242,surm1244,-1.6479936413004626,0.012851672892506969,0,2.381960637898,3.98112941942792
meke1243,aust1307,-1.17275836532759,0.01677169854661374,0,0.23042242103025,3.7929612508796398
mele1250,aust1307,3.190024786841087,0.028879645714966776,0,6.2923931864050004,3.882226129455125
melp1238,nucl1709,-5.724694513350527,0.03894249198933322,0,-9.975200986765,5.56731447999003
mere1242,aust1307,3.8399453586085115,0.024150525702780586,0,5.0412667187475,3.991420834860205
meta1238,atla1278,2.829518028472759,0.03673752134696201,0,6.37900959963575,4.530050673210885
mezo1235,otom1299,4.569271793853261,0.008938259373594274,0,4.7315515596474995,4.71691209900209
mezq1235,otom1299,4.133958732320775,0.011955377535462762,0,4.652719273815,4.573527517578505
mich1245,utoa1244,-1.1560403255642662,0.02007151234405166,0,-3.1594755471875002,3.8760970973616047
mikm1235,algi1248,-2.3803041821098745,0.008371951344681185,0,-3.74629092266895,4.142007758378555
mila1245,sino1245,-4.831663384556524,0.027549608322275123,0,-2.4370391103975,4.10461606149173
mina1276,afro1255,2.902246859538351,0.008236426905598155,0,5.20404319093,4.12068444150173
mina1268,aust1307,3.7217574523699968,0.020843249064483024,0,6.187495902449999,3.884594794145405
mini1256,huit1251,-4.639559864350321,0.01526745889371236,0,-6.089134304573999,5.204964767484075
mini1251,aust1307,3.430963337992135,0.027135973946677657,0,3.8094111350224997,4.03720002143747
minn1241,sino1245,0.050921146198484146,0.017226644966731527,0,3.0056482660999997,3.873891915165435
misk1235,misu1242,-2.696898251630714,0.007651471504607072,0,-6.550100212757499,5.0239571104917395
mixt1426,otom1299,4.5351400898643925,0.013318278794966457,0,4.858780213135001,4.671599945965054
miya1266,afro1255,0.9931728419299561,0.024558319708529213,0,1.50454913324275,3.9287142868979847
miya1259,japo1237,-3.6087808264674526,0.02119554157932034,0,-2.4112903387399998,4.58840436249532
lush1249,sino1245,-2.751031246291748,0.023765785265435733,0,-4.93217718336925,4.253094240757685
mlab1235,aust1305,3.8325486857316813,0.016264685432722723,0,6.575803196995,3.912935505067395
moba1244,atla1278,1.0818229982199123,0.02820928870421163,0,3.51166136124,3.8475393403583498
moch1257,maya1287,4.027123365834268,0.01415055696809262,0,4.6235960689775,4.59772242881966
moco1246,guai1249,-2.5266743573359065,0.005730269462986958,0,-5.865859589855,4.995393551608615
mode1248,indo1319,3.204691732481893,0.022918807112234388,0,2.4667850527804998,4.264813588211915
hebr1245,afro1255,2.364507806295111,0.021301931249855598,0,2.14450199783,3.882980824278135
moha1258,iroq1247,-5.24626299067669,0.01827296560617383,0,-6.04148666934525,4.835523140628915
moke1242,aust1307,3.687305942492606,0.024722219582601065,0,5.56857289380775,3.942866094265855
moki1238,aust1307,4.520357687044564,0.026647005774287164,0,5.6262253465755,3.9526093651257153
mokl1243,aust1307,3.8305950850402892,0.022264981536595188,0,5.5556486186775,3.94670417294867
mokp1239,atla1278,2.2254677341532627,0.021553415838623875,0,5.94443730841,4.07518967071084
moks1248,ural1272,-2.2436196200865215,0.019637320307698106,0,-2.1904929004825,3.8790322171745553
molo1266,afro1255,3.072234072653476,0.022810068997220455,0,4.98365189634,4.10871390115008
mong1338,atla1278,2.573195973685264,0.019847450512104275,0,5.89581854889,4.01415912684338
mono1273,aust1307,1.1661896910877534,0.017893566085221965,0,1.8270358740915,3.752579459964695
mono1270,atla1278,4.254766204499131,0.027837078747509843,0,5.2291833303225,4.015937772393105
mono1275,utoa1244,-3.257291085434302,0.025124396824898976,0,-5.8252806609525,4.20877211632705
nucl1458,monu1249,-3.567743014205763,0.03310509407225579,0,-7.23881456271,5.67139746641455
mopa1243,maya1287,3.4754327032103514,0.007018664971612208,0,4.846692228185001,4.51836423402337
more1259,utoa1244,0.1363479937714511,0.025127897041617147,0,-2.7976189761125,3.78503182019059
morm1235,aust1307,2.8316128782227468,0.02666356033063769,0,4.7914630930049995,4.0987737582132056
moro1287,aust1307,3.304998878850319,0.02252167671150775,0,5.41771149857,4.050482427527725
mort1237,aust1307,4.456903346152903,0.018712415121555345,0,5.8412462128395,3.906257106587905
mose1249,mose1249,-2.8585241561600663,0.008511935832086487,1,-6.1310683688975,5.172425094226385
temb1272,atla1278,3.394549341612707,0.021169372475190795,0,5.7186654235350005,3.97419311488076
motu1246,aust1307,-1.8856416138139223,0.02151661551652222,0,0.380041278365,3.7944571857853253
movi1243,movi1243,-2.752134188132536,0.014609965518290847,1,-6.2743956355675,5.16429811905431
tang1347,aust1307,3.8326013615903562,0.021500884917363555,0,5.0313763640074995,4.014899338550415
mpad1242,afro1255,3.0191980168842316,0.02341316663154314,0,4.800042853867501,4.056086877611225
mpii1239,sino1245,-0.40429332920771577,0.027526978941214777,0,-5.88755056643,4.121518644840769
mpot1240,atla1278,1.8403904097624202,0.017491336356341126,0,4.362257799281251,3.832758849054115
mpur1239,mpur1239,1.8016013596181877,0.020925848331569786,1,-0.87823917936,4.62073348686514
mual1241,aust1307,3.9771906704864044,0.014751400150129485,0,6.146417727475,3.930163782439135
mudu1242,aust1307,2.843128351735593,0.027963539090808318,0,3.990961613265,4.03393484329766
mudu1239,drav1251,-5.934034683585084,0.024318534871458755,0,-8.961230454197501,6.236027893587455
mull1237,nort1547,-3.2282184116488377,0.026405287686761682,0,-7.72494508205725,5.642759224056845
nucl1240,atla1278,4.0690310119537685,0.024465190157570968,0,4.89738687353325,4.152788408769845
munc1235,sino1245,-2.7006422408547275,0.041719480861772074,0,-4.96221860011325,4.260135386831185
mund1328,atla1278,3.2748081431493015,0.01766201315407071,0,5.52912689391875,4.470074031509295
mund1325,atla1278,4.835943729618606,0.019362222214884834,0,5.101481477135,4.114982653015855
mund1326,atla1278,2.450962858396589,0.017065201736666178,0,4.8172679595600005,3.85273090414243
abar1238,atla1278,3.2493772817928415,0.019769718188013694,0,5.5584034200475,4.494839403287775
murl1244,surm1244,0.8428550470241704,0.01228820340767404,0,3.2086565664675,3.94746629913152
muru1266,pama1250,-5.119665949599969,0.019422504645388666,0,-10.2668423031075,5.482118295557785
musg1254,afro1255,3.312111432111869,0.023571416602421177,0,4.6023071750812505,4.076790711985935
muso1238,aust1307,0.7333964500327714,0.01756118196095423,0,4.3825987578675,3.88854652861808
muyu1244,aust1307,0.7941130428677745,0.02130162854261567,0,2.770884393993835,3.75294974580107
mwag1236,afro1255,1.2416298307166698,0.024268725792320246,0,5.12682392752,4.061063680185486
mwan1247,atla1278,1.6963629087353298,0.017466688158759878,0,6.29341210705,3.937683187681455
mwer1248,atla1278,0.9633455813748526,0.015384373927411538,0,2.6686358775832497,3.6812266073415847
motl1237,aust1307,4.103165330446987,0.023440070269951322,0,5.147605460977999,3.98237201871037
nade1244,nada1235,-4.752956639319172,0.008300062241834917,0,-6.6535747638250005,5.046870020764765
sout2857,aust1307,3.742982847054142,0.010502187349918474,0,4.99379068112,3.974173369115875
naka1262,aust1307,2.676893843576063,0.01989556427109635,0,3.99500092060075,4.01144592066918
nali1244,aust1307,3.87258463938572,0.015604717437965022,0,3.934337094125,4.05195874921878
nama1268,aust1307,3.680328589994874,0.020594100586981544,0,4.2304652432072505,3.91066448496498
litz1237,aust1307,3.874669704477741,0.021590209096190537,0,5.0201215819325,3.9855516232776997
namb1293,more1255,-4.474270842822408,0.045135203413494356,0,-8.4776558076625,5.545246873293015
nana1257,tung1282,-4.011956710034358,0.01803157722243266,0,-10.064469887375001,6.795539008091936
nand1266,nilo1247,2.1184106895709385,0.021666667445236643,0,4.262496482697999,4.331061076830689
nang1262,aust1307,3.646789666500458,0.024765172188071758,0,4.63420291557395,4.074625542327965
nant1250,araw1281,-2.624559480708058,0.011961705385733046,0,-3.969731507395,4.111850824117425
nara1262,nara1262,-3.0218696260376614,0.02411463981537702,1,-6.38652290539,6.577929007496705
naue1237,aust1307,1.7875532288987517,0.022214621516680914,0,4.92438402674,3.97223685070139
naur1243,aust1307,4.455884824349772,0.024796601321916946,0,5.2086304399225,4.03487228257303
nava1243,atha1245,-5.779657668125987,0.020904929548619014,0,-6.301370388115,4.928527580428975
nawu1242,atla1278,0.77491924155921,0.019269544364102806,0,1.3316443814575,3.91552660183544
ncan1245,atla1278,3.44141559396596,0.042197009993039304,0,5.64276966924,4.470576285563665
ndam1239,atla1278,1.1526074703044535,0.021996776846732482,0,1.60333093182525,3.811312589970405
ndog1248,atla1278,3.7565687793530014,0.03995446708214509,0,4.7961737957955,3.9903088262771353
ndun1249,atla1278,3.2165759154808433,0.018145696955315628,0,3.29371093596,3.7455918828386503
neha1247,aust1307,2.809128215075385,0.031011473514361714,0,2.24788708288,3.7854767005598804
kuma1276,aust1307,2.1959008743088617,0.021438624542054033,0,3.8553196539565002,3.86352807271419
nenn1238,more1255,-4.444457130634471,0.034214559573543704,0,-8.47637743504,5.55560051741352
nend1239,nucl1709,-6.972434965663366,0.04049581973457914,0,-9.309522666174999,5.806903376916795
neng1238,aust1307,3.485563496618811,0.024444903579641273,0,4.8682500689824995,4.0290783062796
nucl1706,afro1255,-1.3164705037926319,0.021441848362828843,0,-0.497238682735,3.81857894481614
nese1235,aust1307,3.865803689322734,0.023947794766098367,0,4.95379063941,4.00099590049592
vinm1237,aust1307,3.8483156104756553,0.023132359978742374,0,4.99321129732125,3.9810006741807
ling1265,aust1307,3.87396674379659,0.02718193570427562,0,5.023050917985,3.989977585445005
nezp1238,saha1239,-2.503055646957154,0.019359317610281798,0,-5.7013457714685,4.802409116125525
ngaa1240,pama1250,-5.083174602791942,0.025126369961499754,0,-10.4237235675275,5.3645578654892745
ngab1239,chib1249,-4.222307428042168,0.008825904731185894,0,-8.68235307344175,4.7817514438447954
ngal1292,gunw1250,-1.6099313801701607,0.023501866236965936,0,-2.4794370030649997,4.047200869391645
ngam1268,cent2225,2.8252263931598116,0.02608723177904146,0,3.8878286265375,3.77478618662132
ngan1291,ural1272,-2.944628005418025,0.016638110249165766,0,-4.206029095663251,4.3911598657936
ngar1235,pama1250,-6.444269380956975,0.02011843745876851,0,-10.374713816525,5.41851672115061
ngar1284,worr1236,-3.441044911888442,0.03965355813887763,0,-7.9740833747,5.543679759634619
ngas1240,afro1255,1.4048319078092937,0.02845246079219496,0,5.10371924565,4.102954457216795
ngba1284,atla1278,4.1253529196341745,0.023945834806446503,0,4.6803953320975005,3.88967028638244
ngba1285,atla1278,3.827220955029035,0.028215859105020655,0,4.2602230092469995,4.1735979732713
ngit1239,cent2225,-2.010335012596111,0.019262092896461164,0,1.415851028663,3.983548948788495
ngom1268,atla1278,3.1989362999366273,0.020260568168735837,0,5.313335245116249,3.89737065891873
nhan1238,pama1250,-4.166631265089322,0.02376574141595659,0,-10.4598274460625,5.461443538889165
nhen1239,tupi1275,-6.527725160493954,0.01381407901777421,0,-7.69539701495,4.887436559274866
nila1242,atla1278,2.0317624508423417,0.02169321935581078,0,4.6101967693349994,3.8899544312316703
nucl1633,nimb1257,-3.03269364247161,0.03179011406125511,0,-7.6790619076115,5.784902938471426
nina1238,yano1268,-4.606224524010065,0.012021505968057233,0,-7.2236162633625,5.03624385296827
labo1244,aust1307,3.7726620716886483,0.021020569044128426,0,5.033905630207499,3.9658523579309453
nisg1240,tsim1258,1.3925254955428934,0.004384985997295837,0,1.15743456541075,4.55475977929292
niua1240,aust1307,4.801455300132858,0.026761953868801425,0,6.31297819678,3.88250596779119
niue1239,aust1307,4.619278757390405,0.007573080928839782,0,6.168838152598,3.90560298388308
niva1238,mata1289,1.4501435275887555,0.0053792131704897776,0,0.67575641085475,4.416322047225766
njan1240,atla1278,3.6358850861990497,0.017375662813242366,0,5.816959056025,4.585241629752445
noct1238,sino1245,-3.151908891604729,0.018757234950136148,0,-3.038619276484,3.986128975984605
noma1260,atla1278,2.5758389181284773,0.030204402520521687,0,3.3280847147070496,3.8924125747787253
noon1242,atla1278,2.065529604451677,0.020434017494968804,0,3.241420400022,4.2421066791297655
noon1243,atla1278,3.4117179653434078,0.03935545348227027,0,5.61809478429225,4.467578282057635
nopa1235,otom1299,4.52619376942805,0.01975180515337183,0,4.909615077314999,4.611707618472121
nort2839,aust1307,3.9653725152130974,0.02092430764126936,0,4.894739001805,3.959035857930445
nort2697,turk1311,-5.893895454841131,0.026646558070635793,0,-7.897620711275,5.255308475516945
darg1241,nakh1245,-4.948499636310174,0.030575123797140044,0,-6.8965206029649995,5.0759727451958145
nort2930,kiwa1251,-5.506308810781869,0.04493861700218862,0,-7.4968478245100005,5.803994827820375
nort2972,choc1280,-4.571449441840493,0.010778774770549301,0,-6.8739569497875,5.0691028708351595
nort2702,drav1251,-7.176642642591406,0.013248282719169288,0,-8.7946215435,6.31837204106011
gumu1244,gumu1250,-3.18846307507318,0.01230858137837298,0,-4.559238385071,5.09968806748521
nort2938,haid1248,-3.0891072494977383,0.02005154323757008,0,-4.499100024172275,5.17707269891368
sing1264,sino1245,-4.5131275358488505,0.028106351247210195,0,-3.0556543291300002,4.00625646345275
nort2877,aust1307,1.6520504995899552,0.02232262623883166,0,2.9953897727625,3.7466402024969403
nort2684,aust1305,4.155722868525202,0.02917496080481097,0,6.541186984662501,3.925004045850595
lush1252,sali1255,1.4816011867093108,0.020554701310472753,0,1.32264789183375,3.985983377945195
nort2774,atla1278,3.5397128862186666,0.019750846350601557,0,5.1915494153375,4.008976370489799
nort2954,utoa1244,-3.0024632470972294,0.017232299137363554,0,-5.84155224557,4.21295467725798
nort2957,utoa1244,0.7484321494235262,0.022926354639224197,0,-2.190461252571,3.79068521713755
nort2723,sino1245,-3.705919266642022,0.03524026641980884,0,-5.170550894655415,4.230927450130675
nort2747,hmon1336,4.118756341455775,0.024846510394276326,0,8.2599073947975,4.57700062140097
nort2722,sino1245,-3.9510197328569845,0.03169500071215316,0,-5.1782307098114995,4.238796553062225
nort2885,aust1307,2.239358257679044,0.023020117250103535,0,3.3908038562260803,3.8269950098765
nort2959,utoa1244,-2.6191025750446517,0.029792390771133007,0,-3.03953755767,3.8846019160138603
tosk1239,indo1319,3.191257796673097,0.029368171702125946,0,3.123801955994,4.192512956206665
nort2732,sino1245,-1.293836550561417,0.02387706708016793,0,-2.6475437261900003,4.09929605144851
nort2690,turk1311,-8.501973897100449,0.047995444536243714,0,-7.83996729485,5.328666212795235
nort2745,yuka1259,-3.0437143517883607,0.010435467508107074,0,-8.263638765029999,6.643927035097305
nort3047,afro1255,3.0565172955772546,0.015502148799373866,0,4.630426129698501,4.082460426788845
nort2980,quec1387,-4.370181405594977,0.019561095732561457,0,-7.1043798767999995,4.98430526223243
nort3139,afro1255,1.887362471314845,0.023362684408428647,0,5.0604352556975005,3.78737445233412
nort2845,aust1307,3.7377235265070037,0.02153748753784615,0,6.2976698698675,3.8965510386880498
nort2671,ural1272,0.9395773592588839,0.01501611295985133,0,0.542706508044,3.5051888186826803
nort2942,atha1245,-3.4627392857245285,0.017452237620176173,0,-6.80237204588275,4.6408001887515
nort2847,aust1307,3.7184143559794016,0.019582651771665845,0,5.3485328046375,3.9807736370906097
nort2961,algi1248,-1.6874973161831535,0.018028441734916363,0,-3.0438032519755,3.912810967091665
yaki1237,saha1239,-2.6212714856090846,0.017418199185172522,0,-5.6720260718575,4.79588448842049
nots1237,aust1307,3.8763603883385342,0.026653641745983545,0,3.9409420920500002,4.020476069426865
nsen1242,atla1278,1.4548408282855476,0.03387317217971358,0,4.535228505973,3.870114606329075
nuer1246,nilo1247,0.7390020027178762,0.016061179535087986,0,1.0303975065325002,4.04302551119458
nugu1242,atla1278,2.889195721344406,0.01634034579048476,0,4.530909747575075,4.04424364040417
nukn1238,nucl1709,-5.490537191881206,0.03433720757524287,0,-9.9340561887625,5.56209098809767
nupe1254,atla1278,2.2992826291136828,0.02116637225460256,0,5.54925691721,4.227957419048675
nuuc1236,waka1280,-0.7647588002016626,0.0217508646495797,0,-2.30509144004875,4.3459870021003955
nyah1250,aust1305,4.151113141803986,0.026151485076808745,0,6.605240588625,3.939733334715955
nyak1260,atla1278,1.535457175280876,0.02568967113768755,0,4.2179278440075,3.8479743178934847
nyam1285,afro1255,2.0553619124850564,0.030071258651752863,0,5.044965315174251,4.072873381515425
nyan1307,atla1278,1.985856428569564,0.0161793509677527,0,5.5575712166925,3.878585997363515
nyat1246,atla1278,2.0145842800121962,0.021163128885816455,0,4.591082211305,3.919879370432055
nyor1246,atla1278,2.146839171567267,0.014597838239186865,0,5.559629383775,3.87898856391838
nzak1246,atla1278,4.8952475977773835,0.021370621467201645,0,5.13186700629275,4.0711540762143
nzak1247,atla1278,3.5137968391871404,0.02448743560679157,0,5.22611059592375,4.012262579020525
obok1239,lake1255,-2.051979498188561,0.019666008311067823,0,-8.035644964265,5.44818137614746
obom1235,aust1307,2.071654378635889,0.029629074446578568,0,2.892699833215,3.739367314044165
occi1239,indo1319,3.471373553115117,0.02965734894137424,0,6.19682037682,3.99717030450108
ocot1244,otom1299,4.570692510539439,0.028859219649778698,0,4.9150218172999995,4.64305363366016
oriy1255,indo1319,-3.5637814765081837,0.020704862069462808,0,-4.2220567198775,4.1920598076986355
kalm1243,mong1349,-5.430954838883285,0.022012456750533628,0,-9.2883638515375,6.810962688854975
okan1243,sali1255,1.8748681159653984,0.019464083958177322,0,2.5255218130162502,4.206585535473961
okin1246,japo1237,-3.3087744106632764,0.017556354274655826,0,-2.4524522005350002,4.505275706264385
oksa1245,nucl1709,-6.316204268592695,0.039272504480235865,0,-9.994938643225002,5.603340739360339
okuu1243,atla1278,3.3021287534924744,0.02820162274009317,0,6.349020298865,4.51253220608274
oloo1241,nucl1708,2.2932317335047965,0.03891984222015367,0,1.8595678337625001,4.434647145516
olut1240,mixe1284,0.4074080403330045,0.021438363939993755,0,-0.731520744696,4.08944650359025
omah1247,siou1252,-2.9662651733672485,0.015525791103493366,0,-5.561553582315,4.763628830542535
bira1253,bira1253,-3.164961965778992,0.026050158768869177,1,-5.88422797064,6.562776436737275
onon1246,iroq1247,-5.261207372204189,0.010457805359316567,0,-6.0598838716325005,4.792256814056975
orma1241,afro1255,-0.14734141209511187,0.026225062106464404,0,-2.56343074771725,3.834734028376455
orok1265,tung1282,-4.2416291051986725,0.019014031330119755,0,-10.034116084,6.797257062292665
orok1266,atla1278,2.2216433160323343,0.02068028578125271,0,5.9139747566125,4.0741297840814195
orok1267,nucl1580,-5.5707509461225415,0.03740057265574877,0,-7.43513898760825,5.841494244500964
orow1242,aust1307,2.9437973402521704,0.020056535848669736,0,4.8993530433925,3.985252999782085
otta1242,algi1248,-2.2277206142860244,0.020050027097586864,0,-3.2521201332525,3.975220760474945
owaa1237,aust1307,1.9871868448297452,0.022910283025613598,0,2.4623956142359997,3.7583327456433
paaa1242,afro1255,1.0766721419008127,0.026622666200754288,0,3.3516706392725,3.93073016186764
paam1238,aust1307,3.8575147146714928,0.022450300531974058,0,4.82881689184475,3.9740611727085398
paas1238,atla1278,0.43776257963444587,0.016629169081594015,0,3.0785334610045,3.8424890250035952
paco1243,aust1305,3.4216627273435023,0.022302464841594077,0,6.7393562064075,3.91706942297508
pagi1243,atla1278,3.3912911634076686,0.011232002446242138,0,5.4243694963125,4.19734783457226
pagu1249,nort2923,-0.6062620975297754,0.0383726669720445,0,-4.237210809845,4.24390278270233
pahn1237,hmon1336,2.215852655282334,0.02021264824001291,0,8.453465798568999,4.459319898461684
pait1244,sino1245,-2.7572340037518064,0.025654754242623163,0,-5.0553384803335,4.213498520429085
pala1344,aust1307,3.4345881679526626,0.02557281846995034,0,4.548138886605001,4.12223250881712
balu1257,aust1307,2.581356819148599,0.01825711240072555,0,4.977379406487,4.0462299692597945
pamb1243,atla1278,2.967870482707492,0.023268351851236484,0,5.211185259560001,4.006140048232281
pana1307,nucl1710,-4.494255651988464,0.011006427463269967,0,-7.4076378740425,4.9803425456518
enap1235,cari1283,-4.399512946065119,0.011507018360587852,0,-7.8574360158175,4.933222025909091
pang1290,aust1307,1.605966995085261,0.022127038043681643,0,2.72610297002125,3.7764330601167346
pang1291,aust1307,2.6444818234532015,0.02555668153422655,0,4.42717830527,3.943422857882465
pang1287,atla1278,1.6857477632573983,0.02004375628395192,0,6.0957811056099995,3.95050366026029
pany1241,pama1250,-5.660546483144882,0.021756931833116597,0,-10.488723495390001,5.369369410396725
papa1238,toto1251,0.7396687875492007,0.022920515383469647,0,-2.19787600589025,4.0269054141216305
papa1265,aust1307,1.4386472329459195,0.020155804779344495,0,1.572895113872475,3.7499101533705046
para1311,tupi1275,-2.8934015776570208,0.006017464875814018,0,-7.7256975059325,4.862347830478544
para1302,sino1245,-4.36998144005491,0.03328665535451461,0,-4.761857041812499,4.318582563129465
pare1272,araw1281,-1.332068082117107,0.007740074199924288,0,-4.205024191495,4.30585029997951
pate1247,aust1307,0.28939861596939204,0.026585061787225077,0,3.558060644995,3.800502192060415
patp1243,aust1307,3.592273608380091,0.02158160979933965,0,3.8501308652352497,4.034987659421245
paul1238,aust1307,2.93510916202307,0.005224569123885346,0,4.6003703649575005,4.074953112053005
pech1241,chib1249,-3.001831907878202,0.011096082066753658,0,-8.2826693651925,4.93607073882664
peer1241,atla1278,4.138848757017136,0.021240999328913848,0,5.0155978878525005,4.144134163756515
pela1242,sino1245,-2.798594715006439,0.01916024621658822,0,-5.5760727057225,4.203942979640075
pemo1248,cari1283,-4.848783379790369,0.006697268410886841,0,-7.877839515925,4.92917755128009
pend1242,aust1307,2.8539578179790164,0.02081852793236935,0,5.536254632445,4.047166413931835
peng1244,drav1251,-7.150724567684156,0.02523211079030921,0,-8.81984101755,6.318518736032125
phom1236,sino1245,-4.57400412097413,0.020836760179858072,0,-2.9218728250775,4.059963552461285
piap1246,araw1281,-3.056900105965937,0.009105751421871665,0,-4.509093487542501,4.060065281520854
pila1245,guai1249,-2.312798647707622,0.007547504312900888,0,-5.8908884552025,4.994492425792149
pima1248,utoa1244,-3.1711311372236546,0.0212503796905672,0,-3.6780647359865,3.9182064942703603
pina1252,piaw1238,-3.948198425146127,0.029530022061245116,0,-7.7199984503425,5.611669602794355
ping1243,aust1307,4.519573303934729,0.00873805560342107,0,5.6984536073375,3.952943957611245
pipi1250,utoa1244,0.1247964044472408,0.013720527069493916,0,-1.81015395424225,3.837594446361285
pite1240,ural1272,1.014417147250554,0.019798086940121112,0,0.45127832155825,3.52162416788248
pnar1238,aust1305,1.1835389110549182,0.04027971112635624,0,6.742395862875,3.8908707714607953
pohn1238,aust1307,4.508388933708115,0.021211922893814964,0,5.70223559769825,3.9447041463546197
poko1263,nilo1247,1.8942429301647434,0.020840948593069085,0,4.17388444225425,4.3445344083127555
poli1260,indo1319,2.292017535623358,0.024920981098896962,0,3.62399578373,3.73136877574294
popt1235,maya1287,3.985796425678585,0.017261166310769453,0,4.658498338115,4.593258292771759
port1285,aust1307,3.806976932414707,0.01894314877965055,0,5.03573041544,3.97646140579121
port1283,indo1319,2.238016788266645,0.023598345784588293,0,6.275186147315001,3.953309226169015
phai1238,aust1305,3.7901996381749004,0.024716391212032594,0,6.610453949877501,3.90640572396283
psik1239,afro1255,2.550866040168464,0.0215096035388366,0,1.504093757246,3.90656592169718
puin1248,puin1248,-4.39635680945864,0.014393908930675879,1,-6.560091096331,5.263242508881355
puka1242,aust1307,4.577100619528667,0.026008709082640028,0,6.304549983465,3.879150066914345
pulu1242,aust1307,4.323813100472446,0.019381946881663493,0,5.8334511025874995,3.90249891076231
puma1239,sino1245,-6.655099465679117,0.021950000908182665,0,-4.7355971896275,4.29232711753031
pura1257,pura1257,-4.272107013872869,0.04491222373192085,1,-7.76091782854,5.73168506537238
pure1242,tara1323,-1.5336039019216745,0.010413548101625052,0,-5.674638089385001,5.0004095387059255
puri1258,sino1245,-7.153152271802594,0.021537957624633036,0,-5.2842771985175,4.21439063404876
qanj1241,maya1287,3.9582280950248583,0.00491736848524213,0,4.6684133883375,4.579315498083195
qawa1238,kawe1237,-2.0003619818806,0.007643605677054408,0,-5.91867012287,5.25423442052325
qima1242,afro1255,-2.8608998784189854,0.03806698412032871,0,-2.4655529595675,3.9909213009637554
quer1236,otom1299,3.937539904072912,0.013029435166264014,0,4.64741156151,4.5746985401380496
quio1240,otom1299,4.55982746182628,0.015168938109816912,0,4.4468635607374996,4.66633654588912
rabh1238,sino1245,-5.078830189096893,0.037694140434753325,0,-3.06993503567175,4.004556924640561
raji1240,sino1245,-7.376537005249284,0.042997234043620346,0,-2.89041397495975,4.16323386594663
rama1270,chib1249,-3.697764262305419,0.012183173429931372,0,-8.5694140827575,4.816540197927701
rapa1244,aust1307,3.0307710034174025,0.014401525104884835,0,6.28090309123,3.896447428094725
rata1244,aust1307,2.696472409897578,0.022405479165340463,0,4.7467773057225,4.09623663888028
reja1241,aust1307,3.6388012199674327,0.019160884205821033,0,5.195129299667,4.06175983060153
remb1250,aust1307,3.321091171586206,0.016111107759775117,0,4.84152897675575,4.05483240952306
reng1252,aust1305,3.278431838740585,0.030365532151205084,0,5.2103535076525,3.7249635126292953
renn1242,aust1307,2.2031553652131843,0.016756221952237402,0,6.28929700455075,3.89885928088103
reye1240,pano1259,-3.400156146937217,0.013122976695285402,0,-8.023599925925,4.910506349998766
beka1241,aust1307,3.975377277853506,0.018098544899655414,0,5.3245549725284995,4.06362974635695
roma1326,indo1319,3.4610718975502603,0.036907928582296225,0,6.17697588286925,3.977999003009415
romb1245,aust1307,2.3089080063517193,0.01845526971549002,0,3.9943465179724997,3.8401410887556997
ronn1241,afro1255,1.314790360550663,0.024457196634691016,0,4.809331402207,4.113972713668375
rong1264,sino1245,-5.89595576814338,0.020663806149157582,0,-5.24659737671675,4.1813461195652994
roto1249,nort2933,-2.365322771686338,0.03164495385889447,0,-7.756656051265001,5.73859728684739
rotu1241,aust1307,4.779456562202385,0.024293052395207217,0,5.7696241608375,3.955216423993955
rovi1238,aust1307,2.4272628271862065,0.020584333747016376,0,4.26722716817625,3.924206589701345
ruch1235,aust1305,3.778351939692814,0.02187742126337126,0,6.9967221761275,3.84472934467352
ruka1240,aust1307,1.0921635789332547,0.02085488477199119,0,0.23242849941,4.041427162186775
ruma1248,aust1305,1.5459032347596353,0.016104098928419682,0,7.058033118427501,3.82819633448397
rung1258,maba1274,-1.629891628029809,0.01123560422487414,0,-5.090688504485,5.058935249199755
russ1264,mong1349,-4.35117543372587,0.022671499252886276,0,-9.3023704587,6.791734140838345
russ1263,indo1319,-1.2936641644552394,0.0237219557305768,0,2.503436327536,3.652771200862675
saaa1241,aust1307,4.030754129385418,0.03294538118106833,0,4.66939728922,3.9553291638628503
saaa1240,aust1307,2.878627033673245,0.0310022199781524,0,3.9779480638175,3.878490886777665
saar1237,aust1307,1.6030188397534961,0.028178011779509654,0,2.7355474484725,4.032993442879155
saba1268,namb1299,-3.0795822654723604,0.007972506112578194,0,-6.6918578397249995,5.210776800677835
sais1237,aust1307,1.3551515603355302,0.01646187293691271,0,5.3679221713475,4.21555124792209
yaku1245,turk1311,-5.606446342883791,0.028315315400417474,0,-7.866955141646249,5.346995725122024
tsis1238,atla1278,2.2553444681363137,0.015986039203251173,0,5.6069158441375,4.22354195904193
samb1311,atla1278,4.016073884023809,0.015510655421907856,0,5.80231231987525,4.57735923622405
samb1305,atla1278,4.038054300415658,0.026967758616188248,0,5.0871556220075,4.138193517069655
samo1305,aust1307,4.768626439754469,0.027277761858258566,0,6.32246582542,3.879212340648745
sana1295,afro1255,0.30460419513504705,0.016968938162434884,0,4.90478891743,3.798220151946585
sanb1242,chib1249,-4.542604777014115,0.014086445528860557,0,-8.6708470558075,4.782535340524889
sand1278,huav1256,2.1616466850621254,0.006623056101109482,0,0.3931143474125,4.571832980865935
sang1331,atla1278,1.9927016468303838,0.014417341183686377,0,6.0780116310625,4.11586152995554
sang1321,sino1245,-4.440876223455495,0.026185101806120662,0,-4.76775231707,4.32134797479502
sang1330,atla1278,1.6126378224737832,0.014196591231399599,0,6.165369342516749,3.91788027944002
sanm1301,otom1299,4.594821001935774,0.02498674349726442,0,4.703869603067499,4.706310686896515
sanm1289,quec1387,-4.6494365529312045,0.00933602599089829,0,-7.105217585475,4.99602773773808
sanm1295,otom1299,4.543038772140976,0.02112735909408067,0,4.674197542017501,4.7010013399962105
sant1451,otom1299,4.5231473931220325,0.010146251333237138,0,4.940132610512499,4.66209284017075
sant1436,otom1299,4.481496444771289,0.021583088924106292,0,4.670043442367501,4.71478228530567
sanu1240,yano1268,-4.567995185798188,0.01093877805000298,0,-7.1510836525425,5.044239084546205
sapo1253,aust1307,1.9997690226475289,0.022174264657025593,0,3.9432621220825004,3.9102542984000648
sara1321,cent2225,2.5614698822861444,0.01914854308146872,0,3.9063188209549997,3.7483928635072603
sars1236,atha1245,-2.964737170687725,0.008648144237681203,0,-6.715898084015,4.70604763916088
sasa1249,aust1307,3.584801969373373,0.022909257935448398,0,5.789946899225,3.994496990065125
sata1237,aust1307,4.2156202814535035,0.025430944346080932,0,5.844192800357501,3.90228311812397
saur1249,drav1251,-6.702616517439033,0.027524220073597873,0,-8.786577867845,6.330009737175585
savo1255,savo1255,-2.36294580290322,0.013149204825749772,1,-8.081394787155,5.894393049288885
saya1246,afro1255,1.148591671328448,0.02804124301163404,0,1.0934140019954999,3.9152417606506402
seda1262,aust1305,3.127489546949845,0.044336399119576896,0,5.211016811103249,3.72636261421119
seim1238,aust1307,2.3464725553362324,0.019341906575175406,0,4.85530521260125,4.04721012234205
seke1241,aust1307,4.043999039947874,0.02364630716254564,0,4.6669318126745,3.94713379283072
sela1259,aust1307,1.6778807612501012,0.02033423716679405,0,4.0881457991304995,3.9878852718847497
selk1253,ural1272,-5.220508808918772,0.028985600607448918,0,-4.043507970135,4.469747136206535
sema1266,aust1305,5.355489266860378,0.024326894206699073,0,6.703289893287501,3.9907159365194
sema1265,aust1305,5.376327569266578,0.02489820792528342,0,6.666502180660499,4.02055262495656
seme1247,aust1305,5.426127854724795,0.031484719490423516,0,6.6719908983175,4.0193880055028
sene1264,iroq1247,-3.834613749562638,0.018397495653918704,0,-6.12958541538775,4.7424271897145
seng1281,aust1307,2.0303975360635538,0.027047816287030194,0,3.188264426545,3.92784203532088
sout1528,indo1319,2.667570025715925,0.017195171894148348,0,3.7890714816925,3.76161142908271
seri1257,seri1257,-4.105744753953735,0.02642516852499228,1,-4.2237828879275,5.172808204437866
shab1252,shab1252,-4.42631748854442,0.027330354655252215,1,-4.113942275935,6.52801353713535
sham1280,atla1278,2.323638734401905,0.015576293518988368,0,5.98038599795,3.97864085140136
shan1283,pano1259,-5.655738246570875,0.01908649600285041,0,-8.22103236874,4.83912187483385
shaw1249,algi1248,-2.327396117801868,0.02181407525765714,0,-3.5963854046575,4.071671056666364
biao1253,taik1256,3.4182350605807983,0.018985532848482325,0,7.206513441415,4.50861149140587
shil1265,nilo1247,1.6646824587460722,0.020463061388066604,0,3.603246051905,4.11417754263473
ship1254,pano1259,-5.677108973644673,0.012310752598907066,0,-8.1254259724325,4.899687887866746
shix1238,sino1245,-3.6100917576832146,0.029858929144988482,0,-5.0806962409250005,4.290459230737215
shon1251,atla1278,0.5794887549282929,0.013546599989927395,0,2.0540475821074997,3.754326587433185
shos1248,utoa1244,-2.8115142222123195,0.017635347460992427,0,-5.7791654300325,4.22798920332893
shua1257,jiva1245,-4.456740092448027,0.020227054593024173,0,-6.79402004171375,5.008031630992505
shwe1236,aust1305,3.010484796107589,0.025007510089754065,0,6.9869361614325,3.838014956872505
siam1242,siam1242,-4.661335961966322,0.02263031827842221,1,-4.30749785127575,6.78871724938158
sich1238,sino1245,-1.9179930185107343,0.018511062658544873,0,-5.888918547059999,4.14442798866468
sici1248,indo1319,3.6065642169361567,0.02100890675219019,0,6.149435778545,3.9875333794922
siee1239,aust1307,2.309583784729254,0.013065764426942978,0,5.655339004375,3.938398444224675
sier1250,otom1299,4.564897714901241,0.005406520082256123,0,4.923880093335001,4.665729592965315
sika1261,aust1307,3.323714987165674,0.017300049862158877,0,6.19200626060325,3.907057489452995
siks1238,algi1248,-0.7478898832182879,0.015573701327555407,0,-3.1202371777725,3.945581149057935
sina1266,aust1307,-3.191640303755758,0.007536054379413369,0,0.9741538696400001,3.85992291496625
sioo1240,aust1307,1.2225769443232561,0.021265371999412485,0,2.8457821220075,3.7804139365396203
sion1247,tuca1253,-5.920855481444289,0.014347930169098938,0,-7.294228254295,5.054095358448221
siri1274,tuca1253,-5.052825218447307,0.011547680301749696,0,-7.436101291072999,4.99906664587736
siri1273,tupi1275,-3.4193508414169926,0.010841052731431147,0,-7.7400562303200005,4.8782230899184
sile1255,nucl1709,-5.623628114760132,0.04312268318895296,0,-9.333157011825001,5.8083103068314905
situ1238,sino1245,-2.7071432782066256,0.023746065904175166,0,-5.328040291515,4.221976278361264
siwi1239,afro1255,2.95118668329486,0.01841661691254121,0,4.86680571571925,4.1923743863339755
skol1241,ural1272,-0.18689638785910465,0.017614032868593785,0,-0.6799606166807499,3.627798375305385
slov1268,indo1319,2.9083976852124382,0.029697522484659355,0,3.81999488613,3.754980931958785
sooo1254,aust1305,3.7634885925008943,0.048708044384318014,0,6.7643300766975,3.92040852765105
sobe1238,aust1307,2.3585570741154225,0.02169946205483856,0,3.729759547605,3.959531776382195
soch1239,otom1299,4.553748706914263,0.010700364707014272,0,4.4464884343449995,4.6395217849107855
soga1242,atla1278,2.658882675294252,0.014811981788480722,0,5.44919679351,3.91692351229388
sons1242,aust1307,3.247982834861275,0.021208029240496917,0,5.8239974410225,3.9120594669049504
mani1235,east1459,1.7836014955561885,0.022221444219797385,0,-1.2779492022925,4.524942179931299
koon1244,atla1278,3.0107199975885983,0.013895065922911549,0,6.192075418537501,4.131647117984225
sout2859,aust1307,3.927652654847532,0.01898356633895592,0,4.8814037622925,3.967816624958475
sout2976,utoa1244,-0.5825458213442531,0.01372355083008314,0,-2.2849052248695,3.828074582743945
sout2856,aust1307,3.056983459818424,0.028082129049669027,0,2.2956834543075,3.7769232934444847
sout2954,japo1237,-3.2650391636402776,0.01831355739866629,0,-2.449833771777575,4.519603785675599
sout2996,ayma1253,-3.9576627800695903,0.007900251456498947,0,-6.3506331816324995,5.092504682165529
sout2730,sino1245,-1.979123010447394,0.027344547787147604,0,2.5277277091432504,3.774119025942065
raro1241,aust1307,4.353253511853129,0.02397209291769124,0,6.3184840888250005,3.884294674506335
sout2826,krua1234,-3.452553921114657,0.019981894150667846,0,0.7421472243225,4.064087447848696
sout3236,gumu1250,-3.1125788810348523,0.01217840369915718,0,-4.569802133085799,5.07044589893795
sout2956,haid1248,-3.1326703407999976,0.018232891940058664,0,-4.457699815125,5.18237802753509
kach1280,sino1245,-3.3355706904753246,0.029565651698869978,0,-3.063359681865,4.007045019586325
sout2994,namb1299,-4.139448738283894,0.010698574572144192,0,-6.5546634906075,5.28948762214389
sout2649,indo1319,-3.701921487720266,0.02075974705287307,0,-3.668151380575,4.24522678230068
sout2729,sino1245,-3.3167083171762606,0.025736162555857454,0,-5.17887080551,4.23341915548954
sout2728,sino1245,-2.491839685912546,0.030859437486599698,0,-5.2043773824774995,4.21713447296275
sout2807,atla1278,0.3495338460628712,0.01520733810944596,0,1.6652923514875,3.63290251063897
sout2797,atla1278,-1.4246791426582988,0.02533699052305238,0,2.429106969896,4.006264994819945
sout2679,ural1272,1.4279705798698636,0.02113677848834407,0,1.64537320940875,3.7625271898229498
sout2782,atla1278,4.583416009024541,0.025216322163651564,0,3.272988630265,4.205986349082825
sout2895,aust1307,2.9513966554774393,0.02589817686249128,0,4.5761674573025,4.05153153815071
sout2674,ural1272,-0.116179501190015,0.01462734137707248,0,-0.42500635343225,3.524781015521545
sout2959,atha1245,-3.303221219560773,0.015086939635424384,0,-6.81424869968,4.65805496514142
para1301,aust1305,3.2527531155063594,0.021534333641599943,0,6.955904173945,3.845482232345465
sout3261,nakh1245,-6.385526429196059,0.021953607707101124,0,-6.8726123391,5.14148085183167
sout2869,aust1307,3.7412740245234843,0.024893285347785708,0,5.33130724147,4.019079564854545
stan1318,afro1255,0.8512168891012206,0.02027383783738861,0,5.025650163202,3.79985863529712
indo1316,aust1307,3.680927341417114,0.01866688302358134,0,6.2703647882654,3.87505514706343
stan1306,aust1307,4.344224325838118,0.023647697889775277,0,6.2861241984500005,3.86211772750128
horp1239,sino1245,-2.8602361391911018,0.02858607801243081,0,-5.32633132495025,4.2299058515259045
sude1239,aust1307,0.6350147102572884,0.016394061456011022,0,2.254716456073,3.822563673123665
sumi1235,sino1245,-3.168690514843889,0.02136620057755379,0,-4.855630233247499,4.26488677155224
mari1426,aust1307,4.1330195490412525,0.02756870366606709,0,5.0940982762675,4.009526214611565
sunw1242,sino1245,-6.7941545092180515,0.03024891085123204,0,-4.834906070025,4.301872733548896
supy1237,atla1278,-1.4619895607685869,0.0266227491255703,0,0.97003194951,3.9995193709224246
surg1248,ural1272,-3.816830614938208,0.025446539094009308,0,-3.5058719930032503,4.163666747249195
surs1246,aust1307,3.440970331780157,0.017838913737156608,0,3.8047857001025003,4.039786911380981
swah1253,atla1278,1.6459419797923902,0.01481073778254584,0,6.387349801425,3.89527741243614
swed1254,indo1319,2.483513999121868,0.029779758961765743,0,5.4431948791625,4.0821660790786805
taba1263,nort2923,-0.6750166415848105,0.03576839415670801,0,-4.2567423447575,4.233495810920029
tabo1241,tabo1241,-5.636529571073007,0.033680446073055335,1,-7.621537516376749,5.938907785019644
taga1272,aust1307,2.201459310773984,0.02190640020301251,0,2.94442673647075,3.7621299480719452
tagw1240,atla1278,-0.32066878323088055,0.01819761375655211,0,0.4338958268455,3.9219567618406703
taha1241,afro1255,2.556887727161177,0.016597728684674722,0,5.1509725552975,4.18852406641105
tahi1242,aust1307,4.1484382098802755,0.02103901349205456,0,6.33846347069,3.891391144365035
taia1239,taia1239,-3.375710670802707,0.030630255699441118,1,-7.9292834031275,5.80865536008296
taji1246,aust1307,2.85940676805978,0.024649582065962024,0,5.529611333889999,4.02629379512415
taku1257,aust1307,2.7623686992195164,0.0047245780817741344,0,6.2397270913125,3.91320111504732
tali1259,aust1307,2.8120035864913833,0.020566728572327515,0,4.5964792945349995,3.9832924245582353
malo1243,aust1307,3.8896518439634407,0.02460556853424008,0,5.093425599065,3.986876238871225
tama1365,afro1255,0.26288615865166454,0.016060845719214824,0,5.2354960062355005,4.15134589032969
tami1290,aust1307,0.6097530672096575,0.029184462638962412,0,1.2576410678555,3.7213081694987054
tami1289,drav1251,-5.662565445467882,0.027117483238662074,0,-8.956073717895,6.2294045720113544
tane1237,aust1307,3.9411005290662375,0.018593758043778375,0,4.762489917377501,4.074211935423765
tang1377,sino1245,-5.002047651736394,0.02042664418815024,0,-2.469764171095,4.07276145633079
tani1257,tuca1253,-6.50727697602642,0.019104490175631778,0,-7.3290407765175,5.07745369027243
tari1256,araw1281,-3.5738663840652567,0.013819209725647737,0,-4.512758007637,4.07680356573286
tari1263,afro1255,1.1119018954730202,0.022499252449868157,0,4.49787014829775,4.138882447033065
tata1258,otom1299,4.509313343078046,0.030496388482776395,0,4.8576148312075,4.646640318426989
tata1257,aust1307,3.276169458371257,0.019422247692366168,0,5.223897002413715,4.049671122156109
tata1255,turk1311,-6.290562275675832,0.03225604738578955,0,-7.819935737530001,5.32093340948452
taul1251,taul1250,1.7107858462739243,0.018917529474374646,0,-1.04879369967025,4.612755304729685
taus1253,taus1253,-4.4932686027920745,0.011942376816080708,1,-6.4237454392924995,5.237575850333471
taus1251,aust1307,2.873100863118255,0.026208940899088214,0,3.984772194115,3.8266860546154
diga1241,sino1245,-2.9745128246323844,0.04846498324370847,0,-2.8865621472675,4.000628375413565
taya1257,afro1255,1.8937188953910353,0.017748057864796687,0,5.18694349457375,4.18484425792159
tbol1240,aust1307,2.3878537541871214,0.02320314446463316,0,2.9732839491774996,3.8859922209779247
tean1237,aust1307,3.9113983621862847,0.018033581417980823,0,4.763628917126001,4.077018636463175
teda1241,saha1256,-2.338363716716736,0.01275816798905243,0,-6.443129622980001,4.94534772244661
tedi1235,sino1245,-2.6989395692803346,0.02636525989660494,0,-5.0755632800849995,4.2164329552437145
tega1236,rash1249,-1.879768746234641,0.016548881174916565,0,-4.326873955896075,5.20534406167701
tehu1242,chon1288,-2.020660251124495,0.0072936920607412515,0,-5.713761234015999,5.196446248332524
tekt1235,maya1287,4.026324298132591,0.0151569216021198,0,4.56227180987425,4.62742631843995
temo1245,otom1299,4.0831057351277815,0.013816593586802595,0,4.59860420588575,4.58777535796167
temp1235,aust1307,3.064738404258693,0.019489526021861863,0,5.246972866775,4.082145168225255
tene1248,dogo1299,-4.748505130812409,0.018739952895894082,0,-5.58344273081,5.379490401398635
tenn1246,surm1244,1.5726206787224393,0.014423276224918426,0,3.1967548922272497,3.95750613664861
teop1238,aust1307,1.8855135362941342,0.023726255658719754,0,3.99862324813575,3.8988560641015404
tera1251,afro1255,2.325377583600824,0.024005537454784943,0,5.1913676411925,4.13390246136075
teri1250,chib1249,-4.106879396329623,0.011940167157600962,0,-8.6279152693175,4.78577718846868
term1237,aust1307,2.3366435008663498,0.021432819476935636,0,4.68404999280875,4.0149015080406105
tern1247,nort2923,-0.10059456268218919,0.03148271001729144,0,-1.5806602702168249,4.199590761209295
tete1251,utoa1244,0.40137471745123365,0.020394743882580533,0,-2.02768843326575,3.773236262334045
tezo1238,otom1299,4.523203498514404,0.023739001583500095,0,4.6613177912395,4.711407988780845
thad1238,sino1245,-4.1413309838273005,0.018247619427334345,0,-5.0359074008175,4.235223214957815
thak1245,sino1245,-7.116031594930521,0.03079568427897188,0,-5.0962197323,4.288708209639725
than1259,sino1245,-6.923703153264702,0.035599062129167455,0,-4.675812322616251,4.30363979710416
thao1240,aust1307,2.0686234120470246,0.009469776471549313,0,4.699602372179999,4.342601781391124
thar1283,atla1278,2.3582706199734265,0.023340578268741707,0,5.5162907511325,4.011055203303075
aheu1239,aust1305,3.9086647609867695,0.02241624036142042,0,6.31336802085775,3.9103725955921202
thul1246,sino1245,-5.088994294074358,0.024846825338987456,0,-4.86521275817875,4.24715624258592
tibe1272,sino1245,-4.552846545004625,0.035235151550876316,0,-5.410288160472501,4.1575732512597146
ticu1245,ticu1244,-4.6835666135467315,0.01564952110803171,0,-6.119147666159,5.2081154025727106
tief1242,atla1278,0.34348050473292757,0.01655656717021456,0,4.860737298725,3.964494211865425
tief1244,atla1278,0.3796212827198969,0.01611737939551614,0,4.83863578938875,3.96982349528625
tien1242,atla1278,2.9388786332838928,0.02074018818630917,0,6.094686037681,4.13937091111042
tiga1245,aust1307,3.839936538047904,0.0058238151331221994,0,3.971433981085,4.020320571489475
tigo1236,atla1278,3.5266331895001364,0.01962522380173895,0,5.7368169341975,4.23944459355242
tika1246,atla1278,3.4938539138642475,0.01494965676351507,0,5.8187432388725,4.566119118925155
tiko1237,aust1307,4.299591474950128,0.029745733627436963,0,6.265663180004999,3.9075431334316253
timn1235,atla1278,-0.2182933215372775,0.03498124280945787,0,1.34186038747275,3.747912907002555
maee1241,aust1307,3.8772756630226475,0.0187654157902106,0,5.011857082941,3.96605388317841
tiri1258,aust1307,3.0452536535420722,0.026279984836998806,0,4.8747147373375,3.99430869888308
toab1237,aust1307,3.257492714896513,0.016763573626773897,0,4.2252770461099995,3.871209185154285
toar1246,nucl1580,-5.568304964341562,0.03694045260166211,0,-7.380606193175,5.86680581527256
toba1268,leng1261,0.9382852932953611,0.006125990651550833,0,1.9167512693175,4.390248729485775
tobe1252,nort2923,-0.5779518748366395,0.03603888258071605,0,-4.2813154820075,4.231640557961085
toho1245,utoa1244,-3.552181318948695,0.020543224948202914,0,-3.700995456185,3.8913290738295
tojo1241,maya1287,3.8778281958151357,0.00563951771022631,0,4.5709017975710005,4.622998936862585
toke1240,aust1307,4.729524395297815,0.02501063310813015,0,6.324072054125001,3.890010997799955
toll1241,jica1245,-1.72674524788095,0.0050344364186264215,0,-6.679085304263,5.08787756207855
tomm1242,dogo1299,-2.845750926438553,0.024771884897993382,0,-5.67464346859375,5.337718427487595
tond1249,song1307,-1.4816622553631076,0.028461043503158527,0,-2.49402917861375,3.8461485909124953
tong1325,aust1307,4.568788578810255,0.017375173748692116,0,6.16521908311,3.920357102498805
tong1318,atla1278,1.1610717697835178,0.012457964513213035,0,4.5179315901025,3.8645099576984547
toto1302,sino1245,-6.01916617395833,0.03064046487728398,0,-2.6619919198175,4.164096601270965
trin1274,araw1281,-0.27595418753193174,0.008859445460398163,0,-1.6257036195899999,3.927112191249285
trio1238,cari1283,-6.173037579996976,0.017291905323779087,0,-7.784957681917501,4.967660269262395
trum1247,trum1247,-3.396928743661636,0.012715042617118328,1,-5.7230986524675,5.1474675665375695
colo1256,barb1265,-3.844615451205664,0.014014150030475793,0,-6.17011307870375,5.16155722837623
tsam1247,afro1255,-1.321752784037519,0.034420806223832014,0,-1.8285935970609999,3.8049212839470554
tsat1238,aust1307,3.050708717316917,0.023572307692066644,0,6.025692681404999,3.9463460101151053
dido1241,nakh1245,-6.140632493068752,0.027309726062304647,0,-6.831102460455,5.09924587970403
tsha1245,sino1245,-3.9160864183580246,0.023929922624006308,0,-5.2479388733459995,4.2024167263535706
tsix1234,khoe1240,-2.947782057917341,0.012140851338726276,0,-2.8955182842675002,4.628840475253584
tsog1243,atla1278,3.151222558714752,0.01644521063364072,0,5.6571754194225,4.32765414369369
tson1249,atla1278,-0.8420553698569794,0.009844116858682387,0,3.1727887955474996,3.6643541358559952
tswa1255,atla1278,1.0035483577567872,0.010242973914367704,0,3.4097934064744253,3.681793864548025
tswa1253,atla1278,2.2572493867767793,0.011794435297082502,0,3.02863379952325,3.6763574525153846
tuca1252,tuca1253,-6.477526102534536,0.011211938433805633,0,-7.291069499125,5.07971239207832
tuge1241,nilo1247,2.112191638384934,0.018879897218177656,0,4.25458903524,4.3197406834636904
tugu1245,aust1307,2.0253161684039878,0.01930071081647283,0,4.7650254446125,3.99686773602344
tuka1248,aust1307,3.0176565680725767,0.019922821924659394,0,5.407374889293999,4.0673965250227155
tuki1240,atla1278,3.1038075295619096,0.023350130745096363,0,4.4983238636975,4.058031236352145
tula1252,atla1278,3.962983252591715,0.03072202445687133,0,3.7255424404074997,4.062444572692465
tulu1258,drav1251,-6.270480505184129,0.023978162921585215,0,-8.8834124129475,6.25495331472579
nene1249,ural1272,-4.65495480018609,0.027646085180025,0,-3.9858960417625,4.502747376841975
tune1261,atla1278,2.348842273022904,0.017667684778052414,0,2.0991335067600003,3.8666813621676903
tung1290,aust1307,3.7125715025765293,0.024729780814425343,0,4.00574401174,4.007216186487045
tunn1238,afro1255,-0.9325315176754282,0.01901749304998433,0,-2.5757506076,3.8516365235198498
turk1303,turk1311,-5.6680030428940285,0.024568263767464203,0,-7.908692719199999,5.24207193197492
nucl1301,turk1311,-3.5505612876871844,0.021187858369975953,0,-7.888614215455,5.254482265427175
turk1304,turk1311,-8.125670030993644,0.02572644237936562,0,-7.91591181308,5.30101122776641
tusc1257,iroq1247,-3.800098862695976,0.02334944792393467,0,-6.158752330159,4.74871402669832
tutu1241,aust1307,3.937192535518103,0.0240341984897839,0,5.0766805050574995,4.004194144902325
tuva1244,aust1307,4.815426719033495,0.009663818682130829,0,6.3127208351075,3.899403657386205
tuwa1243,aust1307,1.2538974565708665,0.01164687516341314,0,1.35375556822475,3.757319849249
tuwu1238,atla1278,1.51374994285773,0.023843257897658905,0,3.6358189933049996,4.07853454426567
uuuu1243,aust1305,3.168041778703077,0.024934751017969575,0,6.94514868188,3.854604955856315
udii1243,nakh1245,-5.038178768221755,0.009998312389676587,0,-6.88264127703675,5.100819817333219
udih1248,tung1282,-3.8712137741536914,0.019579235970574472,0,-10.065301390537499,6.78910836046931
ughe1237,aust1307,2.3680944646868642,0.020320121610955467,0,4.211061216535326,3.9272303575378302
ukra1253,indo1319,1.4865676711384643,0.020338160396938483,0,3.466787393448975,3.67448571159475
ulch1241,tung1282,-4.407175940529146,0.020102545666602814,0,-10.02839842449,6.798496371803385
ulit1238,aust1307,3.796685388066761,0.019645809579412317,0,5.8202769231975005,3.9228177544847602
ulwa1239,misu1242,-2.9850176129136154,0.010053572503269775,0,-6.62603240371,4.98675306238477
yaul1241,kera1258,-4.594614107534072,0.03183324333867217,0,-7.012699264075,5.799455383701825
umaa1242,aust1307,3.1734915667412293,0.025072256837945766,0,5.33281972388,4.0606339546982
umbu1257,atla1278,2.5763946464804626,0.019250032522245226,0,5.3116042976825,3.9967017921759598
umbu1258,nucl1709,-5.7582750836064065,0.03675635086811607,0,-9.949178425374999,5.55847413735046
umes1235,ural1272,0.24895595862165903,0.0199830637379904,0,-0.446400144024,3.5214354909537002
unua1237,aust1307,3.870550208293418,0.014231905612132043,0,4.98669133726,3.991899953382285
uppe1427,aust1307,3.151262142027651,0.011912005096267598,0,5.263157906242499,4.081626070870495
uppe1275,toto1251,0.9222618841421126,0.011457840850765446,0,-2.0106961531605,4.08112134790868
urak1238,aust1307,3.9572975384806908,0.022260238019162104,0,6.29927637232825,3.8618187314757346
urar1246,urar1246,-5.844278044036511,0.015814022296440626,1,-5.7288596849474995,5.359223817351155
urav1235,aust1307,3.585948107632376,0.02323910325624885,0,5.507199402747499,3.9589121350581697
urim1252,nucl1708,1.9642654219619091,0.03561956979185762,0,1.69222706381675,4.4663100056214144
urip1239,aust1307,3.889514008539069,0.017251726365447792,0,4.97362583317,3.997344606363635
utes1238,utoa1244,-2.646916662716107,0.02225373379365226,0,-5.8762360797675,4.21636707253359
pile1238,aust1307,3.797171854233324,0.017937023919504875,0,6.2546930726625,3.91377741799087
veps1250,ural1272,1.3015187284326961,0.015436255913126333,0,2.988150906175,3.59948840725853
vera1241,aust1307,4.038394162162279,0.026399123409509524,0,5.158813320729751,3.965424243041085
viem1243,atla1278,0.11152450369409289,0.024662301037309688,0,1.69788023631375,3.8961247063756552
viet1252,aust1305,4.1926178796052636,0.023905112795369762,0,6.32123266042,3.89979007371595
voti1245,ural1272,1.856984046413856,0.01682769647217962,0,2.3842098246249996,3.67662616448121
vunj1238,atla1278,2.4238632647901404,0.011703718206954148,0,5.5160473020375,3.995375668402155
vure1239,aust1307,4.043630898718953,0.015639718908852802,0,5.1505502927275,3.980561129497365
vwan1235,atla1278,1.6001772003416879,0.014484334269533354,0,6.161893521915,3.927906829680855
wage1238,wage1238,-3.402183452947902,0.015413440271859832,1,-7.727141432415,5.672499349968225
waig1244,aust1307,3.3846891293567083,0.018202195743945573,0,4.7478878373845,4.07877930465032
waim1251,aust1307,-1.5101794452812864,0.02385803763087069,0,0.22270409025500001,3.7929645209483454
waim1252,aust1307,1.8507337215956232,0.018408957193068214,0,4.9287787720065,3.955506289691515
waiw1244,cari1283,-4.951477362472476,0.012746124100778019,0,-7.795093653912501,4.94693359678456
waja1257,pama1250,-4.3833283033656905,0.012226351613513564,0,-10.41202821355,5.427697255127005
waka1274,pama1250,-4.842726385867524,0.021383504749161307,0,-10.258819214875,5.50181545301119
wala1266,aust1307,3.183967774976214,0.017750875612110216,0,4.1786622543275005,3.87469366778435
wamb1257,sino1245,-5.337745568878841,0.027039774817732082,0,-4.9050065568,4.24319734746855
wand1278,afro1255,2.931240751046275,0.026510361997772798,0,5.13221581294175,4.05449832290738
wand1267,aust1307,3.3558391779803154,0.022901585758124916,0,4.7422126148125,4.11932507043314
saka1289,aust1307,3.9014420136562027,0.02288324732315753,0,5.1028662977,4.000228349245205
waor1240,waor1240,-4.271431906086068,0.012506481582040763,1,-6.3818364842895,5.16357458903522
wara1303,wara1303,-5.277539472020603,0.014431339499879315,1,-6.1410839302275,5.384869605157634
ware1255,araw1281,-3.378900903825688,0.010875256181108234,0,-4.49530728776025,4.05442633146051
ware1253,aust1307,2.7269390444336166,0.0168221554966846,0,4.79859167444,4.071204198657741
wari1268,chap1271,0.6460294160788081,0.006962037201788074,0,0.52419338171675,4.3723077411456845
warj1242,aust1305,1.0584274790846802,0.024355361162507343,0,6.745686478575,3.90160225180025
waro1242,aust1307,2.8059892758788276,0.024709147488103298,0,4.7720672960875,4.105277257080591
waru1265,pama1250,-5.676662759685414,0.02458199050202132,0,-10.40379225445,5.40863020332661
wawa1246,atla1278,3.8005500506209424,0.01553286301460224,0,5.8136833531175,4.57395951575525
waya1269,cari1283,-4.68050869064254,0.011807027514934234,0,-7.7719336348125,4.9311836624403345
wayu1241,sino1245,-6.822755330193316,0.02992623379402478,0,-4.831429280635,4.279287419464245
wayu1243,araw1281,-0.163748555206555,0.004796843485212711,0,-1.5086051436074999,3.9411783965854
wels1247,indo1319,3.3373689668773663,0.03033989916434955,0,4.997322496464999,4.184091358377865
west2560,aust1307,3.1639215548697326,0.027714273117341166,0,4.39903805401,3.9467001084322053
west2548,aust1307,1.3098350561964769,0.01858514630286235,0,1.28020252081155,3.8354668886991696
west2441,pama1250,-5.5188087871990685,0.02859561500730858,0,-10.407771298155,5.399622959563545
west2397,aust1305,3.775955628094512,0.04068852719872758,0,6.7714043644,3.90684686443847
west2618,eski1264,-3.382748280720203,0.014065064615828394,0,-6.276193625805,4.795559449186315
west2650,aust1307,3.392084485443628,0.029852615504576557,0,5.9108474804475,3.9712684474712248
west2594,nucl1709,-3.2842782921453306,0.031830795033786004,0,-10.042221143985,5.5419586155076
west2369,indo1319,-2.4683021581565883,0.015625180756269785,0,-3.879136524413,4.21827081501183
west2519,aust1307,4.6127856872295805,0.02132552585072994,0,5.76904233284,3.97465678303766
west2354,indo1319,3.2327030528324134,0.038491097599290536,0,5.4029396308525,4.097599708378155
west2644,otom1299,4.526965403126281,0.01333088868331569,0,4.94084484681,4.6215515702615555
west2466,atla1278,-1.519391419309645,0.03181224653091616,0,1.0743521226719999,4.0251272663446
west2632,kere1287,-2.920186306399228,0.017567346649044375,0,-4.60538212779775,4.89247766123182
west2396,aust1305,4.157607079304488,0.020580604684523853,0,6.95252088995,3.85141925141582
west2418,sino1245,-7.1496501506100225,0.030874715901907972,0,-4.69754551817,4.321110169823365
west2763,afro1255,1.802662261466296,0.017033114009163353,0,1.5393704924415,3.795587655950815
west2557,aust1307,2.4009223173978693,0.008363636780275645,0,3.3808253589075,3.810675807207425
west2415,sino1245,-7.111634125288743,0.06755973282077178,0,-5.0720166362425,4.291377800870775
sanj1284,otom1299,4.56722993309692,0.025223779359732225,0,4.924583721327499,4.65265489742806
west2430,hmon1336,4.094674140944672,0.021697149250355655,0,8.272122039860001,4.574186890168425
west2600,nort2923,-0.012202518038974,0.03631794249017539,0,-1.2223804117325,4.318773284950749
saka1291,aust1307,-0.6482389959001345,0.010702730202668452,0,0.95802912874,3.672118883192585
west2516,aust1307,3.157682837234395,0.02311284070389651,0,6.25134715429,3.90352380619546
whit1269,aust1307,3.743931912051499,0.016377723647449816,0,5.34476595531,3.98126446142812
wikm1247,pama1250,-6.329185594467628,0.03857822001884695,0,-10.247372176375,5.473886401834795
wiru1244,wiru1244,-5.313077783639421,0.036595042171587315,1,-7.228871875967499,5.796438903768795
woii1237,aust1307,3.2558980111551845,0.0067375738085841234,0,4.764695790795001,4.118733875003695
wola1253,afro1255,-3.3045190054504534,0.025822082046711298,0,-0.22759472743,4.31691605093302
wola1242,gong1255,-5.858998292979713,0.02668195038728616,0,-5.1631737214,4.99384200837192
wole1240,aust1307,4.033508182654735,0.020287480101092246,0,5.8313816622675,3.91632385565832
wotu1240,aust1307,3.2079891827558678,0.028442088719533135,0,5.36825950949775,4.057539259579466
wuch1236,sino1245,0.5858747362977537,0.020769723190790172,0,3.877493701255,3.787032111354775
wudi1238,sino1245,-1.3257740735363084,0.023820157861639962,0,-5.8813092705575,4.120626716108675
wusa1235,sino1245,-2.6524625049614903,0.030857956594907497,0,-5.8615676778425,4.139246545706845
wutu1241,sino1245,-4.157516852120443,0.041008323090930915,0,1.94386210870465,3.75972647152766
wuvu1239,aust1307,2.133152967841505,0.005215179739749457,0,4.873115267737,4.055504284088795
xamt1239,afro1255,-1.6009813262806287,0.021707828477171762,0,-2.58546085839,3.95258291425131
xara1244,aust1307,3.102549436800404,0.031176879582086835,0,4.8751023769524995,4.001501738416085
xava1240,nucl1710,-3.936091539671597,0.01231290252664144,0,-7.40159868041825,4.993464742007155
xhos1239,atla1278,1.1225932331821533,0.014243183721779136,0,3.6802530165675,3.72710965623856
xish1235,sino1245,-2.43670522246138,0.03745077199474506,0,-5.89798309577475,4.1416431609297
xokl1240,nucl1710,-2.9164459958457822,0.009801445901111774,0,-7.410348749675,5.000280420667201
yaak1241,afro1255,1.0868992895808778,0.03340896905079006,0,-1.1002809898925001,3.75029415829498
yaey1239,japo1237,-3.715303082493123,0.01956230723771311,0,-2.4681226131647502,4.5084141597438006
yagu1244,peba1241,-4.696611071546322,0.012730667887434106,0,-6.550043800107501,5.211198724529015
yaka1272,atla1278,4.0500274753900785,0.01841460341471503,0,6.134648283255,4.15956603677684
yaka1277,aust1307,2.5595582985300247,0.030219997504863583,0,4.310171432775,3.9758046821347897
yakk1236,sino1245,-4.983926252992581,0.026697226707545492,0,-4.797851603965,4.26779314815441
yako1252,atla1278,3.5666122392092827,0.019671215571810938,0,5.1872004325475,4.00528166863747
yale1246,yale1246,-2.669225942748682,0.025811853143181587,1,-8.031063533125,5.461364495418575
yama1264,yama1264,1.5536850515228067,0.005714755266429512,1,1.1696299452974999,4.55174597699912
yami1254,aust1307,0.8172712171374354,0.016857856588415338,0,1.41992547742,3.72031023062545
yami1256,pano1259,-5.331311994978458,0.013952746562883167,0,-8.19998842984775,4.853723614844315
yamp1242,sino1245,-6.607475661799491,0.018339087164512286,0,-4.717815189947499,4.305858265613165
yand1253,pama1250,-5.379052225402926,0.02118692790634103,0,-10.266497601849998,5.472318075460191
yane1238,araw1281,-3.0157400478282828,0.014468956725281645,0,-4.12278327098075,4.314562569399625
yank1247,pama1250,-5.42013299722931,0.021550064826990588,0,-10.4295021747,5.385140707056805
yano1262,yano1268,-4.730583387361751,0.008957285616018124,0,-7.22285214582,5.021819516724079
yano1261,yano1268,-4.859397143111703,0.007844499207145438,0,-7.22584907195,5.01217968597122
yaoo1241,atla1278,1.9309218269592945,0.02081566424781025,0,3.2220798566125,3.70685045520275
yape1248,aust1307,3.6977449785726746,0.020435275048748116,0,4.66552804446825,4.03331248397551
yaqu1251,utoa1244,-3.4305787225856514,0.025787777608930366,0,-4.2142601254982495,4.03916571234691
yare1248,yare1250,-4.808658635950842,0.04433496355918842,0,-7.5710475442425,5.86572947300924
yasa1242,atla1278,2.972093899459285,0.018514978873998517,0,5.788319849960001,4.11214304222942
yatz1235,otom1299,4.53761220222257,0.012272207095071954,0,4.9334834199525,4.643095296893835
yaum1237,nucl1709,-4.294953602135694,0.03826433909963861,0,-9.955487786237502,5.50713434801069
yawa1260,pano1259,-5.495592369987566,0.007888602652466041,0,-8.223631820920499,4.831325778561575
yawu1244,nyul1248,-2.880262525093174,0.027364055389158305,0,-8.1958134525375,5.792345774800459
maqu1238,cari1283,-4.9026507060642395,0.009785795220524354,0,-7.80730477265,4.953175375137435
yele1255,yele1255,-2.8768817101957773,0.03350416843804729,1,-8.382417689577501,5.64129509531977
yems1235,gong1255,-4.382626520608737,0.02657243710411639,0,-5.2557576434425,4.892781558965535
yapu1240,nucl1708,2.130687765926084,0.031433780995862456,0,1.4738385269735002,4.5098245817982345
yidi1250,pama1250,-6.3234174317079335,0.02326687042245275,0,-10.2044641000625,5.5255042426573056
yind1247,pama1250,-3.9677411776688385,0.018757995134482133,0,-10.4906707399,5.371798274974055
yoga1237,aust1307,1.816190030320847,0.023386922753189848,0,3.2478285879405,3.82787715181091
yona1241,japo1237,-3.6218302025184683,0.019708938440803802,0,-2.45746326994125,4.489349024292105
yong1280,nucl1709,-5.212834695399373,0.03712117587738534,0,-10.0080178424875,5.52518926214407
yora1241,pano1259,-5.1219805421574165,0.012454134194077454,0,-8.206534560475,4.813635130696265
youl1235,sino1245,-1.1628165003841424,0.02528576605988762,0,-5.81390179920875,4.15972334845554
youn1235,hmon1336,3.567135947054538,0.019370735197316146,0,8.454142086175,4.447445947989895
yuca1254,maya1287,3.1677952161799365,0.008863218616467787,0,4.78715095726,4.5182242749895405
yucu1253,araw1281,-3.565963226964797,0.011342374327530724,0,-4.49886515419225,4.066837425128735
yuec1235,sino1245,0.5246498775862536,0.017938056027373778,0,3.85790790027175,3.804540614574485
yulu1243,cent2225,1.9040939180037306,0.018030626045430265,0,3.56076612634075,3.827990522502445
yura1255,yura1255,-2.2486059096197444,0.0070558438237889225,1,-6.413449361613274,5.078930307864111
gami1243,pama1250,-4.79657910521922,0.02397770089770245,0,-10.26293141636,5.49418878907359
zaba1237,aust1307,2.9290338824685187,0.03479356065975779,0,2.6782729019250002,3.7998478638825253
zaca1242,otom1299,4.512551495615772,0.028973564123161277,0,4.936224212311,4.627295306982514
zaca1241,utoa1244,0.7639833705724735,0.021399240651155487,0,-2.040841948057675,3.85453684716032
zamb1245,atla1278,3.114750235017623,0.013203928358141548,0,5.8625948733925,3.9373208188258397
zani1235,otom1299,4.558007063687295,0.022519099839771968,0,4.7936693661425,4.669062004204005
zarm1239,song1307,-1.8523028390174825,0.02058407332498706,0,-2.4637183927725,3.86180027719635
zays1235,gong1255,-5.739568979761552,0.0434157444577323,0,-5.147719467162499,5.065691620498875
zenz1235,otom1299,4.535678428745941,0.025287016473347974,0,4.8603396854425,4.672441918294825
zinz1238,atla1278,1.8700374436372025,0.020941852924223885,0,5.523888841074999,3.88696164464032
zoog1238,otom1299,4.544478273828847,0.01006425198373848,0,4.9315562042395005,4.6252508417125195
zulg1242,afro1255,2.9805442879509734,0.020538012211295486,0,4.98878535540225,4.101314955635405
