Glottocode,Family_ID,GPGLMM_3D_Mean,GPGLMM_3D_SE,Isolate_Flag,Verkerk_BRMS_Mean,Verkerk_BRMS_SE
abau1245,sepi1257,-0.5014440825645383,0.09702790475696155,0,-0.764380934842,1.880281678858715
abee1242,atla1278,-1.587471038785202,0.06061745228910697,0,-0.802870963695,1.743525617750295
abkh1244,abkh1242,-0.3511088079872048,0.042172392791688294,0,-0.68793132114875,1.929176861995425
abua1245,nucl1708,-0.8040635484794028,0.08808081041526164,0,-0.9684556356135,1.902351043444065
abui1241,timo1261,-0.14826957735924107,0.05926499809416532,0,-0.0019617200999999997,1.9372466461903501
abun1252,abun1252,-1.1519110035108966,0.061014212052647565,1,-0.7712087121762501,2.007796968351805
achi1257,aust1307,-0.41988426441970905,0.07269030490598134,0,-0.49109336521225,1.699225456517865
acha1250,araw1281,-0.6649315201876205,0.08293271396815267,0,0.18310307558974998,1.9231660932923251
ache1245,narr1279,-1.6105123060070747,0.06699899612875752,0,-0.5816894333253,2.0493791727512303
achi1256,maya1287,-2.1474620089133922,0.09405287767701936,0,-1.7271950333899,2.05346344431078
achu1248,jiva1245,0.26956938256783314,0.06896440263685857,0,0.4120971619205,1.99941030535052
acol1236,nilo1247,-0.6844979953338852,0.05827635535820494,0,0.48945790559875,1.7854409123466
adan1251,timo1261,0.000505935849915,0.06185144311876999,0,0.37290536870674995,1.944317269665065
adon1237,aust1307,-0.20505981224698705,0.0604493373381596,0,-0.54015590809575,1.7272504842892
adze1240,aust1307,-1.430811086030755,0.06273994986998757,0,-0.648285761272,1.738198521039765
aeky1238,kamu1264,-0.8932579530324293,0.08321793979532234,0,-0.9400454481366001,1.99131379435486
afar1241,afro1255,0.07520105863470991,0.03169518669592913,0,1.47049874405125,1.6964475244407349
aghu1255,nucl1709,-0.27815371279655066,0.07459211022827913,0,-0.031427306929000004,1.79093005771224
agob1244,paho1240,0.6675685058082858,0.1250269963709235,0,0.1590182569235,1.9555927373330149
agua1253,jiva1245,0.6907884061935313,0.07790374060599882,0,0.41087627372675,2.01414255058756
agut1237,aust1307,-0.035277067243338,0.06809342615517587,0,-0.003555235869,1.7260983997728
aime1238,bosa1245,-0.7577272122454415,0.1364726844624935,0,-0.89304419045,1.985902120819075
musa1266,nucl1709,-0.3751394874077569,0.0705303614451709,0,0.09351862316885,1.8129908799055898
aito1238,taik1256,-1.0680067568360476,0.09962603331548868,0,-1.572121831835425,1.7805787597469749
ayiw1239,aust1307,-0.5349616746656009,0.0597633725419556,0,-0.24947686683450002,1.7438273681488998
ajas1235,kres1240,-2.2889285374156443,0.06066904179995214,0,-0.7296307601715,2.043328218304175
ajyi1238,araw1281,0.8529236195534966,0.07395820398155267,0,0.301184107932675,1.925108945258285
west2635,maya1287,-2.1686586890595936,0.07373190359828227,0,-1.6950965132959999,2.05842471359952
akei1237,aust1307,-2.2043239749730894,0.06124836347217604,0,-0.792238810446,1.756090438530435
akha1245,sino1245,-0.8996083048238002,0.05091382316643025,0,-0.1187035482715,1.6994777870722801
akoo1248,atla1278,-1.7627506830942168,0.06410219540900694,0,-0.29244755383175003,1.732181552400395
akun1241,tupi1275,-0.4649219215317309,0.05889809984225835,0,-0.5030336118934999,2.01170681903369
alab1254,afro1255,-0.22204894550131635,0.040101802804397825,0,1.3543601978405,1.69021589023958
alab1237,musk1252,0.0527217920840643,0.05460172632038233,0,0.13892361684127502,1.9941034630796
alac1244,otom1299,-0.5053767290665763,0.06768524353568636,0,-0.2545510316535,1.99066158660336
alag1248,afro1255,0.5367285325235909,0.041103492747083935,0,1.26129794398475,1.6984781361182302
alam1246,sepi1257,-0.4350484048176747,0.11655207959745385,0,-0.31593401035150004,1.906072225054415
aleu1260,eski1264,-0.3745364584868184,0.052467534216425894,0,0.30533172043125,2.0434098636212648
alor1247,aust1307,-0.3653893029890394,0.05808496503808861,0,-0.52660700137575,1.74046271205022
alya1239,pama1250,0.9561096808340638,0.09261595626573084,0,-2.1413267232651503,1.991288691781415
amah1246,pano1259,0.5093362426734099,0.10742831222896747,0,0.6530085453357499,1.930548928744495
amam1246,kuni1270,-1.241520445306111,0.07300937989650037,0,-1.132400400495,1.97825998744025
amap1240,left1242,-0.11497216668916074,0.09723771611183885,0,0.156830927381725,1.944185929385475
amar1272,aust1307,-1.878769712611273,0.03361011738759156,0,-0.737034983243275,1.7610371733419852
ambu1247,nduu1242,-0.00562641880361055,0.09483012980751297,0,0.500891278673,1.89542219911196
amdo1237,sino1245,0.5123937617341431,0.025925748856984888,0,0.331757491856,1.682137738222775
amha1245,afro1255,0.1541295592202001,0.0495515165220295,0,1.275792501956375,1.7388821812306499
amii1238,west2434,1.6850339433422676,0.09857664835302783,0,-0.0436212588675,2.004713772384305
amis1246,aust1307,-0.4148472373485531,0.06945184814822568,0,-0.301570009626,1.78627370224731
hoaa1235,kxaa1236,-1.2544533847991328,0.0721573929473456,0,0.34589121889575,2.114175098527185
amri1238,sino1245,0.3177471136259644,0.05864815108853019,0,0.11470565440575001,1.71190402407931
gily1242,nivk1234,-0.06822485247323835,0.056382275141969404,0,-0.9906721773362501,2.23272279156152
ando1256,ando1256,-1.0285296251399498,0.06579363373284083,1,-0.63818758532375,2.1046464335830652
anei1239,aust1307,-1.742109122191939,0.05520066153162504,0,-0.7477110072164626,1.7546721224693198
anem1249,anem1249,-1.7515333133485833,0.07871290289252629,1,-0.7057469286225,2.036303043446795
anfi1235,gong1255,-1.2541274417646335,0.06713653367958508,0,-0.627304442795,1.792311387660815
anga1288,sino1245,0.00138564982429755,0.0551598641442514,0,0.037368735465175,1.72121659940235
ango1257,chib1249,-1.854737983905257,0.11909031192326941,0,-2.0878797982155,2.033076271152515
anin1240,gunw1250,2.1049072540741047,0.05474085950039502,0,0.01553932877,1.991240612091465
wara1294,more1255,0.809381345351162,0.0912603925480965,0,0.48103544494024997,1.9296795577843149
anuu1241,sino1245,-0.3409159627872068,0.04663522672580919,0,-0.3110286086775,1.734715011765305
aona1235,sino1245,0.0759596612350262,0.0534915372214014,0,0.104692989007,1.7135069069863
aoua1234,taik1256,-1.7019200145325653,0.09753139933163578,0,-1.45792502834415,1.81404074283103
apin1244,nucl1710,-1.2740057617123164,0.0835710773685733,0,-1.5070234819025,2.0302720058173653
apma1240,aust1307,-2.2763140933667874,0.06777542898095086,0,-0.7090654940182499,1.751142552223945
apma1241,kera1258,-0.9924692424872426,0.07525593914718026,0,-0.8364926704737501,1.9916626987440051
apur1254,araw1281,-0.13737606133536878,0.06859913130450455,0,0.23355844686525,1.929934148331125
arak1252,aust1307,-2.234289769055784,0.015485454116797014,0,-0.80017824191775,1.768663138093515
aram1253,more1255,0.6833797423376697,0.09927233189232999,0,0.48659780646375,1.9426287026735398
arao1248,pano1259,0.5952531737072325,0.07100865455151555,0,1.049752333904,1.965771573966135
arap1274,algi1248,1.5781438535288548,0.11449584938693268,0,2.1900495583675,2.0206047053859253
araw1273,tupi1275,-0.1061543559709988,0.07852983948827888,0,0.157929039623,1.977704210625245
arbo1245,afro1255,-0.05274843444996865,0.04873332425562477,0,1.3208440161567498,1.686792143871505
arch1244,nakh1245,0.0318373490186538,0.055587269628458065,0,-0.2936681410675,1.8199668875917099
aree1239,aust1307,-0.33507228152694724,0.06812651581591621,0,-0.27160225157874995,1.7315524629930499
area1240,aust1307,-0.27070372032636747,0.05532227470282277,0,-0.440520144845,1.73462154125306
argo1244,afro1255,0.0423682589649825,0.035614460580369454,0,1.1893188164830248,1.73142920154493
arhu1242,chib1249,-2.0154062878321795,0.07299669133100734,0,-2.1155179915765,2.019207200055125
arig1246,atla1278,-2.0518837248974533,0.05627956160222923,0,-1.00513748414425,1.761869712502505
arom1237,indo1319,0.3141253661994225,0.04320368306356341,0,0.06405778394225001,1.70950564206594
arop1243,aust1307,-1.7156898764287924,0.023190509252942842,0,-0.791376185263,1.7433158289777402
arop1242,aust1307,-0.7502403121099793,0.029985675001767235,0,-0.69555849097,1.749973285220235
aros1241,aust1307,-0.4912848387140373,0.06734877854973609,0,-0.5353698536075,1.735162406800895
arta1239,aust1307,-0.5716998024963671,0.0716103992986454,0,-0.0646237661805,1.72157934415597
asha1243,araw1281,1.0168600296527768,0.06131037717143332,0,0.36449106311400004,1.920225445982005
ashe1272,araw1281,1.1385340799589385,0.0837804681368799,0,0.3582198217295,1.92805323766884
asoa1238,cent2225,-2.070246097335101,0.06641636553076012,0,-0.899069722848,1.7753549491041398
assi1247,siou1252,0.0086048307357127,0.07143052404548965,0,-0.09435687756222999,2.0543701873528697
asut1235,atla1278,-0.3849064001323843,0.06060897587803915,0,0.1196007501661365,1.676118887308925
athp1241,sino1245,0.4776416469029633,0.0419311876482262,0,0.27680487765350004,1.729150932717325
aton1241,sino1245,0.377622267888743,0.0431449978316561,0,-0.090855112785,1.700327991343145
auuu1241,nucl1708,-0.6939031385186017,0.08163610552127518,0,-0.672732039639,1.8848187270281351
aulu1238,aust1307,-2.320470949518924,0.020263853354750366,0,-0.69195880311125,1.755139003958185
auye1238,nucl1709,-0.30110670748876356,0.059385956428846184,0,0.45505330068887495,1.8005703823242452
avac1239,tupi1275,0.0111360466614662,0.05024508821104603,0,0.17238249554899998,1.9707672433523848
avat1244,atla1278,-1.626544532052234,0.07892039759197586,0,-0.7930679200449999,1.73694243616048
katb1237,aust1307,-2.3131225199173056,0.05061577106852419,0,-0.7377464125575,1.7447829808043451
awac1239,barb1265,-0.9481311551981266,0.07164863934567363,0,-1.024686684981,2.073211550273785
awad1244,aust1307,-1.4730882352562007,0.058563813370985825,0,-0.76010803303525,1.74266484016935
awad1243,indo1319,0.4571608573736683,0.03408772431609577,0,0.563961618903,1.742527316915805
awar1249,ramu1234,-1.0864455764279226,0.06787592423814925,0,-0.43113111469725,1.9760135250022701
awar1248,nucl1709,-0.8882495335659073,0.058322084768122326,0,0.16605556853550002,1.80800548113431
awet1244,tupi1275,-0.0548840630325068,0.07868121468290308,0,0.16657809772749999,1.998144776721325
awji1241,afro1255,0.5221365659746355,0.0400197008588792,0,1.0353339633145,1.760248938863615
awtu1239,sepi1257,-0.3900371036607249,0.095755703050276,0,-0.3773282745914,1.87538244482837
axam1237,aust1307,-2.323495056262935,0.06126087455880543,0,-0.7023940791175001,1.7600738630629649
axiy1235,sino1245,-0.7093557356971669,0.03978987129172148,0,-0.20644072504424998,1.706921087565155
ayac1239,quec1387,0.45367824834840986,0.05479263797155265,0,0.1997512344105,1.954148677798715
azha1235,sino1245,-0.6833199592682739,0.04483991110269394,0,-0.20274987503550002,1.706044570785435
baba1266,atla1278,-2.0344252179922595,0.06673406137029342,0,-0.91835919243375,1.7939501253549799
bafi1243,atla1278,-1.4240375621957906,0.05516631342965728,0,0.011791812830125,1.7316597665805098
bafu1246,atla1278,-2.0364391241190027,0.06278270097263486,0,-0.952766578581,1.788584023090915
baga1272,atla1278,-1.4576318432668,0.0640686016257338,0,-0.274966044465,1.751816095295835
bagi1246,cent2225,-1.9859365238352265,0.08637666230958027,0,-1.0977663739944998,1.7495918438674
bahi1252,sino1245,0.4294265720724614,0.03985407639267738,0,0.1117186069215,1.720133457669245
baim1244,sino1245,0.3950832065827502,0.04302635067666754,0,0.31737427759424996,1.68710499837678
baka1272,atla1278,-1.9014518210834663,0.06840555466933035,0,-1.23356900222725,1.711986684964945
baka1274,cent2225,-1.8268545874159534,0.0599922400273502,0,-1.0398737997645,1.7697257468203
baki1244,aust1307,-2.263275556763814,0.055960859944972845,0,-0.7156683821075001,1.7624187986950002
bala1316,aust1307,-1.4376184218000732,0.04964686246206445,0,-0.68307375247605,1.742148212315945
bala1311,aust1307,-0.025371463257823447,0.026674866574391706,0,0.15944743117325,1.73529867316664
bala1315,aust1307,0.29000765076172286,0.06745455259702936,0,0.458830314863,1.75402551468354
bali1278,aust1307,-0.09676255870393605,0.05529031199825321,0,-0.46079804299825,1.715965531693055
liki1240,atla1278,-2.6637947932031834,0.05025135612089706,0,-0.75948408072,1.690909834427695
bamb1270,aust1307,0.4212424720910769,0.06742452873518956,0,-0.064067043268075,1.71936807323034
bamb1262,maoo1243,-0.9357078429615702,0.05757712130295291,0,-0.8412260648314249,2.036414134326985
bamu1253,atla1278,-1.7858900915549434,0.062128868379106715,0,-0.9586035816875,1.79073507184253
bamw1238,atla1278,-2.6323093339257477,0.06933178525111054,0,-0.6965785951845,1.687593806870435
band1344,atla1278,-2.589988710645759,0.08361245702687961,0,-1.19386898765575,1.717275558698585
band1340,atla1278,-1.7478032253430755,0.05683071418989826,0,-0.8216676648172501,1.7763953937349402
bang1363,bang1363,-1.7916518785349056,0.07370393116114239,1,-1.0231783581667502,2.24293975246798
bang1369,sino1245,0.32039680873388654,0.04489172724183441,0,-0.11592258905385,1.71162800142282
guar1293,araw1281,-0.04443851595175895,0.06008624516814351,0,0.43241551117325,1.94026701265611
bani1255,araw1281,0.0025855452646258,0.07184501031871837,0,0.2877421426925,1.9190832537829499
bann1247,aust1307,-0.7166261310983734,0.0586277370628324,0,-0.2696123660675,1.73782239777014
bant1281,sino1245,0.4742018911140232,0.04216382928644206,0,0.25164393908325,1.73218734475071
bara1357,sino1245,-0.08160999841289959,0.031862775131669886,0,-0.49732487963525,1.72544465707539
bare1279,afro1255,-1.1744476493756704,0.04740618074395702,0,0.60338028305935,1.7205739779215898
bara1370,aust1307,0.17809981411676595,0.07245139750235606,0,0.1131303927828,1.7308176724516
bara1380,tuca1253,-0.8797002323867871,0.06775216944446313,0,-0.11812560479275,1.9695498402784248
bard1255,nyul1248,1.7163423176887633,0.11375466171538216,0,-0.008194146462,2.021051056506505
bare1276,araw1281,-0.19900282205541195,0.07647863290470275,0,0.13525974898135001,1.93798853596907
barg1252,nucl1709,-0.5966149656329611,0.07474205034340302,0,0.049214358650375004,1.850381901152415
bari1286,aust1307,-1.8756824142532595,0.04655022983243057,0,-0.721954417884475,1.755202178961365
baro1253,aust1307,-1.8123606555587366,0.05493644341561125,0,-0.6245815851100001,1.7458763009952651
basa1282,atla1278,-2.2317143734475287,0.04805959203078757,0,-1.040820176823275,1.758035712110025
basq1248,basq1248,0.48567327104367636,0.04237319259722077,1,1.3999341170025001,2.1522195584815
bata1293,aust1307,-0.23824964125259102,0.06318746648880282,0,0.12507597926735,1.717594241216555
bata1289,aust1307,-0.32171541762820477,0.06313119515570802,0,0.03445925107425,1.715887438079485
baur1253,araw1281,0.4328334329433404,0.08615998375128568,0,0.32568545839175,1.929565728748945
bauz1241,geel1240,-0.38495105098066096,0.06809650337035195,0,0.2826759992125,1.956783932355235
bawm1236,sino1245,0.010041852818239501,0.03787053457333573,0,0.1408272677959,1.7301045635047
bayb1234,aust1307,-0.20228888856753874,0.061627916386723144,0,-0.060695480427,1.7206651445887249
bebe1248,atla1278,-1.6074625896504768,0.05429620464951427,0,-0.04171143084875,1.738075012489595
beem1239,atla1278,-1.5140722668345177,0.06318474546855024,0,-0.47946477525125,1.724838213614885
beja1238,afro1255,0.3033108957975559,0.03174700238070811,0,1.466861881929,1.7276155424833601
bekw1241,atla1278,-2.049083275683433,0.06389356296568718,0,-0.581637239395125,1.779027707222695
bela1256,nilo1247,-1.78713388981688,0.06350919344149167,0,0.4144121327375,1.78255308032405
bela1254,indo1319,0.7243015684739404,0.044829851516224276,0,1.368011596917,1.7405296197586702
nyal1254,aust1307,-1.4126092401916666,0.04820187762433923,0,-0.6846497270652501,1.741082447269555
bell1243,sali1255,-0.3528332276921441,0.054649285855231954,0,0.30723300160339995,1.988513795122385
bemb1257,atla1278,-0.9903936655507086,0.044397532518337064,0,0.01855978955125,1.6967711425441
benc1235,gong1255,-1.313613285740407,0.061797780318391636,0,-0.59045285232925,1.8144445114271899
beng1282,atla1278,-1.6469275081222263,0.05248862845573617,0,-0.2791401254045,1.728277802427925
bent1238,dogo1299,-1.4905217680681409,0.09078601135155873,0,-0.0146532775805,2.009932204343985
zagh1240,saha1256,-1.4853390438968699,0.0703646502695988,0,0.013598745401499999,1.9373304821025599
bert1248,bert1248,-0.06835101786149961,0.07414834072060086,1,1.5152362948775,2.194190659554165
bhoj1244,indo1319,0.6064229032214035,0.05084866338566201,0,0.4281707164425,1.724352475408745
biak1248,aust1307,-1.3043537588028837,0.05673296971750711,0,-0.7550753968032,1.75599465111963
biao1254,hmon1336,0.30569022345635566,0.04576201495843678,0,0.59456182236301,1.754677635719145
biao1256,hmon1336,0.3960014797554789,0.04684628357894675,0,0.5951174735335001,1.74193429276071
biat1246,aust1307,0.45337967959944603,0.06542261102723249,0,0.169026099795,1.73265399119154
biha1246,aust1307,-0.6511808768772651,0.0773447588506056,0,-0.39962665525925,1.7026102980645401
bilb1241,aust1307,-1.2813336462108222,0.054217068618645906,0,-0.7381589576550001,1.747503719626885
bili1260,afro1255,0.17883518774435658,0.03992838821091341,0,1.2608275315175,1.682982416050335
bilu1245,bilu1245,-0.16113314415882618,0.07311083101862188,1,0.33017022865975,2.00540404163071
bimi1240,nucl1709,-0.2536984295433222,0.07030579593332201,0,0.010189657331599999,1.783196037184915
bina1277,nucl1709,-0.4987117093637846,0.040797552957002464,0,0.19484146075074998,1.782874627455495
bine1240,east2503,0.33707261810989175,0.03710698533082845,0,-0.0151838572615,1.93423028693863
bini1246,atla1278,-1.717412504209339,0.04000592740496822,0,-0.7721138271427,1.746037409812835
gunw1252,gunw1250,1.8203165156855796,0.07578338605784699,0,0.02550725529925,1.9852348583736301
birr1240,cent2225,-2.6011774041052007,0.07785650649857871,0,-0.81056118951725,1.7701150598365198
bisu1244,sino1245,-0.9306152908399914,0.06409754319346465,0,-0.0395168354875,1.6986131207745752
bitt1240,aust1305,-0.9732170517758164,0.06366850780001708,0,-0.16496148462549998,1.6817110218447051
biwa1243,yuat1252,-0.8194676298485434,0.06693999499601745,0,-0.792945826482075,1.98247799318791
blab1237,aust1307,-0.2901133858762563,0.06668233012525335,0,-0.447825636805,1.7376447185138049
blan1242,aust1305,-1.080542302238747,0.0394614883781587,0,-0.15486214781524998,1.67351721107087
bang1354,atla1278,-2.182157906513999,0.05230075066792411,0,-0.7406272444325,1.68181050293456
bodo1269,sino1245,0.4438906267308833,0.030323456207119664,0,-6.19415925000007e-06,1.69841237852807
bola1250,aust1307,-1.8438467269621748,0.06918647329205074,0,-0.56319812653425,1.743120588721645
bolg1251,atla1278,-2.1647482309548414,0.07847095525515499,0,-1.03245843075175,1.75218023172479
chim1302,quec1387,0.3160302099336404,0.07016227145338794,0,0.44115612497975,1.940544533235705
bolo1262,atla1278,-2.4372529171535477,0.06723205397022639,0,-0.7596816629825001,1.684102305271335
boly1239,aust1305,-0.8865774713095218,0.03954336083952158,0,-0.00027755217675,1.6904070709359948
bomb1262,atla1278,-2.6866604273371166,0.06109972151116557,0,-0.69597344853675,1.68598844192548
bomk1234,atla1278,-0.8526376606256255,0.03707935113349879,0,-0.14804915257095,1.7573770818291
bona1250,mong1349,0.4555740710313966,0.028984229108256383,0,0.5588655959435,1.848199737193825
bong1289,aust1307,-0.1078743284072756,0.07268395941828452,0,0.036034925387,1.71697216113443
bong1284,atla1278,-2.1942155650841793,0.05608544622364524,0,-0.5681878333175,1.6872535776206
bora1263,bora1262,-0.4027430978448918,0.0659144325693543,0,0.35067314509025005,2.0687276907571297
bord1248,chib1249,-2.311817605734962,0.10289624234973442,0,-2.1202293534525003,2.031775265077895
bori1243,sino1245,0.037342789005999355,0.03793501519058831,0,-0.36224411370382503,1.699880848300985
boro1277,gong1255,-1.152004404804921,0.068911184531557,0,-0.6297415225325,1.7990691355744701
boro1282,boro1281,0.0018064044955873998,0.06322420163617849,0,0.33162501837,2.0654375310460154
boto1242,aust1307,-0.27243871924152147,0.0761318210593963,0,0.06697892908475,1.7367278392452299
boun1243,atla1278,-1.4041111036919887,0.08651220267827446,0,-0.35114648442749996,1.73122734019719
bouy1240,taik1256,-1.8174731182903243,0.09219293290814048,0,-1.4797476482374998,1.782469390887855
brah1256,drav1251,-0.5861786755122438,0.062126186166381096,0,0.945727636156,1.81123706320284
lave1249,aust1305,-0.3677296321033622,0.05729741506562295,0,0.118411223397225,1.68594658801686
bret1244,indo1319,0.24763696617108671,0.0359658574101844,0,0.81012081234075,1.77648941236747
brib1243,chib1249,-2.272666653468974,0.08745686393300903,0,-2.1065990692515,2.029807182096015
budu1265,afro1255,-1.2168216780120973,0.04651740124251155,0,0.138388549902,1.6833543340620252
buga1247,aust1305,-0.786020047906458,0.04994927332377634,0,0.0013456116565,1.691659063621365
buga1250,aust1307,-1.5938527315579445,0.051081914191549636,0,-0.63734445972125,1.7470695923241348
bugh1239,aust1307,-0.2740568811913673,0.0590042258482807,0,-0.14899449391305,1.7383757403821951
bugi1244,aust1307,0.9166321090983508,0.08295200920679643,0,0.14760461841975,1.742010807567685
bugl1243,chib1249,-2.336221977490534,0.08319362784137971,0,-2.121019757545,2.03407366293054
buhu1237,aust1307,-0.2742364415264411,0.05100931782574538,0,-0.41807307486050005,1.7438954850018549
bujh1238,sino1245,-0.04370646203112685,0.041002263299406955,0,-0.346822987724575,1.7238267647680101
buka1257,aust1307,0.4674664047712811,0.06903400135427062,0,0.17608948789275,1.730891528832025
buki1249,nucl1708,-0.8332425869460712,0.11254993921175727,0,-0.9733426573324999,1.9058648499942001
bull1247,atla1278,-0.8332954345086689,0.03597030547594629,0,-0.1483427965845,1.755634147132585
bulo1242,aust1305,-0.10662059228292795,0.042864634624180956,0,0.26769737876062505,1.67611119663193
bumt1240,sino1245,0.24965645100818565,0.050933760923225435,0,0.227073380373,1.69549626822881
buna1278,timo1261,-0.2752678566859713,0.05922181553680784,0,-0.19788057192050001,1.981226858488525
buna1276,aust1307,0.0001801255513769674,0.06607867855821989,0,-0.07026597103425,1.7311602460551452
gahr1239,sino1245,0.14212238951308415,0.032763234897986736,0,0.13492907009732502,1.719073461463025
bund1253,indo1319,0.6381369394149101,0.04925533241466544,0,0.51973547339875,1.734451761372675
bunu1267,aust1307,-0.49162367790721206,0.06834661585683056,0,-0.486132491431,1.781790854434265
buol1237,aust1307,0.10321471598705495,0.06718413306994034,0,-0.1974328104975,1.729912362346715
bura1292,afro1255,-1.2629642245375843,0.05454355845511197,0,0.1887880175095,1.6819958049243802
bura1267,mani1293,1.7722455419340166,0.0708821761846414,0,-0.273757589214,2.05410921602142
burj1242,afro1255,-0.0988227286154825,0.04578726957487857,0,1.2749074703725,1.68552050554448
nucl1310,sino1245,-0.6263830037445104,0.02939000470295287,0,-0.0397723188375,1.70976399445309
buru1303,aust1307,-0.6144326533701749,0.05140789938036183,0,-0.56431561794275,1.75617450457526
buru1320,afro1255,0.6110473235512862,0.04384483929577837,0,1.40269951194225,1.68900434028059
buru1296,buru1296,-0.40056656556129494,0.05826243762288971,1,-0.963063108338,2.2005797132756397
bush1247,atla1278,-1.811037942696207,0.0507800203443278,0,-0.68428999166725,1.677080143648935
buwa1243,afro1255,-1.1175433163531379,0.04204158205467836,0,0.21726399026725002,1.6946458399055149
byan1241,sino1245,-0.281572677158972,0.037287613676060705,0,-0.036856985295499994,1.71185876599743
caac1237,aust1307,-1.4722653065175293,0.06323473185623585,0,-0.63329096366,1.742397423422645
cabe1245,chib1249,-2.412080070413384,0.08098664268633775,0,-2.1077849348925,2.027090223475125
cahu1264,utoa1244,-0.9841746111922551,0.06124857174312312,0,-1.2902004756725,1.989940550161245
cald1236,quec1387,0.20731052487420087,0.06708711837879754,0,0.4402487630705,1.9391028891268451
caml1239,sino1245,0.4308290165503386,0.03854484171322653,0,0.26400382145975,1.721729484613655
camp1261,indo1319,0.6931244445337503,0.05004758747759731,0,0.21351126825275,1.716015411748335
cams1241,cams1241,-0.2081399056897712,0.06845171748937541,1,0.1992728962195,2.08702626655346
cane1242,nucl1710,-1.4095620817332613,0.07322441051880695,0,-1.5110237876502999,2.035752999994485
caom1238,taik1256,-1.3231932837176488,0.09540812940170044,0,-1.4177596283465,1.7746681708680399
capa1241,pano1259,0.8760259594387945,0.09519284212851117,0,0.7465194973125,1.940265604505085
carn1240,aust1305,-0.45728569512888945,0.029885079458760858,0,0.14412660221035,1.6984205628183249
caro1242,aust1307,-0.8694610416184031,0.05313635605653129,0,-0.8119296596109999,1.72560993244096
cash1251,pano1259,1.0072960604263448,0.08940523497382274,0,0.79766792188275,1.9467253753407001
stan1289,indo1319,-0.08107209085794485,0.03847964434022401,0,0.0003552142124999503,1.70784300343475
cavi1250,pano1259,0.6867623964171713,0.0835133674098322,0,0.9874571600962749,1.9684534559973401
cayu1262,cayu1262,0.19057021259676932,0.0518573019161561,1,0.2787352119975,2.06884757035528
cemu1238,aust1307,-1.4921561052204084,0.05503523314765244,0,-0.66331343848625,1.739758638988355
cent2127,eski1264,0.32868507483959775,0.06000855449802407,0,0.70837715467,2.04366040646124
cent2142,ayma1253,0.7318502992500318,0.06167779156248369,0,0.84372585886525,2.04020012640323
cent2004,sino1245,-0.822098781947864,0.03384196224256235,0,-0.39719774205095004,1.71643754639897
cent2292,aust1307,-0.6579735518635945,0.08134401947960769,0,-0.12922205325275,1.7126017795657
cent2084,aust1307,-0.5324751677178987,0.08613277071642451,0,-0.15928399941,1.7255847429232198
cent2314,aust1305,-0.39349483026309073,0.0398221030052083,0,0.20746806230550002,1.686380348917885
qaua1234,taik1256,-1.3931631584329418,0.0924884936427727,0,-1.4639268016225,1.8063376048930202
guer1241,utoa1244,-1.759708266238257,0.09706786493862136,0,-1.2099102892025,1.96421003606315
cent2050,saha1256,-1.368599711308537,0.06931879573010326,0,0.2439655079735,1.905796673149525
cent1989,aust1305,-0.062098408469951204,0.05194525291977434,0,0.49738218045725,1.6925418508046302
mala1479,aust1307,-0.12640467428532934,0.04978233209421769,0,-0.38535967421925,1.697873944371345
cent2322,ural1272,-0.0935215960066754,0.052896154580650015,0,-0.092408311605,1.75545818609468
cent1992,aust1305,-0.2599799911985864,0.03842004627016984,0,0.220993637953425,1.67958289554314
cent1990,aust1305,-0.41030118174536967,0.04610547988348052,0,0.144008517071,1.6995424505643801
cent2140,miwo1274,0.5277757135285217,0.07209706790192746,0,0.92294505506675,2.062142481983055
cent2131,utoa1244,-0.8245326226750829,0.062225463102849154,0,-0.94547103780075,1.957698377431805
cent2150,chib1249,-2.012243042448541,0.08625245906115847,0,-2.0895414201292253,2.028284524160145
chac1251,pano1259,0.3198715921808145,0.06958076433131558,0,0.6408712557627501,1.92135985823588
chad1249,afro1255,-1.18302629279298,0.035398290831044725,0,1.363742836434,1.662800212291085
chak1270,sino1245,-0.3151600716771572,0.03888614576644211,0,-0.27170168240875003,1.697224084380485
cham1309,nakh1245,0.26273140354601066,0.041989670697535154,0,0.178400549422,1.8291507925621548
cham1318,araw1281,0.7004742349735036,0.0669369809286201,0,0.508592884682,1.956675495654915
cham1312,aust1307,-0.6612140521599514,0.05788214513091678,0,-0.048154590562,1.758438727541325
chan1313,sino1245,-0.13050685541064225,0.042453477842362,0,-0.27768087511825,1.6841163507354349
chac1249,barb1265,-0.9579290072862603,0.07393787572057624,0,-1.088539343338975,2.057107153026275
char1269,gong1255,-1.3002123597334752,0.07095676890116237,0,-0.35971219846625,1.7932827379884602
chas1234,sino1245,-0.16919857863943571,0.050269714109992106,0,0.07522867678799999,1.70862304078711
chec1245,nakh1245,-0.1426271676298952,0.04821465593542664,0,-0.5215647437635,1.82854957172152
chek1238,aust1307,-0.43346857983451725,0.05413151976391509,0,-0.5876735717275,1.72934667426513
chep1245,sino1245,-0.02971109352882535,0.038826067946777044,0,-0.34590476465575004,1.7251057658680349
cher1273,iroq1247,1.0927627894816179,0.05503558071759696,0,1.3316283386975,2.061006758075795
chey1247,algi1248,1.6015341728491324,0.1180754991233332,0,2.1744621466325,2.0397724958201353
chig1238,atla1278,-0.786069556079072,0.044711992304443504,0,0.22086207046985,1.67616934656053
chil1280,atha1245,-0.2032578664145662,0.06868588928953431,0,-0.28021716489025,1.976102835276675
chim1309,chib1249,-2.066126289379076,0.09539412586873587,0,-2.1101772564875,2.021750397613965
chim1312,atla1278,0.0326568895220191,0.05506437682010791,0,0.31298822401825,1.6953781221291249
chhi1245,sino1245,0.48852552464270926,0.043736016304452,0,0.28858164634825,1.72330389842772
chip1261,atha1245,-0.5816677298512403,0.06614864473984912,0,-0.4837321579595,1.98269920186633
chip1241,algi1248,1.5352483389858644,0.09579371277507331,0,2.2335993963475,2.0134274110908104
choc1276,musk1252,-0.11763860891122216,0.05202423910385072,0,0.059126733762749996,1.9907921748211
chot1239,sino1245,0.12042390450456256,0.05213139842529088,0,0.17613950217500002,1.72013285051404
chra1242,aust1305,-0.2740527155495312,0.034563649696241955,0,0.205349400969,1.676422815335625
chuj1250,maya1287,-2.15486059041851,0.08494209321134556,0,-1.69484581685075,2.0488725029438903
chuk1273,chuk1271,0.9101201586810619,0.050876004596847116,0,1.399660701395,2.1805669517994453
chuv1255,turk1311,-1.0037351356595705,0.0819576615549566,0,-1.44651865256575,1.8204627083651501
chuw1238,atla1278,-0.2244028399914948,0.04680222438353815,0,0.1444227583617,1.68059921463716
cici1237,atla1278,-2.14014896553609,0.052056077278588936,0,-1.0457280347305,1.7602183629819348
chin1286,chin1490,0.9677703650463464,0.0639539780363649,0,0.7613941340445001,2.078486530423395
coat1243,otom1299,0.0544592398426582,0.07039303208157426,0,0.05176683594525,1.9754612348950449
coca1259,tupi1275,-0.19157990120164145,0.06331146747835095,0,-0.04911000316625,1.953779002043215
coeu1236,sali1255,1.0409377895339724,0.06111683435543252,0,0.8079001655167499,1.98304016882935
cogu1240,chib1249,-2.0160078753605877,0.08663936432802144,0,-2.1194418536045,2.02999186234502
inga1252,quec1387,-0.2847414401785243,0.07153782258461372,0,0.36558218119475,1.94161802005694
colu1241,sali1255,0.9590702423025383,0.059936398830785845,0,0.8140448336065,1.9792354209326501
coma1245,utoa1244,-0.8828908778458255,0.0626017755930241,0,-1.3217085092074998,1.990589349407525
como1259,sali1255,0.0591162229071613,0.07205822437754915,0,0.2603616284655,1.96486282773906
cong1236,atla1278,-1.3601728356196918,0.06577066679785011,0,0.25462827399175,1.6858575185513351
copa1237,otom1299,-0.3628917033536936,0.07785209767453068,0,-0.28621231686424997,2.0017031705992903
cors1241,indo1319,0.4958815547745299,0.05470503292697753,0,0.20416288135650001,1.7079607354318251
cosa1234,sino1245,-0.5876530587560016,0.05590141440421655,0,0.06744458793375,1.7075889218861549
cree1270,musk1252,-0.22524359906773256,0.05293942566027956,0,0.04100882498075,2.000491028127085
crim1257,turk1311,-0.6007389353536546,0.06439973255014662,0,-1.4792912894480001,1.8010692914399198
cros1244,atla1278,-1.709558353474188,0.07490440802534752,0,-0.6459115863355,1.750087144825415
crow1244,siou1252,0.5756846376466218,0.06890745069955886,0,0.16924376846625,2.02762622925506
cube1242,tuca1253,-0.6027671230691787,0.07023172300750771,0,0.0115433667675,1.965516590867575
culi1244,araw1282,-0.405295233493764,0.05781654365337958,0,0.039985264113000005,2.023503444505805
curr1243,araw1281,0.00880118536985575,0.07106796891330411,0,0.28824506865075,1.923005192321205
cusc1236,quec1387,0.2932804974595007,0.04239551104716571,0,0.2002800154245,1.9513674978744748
czec1258,indo1319,0.6412410262333469,0.03179476667604795,0,1.3620803680732498,1.7406217916008302
daai1236,sino1245,-0.6491734052471971,0.029680739248547187,0,-0.09680582438124999,1.724480409888675
daas1238,afro1255,0.023900721603203,0.059212874424560615,0,1.399590387846,1.69280010136952
dadi1250,tebe1251,-0.8053289265941539,0.06307223519027302,0,-0.731859734695,2.000672895648905
dagb1246,atla1278,-1.7903551116155287,0.08420228606194392,0,-0.732844279711,1.72642045890224
dagi1241,narr1279,-1.6750517126223219,0.06833530463724663,0,-0.589146749302525,2.05195595980571
daka1243,aust1307,-2.312818478579076,0.06364646356342633,0,-0.7082271328725,1.7508002845375
damp1237,aust1307,0.5101028164120482,0.0780508143604104,0,0.5383658917455001,1.73651965117591
dana1252,aust1305,-1.1376273817961828,0.03568683914916749,0,-0.09519795989874999,1.676964040836385
dand1238,drav1251,0.6732906049342635,0.06944221085340584,0,1.3394785987020001,1.80131059730256
dani1285,indo1319,0.2738445560404187,0.05095776105018189,0,0.2279740085945,1.7167311439063102
dara1250,indo1319,0.22716525534413917,0.0667467603027875,0,0.30760991657575,1.72120764830852
darm1243,sino1245,-0.2791578569192651,0.02832504293704476,0,-0.0347345066926,1.712529694185555
daww1239,nada1235,-1.1255034112946465,0.06864601458564283,0,-0.946364020368,2.04289652150118
dawr1236,gong1255,-1.3652220260785448,0.05962592321022004,0,-0.4515463501525,1.7998446170706601
daza1242,saha1256,-1.8583739036419058,0.06067748830340469,0,0.0131507044065,1.895174065449605
dege1246,atla1278,-1.8597787641335337,0.052539185889169074,0,-0.87283346011725,1.764478978602755
dera1245,sena1264,-0.04812570550167445,0.05239857624383703,0,0.22802061476375002,1.969659769126055
dera1248,afro1255,-1.3508358028805318,0.03516638995374151,0,0.00450377478475,1.70598044812348
desa1247,tuca1253,-0.5963353094810763,0.04731991770734912,0,0.004215911216,1.9694192708935452
dhao1237,aust1307,0.239496042932124,0.06222493473952543,0,-0.0605416053876,1.7406809935131702
dhar1247,pama1250,0.5533332843094858,0.09162871370540945,0,-1.92514444456,1.978372474833245
dhim1246,sino1245,-0.3577716766034418,0.0422120393774725,0,-0.43471841724750004,1.7205864129397601
dibo1245,atla1278,-2.4002019528661704,0.046439616031741036,0,-0.585291640169575,1.688768262485385
dier1241,pama1250,-0.3268325900513419,0.09654235041019395,0,-2.32161840600575,2.0163610295543
digo1243,atla1278,-0.030476170904767702,0.05677818830380552,0,0.342200987653,1.68764215022147
dima1251,sino1245,0.2606344369070449,0.029692502393726377,0,0.016787500071475,1.6938880830894352
djee1236,mani1293,1.573063587328174,0.05714492066569366,0,-0.28162649710075,2.027454669070385
djeo1235,nucl1710,-0.9887826801656483,0.10653277799680226,0,-1.34989641652145,2.038794291137915
djin1253,pama1250,0.9237923899758043,0.11490383688911945,0,-2.3056650302875,2.006245490359855
dobu1241,aust1307,-0.079192136360168,0.05882322610595251,0,-0.072143121384,1.7249197882024752
domm1246,nucl1709,-0.2604482824275982,0.06112095191781798,0,0.439764083425,1.79322611492261
doro1266,manu1261,-0.5540995460825779,0.06192678204008843,0,-0.886117766282,2.00555339768483
drun1238,sino1245,-0.0837296636181005,0.04263815096744658,0,-0.19128662267075,1.72934437423004
dual1243,atla1278,-1.6640115064263838,0.04975769377183517,0,-0.28594955492775,1.721561001504135
chug1252,sino1245,0.39116974538316907,0.039482380066669084,0,-0.09024907335505,1.718912710771675
dumb1241,aust1307,-1.3710647525778037,0.022650891910868432,0,-0.654151894891075,1.74525772865648
dumi1241,sino1245,0.14966041366703942,0.05489609347866813,0,-0.12081899215835001,1.721000035611835
duna1248,duna1248,-0.7349271845166901,0.06761301444427352,1,-0.778686560024775,2.0176143249927847
dupa1235,aust1307,-0.7925050544052075,0.06814574493598138,0,-0.24599935198725,1.735372980435085
duru1236,drav1251,0.6054124027493677,0.07374105805623668,0,0.91963199115825,1.8417802410267852
dusn1237,aust1307,-1.1508088915969625,0.06141523795789575,0,-0.756088435275,1.75902145938161
dutc1256,indo1319,-0.2677216015716155,0.03758486374568611,0,0.06557540626175,1.73439127103237
dyir1250,pama1250,0.37172145605220824,0.10020256027572172,0,-2.392284206765375,2.017703567225495
dzao1238,hmon1336,0.3913217343159119,0.04472574963643757,0,0.5994262187077499,1.75752971676889
dzon1239,sino1245,0.06428164927801695,0.03854884133753174,0,0.2364680910935,1.68397022288406
east2443,aust1307,-2.2408864906688555,0.06440755701660987,0,-0.762993002249825,1.749652571025375
tang1336,sino1245,-0.15424110750618536,0.032325894366321474,0,-0.06655027070899999,1.7229640172753649
nucl1235,indo1319,0.34875740952162504,0.0453884467270843,0,0.7555896542406499,1.81766070020219
east2379,pama1250,0.211454263119085,0.08562803435162783,0,-2.230135319395,2.0080207309506903
sout2896,aust1307,-0.28121804008120105,0.061161963332084714,0,-0.5361033968025,1.747167029621175
east2555,tupi1275,0.2355763853540601,0.04560530075251036,0,0.054781776019,1.96476401384784
east2332,aust1305,-0.34938857197904294,0.032047244867454874,0,0.234994799852,1.6898645296454249
east2563,aust1307,-0.8007402387301057,0.07221947422864268,0,-0.5350649960575,1.6978942860858601
east2690,afro1255,1.0764250818345475,0.03778263549946896,0,1.44536404612875,1.664308526013915
east2556,otom1299,-0.04240720307371445,0.07114143422410797,0,0.12477334032925,1.9679287466000002
east2342,sino1245,-1.40892042767025,0.02189391726782014,0,-0.440241746845,1.720993352074045
east2782,atla1278,-1.1512758229467956,0.051521925700660956,0,-0.271703625375,1.70541466202827
east2328,ural1272,-0.12907469791296974,0.0352111863940254,0,-0.03300686813925,1.750432735568205
east2333,aust1305,-0.1811329591000881,0.034342039735157134,0,0.2469774545015,1.67761812099176
east2773,sino1245,0.07394173867836715,0.045428175809794615,0,-0.48816457100550004,1.71999703086655
panj1256,indo1319,0.46522640741144844,0.0372020198227548,0,0.6292454168374999,1.74300003396528
east2485,aust1307,0.16836382361183075,0.08797374165351926,0,0.085653416256,1.73458382103967
fina1242,aust1307,-0.80361495148522,0.07885632064746427,0,-0.18215324613849998,1.7111914489700348
east2694,aust1307,-0.15608221160493652,0.08400127996013174,0,-0.09893144104575,1.722517153164495
east2447,aust1307,0.32240842836161804,0.0472335886054534,0,-0.319554518351,1.713806974543655
east2516,nucl1709,0.00041035815924915004,0.06995971859436732,0,0.29028994328290003,1.79442533555384
east2440,aust1307,-0.7846395989632566,0.06178225580815453,0,-0.6847296975435,1.7641818895451449
huaa1248,tuuu1241,-1.2343273497395746,0.05448555179077477,0,0.6858200502375,2.111770631171
wall1257,aust1307,0.3853341435089721,0.05546574196926585,0,-0.30302629435775,1.69227923883877
egyp1253,afro1255,0.8580462967550426,0.04802044330992994,0,1.4549596265725,1.652466270311515
eipo1242,nucl1709,0.00399399296342705,0.06064783753486805,0,0.3249590733355,1.79887895829198
ekar1243,nucl1709,-0.31556471777152684,0.02898043874372172,0,0.30804411982425,1.806238466340345
elem1253,atla1278,-1.7666317612769074,0.05011036700938003,0,-0.917738398131,1.755514244626195
emae1237,aust1307,-2.203749698353211,0.05392928610521752,0,-0.44304115999375,1.7053116743253
emai1241,atla1278,-1.9590783854923661,0.06762948689646135,0,-0.80266956870725,1.729023280858055
embe1260,choc1280,-1.8437034594089325,0.059930147909743964,0,-1.36341276370425,2.049850714113255
embe1262,choc1280,-1.5944094060199698,0.06764706497297356,0,-1.367629699696,2.053999157928975
stan1293,indo1319,-0.16741471986500345,0.0484945464047316,0,0.034782419820100004,1.731931694603515
enuu1235,sino1245,-0.6931321017695888,0.043840173213409606,0,-0.09633991102,1.69493713708746
epen1239,choc1280,-1.5277283194579712,0.0594136693354263,0,-1.3601599055375,2.04515919024077
ersu1241,sino1245,-0.6412494080021578,0.07027287610555201,0,-0.0477970389075,1.7238951513782501
erzy1239,ural1272,-0.0627278605858853,0.045353720621596844,0,0.08551955697875,1.72354853971257
esan1238,atla1278,-1.905055573345956,0.06436482577933948,0,-0.8037338209375,1.741182627503505
esee1247,koia1260,-0.8308577123733427,0.0725171994277172,0,-0.7115565792142999,1.91681632077229
esee1248,pano1259,0.5541864668808392,0.08805929585481229,0,1.037776031306,1.9637160657483799
esim1238,atla1278,-2.0795581462338246,0.05107288152186293,0,-0.86917828212675,1.79510760175017
esto1258,ural1272,-0.50588945312078,0.031013351239217484,0,-0.18356779038175,1.708614845360945
eton1253,atla1278,-1.4652367427049358,0.05716351572460781,0,-0.162387813696,1.73105725114358
even1260,tung1282,1.0744723442092252,0.05746067328103984,0,1.3634055110655,1.85924059952699
even1259,tung1282,0.7211385565197568,0.06050833060743699,0,1.364835146205,1.8654240185324849
ewee1241,atla1278,-1.714544739873522,0.07684784527215906,0,-0.70511003504075,1.741516244665935
fare1241,atla1278,-2.0673803069984626,0.0794352799570988,0,-0.732192650605,1.738975764596505
faro1244,indo1319,0.07519907786262535,0.03742745446081288,0,0.17007416400875,1.715844558008635
fiji1243,aust1307,0.056636837772094495,0.05565002164688323,0,-0.28155183661725003,1.7186308074580898
fili1244,aust1307,-0.1744867107205663,0.09685135646385472,0,-0.07389162287125,1.7241781772789
filo1235,toto1251,-0.8393480757917622,0.04454519165316822,0,-0.5737131436925,2.00155513780505
finn1318,ural1272,-0.20635849899364356,0.04490439588756612,0,-0.17889185064149998,1.69953338534672
fipa1238,atla1278,-0.5156271322875325,0.04786510593082027,0,0.24744117573750002,1.702494265676575
fonn1241,atla1278,-1.637086792360806,0.07636895725744802,0,-0.47070660576475,1.740527060758295
fore1270,nucl1709,-0.4554073904618564,0.046441523466119135,0,0.38100071538625,1.812279783113445
fore1265,ural1272,0.10796944390824215,0.046749860578376046,0,0.2333239567525,1.787930585790995
fran1266,mixe1284,-1.3402516554009751,0.05350133360686628,0,-0.95888833120475,2.039309522110795
stan1290,indo1319,-0.26102224508657673,0.0715779631815781,0,0.01041849817525,1.7023411154782901
fuln1247,fuln1247,-0.7552557911724019,0.055434956476118714,1,-0.6405168398575001,2.11219835181471
furr1244,fura1235,-1.9482060141613073,0.0777724321963887,0,-0.32223878657575,2.12866252133358
furu1242,cent2225,-2.70776170235104,0.07541519574792753,0,-1.10372200419525,1.74837671732607
futu1245,aust1307,-1.7961835755618178,0.04937259960221913,0,-0.45844951876375,1.705536380621795
fuyu1242,fuyu1242,-0.8547155783792293,0.030380155621019027,1,-1.12666088635425,1.9845946176750702
gaaa1245,atla1278,-2.2333371016173396,0.046773280713976614,0,-1.07340427089275,1.7859530655438651
gaan1243,afro1255,-1.0920713309603944,0.04961513752657224,0,0.443800886051125,1.69623487474995
gade1242,atla1278,-2.3862552227007328,0.06302605553415395,0,-1.0334426497915001,1.75367569454045
gaga1249,turk1311,-0.05968413289749935,0.07563084320400168,0,-1.3818562925225,1.777746557996975
gala1264,afro1255,-1.662794643179061,0.04813041085367496,0,0.0091042188595,1.7016049267390398
gale1259,nort2923,-0.1627367331542439,0.06810084481589686,0,0.0821325580835,1.867747487859675
gali1262,cari1283,-0.18561696565595365,0.0563262895257694,0,-0.16409079466025,1.9548781071928452
gali1258,indo1319,-0.38029252927779816,0.040835284110495265,0,-0.019513447942499998,1.6978232700748102
galo1242,sino1245,0.1970102258050193,0.06008100072736036,0,-0.272422116163,1.693990421817815
gamo1243,gong1255,-1.2773160013237548,0.06119836825553692,0,-0.45243749717500004,1.79626525354072
gand1255,atla1278,-0.615471009541092,0.045518783825137216,0,0.22246728538375,1.6880097788857849
gang1267,tang1340,1.8913690835906152,0.06937659357397107,0,-0.041786529693975005,1.9882114198684802
gant1244,nucl1709,-0.36979388213621167,0.06071559426997474,0,0.031271038432,1.815780630609185
gapa1238,aust1307,-0.26035660242073033,0.05886873103216785,0,-0.1465041611125,1.726145994261635
boht1238,afro1255,0.4943499186088609,0.04757276919207954,0,1.7982011723706002,1.735217369567575
gari1256,araw1281,-0.828926301834753,0.08107904948687202,0,0.50499995790025,1.931580869096985
gata1239,aust1305,0.6702081693132609,0.039208982432693544,0,0.6299877012824999,1.700496306779905
gayo1244,aust1307,-0.3732534527982454,0.07493247676240736,0,0.13636624134975,1.73029967330065
geba1237,sino1245,-1.388021969537713,0.024843827882546896,0,-0.438044021918,1.7162070048510052
gebe1237,aust1307,-1.017376032126509,0.059119380315774454,0,-0.69715731329225,1.761224449097825
geda1237,aust1307,-1.2926359071315423,0.050142265888920366,0,-0.75579875254875,1.744797465813005
gela1263,aust1307,-0.26493331333586156,0.060661883118088386,0,-0.15073973113725,1.73950804964314
nucl1302,kart1248,0.026991951925115498,0.05959997502766231,0,0.20214041239475,1.90526896668666
gheg1238,indo1319,0.28662736025548474,0.04953766238001643,0,0.47354099577125,1.78989855050219
ghom1257,afro1255,0.4960488874814169,0.04016278163883463,0,1.1866000728135,1.76154540914338
giiw1236,afro1255,-1.638975107959741,0.045095492933280405,0,0.01432751562,1.69870660969582
gilb1244,aust1307,-0.6680052423246507,0.04441103876712995,0,-0.7238212104815,1.7356834737906102
gira1247,nucl1709,-0.5890425194997059,0.08185356141384191,0,-0.261061138801,1.8519058100313401
gizr1240,east2503,0.43221074679466787,0.06804575994336312,0,-0.029795054810999998,1.9322878800831051
glav1244,afro1255,-0.9329882328866848,0.025083030680298424,0,0.433991747482,1.68590810101905
ghod1238,nakh1245,0.2355741919863382,0.05032268742851978,0,0.181079591353,1.83323107980461
gofa1235,gong1255,-1.332989118050104,0.05849603038417933,0,-0.45022374700275003,1.7969537514020248
gogo1265,suki1244,0.1842048651637309,0.06775695984467832,0,0.0778699845695,1.9649965008969699
gola1255,atla1278,-1.4739836038804244,0.06261510018830771,0,-0.4727443846275,1.76049590215273
goli1247,nucl1709,-0.3654906823124675,0.06807825700768982,0,0.320539256173,1.79238703795602
goon1238,buna1274,1.7976164529507472,0.07052735631801373,0,-0.248786491805,2.05549288444371
pare1266,aust1305,0.9321426317999613,0.05270703879225208,0,0.7187134187224999,1.715026468535505
gras1249,koia1260,-0.6587210434052494,0.07107031835858456,0,-0.98806685613275,1.920470656700815
guah1255,guah1252,-1.1553883817105413,0.06383436158939895,0,-0.9585318985725,2.07618599560712
guat1253,guat1253,-0.6338291953104345,0.05925251467227209,1,-0.5357523484335001,2.085684714431645
gube1234,atla1278,-1.7988118882111706,0.046663058550444336,0,-0.825125510844,1.774325232081825
gude1246,afro1255,-1.1241385229086545,0.05104160924692505,0,0.25373580644375,1.6997734883959148
guer1243,otom1299,-0.37991487759032666,0.07020107527356127,0,-0.281917545407,1.99334801114008
guhu1244,nucl1709,-0.4421509740889027,0.0813001691703511,0,0.39150453609525004,1.7788148284114649
guiq1238,sino1245,-0.1560382536181443,0.06594686803252843,0,-0.22480162589449998,1.718498941278545
gulf1241,afro1255,0.5792331579876054,0.047162532727616974,0,1.40184242369,1.661680683422395
guma1254,aust1307,-0.34745243069699927,0.056038168494388835,0,-0.26582485351225,1.72689396949943
guny1241,pama1250,-0.17632383762139126,0.09463523061319194,0,-2.4184873195765,2.02316521850074
gura1251,indo1319,0.5503278175029453,0.045638248010345946,0,0.41207447266124997,1.75566986611403
guru1271,afro1255,-1.6780653590086487,0.04970024014505119,0,0.093520706052,1.7101687264975949
gugu1255,pama1250,0.31763183833856473,0.09784565883688069,0,-2.14091730084,1.9950318835794851
kwam1249,koma1264,0.09717067349208594,0.07716791009663035,0,1.3909613772432499,2.04104012892238
gyel1242,atla1278,-1.629802272396215,0.06142479826773623,0,-0.36929603503725,1.714851173441595
haaa1252,atla1278,-0.7250489237048494,0.05806538297506865,0,0.37315489481874997,1.70993359817553
hadi1240,afro1255,-0.3025458400772431,0.048051768677196724,0,1.3065575299852,1.688120742397975
hadz1240,hadz1240,0.3793944867094853,0.07897721099050098,1,1.68850167071725,2.19403567971173
haka1240,sino1245,0.0447435259954082,0.04413595083502905,0,0.07919355121425001,1.71802448596586
hala1252,aust1305,-0.25611990642406596,0.06338682636937366,0,0.2900306813225,1.685416030045745
halh1238,mong1349,-0.5236344560471418,0.034495101302190884,0,0.46954275492075004,1.85043253025936
hali1244,aust1307,-1.0275851193998036,0.06445907556312563,0,-0.515093413395,1.73070362397118
halk1245,sali1255,0.5008832184625591,0.05527216737175192,0,0.35873831266925,1.9775194238197948
hame1242,sout2845,-0.18043078468879553,0.07024124002219177,0,1.104401375744,2.106193447305085
hang1263,nduu1242,0.0243483900556874,0.09802697430051083,0,0.499382598827,1.9095290505016198
hani1248,sino1245,-0.7272069186787503,0.045595132895173036,0,-0.1246583494225,1.6960553854294251
hano1246,aust1307,-2.2486328499647144,0.07026780222684462,0,-0.7617882074819999,1.74412768420445
haru1245,piaw1238,-0.45360358764545006,0.06732936502926255,0,-0.0732750276165,1.9413854905843602
hass1238,afro1255,-0.8875821436954602,0.045032644387927735,0,1.376537977985,1.65662325711696
hata1243,hata1242,-1.2336097480681392,0.09112736933815956,0,-0.7481066493574999,2.015861017446555
remo1247,aust1307,-0.48270535649667257,0.08086048511311669,0,-0.14567849693024998,1.72064708428034
haus1257,afro1255,-1.638251512429558,0.04601123329280498,0,0.037044158401935,1.7219841634597048
nige1253,atla1278,-2.3729364734138296,0.07432828924692768,0,-0.853130572177,1.775826904767045
hava1248,coch1271,-0.17058911347899758,0.06291576309920516,0,-0.0361795513475,2.0403993562458753
hawa1245,aust1307,-0.9206479637155591,0.04387866524777347,0,-0.44605781249975,1.711724652091915
sabu1255,aust1307,0.3214424867103549,0.06436701186992055,0,-0.06765587437275,1.74061797808459
hehe1240,atla1278,-0.3447167142910712,0.05872055893277269,0,-0.06540151528531249,1.6830390241674849
heil1246,waka1280,-0.2901774687633052,0.03389341938658363,0,0.28066326235149996,2.04516099417158
here1253,atla1278,-1.3761327178947773,0.05871210364235082,0,-0.55987144709375,1.711647785271495
hida1246,siou1252,-0.025728478651219702,0.06755474947261703,0,-0.00909919381425,2.02824018203774
hind1269,indo1319,0.45662827523078153,0.03899380729246701,0,0.37101092364099997,1.728218571817105
hinu1240,nakh1245,0.22035560257577202,0.0732678731441929,0,0.06292054508325,1.81013229196492
hixk1239,cari1283,-0.8710649636368568,0.05126572496273603,0,-0.28374159234,1.9696298268129748
hlai1239,taik1256,-1.439331280335128,0.09840237587092485,0,-1.4095611097999998,1.8163778454983701
hooo1248,aust1305,1.0125920757704212,0.019543433456089245,0,0.7678900525497501,1.6987580285264499
hoav1238,aust1307,-0.719578951981978,0.05418739527601858,0,-0.70677031648575,1.739846095130915
ainu1240,ainu1252,-0.2242379558331961,0.05009623292335806,0,-0.83284020037,2.2186365634861698
holo1240,atla1278,-1.3389087496242658,0.05888428192217245,0,-0.11745160138875,1.69301698423871
hone1235,atla1278,-2.4088847398149777,0.05993757315264977,0,-1.037286338335,1.750280371583495
honi1244,sino1245,-1.1496340815166866,0.038414964138881194,0,-0.09987164452899999,1.686677871952535
hopi1249,utoa1244,-0.8111829579655756,0.05756896254064326,0,-1.3077517025,1.9889036867737149
hote1245,aust1307,-1.438241339772788,0.04857043315345919,0,-0.595398834567225,1.7492949454997149
hozo1236,maoo1243,-0.9473963066373282,0.05657077287038069,0,-0.83500243090575,2.0460850639304002
huuu1240,aust1305,-0.806961344759136,0.0583540324778085,0,-0.085486753465,1.67030630616025
hual1241,quec1387,0.8890904615431081,0.06519278529596316,0,0.400837280699075,1.9525336566247
huam1247,jiva1245,0.381851758605396,0.08041960194695137,0,0.40319333831964,2.003809778057435
huar1255,utoa1244,-1.095606346449864,0.0567199597068438,0,-1.1039988413175,1.959029177735365
huas1242,maya1287,-1.344025679708925,0.09211556711416104,0,-1.49242723965375,2.0617782751912
huba1236,afro1255,-1.1188830599340265,0.056245610875831575,0,0.163874730449,1.6863272834736849
huic1243,utoa1244,-1.629754686950206,0.06985192848713778,0,-1.2121496766935,1.976926929805245
hula1239,aust1307,-0.2799849667130073,0.06888119442425956,0,0.34233311408800005,1.72699352830701
hula1244,afro1255,0.9117286584881259,0.03916702286689518,0,1.8052818278705,1.7175346231125501
humb1243,song1307,-1.497534236802507,0.07062352867612566,0,-0.524266340203,1.88438985638319
hung1275,aust1305,-0.12544077431601214,0.05082435909490961,0,0.411451290572175,1.6938124318995151
hung1274,ural1272,0.8791015878959212,0.03436513540315765,0,0.33234223527255,1.785652665695335
hunz1247,nakh1245,0.05223929767490195,0.046639269212325786,0,-0.142446546090775,1.806152372810995
hupd1244,nada1235,-1.2955056104923344,0.07695630988104248,0,-0.928242232458705,2.0366535283773697
hyam1245,atla1278,-2.4765404367992523,0.04768456347768074,0,-1.0189918931335,1.7732892051983349
iaai1238,aust1307,-1.6320810691279313,0.063132811288513,0,-0.6384489090025001,1.751207703399815
iama1237,aust1307,-0.18048610652782682,0.05557168169777518,0,-0.026627462160000004,1.745564330961745
iatm1242,nduu1242,-0.16102574717512458,0.10713839671241082,0,-0.04928234160425,1.897403051755655
ibal1244,aust1307,-0.7104433741763743,0.05701351095688125,0,-0.2671109507385,1.729010984480425
iban1264,aust1307,0.02902251359952155,0.07069974478365772,0,-0.3260755624375,1.716785871475675
iban1267,aust1307,-0.7614372029989678,0.07587610908723105,0,-0.27794391399100005,1.727737180771475
ibat1238,aust1307,-0.3869809682868681,0.07474517061445732,0,0.0895262748735,1.7215437956094801
ibib1240,atla1278,-1.9047842521067264,0.06454607628770287,0,-0.926799166937,1.76652244664424
icel1247,indo1319,0.46735557043019826,0.03327200735111994,0,0.19948312768850002,1.71856212693605
idaa1241,aust1307,-0.41264871897587296,0.08462140496804119,0,0.013400291077749999,1.714788560843815
idii1243,paho1240,0.6349514372358684,0.09955704611072035,0,0.149392420265,1.96611598739813
idun1242,aust1307,-0.2252595920821901,0.06142569178100962,0,-0.0326146225175,1.73976043517618
nucl1417,atla1278,-1.915341532833269,0.0562216623083079,0,-1.0410697349225,1.77227163983815
ikkk1242,kuli1252,-0.8697455538351613,0.059841168378142344,0,-0.56560993480875,2.023669904342185
ilaa1246,atla1278,-1.1241356384475099,0.06408067018180501,0,-0.05771040316575,1.693453931616005
iliu1237,aust1307,-0.6130983645278649,0.05100870064266004,0,-0.68966931395525,1.74950481705633
ilok1237,aust1307,-0.7843187921584589,0.06967003998801066,0,-0.181488139266675,1.71675611103756
ilon1239,aust1307,-0.7829827709325841,0.07608141015081911,0,-0.262326426695,1.7210985035679651
imba1240,quec1387,-0.01194223493159065,0.062437822416121475,0,0.43435652506982503,1.94495784339797
imon1245,bord1247,-0.08913537219928025,0.09536945307402231,0,0.1353399724745,1.952894946604255
ingr1248,ural1272,-0.6159929571063864,0.04584588085964397,0,-0.197035381073475,1.701215936821145
ingu1240,nakh1245,-0.11594791939850499,0.06128464996988202,0,-0.515672324739,1.829100746065845
alba1269,aust1307,-0.13837107010589034,0.070920997171242,0,-0.0054627582825,1.717851789316935
iqui1243,zapa1251,-0.21937974401084182,0.054294243493038505,0,-0.12739919303175,2.0446065771601347
irar1238,aust1307,-1.074397457791653,0.05178677145553697,0,-0.603343956428205,1.75295019305398
iris1253,indo1319,0.36840465441468107,0.05186507886893227,0,0.75634790376675,1.7673421900062651
irul1243,drav1251,1.5697043349547362,0.07840162146701636,0,1.6842332357225,1.78737492536336
kris1246,skoo1245,-0.6804764455460907,0.05940790894264801,0,-0.9301763821,1.9948598610823352
isco1239,pano1259,0.82351029125619,0.07570594668586535,0,0.768531905798725,1.9467884224929501
isir1237,kwer1242,-0.9045702022194042,0.07008484392214868,0,-0.975266975901525,1.99200038065626
isna1241,aust1307,-0.7109458296127364,0.07138413554869553,0,-0.2507083057555,1.7260263669723899
ital1282,indo1319,0.14061872916170198,0.05512613591375812,0,0.0944675014055,1.6979327294994402
iton1250,iton1250,0.10986146959370735,0.06926276199730698,1,0.336915551894275,2.07676327560734
itza1241,maya1287,-2.127541585944422,0.09215277034937326,0,-1.7412208338325,2.0476974613531302
iumi1238,hmon1336,-0.8867337664205555,0.059245585677437825,0,0.5555538775722499,1.745759750495575
iwam1256,sepi1257,-0.5907006602406091,0.11238953480798797,0,-0.721722390158125,1.887927609029025
iyoo1238,nucl1709,-0.8182372350369882,0.07092419412418528,0,0.10418669393749999,1.806744288784895
jahh1242,aust1305,0.37742003963801696,0.03322197635635553,0,0.42986587200155,1.69675100632274
jalk1242,mand1469,-1.876726551143049,0.08589765164643297,0,-1.8023329081675,1.9813286224746949
jamb1236,aust1307,0.37634387160895433,0.05938062964065269,0,-0.34441374813924996,1.701106525634045
djam1255,mirn1241,2.0450683403528673,0.08980894590018047,0,-0.007099495229,2.003421231076855
jams1239,dogo1299,-1.6381148877527223,0.09153490243273209,0,0.0483853354875,2.02911259573401
nucl1643,japo1237,0.7912143190015166,0.020909148610584342,0,0.601296445105,1.85485207639193
japh1234,sino1245,0.4225239587707287,0.03497628212112182,0,0.069365579237,1.7170164691893048
jaqa1244,ayma1253,0.9466686971151662,0.06500172297320234,0,0.82064534528625,2.0565878407032647
jara1266,aust1307,-0.8477660331144219,0.0778124361461158,0,-0.48318863805275003,1.70571245269443
java1254,aust1307,0.0951497058597395,0.06884294180401077,0,0.30606543033475,1.75788609686873
jede1239,aust1305,-0.15646258094713894,0.04345697744433205,0,0.33566117298875,1.6930850349080249
jehh1245,aust1305,0.3223057509851778,0.060900825655601384,0,0.30356825226749995,1.6909936615348848
jeha1242,aust1305,-0.20233494015415715,0.050290883020956696,0,0.3363837984175,1.691016388574555
jina1244,afro1255,-1.1632259177822228,0.055507317698743855,0,0.12797797963038,1.692621724577475
djin1251,mirn1241,2.182929420860439,0.07759616422588174,0,0.0006510963923625,2.01850779813349
jjuu1238,atla1278,-2.4654583892400477,0.04966447597933782,0,-0.99243767585,1.766581543582355
juan1238,aust1305,1.0939468713490899,0.06989710557859309,0,0.713865587875,1.7039358930126949
juku1254,atla1278,-2.2295397071567913,0.05809656135987031,0,-1.035297005139,1.738355356462805
jurm1239,cent2225,-1.7909882422182188,0.05971876297731981,0,-1.04103684600345,1.75982566993226
kaba1281,cent2225,-2.2236728019051073,0.06557877962409951,0,-1.1040469573535,1.746986360511675
kaba1278,abkh1242,-0.3661590331575175,0.056609558125829344,0,-0.68754358773,1.929087383930255
kaby1243,afro1255,0.710155369946283,0.04310115736472597,0,1.192062669,1.75464766191476
kach1284,gong1255,-1.241414305124527,0.08738136821418113,0,-0.310380566237975,1.79806977115065
cent2100,aust1307,-0.21574837234290084,0.07187950504415967,0,-0.14649408978450001,1.72325742867177
kado1242,sino1245,-0.959674217560641,0.03781993757901779,0,-0.26227161764605,1.699436725946435
kafa1242,gong1255,-1.0697893770810698,0.07096339447000333,0,-0.62523548775875,1.80251531866301
kagu1239,atla1278,-0.2691400847267089,0.08054411908748986,0,0.137036241167,1.672367734750935
kaik1246,sino1245,0.23112218904791104,0.03306661525618264,0,0.42877319771625,1.72745498886907
kain1272,nucl1710,-1.4652324510136145,0.08947553702915244,0,-1.5081724568625,2.0310147251238453
kair1263,aust1307,-0.9934644562857745,0.03668910477783474,0,-0.67373823389025,1.76873478241653
kaki1249,kaki1249,-0.9117573111536231,0.09079959955132477,1,-0.8800334005475,2.0229155416075297
cacu1241,kaku1242,-1.0397105528233528,0.06504643326325553,0,-0.5802057525475,2.067570668414135
kala1399,eski1264,0.6361444661319562,0.07402780820479656,0,0.70540418027325,2.0558616229133246
kala1377,pama1250,0.234811914407794,0.0917752075866412,0,-2.3706481738400003,2.0314901709160154
kala1384,atla1278,-1.3868304837275431,0.047790020897426365,0,-0.0577265376265,1.678897288167685
kali1308,sali1255,1.0250248490183642,0.0473252384965489,0,0.809985863792,1.980447174742805
kalu1248,bosa1245,-0.8181438436589848,0.10971857660413585,0,-0.89072185957075,1.976885899919705
kamm1249,atla1278,-2.1955489123175242,0.08001757268502467,0,-1.0258292340615,1.73783167222068
kama1367,nucl1708,-0.9089103652218486,0.12880746576269209,0,-0.7985408364735,1.907719341157925
kamb1297,atla1278,-0.1070511048099377,0.048554824604292314,0,0.26657628120550003,1.709965110315045
kamb1299,aust1307,0.45714591540548544,0.022539273501840776,0,-0.096018466102475,1.739161411092655
kamo1255,nucl1709,-0.33835116852270597,0.07485335608779892,0,0.007072472061,1.80606753519098
kamu1260,kamu1264,-0.6066068279838607,0.08333789666930434,0,-0.98249932835075,1.9828300769654001
kana1286,aust1307,-0.5227698588668575,0.08129815225602764,0,-0.48591487279525003,1.798913216462115
kani1286,nucl1709,-0.4053683659318714,0.060554892531703826,0,0.577333519546,1.8056387519591999
kank1243,aust1307,-0.800548151590475,0.08434865435364863,0,-0.20266867095750002,1.71892003453103
nucl1305,drav1251,1.775837702866766,0.07404802020235897,0,1.648618328505,1.7928925409381051
bidy1244,atla1278,-1.6033353201979907,0.05460403359556977,0,-0.8259959326722499,1.773947790849585
kaon1241,atla1278,-0.9553435018529214,0.041088711924960594,0,-0.2577820247585,1.69740236791538
kaqc1270,maya1287,-2.229059364119225,0.0852413392334575,0,-1.7165282761529101,2.0526023107252547
kara1482,cent2225,-2.511235367445032,0.08529376849336218,0,-1.08506379533775,1.762621162910205
kara1476,pama1250,0.6182354794286322,0.09432265485891941,0,-2.2449735508225,1.98749416799093
kara1500,nucl1710,-1.0885639888873841,0.08901177968048332,0,-1.29245794574775,2.0326330909111148
kara1487,aust1307,-0.7368084598731212,0.05355303874799277,0,-0.27686183349625004,1.734280845586855
kara1486,aust1307,-1.8930260368827387,0.06085037259901448,0,-0.6378455721637499,1.756987455148015
kare1338,atla1278,-2.1333119754296277,0.06057781902843748,0,-1.152390064842,1.73106398468252
kare1335,ural1272,-0.3095249091634321,0.03837222504032412,0,-0.1955609485035,1.6924075542299302
kari1311,tupi1275,-0.7011272201815562,0.060994653076967546,0,-0.47822433350625004,2.02767219106866
kark1258,pauw1244,-0.07003017891760124,0.14533911264423188,0,0.19958991549674998,1.980762705784215
karn1252,aust1307,-1.822379311731558,0.05080012285493004,0,-0.78183553677825,1.74523234623047
karo1304,karo1304,0.6204891166721729,0.058564194871138654,1,0.618620884628145,2.0884122380958052
kash1277,indo1319,0.37242933352300467,0.04235171042198699,0,0.6255966461957501,1.7398162432529851
newa1246,sino1245,-0.017789553969992752,0.044045892480057657,0,-0.4789407129735,1.720862632674875
kats1235,sino1245,-0.3910841968971984,0.04214753438541952,0,0.15792848791199998,1.7070099746851648
kana1291,katu1274,-0.9755298627525335,0.08324255134089259,0,-0.5392861108735,2.08540062446888
kava1241,aust1307,-0.09764461962957036,0.059354557462877634,0,-0.17435244811,1.787019789357145
kaya1315,sino1245,-1.3967741340397726,0.025121392436934287,0,-0.449653784046,1.7136729200464251
kaya1319,tang1340,1.8940032878263495,0.07230129953687281,0,-0.040244342689749996,1.99058058102004
keap1239,aust1307,-0.20095332813780775,0.06625784501120116,0,0.3413280295222825,1.72712872745151
keig1242,kadu1256,-1.6310459716004315,0.07646689180901817,0,-0.29571304487425,2.1125237925804203
kele1255,atla1278,-2.1832413191313425,0.06424470150780742,0,-0.5604325820475,1.69080970260111
kele1258,aust1307,-1.7245255755373239,0.06489907900135133,0,-0.7134493766215,1.753103023487045
keng1240,cent2225,-2.124015657443943,0.07815893502108834,0,-1.10094063011775,1.75136613651091
kens1248,aust1305,-0.10811215360810911,0.038341913720517345,0,0.35931019096575,1.687091951135025
kenu1236,nubi1251,-0.21994400415622434,0.07103891125701386,0,0.72290873924,1.99460665959866
keoo1238,aust1307,0.10706788693083855,0.055473905147522394,0,-0.421947961232525,1.74638754064159
kera1255,afro1255,-1.107173799530634,0.067769038772272,0,0.41174242536,1.701294077877285
keri1250,aust1307,0.42024304475854224,0.08567106829506994,0,-0.26824529647825,1.7086326286447049
kesa1244,nucl1709,-0.43579123386921376,0.03422153299173926,0,0.032530186753175,1.8550024400035001
kett1243,yeni1252,-0.6951335625707873,0.05639247452177854,0,-0.7990060450125,2.1804197968508303
kgal1244,atla1278,-1.5171072920978386,0.05406831694476737,0,-0.0431854413,1.6736504982060851
khak1248,turk1311,-1.3210786816292002,0.0838233861887801,0,-1.536632717646225,1.79931504440218
khal1275,sino1245,0.07682199141008225,0.05190398765135454,0,-0.12097644826475,1.725800809303055
kham1282,sino1245,-0.12641534303546975,0.044920612195996995,0,0.2466496482565,1.687884134228905
khan1278,atla1278,-1.7621806246406484,0.050932383501294226,0,-0.9159269230417499,1.750587282869985
khan1274,aust1305,-0.7462679736957722,0.041676660039103544,0,-0.166839397335,1.679622856095465
khar1288,sino1245,-0.07363867859033679,0.0353451716310774,0,-0.049462400725025,1.719054820704075
khar1287,aust1305,0.6956144909033825,0.05955654384013903,0,0.704081146863325,1.708001749366315
khez1235,sino1245,-0.01085490370181705,0.05391911229103689,0,0.11609623427749999,1.7197763358212699
khin1240,nakh1245,-0.0572486482203054,0.04965690879420316,0,-0.238687579945,1.834044011234655
khmu1256,aust1305,-0.8133103621226665,0.06372162829488141,0,0.35828096499025,1.688969917133515
guan1266,sino1245,0.277663648526118,0.04730065300717822,0,0.046554458010750005,1.7272601786192299
khva1239,nakh1245,0.1031265019391948,0.05603725774341125,0,-0.0348805575145,1.8080633741243801
kich1262,maya1287,-2.2026430406201154,0.09324371237061557,0,-1.7282289063177498,2.055293849245775
kiku1240,atla1278,-0.22203950900531685,0.049581399926470766,0,0.1386967975675,1.6994800252989
kile1243,tung1282,0.5114317432021814,0.05755938605093982,0,1.2302022530552499,1.843560647899225
kili1267,aust1307,-0.6036447187138951,0.033835407653365915,0,0.10221115820025001,1.73127548219987
kima1246,kolo1268,-0.7358597772211481,0.08470569836782171,0,-1.0096914588034749,1.980838725024805
kima1244,aust1307,-0.23568528175048448,0.08006293578373834,0,-0.13753036188125,1.7189829603071751
kimm1245,hmon1336,-0.33490249603446687,0.060096372562821736,0,0.59324045926025,1.73919914869523
kina1250,aust1307,-0.37087589748852895,0.08012719091224269,0,-0.134223919143,1.72479711015192
kinn1249,sino1245,-0.014591186307922749,0.028978487041416583,0,0.025400034953,1.712620539115945
kiow1266,kiow1265,-0.1949418515757918,0.0539182756297629,0,-0.41354871219,2.0715606090386
kips1239,nilo1247,0.028675012082636703,0.07529471778061315,0,0.5486423875775,1.7914600406212
kelo1247,timo1261,0.00084166936167885,0.06744763933212966,0,0.37209028006575,1.9515173934563301
miju1243,sino1245,0.0736172140868416,0.04403326186146085,0,-0.09099601121375,1.713115178094895
kobo1249,nucl1709,-0.3426353669421356,0.0698562705871634,0,-0.15286305780025,1.83840291447095
koda1255,drav1251,1.8097187669720034,0.052288533984607165,0,1.68017923835,1.793954436964955
koho1244,aust1305,-0.2785799563210175,0.04113607404851772,0,0.200487855226,1.68238397060037
koir1240,sino1245,-0.0684155863381937,0.051858477455065444,0,0.0661710126005,1.7209681933754002
koit1244,koia1260,-0.7659814676467317,0.03263203710943224,0,-0.987488842301975,1.922865481478735
koka1244,pama1250,-0.5631129223077106,0.08269776256932035,0,-2.383782135085,2.00404752658133
koko1269,aust1307,-0.31495005596957104,0.06646526598647269,0,-0.45082336024015,1.73196677226653
kola1285,aust1307,-0.5114992770669494,0.05792606886605121,0,-0.2312675702985,1.7425768245353699
kolb1240,atla1278,-1.9357373677441536,0.06805773429668689,0,-0.86090257831525,1.730360499091275
kolc1235,atla1278,-1.8089690171255381,0.056963821590586466,0,-0.4069801057075,1.7153160111879902
kolp1236,kolp1236,-1.6690048450394754,0.08250518341381316,1,-0.68093279804715,2.0371504061239296
kolu1245,aust1307,-0.16163143510347183,0.06425066697098905,0,-0.03237656724945,1.7372684931218898
komb1274,nucl1709,-0.34094871721270803,0.07469772026124837,0,-0.04285039252,1.79464059274508
komi1269,ural1272,0.45602986036028625,0.04441765540367518,0,0.3931133575465,1.7620168229968751
komi1268,ural1272,0.5993223699383056,0.04107286066650664,0,0.38994654607949997,1.760355651851115
konk1267,indo1319,1.2969267972464988,0.04633616402281913,0,0.6394992519780001,1.737925449257495
kony1248,sino1245,-0.11191013286938635,0.043146899451267116,0,-0.28003241859375,1.686580659900725
koor1239,gong1255,-1.0266036831576781,0.07293472951228118,0,-0.26641897291,1.791531259400295
kora1294,nucl1709,0.0295517078067807,0.060022663525269825,0,0.2941492760745,1.7830934399155551
kore1280,kore1284,0.8508449974312222,0.030101998593593863,0,0.839053126931,2.06217884890207
kore1283,tuca1253,-0.1584181257518142,0.05803421486066012,0,0.10490138694075,1.96599820421493
kork1243,aust1305,1.1181579891298907,0.040525769297905585,0,0.74071256765775,1.712018317966165
koro1298,atla1278,-1.875050483367394,0.07293314717409803,0,-0.7073796275885,1.73726792906331
koro1312,nucl1709,-0.3534185129118444,0.054884717048088644,0,-0.024215381762175,1.785385095884445
kosa1249,nucl1709,-0.1484374308679137,0.068647904816509,0,0.220852998556,1.777533163908
kosr1238,aust1307,-0.8519959961112413,0.057607526787458146,0,-0.7012362467085,1.747213349966835
guan1269,tuca1253,-0.723392440695239,0.06392911969020589,0,-0.23226754408,1.98057918772303
kove1237,aust1307,-1.8588061805574887,0.06144738663736296,0,-0.7311752298675,1.746117470750725
koyr1242,song1307,-1.4738768034783003,0.06134299484245492,0,-0.53661934920755,1.8807154183223451
koyr1240,song1307,-1.4716070423847047,0.07241670517601105,0,-0.5375295031837499,1.885021642921095
kren1239,nucl1710,-0.9583155880956706,0.06603809774213648,0,-1.137882722039,2.00451785673519
gbay1288,kres1240,-2.3472133721028143,0.06126006794672634,0,-0.72739879576,2.04497785577699
kryt1240,nakh1245,0.0133467544895975,0.05235102610841706,0,-0.24318156092275,1.824141776659645
puoc1238,aust1305,-0.42449282682132816,0.04895057103865707,0,0.408712544925,1.688506939612335
kuan1248,aust1307,-1.754058023033667,0.0663916250270649,0,-0.6326167059935,1.744837590079015
kuii1252,drav1251,0.9384403546695167,0.05863899344555542,0,1.4811174644795,1.78762383636929
kuik1246,cari1283,-0.3297152242991529,0.06869567127549513,0,-0.41996095422425,1.97740287363274
kuku1280,pama1250,0.5025339186469011,0.11688675239102561,0,-2.0935260202545,1.99450893513735
kuku1273,pama1250,0.500272648047986,0.09437216425159778,0,-1.9909458599395,1.9742538560818002
kulo1237,aust1307,-0.2643092291072128,0.08813408192054943,0,0.19459620278525,1.80294612848937
fait1240,nucl1709,-0.3790038904913613,0.08197304440655254,0,0.085438881991,1.81785025789012
kuma1280,nucl1709,-0.23933639900895248,0.07098680568123122,0,0.4404990113,1.793783538659985
kumb1268,pama1250,-0.49451761521704485,0.09585990994619999,0,-2.3733984530049996,2.0284114765107297
kumz1235,indo1319,-0.5964303324587661,0.04012007998914939,0,0.09097345418325001,1.75229028068079
kunb1251,gunw1250,1.7224176396644362,0.07629502147909496,0,0.019934878184999998,1.995237013866475
kuni1267,kuni1270,-1.1773228161138882,0.07224548497443495,0,-1.12900960361075,1.971668116977145
kuot1243,kuot1243,-1.7758618828265609,0.07199074803202012,1,-0.6680649595325,2.0538211129280297
kurr1243,pama1250,0.5272543896915401,0.11833227835009674,0,-1.946699704637125,1.97497571699874
kurt1248,sino1245,0.24481992034554276,0.028286371462830417,0,0.19638434112324998,1.693993762677015
kusa1251,aust1307,-0.7324484696135308,0.06073195135685247,0,-0.710553477039,1.7508914185972348
kusu1250,kusu1250,-0.22658163418852462,0.06123160932476432,1,-0.8304137546954999,2.1122096578685747
kute1249,kute1249,1.0317703583306117,0.057459495793312006,1,0.73510528189725,2.0754084112573103
kute1248,atla1278,-2.262422795853389,0.05220095268958213,0,-1.0134658038335,1.76274467565605
kuyy1240,aust1305,-0.3767674472495586,0.04490978196951557,0,0.23859381436299998,1.6866935561605851
kwai1243,aust1307,-0.4293719575936344,0.058172614898989304,0,-0.570075259588,1.7390073139781101
kwam1252,aust1307,-1.8984179654929494,0.06535985371721527,0,-0.7971374974635,1.73321067895151
kwar1239,aust1307,-0.4666345890861466,0.060212358921189445,0,-0.58297209702425,1.74687608331512
kwaz1243,kwaz1243,-0.7861681698508344,0.06231210699892848,1,-0.67304004775425,2.073591452558055
kweg1241,surm1244,-0.04387173043890995,0.07845757233322789,0,1.120884261445,1.82642910083467
nucl1595,kwer1242,-0.8859793005529355,0.07536560614483312,0,-0.9723955225926499,2.006688610585355
kwin1241,worr1236,1.775770537648466,0.12982830674290546,0,-0.0461472905945,1.9960392627011
kwom1262,sepi1257,-0.4859617104044097,0.1260522756452504,0,-0.6012992383065,1.85718168650918
nucl1593,kwom1263,-0.5418526337319473,0.11280279175736965,0,-0.84449845874,2.011892630131575
kxoe1243,khoe1240,-0.1132095007560496,0.07141268684557703,0,1.83211641874425,2.044959496388695
kyer1238,sino1245,0.062491728447056194,0.04571629820726334,0,0.30326165284325,1.6773022381383451
cori1240,atla1278,-2.4881014784705995,0.05230637612698846,0,-1.01599042471575,1.770160405357625
laal1242,laal1242,-1.8811102022830064,0.08639037994528143,1,-0.58242248529295,2.1482668067389596
labu1248,aust1307,-1.5186920482467852,0.0519267415780241,0,-0.6479324975480001,1.7438920400804152
labu1249,aust1307,-0.3167118590181788,0.07008704872493035,0,-0.09230642646125001,1.714634346261375
lach1248,taik1256,-1.7019586331509036,0.08712277620965496,0,-1.455567820195,1.804716496937525
lagw1237,afro1255,-1.209418400152523,0.05079908608149167,0,0.13723174463374999,1.69147480818832
zaye1235,sino1245,-1.4075104344750005,0.0205660523650099,0,-0.4523733782,1.718573954022585
lahu1253,sino1245,-0.953446746226451,0.04443662544548902,0,-0.145819756683,1.70226233517969
lahu1252,sino1245,-0.8899605225444753,0.04674367245638573,0,-0.147808868446,1.70317579348894
laiy1246,aust1307,0.7703704556136554,0.06462176042790546,0,0.42894595755075,1.73349855094689
lala1268,aust1307,-0.7828278432612298,0.07108901777415481,0,0.281200898603,1.736653103863895
lala1264,atla1278,-0.8674758631587116,0.047658251578057885,0,0.01963856549,1.693189681207875
lama1277,aust1307,-0.12582853263474095,0.05103953799185025,0,-0.49960427593425005,1.741589290807015
lama1288,afro1255,-1.030288961192983,0.05927132291573935,0,0.20460461004975,1.68552018163781
lamb1273,aust1307,0.47650384576956784,0.05576172250833354,0,-0.08833893132025,1.73623800041464
lame1260,aust1307,-2.2658295024703228,0.053210471595962164,0,-0.722470181120975,1.74611169679208
hela1238,sino1245,0.07822707222314826,0.04193092149570807,0,0.27772356446475,1.6772256259295202
lamk1238,sino1245,0.11607785408975885,0.04733456006113774,0,0.17283283399575,1.7221612824582149
lamo1244,aust1307,-1.8471799231539159,0.026904241059463995,0,-0.74641162222725,1.75870084600069
land1256,atla1278,-1.6972722329975736,0.06875209784851559,0,-0.28031884260775,1.74447916483457
laoo1244,taik1256,-1.6924595385750565,0.10394374090173401,0,-1.549909782321985,1.782807785364155
lard1243,tang1340,1.909770977282398,0.06803593745920389,0,-0.040919114475000004,1.99739563484115
lash1243,sino1245,-0.1777866394818307,0.050489727192762464,0,0.049943394345,1.699396489791015
teke1275,atla1278,-1.614384527955131,0.048001119353366976,0,-0.34610789269700004,1.687651088313475
latv1249,indo1319,0.29049972206453023,0.0401103638633304,0,1.2078786745675,1.7518582927302249
lave1248,aust1305,-0.405707487284484,0.0506542305356855,0,0.12178600265375,1.68911505215295
lavu1241,lavu1241,-0.46788885235130884,0.07055913081895508,1,-0.88996844304825,2.0158459315968003
lazz1240,kart1248,-0.09956827470353305,0.10156432793100527,0,-0.01526223013315,1.9087564485348198
lega1250,atla1278,-1.2982824828146033,0.0512623266647414,0,-0.1276364488550525,1.698925137107895
lega1249,atla1278,-1.5129899251087724,0.05255260768667622,0,-0.13190124948425,1.69947034295693
lele1276,afro1255,-1.0995204650074821,0.04932686596217757,0,0.6007845234182749,1.71171833233654
lele1267,aust1307,-2.1785525900170963,0.06225296357998144,0,-0.7174626426468751,1.75216631041683
lemb1266,nucl1709,-0.0808444550264969,0.07315381821691416,0,0.39865736631325,1.79505121157817
leme1238,aust1307,-1.899570759399709,0.015883545701621146,0,-0.8272757059692499,1.754968954924635
bela1260,aust1307,-0.11250350959146124,0.06531907461904375,0,-0.17911460715675,1.73265284931823
lena1238,aust1307,-1.9324760989965624,0.06250886033279207,0,-0.81264614060925,1.74336522706288
lend1245,cent2225,-1.261755153994704,0.05880238191243169,0,-0.7895107801207499,1.7831045820241749
leng1259,aust1307,-0.24674504046030393,0.05632147950830258,0,-0.17638463135125,1.732110094861305
lepc1244,sino1245,0.0729318481426392,0.02268431497082608,0,-0.235070181835,1.7372156298698251
lese1243,cent2225,-0.9890086458190737,0.0729021531360023,0,-0.6949726121555,1.77765950460274
lewo1242,aust1307,-2.222611422660473,0.056907920831049716,0,-0.72195825493175,1.75060946652951
lewo1244,aust1307,0.029557184402082902,0.060743033719203796,0,-0.45627739727500005,1.7472174532980649
lezg1247,nakh1245,0.10003285171492216,0.046356043254757416,0,-0.04538949374475,1.81604241300748
libi1244,atla1278,-2.634161190850995,0.06035583725824623,0,-0.7550363470175,1.6932796326889301
liby1240,afro1255,-0.1175890142397556,0.03966660358176198,0,1.4654767704288352,1.6595442766173352
lihi1237,aust1307,-1.7143374771643483,0.06047032598667445,0,-0.667485386327,1.7520243211441602
lika1243,atla1278,-1.907029419323889,0.052936628575150316,0,-0.36041794488925,1.715249055891795
nucl1327,limi1242,1.7501053613023574,0.0844915637518106,0,-0.2826608799515,2.027754965001205
lipo1242,sino1245,-0.1423426196975461,0.056109008125890904,0,0.203837484397,1.703947384339705
lish1245,afro1255,0.9379230570873589,0.03853399696455374,0,1.8018409404997,1.725865559680185
lisu1250,sino1245,-0.03206384376891575,0.060284636804621705,0,0.18594487614075,1.69782425550516
lith1251,indo1319,0.553983517902499,0.038899649836472865,0,1.2047763115405,1.76482780098375
lito1235,atla1278,-2.6418726741593495,0.07139930601767513,0,-0.7586027522582499,1.69290152151606
livv1243,ural1272,-0.6204775666941134,0.06030744780329878,0,-0.20114965725,1.6958174484386999
loba1239,atla1278,-2.637675208136831,0.05422778405281386,0,-0.71540515974,1.690353834311805
logo1259,cent2225,-1.7990514676639267,0.06033297928234462,0,-1.00763423801825,1.7708689158167048
balo1261,atla1278,-2.568498253600712,0.05235855300956628,0,-0.741588217699,1.680964290910075
loka1252,atla1278,-1.9775956165244142,0.07795202667600029,0,-0.7607675804725,1.76217731089258
araw1276,araw1281,0.21378617170804615,0.06365015320619105,0,0.48466172022125,1.94013773367241
lolo1259,sino1245,-0.14500486324157846,0.05898634412195032,0,0.20616062667750001,1.70565254042931
loma1260,mand1469,-1.563514541679703,0.07153577795236044,0,-1.80426651260575,1.984190764288725
lomb1257,indo1319,0.1919268755452675,0.044049466421723894,0,0.11102500619899999,1.69925283604119
chiq1248,chiq1253,-0.6166373096934776,0.06890316958830313,0,-0.549909775855,2.068928980903245
acha1249,sino1245,-0.11380147513675695,0.041278419269886166,0,0.099847936507,1.714746230365935
long1395,aust1307,-0.25778813853856924,0.06738861447752663,0,-0.32199249654350004,1.74857498786196
loni1238,aust1307,-1.7342465723679588,0.06040897648221453,0,-0.71470892767,1.751143655139085
lote1237,aust1307,-1.7009324709888962,0.03752609098372536,0,-0.8179744839627501,1.754412404273365
loth1237,sino1245,-0.05908851581102765,0.05675381632878585,0,0.013801591757875,1.7127016535971
louu1245,aust1307,-1.7595310399573774,0.053733000185579784,0,-0.7007600376475001,1.756661186139885
vano1237,aust1307,-1.192003527326879,0.05225822983719588,0,-0.688984175669225,1.75084684652721
lowl1260,tequ1244,-0.2780245728661297,0.07186748308264249,0,0.313815646503825,2.09716716189435
lowl1265,utoa1244,-1.049541267035413,0.06698293911541332,0,-1.0721070297447501,1.9533584831628499
lozi1239,atla1278,-1.5354231690813323,0.060500331420884124,0,-0.048321474914999996,1.66870459693376
luan1263,aust1307,-0.5717537314440516,0.06481275173383502,0,-0.672871349234275,1.766853177051055
onto1237,aust1307,-0.3001058841935017,0.05798675631898909,0,-0.30009771491,1.7092560038631
luch1239,atla1278,-1.5990369810469753,0.0532234142807959,0,-0.57040200582675,1.70799212932788
ludi1246,ural1272,-0.5380579150546836,0.05032285593943706,0,-0.20203614038775,1.697599023337425
lugb1240,cent2225,-1.5665140884992257,0.05869821683963108,0,-1.00905156115275,1.77993397187103
lugu1238,atla1278,-0.06510328218491555,0.07702942915039517,0,0.3058641989675,1.690393257190155
lule1254,ural1272,0.6927171070347332,0.04890755036317573,0,0.59563989852425,1.7058183843146502
lumu1239,narr1279,-1.6517938083532004,0.08085485665557128,0,-0.56938843398325,2.05509086002807
lund1266,atla1278,-1.3604563336186892,0.04910043307571467,0,-0.574182414436,1.713513313953575
luok1236,nilo1247,0.21334280495144564,0.06089433086630763,0,0.53455717203,1.7783032452023
luse1252,atla1278,-2.4383802242790855,0.05664512460013161,0,-0.6999432103265,1.68926308576629
lusi1240,aust1307,-1.8764378823286065,0.06076581403774008,0,-0.72813181689175,1.7484184283163349
luya1241,atla1278,-1.1704041411921597,0.06108053872566308,0,-0.53489907446525,1.71200903764868
maan1238,aust1307,0.5176701400788262,0.0634642954533862,0,0.11711197551050001,1.72616416024234
maas1239,atla1278,-1.6529610368272145,0.05661407640460038,0,-0.8893961208175001,1.7779520561026851
maba1270,atla1278,-2.7425491315141977,0.06318842421298597,0,-0.7448069450185,1.68610430409533
maba1277,maba1274,-2.237336849618919,0.06612228652628603,0,-0.5188461397535,2.010312135254995
maca1259,guah1252,-1.4313061872649828,0.056194541617349075,0,-0.9574338535225,2.0590001499825297
mace1250,indo1319,0.4518173890099706,0.03417893996568654,0,1.3227495196475,1.748272890895765
mach1267,araw1281,0.7734310593540664,0.06579292946304037,0,0.3596776094905,1.92432695976321
maco1239,sali1297,-0.3315725905267266,0.06715572673064604,0,0.140206824715,2.05911904740199
macu1260,tuca1253,-0.8819639847713003,0.06483364783696345,0,-0.12010878608299999,1.967343238514575
macu1259,cari1283,-0.9441674130690343,0.06626277938258439,0,-0.3610062299708275,1.9627629125545
mada1285,aust1307,-1.8536250183682528,0.05779097428679167,0,-0.6245491561565,1.746224221548025
madi1260,cent2225,-1.491623835648535,0.07334361485077628,0,-0.9983947071425,1.782038294375665
jama1261,araw1282,-0.49452784676050565,0.05284431994317819,0,0.14467626489,2.024312400644345
madn1237,east2374,1.3544482012612353,0.09166600175145861,0,-1.64130030011,2.095069762022495
nucl1460,aust1307,-0.0994099151655282,0.062323792877354824,0,-0.43768342972255003,1.732776628559345
mafe1237,aust1307,-2.237664440281863,0.06341393816670099,0,-0.8100352928432499,1.7561497970296651
magd1235,otom1299,-0.03630733972316255,0.061710446101701316,0,-0.014517779344,1.9833893050164701
mail1248,mail1249,-0.2993395932182038,0.12223697630377914,0,-0.7546690144679999,1.9879636148765698
nucl1594,mair1253,-0.4071905523894003,0.07346669382595118,0,0.30828014183347496,1.987430309284945
mais1250,aust1307,-0.6944823295285181,0.05673094978306585,0,-0.406517762492,1.750143894316685
mait1250,indo1319,0.4820445079721592,0.05094666133883526,0,0.2837363916325,1.72668034046271
maja1242,surm1244,-0.46008602410097865,0.07373227079130247,0,0.768981925715,1.83799832215986
maka1304,atla1278,-1.8304489556152224,0.05690669301759462,0,-0.40970711219325,1.7091369818663
maka1311,aust1307,0.9076194614024575,0.07574674313422114,0,0.17824905093249999,1.7394810717702551
makc1235,taik1256,-1.3510653984204495,0.0948584487240625,0,-1.2751152205360001,1.7621355771671952
makh1264,atla1278,-0.22987825874680465,0.04461502335212477,0,0.07619790991299999,1.668448895796255
makh1266,atla1278,-0.008873613139712199,0.04190930865907063,0,0.116666294005075,1.6678451166332948
mala1463,drav1251,1.6501467487274057,0.061068328082244605,0,1.6961289448625,1.78996964716731
mala1534,aust1307,-0.7435084724644324,0.07713687131274295,0,-0.277998785709375,1.727563512058145
mala1464,drav1251,1.6245054405218902,0.062232020396419264,0,1.70206106885,1.789978488757765
mala1522,chib1249,-1.939782960769402,0.08459745874176909,0,-2.118974159645,2.021903479847985
male1284,gong1255,-1.0284013193240322,0.07205527270248238,0,-0.20743364232075,1.79929508929128
male1297,chib1249,-2.4515583951882407,0.08099889311831483,0,-2.09573478020675,2.025684138797965
male1289,aust1307,-1.8616898210297126,0.03891429285731188,0,-0.813480088559,1.75483537340049
malg1251,afro1255,-0.9699577320436392,0.06670432242774924,0,0.3860232476225,1.6758656605785451
mali1284,bain1263,-1.7266835475652806,0.03799440142782627,0,-0.89332485597525,2.0282063169172346
mali1285,otom1299,-0.4714126845354597,0.08286404762609682,0,-0.191455190787275,1.982420871705345
malt1254,afro1255,1.0525404417747501,0.054558473810543705,0,1.43870223041875,1.6666351670230202
malu1245,aust1307,-2.2760455637746477,0.061577781133039695,0,-0.716547441698,1.7548305921650549
mamm1241,maya1287,-2.0182099421544617,0.13119099369580317,0,-1.7194248604975,2.0552291976794352
sauk1252,nucl1709,-0.9424219206133652,0.08409537455339737,0,0.163746171637,1.80367993322626
mamb1294,atla1278,-1.9256064679235418,0.05519590904628917,0,-1.15436682014675,1.73365877589115
mamb1296,atla1278,-0.6405004539929877,0.04222565275816637,0,0.15976633739225,1.69924223711335
mamv1243,cent2225,-1.6891796312063696,0.07982701700773157,0,-0.7489992974008,1.77262180686754
mana1295,aust1307,-1.2632329346395026,0.02297202334618198,0,-0.65658492335675,1.75213411404315
mana1298,nduu1242,0.02182595696221165,0.08880307068150507,0,0.4028914473175,1.906266705981865
mana1288,sino1245,0.2626726640411382,0.04178126445366827,0,0.50360019559,1.71500753382413
payn1244,nucl1709,-0.3694441846773297,0.06737817973500965,0,0.102532554630475,1.8233452448296399
mand1440,aust1307,-1.8166208625796527,0.06448761071760765,0,-0.6764570414624,1.7477463224478549
mand1415,sino1245,0.10917072666351445,0.04388712756011062,0,0.15659242838025,1.7066720908406352
mand1436,mand1469,-1.9336881060499915,0.09172897161570977,0,-1.7873773974242502,1.97325279619543
mang1378,aust1305,-0.9857839686049386,0.027653939708709486,0,0.01017232709365,1.6921650148984049
rapa1245,aust1307,-0.08700334450090165,0.05595116087085762,0,-0.327474345980325,1.70697641309205
mang1401,aust1307,-0.8484782235000882,0.06292064613309031,0,-0.456944358312,1.70242788945438
mang1381,mang1423,2.094126725984177,0.08076831277630689,0,-0.14939352713850002,2.02404757257405
mang1394,cent2225,-2.043308064093285,0.058040916063097824,0,-0.90028974063175,1.77215230925149
mang1404,aust1307,-1.2765151111064297,0.057606622030713144,0,-0.44551111489875,1.73421824837262
mang1405,aust1307,0.43428793582583725,0.0573479142422687,0,-0.24638403808575,1.7299325013178302
moni1237,otom1299,-1.1598927819996614,0.07285526779780112,0,-0.198296422766,1.99581725831583
tong1308,aust1305,0.04253898704896435,0.04494007964076057,0,0.3797724536075,1.688173200407425
manm1238,aust1305,-0.8151923599731397,0.047302726267781654,0,-0.110749870395125,1.672548815116265
mann1248,mand1469,-1.8430024859890297,0.08011246290722274,0,-1.72102451595,2.005747028393215
maon1241,taik1256,-1.3779388765190137,0.10747046089221583,0,-1.3227974492575,1.7656697192597401
maor1246,aust1307,-0.9015569553954692,0.049520147777650445,0,-0.45361222612375,1.70434928719169
mapo1242,aust1307,-1.425501084510148,0.06631834114564839,0,-0.5253813549592,1.74495949230077
mapu1245,arau1255,0.402403533188433,0.053727902490579724,0,0.29859625780125,2.089149456717645
mara1382,sino1245,-0.02332893541230525,0.036169916353112536,0,0.2144570391775,1.7267812342974649
mara1399,aust1307,-2.2815385085267286,0.07131265192157961,0,-0.7511941845825,1.754986140260805
mara1404,aust1307,-0.0457423073889738,0.07372129585068585,0,0.044933289617750005,1.734967353302895
mara1386,west2434,1.8542441134792655,0.09248395957613725,0,-0.06254872739075,2.007603859719265
mara1378,indo1319,1.3648838999396635,0.04232753727425346,0,0.64732804461175,1.7426899548502899
marg1265,afro1255,-1.0730280847539155,0.057134110479624564,0,0.163862259752,1.67942394560357
mari1440,coch1271,0.15210272222661037,0.05469559623150289,0,0.07758935527825,2.030917911181135
nucl1622,anim1240,0.1530889131796254,0.06466445946594546,0,0.15315086060425,1.9515287996241648
moro1289,moro1289,0.3486467552041752,0.07192139882526247,1,0.036233310958475,1.995484031194755
mara1385,mang1423,1.9385445726036887,0.06131117347913827,0,-0.14780564006425,2.030187787982555
mars1254,aust1307,-0.9111033591870868,0.04917692990248351,0,-0.7493215913837501,1.73692840177936
mart1255,pama1250,0.3408443609696402,0.11014143469284189,0,-2.1421409544824996,1.98834843520696
maru1249,sino1245,-0.12963285473849112,0.046081017776729793,0,0.1815615976965,1.70798166430011
maru1252,pano1259,0.49636069716741993,0.09647902122970069,0,0.7188587423070001,1.93332376986586
masa1322,afro1255,-1.2155954559425353,0.0406621244585974,0,0.17939271605875,1.7180693747047249
masb1238,aust1307,-0.11993923670287555,0.0906778595768394,0,-0.034405260525750006,1.71853398472616
mask1242,aust1307,-2.3200444457823943,0.06501760683287175,0,-0.7026411111887501,1.759976388908365
matb1237,aust1307,-1.1012754302895127,0.06857777226132292,0,-0.694508945725,1.744508228834855
kemb1249,aust1307,0.31388559444796055,0.061789060704658484,0,-0.027671626727,1.730833945697045
mati1250,aust1307,-0.3841488465060868,0.0749147514872536,0,-0.1737895553855,1.724453911837585
mato1252,aust1307,-1.5860653810823004,0.0152395894408086,0,-0.7597066405845001,1.756718537600765
mats1244,pano1259,0.46567541513050525,0.0800898757098496,0,0.8287752537365001,1.9745506701275999
matu1261,aust1307,-1.151030417003975,0.08127194157496447,0,-0.62282876696075,1.73775938306715
matu1259,atla1278,0.22139966445044873,0.06257653312138332,0,0.39919596099,1.71282648365816
mauw1238,nucl1709,-0.7114991463499909,0.07243707316225821,0,-0.21253846236275,1.850174844786485
maun1240,iwai1246,1.4986234059739423,0.0574001911033544,0,-0.31362935554825,2.02281015291533
maxa1247,nucl1710,-0.7346954015714866,0.06557837580427343,0,-0.949203394596,1.99606514688009
maya1285,misu1242,-1.8839302035688745,0.06627932802592279,0,-1.0810655981225001,2.073836070007485
maib1239,mayb1237,-0.5249375248356976,0.09236199347783548,0,0.40970408776975,2.006060278802375
mayo1264,utoa1244,-1.135171650997358,0.06355922469693738,0,-1.11489727490625,1.952996218014285
mayo1261,atla1278,-1.9511977084733456,0.0760987650774379,0,-1.2224634685675,1.7188318558708602
maza1304,afro1255,-1.1560450936557736,0.04416279276095939,0,0.21178035333275003,1.686080657316815
mbaa1245,atla1278,-2.5611116692199243,0.061353100825788,0,-1.2213287108,1.729777694972705
mban1263,atla1278,-2.6222687309913404,0.08287003902440204,0,-1.19805368242675,1.707914941753845
mbar1260,afro1255,-1.0967672782335565,0.04985757072225487,0,0.358743528785175,1.68339216765184
mbay1241,cent2225,-2.20138119131405,0.07379369955861102,0,-1.102322015175,1.751378550670755
mber1257,atla1278,-1.7623064518568707,0.0510318928609611,0,-0.3860131799825,1.681699366281045
mbug1242,atla1278,-0.36635900310030844,0.0692278768397307,0,-0.028645568830175,1.69837419997325
mbul1263,aust1307,-1.8251997588378677,0.05133520617330875,0,-0.8043249218435,1.739653535131985
meen1242,surm1244,-0.5479784665442466,0.07485669336288593,0,0.9775168494462501,1.826110700183525
meke1243,aust1307,-0.8224926373982893,0.05890052869657914,0,0.317071137195825,1.73455643485759
mele1250,aust1307,-2.1677642822285126,0.0558672046427335,0,-0.45999988972705,1.7108623328878498
melp1238,nucl1709,-0.11957835948491215,0.06679529795042705,0,0.5126062454515,1.7982481578964449
mend1268,sepi1257,-0.3732547415802176,0.09207010223514854,0,-0.47626902302499996,1.884899884928735
meng1267,aust1307,-1.7567776010254557,0.029536168602632557,0,-0.81853388653775,1.7517197873216852
meny1245,anga1289,-1.1912136919035556,0.0964481657543333,0,-0.77134777439075,1.999190603389905
mera1242,aust1307,-1.8072755355598429,0.07596954055588216,0,-0.57655542667275,1.73151776002733
mere1242,aust1307,-2.186370162347825,0.058314699635383965,0,-0.7924472161192,1.75191705237294
meri1244,east2503,0.0497078293175811,0.06650845647566471,0,-0.22446756735825002,1.93908900552279
meta1238,atla1278,-2.014325688178932,0.06603441710883189,0,-0.9519611171660001,1.7867388530613701
meya1236,east1459,-1.2119175538498732,0.07684946846757415,0,-0.8790927847455,2.0187724519914303
mezo1235,otom1299,-0.0804805826330585,0.08077048829354794,0,-1.999357849999904e-05,1.985855097891215
mezq1235,otom1299,-0.19011647529560985,0.06885875836242891,0,0.10103490628225001,1.970030697787645
mian1256,nucl1709,-0.0431364749658431,0.0645824642348363,0,0.085654685476,1.77625059625147
mich1245,utoa1244,-1.7986439864117734,0.0683259388460104,0,-1.29399784705,1.9560874207894798
midd1357,pama1250,-0.25590548288739445,0.09247086228631952,0,-1.8727998701155002,1.9778718035191898
midd1327,aust1307,-1.3887554988772766,0.06155947511116975,0,-0.6553180866124999,1.7442088475566049
mido1240,nubi1251,-1.3516771458765104,0.06523351115077212,0,0.40620086874125,1.988324572792995
miga1249,afro1255,-1.3022976525380914,0.05116418017594198,0,0.41026157024075,1.708741097506385
mika1239,musk1252,0.2763558468632187,0.06077099361497338,0,0.14597325869125,1.99908139321369
mikm1235,algi1248,1.6203314026111086,0.08614663967778831,0,2.192099975755,2.026230219814075
mila1245,sino1245,0.16873513214052094,0.028341541283104493,0,-0.22077176665275,1.717841041768365
mina1276,afro1255,-1.155910877883278,0.04315648298877715,0,0.20226902567299998,1.68884956599742
mina1268,aust1307,0.25170539718706575,0.05647582372339393,0,-0.268254800599,1.703199961866545
mini1256,huit1251,-0.5729910047926337,0.059424710856185003,0,-0.25271195857499995,2.053666010247605
mini1251,aust1307,-1.7746399559374946,0.0679144163485287,0,-0.6302644106831,1.7384725767388498
minn1241,sino1245,-0.21172667649935545,0.035740982497170545,0,-0.0753228706415,1.724156888646465
miri1266,jarr1235,1.9277530524272697,0.07839745377621005,0,-0.24240983849135,2.0412785211839397
misi1243,aust1307,0.05903521726623185,0.06228887767451711,0,0.13038081479615,1.73401212134547
misk1235,misu1242,-1.7896397393871752,0.06032202790483182,0,-1.0383347861895,2.0837986109937203
mixt1426,otom1299,-0.07165926179379095,0.07328087759608344,0,-0.14826907184322502,1.9755661035369552
miya1266,afro1255,-1.6670170794896761,0.04180987230249411,0,0.08407838671725,1.71687069242999
miya1259,japo1237,0.7384221383785238,0.024598959733560365,0,0.56041018412575,1.849775293452225
lush1249,sino1245,0.1299706144337656,0.03147466120629986,0,0.20673222226525,1.727983624436515
mlab1235,aust1305,-0.42216805681611935,0.05370031052337032,0,0.39736791763074997,1.6918741057459799
moba1244,atla1278,-1.689610487367853,0.07366788975707303,0,-0.733599583198,1.735776756626275
moch1257,maya1287,-2.1196585443523777,0.08651606837189434,0,-1.6959861634054998,2.056793280323175
moco1246,guai1249,-0.44750615543123134,0.06367796915716732,0,-0.14913573471575,2.057094866618605
mode1248,indo1319,0.6710902386542312,0.03800561895214855,0,0.7713020477735,1.8099277464209451
moha1258,iroq1247,1.4642203728577332,0.07271032580062245,0,1.45343102077,2.048908770990145
moii1235,west1493,-1.0554744920543087,0.060248621452176125,0,-0.6936869514655,2.002988021886225
moke1242,aust1307,-0.41378839573514203,0.07472302402720019,0,0.2822685223725,1.71022834671682
moki1238,aust1307,-0.6236434771800264,0.05674871330523064,0,-0.63303170895675,1.721360922612575
mokl1243,aust1307,-0.29558006403282217,0.09166789373286112,0,0.2861213868549,1.70901823035977
mokp1239,atla1278,-1.518864386427537,0.060679894391725234,0,-0.054667898626,1.72710121356047
moks1248,ural1272,0.17360831734822818,0.038247390990598644,0,0.150423992885,1.72592735028376
nucl1452,momb1255,-0.4528012832454311,0.059943987355010254,0,-0.854843305942425,2.0322892357299702
fass1245,baib1250,-0.630059586901617,0.06737468390660487,0,-0.87331942474975,1.98832007499136
mong1338,atla1278,-2.2167280024659655,0.05197054105423078,0,-0.6787508836130001,1.685750192103215
mono1273,aust1307,-0.8470724472612716,0.0715341442194737,0,-0.6641625501342501,1.725078942354175
mono1275,utoa1244,-0.7230599928224708,0.06958147881623657,0,-1.3186951115175,1.98181283715327
mont1268,algi1248,1.595253298532544,0.09676658044392457,0,2.20653572438375,2.020238357545325
nucl1458,monu1249,-1.0920540648734032,0.11876484347979883,0,-0.7183839468805,1.989088039692955
monz1249,atla1278,-2.6072258011727882,0.07754921317110505,0,-1.2324971526075,1.702119582628085
mopa1243,maya1287,-2.186311402262156,0.08348495228784568,0,-1.7499997542169998,2.037361816872235
mori1268,aust1307,0.7345320315398396,0.05760659588195568,0,0.5019319380244001,1.7341865017182352
morm1235,aust1307,-1.1228102526491825,0.012787083776554511,0,-0.707281319265,1.7704604642697048
moro1287,aust1307,0.7369149440956044,0.06799818929923289,0,0.4925545401325,1.749794739151175
mort1237,aust1307,-1.0316346701453454,0.051758106384821284,0,-0.8081229011815,1.72531600008347
mose1249,mose1249,0.5838081565485487,0.06020663198736885,1,0.29116801945825,2.096187758420465
temb1272,atla1278,-2.741508817257057,0.056580253029049024,0,-0.7061597994635,1.68573588571003
motu1246,aust1307,-0.38011593320141024,0.050625744999142255,0,0.30863571506425,1.72609054946634
mouk1239,aust1307,-1.8771173516133257,0.016337572762291117,0,-0.7502366153815001,1.7557885578940549
moun1252,koia1260,-0.8369908811456771,0.06419979386391164,0,-0.93251257982125,1.929277437892595
movi1243,movi1243,-0.2580856320159195,0.09164941608921318,1,-0.5849090699960751,2.087705052160215
tang1347,aust1307,-2.235723992102456,0.04983766669518396,0,-0.7959763523395,1.75421970112279
mpad1242,afro1255,-1.2230991237663464,0.054670385266371004,0,0.1408419218905,1.6824798629522801
mpii1239,sino1245,-0.3371746322134075,0.02572650025988996,0,-0.04443066140075,1.692636006126085
mpot1240,atla1278,-0.04152562318486805,0.06306028793714423,0,0.40062599337750004,1.70868877080226
mpur1239,mpur1239,-1.1610144240812463,0.09586285335598875,1,-0.7429560495477501,2.021797243440865
mual1241,aust1307,0.4262080777081714,0.08388091283573215,0,-0.27742511190295,1.7070558312110249
mudu1242,aust1307,-1.8898950003548327,0.05619975769216422,0,-0.41393725343125,1.75290860243018
mudu1239,drav1251,1.7997166766077282,0.055025386625897,0,1.6800107873569998,1.7930357313227598
mull1237,nort1547,1.7924097896089015,0.06642855266718874,0,-0.23739002487674998,2.026457102221145
nucl1240,atla1278,-2.171503295736356,0.07655660815091066,0,-1.010660358515,1.718066320317055
muna1247,aust1307,0.5819618572258645,0.06936727577796185,0,0.46654421213499997,1.736013102955575
munc1235,sino1245,-0.7529136069082745,0.035242832385108065,0,-0.098575507319675,1.725847471439245
mund1328,atla1278,-2.120049041103461,0.0622104592808564,0,-0.55642815989525,1.7590111407520799
mund1325,atla1278,-1.951004183023091,0.05431579970930429,0,-1.152691430183,1.73230817975379
mund1320,aust1305,1.108050738206009,0.02135871737002176,0,0.76775664440325,1.70640735868233
mund1330,tupi1275,-0.7401020119876021,0.06209748832125837,0,-0.5090045387694999,2.02134714372077
abar1238,atla1278,-2.1061136262912794,0.05971618719110374,0,-0.5451066272762499,1.77139716899214
murl1244,surm1244,0.0086063827778524,0.05511296465101147,0,1.20897753962,1.821136950127705
murr1258,sout2772,1.7511085984869283,0.06652462012817253,0,-0.27227668912325,2.0380556550484004
muru1274,huit1251,-0.3228400693055205,0.06554068626295581,0,-0.15611198864975,2.044958147701855
muru1266,pama1250,0.0129292082009611,0.10525983150022705,0,-1.884443171545,1.9789598542884699
musg1254,afro1255,-1.029589990608208,0.03371880202411225,0,0.379689121173,1.6932202404228351
muss1246,aust1307,-1.4720382414605866,0.06492691970890024,0,-0.3158832345115,1.740875592067485
muyu1244,aust1307,-0.2039549861509819,0.06100658331653477,0,0.11085676691730001,1.729339875192275
mwag1236,afro1255,-1.6590880813383186,0.05485246727677838,0,0.03510316125,1.706053713986545
mwan1250,mand1469,-1.7572440808709917,0.06948204972418634,0,-1.73452419211775,2.00726276307154
mwan1247,atla1278,0.18892202006755293,0.04875883967254519,0,0.32784052939749997,1.683687572771295
motl1237,aust1307,-1.8850424659865308,0.06109230875223403,0,-0.8053568533495,1.75535312860574
naba1256,nucl1709,-0.9223041333493908,0.023487837242091882,0,0.13134870637875,1.813119930628025
nade1244,nada1235,-1.189254079357,0.0874832489881953,0,-0.905508932845,2.0500264553607197
sout2857,aust1307,-2.3059028679031552,0.053693388034675084,0,-0.7418298950235,1.738939878000955
naka1262,aust1307,-1.781941810298429,0.014327627224447533,0,-0.5759270315209251,1.735083691127695
nalc1240,nucl1709,0.0024423686895573,0.06749121734613363,0,0.29350036577525,1.787499346923655
nali1244,aust1307,-1.8999049497527989,0.054988427728381646,0,-0.6330608593767499,1.73426620994347
nama1268,aust1307,-2.022387225944486,0.05690621549598327,0,-0.50459088846125,1.75296537977622
litz1237,aust1307,-2.301104561500753,0.05676289784456524,0,-0.74720739625325,1.750992905769515
namb1293,more1255,0.8637560087562928,0.09841138200714897,0,0.45776697461000004,1.93540671972976
nami1256,sepi1257,-0.5280202440983981,0.11091905859923615,0,-0.70283533777225,1.88552368277929
namu1246,sino1245,-0.5192442808833002,0.0458695719352966,0,-0.278635257035325,1.722496993682825
nana1257,tung1282,0.7939600790255776,0.04207361805085115,0,1.3365491205455,1.84470060731205
nand1266,nilo1247,0.2983395269197557,0.05466846708932341,0,0.6159241798515,1.795123456183895
nang1262,aust1307,-0.5423120032668871,0.05021439350832576,0,-0.1806600473325,1.7361461493474
nant1250,araw1281,0.6379687055769465,0.059732082572878396,0,0.297399676905,1.9224599917297849
nati1244,aust1307,-2.3124627737686456,0.06689134297895788,0,-0.739111235391,1.7415381527380749
nati1243,atla1278,-1.511206480037644,0.06724612292565169,0,-0.3420569386085,1.738276608983015
natu1246,aust1307,-0.5166578768987011,0.05872601836874101,0,-0.1761020792675,1.73703130184894
naue1237,aust1307,-0.5997256310564048,0.049737510082391655,0,-0.6652832907175,1.760309272758185
naur1243,aust1307,-0.19687001247875519,0.019673714440107744,0,-0.426628214422,1.73549059910115
nava1243,atha1245,-0.43699755911482435,0.052326735136602014,0,-0.249370480479975,1.995604243034635
nawu1242,atla1278,-2.0194302414637306,0.06414462373039909,0,-0.790885261902,1.7356614660273149
ncan1245,atla1278,-2.086541225269654,0.06729041153521072,0,-0.6407827616227,1.784171773605045
ndam1239,atla1278,-0.2939459511307157,0.0636138550603911,0,0.2583238188475,1.69808089695693
ndog1248,atla1278,-2.257934491016581,0.07102735125620745,0,-1.20629419873415,1.726546654710615
ndom1245,kolo1268,-0.7792501822644224,0.094131040931229,0,-0.966117553089,1.98514216972046
ndun1249,atla1278,-2.7872603201900725,0.0600122710471032,0,-1.224167670598,1.724171363278355
negi1245,tung1282,0.7981563762816696,0.045418930297411966,0,1.36875892228,1.864958711144965
neha1247,aust1307,-1.0063222038853894,0.036458093720450245,0,-0.15749163956,1.7282957920562452
kuma1276,aust1307,-1.2708385259633834,0.05896640441132762,0,-0.55125658814475,1.73330560773663
nenn1238,more1255,0.7965986040188314,0.09367558536600105,0,0.4688953111965,1.938712289793775
nend1239,nucl1709,-0.44497658678472624,0.07501487681331064,0,-0.043715129374999995,1.81922866497906
neng1238,aust1307,-1.2872447081989682,0.058965287040509344,0,-0.34815931873,1.741547831491105
nucl1706,afro1255,0.551313749977647,0.034409393040303646,0,1.79166903037225,1.721931280574565
nese1235,aust1307,-2.280581148309194,0.05574982182026592,0,-0.7079496730325,1.7469316846717
vinm1237,aust1307,-2.307509906751222,0.05856815633085175,0,-0.7459948322026999,1.75501998314277
ling1265,aust1307,-2.3114678402694846,0.02037907753044777,0,-0.7407173756775001,1.75512468269519
nezp1238,saha1239,1.2257802121718222,0.06120577599035522,0,0.9650502698397501,2.070636959948695
ngaa1240,pama1250,-0.15497902739559685,0.09497979140028333,0,-2.482124853905,2.00959942912637
ngab1239,chib1249,-2.3524791173439095,0.09043320113583933,0,-2.12346649491675,2.029123661490365
ngal1292,gunw1250,2.202999728267643,0.07346408347136509,0,0.02397462634025,1.9856609130002
ngam1268,cent2225,-2.038622652832526,0.07007294199283136,0,-1.1090131704792499,1.747672860306475
ngan1291,ural1272,0.5077882661360367,0.04524803607140334,0,0.41760293676575,1.800699916428505
ngan1295,gunw1250,1.9328908002280583,0.10065652767055647,0,0.0137653596145,2.00453818074931
ngar1235,pama1250,1.422221761381277,0.08975761662472015,0,-1.8838244262794999,1.972423699445145
ngar1284,worr1236,1.9216152074744315,0.11271446793373067,0,-0.0643029205225,2.000364778197505
ngar1283,mirn1241,2.19177517973431,0.0792573315364946,0,-0.0029585147171249998,2.005889176670335
ngba1284,atla1278,-2.552498139027503,0.0799931629622897,0,-1.23198752897715,1.706414222151575
ngba1285,atla1278,-2.7496306151174785,0.07046072290611126,0,-1.057465067925,1.735038872705365
ngge1241,nucl1709,0.0003503004929585,0.05988826599260339,0,0.5251268705695,1.80806155822015
ngit1239,cent2225,-1.082192570983929,0.05605542220654977,0,-0.73238379191675,1.7825840821841
wang1291,pama1250,0.0094864392204697,0.09557787589438176,0,-2.0171407254425,1.996802832187695
ngom1268,atla1278,-2.6275614109577408,0.06713755299377862,0,-0.6980786761844999,1.6853302770558751
ngul1236,aust1307,-1.2678013554570888,0.06808974636533484,0,-0.628697742535525,1.74560575111526
nhan1238,pama1250,0.3361309949882056,0.09898025759258125,0,-2.0440421145025,1.977247111497685
nhen1239,tupi1275,-0.4900702771975159,0.05196872210705651,0,0.005579795151499999,1.96085567356213
nias1242,aust1307,-0.2999557522135242,0.051215860000040005,0,-0.00464367852025,1.7166308843584952
niha1238,niha1238,0.9924386658470252,0.06678270801725134,1,1.2822033970975,2.10913311464809
nucl1633,nimb1257,-0.6703461639588925,0.10165065804991637,0,-0.88475892166,2.006435589206605
nina1238,yano1268,-1.4007521012852777,0.08089589503963618,0,-1.040044424837,2.055836060961775
nisg1240,tsim1258,-0.7605758105794529,0.05408669704939371,0,-0.175090559952025,2.0924430779601
niua1240,aust1307,0.05202720653102625,0.05004180571294857,0,-0.314538068711625,1.696696577527945
niue1239,aust1307,-0.26076711061431274,0.060896039888867305,0,-0.3707178328335,1.709869197914275
niva1238,mata1289,-0.5037613777114256,0.05704494081982191,0,-0.55005171571975,2.083026889885015
njan1240,atla1278,-2.022451417632057,0.04947640792947496,0,-1.05380298466925,1.78301080629954
nkor1239,ijoi1239,-1.7603390299489603,0.07725220946493734,0,-0.6071935680364999,2.117265768297905
noct1238,sino1245,0.1529139160918484,0.04077233066047495,0,-0.12853708902400002,1.705656619057635
noku1237,aust1307,-2.0614284214990475,0.0657546025718141,0,-0.7959550602625001,1.75542329498334
noma1260,atla1278,-1.3910354905576552,0.0385820839442039,0,-0.0179511128565,1.70885099144699
noma1263,araw1281,1.0855019880999683,0.05856558851477662,0,0.373427411835,1.93533744570962
noon1242,atla1278,-1.842834940005874,0.06038894587505576,0,-0.8013502833174999,1.77624141293532
noon1243,atla1278,-2.0550319915844146,0.06592371561732528,0,-0.6424580108760001,1.7942322701275
nopa1235,otom1299,-0.01429814206639015,0.0785573752999962,0,0.08382904099999999,1.98491797901509
nort2697,turk1311,-0.6710500537144606,0.0649572016697242,0,-1.493700624175975,1.7915316963569698
darg1241,nakh1245,0.1988342297823614,0.05212168066642459,0,0.18107473766249998,1.83764289549802
nort2930,kiwa1251,-0.6339331302283866,0.07045593329811838,0,-0.2757858150325,1.915422291436685
nort2836,aust1307,-2.1708507974756306,0.062000737782898906,0,-0.7222487339565,1.75383815036427
nort2972,choc1280,-1.8485296535515414,0.055367857506185045,0,-1.3699047063475,2.0411300068109197
nort2702,drav1251,0.9782148133706021,0.06148008021484326,0,1.454232388195,1.8062284953904801
gumu1244,gumu1250,0.13780557232720758,0.07223589054466283,0,1.5559883231890002,2.0027360390127797
nort2938,haid1248,-0.4675763926296638,0.06556741534460393,0,0.24224720395325,2.05308646286337
sing1264,sino1245,0.09949700771795619,0.03318315423835205,0,-0.215658933918,1.69908205080455
nort2684,aust1305,-0.12665646768981836,0.04604147615361408,0,0.49371789991549997,1.6993792959876
lush1252,sali1255,0.37079484957964626,0.05961462054248415,0,0.25252947538924997,1.9721420836514798
nort2774,atla1278,-2.646793684350675,0.07524036194717294,0,-1.20852490789725,1.71711485138053
nort2954,utoa1244,-0.5834045788493707,0.07446613673269584,0,-1.31220759358525,1.9787002364723199
nort2957,utoa1244,-1.5431512967717513,0.07702476344234026,0,-1.2899730595602499,1.95720673658009
nort2723,sino1245,-0.5463651023604124,0.04420168035537891,0,-0.32113909568925003,1.715698542295925
nort2747,hmon1336,-0.45271328573988034,0.06309868644287055,0,0.2276824712185,1.748906070961155
nort2722,sino1245,0.2749559082030304,0.05385941964777631,0,-0.29634527778205,1.7157699472222
nort2994,aust1307,-0.774053499409209,0.06363012471064684,0,-0.53807054579725,1.6931742796359
nort2885,aust1307,-0.08425376672328935,0.06536287791790518,0,-0.065349574308,1.7229330120954351
nort2959,utoa1244,-0.870454900830569,0.0667347060249906,0,-0.8584591572095,1.94097917195553
tosk1239,indo1319,0.41362322631467496,0.04636270982497294,0,0.5624461068425,1.789318918793475
nort2732,sino1245,-0.218271046256444,0.04269346182579014,0,-0.27877773694200003,1.73550120611879
nort2690,turk1311,-1.3856497919925408,0.07339624529733464,0,-1.4979933309095,1.8042617057876051
yoku1256,yoku1255,0.2923917775558933,0.06640886727468426,0,0.5934800621152501,2.094359979943915
nort2745,yuka1259,0.5318982792387623,0.032112211153111865,0,1.450301718007275,2.18205956297235
nort3047,afro1255,-1.1050328865711654,0.05510136744807663,0,0.19997011394074998,1.68869369471808
nort2980,quec1387,0.9396188026587915,0.05655698874580119,0,0.39622629724225,1.94668681757882
nort3139,afro1255,1.1127390402771677,0.045021891504593715,0,1.4268836013305,1.66085466397344
nort2845,aust1307,-0.9668923431074464,0.04750548270113689,0,-0.469360571422,1.7079136459407
nort2671,ural1272,0.638024042470793,0.03821018568043323,0,0.5968123755275,1.7072667005819802
nort2942,atha1245,-1.001035091188317,0.062023609257541794,0,-0.523417892927,1.9809361673562749
nort2847,aust1307,-1.9518028834097216,0.05252072713205769,0,-0.8148007353325,1.7437193661928698
nort2961,algi1248,1.6168451032286812,0.09203901562806405,0,2.23053547410025,2.01396491191281
nort2775,atla1278,-2.2170207997791027,0.06756065512184208,0,-1.0715671300510001,1.7426857173462649
yaki1237,saha1239,1.001610651044683,0.06795556665117851,0,0.97872739983875,2.047699049573665
nots1237,aust1307,-1.8805883074763239,0.05914138071629127,0,-0.6747870517651,1.7518053008747398
nsen1242,atla1278,-0.4982256924104395,0.06271215061822367,0,0.21219442584825,1.69083439477488
nuer1246,nilo1247,-0.5192395913123726,0.07634699205971845,0,0.6777535356118249,1.80044045056765
nugu1242,atla1278,-1.4456069057456733,0.07627498532568605,0,-0.21945951171,1.7261460265214401
nukn1238,nucl1709,-0.8724904050737947,0.06638824839694941,0,0.4836349224275,1.80899333399561
nuku1260,aust1307,-0.7155621859041756,0.05452481806061993,0,-0.25747449509775,1.720177098072415
nung1282,sino1245,-0.17183513257986321,0.042662014972347305,0,-0.22580364201325,1.7292917710995699
nupe1254,atla1278,-2.1235076987038646,0.05497111150712327,0,-0.978393634865,1.7589352544828452
nuuc1236,waka1280,0.11730598542503975,0.053266060199295785,0,0.51400118244475,2.0348206783929097
nyah1250,aust1305,-0.20693517792100355,0.04758887963467108,0,0.3678473336105,1.6861820240192449
nyak1260,atla1278,-0.2358804811717441,0.05795778421485953,0,0.28488760255824996,1.72267600595307
nyam1285,afro1255,-1.5266274172385614,0.06249465318537033,0,0.017787623472,1.709923538777045
nyan1301,pama1250,0.7236101214734778,0.11367796315387986,0,-2.0753875124,1.98322565884146
nyan1307,atla1278,-0.6234812719036016,0.04079741676422358,0,0.2588405461675,1.684419021526635
nyig1240,nyul1248,1.7848108726346206,0.10656464465041425,0,0.01947603021525,2.025988454172425
nyis1236,sino1245,0.276132018395685,0.049641223259316844,0,-0.2845395883805,1.69205236488394
nyor1246,atla1278,-0.8594531228228548,0.052941162567043044,0,0.202935751965,1.6706697869260898
nzak1246,atla1278,-2.1548408989278567,0.060731006892863204,0,-1.151660194061175,1.7280204629934102
nzak1247,atla1278,-2.5885765471500672,0.06791883276387253,0,-1.19978911029825,1.7167921697012
obok1239,lake1255,-0.7187563951937056,0.10174616675818499,0,-0.82005005727075,1.9922252848920898
obom1235,aust1307,-0.3527867628172575,0.08147484929273148,0,-0.18360552947875,1.719265637510245
occi1239,indo1319,-0.0802405190336064,0.039102313270094606,0,0.0068164294725,1.700856930175675
ocot1244,otom1299,-0.00848391198533215,0.06391679417119304,0,-0.091409520245,1.97385399194349
oriy1255,indo1319,1.0153428505637878,0.035265752379488105,0,0.50597927017075,1.7324050683342551
ofay1240,nucl1710,-1.403332174285595,0.07884732391944413,0,-1.2615213087745,2.017524879416735
kalm1243,mong1349,0.25052747105157447,0.020450402395766485,0,0.54951672032325,1.84714567919138
okan1243,sali1255,0.7828409104045615,0.05380384352931422,0,0.821355119315225,1.9770881058597252
okoe1238,atla1278,-2.0959290935517667,0.05164424285315565,0,-1.04453555329725,1.7545132518053301
oksa1245,nucl1709,-0.09698069762771255,0.056694086066009466,0,0.18118263098499998,1.787185598416485
oloo1241,nucl1708,-0.48997475439939864,0.11721056766413981,0,-0.54296000078825,1.87930651289353
olut1240,mixe1284,-0.9991871532577064,0.0679470732000545,0,-0.97064914908575,2.04186369936875
omie1241,koia1260,-0.7128536984864076,0.07239935453361727,0,-0.5587274424335,1.9186175618988601
bira1253,bira1253,-0.8102539130879134,0.0803213064668775,1,-0.63640208192625,2.240726260619235
onon1246,iroq1247,1.4967117002801367,0.06940211395511767,0,1.4580329088775001,2.045943704461325
orok1269,nucl1709,-0.33096816715343685,0.059408810924227055,0,0.194007860476,1.7728203772130748
orok1267,nucl1580,-0.9004010015636773,0.07148871043835983,0,-0.731985256823,1.992517767348465
orow1242,aust1307,-1.3834930851827716,0.07220913467780697,0,-0.6148318274425,1.747860098356225
orya1242,toro1256,-0.17193072990240416,0.0680310674297081,0,0.03896310459575,1.97006448416801
otta1242,algi1248,1.842156562635107,0.08747456498426098,0,2.23486631713925,2.007609777703645
owaa1237,aust1307,-0.37926845351112287,0.06577598135457616,0,-0.436457807208,1.738197674241605
paaa1242,afro1255,-1.6658259135018394,0.04370332045388804,0,0.0866533357505,1.7089793219729401
darl1243,pama1250,-0.4461433043273251,0.08511350486417812,0,-2.4046730365306503,2.040354007371895
paam1238,aust1307,-2.2680534610582637,0.017491715989158253,0,-0.7108350510152499,1.753294548715925
paas1238,atla1278,-1.7377099037832582,0.0740441879765264,0,-0.7031571942375,1.7275194881876699
paco1243,aust1305,-0.1359960154653031,0.03696346771884693,0,0.327542993987175,1.69326462287972
pagi1243,atla1278,-2.760810762366668,0.04932611287675141,0,-0.35145619703375,1.705832953856895
pagu1249,nort2923,-0.24485970333026869,0.07275934768719285,0,0.1002493873343,1.869205149575605
pahn1237,hmon1336,-0.24321095336962764,0.05564801790732049,0,0.519105307662,1.755234889945625
pala1344,aust1307,-1.0210742641612076,0.07311344094857902,0,-0.35937654281825,1.762227630381855
pali1279,araw1281,-0.16602124358129974,0.07410603994113671,0,0.11728853405674,1.958682891614635
balu1257,aust1307,-1.7575885205921464,0.05995016583498644,0,-0.70286888344025,1.7525409803245
pamb1243,atla1278,-2.160288531516473,0.08737165006078512,0,-1.19759398741375,1.702022377646425
pamo1252,aust1307,0.649747852943651,0.06636078262752501,0,0.35056629155749996,1.733026804824915
pana1305,utoa1244,-0.856041245270922,0.0669339268159352,0,-1.32705203072225,1.9836045438501602
pana1307,nucl1710,-1.2509342970117174,0.08206894610289592,0,-1.4865680440044748,2.03408430738881
enap1235,cari1283,-0.5220794851192361,0.05331770335365167,0,-0.26851840768275004,1.95051715619094
pang1290,aust1307,-0.5842672165917402,0.0784570226986478,0,-0.28313056295025,1.711728957778805
pang1291,aust1307,-0.03167945183816775,0.05929528433927027,0,0.21935307769025,1.73849084545696
pang1287,atla1278,-0.3733913337399005,0.0648289056531415,0,-0.05460354334925,1.6773575244304149
pano1254,pano1259,0.27564222874908817,0.07755684654960546,0,0.705889191061,1.934812264585955
papa1238,toto1251,-0.8274193258745594,0.06545098897669693,0,-0.5743551949497501,2.009557389855895
papa1265,aust1307,-0.7194470192581037,0.07423662390571907,0,-0.15838188319825,1.7322165414939752
para1311,tupi1275,-0.5747264234007787,0.05967531808614866,0,-0.081387454525,1.970892385026785
para1302,sino1245,0.05269945507706225,0.04305187425300122,0,0.1569074549225,1.707533418518835
pare1272,araw1281,0.3377426815691978,0.07019199744667874,0,0.4027693798775,1.95209188995689
pate1247,aust1307,-1.4191056267863458,0.02777748898269336,0,-0.5645187722735,1.7345563024314399
patp1243,aust1307,-1.7306112055195133,0.060922205555549704,0,-0.633129248392,1.7443147130077898
patt1248,sino1245,0.24161616711807984,0.0282311892884108,0,0.13971510612125,1.71429042966627
paul1238,aust1307,-0.975871708235341,0.05026781095395443,0,-0.59126177588875,1.76030304430453
paun1241,araw1281,0.42032117448278705,0.07052362363755012,0,0.321975544316375,1.918864186979645
pawn1254,cadd1255,0.49764463056311037,0.06339025696641894,0,0.6003660821675,2.092155103523325
pech1241,chib1249,-2.1843061484835324,0.09242752777007154,0,-1.874124921405,2.050784837524505
peer1241,atla1278,-2.0636493457113776,0.07135853192395863,0,-0.93831204469,1.7323591804100151
pela1242,sino1245,-0.09810879401582975,0.039101078363690284,0,0.18400749999725,1.701153592031935
pele1245,pele1245,-1.6332359652228587,0.05375908935322827,1,-0.7475167900149999,2.04652512973548
pemo1248,cari1283,-0.9646344770218942,0.0615184971263977,0,-0.35775483887525,1.960003017752045
pend1242,aust1307,0.600832321959293,0.05023698157427785,0,0.52826035119375,1.7324487170389
peri1253,mong1349,-0.24086279838442315,0.024330429290976445,0,0.46972369077325,1.841659491309255
phak1238,taik1256,-1.3004068011638548,0.09428776352963537,0,-1.5748651383232501,1.783550648063275
pich1237,araw1281,1.0665526722320182,0.07624632149645574,0,0.358900107117,1.92033479233802
pila1245,guai1249,-0.17633002539212755,0.06017188124362016,0,-0.05931885624450001,2.067075241072835
pima1248,utoa1244,-1.0535130767555354,0.05769131063101471,0,-0.9169784510135,1.945462300442415
pina1252,piaw1238,-0.5851105180134699,0.06718253266773011,0,-0.41111083113525,1.94196873854162
ping1243,aust1307,-0.8333598146567288,0.04923902421964678,0,-0.77439717452025,1.714683475337665
pipi1250,utoa1244,-2.2922452989198483,0.0583793012138936,0,-1.2256053095755,1.95910204641164
pite1240,ural1272,0.6123897880280885,0.046169025642523814,0,0.5901919604370001,1.709468973815485
plai1258,algi1248,1.2229729693846094,0.10907385516677578,0,2.22552863610425,2.024216842941515
plat1254,aust1307,-0.6239375665089862,0.04549927732810492,0,-0.04826673191875,1.73726473239568
pnar1238,aust1305,-0.01691370490313035,0.03691663602723346,0,-0.062993417734,1.6720327687001
pohn1238,aust1307,-0.8692444074287149,0.06114065865209735,0,-0.77961526873575,1.718556549363175
poko1263,nilo1247,-0.0906781611173775,0.07678443928220124,0,0.4863030627625,1.79176657115044
poli1260,indo1319,0.7540989270868522,0.035212755175114886,0,1.3535996990074999,1.7345227602111648
popt1235,maya1287,-2.1849852801719436,0.07858985697172874,0,-1.7058665113320002,2.06092755434262
port1285,aust1307,-2.319678116712503,0.06041698537462978,0,-0.7027523218237325,1.7691024933930901
port1283,indo1319,-0.3852107821316722,0.041497309328535396,0,-0.017950241633,1.70579902250994
pras1239,indo1319,-0.6647629411057637,0.03615999342679051,0,0.196525230404,1.7690259593694249
psik1239,afro1255,-0.8997411927541797,0.05992562669287378,0,0.42042913096925,1.68598012654371
puin1248,puin1248,-0.31711694913372435,0.07069767329289621,1,0.15453698079425,2.0478380828780853
puka1242,aust1307,-0.3933101985046805,0.05314864682181729,0,-0.36199322998774996,1.70946083487476
pula1263,atla1278,-1.8342505349058733,0.04360832332890617,0,-0.8919115316965001,1.767392016342685
pula1262,atla1278,-1.6552297719251954,0.0510111480719728,0,-0.891100098555375,1.770889378370905
puma1239,sino1245,0.5048989633360609,0.03829379678684818,0,0.24958787109515002,1.72623195584495
pume1238,pume1238,-0.94873515164326,0.06965210617607989,1,-0.753680692401,2.0896137929971053
pure1242,tara1323,-1.169081631097296,0.04931505139574812,0,-0.5698439342820001,2.090294861265975
puri1258,sino1245,0.2559565954670624,0.030979952187947916,0,0.334898567456,1.700080357712325
puyu1239,aust1307,-0.4143819068585669,0.061704217207257786,0,-0.49145157058,1.7843416074758949
qanj1241,maya1287,-2.201890413005424,0.08328370582901198,0,-1.7034277930130002,2.06051395614097
qaqe1238,bain1263,-1.7559177827331132,0.06831375509337774,0,-0.8875656268150001,2.02754937537915
qawa1238,kawe1237,-0.604110934311525,0.048723588103474845,0,-0.538317942584675,2.105684043203275
qima1242,afro1255,-0.2361954750830352,0.042203051219715404,0,1.21179083979,1.683873560282005
quer1236,otom1299,-0.3933084214212408,0.06512983276102709,0,0.0615889895625,1.97002233891589
quio1240,otom1299,0.225358010247589,0.061554536584776116,0,0.0868413192725,1.97033342487645
rabh1238,sino1245,0.30973739029462766,0.03279521042846933,0,-0.16888586442925002,1.6985373335242
rade1240,aust1307,-0.7477531479685986,0.08199294724736898,0,-0.49098462914499996,1.7001534834067251
rama1270,chib1249,-2.424670230157979,0.09311415447636574,0,-2.1000656022,2.019258458530235
ramo1244,aust1307,-1.7040269352122908,0.06109581210914118,0,-0.6184845553682501,1.744164124573875
rapa1244,aust1307,-0.9188238325202296,0.058124700298336385,0,-0.440863516446175,1.7099735295785
rata1244,aust1307,0.14170831124514582,0.07877973342892897,0,0.1362906518695,1.748590944887635
rawa1267,nucl1709,-0.7525820281627857,0.07354851455669005,0,0.098449819949675,1.8022018979883851
remb1250,aust1307,0.16473868310842416,0.0642457363269569,0,-0.37002891437749996,1.73220435944869
reng1252,aust1305,-0.02442779734600095,0.05603467042261402,0,0.38652731525075,1.68848236077921
renn1242,aust1307,-0.6481904221528287,0.01949575455190538,0,-0.4563900697315,1.706413111650515
rere1240,aust1307,-2.329118040463816,0.07194952636225081,0,-0.70436608902675,1.7554466917034
resi1247,araw1281,-0.4599675948793061,0.056960057206914994,0,0.1804392165305,1.9363997394769998
reye1240,pano1259,0.7998239443513755,0.07266630675333145,0,1.0463966771012498,1.969149939577855
rian1263,kolo1268,-0.8213913952877105,0.09388945491214637,0,-1.0089480395287749,1.98045290029838
rikb1245,nucl1710,-1.2567257344530351,0.09843283070402703,0,-1.33964844373625,2.0231325752505
rita1239,pama1250,1.1993619458852147,0.098022492540679,0,-2.0401174767965,2.003620910370425
beka1241,aust1307,0.5381150702268962,0.09788764141722008,0,0.18025091488775,1.72820891221367
roma1326,indo1319,0.01571846628156005,0.0675304419520189,0,0.00156307515,1.70246740712046
romb1245,aust1307,-0.2105005352501435,0.11779368600351123,0,-0.09710317193500001,1.713038493915175
ronn1241,afro1255,-1.68001691306811,0.04868434410906547,0,0.0863434233945,1.70986427665411
rong1264,sino1245,-0.15187573725462344,0.03443646141041661,0,0.099819401890125,1.7203225390669101
roto1249,nort2933,-0.8636457176939278,0.037235271539234845,0,-0.8910932717687501,2.0308050722174
rotu1241,aust1307,-0.49035508258988647,0.04668014748014804,0,-0.4231689257475,1.7337750951943298
rovi1238,aust1307,-0.7222865710358781,0.05550242347123431,0,-0.7075796452209999,1.7434918275930902
ruch1235,aust1305,-1.117994928532831,0.044048954953986266,0,-0.120108361936,1.671719856493565
ruka1240,aust1307,-0.2474470177539503,0.07294263849817688,0,0.039582399401500004,1.7942899603225149
ruma1248,aust1305,-0.42396242548247315,0.025804988483192633,0,-0.045661591964,1.6739315127724699
rumu1243,tura1263,-0.6938582541153644,0.112628266913594,0,-0.68691522105025,1.985329217267675
rung1258,maba1274,-2.4901073176336816,0.0650652017031526,0,-0.52032675457325,2.003787466935825
rung1259,aust1307,-0.1672037535259707,0.06567444397686328,0,-0.044360790454249996,1.7117033790572398
russ1263,indo1319,0.15800407125323035,0.04049892803582549,0,1.3567400099240001,1.7444275181289148
saaa1241,aust1307,-2.276928220061662,0.05648701189569569,0,-0.7038349812971425,1.7545515200004802
saaa1240,aust1307,-0.45133771384092786,0.06909575390455112,0,-0.55022615093495,1.73373746163094
saar1237,aust1307,-0.5314956097273834,0.06766228670215438,0,-0.47780295755575,1.79567139343533
saba1267,aust1307,0.09296562491008875,0.09733301647373656,0,0.042295965065250005,1.722138771282615
saba1268,namb1299,-0.35805288355352327,0.05535946400816866,0,0.046302117795,2.036703123957005
sais1237,aust1307,0.02223873532271515,0.08093960461072133,0,0.15087953711975,1.8063447008994649
yaku1245,turk1311,-0.8424622581072796,0.08866151212065972,0,-1.498474581107725,1.79860557246137
tsis1238,atla1278,-2.1217856164994657,0.04724764819137807,0,-1.05123752704125,1.76162660207902
salt1242,nucl1709,-0.41116949104067,0.07010450871267551,0,0.32321046042275003,1.78891901270019
samb1311,atla1278,-2.2198514658445183,0.048468408556198925,0,-1.0791957006495,1.78033187069251
samb1305,atla1278,-2.000597195472011,0.06861618676973046,0,-0.80645503914425,1.7309477237302748
samo1303,east2433,-0.7600663485359656,0.05069897941649744,0,-0.7301952384,1.98551141799908
samo1305,aust1307,0.2937165517304495,0.05202635402815661,0,-0.174164991982,1.698017302979755
sana1295,afro1255,0.14831500677384324,0.04345107404404556,0,1.30829204187575,1.6637722647141602
sanb1242,chib1249,-2.2644169902728777,0.09573607207387934,0,-2.1220789375314997,2.03652174239544
sand1273,sand1273,0.1375305180827998,0.0754278674511199,1,1.502064769145125,2.2158714627853797
sand1278,huav1256,-0.9658699251487807,0.069019092745312,0,-0.8551134621482499,2.083809975226465
sang1331,atla1278,-1.139488742218214,0.04105669574132869,0,-0.343766567335,1.70676178050938
sang1321,sino1245,-0.0936418902357767,0.06860277785587025,0,0.013205785707250001,1.713042802440355
sanm1301,otom1299,-0.2821497352839538,0.0530053350159422,0,-0.06791080061,1.9787947761843698
sanm1289,quec1387,0.7634872445869174,0.06494803932423374,0,0.42744368880575,1.9449220912192349
sanm1295,otom1299,-0.057802018753975296,0.06704397394291904,0,-0.011123060507475002,1.983139832845605
sant1410,aust1305,0.9031212498779674,0.04488264118727837,0,0.7427903132225,1.7146470947938202
sant1451,otom1299,0.06545155432240396,0.06408240312602444,0,0.0632548984235,1.9755131817358151
sant1436,otom1299,-0.34359621838188437,0.08698655999479991,0,-0.2409362055565,1.980459764966515
sanu1240,yano1268,-1.2701211544752586,0.07860786834046764,0,-1.0163490302375,2.060156968133115
sapo1253,aust1307,-0.9604817262066074,0.07108507786325502,0,-0.49277182205925,1.733538110690605
sapu1248,aust1305,-0.3745873430582264,0.054655098348326644,0,0.113122200724425,1.68637453733986
sara1321,cent2225,-2.3485800361982188,0.07849038970597946,0,-1.105646449289175,1.7520106896778551
sars1236,atha1245,-0.043235885394222906,0.06213333723951979,0,-0.46223760582350004,1.962141007259845
sasa1249,aust1307,-0.0159664930590945,0.0535621509439249,0,-0.46890785916322497,1.71842423861876
sata1237,aust1307,-1.285146373144106,0.06133851251981053,0,-0.81061151910175,1.728573172286785
saur1249,drav1251,0.8941254832556567,0.056864189648825926,0,1.08162714088,1.816994136268965
savo1255,savo1255,-0.41264397576412,0.06634684116736171,1,-0.96424063664225,2.03009205227398
saya1246,afro1255,-1.697035944680376,0.04634749525048756,0,0.09856444183325,1.7052724635625651
seda1262,aust1305,-0.01594748436502305,0.051465334191907595,0,0.38419281654375004,1.68936780916555
taro1264,aust1307,-0.3632679725339405,0.07356172824450194,0,-0.22636158939857498,1.79223416000416
seim1238,aust1307,-1.224385110932371,0.05500367341218935,0,-0.5925912615679749,1.75264170289938
seke1241,aust1307,-2.2781277438081906,0.054092255196980514,0,-0.7019035147225,1.75653909071649
sela1259,aust1307,-0.40599041944436,0.05397043166978545,0,-0.547328455756,1.76015646599754
sela1260,aust1307,0.7076411651589187,0.0752202520058201,0,0.17193007212960648,1.74497324422105
sele1249,atla1278,-1.8725406302515943,0.060502795941960986,0,-0.7989313572782499,1.745594099362475
sele1250,nucl1709,-1.0683156730243133,0.05900693218789299,0,0.13924665723175,1.81955037029833
selk1253,ural1272,0.24242242520772578,0.045856387378127576,0,0.413657232312,1.798305886311745
sema1265,aust1305,0.41815275912932737,0.049360729905305614,0,0.49720801190999997,1.70154200273921
seme1247,aust1305,0.5335067808282556,0.03913634055173661,0,0.500325897608925,1.69871269457739
sene1264,iroq1247,1.5179699732637277,0.07480799789285386,0,1.43895126353475,2.059802515300365
seng1281,aust1307,-1.7327984925169222,0.027457617060266514,0,-0.725547419615,1.761757274837355
sout1528,indo1319,0.26168880244325865,0.05545555287926801,0,1.1996427966973249,1.73128130872507
seri1257,seri1257,-0.5708942746690127,0.04110754525680392,1,-0.355322352278,2.0954599464202497
seve1240,algi1248,1.4591359558288948,0.08335321243368216,0,2.2315018629459997,2.0148989602215996
shab1252,shab1252,-0.41142658884989475,0.07960855078013476,1,1.571614229855045,2.2056115237281304
sham1280,atla1278,-0.32466664342481133,0.08143182777588759,0,0.1362829176925,1.682714306207795
shan1283,pano1259,0.39799453215992187,0.09405526886995214,0,0.696202805549675,1.9300901196079798
shaw1249,algi1248,1.8539559834715589,0.0948970912756319,0,2.1866356509014997,2.02103145945985
shee1238,hmon1336,0.0640181272022113,0.052729365096199014,0,0.24702609164325,1.7462613915920548
biao1253,taik1256,-1.082207272795366,0.07752008304176533,0,-1.43311644127125,1.77926941851828
shil1265,nilo1247,-0.9726480767912093,0.06133005821438344,0,0.413784027667,1.783351487620045
shix1238,sino1245,-0.4711319011524814,0.04620073894420812,0,-0.27775470309425,1.7181835502933152
shol1240,drav1251,1.7146470400297393,0.06733635117776378,0,1.64110574770925,1.79829652020344
shon1251,atla1278,-1.2691443932080824,0.04638174270781579,0,-0.057089086257500005,1.69360636451298
shor1247,turk1311,-1.1946206245239748,0.07900635968069511,0,-1.5349047810875,1.78435372555222
shos1248,utoa1244,-0.4884411158985048,0.0776638280458782,0,-1.32431830617175,1.9866180459454
shua1257,jiva1245,0.2163326887148499,0.06634224718118814,0,0.36515426987775,1.9970937355296998
shwe1236,aust1305,-0.6481906388294789,0.042015815527332766,0,-0.12609521048875,1.667254559194295
siam1242,siam1242,-1.4635706323416362,0.0645025759941639,1,-1.1668974102825,2.2245326463787203
siar1238,aust1307,-1.5367111292580815,0.07625583297956783,0,-0.6432097150325,1.7415285823723852
siaw1243,amto1249,-0.1368715532463182,0.06938307336527445,0,0.20278347963675,1.98624036913062
sich1238,sino1245,-0.5322650039497909,0.03775706525725591,0,-0.22088198026557498,1.704498616432065
sici1248,indo1319,0.6483906345336152,0.05760184838973599,0,0.11846184702025,1.7062163273954951
siee1239,aust1307,-2.0147059160489906,0.015320271162825312,0,-0.7397507290925001,1.7518977350502651
sier1250,otom1299,0.18792652386587144,0.07019752456100345,0,0.143385825455,1.98026577424867
sier1248,utoa1244,-1.3667866812427127,0.06934955834146495,0,-1.2612037544625,1.9513863492235402
sika1261,aust1307,-0.1756753592913894,0.05095466476546315,0,-0.26934542384075,1.7176744373787152
siks1238,algi1248,1.6863526890439218,0.10599235992286794,0,2.18224626655,2.018973099157625
sina1266,aust1307,-0.3161863798091608,0.06819349455871306,0,0.33906990520625,1.72563945860801
sioo1240,aust1307,-1.7054665110834442,0.032277040998570504,0,-0.8097256286800001,1.7499636794947802
sion1247,tuca1253,-0.0663215431061892,0.04437309733950143,0,0.11151228347625,1.9674189156606898
siri1274,tuca1253,-0.8326268406741038,0.059820867556264805,0,-0.00637191137,1.973245107737625
siri1273,tupi1275,-0.05250910207751775,0.05582531672662461,0,-0.09140028844025,1.95640774631099
siro1249,nucl1709,-0.8066762091988056,0.05952303864961765,0,-0.18880115297075,1.854954166133235
sisi1250,aust1307,-0.8112612328765498,0.05454796751783455,0,-0.63053701692675,1.74045843892267
situ1238,sino1245,0.3579785950904739,0.04966222631314989,0,0.07022819820205,1.7275405669181652
siwa1245,sout2948,-0.8883400945392663,0.06291640980967605,0,-1.021887104047,2.02178539095371
siwi1239,afro1255,0.3242646929664527,0.04601012483907538,0,0.9181243101427501,1.7526318839743849
siwu1238,atla1278,-1.8706300737486359,0.06021861679264056,0,-0.7975195151585,1.7360520530033199
skol1241,ural1272,0.40387175574366435,0.04045632269414424,0,0.49579308381160003,1.711869972166475
slov1268,indo1319,0.4339183862269246,0.06709243288709901,0,1.2592337106959999,1.743804574695245
sooo1254,aust1305,-0.1672415095692577,0.05934221212352073,0,0.24053184198400002,1.6887848202402451
sobe1238,aust1307,-0.7315552243551691,0.026891748457085203,0,-0.386538922755,1.7315714236974449
soch1239,otom1299,0.21924384417409198,0.05376462566064905,0,0.08899308634549999,1.976282013777955
soga1242,atla1278,-0.31156042320361477,0.0413000827344905,0,0.30978818704835,1.686172837573415
soni1259,mand1469,-2.051057607902096,0.08208598010636861,0,-1.74866433738675,1.988061728529995
sons1242,aust1307,-0.5841590981840705,0.05621956394554678,0,-0.73373085689225,1.724229613022535
sooo1256,kuli1252,-0.7428260471619414,0.05869740828605438,0,-0.566422039155,2.0313134561447
koon1244,atla1278,-1.1860567027558826,0.05664430584445376,0,-0.39360508630975,1.69017906512582
sout2859,aust1307,-2.2832390905405306,0.06068278615743166,0,-0.7149310713175,1.755781134826665
sout2976,utoa1244,-1.4732387396464304,0.06491658662356868,0,-0.9139892183343765,1.950560441216115
sout2996,ayma1253,0.799791857159458,0.07223798926509026,0,0.84635757797875,2.04596653151251
sout2730,sino1245,-0.8287400887521226,0.038293001586395384,0,-0.39707394127624995,1.7145882076773948
raro1241,aust1307,0.03570701040020954,0.024612171418824182,0,-0.32955143560074995,1.6891011348621299
sout2741,taik1256,-1.4024101659669528,0.08150652910750437,0,-1.4198430389649999,1.770686358104715
sout2826,krua1234,-1.336591667460013,0.08905044060371016,0,-0.6903157568675,1.75214982875712
sout3236,gumu1250,0.11947656049380835,0.07664369979302632,0,1.5650686917,2.0006420043645097
sout2956,haid1248,-0.21254443513314358,0.059746355331580965,0,0.48272808292075,2.06166388099835
kach1280,sino1245,-0.17785626580217734,0.046350406095829126,0,-0.22865752513675,1.69305854187653
sout2949,kiwa1251,0.14020579769658814,0.05503053256515612,0,-0.177130482825,1.912697243655505
sout2994,namb1299,-0.36972677150030786,0.0569196102884274,0,-0.25163471629199996,2.04778015420818
sout2649,indo1319,-0.8019989276356021,0.044351090851745927,0,0.12650984768725,1.74230386241033
sout2729,sino1245,-0.5517304954722633,0.03681898474020526,0,-0.32201630071025,1.71728452792443
sout2728,sino1245,0.23250365462435368,0.046457497728830226,0,-0.20932856477279999,1.71162452402335
sout2918,aust1307,-0.3007821851707496,0.06769380980283797,0,0.12428537384249999,1.7341504377099648
sout2985,miwo1274,0.5398099384900366,0.07625731827551209,0,0.92483292577125,2.051347857056985
sout2807,atla1278,-1.4463597604343967,0.05697671024561388,0,-0.0528240707065,1.67287539775418
sout2679,ural1272,-0.4227497024941108,0.041051045157361056,0,-0.08234666787775,1.719243457072805
sout2782,atla1278,-1.7412946527898212,0.08041618039999168,0,-0.31093025705275,1.76810125451452
sout2895,aust1307,-1.0029541001587368,0.019628391101936458,0,-0.59955235616275,1.760136327872455
sout2674,ural1272,0.39703636068549786,0.044945610761108076,0,0.5905331552261,1.71088316224926
sout2959,atha1245,-0.9630936967568758,0.06713969649727514,0,-0.522272436046,1.97321695613317
para1301,aust1305,-0.9230504604400838,0.05304106669193726,0,-0.1566261313775,1.6744578287836749
sout3261,nakh1245,0.1979119162468389,0.05003445301367197,0,0.174681732872,1.8387888211834449
sout2869,aust1307,-1.9157730891680795,0.061981402557759205,0,-0.8061235410605,1.74181665290691
stan1318,afro1255,0.3815687139441522,0.04348966786944329,0,1.317902959975,1.665491766996905
indo1316,aust1307,-0.12638852588777244,0.06067926461387393,0,-0.3741395679,1.6986718375924
stan1306,aust1307,-0.28272737135621084,0.0243985047417857,0,-0.37016923411,1.703589261695365
suab1238,sout3418,-0.43956154291532934,0.09272835761478095,0,0.288764746622,2.0160537048705702
suba1238,atla1278,-0.06482782906428265,0.06378096759838706,0,0.34480751071774995,1.690922328409095
suen1241,nucl1709,-0.7179934701371249,0.0718053133419777,0,0.19175203756874998,1.780950889948205
suku1272,afro1255,-0.9022193989550126,0.04639325741877209,0,0.4340850357016,1.69646230699414
sulk1246,sulk1246,-1.5490366877648412,0.10039338551307538,1,-0.699245031867,2.06060776073413
sund1252,aust1307,-0.14596537214661648,0.06828280186458986,0,-0.43087384810875,1.7282849652686698
mari1426,aust1307,-2.163637665865364,0.0484686226284519,0,-0.757417312313,1.76028617303312
supy1237,atla1278,-1.4710117627241615,0.06398508929980798,0,-1.09842239696275,1.74447473956276
surg1248,ural1272,-0.21055986407916583,0.05818829373310128,0,-0.087668206569,1.75436967285451
susu1250,mand1469,-1.81697971227043,0.0755820286640282,0,-1.7927164603675,1.9844722425157348
swah1253,atla1278,-0.2305723767936511,0.06794983733642387,0,0.247706424325,1.6875889832528
swed1254,indo1319,0.00568894821962835,0.043725885722221414,0,0.10780962166649999,1.72118127864091
taba1263,nort2923,-0.32372479405677823,0.06454933571888274,0,-0.011511241221749999,1.8608309494638249
tabo1241,tabo1241,-0.39025935239839044,0.07947024134850075,1,-0.988743838717,2.01523447983023
tafi1243,atla1278,-1.6237085983996387,0.07179750052798257,0,-0.80573126997925,1.74003821978656
taga1272,aust1307,-0.2171060245359871,0.06289160852263459,0,-0.030512046020625,1.714836801068945
taga1273,aust1307,-0.00283313865533685,0.054509018054136785,0,0.0512933639,1.729638088084395
taga1270,aust1307,-0.24060734760057945,0.07408847548336855,0,-0.0563668658105,1.724346151985805
tagi1241,sino1245,0.061655734225599904,0.03807366042266738,0,-0.31571698097004997,1.694665646144795
tagw1240,atla1278,-1.7484645480173422,0.06837531061694593,0,-1.0969333423249998,1.75652681143923
taha1241,afro1255,-0.5770612493559049,0.041132841723350584,0,0.7731624601792499,1.73358215655302
tahi1242,aust1307,-0.7496587523834162,0.04868471733895769,0,-0.452938409719,1.7104366682109249
taia1239,taia1239,-0.5689967889514428,0.0729761715556513,1,0.33478778376175,1.97598801323034
tain1253,anga1289,-1.0733873155219706,0.09779183256591548,0,-0.761306709780425,1.991624314727495
taji1246,aust1307,0.6122448768355084,0.0557189210045866,0,0.53454569687775,1.730844142724945
taki1248,aust1307,-1.3999191996553735,0.06354207534592228,0,-0.6948058664775001,1.743684329131805
taku1257,aust1307,-0.8553564939020855,0.05541247342283511,0,-0.3811818572775,1.7113727428318999
binu1244,aust1307,-0.16553864888447578,0.07285273445763181,0,-0.023711849235275,1.73046703240386
malo1243,aust1307,-2.2656243859940544,0.059103980633236415,0,-0.81273213314,1.756754151472615
tama1365,afro1255,-0.9838880304521684,0.04855942947778068,0,0.7853379210195,1.723940072185965
tamb1254,aust1307,-0.1061659906832547,0.07648107685229286,0,-0.045799306403750004,1.7231087034362451
tami1289,drav1251,1.659258637967295,0.05841981873634435,0,1.6882578708725,1.7893337764525201
tane1237,aust1307,-1.2432971965289554,0.049410849498580364,0,-0.6927425583925,1.74656358731661
tang1377,sino1245,-0.000426574370347,0.033605228891584155,0,-0.34290521103625,1.7044027579256351
tang1373,sino1245,0.26580169168235346,0.042353663983535524,0,0.04009154094425,1.70972811628317
tani1257,tuca1253,-0.9099000452462354,0.0678537919291589,0,-0.15760884027075,1.981101892504145
tari1256,araw1281,-0.13481643913233998,0.061691186522445464,0,0.2834271551505,1.9218095482172
tari1263,afro1255,0.5198361873613258,0.03683650720470919,0,1.1544253475635,1.7531833099138598
tata1257,aust1307,-0.10394131950487781,0.06768632403750255,0,-0.12460245826694999,1.72691995105268
taul1251,taul1250,-1.1528039109476453,0.1099940592150027,0,0.501723057913,2.0169298641038953
taus1253,taus1253,-0.4205323455489747,0.05991198037203254,1,-0.76809817049975,2.066254634201025
taus1251,aust1307,-0.40228792615210546,0.07515543511605505,0,-0.1195114136725,1.724074119226435
tauy1241,nucl1709,-0.5283861900432569,0.07015934234237858,0,-0.22498875115575,1.85766891173062
tawa1275,aust1307,-0.23439814853226484,0.0607946818535739,0,-0.26928173445750003,1.74099601682361
tawa1286,afro1255,-0.6967366706083997,0.045219658468885614,0,0.817427491395025,1.719253300134685
diga1241,sino1245,-0.06741717605561715,0.0437146721287237,0,-0.400874323262275,1.7330690297086448
taya1257,afro1255,-0.9557397830460594,0.0507701210920287,0,0.79095883375225,1.7149613184158201
tbol1240,aust1307,-0.4098009634731491,0.07480548080133113,0,-0.16419963160675,1.7443445469831098
tean1237,aust1307,-1.2235832447243984,0.042748919373593916,0,-0.67793486459675,1.7536947846831752
teda1241,saha1256,-1.6259518852626147,0.0590463260251513,0,0.01327287922693,1.8922182668075451
tega1236,rash1249,-1.2770239234551843,0.0706005057823205,0,-0.14468355212637501,2.109150839281895
tehu1242,chon1288,0.20275039943162065,0.056257124740416255,0,0.27337044176299996,2.067851575709085
tekt1235,maya1287,-1.9246892628541172,0.09250707334155181,0,-1.7199432973470001,2.056264062799925
tele1256,nucl1709,-0.24428161676960464,0.058351925998848954,0,-0.00856634755775,1.78356853041084
telu1262,drav1251,1.2667368122511764,0.08451932165858012,0,1.484007197120825,1.800308118227775
temo1245,otom1299,-0.41957502777976324,0.07769236184233352,0,-0.02857975205925,1.96038946024018
temp1235,aust1307,-0.21663087817254875,0.06475739812443754,0,-0.150906514996,1.72152166811031
teng1272,aust1307,0.1101285979225596,0.06587227761291456,0,0.30802102790999997,1.7563597063649552
tenn1246,surm1244,-0.1700696088825776,0.057821780498756636,0,1.2122406787075,1.83195036836715
teop1238,aust1307,-0.773457437283369,0.05768731805307617,0,-0.308615733135,1.72976585974402
tera1251,afro1255,-1.2850419501480332,0.044180625008615235,0,0.35718095602425,1.696891882987765
tere1278,sout2948,-0.8999323269745443,0.0650275356057697,0,-1.02475988113,2.01935113973303
tere1279,araw1281,-0.0089164723683602,0.06952492603394536,0,0.2296082139825,1.92106499489502
teri1250,chib1249,-2.3642050002978654,0.0949680486206473,0,-2.101944832097,2.03029847692338
term1237,aust1307,-0.01572260102785995,0.049147557231105254,0,-0.692097867212,1.7652567593950002
tern1247,nort2923,-0.4712181857783025,0.07337207353928069,0,-0.28164047856999996,1.88225163971645
tete1251,utoa1244,-1.6737943293923383,0.07986706767723314,0,-1.294167992128,1.957996866742145
tetu1245,aust1307,-0.5360789828204672,0.057615052039504414,0,-0.6616729889924999,1.7492800136564548
tezo1238,otom1299,-0.2870174796011386,0.07313506348549399,0,-0.28917039980975,1.982797455973375
thad1238,sino1245,0.083482880255058,0.03447034148508019,0,0.0072107652025,1.720282216523265
thai1261,taik1256,-1.607587609582605,0.09428274883471319,0,-1.544931693751225,1.78349500119959
thak1245,sino1245,0.2924767704294198,0.043112038541557644,0,0.51086944404175,1.714028485888965
than1259,sino1245,-0.1173489529461598,0.03378907585332377,0,-0.49524658964,1.72860759495171
thao1240,aust1307,-0.21297497776739735,0.06806409887338685,0,0.09264163847074999,1.802063660230825
aheu1239,aust1305,-0.10118718438909996,0.051817736538277544,0,0.42225506039575,1.694187945193875
thay1249,pama1250,0.772173974604827,0.1062380753837041,0,-1.9342254934724998,1.98668381309607
thul1246,sino1245,0.17064367925528806,0.03535812669528134,0,-0.04841230824,1.7200785232381648
tibe1272,sino1245,0.26800392980518273,0.03644223092121366,0,0.3260855678875,1.684035870321535
ticu1245,ticu1244,-1.028773467710704,0.07695209736112897,0,-0.5074670282238,2.068879409770885
tido1248,nort2923,-0.6229348609993979,0.07575506358938719,0,-0.2783425350425,1.89355876075309
tief1242,atla1278,-1.4551338901159454,0.055621143649344555,0,-0.376743764779,1.73396173870822
tief1244,atla1278,-1.4861246152271737,0.055725634950897905,0,-0.471113087709,1.722696099885245
tien1242,atla1278,-1.6622297593925603,0.06599383039029989,0,-0.54355758635925,1.6890217544491302
tiga1245,aust1307,-1.8828092774808134,0.061427753513267916,0,-0.64283526009025,1.74996122204375
tigo1236,atla1278,-2.197100213275786,0.061617669624806894,0,-1.0343773349025,1.74174449071654
tika1246,atla1278,-1.810484260123997,0.06208818256124216,0,-1.0674646671977501,1.7899535522486851
tiko1237,aust1307,-1.4965020715653186,0.07008692969369532,0,-0.45133349433475,1.7086475260293201
tilu1238,sino1245,0.4312975946093427,0.03428127948587157,0,0.053463921975,1.718316300152115
timn1235,atla1278,-0.8918921139948384,0.06200067391051672,0,-0.24332380065530002,1.7476724350389898
tina1248,aust1307,-0.40328805773333765,0.07911346781376162,0,0.07281001275999999,1.72200384033416
maee1241,aust1307,-2.2799238659282506,0.05942520336625495,0,-0.7499693681995,1.7535819385113451
tiri1258,aust1307,-1.2162281371556358,0.054233516411629656,0,-0.52177258568225,1.730288218536955
tita1241,aust1307,-1.7013794379650407,0.020085084554408272,0,-0.718588705505,1.75173446520323
tivv1240,atla1278,-2.124403346797028,0.05534056583612788,0,-0.8681932286630001,1.782455971757595
tiwi1244,tiwi1244,1.401061979647503,0.07675593866416222,1,-0.223272707565,2.06790266332663
toab1237,aust1307,-0.4502785781978209,0.04804778766777771,0,-0.573179648782,1.7447425082100452
toba1268,leng1261,-0.07177050717130334,0.07061925227610585,0,0.24176972838965,2.07234025370393
tobe1252,nort2923,-0.30176364591787386,0.06723333630194119,0,0.090479007044625,1.8756080876865449
toho1245,utoa1244,-0.6004751212917989,0.07329151566797336,0,-0.865191820979475,1.9449994879037251
tojo1241,maya1287,-2.1139961407824384,0.08565241049972132,0,-1.7000979256800002,2.0528880541988253
toke1240,aust1307,0.28471314265878667,0.04351461587217108,0,-0.17689435721257502,1.694156890875375
toll1241,jica1245,-1.7102393623970962,0.06381962210168911,0,-0.77843614603975,2.071474844682135
toma1245,mand1469,-1.608239250764203,0.07102790136911585,0,-1.8034729878125,1.978357829595895
tomm1242,dogo1299,-1.4242134986192663,0.09886606444263155,0,0.50583777983985,2.0175514694466
tond1249,song1307,-1.5081118185095144,0.0680432061853449,0,-0.5364577846835,1.886974670685765
tong1325,aust1307,0.1567330620905707,0.049951998505641124,0,-0.303731510291,1.7131818749065002
tora1259,aust1307,-0.8692468798762389,0.0261336607522082,0,-0.6628867718925,1.7267908397334848
toto1302,sino1245,0.0582504267179518,0.0462259389389699,0,-0.43229411444425003,1.720364236918185
trin1274,araw1281,0.41664418028236794,0.07492826329506137,0,0.255299166227625,1.9193194218228649
trio1238,cari1283,-0.568755488662854,0.06805577795184148,0,-0.36207953484525,1.971059709312265
trum1247,trum1247,-0.0845028788466872,0.06905617848475472,1,0.28460615722475,2.0803589799786453
colo1256,barb1265,-0.7938149736442581,0.06702914828982454,0,-1.08312214490975,2.0447663951307
tsat1238,aust1307,-0.8302544372106275,0.0689192302211111,0,-0.5343259752734999,1.69736893575546
dido1241,nakh1245,0.21561214100580225,0.07517867812683811,0,0.049129725463175,1.81080836451796
tsha1245,sino1245,0.3984199967270941,0.02832804629349198,0,0.310483055389,1.704688548611225
tsix1234,khoe1240,-0.426975983662425,0.07628586398163356,0,1.8390478193625,2.040330857707485
tson1249,atla1278,-1.580587135161962,0.060202346546926244,0,-0.0092501047205,1.680101903859415
tsou1248,aust1307,-0.4087512307185422,0.07474700760207277,0,-0.46158100768575,1.7847094759118498
tswa1255,atla1278,-1.2588344031019707,0.06382945669183923,0,-0.011875709519000001,1.68294322836983
tswa1253,atla1278,-1.5202839774528671,0.053937541002046584,0,-0.043024950953,1.666728563006005
tuca1252,tuca1253,-0.7598966005111718,0.0654888500478441,0,-0.2201613070285,1.980067409221205
tuge1241,nilo1247,0.33823635868202917,0.05470214849039648,0,0.6177393593189999,1.794570159821975
tugu1245,aust1307,-0.6519192592302805,0.05304851926798189,0,-0.693651209076975,1.7560642642115099
tuka1248,aust1307,0.35120711278464206,0.06825568811749845,0,0.48393330480700003,1.7458123693627
tuki1240,atla1278,-1.383894224899363,0.05294727445490947,0,0.00922728867175,1.7420094892200049
tulu1258,drav1251,1.778528765617867,0.0701256015481521,0,1.5783713168050002,1.802143080174115
nene1249,ural1272,0.3932514519811037,0.05101323217352051,0,0.372883116908725,1.793949971975725
tune1261,atla1278,-1.4751385725443131,0.04786324172317849,0,-0.1134763995752,1.732490008176045
tung1290,aust1307,-1.8319441137096224,0.013659265887325802,0,-0.65916920512155,1.7581216180909
turk1303,turk1311,-0.8588664119917468,0.07316740090965425,0,-1.50225378595125,1.795905251015835
nucl1301,turk1311,-0.4056051952275044,0.07941934893922002,0,-1.42149694750975,1.78397606226191
turk1304,turk1311,-1.3737082017226436,0.08046137588400339,0,-1.48884901796825,1.79945237887871
tusc1257,iroq1247,1.5154111756826598,0.06519901811571502,0,1.4506533589783,2.0548107262248347
tutu1241,aust1307,-2.2591466193707648,0.050557641674786616,0,-0.81144422432,1.7544835138950652
tuva1244,aust1307,0.0860001690817461,0.044647407337616137,0,-0.20644371454975,1.689804383623845
tuwa1243,aust1307,-0.795287566310962,0.0759885936108297,0,-0.23202184529324998,1.724257324334865
tuwu1238,atla1278,-1.7224766432538612,0.07099660719181564,0,-0.7980437605965001,1.7397124483469701
uuuu1243,aust1305,-0.9456968307119602,0.037804112604538156,0,-0.11932249083125,1.67415853557939
udih1248,tung1282,0.7062830022176594,0.056755377903155,0,1.274268045822225,1.8449178329273548
uduk1239,koma1264,0.087787572579308,0.08340535280470307,0,1.39810927693,2.0461325246277102
ugon1239,sino1245,-0.3026875038112897,0.04158819809164256,0,-0.14304121393699998,1.709302511394195
ukra1253,indo1319,0.6655336056196759,0.044786485303317365,0,1.366445927655,1.751878767651555
ulch1241,tung1282,0.7871189884441172,0.05212218936602812,0,1.33985540150125,1.847963385002645
ulit1238,aust1307,-1.2606368248399953,0.033769731599781444,0,-0.77764075001525,1.719147497898535
ulwa1239,misu1242,-1.9260784078484319,0.05767117788378924,0,-1.07896799825925,2.074489834334555
yaul1241,kera1258,-0.9754972425695854,0.10295690552952964,0,-0.7865576393075,2.003636679701645
umaa1242,aust1307,0.6205077200091254,0.07519968951655422,0,0.19120901974249999,1.734581944571455
uman1240,daga1274,-0.35650539896507727,0.11054708458362808,0,-0.98530954092725,2.025258345729355
umbu1258,nucl1709,-0.04738900967242645,0.07152282060755934,0,0.5232802342673,1.80981705983934
umes1235,ural1272,0.4517559300293478,0.041043392356200456,0,0.59093029809725,1.7031198052428098
unaa1239,nucl1709,-0.224345102865704,0.052586742305012465,0,0.2204119974275,1.798413685207565
unea1237,aust1307,-1.7182781924583224,0.07211353658097534,0,-0.28357937184250004,1.754347834868635
unua1237,aust1307,-2.325162138651875,0.06171139243682611,0,-0.69523181325425,1.7524305811979
uppe1427,aust1307,-0.22868131301937175,0.06765370728780683,0,-0.09833407314975,1.719128257365365
uppe1275,toto1251,-0.9049586150094138,0.053848035959522346,0,-0.57012732505675,2.013463044946035
urak1238,aust1307,-0.5186813286832683,0.05389468659261482,0,-0.38716550718075,1.7012553168926199
urar1246,urar1246,-0.3835557270665428,0.0809227110565903,1,-0.73793149789475,2.07888047360778
urav1235,aust1307,-2.0367616104720563,0.0653711928186644,0,-0.73954512474275,1.746677836337195
urim1252,nucl1708,-0.4945472879387317,0.11757107692886476,0,-0.44900056830375,1.88205684427656
urip1239,aust1307,-2.145678090590421,0.06885935148837435,0,-0.49749328289,1.7554281176907551
usan1239,nucl1709,-0.6415943366632031,0.06308119715076796,0,-0.24203982336899998,1.858468377635615
utes1238,utoa1244,-0.1294915786207409,0.07264535459022593,0,-1.1434185827815,1.9758265083007651
kagf1238,atla1278,-1.98016855937734,0.05083056971447678,0,-1.04984773033675,1.766923941114035
pile1238,aust1307,-0.647010665098124,0.06270111011974754,0,-0.45839845944825,1.7125357736070699
veps1250,ural1272,-0.26761560922242333,0.04914956600057839,0,-0.17788878194524999,1.69528442130572
vera1241,aust1307,-1.9423859957785687,0.062042432016519565,0,-0.826692098612,1.749580766309855
viem1243,atla1278,-1.8286071514399138,0.09079068509315018,0,-0.4321343163045,1.71547850256756
voti1245,ural1272,-0.6579901480186083,0.028731563376299375,0,-0.18211728375725,1.70680787114578
vunj1238,atla1278,-0.3335028913739517,0.060470283041963946,0,0.1271414904003025,1.70011574604167
vure1239,aust1307,-1.9439552446714345,0.05849430652102778,0,-0.81138685743525,1.75712053628479
vwan1235,atla1278,-0.44400186895229676,0.062400021917142647,0,-0.07205112413340001,1.679552106775985
wadj1254,wadj1254,1.7268941693197442,0.09250470467292156,1,-0.24009895582750002,2.034829173129145
wage1238,wage1238,1.8398951995290884,0.044120667294365916,1,-0.2270371202095,2.02685625492297
waig1244,aust1307,-1.145339710347562,0.055848159127160825,0,-0.70215982414275,1.7627479402867698
waim1251,aust1307,-0.6811961548677257,0.061076175351544734,0,0.32260981691199997,1.73196511968356
waim1253,cari1283,-0.9662968963380429,0.05755658265969469,0,-0.37775633412175,1.979560020651995
waiw1244,cari1283,-0.6362281266600343,0.06168710337000461,0,-0.26321196313999995,1.971150236791125
waja1257,pama1250,-0.0802486877196667,0.08697946532994034,0,-2.253195136545,1.9970579982879
waka1274,pama1250,-0.4161467370050185,0.0786405514416547,0,-2.3637956021099997,2.02777747471438
wala1266,aust1307,-0.45570923843137257,0.03218878322650867,0,-0.59478769233605,1.7424390605055948
walm1241,pama1250,0.9912488153945636,0.09184201069461839,0,-1.87888239799675,1.9756850180006151
wamb1258,mirn1241,2.1828127676465727,0.07984696293013174,0,0.007336659934999999,2.0097352808960247
wamb1259,nucl1709,-0.3739295883032505,0.026596848602270292,0,-0.0338355456169,1.791613823541795
wamb1257,sino1245,0.4445999245756699,0.04572274472366555,0,0.054723357593250005,1.720354380087685
wann1242,mand1469,-2.0345170988555905,0.06401375098024067,0,-1.737663558205575,2.00333625892458
wand1278,afro1255,-0.8864732872136756,0.0491048517182496,0,0.41274562810375004,1.68251477426957
wand1267,aust1307,-1.2177245891820507,0.04804858225385257,0,-0.7357428103685,1.756948024166785
wanm1242,pama1250,0.18401884914768646,0.07877595577606522,0,-2.3691681743424997,1.9936026093675299
saka1289,aust1307,-2.1671198114696137,0.04932567788137818,0,-0.8153420373935,1.75143957830421
waor1240,waor1240,-0.44710602108722824,0.054423724727269314,1,-0.7328634817699999,2.0745308833428897
wapi1253,araw1281,-0.47348618414384025,0.08413530359341453,0,0.2191050678385,1.943751916639435
wara1303,wara1303,-0.884059965587716,0.0653035504886381,1,-0.591311027760295,2.095480633801635
wara1300,aust1307,-0.3922649442766772,0.07275722431560336,0,-0.086967481546,1.71428023465209
ward1246,yang1287,2.0809937194014037,0.1097516397001126,0,-0.2205245591275,2.0314250941026204
ware1255,araw1281,-0.2115625674180859,0.07977473734626199,0,0.1600944914025,1.92693896529883
ware1253,aust1307,-1.0831719598120233,0.058345070231791946,0,-0.7218256836679999,1.764364852530645
wari1268,chap1271,-0.74461644628708,0.07145755205887244,0,-0.48131632187100004,2.071931172210105
warj1242,aust1305,0.126690664414954,0.042275191488545916,0,0.0295762520456,1.67895743467641
warl1254,pama1250,1.0461688652768717,0.09760302101643833,0,-1.89677627706225,1.9735854711034349
warl1256,pama1250,0.7882254186878517,0.11050941834594837,0,-1.88646592126975,1.99327944989927
waro1242,aust1307,-1.14572832893854,0.06366989717637418,0,-0.7104422721804999,1.7599795617527652
warr1255,pama1250,0.548376799938578,0.08784509796467942,0,-2.17097622002575,1.99473701543589
waru1265,pama1250,1.0685051879082632,0.12639784315029692,0,-1.93017207631375,1.975437725904585
wash1253,wash1253,-0.1486096858731668,0.05284258058506064,1,-0.40461610387675,2.089867225465775
wask1241,nucl1709,-0.8659574513916393,0.061751933003593544,0,-0.192198046036,1.858685671121465
waur1244,araw1281,0.2689772621128011,0.07167070606957593,0,0.36538682492999996,1.94582420947848
wawa1246,atla1278,-2.0496221321685066,0.04945778952179812,0,-1.0485318125575,1.784001302824405
waya1269,cari1283,-0.2916106163196638,0.057644649820675735,0,-0.14999359922625,1.958926169360805
wayu1241,sino1245,0.39848866196411,0.04213735663700257,0,0.10639286108675,1.723925970723105
wayu1243,araw1281,-0.47666860076448114,0.07313301542938563,0,0.506191663471,1.936381624390065
weda1241,aust1307,-0.14575859234122418,0.028691663313848176,0,-0.15391501843424998,1.72952281578233
wels1247,indo1319,0.31033976326815554,0.040687588317801275,0,0.8120178686442501,1.7774581081701
weri1253,kuni1270,-1.3044260161207906,0.07283229842010441,0,-1.1409763438449998,1.981062019443455
west2564,aust1307,-0.014925995407469899,0.07543143551601732,0,-0.18093302351075,1.737573575559065
west2560,aust1307,-0.0415227560065792,0.05188851716106456,0,0.2219834838705,1.73490843373193
west2548,aust1307,-0.4077003088513741,0.057036338098328594,0,-0.22394591689775,1.745269559864165
west2615,atha1245,-0.23281772660873784,0.06428661955440146,0,-0.21602471654,1.987855506805075
west2397,aust1305,-0.11792519590478359,0.03308887374458981,0,0.263438241624,1.6857557747838352
west2555,aust1307,-0.26403198469499023,0.08583068118614438,0,-0.186729417134,1.72333049459424
west2650,aust1307,-0.8297619572128137,0.06657493629738712,0,-0.53879247933965,1.7023033862764452
west2594,nucl1709,-0.069291535180466,0.061650970372410255,0,0.54078258764525,1.80575309324189
west2778,utoa1244,-1.5184324487939527,0.06845619773424035,0,-1.29360159956145,1.95673727058771
west2369,indo1319,-0.516306630396713,0.04847012923972516,0,0.0774019332845,1.734911490684825
west2519,aust1307,-0.028273325544490552,0.04915188407212671,0,-0.366080415593,1.7292544762907
west2354,indo1319,-0.2562668225517176,0.04185010697660283,0,0.029664860733249997,1.7316791547965
west2624,utoa1244,-1.2253036812390745,0.07922719386975682,0,-1.0644952589295,1.948074214059965
west2466,atla1278,-1.4371801630343413,0.07319573457579004,0,-1.0994280565452499,1.7476399200498451
west2632,kere1287,0.2866099464388874,0.07050783037848074,0,0.5467826605325,2.081149138370235
west2396,aust1305,-1.0945214292982588,0.03600791634692807,0,-0.1571541146468,1.672991862798145
west2418,sino1245,0.2705614467795209,0.0334707992485342,0,-0.19921638146475001,1.71664059492671
west2763,afro1255,1.1161155504177958,0.04954503634243877,0,1.77288378221475,1.7330290008849252
west2415,sino1245,0.14507499282169525,0.03035862628115543,0,0.5105694171692501,1.716925676177735
sanj1284,otom1299,0.16131368581358652,0.06461880813170465,0,0.07340456201500001,1.97176029920204
west2430,hmon1336,-0.3628629490079836,0.055186030886973804,0,0.23740464212040002,1.7536753274840402
west2599,nucl1709,-0.1888341401828676,0.081519412691341,0,0.242081496256,1.798594451787805
west2600,nort2923,-0.5524566440612564,0.0633950762256596,0,-0.30518075224874996,1.9033848835685498
west2516,aust1307,-1.6775247125083168,0.016710711429325318,0,-0.4499418618675,1.71451121836682
whit1269,aust1307,-1.9260674193087677,0.060937685841435205,0,-0.815281177910625,1.7473518801315548
wikm1247,pama1250,0.5063810492907961,0.08661869408265041,0,-2.1449124291775,1.9983218025110152
wiru1244,wiru1244,-0.19540404605705086,0.0856639165131892,1,0.1788906347875,1.97434748222384
babi1235,atha1245,-0.9261384791426138,0.06217772978643611,0,-0.45866275626889996,1.983507701902
woii1237,aust1307,-1.3010347019754327,0.061618183911189284,0,-0.7403542848125,1.757711672151465
wola1253,afro1255,-0.3551631120479787,0.05174020763123383,0,1.1871326361725,1.74897479444673
wola1242,gong1255,-1.2438538753916566,0.06355086107173462,0,-0.44354812420925,1.7954961320725449
wole1240,aust1307,-1.320420186231363,0.05414913335183609,0,-0.800892356527,1.7257469609036051
woli1241,aust1307,0.5973390798627194,0.0553624308977589,0,0.43661227333425,1.7248447378124498
nucl1347,atla1278,-1.892575298966427,0.03930457944082837,0,-0.82079364328825,1.777936243895815
wood1236,algi1248,1.1839445381462594,0.0912695932486235,0,2.2281097756925,2.0275984898082298
wotu1240,aust1307,0.7415329768617713,0.06347145539588392,0,0.44829547367675,1.73503261119427
woun1238,choc1280,-2.0147587783728094,0.04499065380898787,0,-1.3105182189655,2.05617375755258
wuch1236,sino1245,0.4082380217737852,0.03766034288446172,0,0.21007687938949998,1.7186120641857952
wudi1238,sino1245,-0.5962183441037847,0.03397258066673297,0,-0.2269291088,1.701116493661155
wuna1249,worr1236,1.7850014355583528,0.1264418585547607,0,-0.04821956156875,2.00277817389548
wusa1235,sino1245,-0.5871873251904857,0.03318291146182273,0,-0.232335297585,1.699706524419455
wutu1241,sino1245,0.5318319601342236,0.051831030336558406,0,0.13112378324475,1.716164751981685
wuvu1239,aust1307,-0.7624211725131893,0.06394808415585443,0,-0.37933056555575,1.74753382505953
xamt1239,afro1255,-0.17010026168955916,0.03861632942656034,0,1.2188758745753,1.684317882568585
xara1244,aust1307,-1.3936060132182546,0.061259724336169885,0,-0.5989062131238749,1.743471057400245
xava1240,nucl1710,-1.113820853103606,0.08328194605092096,0,-1.4910043152267498,2.04418393813184
xhos1239,atla1278,-0.6367510372170654,0.057446703918169605,0,0.06180736266725,1.6885755573263599
xish1235,sino1245,-0.12954337058117005,0.06033618548630153,0,0.17306906262,1.7068280535293
xokl1240,nucl1710,-1.3757918713647748,0.07652834124594889,0,-1.50819175036775,2.033971949222015
yaak1241,afro1255,0.7116326381470146,0.05531009212153622,0,1.4599774294925,1.69603976786784
yabe1254,aust1307,-1.632803974203628,0.06842731655907536,0,-0.633615761495,1.744390177323045
yaey1239,japo1237,0.5682160640764402,0.03564050084363203,0,0.49934980277885,1.848443674545945
yaga1260,nucl1709,-0.3166961608704332,0.07729368416234479,0,0.57508175387375,1.804157996165775
yagu1244,peba1241,-0.818838283108765,0.06527529604317452,0,-0.6533930077122501,2.08661547479714
yaka1272,atla1278,-2.5314221075538104,0.048281779260998345,0,-0.5872070060558501,1.692079420241975
yaka1277,aust1307,-0.21846318360674735,0.06545343345365769,0,-0.01335902147025,1.73785544578307
yakk1236,sino1245,0.2953066108771035,0.03626640648091477,0,0.29871570941750003,1.732801566118165
yako1252,atla1278,-2.6471491629449124,0.0766555103284817,0,-1.2107560061834999,1.7150256412756648
yale1246,yale1246,-0.6139510888799911,0.06638368468740372,1,-0.8633102102095,2.005199487120605
yama1264,yama1264,-0.7396970422083032,0.05806396017456313,1,-0.61535414327925,2.1246409485545
yami1254,aust1307,-0.20904485134516576,0.06563926534699278,0,0.09370066393725,1.7180351459988898
yami1256,pano1259,0.4986027570898778,0.0868955516507709,0,0.7307560876947501,1.932173245308775
yand1253,pama1250,0.0156370126004566,0.10229097707110395,0,-2.1438876556075,2.004265945641595
yane1238,araw1281,1.1577451767841567,0.06893994369079941,0,0.48938437306575,1.96642059533285
yank1247,pama1250,-0.31532388650576626,0.09807491677553178,0,-2.48457851860175,2.0150959476732
yano1262,yano1268,-1.4221748994275045,0.07374816634891045,0,-1.0500741012077501,2.04376859116722
yano1261,yano1268,-1.2595142291841102,0.07555263596768182,0,-1.0506167314855,2.04461434385072
yany1243,pama1250,1.4712305697945234,0.11403379349661145,0,-1.87738547953,1.99415279351805
yaoo1241,atla1278,-0.48079812013544776,0.06867553861521586,0,0.13642838941274998,1.7079715176139
yape1248,aust1307,-1.2793114384046347,0.06482391448383062,0,-0.6285002083,1.744988216652855
yaqu1251,utoa1244,-1.027718324951043,0.04272813434937366,0,-1.11528893284025,1.9532796924315101
yare1248,yare1250,-0.595494798382515,0.07764066560136915,0,-0.8820377886388,2.027024709155385
yatz1235,otom1299,0.21525350868194404,0.060264361939632756,0,0.16412272226000002,1.98253848696531
yaum1237,nucl1709,-0.8364205253241329,0.07161285564233832,0,0.4855637843935,1.803478660900255
nucl1454,yawa1259,-1.111285584331812,0.039856978067212674,0,-0.8059617093305,2.03206688780682
yawa1261,araw1281,0.0901519693005054,0.06451665618028732,0,0.26452822034175,1.95172716754265
yawu1244,nyul1248,1.5940826439786466,0.11403596566162387,0,0.02251133069625,2.02415288336285
yecu1235,toto1251,-0.6271582135113439,0.0770383752505266,0,-0.38316508215364997,2.0154312722506296
maqu1238,cari1283,-0.8911434205615093,0.04821074270491712,0,-0.2970532651525,1.96260743857317
yele1255,yele1255,0.33976247742063126,0.09485325501478685,1,0.0578273839225,1.996254946323915
yems1235,gong1255,-1.3788197985774682,0.05700610980533633,0,-0.591183190257,1.8127213873309649
yapu1240,nucl1708,-0.6946742820802382,0.09441800098660641,0,-0.80368058417,1.902402048921945
yess1239,sepi1257,-0.48996679580340674,0.11829038724391366,0,-0.72648165917675,1.902129810270615
yidi1250,pama1250,0.4047902944659231,0.09498410403441056,0,-1.933978300505,1.99233795832927
yima1243,lowe1423,-0.22085154546975783,0.06925434617863269,0,-0.00694809705,1.95188343821189
yind1247,pama1250,0.5800627242415345,0.10582388281337043,0,-1.94524732519625,1.9688344656929901
yine1238,araw1281,0.8953172706387578,0.07396439088682161,0,0.334095386085,1.931310904853495
yoga1237,aust1307,-0.6838953369086835,0.08225611677998122,0,-0.19772857344025,1.736830531542335
yona1241,japo1237,0.6484842775102131,0.038700825503787624,0,0.5294039936957999,1.853942646750565
yong1276,taik1256,-1.4420667238959242,0.07731292705481381,0,-1.4844736075238498,1.78732834590031
yong1280,nucl1709,-0.2512919757434252,0.061619134360722534,0,-0.0005703267072499994,1.7907827321667948
yora1241,pano1259,0.713071241402242,0.09193182767107147,0,0.72727702450325,1.928637972408775
youl1235,sino1245,-0.5767656037080933,0.046071764702347764,0,0.0849962493075,1.703521557326805
youn1235,hmon1336,0.23285151345206376,0.04686328782091879,0,0.5143185612955,1.761995109713745
yuca1254,maya1287,-1.945190341437101,0.08930154306356691,0,-1.74203098059695,2.047707527250845
yuch1247,yuch1247,0.7608513317297361,0.03817654239729464,1,0.568250532721575,2.08539409452353
yucu1253,araw1281,-0.5589969551498187,0.06707164483049448,0,0.20552976599787498,1.9253449672081748
yuec1235,sino1245,-0.03769198464785225,0.03818727854712817,0,0.21367422870325,1.71917993764768
yulp1239,pama1250,0.7711334306460537,0.0942801417043373,0,-2.1714875722465,1.988213141136585
yulu1243,cent2225,-2.6438131491857257,0.07178018032282876,0,-1.062613128985,1.756338867275695
yura1255,yura1255,0.34565818794015,0.051357304947861046,1,0.28802739268375,2.065234900820365
gami1243,pama1250,-0.4011921272504886,0.09065236183084359,0,-2.2284997491825,2.008966269366095
zaba1237,aust1307,-0.5670025165513224,0.053081248469186146,0,-0.64461083637525,1.734009308106005
zaca1241,utoa1244,-1.5256836445959974,0.0732581800389832,0,-1.2533029985052502,1.94844070178088
zaiw1241,sino1245,-0.7985681716040032,0.05554571692360681,0,0.037668176585,1.7102252267208748
zand1248,atla1278,-2.167134795248735,0.06565350707542975,0,-1.20268886258675,1.7186389689860402
zani1235,otom1299,-0.16018616747801095,0.07371582150015873,0,-0.1383492992775,1.980604512568085
zapa1253,zapa1251,-0.24926326359837736,0.05810326774134649,0,-0.37350476352725,2.059679198501365
zarm1239,song1307,-1.1781099920559486,0.05831390572272853,0,-0.49120528816275,1.88184920121179
zays1235,gong1255,-1.1535327196217102,0.08392668313434351,0,-0.31216463165175,1.8040393421872398
zhab1238,sino1245,-0.1194566966916975,0.030674586656353618,0,-0.32582846916999997,1.71044927060481
nort2795,atla1278,-1.1901644981671144,0.07080989322705095,0,0.0137411295055,1.6857632497116302
zoog1238,otom1299,0.216531595440522,0.08547871874846999,0,0.160276750969225,1.976115858501905
zulg1242,afro1255,-1.0800433463112487,0.04961661430834958,0,0.20275833744139998,1.6813505463606448
zuni1245,zuni1245,-0.19268017708162474,0.061394286004358624,1,-0.17438939795675001,2.07752991326032
