Glottocode,Family_ID,GPGLMM_3D_Mean,GPGLMM_3D_SE,Isolate_Flag,Verkerk_BRMS_Mean,Verkerk_BRMS_SE
abau1245,sepi1257,3.6533051795740183,0.05230946986901747,0,3.2813616942449997,2.4838213535616847
abee1242,atla1278,-1.4470287795126762,0.028767461783105068,0,-2.90553249842625,2.1499701868880052
abkh1244,abkh1242,3.887793606151452,0.021209337924352648,0,0.78575939310525,2.5901221373483647
abua1245,nucl1708,-0.13045268264999935,0.04328641873339421,0,0.08376186556187501,2.32220697008928
abui1241,timo1261,2.0867571429753085,0.04183733249784415,0,3.3985624975745,2.52012000862458
abun1252,abun1252,-0.7678790586644315,0.01777610473050698,1,1.54264047902875,2.4668529931568752
achi1257,aust1307,-0.02529850403599075,0.024324528012714737,0,-1.0681911414450749,2.050155588149535
acha1250,araw1281,0.5208527321562066,0.025152210204139717,0,-0.68174600899,2.15480442120083
ache1245,narr1279,-1.803807823101561,0.02223905945593997,0,-0.8844311060572501,2.521983055360815
achi1256,maya1287,-2.77436901892069,0.024074022454841023,0,-1.499834115295,2.35357283068734
achu1248,jiva1245,2.1231069897971,0.033755855507382915,0,1.22305568455425,2.35299257678087
acol1236,nilo1247,-0.3275517821277093,0.028937685472714327,0,-0.5737731854829999,2.23291655377973
adan1251,timo1261,2.106261970616899,0.04369948241630118,0,3.41295905512,2.52344104878253
adon1237,aust1307,-0.6562132524265445,0.029453850740009457,0,-1.22831292381772,2.077011332008375
adze1240,aust1307,-0.7454317214226386,0.028126170619187277,0,-1.437092758935,2.0631530925808352
aeky1238,kamu1264,3.639317940971071,0.03738196999190703,0,2.76591221998025,2.54578906346437
afar1241,afro1255,2.0637518664297536,0.03227694272527443,0,0.77590634592025,2.1280089721675948
aghu1255,nucl1709,5.33449058437091,0.0341230286156506,0,4.2409185838550005,2.44889629075271
agob1244,paho1240,4.042648425796321,0.04806393208175315,0,2.67416161691375,2.54672906246486
agut1237,aust1307,0.18845083838218357,0.017916710974639437,0,-0.6124598914592501,2.0763327996276546
aime1238,bosa1245,3.787034952440618,0.05068846993417368,0,2.78955436941425,2.53809649902349
musa1266,nucl1709,4.739965964584808,0.05839716631275217,0,3.9559918081075,2.521934297243055
aito1238,taik1256,-1.3971820472415977,0.043875291080924826,0,-3.075381970175,2.23887655592986
ayiw1239,aust1307,-0.5186605298394652,0.0211377553896996,0,-0.8129565439837501,2.06204020167584
ajas1235,kres1240,-1.714616300036375,0.030611346178285526,0,-1.2295245912075,2.581536492974945
west2635,maya1287,-2.9975650840122006,0.04111312405495763,0,-1.477731298888,2.374309157056345
akei1237,aust1307,-2.713439497416073,0.022698768596424147,0,-1.398921532039,2.04938908525186
akha1245,sino1245,2.5726752261781822,0.011822680801407767,0,1.4887097145855,2.19508001528468
akoo1248,atla1278,-1.381662880404115,0.025762728895493824,0,-2.282049398472,2.11100739312065
akun1241,tupi1275,1.6202874444363506,0.02354135036813497,0,0.4595372712285,2.27513997682447
alab1254,afro1255,2.0802972476501136,0.02935660151790372,0,0.8694350917375,2.13450015071442
alab1237,musk1252,3.3615438185215956,0.03855251530164851,0,1.1494842002899999,2.407412677478905
alac1244,otom1299,-0.7400157094108707,0.02289332120320231,0,0.282919687769,2.2537760472578547
alag1248,afro1255,0.8710803010257301,0.015724679566164555,0,0.9398040201219999,2.148341216161985
alam1246,sepi1257,3.8436716916688134,0.06442114914051897,0,3.236029375067,2.51181226589887
aleu1260,eski1264,3.423453419215514,0.03885347083522025,0,1.48250011953,2.4586828346276
alor1247,aust1307,-0.8536053500309104,0.028256641349816265,0,-1.2303581287725,2.065027673146505
amah1246,pano1259,3.9536646175180126,0.04248059296276984,0,1.7750731540865,2.346293022611465
amam1246,kuni1270,3.0530981151372205,0.03962359541994934,0,2.8676123444275,2.500277837290235
amap1240,left1242,3.198162281750098,0.048550101741769255,0,2.9360320608225,2.5246303319105596
amar1272,aust1307,-2.251568961326007,0.026016210853290502,0,-1.2758198521925,2.0606178359881397
ambu1247,nduu1242,3.199687373173143,0.06306977071996082,0,2.9176882563374997,2.47656131735041
amdo1237,sino1245,3.2142102893878453,0.022147937528004855,0,1.43325318613165,2.212613542816645
amha1245,afro1255,2.314373126664587,0.02506986809116261,0,0.8014002631167501,2.2477302948257654
amii1238,west2434,3.949360707837241,0.056693257273006906,0,2.71572080712115,2.561728163164465
amis1246,aust1307,0.18269700092983648,0.028869352401546384,0,-1.3488408394005,2.1404967050540797
hoaa1235,kxaa1236,-0.3973281371442374,0.01846544737402448,0,-1.148120566615,2.69284096749498
gily1242,nivk1234,3.455419982346542,0.0202771325333118,0,2.04323885474,3.200996646422695
anei1239,aust1307,-1.3767167054379428,0.022056217191594587,0,-1.4423860052675002,2.06428072403276
anem1249,anem1249,-1.0455148127177794,0.018593373389763513,1,1.6430308048455,2.408777034343515
anfi1235,gong1255,3.0538333421207393,0.03586148293311586,0,1.869794689227,2.47780587239872
anga1288,sino1245,3.539776615121011,0.017211578955614704,0,1.344334836535925,2.227588536450515
ango1257,chib1249,2.133414912340732,0.023584130171156403,0,0.9160373412182501,2.24846099702336
wara1294,more1255,4.075475459646053,0.034678880984729085,0,2.705990944745,2.524073082609875
anuu1241,sino1245,2.1018465821985917,0.02610805193890215,0,0.49964828006850004,2.15806333688972
aona1235,sino1245,3.579775085492013,0.012398885066507631,0,1.355598711933,2.22675450978391
aoua1234,taik1256,-3.3776986811317675,0.035562889484428206,0,-2.7080138079325,2.273941132356425
apat1240,sino1245,3.741735782321243,0.009713019445835313,0,1.0815764982634999,2.177139552145065
apin1244,nucl1710,2.3939701018693915,0.039759054712127,0,0.84821934228925,2.2992982351536853
apma1240,aust1307,-2.7424246140373087,0.022500251595353144,0,-1.3054551335925,2.05766966130468
apma1241,kera1258,3.3296145779792257,0.03773152745573915,0,2.71262967709875,2.56672205350648
apur1254,araw1281,1.205895468266523,0.034152794981867386,0,0.06893985315175,2.1764237684806
arak1252,aust1307,-2.7530909979946188,0.026879804599616502,0,-1.3911858988542498,2.056140927031605
aram1253,more1255,4.04434102002479,0.03518837484712501,0,2.7058261473964,2.49956507800387
arao1248,pano1259,3.5920695178190067,0.034638312803231576,0,1.6400101932925,2.34281464562424
arap1274,algi1248,4.865429147416959,0.03497754579734349,0,2.4284579421609997,2.404074518186545
araw1273,tupi1275,1.425904361228334,0.035932815677674715,0,0.5710290975895,2.276735634466115
arbo1245,afro1255,1.207976790121498,0.02943480411480632,0,0.5220290806925,2.105103606568065
arch1244,nakh1245,4.443969331003389,0.02333539686369056,0,1.36637800873,2.6470171677377348
aree1239,aust1307,1.7227517097146188,0.030189751356675978,0,-0.60956533219155,2.071342576375745
area1240,aust1307,0.41940119212940097,0.032081426741079624,0,-1.2149465029625,2.0610166240466
argo1244,afro1255,2.321536672552234,0.025288427822575177,0,0.8096621758192499,2.241750177610255
arhu1242,chib1249,2.1278405933544784,0.027309842680688045,0,0.88735498914,2.252308787880205
arig1246,atla1278,-1.6575228016288106,0.03053018684706149,0,-2.67963625939875,2.14353249233684
arop1243,aust1307,-0.7792133364002691,0.02570466358676241,0,-1.3651826494175001,2.05843999617629
arop1242,aust1307,0.523450450350182,0.026399887662937167,0,-1.2661620326174998,2.055486578257935
aros1241,aust1307,-0.5914823037126309,0.02137477609904992,0,-1.355244659155,2.0778363007449503
arta1239,aust1307,-0.4167933743123571,0.03356597000506388,0,-0.6745176760488025,2.057677467267875
asha1243,araw1281,2.3955248497417605,0.04361615362217336,0,0.07663216853499999,2.157723187091365
ashe1272,araw1281,1.2176600780847764,0.024777889623873724,0,0.1060105287387875,2.1602065873120804
asoa1238,cent2225,-1.1606723424705905,0.016629142135548062,0,-2.21730082787,2.10262554646987
assi1247,siou1252,4.010106523371189,0.03758654945257659,0,1.34401587827,2.4588016891145648
asut1235,atla1278,-0.6791845474198615,0.022972021427005978,0,-1.94601760288225,2.035675146201635
athp1241,sino1245,4.6482918329118865,0.022402169634823596,0,1.348807664575,2.228727645925245
aton1241,sino1245,3.979579215041408,0.022601438235273667,0,1.2220772816425,2.167119211038825
auuu1241,nucl1708,-0.061339102268765,0.034578416082557115,0,0.557407883873,2.3051445653903153
aulu1238,aust1307,-2.771033412511683,0.022595185027215896,0,-1.2286696262325,2.048195718894175
auye1238,nucl1709,3.460047040381247,0.03581809328070727,0,4.2037081480475,2.45567462621186
avac1239,tupi1275,2.2605777931164255,0.04730370285539048,0,0.587615575208,2.272279916886485
avat1244,atla1278,-1.4830689094705898,0.01783205163244138,0,-2.94406703346,2.14479657283223
katb1237,aust1307,-2.760382295237087,0.02872603665478722,0,-1.2934878437490749,2.0651195447432347
awac1239,barb1265,2.6723178252056967,0.047665878925348855,0,1.00097117965925,2.3980008523710596
awad1244,aust1307,-0.5761737613197676,0.023879121191805876,0,-0.997731427687,2.047800620329835
awad1243,indo1319,3.540721983690605,0.07373289250345687,0,0.60882105632605,2.2790505181863647
awar1249,ramu1234,2.459088139439511,0.053123791913502576,0,2.749727815075,2.567775253537255
awar1248,nucl1709,3.768991285584382,0.049577680375078495,0,4.2683879658374995,2.448183301876595
awet1244,tupi1275,1.292007698871795,0.025388171636372085,0,0.6632720772709,2.2854363378933398
awji1241,afro1255,1.3755402796111027,0.02257963249767521,0,-0.9154321625401001,2.152188969499175
awtu1239,sepi1257,3.3894982781472214,0.0436763328588148,0,3.2640831999324,2.49156383741367
axam1237,aust1307,-2.754900800803899,0.023427904923404696,0,-1.2249613329529998,2.05646962854147
axiy1235,sino1245,2.105336985984392,0.01679949372902841,0,1.4079247313,2.1813048344745
ayac1239,quec1387,3.8882355422986192,0.028635161753616776,0,1.4227067843125,2.33958008734044
azha1235,sino1245,2.269665640504418,0.011910340254114493,0,1.39918563568325,2.1814285725018
baba1266,atla1278,-2.0862181477326924,0.024836234660777737,0,-2.8179329369525,2.237917841068885
bafi1243,atla1278,-0.7965981019652622,0.03203977013298228,0,-1.9985357902129999,2.1025288097280503
bafu1246,atla1278,-2.198283592441574,0.024814755305089847,0,-2.8441646976620003,2.232271703832025
baga1272,atla1278,-0.8557047307375896,0.032720439798561485,0,-2.74579321457,2.1390170219830846
bagi1246,cent2225,-1.24405149254725,0.03580127081724186,0,-2.6409974472025,2.09520329956138
baim1244,sino1245,2.9540256455703826,0.01246010505246248,0,1.4341404836730751,2.210001251873215
baka1272,atla1278,-1.7815101549549346,0.025299039249884758,0,-3.4278677920625,2.11702116957129
baka1274,cent2225,-1.6534013857346306,0.030769125364787975,0,-2.47186137908955,2.115885497103325
baki1244,aust1307,-2.604705113380816,0.014462572918202887,0,-1.3061837516725001,2.0486203085889096
bala1316,aust1307,-1.3929657128547288,0.035140084336086966,0,-1.36565775462,2.053929688509845
bala1311,aust1307,-0.11512795102718179,0.024523429456475898,0,-0.44316816705025,2.036934217846955
bala1315,aust1307,0.9094158085562446,0.0293972481566306,0,-0.1656723117475,2.079975121176
bali1278,aust1307,-0.2055421704210288,0.02130371500432067,0,-1.06394263244925,2.05055244039224
liki1240,atla1278,-2.8104246863805358,0.023161108221515656,0,-2.4941536578225003,2.07617673732694
bamb1270,aust1307,0.8055360338463584,0.02191774489080823,0,-0.83084061360025,2.058927347791955
bamb1269,mand1469,3.469197509283776,0.05635119809062878,0,2.5789446017745004,2.54783924561077
bamb1262,maoo1243,2.511340141380934,0.03886013528587963,0,0.9471102932825,2.75620791194559
bamu1253,atla1278,-1.6128312416003086,0.02570949223350228,0,-2.86756013052875,2.2228576486670253
bamw1238,atla1278,-2.943682994820951,0.027657228710527133,0,-2.369708248778,2.07206608568286
band1344,atla1278,-2.1835644962404572,0.030293675314687397,0,-3.3980229606755747,2.12142664290696
band1340,atla1278,-2.2200590213064517,0.03513595284727742,0,-3.1595371707749997,2.19536938864352
bang1363,bang1363,1.765275502605114,0.04779438085270584,1,1.7346078768338749,2.89336482594452
bang1369,sino1245,3.8570400303527737,0.029208011425967587,0,0.9173044357725,2.1664492103298247
guar1293,araw1281,0.8496376036543296,0.031476226835682006,0,-0.35715190372675,2.185463077631675
bani1255,araw1281,1.0299248928678695,0.034459509945110774,0,-0.5282221983105,2.13845534726859
bann1247,aust1307,0.21654637892194956,0.022692942289387112,0,-0.9025950279115,2.066517995282105
bant1281,sino1245,4.678251132199168,0.016407447943585732,0,1.355256256785,2.2350571061046702
bara1357,sino1245,4.730052298617503,0.026703405486667022,0,1.3501354292375,2.24314097947203
bare1279,afro1255,-0.29274938247139115,0.01658154570504434,0,-0.81697206627,2.0966050167887698
bara1370,aust1307,0.6000430749208326,0.022843534148970782,0,-0.5427181666527501,2.067879261625235
bard1255,nyul1248,3.529573386808888,0.05104739836239099,0,2.731455591905,2.5827041123452
bare1276,araw1281,0.7231355629528586,0.03173327359929929,0,-0.7634684250174999,2.16959146962756
barg1252,nucl1709,4.468219376488965,0.05474752468729816,0,3.94015928034,2.530748159370355
bari1286,aust1307,-1.5886886047719098,0.031110560423772454,0,-1.3049547050124999,2.0657736862979448
baro1253,aust1307,-2.5109344736920542,0.025808404843544915,0,-1.15490507706,2.0554891801748347
basa1282,atla1278,-1.2714774664535176,0.025889638181300346,0,-2.319568573105,2.133520255362405
basq1248,basq1248,2.3002062027921704,0.06864061418412351,1,0.6471823978444999,2.81604875810809
bata1293,aust1307,0.2733359691953225,0.02369909546261654,0,-0.5015484809425,2.05399801381219
bata1289,aust1307,-0.5803710877797564,0.02685429019252966,0,-0.5827202903912501,2.05501614442711
baur1253,araw1281,0.2144042943348011,0.02661679102345471,0,0.05552642624875,2.1704476197982
bauz1241,geel1240,2.1787137463482447,0.03784315418599743,0,2.7424226671075003,2.485877836375005
bawm1236,sino1245,2.675167534462325,0.015970613988508277,0,1.43447061739575,2.219590383808975
bayb1234,aust1307,-0.33393274364291503,0.024261600023190066,0,-0.7361381983472499,2.048346439301365
bebe1248,atla1278,-1.2284287193789658,0.025175143153732336,0,-2.07719963060075,2.086044994313885
beja1238,afro1255,1.8837411101144725,0.030626386973539473,0,0.9358260820765001,2.158275246650025
bekw1241,atla1278,-2.0161290987130895,0.033696556750940646,0,-2.57045355054,2.1797765186999047
bela1254,indo1319,1.7700114885043856,0.02118371562488117,0,0.041405140987,2.1554756686294
nyal1254,aust1307,-1.48188201571348,0.02526006052479887,0,-1.36778604780185,2.05019320790942
bell1243,sali1255,-1.0965970346999865,0.02510904956979416,0,0.599931046816475,2.269499823650685
bemb1257,atla1278,-0.8349481607418132,0.029180532220855968,0,-2.021741949485,2.05086262945303
bent1238,dogo1299,2.153774215609815,0.05410109889376789,0,1.678771507019,2.682838333106595
zagh1240,saha1256,2.7987924202560013,0.05050083748850517,0,2.0994403934802497,2.681166911381605
bert1248,bert1248,2.5569854884412533,0.03650707047210941,1,1.2779126438525,2.88982023586939
bhoj1244,indo1319,3.5887808716487015,0.06025997572230743,0,0.6633486425375,2.27450696719397
biak1248,aust1307,-1.954228084529848,0.021793565222110147,0,-1.4095895986775,2.0809121143935903
biao1254,hmon1336,0.9498425265854515,0.022244997024940327,0,0.382080749953,2.209240294281915
biao1256,hmon1336,0.905848451323506,0.022700667211901615,0,0.40299713120375,2.22085468596821
biat1246,aust1307,0.7406150724892465,0.056297584452398595,0,-0.5046234204215,2.0597512333512302
biha1246,aust1307,-1.0281740760919764,0.020588597507409268,0,-0.8373821301925,2.01633831597041
bila1255,atla1278,-1.77051310429276,0.02957340855134135,0,-2.3730592433375,2.106749541987565
bilb1241,aust1307,0.44497310151226754,0.01367843542299759,0,-1.3190811037249999,2.05430109923453
bili1260,afro1255,2.0081025707441063,0.025018366399240315,0,0.97930935281025,2.1512291256115947
bilu1245,bilu1245,2.633188197798572,0.03733101657620032,1,2.7566657281199998,2.57028337554216
bimi1240,nucl1709,5.322848310861484,0.03568014626074605,0,4.2498846267875,2.4401327149611802
bina1277,nucl1709,4.77538702593843,0.05023720199028109,0,4.2297613714425,2.45006423983693
bine1240,east2503,4.139706970309069,0.07727210149725676,0,2.72805330072425,2.54792903837812
bini1246,atla1278,-1.2667687081724734,0.023810577788321737,0,-2.43268906824425,2.119820043617625
gunw1252,gunw1250,4.33926972347733,0.052455574403496776,0,2.8769334944900002,2.520635493003025
birr1240,cent2225,-0.7685225684394688,0.028794930568360085,0,-1.7880843805045,2.1225866000395
bisu1244,sino1245,2.2103758384364602,0.011620031670477482,0,1.481168105405,2.19639048153641
biwa1243,yuat1252,3.262870423559881,0.038581893112249244,0,2.63470485677475,2.5464186257543853
blab1237,aust1307,0.1031164904587792,0.028498791645459688,0,-0.87444509976,2.05450394250084
blan1242,aust1305,-1.1888379307949597,0.012558932746712527,0,-0.8816152066425,2.032733546938635
bang1354,atla1278,-1.8318336285408163,0.024998274029500413,0,-2.5068247709225,2.07404216710061
bodo1269,sino1245,3.804553227260535,0.023962736190178816,0,1.22302828262,2.1780879490050946
boka1249,sino1245,3.7466150484795917,0.018900581717386185,0,1.0826318477567498,2.1797491548072
bola1250,aust1307,-2.4309920824308984,0.027697868421812228,0,-1.07199574457975,2.07017910998163
bolg1251,atla1278,-1.7228675055806248,0.03774053282786324,0,-3.0949561073650003,2.11839548078889
chim1302,quec1387,2.748446210356902,0.03689396621118711,0,1.44087066456,2.3474342056295647
bolo1262,atla1278,-2.3236043759531744,0.024983740559659424,0,-2.506497844869925,2.075057110353575
boly1239,aust1305,-1.344400772585892,0.01443989765763622,0,-0.88587078678425,2.0526728629952453
bomb1262,atla1278,-2.9433738076891,0.02143047458428033,0,-2.3806756730574996,2.082200454252055
bomk1234,atla1278,0.5202708281164958,0.01640692898856024,0,-2.6291583869905,2.13169163228392
bona1250,mong1349,3.3150866444423173,0.04327326032957459,0,2.6349939690825,2.9450299373889948
bong1289,aust1307,0.0092783310263193,0.026540999998288115,0,-0.58408285847275,2.070099552700875
bong1284,atla1278,-2.000859349592767,0.026769055528388073,0,-2.4171560180230003,2.098968470396755
bora1263,bora1262,1.9626550941588212,0.03767292676175446,0,0.9237880721845,2.4077255796557804
bord1248,chib1249,2.6872831464698406,0.03962234842930379,0,1.0385314259423,2.2642258874094203
boro1277,gong1255,3.5371676140038244,0.04024733689406337,0,1.86736758141,2.476110319732035
boro1282,boro1281,2.478114150321242,0.039751331478725234,0,0.9338334481799999,2.44241452898464
boto1242,aust1307,0.22315204636914915,0.019081091081034063,0,-0.5866529298945,2.06413151961686
boun1243,atla1278,-0.11063929413195689,0.026753519119528554,0,-2.56302985448725,2.10572267163689
bouy1240,taik1256,-3.285130804508769,0.026251614228435794,0,-3.0003880352875,2.253518194596965
brah1256,drav1251,4.335656958559525,0.038071090977998504,0,2.4723597271525,2.830344223007235
lave1249,aust1305,-0.4005971214797124,0.02852675655474542,0,-1.001344943815,2.0700531172642
bret1244,indo1319,0.2006335196944997,0.025955727563542703,0,-0.019087016031625,2.181301690859275
brib1243,chib1249,3.298834350909881,0.030471343108667382,0,1.020733023075,2.26599644625474
budu1265,afro1255,-0.6932145083722772,0.01800851194746216,0,-1.52798266578175,2.08416738497122
buga1247,aust1305,-1.0403056026478437,0.01620171083117588,0,-0.88856406605105,2.049896710754585
buga1250,aust1307,-0.7144630866159647,0.02369343273698508,0,-1.4114841060325,2.05120600379201
bugh1239,aust1307,0.0892445325883176,0.02011986291210042,0,-0.8903934778835,2.055035271224095
bugi1244,aust1307,1.265345222905931,0.022245584713474528,0,-0.5360610950517499,2.06658641326254
bugl1243,chib1249,3.356860711785833,0.045964472227661,0,1.03291716348075,2.26145301861391
buhu1237,aust1307,1.8290791764468208,0.025728608868033857,0,-0.64529431801725,2.056734271428005
bujh1238,sino1245,4.761940155407088,0.037580180027916445,0,1.341015177245,2.23989418457935
buka1257,aust1307,0.7872342424959166,0.0271231859492548,0,-0.49428240041675,2.0568292893964353
buki1249,nucl1708,-0.09681300037221349,0.04248137558839621,0,0.084458328202,2.32479553724803
bull1247,atla1278,0.3065250063980183,0.016881150562403715,0,-2.6284697396035,2.1331077322807497
bulo1242,aust1305,-0.28676556269562475,0.0382566990275656,0,-0.8925725798374999,2.048068784380785
bumt1240,sino1245,4.169403577799838,0.0315487647220784,0,1.406812801282,2.2087104519568452
buna1278,timo1261,2.7084077415264343,0.039087376734323505,0,3.3077061858275,2.54117770058406
buna1276,aust1307,1.1251948007196853,0.028185917400986808,0,-0.567983693277,2.06443408092299
gahr1239,sino1245,4.408539028542189,0.05041647716285465,0,1.3822125943625,2.22842362751638
bunu1267,aust1307,-0.4251860785661713,0.029858492339335258,0,-1.496166479733,2.121465110351175
buol1237,aust1307,1.676575318392985,0.012894833465999884,0,-0.652899993317,2.065812158410985
bura1292,afro1255,-1.2240696756970832,0.02232012170257262,0,-1.42004327815725,2.1024880744782504
bura1267,mani1293,4.216601960786198,0.019782484854035977,0,2.636770322884,2.567922786079195
burj1242,afro1255,1.831759751775671,0.027845548225426092,0,0.872068852059,2.142236638000925
nucl1310,sino1245,2.0783483544943495,0.014199282247184017,0,1.4549748802885,2.199841474987365
buru1303,aust1307,-1.0437001847579856,0.007137162317617691,0,-1.2431629949607501,2.0713521172472102
buru1320,afro1255,1.7546389959887057,0.018125052269455457,0,0.9247095308605,2.15904198320851
buru1296,buru1296,3.8994040746603202,0.033750387578440864,1,1.35861680326,3.0676953401382097
bush1247,atla1278,-2.101795195183055,0.03202618824559516,0,-2.46801409441575,2.0784623001774802
buwa1243,afro1255,-1.1347718579797479,0.02190037452180835,0,-1.302332945357,2.10191609075717
byan1241,sino1245,4.572885196651432,0.05180326481616585,0,1.3757033564899999,2.23566731267911
caac1237,aust1307,-1.4637864146643182,0.034278307352646864,0,-1.248394437486575,2.044972773852775
cabe1245,chib1249,3.2869955540327234,0.042883236393728444,0,1.02415944939,2.26518767602884
cahu1264,utoa1244,2.67098422179674,0.036124021153935114,0,0.076854591436575,2.253857718448475
cald1236,quec1387,2.712240753010398,0.037894058663699604,0,1.44243029929,2.34183696114916
caml1239,sino1245,4.6984722217954165,0.021393505634765345,0,1.34467836262875,2.238184712198795
cams1241,cams1241,2.213505409481476,0.030824040990032275,1,0.8929751585604999,2.420955921001935
cane1242,nucl1710,2.5959547181977545,0.03573289488070447,0,0.8534084801835,2.2971986728159353
caom1238,taik1256,-3.0940085821545766,0.036139144652465795,0,-2.99015569605,2.255404814954085
capa1241,pano1259,3.1944848158197763,0.040739488628796464,0,1.76965711205525,2.34378642917213
carn1240,aust1305,-0.798414235038157,0.013907803035402812,0,-0.7238411345555,2.065417023159645
caro1242,aust1307,-0.3106179864090268,0.02418726412538712,0,-1.5646578325605,2.02856533313354
cash1251,pano1259,3.9811941825573696,0.04241217108074349,0,1.7345641135825,2.34363397748562
stan1289,indo1319,-0.73245769217419,0.019808169362532137,0,-1.179564705682,2.1260269929826148
cavi1250,pano1259,3.4965210975207928,0.02659916655199027,0,1.63042837815,2.356422161725675
cayu1262,cayu1262,1.421867115815742,0.04488441084611414,1,1.2645932310822499,2.3845207148671452
cebu1242,aust1307,-0.8290683286074864,0.02602090167126065,0,-0.81961148454,2.042647761970505
cemu1238,aust1307,-1.5169820873889375,0.013430215957027666,0,-1.33299829058925,2.0603319117091603
cent2127,eski1264,3.3497820329431107,0.04714930793333528,0,1.4879991964125,2.444159926435205
cent2142,ayma1253,2.9842328693414926,0.031347899457375344,0,1.2293736388849998,2.37884900144727
cent2004,sino1245,0.3699559640546731,0.027279843806128905,0,0.5353247776885,2.13673459819504
cent2292,aust1307,-1.1332297161106286,0.02965109056473158,0,-0.732714381927,2.055481340821305
cent2084,aust1307,-0.7870423289356353,0.03373138751575382,0,-0.7692622605892501,2.062967226310595
cent2314,aust1305,-0.2728750356709799,0.01893817805805208,0,-0.721697054461,2.04569027320495
qaua1234,taik1256,-3.4003659189496416,0.046485067573635894,0,-2.7054605642410747,2.27041590206889
cent2050,saha1256,1.6959401446596523,0.047801477854529845,0,2.1554714137705,2.6722420141449996
cent1989,aust1305,0.00647647359316245,0.018778637116899113,0,-0.28866448847500004,2.04486240364361
mala1479,aust1307,-0.4953587471418915,0.02157398669507944,0,-0.99607654474275,2.02868636868223
cent2322,ural1272,2.3385979796646588,0.03607594751929556,0,-0.710139793038975,2.260639560321435
cent1992,aust1305,0.992241500476764,0.031255330840715044,0,-1.0041429086634999,2.044532384796315
cent1990,aust1305,-0.7433942798980941,0.01170358408794389,0,-0.725948720996,2.061091536368945
cent2140,miwo1274,4.020622451594039,0.024458993256752392,0,1.0788132270725,2.4876036369316
cent2150,chib1249,2.1663219693692053,0.02456774578669406,0,0.9153345865383999,2.24461162619089
chac1251,pano1259,3.3838519095568875,0.03214968728627372,0,1.764821154226,2.3389115018417
chad1249,afro1255,-1.334345117632042,0.019078497665002195,0,0.36403222841325,2.0524096981672
chak1270,sino1245,2.4025543255100654,0.022062689783707318,0,1.253461825580985,2.177688825362075
cham1309,nakh1245,4.443724132802613,0.0215814279998619,0,1.375657770464825,2.67305342762159
cham1318,araw1281,0.757040370365786,0.03209155466329931,0,0.01255676741975,2.176209233008065
cham1312,aust1307,-0.446185402922935,0.0423934097660071,0,-0.6527409131667501,2.067154978259805
chan1313,sino1245,3.501713442439872,0.02790735386590345,0,1.22909801128485,2.183080731330035
chac1249,barb1265,2.7600479093158796,0.03899690178940203,0,1.00240270590475,2.3845273572056254
char1269,gong1255,3.179795374757755,0.04127794478970662,0,1.841598993615,2.4913570754793453
chas1234,sino1245,2.5269629513597094,0.01611250599871627,0,1.4825929796425,2.198394255401155
chec1245,nakh1245,4.30843587110591,0.023674888299084686,0,1.34339845112825,2.664270058221875
chek1238,aust1307,-0.0288959394642471,0.01311442244815653,0,-1.0849076653085001,2.04699300166311
chep1245,sino1245,4.767105127017625,0.03481588325551142,0,1.3418850480222502,2.238069616988855
cher1273,iroq1247,3.971449657254489,0.039787030410990756,0,1.648360390704,2.416079754429635
chey1247,algi1248,3.284938506805415,0.02770985288093599,0,2.43105575724025,2.3904692439540254
chig1238,atla1278,-0.9718503179647164,0.014340719469189031,0,-1.8515852717199999,2.0259313075305148
chil1280,atha1245,2.8325585759940686,0.03216030867473717,0,1.78473823766225,2.414677994687945
chim1309,chib1249,1.794279548496776,0.02579230910733604,0,0.69130933997625,2.24416842601583
chim1312,atla1278,0.4288161745825677,0.031363883673543605,0,-1.753573058183125,2.025302878829055
chhi1245,sino1245,4.663513448364527,0.019532462779692727,0,1.3483600569535001,2.234211803365815
chip1261,atha1245,3.947985748978533,0.03379599585579826,0,1.799879848055,2.417011043052005
chip1241,algi1248,3.0011107279931477,0.03047645890571913,0,2.4656597856205247,2.39491822421292
choc1276,musk1252,3.5522721285557446,0.03642219178433728,0,1.14170960311,2.40904512935066
chot1239,sino1245,3.1661626001872034,0.015415518874921675,0,1.4368109516185,2.23187933822271
chra1242,aust1305,-0.6154177899718856,0.041481367946227,0,-0.9724510888725,2.0420194634888853
chuj1250,maya1287,-3.0371502674301487,0.035597221416664715,0,-1.4541609376575,2.38896050957828
chuk1273,chuk1271,3.310468246081129,0.038750312758316856,0,1.710227107408,2.93468764557071
chuv1255,turk1311,3.4151508003091813,0.06679584665094332,0,1.4570882059425,2.43916692479081
chuw1238,atla1278,0.00046970788594685,0.020326084174426905,0,-1.757991132685,2.0417305082018
cici1237,atla1278,-1.2227642268383576,0.020266209593961616,0,-2.63033899581175,2.13705283415974
chin1286,chin1490,3.9215257708890947,0.03566592132296639,0,1.2791146957900001,2.496270265462175
coat1243,otom1299,0.29380889209614747,0.03339818309047033,0,0.3377655011491,2.2274688178356747
coca1259,tupi1275,0.5623329703883797,0.021356992877594218,0,0.34330783464875003,2.23934578805165
coeu1236,sali1255,1.7480008166012828,0.026194185350399198,0,1.051359834066,2.274048514551155
cogu1240,chib1249,2.1592784069585624,0.03307309922004699,0,0.8919750743,2.24857326710341
colu1241,sali1255,1.4354047440178181,0.03772739015795618,0,1.060630293972,2.26986581482558
coma1245,utoa1244,2.3595749264896693,0.0477331545330699,0,0.1077805372275,2.26195691634564
como1259,sali1255,0.8992962219984246,0.02998588980250903,0,0.340144240215,2.2692539993580647
cong1236,atla1278,-1.8832139838130404,0.02386588035277133,0,-1.809584336226,2.02388755055528
copa1237,otom1299,-0.4602911810074023,0.02620714884443127,0,0.1728817073343,2.2597607316905304
cors1241,indo1319,-0.0935062857855413,0.025269929650818722,0,-0.854062522365,2.120272250912005
cosa1234,sino1245,2.6237065304050473,0.01304197924771761,0,1.4667826053745001,2.19418864877155
cree1270,musk1252,3.4666039634808747,0.0405740556457583,0,1.1381253769975,2.4017971276495604
crim1257,turk1311,3.8227466509926646,0.055000007047540954,0,1.4787902488125,2.4363811653991
crow1244,siou1252,4.2271085696292845,0.03514194070223018,0,1.36590276576305,2.447430625440465
cube1242,tuca1253,1.6605580739193322,0.02832589419747439,0,0.17179954098025002,2.318456844994145
culi1244,araw1282,2.795947839202773,0.03209195866900404,0,0.9830410247925,2.3852162421738754
curr1243,araw1281,1.245551791715585,0.01812190588717821,0,-0.531445856480225,2.13961606508876
cusc1236,quec1387,3.61238045086571,0.03142195492567143,0,1.42698491647,2.34387320247264
czec1258,indo1319,1.663017677240907,0.025535447733415206,0,0.0316756499625,2.16502832293338
daai1236,sino1245,2.1211708797172353,0.016825990423727,0,1.4887402545155002,2.21917602089703
daas1238,afro1255,1.2026761135482151,0.0343262323299963,0,0.58493265475425,2.113836596594915
dadi1250,tebe1251,3.39098298331386,0.030420715557208693,0,2.7842603401537502,2.577085311757035
dagb1246,atla1278,-1.3348941228290847,0.026704070374287295,0,-3.21819036837,2.144224690487185
dagi1241,narr1279,-1.0404441522912418,0.029064073000373503,0,-0.9505890470685749,2.49712814951487
daka1243,aust1307,-2.738531039986893,0.025779291285833433,0,-1.3036777664297499,2.0630297091484247
damp1237,aust1307,1.2186705772137563,0.028842291818506068,0,-0.12916265912875,2.07018231931917
dana1252,aust1305,-0.7047099124414578,0.02658585949217015,0,-0.865134704005,2.037574792842165
dand1238,drav1251,4.593814911317031,0.036162357859778,0,2.552507411026,2.81142559147478
dani1285,indo1319,1.231487906633883,0.02624952379321395,0,-0.9531373121655,2.154931027326875
dara1250,indo1319,3.596441477211238,0.06420762051041376,0,0.655614803287,2.276467113448055
darm1243,sino1245,4.574902188953693,0.05278005158450183,0,1.3725162457984998,2.237584648904485
dawr1236,gong1255,3.4618107947453547,0.0462072654772734,0,1.88372033000525,2.4901725688932
daza1242,saha1256,1.9854724541839226,0.051713395014630355,0,2.1597257407425,2.6495690777238448
defa1248,ijoi1239,1.7377775085505718,0.0521685821011622,0,0.7038967888515,2.63536024276305
dege1246,atla1278,-1.681349225629606,0.02274821152836129,0,-2.55200432067375,2.131052309794105
dera1245,sena1264,3.1064746720447243,0.037738442913895,0,2.7349780943152497,2.553707830892745
dera1248,afro1255,-1.2906220248691396,0.0157279482303192,0,-1.5743807487427501,2.130288050643815
desa1247,tuca1253,1.6982296413532594,0.037464530231454574,0,0.16827597221750001,2.3141329330482954
dhao1237,aust1307,0.0992251756761918,0.022864193998586954,0,-0.701659659842,2.064789306776615
dhim1246,sino1245,2.866314929270045,0.028563764284456693,0,0.92518079668125,2.16443956836499
dibo1245,atla1278,-2.283031214102447,0.024572468724267008,0,-2.422061289075,2.09101595691107
digo1243,atla1278,-0.0947703503943778,0.02888142360339576,0,-1.653012383175,2.04272567590445
dima1251,sino1245,3.5226384682181546,0.029989114846195222,0,1.2218827582332499,2.190125398352085
dizi1235,dizo1235,2.2120973983949295,0.03435258667870351,0,0.87684980098025,2.740475853484935
djee1236,mani1293,4.211610580194465,0.03241539799292854,0,2.6284722619897503,2.59290236260815
djeo1235,nucl1710,2.08991521704398,0.02788829563225625,0,1.0696729398454998,2.346539467727405
dobu1241,aust1307,1.0453048316834095,0.02731510606025081,0,-0.5700490225804999,2.06912189279124
domm1246,nucl1709,4.917399262344034,0.03546060678290984,0,4.1821376879725,2.44849123000348
doro1266,manu1261,3.8108730723479476,0.03873249391921796,0,2.637454736722225,2.5680850616692954
drun1238,sino1245,2.8492322102202747,0.023612298318717046,0,0.977540992317,2.1682847739603996
chug1252,sino1245,3.9347587262669066,0.017269427606377778,0,0.870305208475,2.177202648416415
dumb1241,aust1307,-1.2807974339740555,0.03291708589254874,0,-1.3405976637400001,2.048838348320935
dumi1241,sino1245,4.695234589381053,0.019090853541633434,0,1.3473464053017499,2.23744420933103
duna1248,duna1248,3.5262187931293383,0.02954163952349811,1,2.67990657604,2.5546014814694997
dupa1235,aust1307,-0.42918362376537916,0.027781068040185,0,-0.93050996921575,2.047200433491085
dusn1237,aust1307,-1.868453521227884,0.029431916500066754,0,-1.4086001952965,2.0739926411231098
dutc1256,indo1319,0.2087054102321974,0.01956075237601247,0,-1.14303400623525,2.1658603356422548
dyul1238,mand1469,3.9539114751737294,0.06676919047767044,0,2.5723736690375,2.55059074261879
dzao1238,hmon1336,1.0159530282425724,0.022695826324136897,0,0.38738429301099997,2.211696642323655
dzon1239,sino1245,4.351313048117445,0.02170103367544723,0,1.43566886343275,2.21926038509083
east2443,aust1307,-2.7720389230939686,0.02333669622508463,0,-1.4059552822365,2.064159068653315
tang1336,sino1245,3.3463437047582882,0.01433680027293355,0,1.3266958809675,2.21369394991161
nucl1235,indo1319,3.285999739433035,0.06481515508168302,0,0.0815437549385,2.3086274284541553
sout2896,aust1307,-0.13987827540122486,0.029401999088942265,0,-1.24809220434415,2.064486624945415
east2555,tupi1275,2.345361634055952,0.06086738593551639,0,0.5157289264755001,2.2687129948196
east2332,aust1305,-0.33694044363417314,0.010916416122979104,0,-0.6353468380277201,2.044963502977185
east2690,afro1255,1.4152633443312252,0.018866988938531365,0,0.466800091135,2.059141796745225
east2556,otom1299,0.38013442535604547,0.029665713272427445,0,0.8283985110225001,2.2196106405255946
east2342,sino1245,-0.4219757930076996,0.02588934088035167,0,0.5982554059159999,2.135934041115235
east2328,ural1272,1.6143423935786494,0.01727082820417879,0,-1.1085321887765,2.2244446063932646
east2773,sino1245,4.7369619643496,0.033739264024809784,0,1.3508404813525,2.23426599453263
panj1256,indo1319,3.261114113065258,0.08741955101890826,0,0.642817286346,2.26374956936481
east2485,aust1307,0.4100729648539765,0.020920459814500206,0,-0.553223682,2.079575112133595
fina1242,aust1307,-0.6567043537209489,0.025377435240831196,0,-0.802758007873625,2.04905472161525
east2694,aust1307,-0.0283712071298181,0.022757028509915553,0,-0.8236447386429999,2.058566318614515
east2447,aust1307,0.7816878702930455,0.02349137536987927,0,-1.10760239746025,2.0020381815531803
east2516,nucl1709,5.294353961755757,0.048149719213283634,0,4.157086493425,2.44539181833091
wall1257,aust1307,0.8038995957239709,0.016657885492367637,0,-1.08889911928325,2.0027285847219902
egyp1253,afro1255,1.2388859848874993,0.0173833430883222,0,0.456113423115,2.065353168676785
eipo1242,nucl1709,4.982196164313993,0.041264829213935275,0,4.23313028536,2.4725651999031353
ekar1243,nucl1709,3.682501602104809,0.0486721116478853,0,4.1897335534125,2.456906363373315
elem1253,atla1278,-1.7117516252615035,0.015013236115988756,0,-2.744315189575,2.147314891987945
emae1237,aust1307,-2.446901143367776,0.02572242366213144,0,-1.22630043185425,2.01174482887678
emai1241,atla1278,-1.5587503093500592,0.04010432147693579,0,-2.4984733089019997,2.1175673042445498
embe1260,choc1280,2.9525146968262868,0.047276247692752946,0,1.079214736887,2.3819051902923754
embe1262,choc1280,2.8286469126329163,0.034584035631495445,0,1.092613187182575,2.381859844230755
stan1293,indo1319,-0.7893690710559286,0.030006783886606197,0,-1.1062097202697498,2.1493362189197702
enuu1235,sino1245,2.4311899561173655,0.010866736514320637,0,1.4857724393302498,2.179952208209845
epen1239,choc1280,2.9085452230265725,0.036960566753598,0,1.0951116602797502,2.37098981633547
ersu1241,sino1245,2.3752323037517176,0.01859288059669878,0,1.250293293705,2.20000631844915
erzy1239,ural1272,0.7958362871282927,0.024785737509400742,0,-1.5691726712774998,2.1818748846016502
esan1238,atla1278,-1.4894857048091859,0.03951467635100619,0,-2.4928992205775,2.11656895004423
esee1248,pano1259,3.5034046267794263,0.03304470771952445,0,1.63945445316825,2.34428458833462
esim1238,atla1278,-2.324837344117785,0.024932355626981997,0,-2.74469274017575,2.228407522808375
esto1258,ural1272,-0.6179603100451299,0.017852445900248915,0,-2.0887434673995,2.151531880521135
eton1253,atla1278,-0.8987174922040584,0.02567501387716613,0,-2.2088592115882504,2.089731806055965
even1260,tung1282,3.698129013250764,0.026583413003933312,0,2.72649568865325,2.96129251477755
even1259,tung1282,3.957124171267097,0.013096076967443285,0,2.73159291530625,2.9517539595276947
ewee1241,atla1278,-1.2706775731081494,0.027236456988584668,0,-2.7772195261525,2.14871613886729
fare1241,atla1278,-1.2620952084212218,0.029084320415169333,0,-3.21694506021,2.133947196949805
faro1244,indo1319,0.6316210046109025,0.018007815732636875,0,-1.08561630339075,2.14045047735886
fiji1243,aust1307,0.6979887242513516,0.025843904457452462,0,-1.0065591642667502,2.0143033033770203
fili1244,aust1307,-0.3056047531618765,0.025744505720185405,0,-0.8000036851507,2.04975703573212
filo1235,toto1251,-1.0054801350202314,0.028178461849854407,0,0.009786783295,2.27496320578728
finn1318,ural1272,-0.15275990765108566,0.015058560424578359,0,-2.1175928275075,2.14648019590389
fonn1241,atla1278,-0.900145248964825,0.024601726088966755,0,-2.4929871223525,2.12761106926163
fore1265,ural1272,2.317572056751341,0.0549859497143342,0,-0.44198522262249995,2.2862533725885648
fran1266,mixe1284,-1.2054153379982506,0.02442166298484025,0,-1.32130529257375,2.3730976830274804
stan1290,indo1319,-0.9294501315707449,0.022652604345104996,0,-1.14398721696275,2.1248528323125
fuln1247,fuln1247,2.9243191764138086,0.04640289319275697,1,0.90446101368875,2.435361464874765
furr1244,fura1235,1.4233197664758799,0.05113991552943572,0,1.2339928781160001,2.7986527086722397
furu1242,cent2225,-1.6703752123861955,0.03262691262868149,0,-2.6355250645324997,2.094781812074215
futu1245,aust1307,-2.128051306278861,0.02819296483802683,0,-1.21525389057,2.0148367735667048
fuyu1242,fuyu1242,3.396282421823269,0.043328733748946725,1,2.8717315443900002,2.51270807541955
gaan1243,afro1255,-0.9890165946992151,0.01664324964094979,0,-0.98722644202,2.0864720646038553
gaga1249,turk1311,3.417692362860325,0.06720847041297838,0,1.4918889382987501,2.4260689089180802
gala1264,afro1255,-1.4265655509502022,0.021217961768424776,0,-1.56814679465,2.1342779318027203
gale1259,nort2923,1.0982106841612729,0.0242210609954476,0,1.9943559147432501,2.33704803298762
gali1262,cari1283,1.6749289894526371,0.03081585642872303,0,0.59900182025,2.2367521230267853
gali1258,indo1319,-0.7731678445839383,0.019529367994798656,0,-1.2002959358184002,2.11850942774954
galo1242,sino1245,3.6370343404451893,0.02946808945073284,0,1.08720760890725,2.1762140687072
gamo1243,gong1255,3.457854126717165,0.04686025791150743,0,1.876714112708,2.48811014676991
gand1255,atla1278,-0.8405166471090754,0.016928011408789682,0,-1.8267802472280001,2.033528927760095
gang1267,tang1340,3.850225632385751,0.014578475886499943,0,2.792024909445,2.5183233745528897
gang1266,sino1245,3.2164241528350015,0.016855884165203585,0,1.46160752632,2.227922935156905
gant1244,nucl1709,4.945550349703312,0.04385153646028971,0,3.9510375585675,2.534647993698615
gapa1238,aust1307,1.71157261132607,0.028867098678259383,0,-0.6105929283907501,2.065377310597585
boht1238,afro1255,3.2874246058468195,0.0501232061070407,0,0.777595726953,2.17778028327363
gari1256,araw1281,1.4830933745834385,0.036777081848535446,0,-0.344129789809,2.1933304223903747
garo1247,sino1245,4.00704125095511,0.02113072163262909,0,1.2152655311313252,2.1772207140126003
gara1269,garr1260,3.6895053500017054,0.03605453870485423,0,2.6756129065299996,2.559350486135175
gata1239,aust1305,2.7549063309828705,0.03636665562986037,0,-0.287744819981,2.119064904654235
gayo1244,aust1307,-0.24452342074270006,0.024582424062400864,0,-0.49928168745657503,2.05355420190405
geba1237,sino1245,-0.6762062350248811,0.03567148604455993,0,0.6077537953729999,2.1400294439574896
gebe1237,aust1307,-1.3675315684293166,0.029079095964196274,0,-1.3581428667750002,2.078391934881925
geda1237,aust1307,0.5500192404278135,0.02711690968526407,0,-1.10401039911425,2.064074900963605
gela1263,aust1307,0.05660008507604735,0.025038326797523946,0,-0.898241427304,2.051506527849625
nucl1302,kart1248,4.0809395431362825,0.036838630949010576,0,0.912100353989,2.671406100842585
gheg1238,indo1319,0.8145056922424301,0.016502225521793933,0,-0.52927457873325,2.225480080025475
ghom1257,afro1255,1.517973522701697,0.018612226050921183,0,-0.877818376057,2.152465468416535
gilb1244,aust1307,-0.8476758036657706,0.01138783857476731,0,-1.4616520847849999,2.051952447176255
gira1247,nucl1709,3.942651177946726,0.06253731342030029,0,3.9431380219475,2.51656490125472
gizr1240,east2503,4.109618315023656,0.054581347460101924,0,2.756343096677,2.545094129747945
glav1244,afro1255,-0.8969719728854955,0.021227623683820283,0,-1.03266181085925,2.086257052096015
ghod1238,nakh1245,4.411759425565937,0.02744525699723316,0,1.377692661775,2.671287912716885
gofa1235,gong1255,3.4356787013353456,0.045304850056534916,0,1.856991297985,2.48869262910456
gogo1265,suki1244,3.910834845932395,0.026879985850593074,0,2.76069438496425,2.5568917257041797
gola1255,atla1278,-0.9344312034295024,0.01917526417241442,0,-2.8871975379975,2.164469965840805
goli1247,nucl1709,4.288253748202102,0.052602855464162775,0,4.1812496581365,2.4441499993758447
goon1238,buna1274,3.4985412785274397,0.046807700776219284,0,2.7021097784542496,2.630247608668095
pare1266,aust1305,2.746743851514652,0.028120875814560548,0,-0.2795024032185,2.12203285040934
gras1249,koia1260,4.0227841821638535,0.044304602722412045,0,2.7572353345475,2.589302793211955
guah1255,guah1252,2.1696018188960093,0.042659115505088795,0,0.9090335062570001,2.40597724959619
guat1253,guat1253,-0.4274528575585945,0.012841797226120605,1,0.09702633531749999,2.3645884859556396
gube1234,atla1278,-2.153847227063227,0.027673175882768932,0,-3.1516894570625,2.204286506729885
gude1246,afro1255,-1.1074331286513077,0.023427749792174282,0,-1.2650975104467501,2.0898927798380447
guer1243,otom1299,-0.6029733195722499,0.023564554230741615,0,0.22212650819225,2.27253665513509
guhu1244,nucl1709,4.583835828383686,0.05402815322206318,0,4.2164807168975,2.451468521778975
guiq1238,sino1245,2.422430138991756,0.01619350379430755,0,1.2573902658175,2.205849017878
gulf1241,afro1255,1.1821454769871724,0.021432654188281705,0,0.462013644995,2.071808426100305
guma1254,aust1307,1.4840636668212097,0.02582202379038228,0,-0.618122607914,2.07866348677194
guny1241,pama1250,0.8528090247338096,0.041085901261236776,0,0.6366174537,2.336623794435845
gura1251,indo1319,1.7411773214638235,0.05039590398973023,0,0.7105819628175001,2.266423604849235
guro1248,mand1469,3.5892505973224536,0.05764219890108873,0,2.531068688655,2.56846637188667
guru1271,afro1255,-1.427915978870864,0.020859469861567743,0,-1.3291637861635,2.12557480599056
kwam1249,koma1264,2.559154485413919,0.034353790993311165,0,0.9774464265657501,2.71511203187488
gyel1242,atla1278,-0.4678307835006008,0.02465289753681555,0,-2.5013980658805,2.099727496328785
haaa1252,atla1278,-0.452252177273071,0.02192848330457509,0,-1.66095034475,2.05205632342848
hadi1240,afro1255,2.0161404189275505,0.03068362380722997,0,0.86773989834475,2.1337401405099854
hadz1240,hadz1240,1.9866016024879147,0.06681396777585862,1,1.79757039206125,2.838443353796515
haka1240,sino1245,2.863386378218106,0.0140540596797782,0,1.42671312988,2.220632012463915
halh1238,mong1349,3.6395916794549836,0.024066176937160174,0,2.6418570284735,2.94330407167594
hali1244,aust1307,-0.5512248251809616,0.02728595899827035,0,-1.20546820434,2.05338504983251
halk1245,sali1255,0.31364840053649,0.03185377642826831,0,0.56589545756495,2.26249875573024
hame1242,sout2845,2.3121195416666165,0.04854254091242479,0,0.98145407696525,2.65917998422048
hang1263,nduu1242,3.2585951642415703,0.062163137578791126,0,2.9116955999789997,2.48068559505618
hani1248,sino1245,2.568108785582818,0.015539185758371953,0,1.4945137079335,2.19738012771346
hano1246,aust1307,-2.7440467598231697,0.028369693914650735,0,-1.4043899716175,2.06500936315993
haru1245,piaw1238,3.3872476000697995,0.03908049021628123,0,2.67748740885175,2.569716028989845
hass1238,afro1255,-0.9858729314665766,0.04253249983068803,0,0.35957281818974995,2.0587170859446
hata1243,hata1242,-1.1226892783867308,0.03108028830363373,0,1.77872400387925,2.4467810485155352
remo1247,aust1307,-0.6261965058785415,0.028346856896062162,0,-0.85003947297,2.059315428566375
haus1257,afro1255,-1.1082685328236668,0.02402954757203706,0,-1.5583685576412498,2.1293107140004803
nige1253,atla1278,-2.613814069678563,0.03306872222076287,0,-3.2448629019225,2.18810749047963
hava1248,coch1271,4.084882305503103,0.02583864276012635,0,1.0125861371217502,2.43151400757796
hawa1245,aust1307,-1.102521653681865,0.043956845246767205,0,-1.2412832268775,2.00728386837826
sabu1255,aust1307,0.3219749478182299,0.022160815591728687,0,-0.7085488387875001,2.0699532612312748
hehe1240,atla1278,-0.6030731034084917,0.021700434826203284,0,-2.2256620212374996,2.049926802600185
heil1246,waka1280,0.7507531470339528,0.027141194509948948,0,0.6156223982461999,2.34113499762862
here1253,atla1278,-1.32343608340714,0.02342118488220364,0,-2.3375137240665,2.0738663734379
hida1246,siou1252,3.9790151849973725,0.036017607484445054,0,1.3701516547805,2.448451680967615
high1276,mixe1284,-0.9662249586911797,0.04149487131019752,0,-1.32440186199,2.379370993897295
hind1269,indo1319,3.3274386831709375,0.08489263745150308,0,0.62740700549575,2.27878591895492
hinu1240,nakh1245,4.449989263386274,0.023769786550797693,0,1.38445648101275,2.65794917472379
hixk1239,cari1283,0.646450909895177,0.03007240116652016,0,0.44182130763375,2.2194211310226803
hlai1239,taik1256,-2.573448776506205,0.0366117523659336,0,-2.7797401982925,2.257989874370935
hooo1248,aust1305,2.820361906369312,0.024680424396304756,0,-0.28291263357700003,2.105857225644835
hoav1238,aust1307,-0.5589021743536573,0.028168013689966048,0,-1.3216173264175,2.055287758822645
ainu1240,ainu1252,3.3769832293913566,0.026149577717499192,0,1.65787488223615,3.127812699606165
holo1240,atla1278,-1.6186872465767217,0.022000783694081164,0,-2.1227116239574997,2.062753042710935
hone1235,atla1278,-2.67736654726196,0.023181640899584084,0,-2.712288472454075,2.139037088044605
honi1244,sino1245,2.3913145765806227,0.017468659659664883,0,1.4914826536875,2.192443457046815
hopi1249,utoa1244,2.849523386498757,0.05020874996500333,0,0.06719780764,2.26082137155535
hote1245,aust1307,-0.8293306600751875,0.024075183744234948,0,-1.331036273773,2.064346365687295
huuu1240,aust1305,-0.6308581567303565,0.016696053315356372,0,-0.7778844741755,2.02744308546905
hual1241,quec1387,3.9144971867126275,0.03563860199131193,0,1.4111464237615001,2.366562136741845
huam1247,jiva1245,2.5081639811753886,0.035376392561779595,0,1.2215657959159998,2.347551390261885
huar1255,utoa1244,1.2165338735033555,0.027847410165987085,0,-0.92805807493525,2.246614539245825
huas1242,maya1287,-2.399745154503286,0.03018738974021935,0,-1.21550795381125,2.37110826517345
huba1236,afro1255,-1.1025224859476102,0.02093009901953756,0,-1.46932600775725,2.102376587477495
huic1243,utoa1244,0.45932025784353864,0.024950148907340382,0,-0.63842452369325,2.2220391447329053
hula1239,aust1307,1.9474597241797755,0.022769795809714253,0,-0.64539193082175,2.052009431410675
hula1244,afro1255,1.3549284305786418,0.018289754533537275,0,0.836433948758,2.17741360567944
humb1243,song1307,1.3778158715074142,0.02709106202463217,0,0.6708841178585001,2.313691070528455
hung1274,ural1272,1.0531161920102106,0.019002204493020872,0,-0.8756363659399999,2.2491360533988596
hunz1247,nakh1245,4.481736724332109,0.035876332013146814,0,1.3696280481737,2.66650769932061
hupd1244,nada1235,2.2669237604139556,0.04049556758695018,0,0.856132113415,2.39462713607398
iaai1238,aust1307,-1.7520452502966053,0.0336187757500806,0,-1.24732224592525,2.057282197348825
iama1237,aust1307,1.0006113207810532,0.013339394476164437,0,-0.56307149394075,2.074163073335535
iatm1242,nduu1242,3.508308682253269,0.046211338197582254,0,2.8724075592175,2.48090158746595
ibal1244,aust1307,-0.6388009643165924,0.025725975503696062,0,-0.95666770306425,2.05291519833606
iban1264,aust1307,0.24928246325026485,0.027755182444463216,0,-0.93695344335225,2.04284389648012
iban1267,aust1307,-1.1187959876818168,0.025591774897980823,0,-0.9352715218525001,2.0501033599083254
ibat1238,aust1307,-0.34946622651710124,0.03150326232260559,0,-0.5414118754677499,2.05651040063607
ibib1240,atla1278,-1.752763741171229,0.03607427055657784,0,-2.72748084744,2.156935976633245
icel1247,indo1319,1.804675695849126,0.02830055026605364,0,-1.026129229156,2.135737507947095
idaa1241,aust1307,-0.6771893795956327,0.020930719958840063,0,-0.6348852171725,2.06876594845665
idii1243,paho1240,4.0149417745960925,0.04640700117480788,0,2.672608756816,2.54703919745438
idom1241,atla1278,-1.3178487243912165,0.028829677342367736,0,-2.3432676841834503,2.1253894972789
idun1242,aust1307,0.9324127415057862,0.02386558390915759,0,-0.5632773696369999,2.06836532157081
nucl1417,atla1278,-1.699478853795325,0.027224457503565096,0,-2.6796416324049996,2.15067198275141
ikkk1242,kuli1252,-0.33646407250298527,0.02211626013986038,0,-1.83612119649,2.47748945876957
iliu1237,aust1307,-0.5204741547217984,0.027821741655878755,0,-1.4093993238785,2.075910870473355
ilok1237,aust1307,-0.4869927458540513,0.023524383956029474,0,-0.8278933569425,2.05319991646854
ilon1239,aust1307,-1.1930041537307021,0.035803442071937544,0,-0.915788855756,2.063378143981335
imba1240,quec1387,2.85653291532519,0.040981206328230664,0,1.4332320478475,2.3502334880907396
imon1245,bord1247,3.0326670380922853,0.05047426103039511,0,2.60377600744,2.5506875740383848
ingr1248,ural1272,-0.8446756239981437,0.018435344461635295,0,-2.150565171505,2.134965651467895
ingu1240,nakh1245,4.360012997733528,0.022694101802885967,0,1.33605597781825,2.660845912366675
alba1269,aust1307,0.5123239291429298,0.019036741093127606,0,-0.6874670540625,2.04690363382669
iqui1243,zapa1251,0.9610482736107739,0.025875128610142833,0,0.76430592003175,2.3328801270457697
irar1238,aust1307,-1.8406620262417759,0.026681815145643942,0,-1.27781229067,2.0800582120151203
iris1253,indo1319,0.45375576083897545,0.027880298441277283,0,-0.04659471570725,2.186868526175485
irul1243,drav1251,4.112150485659594,0.03697657970817697,0,2.56617722090125,2.798852887000795
kris1246,skoo1245,2.8660627948551394,0.03137759967410038,0,2.5989555400724997,2.528649074308465
isco1239,pano1259,3.6240138953621193,0.043064771859332864,0,1.7685631992177502,2.3317909523839697
isir1237,kwer1242,2.6349932057093572,0.04763726673067076,0,2.6853056771057497,2.4938306662689653
isna1241,aust1307,-0.9453965507671069,0.03142333824697439,0,-0.94521269158635,2.06155948604283
ital1282,indo1319,0.6084515557644168,0.012761558757294079,0,-1.18642416194655,2.1331817811294354
iton1250,iton1250,1.3773984633353251,0.05221993968249301,1,1.1614666545491001,2.4326954936092653
itza1241,maya1287,-2.63989386954358,0.022830063898896254,0,-1.570581722525,2.35417879604613
iyoo1238,nucl1709,4.087223481345075,0.0498463686427106,0,4.286986823735,2.45032939410624
jahh1242,aust1305,0.2781516137813964,0.012625451768160937,0,-0.387129908350325,2.0457416563347
jalk1242,mand1469,3.9994132965433042,0.06657409577500022,0,2.55903346231102,2.54756289263621
jamb1236,aust1307,0.5778125536560653,0.022829344126477913,0,-0.9642944441025,2.0235334308412103
djam1255,mirn1241,4.040463523471601,0.016729766550815206,0,2.7914998938875,2.55711210822072
jams1239,dogo1299,1.9950756312253453,0.05347870237643786,0,1.7266060878924998,2.66636190224501
nucl1643,japo1237,3.5239266524951836,0.028548766285265027,0,0.7549988991450001,2.548620233982215
japh1234,sino1245,2.78030053372398,0.015354416165339169,0,1.1769790013205998,2.187586658034225
jaqa1244,ayma1253,3.545546776742277,0.03701640833589831,0,1.226565116223,2.372652184012345
jara1266,aust1307,-1.0663329340003362,0.023832478150728347,0,-0.968175777171,2.02409580360882
jede1239,aust1305,1.1602720945986589,0.018447938716001613,0,-0.52831628751475,2.04718639036832
jehh1245,aust1305,0.11624556142648475,0.014192935201715553,0,-0.61964236246475,2.054699976098595
jeha1242,aust1305,-0.4471959495096472,0.020051623530905074,0,-0.5098414155095,2.04792784737
jina1244,afro1255,-1.5321646173629162,0.025967689678913507,0,-1.5112252443949998,2.093295917450005
jjuu1238,atla1278,-1.7561251316700857,0.024002146203154544,0,-2.1586432325300002,2.1468535108011952
juan1238,aust1305,2.7404264774062455,0.026662151922228892,0,-0.2894254327125,2.1073335929243298
juku1254,atla1278,-1.6154434779241393,0.03060101274502562,0,-2.7199594901225,2.138135801819285
jurm1239,cent2225,-1.6458102177413716,0.027390567174274367,0,-2.4774960151075,2.1259978713128653
kaba1281,cent2225,-1.4130092208640512,0.02409725920378254,0,-2.6449251014225,2.108251325178645
kaba1278,abkh1242,3.927229634403936,0.01958157504031897,0,0.7944853449895,2.58702373890125
cent2100,aust1307,-0.319372554023053,0.020264227825289936,0,-0.879754797261,2.0573368015212896
kado1242,sino1245,2.288420557379319,0.018794453948659737,0,1.251918407087,2.180224788859655
kafa1242,gong1255,3.182651632487738,0.032788672446936354,0,1.863579109048,2.47272886134572
kagu1239,atla1278,-0.5026368564197378,0.03666187013781669,0,-1.9155881143375,2.0365972055729102
kaik1246,sino1245,4.695411629419322,0.04738404088811434,0,1.3576704795245,2.2159743561427447
kair1263,aust1307,0.7994243220699333,0.029783974837977907,0,-0.90925446743175,2.06211744289856
kaki1249,kaki1249,3.2925563117986005,0.047594213700247995,1,2.650850152585,2.5451907018544047
kala1399,eski1264,3.399108769047106,0.03964262927205241,0,1.4879876126295,2.4691492829311548
kala1377,pama1250,3.363121019187787,0.05737306475017889,0,1.1544951327461,2.35510385437737
kala1384,atla1278,-1.7352022090324972,0.03030471547805753,0,-2.03390594407575,2.05638933242039
kali1308,sali1255,1.8097031615080128,0.03449354680705196,0,1.0611420407474998,2.2782351657775797
kalu1248,bosa1245,3.7625620994835343,0.04891581748569256,0,2.7753067332,2.539113118127315
kamm1249,atla1278,-2.5167739100333772,0.03475607647210432,0,-3.03329448059597,2.12546750622504
kama1367,nucl1708,0.9643008277433586,0.04399223318334835,0,0.9149921186150001,2.33015514270561
kamb1297,atla1278,-0.1829703833490843,0.02233271362274992,0,-1.7882986968824999,2.03993017272371
kamb1299,aust1307,0.5952560118174595,0.024573707431666324,0,-0.7673931446310001,2.06818220925038
kamo1255,nucl1709,3.8639916598063215,0.03296237911209313,0,4.2413400923525,2.45869973474371
kamu1260,kamu1264,3.8813939363684833,0.03966696745243645,0,2.75001141629775,2.540433057842125
kana1286,aust1307,-0.4276353799417667,0.03439296267983785,0,-0.58378555311425,2.1316288114007254
kana1288,daga1274,3.802171462531469,0.05732848143723837,0,2.76111112164325,2.5979838604443453
kani1286,nucl1709,4.509388480773817,0.04820671121943577,0,4.146555070558749,2.454501813399045
kank1243,aust1307,-0.675830731823529,0.02911643753091815,0,-0.8333789946504999,2.0568317377001604
nucl1305,drav1251,4.247183811271057,0.033720133631154024,0,2.562019733945,2.79523664982339
bidy1244,atla1278,-2.0430905893594065,0.03319115778680039,0,-3.166071684695,2.1873638341955752
kaqc1270,maya1287,-2.8192403078748622,0.025516254052510953,0,-1.48673762170275,2.358738386443505
kara1482,cent2225,-2.065453442790274,0.03407011043759485,0,-2.58941317518925,2.104673012169085
kara1500,nucl1710,2.0825344500695326,0.035330067453920894,0,1.1453293676365,2.347210103657825
kara1487,aust1307,-0.6956112618035464,0.02540711053333572,0,-0.95209436289325,2.06199050662398
kara1486,aust1307,-2.528961943753509,0.03359355582421396,0,-1.1541298317905,2.05543507851776
kare1338,atla1278,-2.6163099826646863,0.020101361791321826,0,-3.34646322177,2.1182519255289396
kare1335,ural1272,-0.2599841446653133,0.01456294416648748,0,-2.1702885300927504,2.134199574723765
kari1311,tupi1275,0.6482267759456808,0.024774977894558424,0,0.208074726442,2.27389405124839
kark1258,pauw1244,3.163721206088616,0.08070391415652282,0,2.5887015998100003,2.531040813626465
karn1252,aust1307,-1.9544985678296385,0.0248089234016515,0,-1.3617757173767502,2.05668063309776
karo1304,karo1304,3.652446378249921,0.02070733354229054,1,1.20905972659475,2.4949122040265648
kash1277,indo1319,3.1228841018296762,0.08785339579429627,0,0.6406751147512499,2.28433544514609
newa1246,sino1245,4.759242085822004,0.0245550647746754,0,1.35009161289375,2.23703938069772
kats1235,sino1245,2.066929752419972,0.01550533878740588,0,1.473793161005,2.19118118981873
kaur1271,kaur1274,3.0357582642153957,0.03933347606923278,0,2.746492578551175,2.56567838766981
kaya1315,sino1245,-0.6464415419334345,0.02829509428697082,0,0.582863924858,2.13512508624167
kaya1319,tang1340,3.924922510158763,0.033494685353140985,0,2.790224439905,2.523478547817645
keap1239,aust1307,1.9381910190353415,0.027745753728170706,0,-0.6431028236335,2.0554995757967998
keig1242,kadu1256,-1.116709906275638,0.027918904552795797,0,-0.22249778960799999,2.596830224816645
kele1255,atla1278,-2.6749108703352524,0.04012842670316116,0,-2.377527072375,2.089663882677685
kele1258,aust1307,-1.661046411220398,0.02201059579108233,0,-1.3578459536375,2.078277798353835
keng1240,cent2225,-1.053108803611737,0.030961393766842774,0,-2.6516379510675003,2.096861086639425
kenu1236,nubi1251,2.589818975562748,0.037667165084728206,0,1.5461294511575,2.771818525037175
keoo1238,aust1307,-0.042642773737914905,0.02581051645429299,0,-1.1381336925949999,2.0692355256435153
kera1255,afro1255,-1.3797614106105214,0.027499506708790592,0,-1.0449561967204999,2.103650476650535
kesa1244,nucl1709,4.490222129025396,0.04416603290726029,0,3.9433958396825,2.5222437176088404
kett1243,yeni1252,3.7391230842539227,0.025902737815793803,0,1.64863851485,3.1834568102614647
kgal1244,atla1278,-2.0256843040543506,0.024474298185073125,0,-1.9401915774475,2.031714821070855
khak1248,turk1311,3.905155647483342,0.029131980645564545,0,1.5007576036975,2.419476104372915
khal1275,sino1245,4.630377947854984,0.019165171456476615,0,1.3413459722024998,2.23917580525293
kham1282,sino1245,3.9340262865114193,0.03057624248355915,0,1.4360453062625,2.21767520069422
khan1278,atla1278,-1.6905157639307373,0.01651650966585977,0,-2.74369564431625,2.14813104978162
khar1288,sino1245,3.4388488219865456,0.018516316782185016,0,1.4665328926689751,2.230283760439145
khez1235,sino1245,3.5010274619401516,0.013696711346222927,0,1.3415529566735,2.229091331748855
khin1240,nakh1245,4.471001983209291,0.02359656951934647,0,1.35150583343975,2.627149609220055
khmu1256,aust1305,-0.6086643564564,0.022865289010867543,0,-0.5181903849125,2.0503667253844897
guan1266,sino1245,2.6127877825583883,0.014058587833470417,0,1.185794874361,2.199621106563895
khva1239,nakh1245,4.466888282788535,0.028077286731563376,0,1.38794907944,2.65392372550482
kich1262,maya1287,-2.8557602259877815,0.02756244761698097,0,-1.4952058993775,2.356831460433135
kiku1240,atla1278,0.1955670415059285,0.03371292109942846,0,-1.94505398110475,2.03815797513252
kile1243,tung1282,3.7917765400799666,0.023173778792369638,0,2.7465734563375,2.972726031558835
kili1267,aust1307,0.08582461984752204,0.02579545976407171,0,-0.834915627597,2.0454624753191153
kima1246,kolo1268,3.673203469130123,0.04770688200909225,0,2.78595899122825,2.51156204673962
kima1244,aust1307,0.3186673987816442,0.026933116955405276,0,-0.89981864676725,2.0565009415095297
kimm1245,hmon1336,2.3547475568115326,0.021784118238772382,0,0.37321191491945,2.219529757158395
kina1250,aust1307,-0.4648735673078579,0.012961576297655392,0,-0.8160422832600001,2.05556494480453
kinn1249,sino1245,4.451003645492191,0.05405042265186985,0,1.37817879195852,2.2240537192016347
kiow1266,kiow1265,3.5974803953536805,0.026781781739764834,0,0.96979048541975,2.465882747980785
kips1239,nilo1247,1.2856908167108898,0.029941055210035938,0,-0.67253263892325,2.2526100101423747
kelo1247,timo1261,2.7591706609472295,0.040834161707577504,0,3.398035443345,2.52218056930675
miju1243,sino1245,3.1853394684830216,0.019417635836118496,0,0.919283259357,2.168492363311065
kobo1249,nucl1709,5.05931472399103,0.043299025383727124,0,3.9369246106425,2.53297874629814
koho1244,aust1305,0.9002117028250738,0.021256794838411218,0,-1.00842385720825,2.0524746029553897
koir1240,sino1245,3.4233176748946548,0.013741520574452562,0,1.4237019121078,2.2337949823555654
koit1244,koia1260,3.97943083950785,0.04452327402002587,0,2.7550934710624997,2.58608839604875
koko1269,aust1307,0.08077000934398465,0.02207067608115878,0,-0.87504110273,2.043485724505905
kola1285,aust1307,-0.2000202067626334,0.017946157978289065,0,-0.85742253841755,2.07899813084915
kolb1240,atla1278,-1.432786872430726,0.03738503069080104,0,-2.9895335869624997,2.099525817098205
kolc1235,atla1278,-1.4863948580364512,0.024322181097401942,0,-2.479870941375,2.10379590032396
kolp1236,kolp1236,-1.1755586909170974,0.019084495256277093,1,1.9797404887674999,2.4889133971541604
kolu1245,aust1307,1.6533609854644808,0.024960730609616445,0,-0.5803553221044999,2.0744943482182396
komb1274,nucl1709,5.194036152854789,0.03574607357833076,0,4.2372448599774994,2.447970306186755
komi1269,ural1272,2.11020201335925,0.0226691524126133,0,-0.72333705292925,2.242311199653475
komi1268,ural1272,2.0534418732079764,0.02193037095648959,0,-0.727103096037,2.2457648798543
konk1267,indo1319,3.081742642415817,0.07551319063619447,0,0.668044988289875,2.28113657777435
kora1294,nucl1709,5.172773800666301,0.05026217327233748,0,4.2217500564875,2.44861643965528
kore1280,kore1284,3.3760574865729858,0.030006506189081777,0,1.499832424805,2.995457851816045
kork1243,aust1305,2.9106763295080547,0.05340574127585831,0,-0.2943973544045,2.0959897548683104
koro1298,atla1278,-1.0394375065044983,0.03320097816145034,0,-3.1918802432525,2.12900566736632
koro1312,nucl1709,5.14957741644273,0.035670800429363526,0,4.235212629025,2.444673630406255
kosa1249,nucl1709,4.861652923497481,0.04854633192869536,0,4.252903002957501,2.4588471005724646
kosr1238,aust1307,-1.0378074446733274,0.014768753175246025,0,-1.43323467083375,2.04566461271044
guan1269,tuca1253,1.6809403416327338,0.03231061426318793,0,0.24643107085,2.35233364607998
kove1237,aust1307,-1.7216088164632435,0.029977017333739718,0,-1.308466040211,2.07132924014202
koyr1242,song1307,1.4985827906135136,0.031614175924213825,0,0.6633072164791249,2.3147163778926902
koyr1240,song1307,0.9967339967309652,0.026653965874270474,0,0.5854851188222,2.312918120855655
kren1239,nucl1710,3.014861409810031,0.03387586740540709,0,1.1335208493989999,2.323338386825415
gbay1288,kres1240,-1.7358631306912082,0.03135409865339021,0,-1.22125954275675,2.58388891831736
kryt1240,nakh1245,4.467190005429018,0.016152613034742577,0,1.366331005285,2.674149721133195
puoc1238,aust1305,-0.08491170103684251,0.022788173323836813,0,-0.40477211071025,2.052039745221575
kuan1248,aust1307,-2.4836318211387596,0.013443761992610178,0,-1.107797784358775,2.0615204962942304
kuii1252,drav1251,4.574262617979478,0.047885848060052916,0,2.54347802450825,2.8049001751473996
kuik1246,cari1283,1.9868766857950024,0.044271479695823526,0,0.6908745618402501,2.25009130775529
kuku1280,pama1250,3.0923785117896063,0.059676929659272515,0,1.2893886419494498,2.339866588401585
kuku1273,pama1250,2.8668715577270447,0.04348518860550737,0,1.2576436400375002,2.355796826783145
kulo1237,aust1307,-0.15109675542958045,0.035774096475165176,0,-0.411226813006075,2.16272381122721
fait1240,nucl1709,4.672160282629774,0.043249018108956205,0,3.9457344272525,2.52667842418281
kuma1280,nucl1709,4.865287149295429,0.05282338982179188,0,4.1823497285224995,2.4410579721409302
kumb1268,pama1250,2.0401411534232494,0.040433366776734446,0,1.4163058686425,2.3602974357903452
kumz1235,indo1319,1.3185583979800302,0.04338381841291108,0,0.742165995535,2.2708849271325553
kunb1251,gunw1250,2.8869681601181574,0.04275677423848696,0,2.890157304365,2.52316148684751
kuni1267,kuni1270,2.589586579062751,0.0535819725204246,0,2.88275538026225,2.51387077345905
kuot1243,kuot1243,-0.8260782860276916,0.018238761218332143,1,1.6791167573615,2.481330122093905
kurr1243,pama1250,1.1681455227833593,0.04315270159382526,0,0.997076419786,2.30406456785254
kurt1248,sino1245,4.13790430560875,0.019042880947224994,0,1.4081598123935,2.2053121166119753
kusa1251,aust1307,-0.552365324069773,0.021774227449557784,0,-1.3208725865015,2.0585999369842654
kusu1250,kusu1250,4.432546962716632,0.03182133273409817,1,1.4608087500987499,2.988697865725995
kute1249,kute1249,2.7440257476172305,0.03794852897300759,1,1.3022802341722501,2.43571484889864
kute1248,atla1278,-2.4866603811204175,0.025114745832308435,0,-2.674644127050275,2.1379423590702853
kuyy1240,aust1305,-0.3559558362216957,0.015800970890137808,0,-0.638005501376,2.04193509375067
kwai1243,aust1307,-0.386761534718774,0.028252932037787077,0,-1.42862313163375,2.06662965042544
kwam1252,aust1307,-2.3044123562107304,0.020691475787353784,0,-1.458763918841825,2.07764026743909
kwar1239,aust1307,-0.39754968750120756,0.027584473155955996,0,-1.41594239895875,2.0706751095099003
kwaz1243,kwaz1243,0.09470159164208675,0.024303346093758536,1,-0.48103718570349996,2.40080685329082
kweg1241,surm1244,0.9910741425052763,0.02081322548911992,0,-0.6995136925525,2.279359139134235
nucl1595,kwer1242,2.6857595491811184,0.073229428938976,0,2.6879733694575,2.491163906429745
kwin1241,worr1236,3.6661151911884584,0.05381651853239463,0,2.7978325690625,2.54984643956247
kwom1262,sepi1257,3.6250704053023766,0.0477520327807621,0,3.3194389427825,2.4883414188513653
nucl1593,kwom1263,3.028344259773752,0.04151997143258029,0,2.77945350722,2.605533937058225
kxoe1243,khoe1240,2.7160562001897626,0.05393739415511909,0,1.07605483386279,2.7842102929341452
kyer1238,sino1245,4.725757183215732,0.03531327703218201,0,1.425716447655,2.211437713250225
cori1240,atla1278,-1.8370280191064636,0.02826652803179767,0,-2.5554893947333497,2.149518458754245
laal1242,laal1242,-1.2871951489202407,0.040064692613227024,1,-1.08459909243,2.664326918098935
labu1248,aust1307,-1.107988740340109,0.024640829387620664,0,-1.40128859578475,2.05444986694579
labu1249,aust1307,0.09687150454514155,0.03830015274554629,0,-0.7877871785845,2.057158590354065
lach1248,taik1256,-2.6032027629076655,0.03689484866765697,0,-2.7217868846549997,2.277458315864055
lagw1237,afro1255,-0.6838852423443258,0.018310468545579314,0,-1.50957179634,2.093291436582165
zaye1235,sino1245,0.7907328256503674,0.023443926919141593,0,0.5299784277699999,2.13739367134067
lahu1253,sino1245,2.3398352974786443,0.011402540232194416,0,1.45899946603075,2.1994584505820347
lahu1252,sino1245,2.5735846377870484,0.010428583287073832,0,1.45214131838,2.19495933686741
laiy1246,aust1307,1.0755170451761231,0.0384790125046508,0,-0.198729974033475,2.069336047099345
lala1268,aust1307,1.6312073071539774,0.029074649995534545,0,-0.643435354835,2.05296334362066
lala1264,atla1278,-1.228469114623273,0.023606264397692044,0,-2.0147727347635,2.050188758388785
lama1277,aust1307,0.15900239866561106,0.028392492492400785,0,-1.213330489321575,2.069614406585955
lama1288,afro1255,-0.09930144746648305,0.02404609743459801,0,-1.51909904327525,2.11876942379713
lamb1269,indo1319,3.0776652473370723,0.06732785466245907,0,0.6312603317405,2.2749215793274598
lamb1273,aust1307,0.6448977891598182,0.02084584494358474,0,-0.777596061855,2.0734117494482502
lame1260,aust1307,-2.630208093243655,0.02609706463561896,0,-1.323729371576575,2.061664111997465
hela1238,sino1245,4.740158151814379,0.03495899190276338,0,1.426738373615,2.2061954141752
lamk1238,sino1245,3.086274558614657,0.017320746360037817,0,1.4482002603575,2.228997932636165
lamo1244,aust1307,-2.2699183390772912,0.02595917244600831,0,-1.2775414018325,2.0579596600363352
land1256,atla1278,-0.9154032243135801,0.03506449071549589,0,-2.7493066433605,2.13521012386025
laoo1244,taik1256,-2.0993854518599324,0.03603360941187635,0,-3.04256403831175,2.2517076255315454
lard1243,tang1340,4.027475382795078,0.030849785746748817,0,2.786804619807175,2.51728113686298
lash1243,sino1245,2.60341322710711,0.015329042328873011,0,1.4813686380975,2.194165558643185
teke1275,atla1278,-1.0351216316856608,0.027991003631131776,0,-1.98177448621275,2.06387270005765
latv1249,indo1319,0.9503503055310267,0.01729061555296751,0,0.03674782646075,2.18941264714194
lave1248,aust1305,-0.503933661143842,0.025182702216926124,0,-0.997832389945,2.071669878294455
lavu1241,lavu1241,2.7975138615615833,0.042171222277821045,1,2.7329648092224996,2.618141610456245
lazz1240,kart1248,4.051362516974938,0.0383993012181982,0,0.8915399013950001,2.67456023102153
lega1249,atla1278,-1.8299450054245305,0.02513408997756736,0,-2.1192716528992497,2.06662478943525
lele1276,afro1255,-0.3591711540616074,0.017605206250691216,0,-0.8354182717005001,2.103725331155455
lele1267,aust1307,-1.8304563208669065,0.03121085961563207,0,-1.327763631592,2.059024716653155
lemb1266,nucl1709,5.142790513616151,0.04375461479957811,0,4.1633322483074995,2.458319882697145
leme1238,aust1307,-2.467476741340509,0.03010882481593095,0,-1.4273919798105,2.052911397426655
bela1260,aust1307,0.1174829636508745,0.024185587350812904,0,-0.8734730240749999,2.060705267400265
lena1238,aust1307,-1.6857627132830388,0.024911701250155176,0,-1.4630938488575,2.06605496303414
lend1245,cent2225,0.257920956693783,0.01928427818829822,0,-1.7094478413935,2.1470447866291797
leng1259,aust1307,0.034550198971801296,0.032464790257292084,0,-0.9331475973735,2.0565951270574496
lepc1244,sino1245,4.501299700694938,0.031218589610125313,0,1.313920380469,2.247659471338415
lewo1242,aust1307,-2.5249200339959,0.019586255777299267,0,-1.3290251928024999,2.0557094825521
lewo1244,aust1307,-0.34262441158361256,0.026446356659169744,0,-1.1350699704825,2.05913958271863
lezg1247,nakh1245,4.463274612828098,0.021890992870845664,0,1.37449710506325,2.6593038245996903
libi1244,atla1278,-2.8695741122929723,0.02152412602337471,0,-2.5005260806900003,2.0646344034580952
liby1240,afro1255,0.3591387358030768,0.023999589807959944,0,0.430049187712,2.061187873414215
lihi1237,aust1307,-1.6243321728641194,0.015528338159034778,0,-1.2079260377807501,2.05583257920759
lika1243,atla1278,-2.3831968667778045,0.02071362263007824,0,-2.35599193529864,2.10974882326516
nucl1327,limi1242,2.679140364286271,0.04936816420920415,0,2.74434458232,2.53198087531665
lipo1242,sino1245,2.020160635847147,0.014602239748769442,0,1.4902843227767502,2.1810036791111047
lish1245,afro1255,3.427706710101532,0.042862602593889895,0,0.8062044742775001,2.174891197748675
lisu1250,sino1245,2.6060771190361196,0.016930281757113124,0,1.4830053366765,2.1867356767738304
lith1251,indo1319,1.4828117338721567,0.020365203910421428,0,0.043145548308,2.191027843112335
lito1235,atla1278,-3.0741459198217607,0.0230002915013642,0,-2.500444245265,2.063053413945665
livv1243,ural1272,-0.8605879905400149,0.021485157891738826,0,-2.178843623845,2.130767367888
loba1239,atla1278,-2.8023619289690433,0.02552890382171797,0,-2.4562759609966,2.066544715757845
logo1259,cent2225,-0.5291573119261563,0.024801294587669147,0,-2.2801976897125,2.16421320908146
balo1261,atla1278,-2.3229688638253507,0.025233155403697135,0,-2.50431620678,2.071849207531455
loka1252,atla1278,-1.7354804202212395,0.0351983565554488,0,-2.7295380173500003,2.153138023839195
araw1276,araw1281,0.5790811585338944,0.04056579093375127,0,-0.33668346568975,2.1779419889692
lolo1259,sino1245,1.991310095866543,0.015820547350762347,0,1.4949648589055,2.18249000453061
loma1260,mand1469,3.629766127691161,0.051645517365359765,0,2.5624313417392504,2.55038415649682
lomb1257,indo1319,1.1486203377783513,0.018152007824761365,0,-1.0460674388212499,2.11578474001253
chiq1248,chiq1253,-0.48168646167119933,0.01836149203969621,0,0.01594540179825,2.37933341198921
acha1249,sino1245,2.641055613039251,0.013229867946926611,0,1.483097796387,2.200890696113485
long1395,aust1307,-0.060926573068258896,0.018739918241737832,0,-1.104865259104,2.05752744963532
loni1238,aust1307,-1.7291096752561053,0.02164197683001788,0,-1.3459304889585,2.08837790883839
lote1237,aust1307,-2.243119035043953,0.012059311171052646,0,-1.317404079765,2.058514574212335
loth1237,sino1245,3.5781493670650732,0.013487707069016608,0,1.3624423704025,2.2336256580900447
louu1245,aust1307,-1.7396794431408684,0.020028920144814596,0,-1.34231488399101,2.065908739188405
vano1237,aust1307,-1.520855723172417,0.025953780873863994,0,-1.333768511102,2.0758649082730747
lowl1260,tequ1244,0.785298635882585,0.06401636670616588,0,1.125888865695925,2.43066350447222
lowl1265,utoa1244,1.367815433116685,0.03575531542224987,0,-0.6935150338157501,2.244832255317535
lozi1239,atla1278,-0.17353513669225445,0.018558915126296538,0,-1.82471471620495,2.02849662820348
luan1263,aust1307,-1.036786260924676,0.025882914196682382,0,-1.3776054389835002,2.07889929520405
onto1237,aust1307,0.21019169111487873,0.022844060648006377,0,-1.04644250855525,2.01453843835975
luch1239,atla1278,-0.8131164170344864,0.02065753365220629,0,-2.2990070718185,2.0844329742177052
ludi1246,ural1272,-0.4575690852749046,0.023599449257512718,0,-2.1799860920885,2.13537825559264
lugb1240,cent2225,-0.24440203987545245,0.026200841059415652,0,-2.27611882977625,2.1714984005460147
lugu1238,atla1278,-0.2188829675937371,0.02412084714033574,0,-1.700356911925,2.04574896770848
lule1254,ural1272,1.6024420171743106,0.021440145859176526,0,-1.205549252523,2.15195177908776
lumu1239,narr1279,-1.79056254123061,0.03217675667739496,0,-0.8081691143595,2.5227717544549053
lund1266,atla1278,-1.5019123891416903,0.022457344474305207,0,-2.3192739209125,2.09103674081755
luok1236,nilo1247,0.9068094891673308,0.029686283692780754,0,-0.51237452379125,2.23273793253734
luse1252,atla1278,-1.864794634251248,0.036221413345801375,0,-2.159740258945,2.050131374243
lusi1240,aust1307,-1.6840008766005372,0.03218266031571073,0,-1.3075884798500002,2.0671207895324546
luva1239,atla1278,-0.6989740925031935,0.016560510656750054,0,-2.101317957976,2.082734167382725
luya1241,atla1278,-0.9276136164328543,0.03412202535827226,0,-2.39785796570675,2.10848746230989
maan1238,aust1307,1.0116773268398291,0.02989633946658758,0,-0.5526796405050001,2.06855896096641
maas1239,atla1278,-1.0336940365197038,0.03205777825706893,0,-3.2988844250875,2.1728265234262647
maba1270,atla1278,-3.0141423367452975,0.0316601670199049,0,-2.49455987144975,2.077468037690435
maba1277,maba1274,1.8963097517867549,0.04722573677968242,0,1.519852572749,2.6796695863518547
mace1250,indo1319,1.2516636829570436,0.01936656959025539,0,0.0211283273125,2.16701927253824
mach1267,araw1281,1.9320404600653764,0.05269711080338983,0,-0.015743835407,2.153972926985285
maco1239,sali1297,2.0643049758812193,0.03803698994186514,0,0.91536601062325,2.38666042758957
macu1260,tuca1253,1.2865896703129773,0.02017254659528325,0,-0.0467729965725,2.328699952804925
mada1285,aust1307,-2.5829200344061274,0.024897054022212883,0,-1.1575432956715,2.062087811754635
madi1260,cent2225,0.14504581278114065,0.029957253957255795,0,-2.0207831554675,2.169980048253565
jama1261,araw1282,2.33823070046475,0.04239056067175633,0,0.9867218277115,2.382968522337995
madn1237,east2374,3.9988424117464425,0.04192751633518495,0,2.5467796680925003,2.66498221183154
nucl1460,aust1307,0.5456596177800935,0.010389537138148256,0,-0.6685662334975,2.05958313105592
magd1235,otom1299,0.0499316620130209,0.024387647551441984,0,0.60501798818825,2.25562866930913
maia1253,nucl1709,4.7083742955316445,0.05777104923261948,0,3.9387031405900004,2.5144772439374696
mail1248,mail1249,1.3986726902532423,0.04567467804717987,0,0.615828113584775,2.446753910254245
nucl1594,mair1253,1.6421321166656777,0.031119448853044882,0,2.807062166535,2.52125612548577
mais1250,aust1307,1.4752152902907314,0.022570851119409357,0,-0.6668326923675,2.054667702130865
mait1250,indo1319,3.543068036075675,0.0555103394925476,0,0.66702621093,2.278320067344265
maja1242,surm1244,0.6644270597180746,0.027383246186673944,0,-1.097627829775,2.290607193709045
maka1304,atla1278,-1.503612721875914,0.02555069832939839,0,-2.490960816545,2.0967474986647403
makh1264,atla1278,-0.198913601132039,0.019326580925267768,0,-1.8488646080025,2.042512902723675
makh1266,atla1278,0.2875765116630998,0.018624727600593107,0,-1.756492100146,2.040290799021345
mala1463,drav1251,3.953429293396926,0.04162413369128715,0,2.5628128230275,2.80042510090846
mala1534,aust1307,-1.028993376106789,0.03143892953069181,0,-0.94026612159375,2.05364617762765
mala1464,drav1251,3.9999438176590116,0.04042113329692827,0,2.5641296901975,2.787748066748305
mala1522,chib1249,2.193813381296275,0.024918785545808644,0,0.8900684997595,2.256851916749495
male1284,gong1255,3.3275022432338934,0.04266172399057908,0,1.83464664261075,2.4995614619746798
male1297,chib1249,3.1327427944010164,0.032707504170112346,0,0.94514951809475,2.28253044699444
male1289,aust1307,-2.1720159759870743,0.025793273841277456,0,-1.31821982549625,2.054469670456925
malg1251,afro1255,-1.1575189373610737,0.02100952621297691,0,-1.0700635935762501,2.082971082238645
mali1284,bain1263,-1.371887699416539,0.021696313344896592,0,1.52285854418425,2.421136987000115
mali1285,otom1299,-0.749964240191225,0.026120951524328025,0,0.443228095620644,2.2477640532576
malt1254,afro1255,1.974537670068862,0.03224959087605834,0,0.41727057703250003,2.068480315874825
malu1245,aust1307,-2.727076331105466,0.00910831228143752,0,-1.2899607327512501,2.04973361296727
mamm1241,maya1287,-2.923288538092893,0.028298007729263875,0,-1.46971732897775,2.369329196220245
sauk1252,nucl1709,3.452599829335571,0.039471864732279704,0,4.2926861928375,2.443158453875805
mamb1294,atla1278,-2.3841675102694104,0.028417829605004122,0,-3.376636900735,2.12378835841636
mamb1296,atla1278,-1.2939445759106394,0.023692702812508928,0,-1.96954303427925,2.06283488848903
mamv1243,cent2225,-0.2045892124866866,0.03135875184289349,0,-1.759964545024,2.12161669702488
mana1295,aust1307,0.8519552135500275,0.022865197240238284,0,-0.9780600500475001,2.0481990892440898
mana1298,nduu1242,3.4437116870755338,0.051764051916813256,0,2.8719670822415,2.50067772261843
mana1288,sino1245,4.723152349967669,0.04034784596404824,0,1.372243227815,2.2205610409501197
payn1244,nucl1709,4.892752108548358,0.05334318331693337,0,3.94136617026025,2.518906169402825
mand1440,aust1307,-2.4586328675946465,0.03281515849432559,0,-1.1980181098775,2.05688541782682
mand1415,sino1245,2.0003302482987397,0.011082754841450927,0,1.20051217314,2.166911373422395
mand1436,mand1469,2.1411397667899714,0.06313014512263694,0,2.58686806935,2.54202673899549
mang1378,aust1305,-0.6957601648882888,0.015581155968311191,0,-0.87177595867415,2.0490202631328147
rapa1245,aust1307,0.36967145777272137,0.020025230029567315,0,-1.089892484883775,2.005767274609015
mang1401,aust1307,-1.024099182043045,0.031243164145622393,0,-1.2490024030465001,2.008275222561105
mang1381,mang1423,4.16906315731474,0.030729264576666977,0,2.641089740395,2.54574635547983
mang1394,cent2225,-1.1113564855492597,0.01828370028009729,0,-2.21774277335,2.10586861995112
mang1404,aust1307,-0.6794954479138211,0.037772816306496516,0,-1.0840711419705,2.0624652071172997
mang1405,aust1307,0.523974651337969,0.033821733861287014,0,-0.904646093036,2.07132990937143
tong1308,aust1305,0.4580052804072089,0.016645757592775205,0,-0.44140159725399997,2.0474702463625754
mann1248,mand1469,3.394984532019148,0.07051261173410446,0,2.52856601581125,2.5699690505212454
maon1241,taik1256,-3.261999731683351,0.03527002592892168,0,-2.9782335358125,2.249156159707425
maor1246,aust1307,-1.0465371291112104,0.029256544155197864,0,-1.2383446530117501,2.00967564389016
mapo1242,aust1307,-0.9467520278359872,0.02412210120528935,0,-1.1966060065300002,2.0592146694838753
mapu1245,arau1255,2.954574982805042,0.03392602087564769,0,0.9619087001983999,2.47095555436927
mara1382,sino1245,2.495660831138702,0.013499076909891074,0,1.44101596512875,2.220143942113845
mara1399,aust1307,-2.7165432096367255,0.02615343471099878,0,-1.3224786554675,2.05685187484152
mara1404,aust1307,-0.634965308034232,0.019211862222399265,0,-0.48171350715149996,2.0652518379433804
mara1386,west2434,3.9884963813261645,0.05553500710257566,0,2.70366043017975,2.56587972580083
mara1378,indo1319,3.1826928068300155,0.07123009511909172,0,0.6661962801455,2.2810109745233698
marg1265,afro1255,-1.1077110687607465,0.023851041041267423,0,-1.46626151633915,2.095266037939275
mari1440,coch1271,3.9214446213533343,0.03232049590462531,0,1.01227960732455,2.4301964212295797
nucl1622,anim1240,3.7673314418617068,0.027775875765876056,0,2.6209695821525,2.51558345456991
moro1289,moro1289,3.8606437964196436,0.026381038368293773,1,2.69369451399025,2.5421915374641753
mara1385,mang1423,4.175133712740312,0.034702482505128925,0,2.65206503962,2.561049095706085
mars1254,aust1307,-1.1631167342209248,0.03440085866184294,0,-1.482014814055,2.0479769951551
mart1255,pama1250,0.797266292458704,0.03790031274465734,0,0.75913503024,2.3032619228491553
maru1249,sino1245,2.1621141510862243,0.01634084993793408,0,1.4793942077955,2.205434688075335
maru1252,pano1259,3.235386169398084,0.039110875982125815,0,1.775460852488,2.33382558488089
masa1322,afro1255,-1.4636472719577596,0.021876956621053878,0,-1.3426247788249999,2.1391930786519
masb1238,aust1307,-0.19605561926552145,0.02727949542508284,0,-0.67525436530175,2.049329391005145
mask1242,aust1307,-2.739308105854021,0.024802106599900033,0,-1.22409894335025,2.05435669438949
matb1237,aust1307,-1.47853833244586,0.027184472113663746,0,-1.3861170564765,2.087617572113545
kemb1249,aust1307,0.5981593816593183,0.031225237665063407,0,-0.730187870185375,2.067856521623005
mati1250,aust1307,-0.4131748613479242,0.027449677252081223,0,-0.9182260049125,2.06648757654457
mato1252,aust1307,-0.5960036615531215,0.023116442331632257,0,-1.2983222365275,2.052595782112705
mats1244,pano1259,2.9330897639810067,0.0405157665914917,0,1.66671446667025,2.34849301236568
matu1261,aust1307,0.6002673912528116,0.02558785586168043,0,-1.1070393164647498,2.05110136592817
mauw1238,nucl1709,4.61598861319213,0.053088681183431095,0,3.9344272003775,2.5186985114256704
maun1240,iwai1246,2.7477060427630464,0.027939730342328314,0,2.70519202715775,2.53862718825112
maxa1247,nucl1710,2.99435969033706,0.026132816304600827,0,1.1465465559865,2.33402787344399
maya1285,misu1242,3.114372892612095,0.05545799906184033,0,0.8712101833995001,2.4404156935815697
maib1239,mayb1237,0.6672142060502961,0.04446850739996051,0,3.4532058365225,2.5498081136804753
mayo1264,utoa1244,1.4390243168109573,0.022155022080498146,0,-0.48998006312925,2.23814763886377
mayo1261,atla1278,-2.3664648047696213,0.030680377363641535,0,-3.41824987496675,2.1270498911455897
maza1304,afro1255,-1.1513363765548466,0.021609663543211196,0,-1.3126175241183,2.102006454410765
mbaa1245,atla1278,-1.8002733562285869,0.02054118287128902,0,-3.44974860884425,2.11426441530528
mban1263,atla1278,-3.1874824825330395,0.0334531833354008,0,-3.362808786124,2.118155350339185
mbar1260,afro1255,-0.6042312540612957,0.02515983616516854,0,-1.3160661324474998,2.07430484422728
mbay1241,cent2225,-2.1570071844029775,0.03326868712386116,0,-2.6233877135464247,2.11367543715832
mbug1242,atla1278,-0.599099206320273,0.025498243263396548,0,-2.119314256815,2.07793090118734
mbul1263,aust1307,-2.0151493600590995,0.026886448254121464,0,-1.2935849422625,2.06049553525782
meen1242,surm1244,0.7033897665616347,0.022096678379179426,0,-0.9811694402625,2.279986262924115
mehe1243,sepi1257,3.410861332987653,0.049762524343949115,0,3.2895882673149996,2.4696286359715103
meke1243,aust1307,1.2072470254788021,0.02725006046424996,0,-0.645592648406,2.05163466706788
melp1238,nucl1709,5.120950253514108,0.04670038986613206,0,4.16362753792,2.4490840850119246
mend1268,sepi1257,3.410316260104058,0.04448482959958208,0,3.32534927630775,2.47547532606544
meng1267,aust1307,-2.460292803098837,0.030593662671669963,0,-1.31190444466075,2.064648804402495
meny1245,anga1289,2.770196479993938,0.04539526719985706,0,2.88593823299575,2.53504676832309
mera1242,aust1307,-2.6090906153481828,0.03228692232413887,0,-1.063434024806,2.0691565448135654
mere1242,aust1307,-2.7324632785764917,0.023105831846245733,0,-1.3938124217449999,2.0565943107450497
meri1244,east2503,4.061589176242908,0.04802645179823906,0,2.7618582696875,2.5338652767184797
meta1238,atla1278,-2.016132871918819,0.025067789448556452,0,-2.836279432125,2.2338129618372102
meya1236,east1459,-1.170992966103321,0.010112695529705583,0,1.825581704495,2.455189863740645
mezo1235,otom1299,0.058144931599364805,0.02265993288473621,0,0.54846713559125,2.237202505925045
mezq1235,otom1299,0.0928968749143875,0.02285764733178129,0,0.782385811568,2.218611083043925
mian1256,nucl1709,5.140008306490247,0.0395409029039537,0,4.251333619637499,2.4444205604586
mich1245,utoa1244,-0.3808089149303806,0.03380601032779976,0,-1.0276173408675,2.218097184293905
midd1357,pama1250,2.0380047367737166,0.04730489575410162,0,1.5013743762045,2.339080591320875
midd1327,aust1307,-0.026414086450373853,0.02653123169206732,0,-1.47017371165475,2.05188577640609
mika1239,musk1252,3.516845486750528,0.04081361890780071,0,1.146817691665,2.39799764044465
mikm1235,algi1248,4.091870118810599,0.036188559220016424,0,2.382820412225,2.41436916997034
mila1245,sino1245,3.5524445967469545,0.023073209747949096,0,1.0617480833082502,2.18511097573895
mina1276,afro1255,-1.178192972448775,0.01990330581827089,0,-1.31071552089,2.097540584713475
mina1268,aust1307,0.2938487825998979,0.02263298953174449,0,-0.895127271604,2.030880402305895
mini1256,huit1251,2.135735032594914,0.04342766997596138,0,1.04151758843525,2.3884326943779604
mini1251,aust1307,-2.533113336344454,0.02512852756364104,0,-1.1152588068225,2.075421169776575
minn1241,sino1245,0.6954462173455842,0.02519565799872558,0,0.8733347034779999,2.15349679209016
miri1266,jarr1235,2.543861765973733,0.04101396907682988,0,2.79965221062675,2.5511931311057747
misi1243,aust1307,1.4673585541814014,0.024972230471832037,0,-0.75990123295175,2.0517138833367152
misk1235,misu1242,3.0678934243146005,0.05500936468362904,0,0.8123207265395,2.434750093936115
miya1266,afro1255,-1.0224958830241433,0.020712058127561807,0,-1.04490325739075,2.11341111397179
miya1259,japo1237,3.599855552180153,0.046710838064399914,0,0.7782569229375,2.5618588285785098
lush1249,sino1245,2.813576999792124,0.013861061856567325,0,1.426542182765,2.228275592687425
mlab1235,aust1305,-0.1014927989839027,0.023414081491523436,0,-0.422751959543,2.046840208229505
moba1244,atla1278,-1.348616766560136,0.02763662661562775,0,-3.2209026451950002,2.13830892359233
moch1257,maya1287,-3.020050691527908,0.028376629609901678,0,-1.454981532374875,2.3788175320645397
moco1246,guai1249,2.2538122592359215,0.037135442552812925,0,1.541339266755,2.3755071692384453
mode1248,indo1319,1.9798148321442515,0.015384261145876774,0,0.08756326256550001,2.289986749001055
moii1235,west1493,-1.092535835619994,0.02015390692569793,0,1.657793748635,2.4596894928343147
moke1242,aust1307,0.06818897295656665,0.01832400584542593,0,-0.34850027645174997,2.0592371855084197
moki1238,aust1307,-0.5885907604090069,0.02507534627770579,0,-1.36874040739975,2.040159875793605
mokl1243,aust1307,0.12096634816211771,0.023918285697394102,0,-0.35427468945075,2.06107993848077
mokp1239,atla1278,-1.0526362422726092,0.024389116898114772,0,-1.9375415375375,2.102927398112045
moks1248,ural1272,1.1639843042802136,0.020553062241870052,0,-1.486613943683,2.18116491883746
fass1245,baib1250,2.8723017176049614,0.036469075542902164,0,2.7249981863675,2.5183062107548153
mong1338,atla1278,-2.29722857915444,0.033750613893434166,0,-2.46365518560675,2.0840640032578897
mono1273,aust1307,0.8843929124645376,0.025782142832253697,0,-0.970174102631,2.05037948443873
mono1275,utoa1244,2.814814193435745,0.04141336046459353,0,0.11712655237149999,2.2636305787465902
mont1268,algi1248,2.745696768313014,0.0357435606754444,0,2.4307422228349997,2.400927519011935
nucl1458,monu1249,3.032054223702854,0.06333494548732661,0,2.6895164336525,2.5900651222809152
monz1249,atla1278,-3.041192296411448,0.027203449878542816,0,-3.43410609000125,2.1101755352508853
mopa1243,maya1287,-2.395741648030755,0.04054106928176167,0,-1.568638911479,2.35417556267525
morm1235,aust1307,-0.8347331315517506,0.032187058270113485,0,-1.400477802248,2.087852981883065
moro1287,aust1307,1.3255588274851806,0.028610831253851377,0,-0.178203659568,2.06457324212588
mort1237,aust1307,-1.0882660998030214,0.0326877518797665,0,-1.5555599312005,2.029376412601655
mose1249,mose1249,1.6203422011082151,0.0423604666448764,1,1.2325037059825,2.4216791324332654
temb1272,atla1278,-2.9745527916668317,0.0255574586370237,0,-2.457812681925,2.06744059010009
motu1246,aust1307,1.8822373803682098,0.030401217750675988,0,-0.6557805501714999,2.050000970341075
mouk1239,aust1307,-2.318565111116512,0.030163634842943245,0,-1.2808263829805,2.058698908285335
moun1252,koia1260,3.789343190182416,0.041800272472342304,0,2.7537886788975,2.58681746434283
movi1243,movi1243,-0.38555521047062935,0.014421916531226042,1,-0.11784485344250001,2.3459995499867903
tang1347,aust1307,-2.7558471083673854,0.007832663143242121,0,-1.3962980378297498,2.05815795216182
mpad1242,afro1255,-1.5587357773169348,0.020466260238544996,0,-1.49370788488,2.0913457264851
mpii1239,sino1245,2.832760042890853,0.016641630859538913,0,1.48060651108,2.18875812739945
mpot1240,atla1278,-0.16681494818120873,0.022038962016849368,0,-1.7127137161575,2.055758096034415
mpur1239,mpur1239,-1.1694798517977976,0.02718535234991444,1,1.8940659713427501,2.4807056676964647
mual1241,aust1307,0.8073885440658127,0.025668583470823788,0,-0.8873666000317499,2.03973708227402
mudu1242,aust1307,-2.3271431943645484,0.027747307162443613,0,-0.861890977432,2.05542954726797
mull1237,nort1547,3.9731569750809155,0.03218294220604074,0,2.7090181471,2.57030841241088
nucl1240,atla1278,-1.6008350728441438,0.037078283133133716,0,-3.229908053211,2.1156143017384297
muna1247,aust1307,1.067491931201285,0.03738152174379797,0,-0.1673288430875,2.06751745108467
munc1235,sino1245,1.9441637580953173,0.013059790583355272,0,1.4878911453225,2.21250677477404
mund1328,atla1278,-1.5287035006725695,0.029613176433378838,0,-2.51701766575225,2.154787801297185
mund1325,atla1278,-1.6482781067450183,0.035042985875544684,0,-3.3793308675275,2.1266406536483453
mund1320,aust1305,2.8740948219847557,0.02817542440178412,0,-0.281525585442,2.1047213293268
mund1330,tupi1275,1.3952629019084841,0.03033504771739244,0,0.4114985501255,2.27425702016379
abar1238,atla1278,-1.5284105370948455,0.03367385684290289,0,-2.5380411247324997,2.14919641272545
murl1244,surm1244,0.8219009984909207,0.018001098697958493,0,-0.6144901068724999,2.2745262883521553
murr1258,sout2772,3.948092775857187,0.03447267905125149,0,2.6001457245350004,2.56256985781154
muru1274,huit1251,2.0800975975886327,0.038740576099600924,0,1.05458712156475,2.380523158853575
muru1266,pama1250,1.5034061825860925,0.04343409765992958,0,1.50708533434725,2.34152760660565
musg1254,afro1255,-0.44009880575341226,0.02863107660072723,0,-1.2315997370699998,2.068848653749945
muss1246,aust1307,-1.4315747501876213,0.030800639307079082,0,-0.8877350664275,2.0629188847283304
mwag1236,afro1255,-1.1714424247690904,0.025028080990633514,0,-1.5673965208495,2.14436388045256
mwan1250,mand1469,3.6871948039880147,0.06204843581806917,0,2.5296294317925,2.5710646664202947
mwan1247,atla1278,0.4052458087840519,0.026175138503197935,0,-1.712253791845,2.04050737119282
motl1237,aust1307,-2.4387762053391393,0.0201739004713644,0,-1.4282186255475,2.05078826239546
naba1256,nucl1709,3.304754201960489,0.04459908614499058,0,4.30405201275,2.43502707872458
sout2857,aust1307,-2.7428839062234722,0.031177083043269826,0,-1.293966837262,2.05116610923115
naka1262,aust1307,-2.464562415139879,0.02861987862962791,0,-1.0667178770575,2.0683604078453097
nalc1240,nucl1709,4.946135899362286,0.03676925776179745,0,4.249695249796,2.45708730832345
nali1244,aust1307,-2.5979152296734527,0.0287526120752981,0,-1.14525781017025,2.0808473537881698
nama1268,aust1307,-2.285307012588105,0.027148151018288543,0,-0.98395378662375,2.0434922378608
litz1237,aust1307,-2.0761467085986904,0.0323700855393824,0,-1.3101383334075,2.062945881283445
namb1293,more1255,4.100866842018101,0.03912282498981822,0,2.7093565666824997,2.5348706596207897
nami1256,sepi1257,3.5499850862367452,0.041397275134954926,0,3.30149684517175,2.48324654478561
nana1257,tung1282,3.7990959633972974,0.0257027037838346,0,2.7618004727075,2.9657054108386003
nand1266,nilo1247,1.496439334566114,0.029451365719121186,0,-0.586366109883025,2.2472477171664798
nang1262,aust1307,-0.569533937139622,0.032258639324202996,0,-0.8312686331970001,2.061611952021245
nant1250,araw1281,0.43256458262759423,0.028353093934706083,0,-0.047248041742,2.150619988139205
yong1270,sino1245,2.3905808256224326,0.013211047617050834,0,1.2451113618454999,2.19360877918011
naru1238,pama1250,1.9042991488438337,0.04161596015970387,0,1.24790469914275,2.33214966386308
nati1244,aust1307,-2.7510454755735148,0.033606392213928145,0,-1.321315542344375,2.050947266327295
naue1237,aust1307,-1.1643965447565843,0.022163649123585875,0,-1.3648520343425,2.07228537909156
naur1243,aust1307,0.22197914803447535,0.01871977271828665,0,-1.0889725323900001,2.06145979962858
nava1243,atha1245,4.646474063806112,0.029633065940151457,0,1.758257300845,2.42594335156473
nawu1242,atla1278,-2.266689535629469,0.032117435788187015,0,-2.87620485502825,2.153709662858655
ndam1239,atla1278,-0.27848244978589587,0.02445686050668677,0,-1.701282646236,2.05436057010194
ndog1248,atla1278,-1.8161119161284598,0.029278356878943576,0,-3.4191890789792,2.1273297726117297
ndom1245,kolo1268,3.609923950967157,0.03956368653613074,0,2.7690065735075002,2.51517529679758
ndun1249,atla1278,-3.0265039111515404,0.02672458529710076,0,-3.434987866811,2.1159978935855097
negi1245,tung1282,3.788804931332503,0.02137684299436528,0,2.732482443972075,2.9428359930741053
neha1247,aust1307,-0.784290693645302,0.02319072886946531,0,-0.7519506376185,2.05213904342376
kuma1276,aust1307,-1.2351113491019001,0.029110552828245102,0,-1.138580249875025,2.04736902525863
nenn1238,more1255,4.100601829605614,0.036872356964051646,0,2.707347402035,2.518771973450415
nend1239,nucl1709,4.892894989246662,0.04302632487327414,0,3.9363452897375,2.51781594220411
neng1238,aust1307,-1.13622489837018,0.020374483821511743,0,-0.9635788712087501,2.048514973621325
nucl1706,afro1255,3.0197920244142504,0.04199583132196632,0,0.77819153140075,2.175215750596995
nese1235,aust1307,-2.0627190750054543,0.0239640339861665,0,-1.29837002890925,2.0620728675404703
ling1265,aust1307,-2.760564929772892,0.02489326160695788,0,-1.307219729893,2.0549003646890203
nezp1238,saha1239,4.4620134342644855,0.038488614066593686,0,1.53270664107375,2.456993327062365
ngaa1240,pama1250,1.7292076768821847,0.028892673447062013,0,1.0905714092175,2.3106780373876052
ngab1239,chib1249,3.3179192056038174,0.04516091191426121,0,1.027986950839595,2.261218476983715
ngal1292,gunw1250,4.385723827697285,0.05182028922704909,0,2.87864253450675,2.52199741419341
ngam1268,cent2225,-2.058109037702158,0.03201392338435469,0,-2.6421655725875,2.1124610921188
ngan1291,ural1272,2.2574363548681555,0.046642235094186656,0,-0.461250044451,2.299814452926725
ngan1295,gunw1250,4.4617354855482585,0.04466465749061845,0,2.8089307794325,2.54753785283667
ngar1235,pama1250,2.544515056979315,0.04704124798943091,0,1.1828344274525,2.305225765741765
ngar1284,worr1236,3.711637498930093,0.06323283751505342,0,2.7911229677042497,2.5408520277454603
ngba1284,atla1278,-2.1404158025118365,0.02612230282491709,0,-3.4426993466225,2.10758994347551
ngba1285,atla1278,-3.0797801505419464,0.028157671489334273,0,-3.05200326065,2.11423332624491
ngge1241,nucl1709,4.644067298221661,0.03533133834890726,0,4.2101096578699995,2.46560245519941
ngit1239,cent2225,0.3848042734290211,0.019261449362056413,0,-1.72493287721425,2.1319767515497148
ngom1268,atla1278,-2.8232918537227647,0.025397587948095483,0,-2.3849237472900002,2.0663770920965003
nhen1239,tupi1275,1.4637965199160898,0.039884299021492105,0,0.41418023076724997,2.254390457136575
nias1242,aust1307,-0.08639701567082975,0.02407588412179986,0,-0.6297295683857,2.0407865393610747
niha1238,niha1238,4.175867709321103,0.0247900177830799,1,2.080126755342,3.07842959002496
nucl1633,nimb1257,2.907381010521698,0.05114903748080881,0,2.6887125230335,2.54618381566012
nisg1240,tsim1258,-0.7152490366921567,0.024557650891894035,0,0.36007511941424997,2.418231358790525
niua1240,aust1307,0.1334502610395056,0.02272859206919425,0,-1.1207917134,2.00236656004818
niue1239,aust1307,-0.47168786433206006,0.016014348098523857,0,-1.1449531784925,2.01510790496968
njan1240,atla1278,-2.1864232923521456,0.03215383179819913,0,-3.0090073781365003,2.2252803404199497
noct1238,sino1245,3.4672416228904925,0.032050038587189515,0,1.23176219364775,2.1809947287655
noku1237,aust1307,-2.611645711198502,0.026991498420279585,0,-1.4016849467274999,2.0531339238357003
noma1260,atla1278,-0.7143696591509956,0.026010416759636872,0,-1.7445618187894998,2.1077898015658203
noma1263,araw1281,2.502244263876485,0.04175411702282721,0,0.0320608124605,2.16979775569857
noon1242,atla1278,-2.2449350619179915,0.028487862816861415,0,-3.122871041334,2.1830984769384347
noon1243,atla1278,-1.4145251537503882,0.04249144259314317,0,-2.5342746909277496,2.17289502142363
nopa1235,otom1299,1.6423577918705945,0.027589598487215598,0,0.4910557247975,2.252332730835095
nort2697,turk1311,4.660432239525788,0.02791236586259569,0,1.4768953017255,2.4368087072860902
darg1241,nakh1245,4.4097383819384905,0.020560332320075002,0,1.3436703600165,2.65414617609108
nort2930,kiwa1251,3.5060513404109317,0.03894641818050031,0,2.80412899472625,2.498059063203295
nort2972,choc1280,3.056143291871038,0.04188381280304415,0,1.087995993449,2.373233578176605
nort2702,drav1251,4.539880153427774,0.03358173721830739,0,2.5519248234985,2.79385091137166
gumu1244,gumu1250,2.939504318649171,0.041071754139322174,0,1.0579445421625,2.657618530219905
nort2938,haid1248,2.4848351866704332,0.04300485809240882,0,1.4004791742265,2.47012177532783
sing1264,sino1245,3.4269270144732644,0.006811103240360203,0,1.2514252135075,2.17540935865183
nort2684,aust1305,0.1141076485337878,0.01846477458577105,0,-0.28864592876425,2.04123113815304
lush1252,sali1255,0.15749994476439838,0.03525587347013227,0,0.360607311775,2.264996916779915
nort2774,atla1278,-3.084972426087031,0.04312783388297927,0,-3.358088156715,2.1334211476584253
nort2954,utoa1244,2.831331643418724,0.047586480872523235,0,0.1116449452675,2.26124254159899
nort2723,sino1245,2.4291905352024683,0.019012150071026152,0,1.0246343932922501,2.175082818256225
nort2747,hmon1336,-0.20996205647061172,0.018680119472432522,0,-0.08654383900475,2.182676586443505
nort2722,sino1245,2.8388196315574703,0.014611366943667894,0,0.9969832568815,2.1771318762578797
nort2885,aust1307,0.13462410168923394,0.03413320136235374,0,-0.77605791474,2.0616811985128303
tosk1239,indo1319,1.2504414295207709,0.02348153596286375,0,-0.37146348951575003,2.24063141179266
nort2732,sino1245,2.2040994458147654,0.024220319967667853,0,1.0198225282125,2.174093657980535
nort2690,turk1311,4.182907204874314,0.02900757210154887,0,1.48263363234,2.4381159499277247
yoku1256,yoku1255,3.933960523561284,0.024316718424066453,0,1.16143941397075,2.510941674441805
nort2745,yuka1259,3.334620899532317,0.03073801861101086,0,1.668529800539,2.944590730440475
nort3047,afro1255,-1.2385465954733759,0.03150594497603984,0,-1.410418177905,2.10419027347605
nort2980,quec1387,4.157974538942483,0.028230616018698806,0,1.4169181810737501,2.3593125298327546
nort3139,afro1255,1.7245090044722553,0.03046488303840109,0,0.42796832641634996,2.0678645717973447
nort2845,aust1307,-1.1809923667242992,0.047037173076536265,0,-1.242680988795,2.0158474238458197
nort2671,ural1272,1.5531320709142369,0.012438067959212854,0,-1.2040974094667498,2.1530186376493052
nort2942,atha1245,3.4913142672802113,0.05514583672009776,0,1.8092679453725,2.4097274296622
nort2847,aust1307,-2.363676559710477,0.02279326675659258,0,-1.4610901137175,2.070988192291815
nort2699,drav1251,4.684481892490888,0.03533416711743512,0,2.487614494148,2.817355407649295
nort2961,algi1248,2.8527341293879687,0.02837079485613088,0,2.461249678045,2.402441547628955
nort2775,atla1278,-2.496135794195584,0.026866900822638953,0,-3.0605907251130002,2.12404763885331
yaki1237,saha1239,2.323617024608099,0.042867475302978374,0,1.5987693403112502,2.45432149922996
nots1237,aust1307,-2.616968183645938,0.024959672726073672,0,-1.1929840673975,2.05588291134193
nsen1242,atla1278,-0.3616220807452831,0.017855754631784237,0,-1.84528603499125,2.0638472865540702
nuer1246,nilo1247,-0.09115502968333106,0.026390305242617946,0,-0.33019870525624995,2.25594058716117
nukn1238,nucl1709,3.222355191285571,0.04416017805629623,0,4.294684973044999,2.442901438088425
nuku1260,aust1307,0.10404514442821905,0.020689235142184587,0,-1.006765892801425,2.019891245098245
nung1282,sino1245,2.721591929751841,0.010095469228508406,0,0.9848032725767499,2.171216047608965
nupe1254,atla1278,-1.0696644142384462,0.03238836941783048,0,-2.7454854388055,2.1242498527586102
nusu1239,sino1245,2.5825913787385977,0.014551031603095661,0,1.45849477804,2.19442038768939
nuuc1236,waka1280,0.07228523671894554,0.026039237845827096,0,1.0726189415825,2.355940393794725
nyah1250,aust1305,0.291308182267616,0.01840145523932714,0,-0.44110891898750004,2.052151864910745
nyak1260,atla1278,-0.4738571584591826,0.02475750614725603,0,-1.7055904953614651,2.0590692855243953
nyam1285,afro1255,-1.4528721780278493,0.0212682671843568,0,-1.5674611712097501,2.1305362613023897
nyan1307,atla1278,-0.6680851270357173,0.015678213425263585,0,-1.79691561462,2.031785712686405
nyis1236,sino1245,3.7542060380365747,0.025118060690145074,0,1.08628198709425,2.171036012568755
nyor1246,atla1278,-1.103117444208074,0.017136831817097378,0,-1.8786430779,2.028012899050935
nzak1246,atla1278,-2.730137005029135,0.019235841666487865,0,-3.34314419562,2.122656983315135
obok1239,lake1255,2.4279198587505535,0.03646817007556563,0,2.6396075227175,2.5303198229423653
occi1239,indo1319,-0.8102430439651981,0.023288295039403512,0,-1.1673720515975,2.11887989899052
ocot1244,otom1299,0.2943145632648037,0.033949180091745274,0,0.27606389056225,2.236833303142215
oriy1255,indo1319,3.2135374584491956,0.048133674960129526,0,0.6711255893065,2.2771588143306047
ofay1240,nucl1710,2.8563107942779533,0.032074411561713916,0,1.1182442200102498,2.351794382724095
kalm1243,mong1349,3.6910138022726624,0.03425875627908544,0,2.6494160313972497,2.9355439751833
okan1243,sali1255,1.141463845767511,0.02128211282832535,0,1.0679681050475,2.26813656150817
okoe1238,atla1278,-0.7300502999968514,0.034747023485327766,0,-2.8354226267275,2.1234391086113646
oksa1245,nucl1709,5.282499202002835,0.03465249846413061,0,4.240969107845,2.44382060885599
oloo1241,nucl1708,-0.096269624184457,0.0290745563438786,0,0.8115462439057499,2.291702753599045
olut1240,mixe1284,-1.0419977955050093,0.028385178253170704,0,-1.3069351115118502,2.369951343977495
omie1241,koia1260,3.6157752045135894,0.0458008624645104,0,2.751052060767525,2.593319717748905
bira1253,bira1253,2.465057390033746,0.049760416693733205,1,1.57136736741325,2.961971425197505
onon1246,iroq1247,2.6896835967677153,0.03958739566077204,0,1.81134022423775,2.40311354350642
orok1269,nucl1709,5.080412890841729,0.06068187389058817,0,4.2166814704275,2.45434904092783
orok1267,nucl1580,3.3638127244603577,0.03227890889872964,0,2.7442882346605,2.5536457694126353
orow1242,aust1307,-1.3317408126752917,0.026923961370671164,0,-1.27514422710125,2.0468770973573953
orya1242,toro1256,2.91200945793946,0.035603432800812955,0,2.5365409828525,2.52071330791805
osam1235,atla1278,-1.5218898788636883,0.03242507223335635,0,-2.23832578211675,2.096116245203815
otta1242,algi1248,4.399151859604255,0.03308753414943444,0,2.4416748563575004,2.40656819662187
paaa1242,afro1255,-1.0816530323123805,0.0290094784976296,0,-1.267577109475,2.142708256331455
paas1238,atla1278,-0.9205523853391422,0.026735754681863625,0,-3.1397637494349997,2.135769617454855
paco1243,aust1305,-0.01192589163330275,0.01267914872746324,0,-0.54939456142325,2.05117367152568
pagi1243,atla1278,-3.0316995521073924,0.0255396260493103,0,-2.357166388685,2.102621099810435
pagu1249,nort2923,0.9390008483826962,0.03486166582660257,0,2.0150495199105,2.33927176848607
pahn1237,hmon1336,0.7953956465557395,0.02268333672977082,0,0.30635945965125,2.186120735084515
pala1344,aust1307,-1.1642904237876515,0.03205804361052872,0,-1.0022594276627501,2.0903662907735097
pali1279,araw1281,-0.0376607181433363,0.030638850095569697,0,-0.590243477021225,2.194682392877195
balu1257,aust1307,-1.7037351308802402,0.009947755514614203,0,-1.34254530915075,2.06995739835914
pamo1252,aust1307,1.441017215432879,0.024465649908260587,0,-0.22198294984025,2.08180251492163
pana1307,nucl1710,1.245171868034229,0.024542213199814634,0,0.55437370080425,2.2874515303653347
enap1235,cari1283,2.1561480381729243,0.033515049145773655,0,0.7100867264785,2.2591552929464296
pang1290,aust1307,-0.980233357192503,0.02540991002706385,0,-0.94688919487735,2.05022386108267
pang1291,aust1307,-0.04036167621468405,0.01849788865163075,0,-0.4203670524325,2.0536285036821447
pang1287,atla1278,-0.5337024585155161,0.028724778628336323,0,-2.2195344170713502,2.045884016430125
pano1254,pano1259,3.5420299993313673,0.04917049575358828,0,1.7755212297385001,2.3393890846919048
papa1238,toto1251,-0.8151636846601524,0.03058729473702047,0,0.0027443206797500503,2.2808743627694303
papa1265,aust1307,0.8337333091480754,0.02565302763952832,0,-0.7724209172434999,2.0520663063120548
para1302,sino1245,3.4379049411758498,0.01905649840687001,0,1.3512129407597,2.22460962506322
pare1272,araw1281,1.4336230195399373,0.02565109488329434,0,-0.33058849290775,2.1733956230249403
pate1247,aust1307,-0.8107549711582153,0.0229071522944776,0,-1.2860959360700002,2.05560800426871
patp1243,aust1307,-2.3584816864311784,0.0231052109446051,0,-1.1227349150310002,2.059751908141545
patt1248,sino1245,4.369943293062829,0.0579580725772755,0,1.36074067249515,2.228020463488325
paul1238,aust1307,-1.6804309403817224,0.02185226531491372,0,-1.216568531155,2.07758337773034
paun1241,araw1281,1.524430032248845,0.04136790150967346,0,-0.015735182753775,2.166185250798855
pawn1254,cadd1255,3.6259851625929795,0.028658710599202743,0,1.0834937883450002,2.4996044007291
pech1241,chib1249,2.7522945027060595,0.04067784166033967,0,0.8896000981905,2.3154349800202203
peer1241,atla1278,-1.4518660371807455,0.03226708880181435,0,-3.09315494845,2.10343232834042
pela1242,sino1245,2.5793381119062877,0.013248213142224272,0,1.47647192748225,2.203150951266805
pele1245,pele1245,-1.1320823018774315,0.02281996892917652,1,1.7573056142775,2.46386628107465
pemo1248,cari1283,1.632630813119576,0.03424889230443707,0,0.7054910399375001,2.25781895188871
pend1242,aust1307,2.036580610930272,0.04300748977070178,0,-0.1310322302625,2.0675156413284803
peri1253,mong1349,3.5868047697058456,0.03609033706750492,0,2.65239298219225,2.938927879047005
phak1238,taik1256,-1.8004046829944387,0.034936574279030484,0,-3.073505666895,2.24084235758086
pich1237,araw1281,1.1496356237838756,0.030369671886332272,0,0.10036319826000001,2.1513098784786147
pila1245,guai1249,2.205267977107341,0.04010867065463189,0,1.54580733065,2.376694447504485
pima1248,utoa1244,1.5972759971516477,0.026154393605457047,0,-0.578675201025,2.2225101731207397
pina1252,piaw1238,3.436471859186211,0.03377794186776754,0,2.6749214335645,2.5609998293472502
ping1243,aust1307,-0.9090284728267681,0.028076549835953524,0,-1.54576853431925,2.0372666357167004
pipi1250,utoa1244,-1.2583700207818247,0.03720418090465725,0,-0.91069184114175,2.210758749203685
pite1240,ural1272,1.515558023834038,0.020908104251140883,0,-1.2089907514574998,2.15366977553975
plat1254,aust1307,-0.44783940742961836,0.017072379114169603,0,-0.8165435273117,2.056426680365575
pnar1238,aust1305,0.12795951438527525,0.01788545151340728,0,-0.8287877968975,2.04708598911484
pohn1238,aust1307,-0.3661923898350046,0.021429235712366452,0,-1.5468195303425,2.0386361371589
poli1260,indo1319,1.8386672306482112,0.023994171869019802,0,0.03001675025575,2.159338911827635
popt1235,maya1287,-3.014643941478923,0.04392985493458032,0,-1.4762564941504999,2.3761895880337196
port1285,aust1307,-2.7484762402057683,0.024610028503413997,0,-1.22625233624565,2.0625138029710053
port1283,indo1319,-0.709427863813284,0.022247706022660862,0,-1.1959555333739,2.1155278352359597
pras1239,indo1319,3.001917659684515,0.08935697103942936,0,0.5511733729145,2.290063378926125
psik1239,afro1255,-0.894111183252286,0.020706607836180953,0,-1.0737208917225,2.0834780414799097
puka1242,aust1307,-0.22031549402033773,0.015551653286240807,0,-1.1494746837725,2.00422560535002
pula1263,atla1278,-1.2342048097521081,0.02284646761700116,0,-3.3103808057300004,2.1694585280949603
pula1262,atla1278,-1.7096198227212822,0.02077058093574849,0,-3.2973737828524996,2.16853183511303
puma1239,sino1245,4.695854889784643,0.024850631091727818,0,1.345129230737,2.24020672931234
pure1242,tara1323,1.3776852972154647,0.04717796753334398,0,0.99072221957,2.4576504217465196
puri1258,sino1245,4.291073003798296,0.05579880067728025,0,1.4225404422827501,2.22922019332849
puyu1239,aust1307,0.0945461754008536,0.028303015577646185,0,-1.5012653551300001,2.1279566199531947
qanj1241,maya1287,-2.9855458655273397,0.029132985663616943,0,-1.478572606954,2.376638031748775
qaqe1238,bain1263,-1.6366497604831114,0.021462805985162148,0,1.5555697610635,2.44295644701045
qawa1238,kawe1237,2.673193326866522,0.04304605032780973,0,0.85141571907325,2.444063215553835
qima1242,afro1255,2.1126997600223607,0.02948874186482964,0,0.9783684718572501,2.153837657395785
quer1236,otom1299,-0.16052045814965438,0.026043754651578512,0,0.74980119283,2.214338786704705
quio1240,otom1299,0.6684497793465387,0.029195241604391138,0,0.8124143693,2.255598136488485
rabh1238,sino1245,3.946563529865547,0.02676423934264804,0,1.21870150737925,2.175288661001305
rade1240,aust1307,-1.1185962629910708,0.023841798786099957,0,-0.960848400572,2.038462401140335
rama1270,chib1249,3.193259512246226,0.034180095145174234,0,0.94119837326525,2.27476430771962
ramo1244,aust1307,-2.332920702568815,0.022527343496756582,0,-1.1270417828275,2.055288527057785
rapa1244,aust1307,-1.1077697469047572,0.04032920535898993,0,-1.23039422431925,2.0173345073478
rata1244,aust1307,0.8053335752941981,0.038885168620356965,0,-0.501172741332,2.07220814599388
rawa1267,nucl1709,4.216316694882179,0.04824772974718064,0,4.2891264155,2.450477457208425
remb1250,aust1307,0.0776321491804851,0.027978001943690205,0,-1.0874703300055,2.072820041871465
reng1252,aust1305,0.1044847178749156,0.015657869343373022,0,-0.552785540785,2.0547694527508797
renn1242,aust1307,-0.7389055857921106,0.024969494727108556,0,-1.22886992583695,2.006889161457045
rere1240,aust1307,-2.776392712423482,0.020915083001606244,0,-1.225859328585,2.051684348595675
resi1247,araw1281,0.9582372426538139,0.029453206162363035,0,-0.5197105581529999,2.15279124422544
reye1240,pano1259,3.551739478583184,0.0331780963372924,0,1.64098368605175,2.34654882504854
rian1263,kolo1268,3.647071770266618,0.047621226106620784,0,2.7865248458125,2.5191863281152003
rikb1245,nucl1710,1.91474108020074,0.028642417881561556,0,1.11424229589635,2.3459053523361053
rita1239,pama1250,2.8081739598038205,0.04527276154495897,0,1.18331323675675,2.351148511840885
beka1241,aust1307,0.7922762537918684,0.027161467226127018,0,-0.49919689844375,2.06201508590543
ronn1241,afro1255,-0.3063429004857743,0.016815187345382995,0,-1.59124964347175,2.137630943930915
rong1264,sino1245,4.521521792590082,0.05352335579844602,0,1.3805887229412002,2.2357684985040054
roto1249,nort2933,2.9119175229140954,0.04755798930304471,0,2.68593500837425,2.5889859853628803
rotu1241,aust1307,-0.4797631702425367,0.02036120244006212,0,-1.1697290615354499,2.029189782647845
rovi1238,aust1307,-0.5543740942697281,0.027257878087875678,0,-1.3143494251327499,2.0561235914516702
ruch1235,aust1305,-1.7445587988515152,0.009116910140092945,0,-0.86802027342425,2.036116449621725
ruka1240,aust1307,-0.4494565695767261,0.030385043249107693,0,-0.347987568764,2.1355598178173203
ruma1248,aust1305,-0.6171192973784508,0.013479967964434828,0,-0.75965375036,2.03422328588213
rung1258,maba1274,1.370150740128298,0.05082041199771588,0,1.526595871015,2.665839015695695
rung1259,aust1307,-0.0814666227327264,0.025800275617531575,0,-0.73541356365675,2.0464742773176647
russ1263,indo1319,2.3156577781136307,0.023683426571712993,0,0.036987923841,2.1633941008612148
saaa1241,aust1307,-2.727525173950154,0.02773556387783376,0,-1.30336520367425,2.051735658445765
saaa1240,aust1307,-0.46483899217576863,0.026478851808946147,0,-1.38784200816575,2.0579480652345152
saar1237,aust1307,-0.5560672018173163,0.027990269489386516,0,-0.9093670466315,2.13668192867533
saba1267,aust1307,0.15825424824757378,0.028647706011133513,0,-0.5767638266275,2.0673557619971
saba1268,namb1299,2.4043479678296693,0.045767603894280605,0,0.98398880043375,2.4137919653764
sais1237,aust1307,0.5695653495974344,0.035368248705627485,0,-0.5066593937849999,2.151079867349215
yaku1245,turk1311,3.8409704112702796,0.02540860032008462,0,1.4887320421765,2.43891272608059
tsis1238,atla1278,-2.0974097215444827,0.020548444193875626,0,-2.6132248779825,2.129326575290985
salt1242,nucl1709,4.863374753179371,0.04135259558928607,0,4.1803868869025,2.443696595221145
samb1311,atla1278,-2.3578195804312054,0.03144689708746671,0,-3.0571430463325,2.2252572462002753
samb1305,atla1278,-1.3269476511298417,0.03381782702015222,0,-2.9415826288225,2.10027503589238
samo1305,aust1307,0.5437816476471905,0.01694537517631961,0,-0.909825342561,2.007904256170015
sana1295,afro1255,0.07142591522160065,0.009959704872526964,0,0.344174904524,2.06955432349336
sanb1241,otom1299,0.20003207531218226,0.022077676555303637,0,0.28072972632825,2.223454088202155
sanb1242,chib1249,2.8053766105614337,0.03583454855645593,0,1.0401105697772501,2.262971562675845
sand1278,huav1256,-1.1015231963643797,0.032069456115792955,0,-0.1658799813465,2.373467229014685
sang1331,atla1278,-1.811190177607784,0.03932321124146715,0,-2.3568851964665,2.08347375755246
sang1321,sino1245,3.481508999222009,0.013270941015730458,0,1.354569523585,2.2352064879488154
sani1269,sino1245,2.195933547884967,0.017785106814981855,0,1.402005296202,2.18266353895026
sanm1301,otom1299,-0.13472081857659912,0.027531949000872035,0,0.38909482690950004,2.24628753732541
sanm1289,quec1387,3.1055229393476096,0.041830780162915936,0,1.4425798689537501,2.347978316769
sanm1295,otom1299,-0.05567903455350415,0.028690901395993566,0,0.621454193201,2.24447955029406
sant1410,aust1305,2.8510089447006353,0.025052338455366543,0,-0.29676095433649996,2.0982097635654853
sant1451,otom1299,0.5571308228852859,0.03126295689614634,0,0.52020939019975,2.23561006506226
sant1436,otom1299,-0.4745537593389939,0.027291227729303418,0,0.23422381747325,2.25120086998165
sanu1240,yano1268,2.236099268327235,0.04968130848064894,0,0.98124331382625,2.39015280050232
sapo1253,aust1307,-0.3472157209996274,0.030406602182637403,0,-1.2307515752190001,2.0527979539017203
sapu1248,aust1305,-0.4051665114814008,0.025325321513766267,0,-1.01275822016525,2.070602335692125
sara1321,cent2225,-2.143546393031146,0.032402541643694126,0,-2.6325784057004,2.100197559805845
sars1236,atha1245,4.366333433756143,0.027857202970472734,0,1.8052741116225,2.41226625260292
sasa1249,aust1307,-0.1916802512270378,0.01778993210086117,0,-1.06527877359475,2.058946534671815
sata1237,aust1307,-1.3288061042380157,0.03163135111993961,0,-1.5631096828425,2.027065697096485
saur1249,drav1251,4.663874298625077,0.04486252058578704,0,2.47286322431075,2.819297139989985
savo1255,savo1255,2.8536987987892486,0.04380808919815185,1,2.7473961394925004,2.6240231607429303
seda1262,aust1305,0.18971905664777539,0.017573169931594884,0,-0.5537631390875,2.051051846459555
seim1238,aust1307,-0.7812744649046506,0.03360568876152715,0,-1.2618365780325,2.07329392177323
seke1241,aust1307,-2.7402054623477863,0.022959656723534345,0,-1.298701192943,2.0620697082310997
sela1259,aust1307,-0.7158912709641148,0.026460722578626555,0,-1.2083994420250002,2.06483651097285
sela1260,aust1307,1.1692481547101297,0.028725528668632466,0,-0.5468716584175,2.072277157472235
sele1249,atla1278,-1.5034271020013876,0.019647459244234406,0,-2.8969638122495,2.1526252583094
sele1250,nucl1709,3.0481957401868476,0.043418274777865404,0,4.2950362068925,2.4390696381842547
selk1253,ural1272,2.3612670863059497,0.058082872215231125,0,-0.457882013912,2.292654501813705
sema1265,aust1305,0.3180312335397947,0.012698890246262352,0,-0.32432209368725,2.053727047540845
seme1247,aust1305,1.9690871413221651,0.02793530480137863,0,-0.338410366792,2.0520617509506103
sene1264,iroq1247,2.722676997279228,0.031039569133684084,0,1.7918259815301,2.395527576246165
seng1281,aust1307,-2.1251951894780285,0.027036122461924484,0,-1.268805346833,2.06357093570363
sout1528,indo1319,0.5539755928116177,0.018055463221512195,0,-0.16656842809825,2.14996433609904
seri1257,seri1257,3.333692989790505,0.043018447884046275,1,1.051127950625,2.47469225066761
sgaw1245,sino1245,0.48457212435783004,0.02593472844212852,0,0.78482963187,2.130510477118165
shab1252,shab1252,2.2009441497701427,0.03428910672380372,1,1.5637536782297499,2.8178090280161
sham1280,atla1278,-0.5504182485591992,0.035547817749040096,0,-1.906322751155825,2.055100841902575
shan1283,pano1259,3.6437269234310627,0.04195144935826181,0,1.7780124171537501,2.3418171001558648
shaw1249,algi1248,4.40422224713925,0.035887503077976834,0,2.4067163228167496,2.4173757323158602
shee1238,hmon1336,0.24177665099395415,0.014147697208161725,0,-0.06682890768524999,2.18461913002606
biao1253,taik1256,-2.682550479366178,0.03569439832283315,0,-2.9283957418849997,2.249361888527595
shil1265,nilo1247,-0.7355160863323165,0.02322520036074783,0,-0.594814349125,2.2376195200615348
shix1238,sino1245,2.52562136466363,0.01969494508764732,0,1.2476539950649999,2.199206784241535
shol1240,drav1251,4.149705567027899,0.03443697585094089,0,2.564381914368,2.8078172841927547
shon1251,atla1278,-1.0601447955117425,0.028387879158493945,0,-2.04339467423,2.0528639903490298
shor1247,turk1311,3.9936008674677614,0.025351140243069364,0,1.50716885317925,2.4230347336502103
shos1248,utoa1244,2.9658292045396832,0.06208406269451698,0,0.112884297212,2.256754554692335
shua1257,jiva1245,2.499467074044654,0.04176828284045379,0,1.21954339622525,2.355477991466455
shwe1236,aust1305,-0.8791406909328853,0.010190798830124777,0,-0.871715101915,2.036506149065425
siam1242,siam1242,2.7021991769300806,0.0690009258128052,1,1.4038261999252502,2.88214776890422
siar1238,aust1307,-1.9329077125997567,0.023466665730543082,0,-1.1614580353227248,2.0527711501833403
siaw1243,amto1249,3.182988304873488,0.03570806888765315,0,2.7115953892825,2.533296387841685
sich1238,sino1245,2.293068384917365,0.018743583651644156,0,1.305378325825,2.18203139299768
siee1239,aust1307,-2.4077749594040805,0.024335470909496646,0,-1.4000495914585,2.069631774282965
sier1250,otom1299,0.6608302251773064,0.03788882762047524,0,0.6117390698327501,2.234848451787455
sier1248,utoa1244,-1.5749157750721225,0.03623855366472608,0,-0.9400578978575,2.2013193252729852
sika1261,aust1307,0.04168766800585915,0.026730275132327647,0,-0.988007159328625,2.01767494263916
siks1238,algi1248,3.3216546947595047,0.04394753788615034,0,2.4356898623375,2.3947239854362
sina1266,aust1307,1.8804515632188044,0.015164504960299755,0,-0.65025185723875,2.049009527830855
sini1242,mand1469,2.486878716824064,0.043692789823405215,0,2.5664382845175,2.542662137771715
sioo1240,aust1307,-1.616701037457433,0.029712738877687467,0,-1.3088422762105,2.0590693117124896
siri1274,tuca1253,1.5431672783313997,0.023310392589656687,0,0.17877054172950002,2.3193957529432803
siro1249,nucl1709,4.203513608574154,0.048859659110810506,0,3.9456122642700002,2.53118942818321
situ1238,sino1245,2.6865802429690313,0.010202180142192733,0,1.186523529205,2.198386722871115
siwa1245,sout2948,3.1170032141684367,0.04988576546848676,0,2.688420624975,2.574830593074365
siwi1239,afro1255,0.0164628171819575,0.012381106236099945,0,-1.016786254284,2.138684908263455
siwu1238,atla1278,-1.5011814997930504,0.019633690513691935,0,-2.89427718713,2.1613955864201246
skol1241,ural1272,1.2871577030398127,0.014055709186953957,0,-1.263813246,2.165539588939065
slov1268,indo1319,1.2665099399765847,0.027274337266669675,0,-0.08742141552225,2.159566846899585
sooo1254,aust1305,-0.18220134739757926,0.023771567791496116,0,-0.630079839897,2.04449252534089
sobe1238,aust1307,0.38498561284032107,0.02678243844256071,0,-1.0771329597925,2.06024018172626
soch1239,otom1299,0.612924653241078,0.026839331079693385,0,0.8211270582507499,2.23451799394407
soga1242,atla1278,-0.3435433231819228,0.016025502444774214,0,-1.73013948965125,2.04083035790228
soni1259,mand1469,2.766928930081285,0.05521916938290811,0,2.56586571600375,2.55162963720933
sons1242,aust1307,-0.5889904496148767,0.027543832710719095,0,-1.4723235551484999,2.0297610829644803
sooo1256,kuli1252,-1.0105304272880473,0.012418121098583808,0,-1.78198603148425,2.48191794789832
sora1254,aust1305,2.724729119886833,0.02781597615413652,0,-0.28725806945375,2.11989409788516
koon1244,atla1278,-1.5076307229483974,0.03204905578687778,0,-2.4236286640499998,2.1010199663906
sout2859,aust1307,-2.6843767436141714,0.023971735145106095,0,-1.3041246559325,2.05484129480761
sout2976,utoa1244,0.23451550497439255,0.025288073866764578,0,-0.7459386697275,2.2414726736056947
sout2996,ayma1253,3.125654083674977,0.026875212259002634,0,1.23089448178875,2.37479858529812
sout2730,sino1245,0.22342182234961655,0.030731219242191944,0,0.536616469693,2.13426653884741
raro1241,aust1307,0.39745853023182515,0.017282019865251613,0,-1.0875230342745001,2.007425132616985
sout2741,taik1256,-3.1710552157372476,0.04196361260598903,0,-2.9885382642175,2.25739512401953
sout2826,krua1234,-0.0022140590961289997,0.019564105513198666,0,-2.74925325273,2.1552051251677398
sout3236,gumu1250,2.774187210482432,0.040048587576982236,0,1.0655128977555,2.6596983340250153
sout2956,haid1248,2.41335248902758,0.046214198952486574,0,1.40252706101,2.4706690730787697
kach1280,sino1245,2.8813507434967427,0.025468416691676075,0,1.2466896693698999,2.1871041583361803
sout2949,kiwa1251,4.009329062842935,0.04150135287364735,0,2.8008389240305,2.49240635449313
sout2994,namb1299,2.583550808727932,0.03517752936638537,0,0.9743305539217499,2.40561154935054
sout2649,indo1319,2.9865059102710685,0.08804028512015233,0,0.65588408454525,2.281742585883845
sout2729,sino1245,2.434195354296782,0.012238413192116916,0,1.0213011060045,2.17155759472322
sout2728,sino1245,2.695476737883739,0.010062133787506216,0,0.9902756892975,2.17692792801655
sout2918,aust1307,-0.5069265593286202,0.01661258941356863,0,-0.52565654276,2.041979886833195
sout2985,miwo1274,4.018272781541044,0.02760533382808606,0,1.0826723456475,2.487920039347195
sout2807,atla1278,-1.865939950630472,0.03141119008255061,0,-1.8932585723875,2.0337430814691597
sout2679,ural1272,-0.5034856637901002,0.01777721300599685,0,-1.95519266748,2.161116739709295
sout2782,atla1278,-2.1403540463418107,0.02954601516230596,0,-2.162344315315,2.1426509290606948
sout2674,ural1272,1.23961656620935,0.022526479686150853,0,-1.207176558861325,2.156586378728945
sout2959,atha1245,3.5576977720686243,0.042124733796815174,0,1.80434558372,2.41617182626044
para1301,aust1305,-1.2322843326003161,0.012123711977001888,0,-0.8818863363164999,2.0300968871753353
sout3261,nakh1245,4.444734686271388,0.020677411262343837,0,1.342429917035,2.64747898167239
sout2869,aust1307,-2.3170129864521805,0.010567726722756432,0,-1.4559248878125,2.0755487618639554
stan1318,afro1255,1.53894798210965,0.029450665249263687,0,0.2736802687125,2.053945779032185
indo1316,aust1307,0.22314903834630412,0.024045444165642388,0,-1.00279731991425,2.02584490071575
stan1306,aust1307,-0.684031719915304,0.012188431307527472,0,-0.9909480634079999,2.030023251161035
suab1238,sout3418,1.234771130173553,0.04073903885295819,0,2.9626630853575,2.5218657901838704
suba1238,atla1278,-0.07537035475918745,0.02088500028425941,0,-1.682430139804,2.048357469213395
suen1241,nucl1709,4.240228311791567,0.04673360545623941,0,4.2273489028475,2.4469307595891348
suku1272,afro1255,-0.8812698345053601,0.024703264914485802,0,-0.99554938448525,2.082974782481855
sulk1246,sulk1246,-1.138460589760454,0.0258028567295696,1,2.0005478451550003,2.4572337912083553
mari1426,aust1307,-2.0475932480192434,0.014656659505158064,0,-1.414583821841565,2.0599448844036
supy1237,atla1278,0.5543408748897383,0.029117476894566358,0,-2.5066907952525,2.08843649547731
surg1248,ural1272,2.4244687798301223,0.05079237683574796,0,-0.6851675341347501,2.2720460960890954
swah1253,atla1278,-0.40236874736385925,0.01999185680162152,0,-1.8154375831925,2.03128986034025
taba1263,nort2923,1.049818260578259,0.033854191019643376,0,1.99909480406875,2.335583716251545
tabo1241,tabo1241,3.867281429283379,0.0322349891307516,1,2.6143423449525,2.609822182109165
tafi1243,atla1278,-1.471285880214392,0.017592421497657294,0,-2.95904084977,2.155557349668255
taga1273,aust1307,0.3301666994381406,0.025203137068378133,0,-0.6383226152265,2.0566090154799053
taga1270,aust1307,0.37887514394287347,0.024020443027538012,0,-0.7758595916,2.0501735468885496
tagi1241,sino1245,3.7165539394748435,0.02036234063783714,0,1.0866135528999998,2.1768404227133553
tagw1240,atla1278,0.5774122435817952,0.025718434864177582,0,-2.50359806763,2.097547006452895
taha1241,afro1255,-0.12062641667121024,0.01469647263701126,0,-1.41739641349775,2.12781214666471
tahi1242,aust1307,-0.9611840843873014,0.027366739702578323,0,-1.24317852875925,2.011848378515515
taia1239,taia1239,3.0833268096189803,0.036640354723437636,1,2.66603987333525,2.540298553700985
tain1253,anga1289,3.1720113195596578,0.04474301739378214,0,2.8616612644137502,2.5460160184984453
taji1246,aust1307,1.3501256538974986,0.029616742451178044,0,-0.13720574294375,2.058257728746665
taki1248,aust1307,0.44377201884771095,0.02402603701491848,0,-1.09990360771,2.05343474605777
taku1257,aust1307,-0.42567822152691515,0.01711136761493507,0,-1.1581839993495,2.015738680852785
malo1243,aust1307,-2.105708572552228,0.02402669273725098,0,-1.4352244661397502,2.059254274863985
tama1365,afro1255,0.22009806842296914,0.02022428852866225,0,-1.43838611715625,2.112867312430065
tamb1254,aust1307,0.01894726040974975,0.013266785415416578,0,-0.7243797990942,2.046756610661305
tami1289,drav1251,4.013747128733662,0.03837907536820858,0,2.5680831853925,2.79457903260911
tane1237,aust1307,-1.5998796807948859,0.02467387431929946,0,-1.326228190619,2.064991332387335
tang1377,sino1245,3.5937986947445255,0.027384696114988456,0,1.08090066662725,2.17567756944449
tang1373,sino1245,3.28622111554406,0.025245424713416426,0,1.16407088918075,2.1784223189479848
tari1256,araw1281,1.3080406729277532,0.022109741634718717,0,-0.5343069973122501,2.14392917741825
tari1263,afro1255,0.6781634567165042,0.030901798894153367,0,-0.8249565122082501,2.14714527202803
tata1257,aust1307,0.6472971196630657,0.02853703484122917,0,-0.9364893972425,2.0580411854434653
taul1251,taul1250,0.5698575023831675,0.04516589598076804,0,3.7414809821425,2.5327007065539
taus1253,taus1253,-0.26875591032524565,0.030436245927206628,1,-0.1733184316775,2.4050403595041496
taus1251,aust1307,-0.6578656505200082,0.02410998609621925,0,-0.8076134729165,2.048451476220605
tauy1241,nucl1709,4.632750410920059,0.045270934402763446,0,3.9564164332175,2.542274528626255
tawa1275,aust1307,1.8597041188057832,0.030907494153521786,0,-0.6259744260465,2.05790298251548
tawa1286,afro1255,0.4799146317354286,0.023625901553205316,0,-1.3859375947575,2.1040625145905247
diga1241,sino1245,3.2195313432501695,0.024206258310812582,0,0.9931224479311249,2.19496763195556
taya1257,afro1255,-0.3713374742058428,0.013396205320143668,0,-1.422434260595,2.115444594422735
tbol1240,aust1307,-0.8920963495000432,0.026590107886565795,0,-0.7989674025119999,2.061782951875715
tean1237,aust1307,-1.5767512363988256,0.024345002059895367,0,-1.30496471732625,2.0647138664644453
teda1241,saha1256,2.3574210836820777,0.05792620570611185,0,2.157577463402,2.63228262401386
tega1236,rash1249,1.6588644455949613,0.044326142940047004,0,1.6992826718175,2.767608550531365
tehu1242,chon1288,2.722910733151637,0.04644062983774977,0,0.827047280785,2.46234710307698
tekt1235,maya1287,-3.0178677691467577,0.030336838567546574,0,-1.47330171833625,2.370615183674435
tele1256,nucl1709,5.238858125689882,0.03516993103481486,0,4.25027489954075,2.4436173754897297
telu1262,drav1251,4.450747541000355,0.04010861322460055,0,2.5456275581375,2.7877175672384302
temo1245,otom1299,-0.33009355975468757,0.02665039064861713,0,0.64969377883375,2.2234932823015203
temp1235,aust1307,-0.2872715089062253,0.029254275307689703,0,-0.8758007330074999,2.050658212436695
teng1272,aust1307,0.42353317010737584,0.021480800081956866,0,-0.497259101715,2.07792998151515
tenn1246,surm1244,0.6143647051286383,0.017519915042680814,0,-0.61672097516575,2.276241516588185
teop1238,aust1307,-0.0600084840370331,0.02585866653833898,0,-0.91820402867175,2.05219524997864
tera1251,afro1255,-1.2942078597494113,0.0280972540670821,0,-1.08960726530655,2.093796800021885
tere1278,sout2948,3.0933822618518585,0.04849124903617272,0,2.69089167394575,2.5617351788365
teri1250,chib1249,3.3034182773312666,0.035068648465269844,0,1.0167440394725,2.264440085095285
term1237,aust1307,-0.28050197435177804,0.010584189548591657,0,-1.4195060470745,2.07612368620081
tern1247,nort2923,-0.0173989756693645,0.03252916929814307,0,1.499644483455,2.3417113649228547
tete1251,utoa1244,-2.1816442119469457,0.03433802724512591,0,-0.927002143567,2.2122058611564297
tezo1238,otom1299,-0.3417239536680816,0.017465675972019753,0,0.2279811026725,2.257609409699125
thad1238,sino1245,3.124859963675184,0.012501711806161008,0,1.46414594627175,2.2363312864160303
thai1261,taik1256,-1.9742723535513218,0.0351217873359302,0,-3.048890013035,2.260848674651535
thak1245,sino1245,4.717562085885218,0.03341702691226783,0,1.36436751565875,2.2089563173866047
than1259,sino1245,4.671402868592972,0.02770413856347456,0,1.3508547381325,2.238743191796585
thao1240,aust1307,-0.09205038217385769,0.02857825198858869,0,-0.46298564568275,2.13912203956758
aheu1239,aust1305,0.17663409057830784,0.013235066818969125,0,-0.452592717752625,2.05080236201248
thay1249,pama1250,2.9871083341679086,0.05311885888734312,0,1.270938326654,2.33931951862264
thul1246,sino1245,4.615407371949329,0.022630099731199217,0,1.3360480441517502,2.2287022145204203
tibe1272,sino1245,4.263038078355363,0.025308086637877585,0,1.436851811238925,2.2055764417471497
ticu1245,ticu1244,2.1013371531198928,0.03512320381531548,0,0.812345825715,2.41592370753507
tido1248,nort2923,-0.37579381304169984,0.030270582771230833,0,1.51450764891,2.339458833546665
tief1242,atla1278,0.40451080988414184,0.020614923181494466,0,-2.9714096969224997,2.117689846114425
tief1244,atla1278,0.2994565276274117,0.021083103873830757,0,-3.1206995201585004,2.1298701199237398
tien1242,atla1278,-1.6185604992670308,0.04325279380358507,0,-2.38262152281,2.083814369466015
tiga1245,aust1307,-2.4447986015887215,0.023241824344027124,0,-1.17894415989,2.070593083891655
tigo1236,atla1278,-2.4708237414303227,0.019039644741613432,0,-2.6923824596675,2.1358622209547953
tika1246,atla1278,-0.9696551166383323,0.02829254166432254,0,-3.094338814204,2.21769076403156
tiko1237,aust1307,-1.8819063294495177,0.028383174780022058,0,-1.2068067694975,2.008509114356655
timn1235,atla1278,0.44504517206336747,0.029757245356597,0,-2.7160654149275,2.132413641023755
tina1248,aust1307,-0.5462249098944365,0.025244426283206434,0,-0.5617338957775,2.07215655748824
maee1241,aust1307,-2.7156327269191567,0.024429373092844913,0,-1.3229506319705,2.05527570231024
tiri1258,aust1307,-0.504907971628777,0.02420204505370214,0,-1.0980483780367498,2.046271812823705
tita1241,aust1307,-1.5905061817050141,0.022155216340909896,0,-1.3534689108125,2.0775752180096747
tivv1240,atla1278,-2.2043686867072454,0.024981871647245916,0,-2.7562354970675003,2.221880838686105
tiwi1244,tiwi1244,2.4509149327439372,0.03621545295571481,1,2.7667186500599996,2.5786877924188047
toab1237,aust1307,-0.31473809352919113,0.023263607656955204,0,-1.4336467315507502,2.05144261266938
toba1268,leng1261,1.7959032093694407,0.040602543696559266,0,1.1266171945572498,2.4025498253131303
tobe1252,nort2923,0.7961447674758555,0.0284557221621039,0,2.0073442073975,2.347721815839125
toho1245,utoa1244,2.4991814741883487,0.03353105029210282,0,-0.5899459535005,2.2264867830716897
tojo1241,maya1287,-3.0129625310701584,0.04166626760229671,0,-1.4624092293625002,2.379660021393295
toke1240,aust1307,1.133578323328852,0.014305128015068646,0,-0.9125686882424999,2.0077669765164803
toll1241,jica1245,2.495673840577001,0.05445651362372403,0,0.7923592803965,2.455729751034035
toma1245,mand1469,3.679611819393533,0.051394529735435776,0,2.5628736804,2.554260300003745
tomm1242,dogo1299,2.2004639043317886,0.053115369862976824,0,1.6864291623124998,2.6965148468883147
tond1249,song1307,1.3922008858221098,0.020668269801712658,0,0.665504923865325,2.317542795641055
tong1325,aust1307,0.5524656095831982,0.021165464129094178,0,-1.031715050060425,2.009131250388095
toor1238,atla1278,-1.0968567629250305,0.02020865616395798,0,-1.881305411235,2.03143531310765
tora1259,aust1307,0.923246254316586,0.01861775930846049,0,-0.96994914179075,2.05076731047602
toto1302,sino1245,4.4249051063573726,0.028999751187273104,0,0.9127486849067501,2.17325870170062
trin1274,araw1281,-0.1578460538578019,0.023158810526761883,0,-0.0400442673955,2.153313371593935
trio1238,cari1283,0.6359791653217248,0.026275815110188103,0,0.389301154732,2.23978842042717
trum1247,trum1247,1.9688224939448755,0.03823698887937583,1,1.11366565870525,2.41217712324349
colo1256,barb1265,2.647954372446555,0.04248322784936641,0,1.0107349214924999,2.394381540354405
tsat1238,aust1307,-1.2641389661221336,0.02508239468135381,0,-1.007612813402,2.04739667337164
dido1241,nakh1245,4.4690135372968225,0.02153607709835087,0,1.3838082792175,2.65775634869067
tsha1245,sino1245,3.999798819250257,0.020502967646398487,0,1.394737957655,2.21131195131097
tsix1234,khoe1240,2.8465409158421564,0.06272634685708102,0,1.055668580703675,2.78553251612613
tson1249,atla1278,-1.81104896490704,0.019395447010411727,0,-2.0186503052002003,2.0456878980557702
tsou1248,aust1307,0.10385178227505634,0.02738786960342927,0,-1.00320628774575,2.12397644598
tswa1255,atla1278,-1.702874159109872,0.017581534141193254,0,-2.017494155745,2.0395126986686147
tswa1253,atla1278,-2.2401985844345917,0.021475230590814375,0,-1.9358323204435,2.04621022899568
tuge1241,nilo1247,1.5076170971864595,0.03148040489253419,0,-0.5865981604985,2.2451565124893103
tugu1245,aust1307,-1.2063953543734167,0.024490639755684312,0,-1.3975649623917499,2.077398229171755
tuka1248,aust1307,0.6780005526357649,0.023272011617228718,0,-0.150122179223,2.06367342758118
tuki1240,atla1278,-0.764269027088395,0.02819427593185063,0,-1.7452556884925001,2.098574676881735
tulu1258,drav1251,4.1819560926311565,0.03704527680751497,0,2.5525357712145,2.799125431223885
nene1249,ural1272,2.364831976590523,0.0531909666294334,0,-0.44629817424575,2.285080029667995
tung1290,aust1307,-2.194147415581842,0.023404033151954436,0,-1.2196471916862501,2.055543095397245
turk1303,turk1311,4.5225273903958385,0.025320404903890415,0,1.4729993439675,2.433657618629745
nucl1301,turk1311,4.083366440548966,0.051717444627608,0,1.4836401105224999,2.4251870477993354
turk1304,turk1311,4.302987295951166,0.028332376048380757,0,1.48323764935775,2.43144603796834
tusc1257,iroq1247,2.784940184655339,0.03533577146002816,0,1.810075902695,2.40423569448513
tutu1241,aust1307,-2.7789863800300574,0.022604424606686224,0,-1.423752985141,2.049386711781675
tuva1244,aust1307,0.48690055511428687,0.014586069340914972,0,-0.93798264867275,2.000842982124825
tuwa1243,aust1307,-1.3671943519277723,0.03634009256256549,0,-0.88217620009,2.059983738507075
tuwu1238,atla1278,-1.4875913917696866,0.027340751472415218,0,-2.939414387896,2.154591457038205
uuuu1243,aust1305,-0.8067776445561171,0.022319023959411034,0,-0.83817236359525,2.034360320495365
udih1248,tung1282,3.788713362726483,0.02853806844822211,0,2.7588639136525,2.9778341829915247
uduk1239,koma1264,2.5096371436699885,0.03454775957678648,0,1.0127142463258,2.7355759735003
ugon1239,sino1245,3.2399906258786544,0.02067038182004214,0,1.4190859420800002,2.1919469921849952
ukra1253,indo1319,2.050085565954638,0.0164912522521633,0,0.04678143624125,2.16734023185223
ulch1241,tung1282,3.791598160288366,0.025636849541259648,0,2.76067744441925,2.966423238542255
ulit1238,aust1307,-1.4420185524124332,0.031976824827937775,0,-1.52414882393,2.0335714867960952
ulwa1239,misu1242,3.2294166124689427,0.05374164328617028,0,0.86582708328225,2.43395086368583
yaul1241,kera1258,3.335563913160629,0.04872615351251083,0,2.387329258112775,2.5212168659335
uman1240,daga1274,3.791957219822799,0.05233744244704708,0,2.75517195897275,2.598095428670555
umbu1258,nucl1709,5.260588952367511,0.039151301246579596,0,4.173041898779999,2.45200208049899
umes1235,ural1272,1.1384537857896144,0.018715679878141094,0,-1.209200593863,2.156566236143605
unaa1239,nucl1709,5.056870206447166,0.03475609681857999,0,4.239907680053999,2.462914974118025
unea1237,aust1307,-2.081775135416148,0.025577518782396946,0,-0.6645652826570001,2.057009060349555
unua1237,aust1307,-2.774516708199951,0.01989015401432743,0,-1.2276810910525,2.054394785526515
uppe1275,toto1251,-1.0183695318767136,0.025053369508614726,0,0.0058914084674999995,2.28330690229079
urar1246,urar1246,-0.169141704525302,0.023121496926337113,1,-0.3168505488035,2.38346243431382
urav1235,aust1307,-2.4119224269897543,0.026035111779242823,0,-1.3996373590712499,2.067277886906825
urim1252,nucl1708,0.02326336441513325,0.0519437737740411,0,1.001944700673,2.310070967290545
urip1239,aust1307,-2.623324992331775,0.02720236471275925,0,-0.94804966565475,2.045885345259315
usan1239,nucl1709,4.685322716184486,0.04586273721095951,0,3.9424636481075,2.515821518384155
utes1238,utoa1244,2.9584479496712635,0.06861366580611102,0,0.09871622769,2.2567668210352254
pile1238,aust1307,-0.5931536186447504,0.030022291038002146,0,-1.2812292331842499,2.0086047405542597
veps1250,ural1272,0.17303631452105026,0.02084582898089969,0,-2.1392477584175,2.1370046292155997
vera1241,aust1307,-2.5171720768564336,0.02537866019135167,0,-1.4253488621907748,2.056756329940515
viem1243,atla1278,0.17598940140904124,0.02826455073476836,0,-2.5754665076225,2.1155434686177452
voti1245,ural1272,-0.9182765367572082,0.015183787922629505,0,-2.08652626296,2.139331538540055
vunj1238,atla1278,-0.7006875773484293,0.018901432089130563,0,-1.95720253972975,2.043055530031915
vure1239,aust1307,-2.5228256923141785,0.026297206771359657,0,-1.4203796674775,2.0570690418353053
vwan1235,atla1278,0.0878760929114148,0.02854391797545215,0,-2.24313039425425,2.04098824485969
wadj1254,wadj1254,3.9166001849604624,0.04854481549184262,1,2.6566180030449997,2.5772768422952597
waga1260,pama1250,1.1826614774345265,0.03628796325807768,0,0.7172356054975,2.341333260228475
wage1238,wage1238,4.085961595170965,0.04337342366143506,1,2.7680164327099996,2.58320342265093
waig1244,aust1307,-2.282104229118442,0.02667669850765952,0,-1.35387484634075,2.0885425222355902
waim1251,aust1307,1.519478010248307,0.02613107297199794,0,-0.637428446173,2.05245734883473
waim1253,cari1283,1.2718665595881604,0.02918128579969641,0,0.7006612148175,2.24426768947738
waiw1244,cari1283,1.0330692697017358,0.035479210612198706,0,0.50183234379075,2.22651981443691
wala1266,aust1307,-0.37388575536704793,0.016276286137346396,0,-1.4377020627925,2.0581263104403797
wamb1258,mirn1241,3.7525056808370163,0.027167359542718622,0,2.79922683176,2.541993597083155
wamb1259,nucl1709,5.249714169251012,0.04158952512136931,0,4.2382921534474995,2.441876259555645
wamb1257,sino1245,4.71947749989935,0.01977379942088157,0,1.334934658336,2.22676474842676
wann1242,mand1469,3.6926290517761813,0.062413636653701324,0,2.53019032337075,2.57101200516867
wand1278,afro1255,-0.9446156520105178,0.019388556746880132,0,-1.0573026212265,2.0863235558858753
wand1267,aust1307,-2.1304904092560495,0.013468425148401797,0,-1.3852225402375,2.083558203145745
wanm1242,pama1250,0.6592504030410131,0.0292581761888647,0,0.7748395862849999,2.311519521435425
saka1289,aust1307,-2.7305691445549956,0.03264982110259703,0,-1.42926988553275,2.0564911639061902
waor1240,waor1240,-0.1255935840142483,0.03313719589888393,1,-0.16573835651024998,2.38218482820562
wapi1253,araw1281,-0.17570887638495036,0.029803679028197156,0,-0.652167991205,2.177316296053005
wara1303,wara1303,-0.15933740621670162,0.014619597350705407,1,-0.37686022445522505,2.3814349013805503
wara1300,aust1307,0.05337330848873685,0.023921189531730582,0,-0.774051919938,2.0464908068145853
ward1246,yang1287,4.044551638237212,0.04431159573640473,0,2.755228418025,2.56442509922356
ware1255,araw1281,0.5871743570997541,0.023568010739561822,0,-0.7069877207295,2.14851750857121
ware1253,aust1307,-1.1062002049398352,0.023990201599846155,0,-1.47340992848725,2.08774120145139
wari1268,chap1271,-0.7790832248412355,0.017522175713205624,0,0.06885171044425001,2.361425176879905
warj1242,aust1305,0.47782765744482325,0.02276277869503515,0,-0.6808462477649999,2.04088742259258
warl1254,pama1250,2.1640949628472756,0.03601710598753886,0,1.1880617557725,2.30442223482441
warl1256,pama1250,1.5743853992827819,0.04067825872101892,0,0.9665644749325,2.34973811249534
waro1242,aust1307,-0.7857095326357382,0.02769252532080658,0,-1.42560119190275,2.0813724229416
waru1265,pama1250,1.9296112978916713,0.03725449946280889,0,1.1878164514025,2.3020235303913648
wash1253,wash1253,4.060076027396463,0.03413524179548435,1,1.0563822574950001,2.500253376738765
wask1241,nucl1709,4.256139448577018,0.05325330644148455,0,3.9382912494370004,2.529067805240235
waur1244,araw1281,1.1816704951922539,0.03307699998467386,0,-0.36608531617999995,2.17963232053865
wawa1246,atla1278,-2.2430003518074413,0.0321249498279236,0,-3.018205866782575,2.22920650251903
waya1269,cari1283,1.062124961670577,0.03977104428049377,0,0.60875428968475,2.2353517492689
wayu1241,sino1245,4.737472027940475,0.026112261994526074,0,1.33893292186025,2.2298604944563554
wels1247,indo1319,1.6692408044725775,0.031469441781400764,0,-0.08032027245475,2.17893851783125
west2560,aust1307,0.03912660484681025,0.021284269421002852,0,-0.39424637748720004,2.0521311521188004
west2548,aust1307,-0.664052102330339,0.021909662402112073,0,-0.8673494163255,2.0749278359144148
west2615,atha1245,4.46705063746127,0.033377683647492315,0,1.76138115022425,2.42322320141151
west2397,aust1305,-0.00741031517955455,0.01965363026524909,0,-0.594494719964,2.0495103709776252
west2555,aust1307,-1.001239571824428,0.02623066231570247,0,-0.9002261693267499,2.0675448353042096
west2650,aust1307,-0.9391453282523547,0.025609787036401547,0,-1.0399388650271701,2.048979056890885
west2594,nucl1709,4.45707133356467,0.028520062569315708,0,4.225632360935,2.461990096462665
west2369,indo1319,3.011932501013635,0.07287413847716086,0,0.7001546279374999,2.26981642189027
west2519,aust1307,0.5855337040954879,0.020589707539263286,0,-1.0781937382375,2.03186834283237
west2354,indo1319,-1.2391134655528697,0.026732898538045998,0,-1.1002664915475,2.150173525390435
west2624,utoa1244,0.36647046357430857,0.024123622324535108,0,-0.784179634725,2.19415405509885
west2466,atla1278,0.5709935275356901,0.026605080058814536,0,-2.5259877725175004,2.08872461921327
west2632,kere1287,2.5094050008064634,0.03133718146646168,0,1.2140366005475,2.4334772516302197
west2396,aust1305,-1.5260414255972459,0.013533359355374213,0,-0.8799783384975,2.032304467766175
west2418,sino1245,4.742705925222205,0.03926044335021403,0,1.34423806934325,2.233778909754535
west2763,afro1255,1.738205736581464,0.01906886478647338,0,0.785395382635,2.16521010702431
west2415,sino1245,4.751315967099535,0.040280800507407434,0,1.37042888702225,2.227239495508445
sanj1284,otom1299,0.5711728601008704,0.03217625126093983,0,0.493057826725,2.241443944530915
west2430,hmon1336,0.0106600106301677,0.018437934463586627,0,-0.09609757490000001,2.184764337013795
west2599,nucl1709,5.352534646961438,0.045692094841995906,0,4.164340275452,2.4473157225391446
west2600,nort2923,-0.2512473783500826,0.02917791557739308,0,1.5876177813895,2.37811997573203
west2516,aust1307,-1.8226060790683123,0.02710621547130217,0,-1.22501464052775,2.00850300859012
whit1269,aust1307,-2.3354741122153118,0.027770949426658424,0,-1.4587467288825,2.072349821336105
wikm1247,pama1250,3.1141793535525064,0.05778095885104813,0,1.2859461420275,2.33232658326826
wiru1244,wiru1244,3.4517234221858395,0.037693733386540335,1,2.739425022973,2.563693496979715
babi1235,atha1245,2.590265357234207,0.04039662131649242,0,1.79018837596225,2.4094318673661252
woii1237,aust1307,-2.017839616623683,0.030239245829211437,0,-1.3868674093025,2.07276893449351
wola1253,afro1255,2.1287760076281828,0.030678602755371463,0,0.79806509279775,2.2340631823702397
wola1242,gong1255,3.609249340030935,0.04594411366184126,0,1.8431054092709,2.47536861104462
woli1241,aust1307,1.0676405168718173,0.035417537286443444,0,-0.18542245122075,2.0617277309314
nucl1347,atla1278,-2.2943979382058526,0.025394553276525882,0,-3.16396848138075,2.194513197991225
wotu1240,aust1307,1.3843286437110032,0.028253866474697215,0,-0.17963214643575,2.073706238586225
woun1238,choc1280,3.1549256134918964,0.03710205114084341,0,1.03843750196,2.37544924727181
wuch1236,sino1245,3.266785999811759,0.02647436312791735,0,1.1090146821202,2.16985270433167
wudi1238,sino1245,1.6792722337730392,0.017302862164947898,0,1.1699702600025,2.16930881753154
wusa1235,sino1245,1.7643679186961176,0.027079436515308808,0,1.27690123258375,2.169267622003175
wutu1241,sino1245,3.281288515706856,0.025398749125738935,0,1.15142182250525,2.178481843988835
wuvu1239,aust1307,-0.12065661856608914,0.0198167261241815,0,-0.9701912738725,2.0666681320204248
xamt1239,afro1255,2.2749351526924046,0.024351583436301973,0,0.98666948340325,2.151302067724515
xara1244,aust1307,-1.3323205994482255,0.024077154673155764,0,-1.2467948242775,2.046235777180105
xava1240,nucl1710,2.251051086913184,0.027067107953571142,0,0.94420549526125,2.311544786152035
xish1235,sino1245,2.0864014633324794,0.014292544530002043,0,1.48874177088025,2.19041748530373
xokl1240,nucl1710,3.0159773371205736,0.034705773505985395,0,0.96354132446175,2.316284580495595
yaak1241,afro1255,1.6615950908110473,0.020143277223046156,0,0.725077872601525,2.1366987034786904
yabe1254,aust1307,-0.879582430698874,0.034312545164813225,0,-1.40945641703825,2.065886880693105
yaey1239,japo1237,3.628109687444624,0.04822822492507592,0,0.7819091898525,2.560685083504025
yaga1260,nucl1709,4.632360320229934,0.04245359562405858,0,4.14414612059,2.45237520059876
yagu1244,peba1241,-0.1031586182751931,0.024783277004644843,0,-0.26079609582475,2.39792803960092
yaka1272,atla1278,-2.826243291608188,0.027633083722778,0,-2.4117809750775,2.09491252876086
yaka1277,aust1307,0.18860712458062728,0.02407665313982531,0,-0.730339849665,2.038252405531585
yakk1236,sino1245,4.5821412742874195,0.01947074675979852,0,1.3497822786825,2.226677602396145
yale1246,yale1246,3.081230378447504,0.024055148021069117,1,2.756629398585,2.53979503882428
yama1264,yama1264,0.052995615541045746,0.009477648600242675,1,-0.38795285082825004,2.449203179777445
yami1254,aust1307,0.43994973509000257,0.03625131056873686,0,-0.5433850206274999,2.05136462227191
yami1256,pano1259,3.813845333993835,0.04196157926739579,0,1.77984948792,2.33758329022374
yane1238,araw1281,2.533781018874985,0.035706299893076374,0,-0.025624842495499997,2.18299762714493
yano1261,yano1268,2.1757084203821546,0.048042475308430733,0,0.98001332214075,2.39878026772066
yaoo1241,atla1278,-0.4841154645424077,0.02081877111646904,0,-1.9326445576075,2.04753936936669
yaou1238,mand1469,3.447321966962804,0.05880462420060875,0,2.5307359167300003,2.5653494304980704
yape1248,aust1307,-1.4866196416077209,0.034371801012647606,0,-1.2656512282949999,2.07388713943679
yaqu1251,utoa1244,2.1472356865668054,0.02519523793175702,0,-0.490256899077175,2.2314175036550097
yare1248,yare1250,3.0949054069035373,0.05891227542529055,0,2.6859534928332502,2.598697231987015
yatz1235,otom1299,0.7136050635936428,0.03689451305190781,0,0.6164390026125,2.24399777512708
yaum1237,nucl1709,3.2916121216507213,0.04308607407604274,0,4.298206830694999,2.4416680278834297
yawa1261,araw1281,0.8059327059180326,0.025403919968145356,0,-0.49509647360875,2.17955164110446
yawu1244,nyul1248,3.3914182845213285,0.04732114039236297,0,2.7244405472600004,2.5846968913686448
yecu1235,toto1251,-0.627443992158903,0.034384126673138164,0,0.2464453634435,2.2797935647272096
yele1255,yele1255,3.236844003091143,0.04466249816666387,1,2.6559538750275,2.5624527908782397
yems1235,gong1255,3.7186660097242314,0.04364745756490354,0,1.823097152885,2.4786791817785954
yapu1240,nucl1708,0.5391992253634219,0.04696580620558152,0,0.3557021429225,2.34538915023641
yess1239,sepi1257,3.6337784886301803,0.051516632224704956,0,3.2922546387805003,2.47573778099894
yeyi1239,atla1278,-0.2512845001856666,0.03205485504900433,0,-2.085541010405,2.070850728405865
yidi1250,pama1250,2.673526969059272,0.040790223492749376,0,1.266330306877,2.36171796314371
yima1243,lowe1423,3.321731746050613,0.03145484056712392,0,2.7395971357253996,2.54572928408359
yind1247,pama1250,1.072870461392355,0.04238603285767592,0,1.0004100282915,2.298544318351855
yine1238,araw1281,2.230221302465093,0.04683617584911781,0,0.05835168436725,2.167159227715575
yoga1237,aust1307,-0.6289784117898591,0.03868483720219737,0,-0.8711455505935,2.0557839975434353
yona1241,japo1237,3.6331704488223715,0.045533399085376514,0,0.7797751395595001,2.554629155712695
yong1276,taik1256,-1.3289930998148454,0.032679098900165925,0,-3.04107230531375,2.251319219180065
yong1280,nucl1709,5.4891226006369696,0.03037663890337803,0,4.24665421749175,2.4439190130894852
yora1241,pano1259,3.89047241829842,0.03613188494777836,0,1.778890031745,2.3347832001544697
youl1235,sino1245,2.6065297973444146,0.016607898298455447,0,1.44881279751925,2.2076007634724997
youn1235,hmon1336,0.7647509915698841,0.023777236898872824,0,0.288654850215,2.17573623139364
yuca1254,maya1287,-2.2740192094341527,0.03098908551552343,0,-1.572534543108,2.35907107314436
yuch1247,yuch1247,3.5295063005635794,0.026990619486337134,1,1.06537640497925,2.4526173513359
yukp1241,cari1283,2.0999888424013586,0.03059237281512189,0,0.7434269177217501,2.26628148088029
yulp1239,pama1250,1.6807817225481205,0.03588588369650176,0,1.015177714545,2.306891610807425
yulu1243,cent2225,-1.4417752470388359,0.030918915779121807,0,-2.5885106445285,2.1250706051707198
yura1255,yura1255,2.5039997451004576,0.022053142518503214,1,0.9049110290585,2.4136500291115253
gami1243,pama1250,1.8939343205625805,0.03241650847488662,0,1.4623961889285,2.35085493346701
zaba1237,aust1307,-0.2575238850535796,0.023821930318780868,0,-1.028112734815,2.049496224587555
zaca1241,utoa1244,-1.7196307483439126,0.03278714562632449,0,-0.9379988978898954,2.208662457305
zaiw1241,sino1245,2.454915173062232,0.016377124846846895,0,1.4781811840199999,2.195100690881225
zani1235,otom1299,-0.0686990009761442,0.025400496255675555,0,0.20010142272025,2.2459350846753248
zapa1253,zapa1251,-0.6021935104433623,0.03523515965985315,0,0.44636766442225,2.31577177380109
zarm1239,song1307,1.3524169563359627,0.04023244460328824,0,0.6644227118658,2.317819832687655
zays1235,gong1255,3.4068369874745397,0.04068744537937069,0,1.8595517017074998,2.50968324804126
zhab1238,sino1245,2.1453304887193063,0.016165241584695816,0,0.82878686403875,2.17522215196979
nort2795,atla1278,-1.4537927691205477,0.026256478401393144,0,-2.0155150259205,2.053970329397565
zoog1238,otom1299,0.7173025850250583,0.032405063324207777,0,0.6165676111214999,2.245024974760155
zulg1242,afro1255,-1.1527078964239514,0.01720104218919867,0,-1.3813707292775002,2.10055064030417
zuni1245,zuni1245,3.927531095001063,0.02729483727014445,1,1.14340775511925,2.5013039171067897
