Glottocode,Family_ID,GPGLMM_3D_Mean,GPGLMM_3D_SE,Isolate_Flag,Verkerk_BRMS_Mean,Verkerk_BRMS_SE
abkh1244,abkh1242,-1.0568405426617153,0.02956138358480179,0,-0.41239157497175005,2.6488117924632197
abua1245,nucl1708,-2.846478884303135,0.13847667266983368,0,0.70194004655425,2.58939546026458
abun1252,abun1252,-3.3378587932053527,0.10106771266132254,1,1.1803297322525,2.66840734774101
achi1257,aust1307,-3.6491969486092986,0.009350607471605507,0,-2.0040285335837,2.35538564407256
achi1256,maya1287,-2.695212791810973,0.025152108264781238,0,0.88490140353525,2.522887808757205
achu1248,jiva1245,2.4407563633337226,0.057332647455563455,0,2.6183855864099996,2.512654119917785
acol1236,nilo1247,-3.8673720186185228,0.112926702106957,0,-2.38445205112725,3.0288206693776702
adan1251,timo1261,-2.6131526273255457,0.09999241899790398,0,1.0519430892205,2.656219652398385
adon1237,aust1307,-3.7227860129559627,0.03900779745362307,0,-1.9243314906940001,2.345807926703065
adze1240,aust1307,-2.0328077059191982,0.03533773898773916,0,-2.064530889095,2.330257033149895
aeky1238,kamu1264,1.4911306646115667,0.06961264604453227,0,2.2147833628767497,2.49615222634905
afar1241,afro1255,-2.435205288329039,0.029965006928753382,0,-0.8915735942430001,2.38063077869654
aghe1239,atla1278,-2.329264675593569,0.0567925237516002,0,-1.14912291168925,2.38121881107468
aghu1255,nucl1709,1.8593227859675427,0.05036331635042497,0,3.4623139112774997,2.3671804292878402
agob1244,paho1240,-2.440484056499429,0.11449711361059824,0,1.04706314752775,2.631462263747845
agua1253,jiva1245,2.223123324544461,0.050104302434426415,0,2.6075504608052498,2.514966775420935
agut1237,aust1307,-3.315311817783553,0.017984798434938692,0,-1.9528042156562502,2.35814286152618
aime1238,bosa1245,1.034865250568735,0.05348881921670475,0,1.82778547823275,2.52717408398295
musa1266,nucl1709,2.573081070208349,0.053372724709356695,0,3.5494385517850002,2.44419610919529
ayiw1239,aust1307,-3.803266039135975,0.048963652043630713,0,-1.8600195038425,2.3318138234697052
ajab1235,atla1278,-3.6857599956910305,0.04125872836399714,0,-1.6893947359902501,2.43482059647538
ajie1238,aust1307,-3.1318394105530327,0.056639864363789656,0,-1.8201043701252502,2.312494460108725
west2635,maya1287,-2.52136708834034,0.025048091695138833,0,1.20015358913275,2.46370257753998
akha1245,sino1245,-2.608258505111846,0.03547637580498853,0,-0.77241285385735,2.3356244387708998
akoo1248,atla1278,-3.133058062347299,0.029358816112682137,0,-1.7593900824739999,2.3819040662208053
akun1241,tupi1275,0.31024666109249166,0.03101978491774371,0,2.800429590196,2.460580845140705
alab1254,afro1255,-0.5168793448545255,0.06436809929399707,0,-0.5362613274329999,2.33684398381234
alab1237,musk1252,2.127080109254616,0.06757873228660806,0,3.10723398842,2.46596621415961
alac1244,otom1299,-2.7639735080716776,0.030332256251492867,0,1.10086418334555,2.48400902932278
alag1248,afro1255,-3.2420065065856924,0.041827588179363606,0,-0.87713615091,2.406941666881245
aleu1260,eski1264,1.6958380494961913,0.07768082324210276,0,2.896890953631,2.5040260779694252
aluk1238,drav1251,-4.684238923377742,0.08751777751137912,0,-2.8344639127224998,3.00523752862156
amam1246,kuni1270,2.0577269187610847,0.0779135964907407,0,2.5410770400300002,2.482583127265555
amar1272,aust1307,-3.0305696351255236,0.055488815986351955,0,-2.0150184017150004,2.33799147406292
amar1274,hara1260,-2.158583928281006,0.1252780938379934,0,1.30114273447,2.57235186946299
amas1236,nyim1244,-3.4314535131203976,0.07024797081994566,0,-2.41093526344,3.144531678141615
amdo1237,sino1245,-3.1065628472909204,0.04041887904328737,0,-1.1548734398825,2.376839900076625
amii1238,west2434,-3.7774813869294723,0.1254629512010341,0,1.1284923253975,2.6031793737136697
amis1246,aust1307,-3.9324594601814904,0.02265210219030081,0,-1.9401190423674999,2.413852489100435
hoaa1235,kxaa1236,-3.712741843319805,0.10030682808053339,0,-2.396061052885,3.26750733520891
gily1242,nivk1234,-3.6844743319368254,0.1065083349069532,0,-0.05951633922050005,3.055836987629675
anei1239,aust1307,-1.0623836057144693,0.016947098922125578,0,-1.664153781615,2.304528121882695
anga1290,anga1289,1.0411775796572638,0.059992081366040347,0,1.9971634252997998,2.5197534289957746
anga1288,sino1245,-3.4130682761314137,0.029394634238986146,0,-1.031431545045,2.3804405547292653
wara1294,more1255,-2.792066901574408,0.12901632440620583,0,0.9444259491985001,2.58856682300095
anuu1241,sino1245,-2.5356837188466206,0.034128513358926145,0,-1.192198646320025,2.428324002139515
anut1237,aust1307,-3.426634984797196,0.0528987316631649,0,-1.917888356282275,2.303255104482015
aona1235,sino1245,-3.4130070013566374,0.028060624700963557,0,-1.0262063424522498,2.392192986132615
aoua1234,taik1256,-4.232662050175982,0.09760008760736105,0,-2.217588078064,2.75015200636357
apin1244,nucl1710,0.9938273638506806,0.05029808531615471,0,2.2648090979475,2.48329879815696
apma1240,aust1307,-1.984750293612908,0.03298060006085924,0,-1.513069883755,2.3027609176246697
apma1241,kera1258,-0.0793366178119745,0.03175550168231444,0,2.05632092608425,2.522861504151445
arak1252,aust1307,-3.051038708163322,0.051675558083310966,0,-1.83879046355,2.325881407317575
arao1248,pano1259,1.3007008961459685,0.04309624402948958,0,3.4673781450875003,2.43399530385837
arap1274,algi1248,-3.09516684894355,0.13802667509507996,0,0.3180477168475,2.5282154295715547
araw1273,tupi1275,0.7987078363261642,0.03955847534069455,0,3.0159042263225,2.44686373018854
arbo1245,afro1255,-1.680286679808534,0.019224938973065073,0,-0.95225320058575,2.3775425574677946
aree1239,aust1307,-2.398265190359016,0.0067725462103512156,0,-1.8244128757159999,2.312427589247665
area1240,aust1307,-3.749189257866134,0.02631812283018366,0,-1.91950416507025,2.331989566593405
argo1244,afro1255,-2.126009714998573,0.025742979329458574,0,-1.01365032330675,2.506987288907345
arom1237,indo1319,-3.543805788448138,0.023129888325459112,0,-1.55576960998125,2.53820307466846
arop1242,aust1307,-2.562980551464445,0.024032734134746117,0,-1.9570141160749999,2.3106356667040853
aros1241,aust1307,-3.8996529569604563,0.043869590063077404,0,-1.90184723919425,2.3242602504442997
arta1239,aust1307,-3.773421789930894,0.03173535167557721,0,-1.9898283905365,2.361133707141705
ashe1272,araw1281,-2.6286813934795883,0.1574201023967422,0,1.17072726381,2.57428407521452
assi1247,siou1252,-1.7623423026338845,0.023316832958664647,0,1.38035103110725,2.48307025779606
atam1240,aust1307,-3.773062203292504,0.030598506264711722,0,-1.93002845689025,2.3557967275085847
athp1241,sino1245,-3.2199871138407405,0.05996838426677011,0,-1.3230231811237498,2.40233316089686
aton1241,sino1245,-2.9617766399836745,0.02762543779128294,0,-1.3257778503950002,2.404529613771655
auuu1241,nucl1708,-2.927210928621647,0.11029151923780833,0,0.68764091916625,2.592120472448535
aulu1238,aust1307,-2.348534922299795,0.0244383460088883,0,-1.706472731455,2.30452821005106
auye1238,nucl1709,-0.33427396649585406,0.03529007763483797,0,3.36967426607725,2.364603683476465
katb1237,aust1307,-2.57905833305594,0.04113890222066549,0,-1.8070643444824999,2.3154289698219
awad1243,indo1319,-2.897155697476915,0.02412805119546125,0,-1.30619170063,2.524916406927625
awap1236,nucl1709,2.4228007969001744,0.051108617984410964,0,3.519564104472,2.379805253132125
awar1249,ramu1234,-1.816164272890777,0.11474004161948381,0,0.9672934922527501,2.57517622096934
awar1248,nucl1709,2.3140393878336423,0.035839190199077026,0,3.5639399570854753,2.3715992874584204
awet1244,tupi1275,0.6278925852131576,0.030061136065347428,0,3.033619970815,2.442328797111725
awtu1239,sepi1257,-2.6316727226000625,0.10557205965253731,0,0.5227494792959999,2.564572644890535
axam1237,aust1307,-2.271264243953226,0.037527814692600824,0,-1.6721167135980002,2.297539148652765
axiy1235,sino1245,-3.4891574608962705,0.017497377136669243,0,-1.0694497950535,2.35063708217286
ayac1239,quec1387,1.1298397466636443,0.03988642800090776,0,2.84625324145575,2.45533965726971
baba1264,atla1278,-2.652196035758522,0.03850464434415976,0,-1.519426336505,2.412010521795115
baba1268,aust1307,-3.9127522790849447,0.040060886138809156,0,-1.9202168507675,2.33436808645902
bafi1243,atla1278,-2.9970298721050583,0.03897021201186467,0,-1.776528220815,2.401735288830185
bafu1246,atla1278,-2.5471113714791245,0.051096256994879546,0,-1.5151209359305,2.39987541271803
bahi1252,sino1245,-2.8945680983625546,0.04331348189425372,0,-1.3461366076502501,2.39534027403747
baim1244,sino1245,-2.9712015885501044,0.024574074922382515,0,-1.13854353788325,2.37447522079322
baki1244,aust1307,-1.8903361594677321,0.021497101276457754,0,-1.845000872331,2.314638096279745
bala1315,aust1307,-3.2095006819188194,0.02520869870631278,0,-1.881796872213,2.34823534316472
bamb1270,aust1307,-3.217108900438636,0.023995295727196,0,-1.9756315511225,2.3381686622663898
bamu1253,atla1278,-2.722571334042141,0.03209597912318112,0,-1.52036820317225,2.40455470419325
band1344,atla1278,-3.7589623203655904,0.036515660714671584,0,-2.0259597891425,2.440613664321515
bang1369,sino1245,-3.2083913902525283,0.03702533144004792,0,-1.250739407815,2.41931879885089
bant1281,sino1245,-3.14307098328623,0.05990563018204973,0,-1.3219410338925002,2.416227623117525
bant1288,aust1307,-2.3606263385260178,0.06983886752347428,0,-1.6749081200655,2.313473939125375
bara1357,sino1245,-1.9600398673342976,0.0383795942052023,0,-1.41298274855275,2.4060646159859047
nucl1630,koia1260,1.8541580343906365,0.07495019466967848,0,2.2823489406667496,2.49831983724005
bara1380,tuca1253,0.8177472879231797,0.03717345078657129,0,2.319558370348825,2.47880834138593
barg1252,nucl1709,2.088344813869642,0.028294974886354785,0,3.4857168863209997,2.4483700379292452
bari1286,aust1307,-2.882702774753908,0.03830768916780376,0,-2.0057274177433753,2.333213615220485
baro1253,aust1307,-2.8120989274557235,0.0343405420059312,0,-1.5206486388425,2.283189186455975
bash1264,turk1311,-4.386050665311534,0.09019961437026384,0,-2.1980172738612,2.776459952627905
basq1248,basq1248,-3.8468703648468128,0.0897860339605853,1,-1.0643411450975,2.93223135074082
bata1289,aust1307,-3.8212103599787293,0.03158126003594136,0,-1.98156399488975,2.365391341817545
bawm1236,sino1245,-2.8628142653292805,0.04761942920621013,0,-0.5608739387699999,2.327149173684715
bayb1234,aust1307,-3.4312767679689715,0.021133987387351966,0,-1.7827331879075001,2.32755669029289
bebe1248,atla1278,-2.6723525442406717,0.038671984674843216,0,-1.82961622691925,2.39083986844454
bela1254,indo1319,-2.9452298377434287,0.028627417760218304,0,-1.09206006942275,2.462175771385385
nyal1254,aust1307,-3.2870764763687585,0.03944426664265931,0,-1.828965607708,2.32280455380723
belh1239,sino1245,-3.2029845302724995,0.06189346291075957,0,-1.3273499046315251,2.408250511841025
bell1243,sali1255,-2.6387453793649147,0.02872780933949965,0,1.2386144861575,2.51524264569212
bemb1257,atla1278,-1.8514752977943572,0.0812390814831287,0,-1.51641652222,2.341515751721845
zagh1240,saha1256,-3.6690872810777444,0.09037009631198373,0,-2.788478572311,3.172946134410155
bert1248,bert1248,-3.3989947698595087,0.11020401771322651,1,-2.046237511185,3.305975029818735
bhoj1244,indo1319,-2.692834812539117,0.012476532424844006,0,-1.2930545202602501,2.49129843436146
bian1252,kuni1270,2.067059293093073,0.09066350233779127,0,2.520602875545,2.487145029571915
biao1254,hmon1336,-4.516258313740964,0.09266876566087308,0,-2.52151589419,2.7529354053158
biao1256,hmon1336,-4.523898278656791,0.0940022793252523,0,-2.50966609303075,2.7667476573035854
bier1244,aust1307,-2.0623985557573925,0.022956009031135087,0,-1.8434909476575,2.317020242455405
bign1238,aust1307,-2.659489201033953,0.024074310092934637,0,-1.8192528284945,2.31768711747374
biha1246,aust1307,-4.857811171204535,0.0176214676779118,0,-2.00343502324125,2.34531230953908
bimi1240,nucl1709,2.1930134247525293,0.030200515956070973,0,3.42861124977975,2.360399345720695
bina1277,nucl1709,2.4985157832116522,0.03343140705176948,0,3.4853491127994998,2.36264683588743
bini1246,atla1278,-3.549855799313363,0.039446408069287335,0,-2.00994285645525,2.46184360244
gunw1252,gunw1250,-3.519924285379423,0.09905038546654064,0,0.90973286078375,2.592839772642545
bisu1244,sino1245,-2.7957817313686024,0.03636246129333835,0,-0.9389828941725,2.353065936608145
bitt1240,aust1305,-4.946450041081166,0.08351015850212708,0,-3.3346742827225,2.75824313682079
blab1237,aust1307,-3.863804222155403,0.041358224412788705,0,-1.9450366456357502,2.33031223717855
blan1242,aust1305,-5.079653006242896,0.10991245358732571,0,-3.3318981597490254,2.764647804224645
bola1250,aust1307,-3.071330853969808,0.027461388052567617,0,-1.9066676895075,2.32511868771212
chim1302,quec1387,2.4710714738641757,0.022991749365172745,0,2.90922382287975,2.451982235464255
boly1239,aust1305,-5.550925351027432,0.1152099278000269,0,-3.3043859227137498,2.755659951877345
bona1250,mong1349,-3.7479345718007933,0.08213297705220841,0,-0.44992470123975004,2.72689956589387
bong1289,aust1307,-3.4214317590820666,0.007723090680710515,0,-1.97274602154075,2.3603173055368147
bora1263,bora1262,-1.5645901671075708,0.12513194304107852,0,1.28339606768,2.58502764020569
boro1277,gong1255,-2.3108184227371877,0.04384139576109826,0,-1.471456463963,2.557868094805595
boro1282,boro1281,0.4234901278355862,0.07750370598942365,0,2.355123415625,2.5359096425597603
boto1242,aust1307,-3.416467757641604,0.023330374708316108,0,-1.985877390775,2.34731208920841
boun1243,atla1278,-3.101433387441493,0.025937502825211255,0,-2.0238033557925,2.447472113786665
boun1245,nucl1709,2.1718388043415846,0.044499422966070803,0,3.28672650941225,2.355458744195035
lave1249,aust1305,-5.350250465914533,0.11090117338152812,0,-3.309667181605,2.7595705946387
bret1244,indo1319,-3.54195280025699,0.011473434464476155,0,-1.4901967856665,2.545959532475595
buga1247,aust1305,-5.507092320707548,0.11380130166489363,0,-3.3044244334924997,2.75467729589092
buga1250,aust1307,-2.283223404285584,0.033496687108887965,0,-2.05397655126255,2.3275199394852253
bugi1244,aust1307,-3.4699188640242227,0.032650717635381236,0,-1.96987657120575,2.3536455332762403
buhu1237,aust1307,-2.613712384103712,0.0259067639836529,0,-1.7571630480187501,2.3173038383800453
bujh1238,sino1245,-2.047602518650857,0.041821527818170376,0,-1.10677833704275,2.39178596564438
bull1247,atla1278,-3.2094622873175895,0.022156548463213875,0,-1.97359394608175,2.50421795676812
bulo1242,aust1305,-5.33599027619512,0.11521121951869626,0,-3.3165807358775,2.7644821709036753
bulu1251,atla1278,-2.951172669094576,0.028813848395115717,0,-1.8214398214,2.39214767574967
bumt1240,sino1245,-3.2971190668126953,0.04555564709739332,0,-1.2430141559804,2.3829558530769397
buna1276,aust1307,-2.573605524610765,0.03715541200780921,0,-1.685643635046,2.30499192746495
gahr1239,sino1245,-3.2915443496811454,0.022275432421168497,0,-1.27190463364985,2.4028227370773
bund1253,indo1319,-3.3795447424712375,0.023537137907916846,0,-1.299154833295,2.50615768372813
burj1242,afro1255,-1.9665459527090925,0.028947399066421013,0,-0.6432665194235,2.3547396596130348
buru1320,afro1255,-3.2273837797980525,0.04045000528581502,0,-0.8759155327527,2.40305545189707
busa1253,mand1469,-3.4878127566416213,0.0929320028856101,0,-2.43662072965875,3.1395654542850098
bush1247,atla1278,-3.4950018037869057,0.042142775760382896,0,-1.8771186070249999,2.3937889492634
buwa1243,afro1255,-2.676646763403718,0.028058968681399423,0,-0.54267891850895,2.403641444696225
bwai1242,aust1307,-2.2539955158546494,0.03330640504636007,0,-1.82097607742975,2.3156473199060104
bwat1240,aust1307,-3.2233934352940574,0.05028517907688941,0,-1.82457290975825,2.33156872398375
byan1241,sino1245,-3.241515856982031,0.05479406603685719,0,-1.2763562812325,2.40347900172449
caac1237,aust1307,-3.2050923317714264,0.0492409676888029,0,-1.8194533482076,2.3196245273836
cahu1264,utoa1244,1.0398199157353647,0.028236169602954168,0,2.6033516366000002,2.364271906545405
cakf1236,afro1255,-2.2875176673795377,0.01717989928120186,0,-0.57786221856575,2.38882473645002
cald1236,quec1387,2.6370113716796055,0.034113215319285295,0,2.90892948114125,2.4527836684076547
caml1239,sino1245,-2.8216614283198695,0.020978127179310135,0,-1.32113543303925,2.41210793703948
camp1261,indo1319,-3.551072808766551,0.014273852158860666,0,-1.5782938400447502,2.5296813951226147
cane1242,nucl1710,-0.7739667799007184,0.029750465098295705,0,2.1598695796625,2.481989842213575
caom1238,taik1256,-4.234895759311517,0.08987507359559697,0,-2.20390088335325,2.7158214534289202
capa1241,pano1259,3.592047759762522,0.06916179017669212,0,3.8810985390225,2.4829167661681097
carn1240,aust1305,-4.9747608713716165,0.08947298859919153,0,-3.29349478881975,2.73351262371706
cash1251,pano1259,2.458948292091809,0.032064068209442895,0,3.860413926345,2.46510417345437
casi1235,aust1307,-3.5476363276302254,0.013213358788405585,0,-1.98595918864225,2.36619581139254
stan1289,indo1319,-3.557092654964237,0.018913398153993045,0,-1.5871914621949998,2.522228444777385
cayu1262,cayu1262,-2.926153507376905,0.1383970156596153,1,1.5051348340917499,2.5827383161047246
cemu1238,aust1307,-3.143010539528407,0.04954890409504026,0,-1.8218731595042499,2.32923785255759
cent2127,eski1264,1.676828218898684,0.08626801651288121,0,2.9658913335025,2.50456547197496
cent2004,sino1245,-3.6433915638988923,0.028450644998656585,0,-1.20848791037425,2.392364619800225
guer1241,utoa1244,-2.2892452160630308,0.02419604890890986,0,1.8687012008591,2.3720513033523103
cent2322,ural1272,-4.709976350651194,0.09208810245562862,0,-2.5088842270400002,2.87152392402949
cent1992,aust1305,-5.347948480625604,0.1129915316035054,0,-3.3095473591932496,2.7664184473171503
cent1990,aust1305,-5.004735139024614,0.08808706580899182,0,-3.2955040276,2.734986416423225
cent2126,japo1237,-4.128229284698336,0.07356991981719337,0,-2.210967536428275,2.833753917952225
cent2131,utoa1244,-0.27577762568482944,0.03309495959257302,0,1.799981704678,2.395739460409215
chac1251,pano1259,2.337801581435347,0.08704454314311658,0,3.9044753232150002,2.476958284908245
chak1270,sino1245,-2.5485973018209913,0.025349693840944387,0,-1.3562772598447,2.400327643066755
chak1271,atla1278,-3.3183646566593814,0.039482154524559734,0,-2.02454947321225,2.45270997324547
chal1275,afro1255,-2.88742530007495,0.04762044312721786,0,-1.0479295212192499,2.500863676487005
cham1315,zamu1243,-3.109671513374172,0.11728489574740376,0,1.4662263677625,2.5751657445648597
cham1312,aust1307,-3.749377813810412,0.02519463491064738,0,-1.9401614730975,2.344787492730125
chan1313,sino1245,-3.4172400997587875,0.026183075672825806,0,-1.326501196013,2.41796357809718
char1269,gong1255,-1.1894476668227143,0.02497710730737832,0,-1.4793873676395,2.527289348527515
chas1234,sino1245,-3.833608138310818,0.0721302500750583,0,-1.0683069057524999,2.3703859879193647
chek1238,aust1307,-3.846496925328307,0.03230258322724548,0,-1.9316793148562499,2.33073731953797
chen1255,drav1251,-4.6524857827055435,0.08612955680114301,0,-2.8216251172280247,3.012551665017945
chep1245,sino1245,-1.7490817590154764,0.050835569989560556,0,-1.0780453878325,2.3799632702580302
cher1273,iroq1247,-3.24183637884726,0.13942668368718386,0,0.9010857618775,2.575640318100445
chic1270,musk1252,2.03325654097287,0.07775383209362191,0,3.1075419524025003,2.45787444509503
chil1280,atha1245,-4.3987855209392315,0.0988479882402545,0,0.4677912552775,2.52115261323801
chip1261,atha1245,-4.043733460583122,0.11475006222843755,0,0.47338982294,2.52406369209358
chir1283,sino1245,-3.4811292513631633,0.033745774625471764,0,-0.8117709728107749,2.35234637292545
choc1276,musk1252,2.14140977079027,0.07550908425857883,0,3.105576663019,2.46367906467749
chon1284,aust1305,-5.2973687024248495,0.11551269437599723,0,-3.29631624801,2.74294073753362
chot1239,sino1245,-3.299742343435586,0.029187956285853023,0,-0.81668299207375,2.36673389144838
chra1242,aust1305,-5.3203895412060405,0.11495807783678197,0,-3.3121970725775,2.76826549835351
chuj1250,maya1287,-2.5253850068733668,0.02462896185443399,0,1.04435567981,2.48113007058926
chuk1273,chuk1271,-3.1781390816576955,0.09927881923916725,0,1.4241255310374998,2.7765422230382697
chuu1238,aust1307,-3.5582135961691623,0.021536634121030036,0,-1.8118427904974999,2.30933268920235
chuv1255,turk1311,-4.433707143254468,0.09363288767051262,0,-2.1890323134825,2.755442618152085
chuw1238,atla1278,-3.347207196895444,0.030769010972268567,0,-1.883052439671,2.368958141897145
chin1286,chin1490,-2.676714568931833,0.11605527298982438,0,1.0894191363965,2.5772508370554403
coat1243,otom1299,-3.25524807455305,0.035003302171745396,0,0.74755330190975,2.5147136807231147
coca1259,tupi1275,1.5494697296874718,0.01693176008320377,0,2.980517951025,2.4243688636930303
coeu1236,sali1255,-1.739199859247859,0.02634152389771811,0,1.3261221082497499,2.47403563890787
cofa1242,cofa1242,1.6607204084262936,0.02085444560327672,1,1.8516849906675001,2.562221906920065
cogu1240,chib1249,-2.188362131630391,0.11370887233480974,0,0.90163873787925,2.5796949279852903
inga1252,quec1387,2.812366251638741,0.04807215980726544,0,2.9073841469575,2.45026372637233
colu1241,sali1255,-1.3001605847132927,0.04419260577162136,0,1.41617791658425,2.4620626892337203
coma1245,utoa1244,0.7174369871325788,0.02146385904648433,0,2.5358732815925,2.3747805419294696
como1259,sali1255,-2.5257548155585727,0.05094924696256236,0,1.1712448259225,2.51976368147768
cors1241,indo1319,-3.578407194777883,0.01656305513914583,0,-1.5834991785649999,2.5271504553007498
cosa1234,sino1245,-3.030599026058427,0.013232143901513189,0,-0.9531110145425,2.35156439333423
cree1270,musk1252,2.084743875827233,0.07974462673652229,0,3.08659777361,2.466027330380345
crim1257,turk1311,-4.232974540772522,0.10900908375139869,0,-2.202247549472,2.75996905874564
crow1244,siou1252,-0.5382251204206103,0.04117720356468308,0,1.605345602885,2.455227130654275
culi1244,araw1282,-2.340849888344782,0.1379500217517696,0,1.2508049305000002,2.5690677876855847
cusc1236,quec1387,0.1126554782436741,0.0228421267528129,0,2.77689606998375,2.44017744879993
czec1258,indo1319,-2.771172401620706,0.03841032567793046,0,-1.042015812085,2.451119836140755
daai1236,sino1245,-2.44257224964717,0.037034182190927564,0,-0.6214718798095,2.33004889524479
daas1238,afro1255,-1.9052555357353436,0.02116786821636608,0,-0.9539379292282499,2.36107949780179
dadi1250,tebe1251,-1.7678072710404416,0.11652994342121545,0,0.8493245703875001,2.5841986426728
dagb1246,atla1278,-3.776132514978065,0.04847431971075803,0,-2.03799843754825,2.447956064523865
dagi1241,narr1279,-3.805668795670113,0.10100072473037754,0,-2.3557224894199997,3.1318338824390404
daka1243,aust1307,-1.9605281148859546,0.03134325581147783,0,-1.8001243351417502,2.31561025220681
damp1237,aust1307,-2.6312693009559744,0.04477123778839052,0,-1.72420002445975,2.334153126362875
dana1252,aust1305,-4.884535146400955,0.11533247737722786,0,-3.3352382805625,2.75647726989647
dand1238,drav1251,-4.578149849732855,0.09738707330885048,0,-2.8444710165977503,3.02596260424957
dani1285,indo1319,-3.2071595923338245,0.022415023891018487,0,-1.5135591722475,2.5422752699275852
dara1250,indo1319,-2.300746917441253,0.03315627697711665,0,-1.29279557903,2.49244363820372
daww1239,nada1235,-1.9745457934776303,0.10731667319104077,0,1.3431038943825,2.602387871932895
dawr1236,gong1255,-0.6075588690439551,0.044075548341627906,0,-1.03684060661875,2.495447428076155
daza1242,saha1256,-3.313887065061416,0.07741683391057466,0,-2.7996694721925,3.160851566555015
dege1246,atla1278,-3.4323630873541653,0.03613067414634226,0,-2.00008715506575,2.450876639595505
dehu1237,aust1307,-2.5048789109240746,0.05722424628329436,0,-1.81131290075875,2.31695925630721
dera1248,afro1255,-2.473027162196481,0.023956982968147366,0,-0.5627618632,2.38803322335455
desa1247,tuca1253,0.9521536455003352,0.0409691876878917,0,2.3494012685175,2.4794327582430196
dhao1237,aust1307,-3.695125435776585,0.038936472079567123,0,-1.9210970861495,2.35413130088149
dhim1246,sino1245,-3.0905471904796142,0.026055215698622902,0,-1.1038088994575,2.411591825456775
dier1241,pama1250,0.36165476475498926,0.05508586242412804,0,2.7216131461195,2.4103773365166052
digo1243,atla1278,-3.9359978056474834,0.03053547873454948,0,-1.9289313742478251,2.39650512736858
dima1251,sino1245,-3.237986043396811,0.019286003296534848,0,-1.33420275289,2.414335181500655
djee1236,mani1293,-3.5415040378738887,0.1099391808457212,0,1.31315411098475,2.610792682846095
dobu1241,aust1307,-2.2216419096930577,0.03624652588895237,0,-1.5285435078875,2.2965693782917054
domm1246,nucl1709,2.3536093641132725,0.026549468125045876,0,3.38780623530575,2.35987224037805
doro1266,manu1261,1.070503430666847,0.056322222334827,0,1.985326831569,2.52132129053369
drun1238,sino1245,-3.3780984248377166,0.017343309616714424,0,-1.247814552572325,2.4131916055888647
chug1252,sino1245,-3.325494832863769,0.045535001808631244,0,-1.2300765409975,2.405577888136775
dumb1241,aust1307,-3.0756941622466982,0.07633627374934385,0,-1.8177059648562501,2.32652570653676
dumi1241,sino1245,-2.985939463450245,0.048945064232932434,0,-1.3311061036764,2.402765289402935
dusn1237,aust1307,-4.439478240740428,0.039705246226933284,0,-1.9223073714137748,2.3527107413683046
dutc1256,indo1319,-3.423465407131758,0.03176700003344889,0,-1.5136470902424999,2.5454941885454447
dyul1238,mand1469,-3.7495842871720617,0.13024182239468804,0,-2.4287772475225,3.134264417589105
dzao1238,hmon1336,-4.518189712973647,0.09307917318011992,0,-2.5171404327275,2.74130982762894
east2443,aust1307,-2.45376674862709,0.014859627329834084,0,-1.87485620626175,2.3239930507925504
tang1336,sino1245,-3.4365326558279627,0.02786576791243734,0,-1.0307089842425001,2.37255195418506
nucl1235,indo1319,-3.0662159823190516,0.07007289917234735,0,-1.3719033202655,2.595215121252545
east2379,pama1250,1.0887831127874568,0.04736878101673706,0,2.73211546909,2.400171899278395
east2555,tupi1275,-0.5898394771492961,0.02580612287230397,0,2.80145337434625,2.416145941483605
east2556,otom1299,-3.5500584908473467,0.06307465222141799,0,0.75904493710025,2.511985046210725
east1236,aust1305,-5.35054232416093,0.10804937093003819,0,-3.3318351461075,2.74476516885099
east2342,sino1245,-3.116764242424261,0.036721466471250665,0,-1.2335647022345,2.40812714631996
east2782,atla1278,-3.5244215699892134,0.039243578399786753,0,-1.8696613156025,2.41170938889154
east2328,ural1272,-4.717332511215943,0.09927761680783678,0,-2.5429273041725002,2.8741302511126596
east2773,sino1245,-2.605084927699438,0.018976564141657354,0,-1.39352058775775,2.401445293327975
panj1256,indo1319,-3.5209150427107656,0.021964271295338966,0,-1.2724418616625,2.5068024395698902
east2485,aust1307,-3.598703127791821,0.03941545371430997,0,-1.9708585200975,2.36613580630374
fina1242,aust1307,-3.7222499414571564,0.02422323841935844,0,-1.9980919039075,2.35345142530352
east2447,aust1307,-3.6607305257586837,0.04615191239593362,0,-1.9278069547025,2.314508957332155
east2516,nucl1709,2.1725801633788695,0.027175025676491327,0,3.50587270693195,2.3884297653741102
huaa1248,tuuu1241,-3.6710439123721637,0.10750522756128782,0,-2.5476640722465,3.324273698023645
wall1257,aust1307,-3.7212968264449398,0.0393720843721792,0,-1.918949672089,2.309800429358015
egaa1242,atla1278,-1.5966114406608092,0.08109927062038445,0,-1.304606100875,2.3850721275193
eipo1242,nucl1709,1.7973737238084946,0.05011332176197274,0,3.6020737255225,2.3668086730095848
elna1235,utoa1244,-0.935716261175463,0.03710057737131578,0,1.9330605667305,2.3777372619805552
emae1237,aust1307,-1.8870444305584098,0.02672994000987658,0,-1.9335656523155,2.317941348325075
emai1241,atla1278,-3.2444117538537673,0.017013732986187424,0,-2.0104146387975,2.469052938842035
stan1293,indo1319,-3.513681549504434,0.016898609730875924,0,-1.5224441118372498,2.54703650057631
enuu1235,sino1245,-3.2444947567642264,0.017872518329905288,0,-0.88886492980125,2.34406589749865
ersu1241,sino1245,-3.1335417136817973,0.025774022556370086,0,-1.035379610993,2.407052771670825
erzy1239,ural1272,-4.590170810489841,0.10807980417892397,0,-2.5422782829392503,2.8620551719354
esee1248,pano1259,1.4254812031826805,0.0472322021134593,0,3.482746060605,2.44621341511724
esto1258,ural1272,-4.615510478300008,0.1010103373544923,0,-2.557244985385,2.88098871600408
even1259,tung1282,-1.790420204084806,0.026538830582012278,0,0.96938792844,2.53236823015112
fala1243,sino1245,-2.27276407869598,0.061462974806200485,0,-0.548037808373825,2.323754347965535
fare1241,atla1278,-3.5052540878185066,0.028189982565271554,0,-2.03340571697975,2.4393736866974702
faro1244,indo1319,-3.4063245181313953,0.016085972801029844,0,-1.5167350158925,2.538689489211395
fasu1242,fasu1242,1.0058621150354883,0.05092369811785495,1,2.08845958989125,2.54248072387938
fiji1243,aust1307,-3.2099646228826813,0.0498970581859029,0,-1.8815462509885,2.30261283592342
fili1244,aust1307,-2.8575714842970497,0.04093150471726875,0,-1.8379122138225,2.3307418549529952
filo1235,toto1251,-3.9796487466569053,0.12604378136724453,0,1.317050199894,2.55637523653132
finn1318,ural1272,-4.714329024213855,0.0918373281473098,0,-2.56190065507875,2.8647577393730748
fonn1241,atla1278,-3.6920080388092433,0.041304235999075914,0,-1.70559601705,2.43790675264757
fore1265,ural1272,-4.716348589887173,0.09355060450358565,0,-2.49038866239475,2.8746530176710348
fran1266,mixe1284,-3.5975738653482314,0.09617693687842398,0,1.3293222219525,2.5362566061392853
stan1290,indo1319,-3.5372363034187257,0.01792559579253571,0,-1.587089263855,2.526907572814195
furr1244,fura1235,-3.4227129759748465,0.07903633958875245,0,-2.4980604892787497,3.26757305738861
futu1245,aust1307,-1.0579135822173875,0.019796833366559487,0,-1.94593159694175,2.311725839726595
fuyu1242,fuyu1242,1.0997349157193859,0.05436064338685557,1,2.4873518065775,2.480187365192455
gade1242,atla1278,-3.4436872560920255,0.03382279286980882,0,-1.9965717331625,2.477737954104025
gaga1249,turk1311,-4.3223714860529245,0.10201593088909708,0,-2.201149207565,2.7575830587580903
gale1259,nort2923,-3.588454522715392,0.09440478173827349,0,0.6169874723615,2.60485346697756
gali1262,cari1283,-2.441705653413999,0.03142692820817191,0,1.3205620595225,2.4992857616408353
gali1258,indo1319,-3.509671734313221,0.018443627714750072,0,-1.5882066152540002,2.524389150812005
galo1242,sino1245,-2.887742790896544,0.03160736788292141,0,-0.8969253253375,2.36849014124092
gamo1243,gong1255,-1.0267349900914655,0.039710915363760056,0,-1.1114482340627498,2.4906923501100797
gang1266,sino1245,-3.52686649362162,0.05536926168547859,0,-0.735969370246,2.352890776176115
gant1244,nucl1709,2.6084407467932866,0.047108897343600256,0,3.5500071920250003,2.4460151092375053
gapa1238,aust1307,-2.3774414594395523,0.02251145442012551,0,-1.8313566480137502,2.32323078799072
gayo1244,aust1307,-3.663422659900994,0.024068903272883684,0,-1.98586722650675,2.36996826591636
geba1237,sino1245,-2.7674707228212485,0.027668885881253713,0,-1.2251570941024998,2.39846894026236
geda1237,aust1307,-2.0485455567680853,0.01055999560481561,0,-2.05874605981625,2.322720927930715
gela1263,aust1307,-3.631361659691674,0.012109959586825885,0,-1.900175150865725,2.32745334994231
nucl1302,kart1248,-2.8097136270477776,0.07856936548255973,0,-0.9068871621335,2.724995296393645
ghan1242,aust1307,-3.8773755471815594,0.038555902228550216,0,-1.9186463573674999,2.34113426118204
ghar1239,aust1307,-3.7705350078393005,0.03566215502132212,0,-1.902518544785,2.3281861287357053
gheg1238,indo1319,-3.4980877967582784,0.033680131028853616,0,-1.3955452918977498,2.556638765131435
gilb1244,aust1307,-3.3578459196454,0.03241676585026182,0,-1.7927539880875,2.327333900442855
gira1247,nucl1709,2.369661911422312,0.04023303377775397,0,3.438639454595,2.44609405132744
gofa1235,gong1255,-0.7174839548281382,0.04075382089591798,0,-1.0262521593749998,2.498567667381595
guah1255,guah1252,-2.483870232459866,0.1288951659613996,0,1.4679281172524998,2.61253750744602
guam1248,barb1265,1.5524279506004794,0.024875176976848788,0,1.9831863151925,2.547837007819025
gube1234,atla1278,-3.611763873747989,0.032181381481137264,0,-1.97212617737425,2.52146186788126
guer1243,otom1299,-3.1466185808798603,0.033957316351118275,0,0.9787575877125,2.50402759879645
guhu1244,nucl1709,2.60146901303689,0.040785845496540726,0,3.485232485601,2.37582715184806
guiq1238,sino1245,-2.7953850465237853,0.03683343860090335,0,-1.0567925055075,2.4074637784573447
guma1254,aust1307,-2.4433121225555636,0.023170057852463073,0,-1.79593713309725,2.29951130675414
guny1241,pama1250,-1.6703803478017045,0.041625369562745825,0,2.0259624895165,2.4239478218354
guru1261,sino1245,-2.8162104447699434,0.0374412685772692,0,-1.389241339166,2.40027197279759
guru1271,afro1255,-2.131103213410158,0.031842791091956674,0,-0.49479322041749996,2.3970315020074553
gusi1247,atla1278,-3.8685485728903775,0.03459694775904428,0,-1.92674275395,2.378292711437695
kwam1249,koma1264,-3.297324276475324,0.10723967942238209,0,-2.4169736359989997,3.228654776483515
gyel1242,atla1278,-2.8696743935355506,0.028211694373966287,0,-1.5714853562825,2.363743957675275
haaa1252,atla1278,-3.585793671593546,0.03376523146919416,0,-1.92180615823625,2.378935101020775
hadi1240,afro1255,-0.48003177327459,0.06567875716124451,0,-0.537262995446,2.34210687302851
hadz1240,hadz1240,-3.6368949299024607,0.09364699011210104,1,-2.2619549568975,3.270808952217715
haka1240,sino1245,-2.8832478585916923,0.023391094592623857,0,-0.5879146202150001,2.315175266594315
hala1252,aust1305,-5.352165586128805,0.11216434790900436,0,-3.300233005049,2.76158425181063
halh1238,mong1349,-3.901374199158136,0.07689370360420268,0,-0.4588333479995,2.71170134354824
hali1244,aust1307,-3.6777169386216926,0.03489008664422876,0,-1.927168165725,2.336280491051835
halk1245,sali1255,-2.4196938915770225,0.0510865201574107,0,1.1746300734977502,2.51644711683582
hame1242,sout2845,0.3744609490010482,0.09373552607981943,0,0.7158633531805,2.688260358365355
hang1263,nduu1242,1.6061580822771484,0.06713195646935477,0,2.7672173921317498,2.47972714987299
hani1248,sino1245,-3.2263000817523992,0.04096557787443937,0,-0.851456814674,2.3432751556513702
hano1246,aust1307,-2.147386880562391,0.028049872061871286,0,-1.8917080121025,2.327956598606015
haru1245,piaw1238,1.525173058506718,0.07033376458113577,0,2.0472173292280003,2.503175191750565
hava1248,coch1271,1.7209523013115327,0.058028809066884866,0,2.4122572571195002,2.490284995563565
hawa1245,aust1307,-3.5164121163485804,0.013068506453142932,0,-1.825710977785,2.2997803666261047
sabu1255,aust1307,-3.7478721999651605,0.041427094596004146,0,-1.9201343308504502,2.334177956066765
heil1246,waka1280,-3.473914290030028,0.10628400693782696,0,1.3045845651315,2.5525102399840502
here1253,atla1278,-3.696304514192393,0.027317533812940595,0,-1.8816759291129999,2.4109429510694653
hida1246,siou1252,-1.8177945349982698,0.03718418457459105,0,1.5579694124349999,2.465012122229095
high1276,mixe1284,-3.915388611356069,0.11900740343068472,0,1.3292868690200002,2.53605910526257
high1243,toto1251,-3.965885059274255,0.128971297119556,0,1.31151121268875,2.55463904535531
karb1241,sino1245,-3.456646290476174,0.047464566938234254,0,-1.0260059528475,2.3720864766362046
hind1269,indo1319,-3.4481990700726883,0.021091343033563723,0,-1.302071830430025,2.5106767347607546
hixk1239,cari1283,-2.3479702620971863,0.04377500092337442,0,1.338603883452,2.50201958384172
hoav1238,aust1307,-3.7772152317549414,0.021810955792462484,0,-1.9344880702460001,2.32778393918553
ainu1240,ainu1252,-3.41247276261233,0.11535169503824164,0,-1.15462668602375,3.076203093737485
honi1244,sino1245,-3.301563871203047,0.02508045026899579,0,-0.865445033959825,2.34674654763354
hopi1249,utoa1244,0.8686230520272264,0.025596810393316086,0,2.5856604294705,2.36508823980652
hote1245,aust1307,-2.0790744130172945,0.027424444980645977,0,-2.075309745595,2.3356052198252
huuu1240,aust1305,-4.998787450331061,0.10040833852160996,0,-3.337753611875625,2.74672041869982
hual1241,quec1387,2.005687178542561,0.04407488442747875,0,2.886081912955,2.465541669205295
huam1247,jiva1245,2.343282907953263,0.05607782609553659,0,2.6197417547275,2.5127730457231747
huar1255,utoa1244,0.2813254749596945,0.031419365397674176,0,2.0607979128725002,2.389534027800125
huas1242,maya1287,-3.248403726124053,0.06297867550407565,0,1.041516458321,2.53819080906478
huba1236,afro1255,-2.6489405585543406,0.037418520769678866,0,-0.52648452688325,2.4012981246397747
huic1243,utoa1244,-1.0792019447721475,0.03695859235256349,0,2.0887843468989997,2.36917308751601
hula1244,afro1255,-3.01839726274126,0.033574329445264284,0,-1.04922973274825,2.49386132250452
huli1244,nucl1709,2.3029919533055496,0.021326757851623263,0,3.4794885168125003,2.3769657002894746
hung1274,ural1272,-4.393306010586807,0.09803021409496429,0,-2.5245294758070003,2.88591500187281
hunz1247,nakh1245,-0.3522416584469277,0.061916877506479895,0,0.0936793328075,2.628008022689495
iaai1238,aust1307,-2.7417346877469084,0.06206677418410755,0,-1.8045907616507502,2.31892040085748
iatm1242,nduu1242,1.976697049821776,0.08871740130669682,0,2.6322656709625,2.484741160256985
ibal1244,aust1307,-3.8001729531363733,0.026721566030066347,0,-1.97372825473255,2.362695876589575
iban1264,aust1307,-3.6160649823094992,0.03290550252361311,0,-2.01229621846175,2.37035300334606
iban1267,aust1307,-3.871138443670919,0.03376333948055965,0,-1.9912838000225,2.3559961531019002
ibat1238,aust1307,-3.9645731806750586,0.022765757790917086,0,-1.98591329808425,2.3467994243317154
icel1247,indo1319,-3.3740901553809963,0.019370217355156184,0,-1.51863861246675,2.53401792303766
idii1243,paho1240,-2.4067321382716456,0.10495727109418687,0,1.0435165668595001,2.640483403810415
idum1241,sino1245,-2.81871087538116,0.01262587556827764,0,-1.095995369652,2.38780392352246
idun1242,aust1307,-2.400158505843839,0.023860161399535805,0,-1.8173456706767501,2.307047291484065
imba1240,quec1387,2.6103810013395305,0.041022836215391885,0,2.9062630878225,2.450294424135875
ingr1248,ural1272,-4.670925133432361,0.10064064344868823,0,-2.55531082345,2.86305079769455
irar1238,aust1307,-4.344029599456144,0.02924670272332296,0,-1.91269104949,2.34033912376466
iray1237,aust1307,-3.075569063851439,0.026098855118971507,0,-1.9763849304419998,2.35488068968704
iris1253,indo1319,-3.487830509347214,0.020193532269758042,0,-1.479039173103095,2.5361388654505648
irul1243,drav1251,-4.619340418893797,0.08288249409374947,0,-2.84364021280125,2.9882538510197403
isco1239,pano1259,3.5618199525384986,0.07432045835784498,0,3.8933471598139997,2.46345211488727
isir1237,kwer1242,-2.9419290549300086,0.10873531578603897,0,1.064414419235,2.630339153768825
isna1241,aust1307,-3.9451052933090094,0.037305933733169205,0,-1.99488602317775,2.34815489418693
isth1242,utoa1244,-2.244699629039555,0.0393690613740741,0,1.855987504214,2.376432708180265
isth1241,utoa1244,-2.3126893704670843,0.022015174146964182,0,1.85486873598,2.37630758663735
ital1282,indo1319,-3.5303686472793903,0.021942881206817668,0,-1.58238004564375,2.545186111622555
ivat1242,aust1307,-3.854956637234688,0.011053125199469518,0,-1.98707674829325,2.352304017726135
iton1250,iton1250,-2.9328486928193485,0.1363517527482608,1,1.4948143990345,2.578901313135315
itza1241,maya1287,-2.786186104958264,0.02947189991709928,0,0.9281264608948,2.50547342401357
iumi1238,hmon1336,-3.78447435535961,0.06250680921478231,0,-2.51458671666,2.742206088469465
iwam1256,sepi1257,-2.391809669383103,0.11089979050237635,0,0.44935155941250005,2.567755418161635
iyoo1238,nucl1709,2.3127621939993928,0.051487373955561515,0,3.5572717206175,2.38108389597289
jahh1242,aust1305,-5.339213583491997,0.12012805312459642,0,-3.31315821014275,2.7764554876415097
jamb1236,aust1307,-3.7428510817412297,0.026021009880455605,0,-2.0161459373477504,2.352733804854055
djam1255,mirn1241,-3.278616937512188,0.13969081859302687,0,1.2829193432125,2.621015308941495
nucl1643,japo1237,-3.8723984106385183,0.09325404082041047,0,-2.1970701459445,2.847370739480955
japh1234,sino1245,-2.6745944572726854,0.04501455283138367,0,-0.8724234550105,2.354595661160295
jara1266,aust1307,-4.869482192018813,0.020603858518277327,0,-2.0096747281455,2.3510890000838
jehh1245,aust1305,-5.35300424932752,0.1114639513374971,0,-3.2967980487224997,2.762083655094135
jeha1242,aust1305,-5.130161650314284,0.08031700810210445,0,-3.31642328679325,2.77043629154801
jenn1240,drav1251,-4.687176862080837,0.08567571968439748,0,-2.83550752850025,2.995155038006375
jeru1240,sino1245,-2.869431571649501,0.03769293979400673,0,-1.341106597374,2.39800500262604
juku1254,atla1278,-2.775895380911912,0.03529888439279712,0,-2.013474021782775,2.464101128842655
kaba1278,abkh1242,-0.3081449480461529,0.06023908343758882,0,-0.044698506373000046,2.6126713303067097
kach1284,gong1255,-1.245365208862511,0.02018034996606601,0,-1.4621624288750001,2.52539377779792
kado1242,sino1245,-2.837656575810653,0.036710777082281036,0,-1.35749131996125,2.393525504252675
kaga1256,aust1307,-3.300175791560439,0.022568235876443795,0,-1.9229953874175,2.34954461495472
kagu1239,atla1278,-3.9022092909482566,0.05529155171385493,0,-1.93388504205475,2.376745506022425
kaik1246,sino1245,-2.7515482948138326,0.04229534617847343,0,-1.3288588628595,2.3995036116296253
kaki1249,kaki1249,-1.8227166276448616,0.12062261009506645,1,0.9239957248352499,2.61260198239648
cacu1241,kaku1242,1.1413466593374804,0.05364704568759186,0,2.042302260935,2.56231601136988
kala1399,eski1264,1.6638785380848893,0.08252765527983728,0,3.0923632540225,2.49393880087508
kala1384,atla1278,-3.668426735222705,0.025443204167521504,0,-1.8537786626855,2.3727168346303102
kamm1249,atla1278,-3.0702170754885243,0.04028906059901298,0,-2.021036527307,2.4491909875803497
kama1370,nucl1709,2.3278367430783136,0.025421807593810193,0,3.5246119815925,2.375215701827025
kamb1297,atla1278,-3.8830045695213236,0.03177758901085307,0,-1.91106763834425,2.3801526336119
kamb1299,aust1307,-3.640296180983693,0.01972798364048186,0,-1.9302424342659998,2.34597407373573
kamu1260,kamu1264,1.4887244576756087,0.07340895462043814,0,2.2557296870535,2.499352833510795
kani1286,nucl1709,2.476772234451168,0.04413458679359419,0,3.5301569051525,2.38207793609787
nucl1305,drav1251,-4.681215012947794,0.08568927252014133,0,-2.838603723725,3.0080880303732203
kaqc1270,maya1287,-2.7077694524155467,0.028472975166091426,0,0.90428456286925,2.52456001663234
kara1487,aust1307,-3.666530596457717,0.014917583217450464,0,-1.978039653219,2.35876658546312
kara1486,aust1307,-3.329328662532351,0.022313669905668024,0,-1.8855085204865,2.327272952447805
kare1335,ural1272,-4.711534165815477,0.08913015861751057,0,-2.55921964416,2.862890552913455
kark1258,pauw1244,0.8343112806404875,0.07631310612621618,0,1.98596798205025,2.511149063272185
karn1252,aust1307,-2.757346094689032,0.05005022788708762,0,-2.0341999895775,2.3190558671019
karo1304,karo1304,-2.6425665355719428,0.13526427938868796,1,1.298426286631,2.5874395549055853
kash1277,indo1319,-3.5194126718790337,0.022635223193019926,0,-1.27482085035795,2.4982644593596097
kask1239,atha1245,-4.155612110234985,0.1000893849582324,0,0.4950628240525,2.5232758043177252
newa1246,sino1245,-2.083022150125268,0.03225870751912929,0,-1.402347457715,2.401099900014875
kats1235,sino1245,-3.7349268493195593,0.04545382104670049,0,-1.0550614663890001,2.3705173385273
kaur1271,kaur1274,-2.3462185758398837,0.10675927410783542,0,0.92992868150925,2.590679266393535
kaya1315,sino1245,-3.05775372159838,0.03348246254773381,0,-1.2259549450245,2.40029258170104
keap1239,aust1307,-2.137416151151669,0.019819813747570286,0,-2.03037016443,2.3075311697822203
keda1252,aust1307,-3.653271203374808,0.04050910773347418,0,-1.91562447036025,2.34977446099581
kele1258,aust1307,-3.302966739726404,0.048089120717542046,0,-1.93321240665625,2.3457933284940102
kens1248,aust1305,-5.336041265628819,0.11820141887138369,0,-3.31029906113175,2.770704409943145
kenu1236,nubi1251,-3.363371291239995,0.08479900692419008,0,-2.478048135653525,3.282993024154055
keoo1238,aust1307,-3.8049355085402947,0.04309144599721988,0,-1.9134742960325,2.3396348899311548
kera1255,afro1255,-3.021021156074334,0.04811598631430406,0,-0.5828381459487499,2.416351465450545
kesa1244,nucl1709,2.5240356618175808,0.051040151995981435,0,3.43529634173,2.4479966422633703
kett1243,yeni1252,-3.799643051267127,0.09527307440070872,0,-1.344313184169,3.102522246452405
kgal1244,atla1278,-3.734803554539113,0.018809428647093607,0,-1.87591780617,2.36219482443561
khak1248,turk1311,-4.4340888720291485,0.08746546169815392,0,-2.2148056233549998,2.76127499573803
khal1275,sino1245,-3.1779965178333165,0.058938314860509974,0,-1.32359596188875,2.40072199368831
kham1282,sino1245,-3.0522713192099262,0.04512641873663326,0,-1.13858537616,2.3646921550569
khan1274,aust1305,-5.265032161036753,0.10862733528037359,0,-3.33896648060725,2.746808365265295
khar1288,sino1245,-3.4196101761725965,0.023212385536151348,0,-0.75323432879825,2.33387103952977
khar1287,aust1305,-4.893416695499681,0.09418773957406587,0,-3.260721044315,2.77998113591682
khas1269,aust1305,-4.777438017444881,0.07462745145563253,0,-3.3265250254875003,2.73729432100547
khez1235,sino1245,-3.476405045082564,0.02660572765202489,0,-1.02463178122,2.386798462225655
khmu1256,aust1305,-4.9078237638099775,0.08531486573930473,0,-3.3287516183625003,2.74457792287776
guan1266,sino1245,-2.7499816451677717,0.01679356172944246,0,-0.9185268680575001,2.3588950946070852
khum1248,sino1245,-2.684306932604665,0.03318183116938338,0,-0.7639109925455,2.340442677290285
kich1262,maya1287,-2.7063393468266397,0.030141920844145177,0,0.89263811782175,2.52398079522281
kile1243,tung1282,-0.08057715439100605,0.04387131013306676,0,1.2519818474725,2.501613552529
kili1267,aust1307,-2.646241274187253,0.017402976309452024,0,-1.9746159598325002,2.316459389687945
kimm1245,hmon1336,-4.500796513436029,0.1043065378571361,0,-2.51060489304,2.768518710147795
kinn1249,sino1245,-3.2651041070820286,0.018685735185163938,0,-1.2922617348852499,2.398775723323725
kiow1266,kiow1265,0.7767707857783273,0.0470439032000892,0,2.22595667934075,2.47781736346748
miju1243,sino1245,-3.3153958467864233,0.03889472690046248,0,-1.253581383834,2.41607156388077
koda1255,drav1251,-4.680087012251349,0.08540077256958463,0,-2.8542559564405003,2.994932088652715
koho1244,aust1305,-5.327648771857193,0.1198606239418951,0,-3.3099626059087504,2.76857895272442
koit1244,koia1260,1.8673764309055487,0.07578513749155133,0,2.3246300539164997,2.515762153306365
koka1244,pama1250,-0.7975591186397399,0.043348585335287015,0,2.604084422305,2.3554681848211247
koko1269,aust1307,-3.8731456902761603,0.03326435572963478,0,-1.9351245320225,2.327222586479435
kolb1240,atla1278,-3.577113727359168,0.04284662758322358,0,-2.020728733903825,2.43183448859722
kolu1245,aust1307,-2.4117228525337557,0.0224192754374499,0,-1.8128951667200002,2.30812578939981
komb1274,nucl1709,1.6544617682855276,0.02718924899844961,0,3.4676313240125003,2.371056380383315
komi1270,sino1245,-3.427711108328474,0.02779951027293918,0,-0.80136863579675,2.3573025332808903
komi1269,ural1272,-4.735311479477671,0.08895780522993893,0,-2.52761746237225,2.879395259447615
komi1268,ural1272,-4.70947903114773,0.09074485425353855,0,-2.51854163477015,2.87671460159642
komo1260,atla1278,-3.828281317292348,0.05619253318285468,0,-1.85223887001175,2.39112689257724
kona1242,east2433,1.401206592863237,0.053675136430407056,0,2.016406435858,2.480367835988865
konk1267,indo1319,-3.5137529056026353,0.019133194772931027,0,-1.2488837685825,2.477516351999415
kony1248,sino1245,-3.3688245098790195,0.031034140265112503,0,-1.325978214888825,2.4124772089996602
koon1245,atla1278,-2.6236062245522342,0.040944136920707905,0,-1.520516227502825,2.36044029421907
koor1239,gong1255,-1.5168338028190163,0.03780749855576873,0,-1.4515480947146,2.521393965761375
kore1280,kore1284,-3.411418026498543,0.07508209992878581,0,-1.8145622862909998,2.993052279754745
kore1283,tuca1253,1.9377192119474174,0.02499367124426885,0,2.37593993437,2.48917926943588
koro1298,atla1278,-3.841236281940807,0.04041007013841313,0,-2.02414052035425,2.4485679409549803
kosa1249,nucl1709,1.2601992219027427,0.03128092931075136,0,3.6197609634025003,2.364794943975395
kosr1238,aust1307,-3.108840624738586,0.03987299070069773,0,-1.81916970862875,2.3159470151130197
kota1263,drav1251,-4.689449617523109,0.08612148111037492,0,-2.8269524603005003,2.99495498948972
koti1238,atla1278,-3.7485237508842877,0.035338426330011635,0,-1.8805390921149998,2.36883788228622
guan1269,tuca1253,1.0658757185665018,0.04275464642680495,0,2.3287369126265,2.498733067352865
kove1237,aust1307,-3.185724158930386,0.05266150511166498,0,-2.0090785762875,2.32543470742596
koya1251,drav1251,-4.592650148233242,0.09101964472883564,0,-2.844600922005,3.0265478749000403
ngeq1245,aust1305,-5.346728629117201,0.10760357044477982,0,-3.3305838631525,2.7340798899614747
kuan1248,aust1307,-3.224600107361702,0.022373502512018143,0,-1.9200887595225,2.334433498627475
kuan1247,atla1278,-3.619184967629629,0.029579155525193135,0,-1.8810953172,2.39852011854283
kuku1273,pama1250,-1.0381088442904671,0.05074053556493264,0,2.107029334991,2.43681903078066
kulo1237,aust1307,-3.9382300180368524,0.023139608935466578,0,-1.9618620901325001,2.42638735518215
fait1240,nucl1709,2.4193273959814072,0.029618407048458976,0,3.5492757266475,2.437980736034115
kuma1280,nucl1709,2.3905195146617784,0.03226427231643977,0,3.383610346955,2.3585006314839
kumb1268,pama1250,-1.3638944591081692,0.03638426571024076,0,2.07544878871,2.441654762954265
kunb1251,gunw1250,-3.865159270919535,0.12479183842704045,0,0.91871304048,2.59628546367654
kuni1267,kuni1270,2.255311713579778,0.08513342681700614,0,2.4852301423025,2.485302845808895
kunj1245,pama1250,-1.3406679496316989,0.048020503180541886,0,2.13346149953525,2.418304273713835
kuot1243,kuot1243,-2.496930957415839,0.10368450498870482,1,1.011693647345,2.63864780391361
kurr1243,pama1250,0.24867505787753075,0.05066963517989415,0,2.7647204656082502,2.36032305967456
kusa1251,aust1307,-3.7806791204113557,0.020774798995570293,0,-1.9364350939950001,2.3360689152745353
kute1249,kute1249,-2.696270199102645,0.10238591523840823,1,1.26569540077938,2.5663627963292
kuyy1240,aust1305,-5.316542054590063,0.11269240610270195,0,-3.3294831275975003,2.7396626899558347
kwai1243,aust1307,-3.7422583598691563,0.024583535895683697,0,-1.92407350784,2.323125715356235
kwam1252,aust1307,-0.3615243306920035,0.04496499455997137,0,-1.44836255248575,2.301271142357445
kwar1239,aust1307,-3.728802433187382,0.03186028053809278,0,-1.9221094895075,2.333327227457295
kweg1241,surm1244,-3.092528605915289,0.114111351827261,0,-2.811579173875,3.028117096369365
kwin1241,worr1236,-1.0959773317382082,0.038255163277691226,0,1.97442923338225,2.5145378807154453
kwom1262,sepi1257,-2.3544052006710126,0.12182343365528321,0,0.4464073442685,2.5632637254778903
nucl1593,kwom1263,-1.9295640513687649,0.09730415959850074,0,0.67198095630925,2.626239801836655
kxoe1243,khoe1240,-3.469247531383801,0.08934043824954363,0,-2.7275771165925002,3.260153800655915
kyer1238,sino1245,-1.603542468881868,0.07641685512278283,0,-1.0333393940070001,2.360080923908125
cori1240,atla1278,-3.336451290132341,0.035213570747587776,0,-1.9853250027425,2.4741729976550904
lach1248,taik1256,-4.004286655565869,0.062157814426882195,0,-2.2160594756937497,2.751869139230825
lagw1237,afro1255,-2.5748898817929087,0.03935593133555009,0,-0.3701789825665,2.3730313099917497
zaye1235,sino1245,-2.9779556514566963,0.027472064626585968,0,-1.22029405117125,2.401477696572665
lahu1253,sino1245,-2.7744037005042474,0.04857767975311338,0,-1.0729316954675001,2.3517955639636297
lahu1252,sino1245,-2.5263126200556023,0.07590071237823931,0,-1.0737849767492,2.3572283931606
laiy1246,aust1307,-3.6839096043304185,0.03958465582362747,0,-1.9264852736125002,2.353322422760815
lala1268,aust1307,-1.9821714773282364,0.0187391060252911,0,-2.032173498882,2.3122173580103
lama1277,aust1307,-3.597359836276338,0.026929637756537575,0,-1.9171919655775,2.3437833169536
lama1288,afro1255,-2.8545552607097666,0.042305710397593704,0,-0.450723147123,2.378151824997715
lamb1269,indo1319,-3.560964385640931,0.015304164087270618,0,-1.288638318805,2.518674969458225
lamb1273,aust1307,-3.7810452767864104,0.038309107145824646,0,-1.9293690433365,2.3607462283604104
hela1238,sino1245,-2.142675137720536,0.03706626218993513,0,-1.0619579307050002,2.3660760140147854
lamk1238,sino1245,-3.453415700235059,0.05082424350442881,0,-0.8139904386572501,2.35972860109026
land1256,atla1278,-3.5856000702706723,0.035881293079933554,0,-1.9772259760825,2.5037205290916003
lang1320,atla1278,-3.996256516982621,0.03293873207451986,0,-1.8264552581595,2.3633812757259403
lash1243,sino1245,-3.609181906787588,0.02020694065701231,0,-1.0707180917599999,2.370379362411365
teke1275,atla1278,-3.445736006197453,0.03211259086757906,0,-1.88057392175,2.407028100877945
latv1249,indo1319,-3.1693485403611668,0.03625014449131437,0,-1.2317746824295002,2.500242899505075
lavu1241,lavu1241,-2.915853554486436,0.12037327755619442,1,1.1325226350925,2.6189224558653104
lega1249,atla1278,-3.5446731538323686,0.03354153394054782,0,-1.8609875249875,2.38995322977031
lele1276,afro1255,-2.9838475578826014,0.04114464370640301,0,-0.5879899909049,2.40944708655109
lele1270,aust1307,-3.332436800660225,0.0542628408951714,0,-1.9392366357592499,2.3479074390337997
lemb1266,nucl1709,2.35619727377325,0.0346802357799342,0,3.4660746768550004,2.39862201521515
leme1238,aust1307,-3.3686570651619645,0.05312729931096715,0,-1.8512599028449999,2.31748476480196
lena1238,aust1307,-0.4981561310591751,0.05763126147819713,0,-1.540059722569,2.3056230301101053
leng1259,aust1307,-3.833517143059555,0.03294037887377283,0,-1.90359571731125,2.324809388803915
leti1246,aust1307,-2.4606349667769587,0.07449806816198813,0,-1.59008486731125,2.315073867818525
lewo1242,aust1307,-1.992625277927458,0.014207390404620154,0,-1.8315862534799998,2.322574610455725
lewo1244,aust1307,-3.7565656232627784,0.038894292701737054,0,-1.91905408577,2.344565771437515
lezg1247,nakh1245,-1.016441844510449,0.028653474886161063,0,-0.39229642341890003,2.64442962923128
lihi1237,aust1307,-2.956890018580169,0.042235469703670384,0,-1.868285552819,2.30990923104014
liji1238,atla1278,-3.3703751861937583,0.041103462636123585,0,-1.9911161770715,2.4723454592709198
lill1248,sali1255,-2.478665514668333,0.03434634381417235,0,1.31698101111425,2.48913637020729
limb1266,sino1245,-3.245004460613414,0.059126749734697066,0,-1.328508238645,2.39953112410104
nucl1327,limi1242,-3.547463090824797,0.11493768861808414,0,1.0263780241125,2.6332129717070547
lipo1242,sino1245,-3.603619156874551,0.0232222347947076,0,-1.0496986625375,2.36710960881911
lish1245,afro1255,-2.9425407247326807,0.03958772801812171,0,-1.039375079325,2.49810314639451
lisu1250,sino1245,-3.5810055776621095,0.018709646595885407,0,-1.058741670675,2.37900775467529
lith1251,indo1319,-3.003846522510228,0.028769900778337874,0,-1.22704112804825,2.4928926675316196
livv1243,ural1272,-4.702738253353914,0.0944494580426288,0,-2.5708438218362497,2.8639156621362254
logo1259,cent2225,-4.16209391137265,0.11786670721654047,0,-2.62605918094125,3.023346453556245
loka1252,atla1278,-2.9793256166831465,0.024589547996504903,0,-1.976866471406,2.46155181500208
lolo1259,sino1245,-3.6140912553438875,0.026469370496349155,0,-1.04998495014735,2.3677990286509
lomb1257,indo1319,-3.4996292601604226,0.020340889472630647,0,-1.5836631395535,2.530722251410535
acha1249,sino1245,-3.4703002637739897,0.02152563360061419,0,-1.0734386817045,2.3670636711573447
long1395,aust1307,-3.862645138777745,0.04544702271468788,0,-1.89363338522475,2.329351552462215
loni1238,aust1307,-3.3440267761184317,0.049426980865803424,0,-1.9367844662359,2.3535986318537248
lote1237,aust1307,-3.223218801933024,0.0417254655212808,0,-2.03289943053125,2.31608867653276
loth1237,sino1245,-3.4232388601068706,0.020492830312267396,0,-1.0189934152505,2.39487397203279
louu1245,aust1307,-3.294092538113671,0.0510485466794246,0,-1.9319304083000501,2.352408983776325
lowl1260,tequ1244,-3.485705672334464,0.10493415740044545,0,1.391579427236,2.6011719798374
lowl1265,utoa1244,-0.22367596887229554,0.0280577319411827,0,1.7923084876735,2.403327009526085
luan1263,aust1307,-2.66847226495822,0.06486925238950259,0,-1.70196844676,2.3213608999292603
ludi1246,ural1272,-4.709882728204145,0.09216431573768782,0,-2.571470681966,2.86334497865804
lugb1240,cent2225,-3.833056705000912,0.09331585852078184,0,-2.63139437895975,3.02212215879341
lugu1238,atla1278,-3.939187088143886,0.03456185350464253,0,-1.9233321220155002,2.374662398159665
lule1254,ural1272,-4.704071896510932,0.09113133774779472,0,-2.5624252740717504,2.8563485318445547
lumu1239,narr1279,-3.79443420848977,0.10171376814640454,0,-2.3664894515925,3.1228969304479897
luok1236,nilo1247,-4.140790939523194,0.11866107489955581,0,-2.378969767782425,3.01891554543976
lusi1240,aust1307,-3.1233083397639825,0.05347656958403427,0,-2.006145519735,2.323941239780715
luya1241,atla1278,-3.486155672090657,0.03499127057986287,0,-1.8693338798074999,2.40096576250824
mace1250,indo1319,-3.520779965116628,0.024526662179518013,0,-1.1055771020605,2.459528492251315
macu1260,tuca1253,0.34499552376568343,0.02872198622002069,0,2.2172476232475002,2.47170227587271
mada1285,aust1307,-3.0433851128290796,0.040015235813910276,0,-1.6464279749925002,2.28899715692976
madi1260,cent2225,-3.7981143352455558,0.09013150458585821,0,-2.625354026655,3.02493642188447
madn1237,east2374,-3.213405133755783,0.09632986607433766,0,1.042851029733,2.68096343311433
maga1260,indo1319,-3.069270923609047,0.02169836038655062,0,-1.2860380576975001,2.4946248889179197
mail1248,mail1249,-1.9874776318024971,0.12118158350725682,0,1.04336024729,2.62403244834644
mais1250,aust1307,-1.5689435467289496,0.04770234746156615,0,-1.534799361728,2.293176582641645
mait1250,indo1319,-3.02320859802909,0.02199903873702717,0,-1.2843033858125001,2.48482237687098
maka1304,atla1278,-2.2282642796301495,0.0597719278560409,0,-1.3410259877052502,2.361542884508825
makc1235,taik1256,-4.251132199456411,0.0893388906106269,0,-2.211651007355,2.71411005454247
makh1264,atla1278,-3.7136256376595216,0.03468616167873198,0,-1.884698700555,2.37150516844122
makh1266,atla1278,-3.739345227740021,0.03400532393811484,0,-1.88266104654075,2.36730600535408
mako1251,atla1278,-3.761954371550752,0.027152369624513395,0,-1.854037388599075,2.37267067326471
mala1463,drav1251,-4.608017110393204,0.08320691380914882,0,-2.8364674688325,2.99547994189078
mala1464,drav1251,-4.632640726683459,0.08207320599060436,0,-2.8478784156624997,3.00453982756963
male1284,gong1255,-1.0388841560900637,0.023938249949294912,0,-0.9877731839774999,2.4974101064044953
male1297,chib1249,-3.3762967791018617,0.13489044492603483,0,0.9295503498662501,2.5776314182338647
male1289,aust1307,-2.952572292699662,0.05515310933430681,0,-2.0378636297455,2.3208944347202403
mali1285,otom1299,-3.265086377433743,0.03136742240122382,0,0.7716870173825,2.54639817925112
malu1245,aust1307,-2.7080983205403593,0.02761332283988606,0,-1.7696738228175,2.324194723399765
mamm1241,maya1287,-2.6733534569152866,0.023034491299722546,0,0.8910510390999999,2.526461668130135
sauk1252,nucl1709,2.0398299872517045,0.03006452782868319,0,3.5746867444475,2.36440981332131
mama1275,aust1307,-3.4746933760843746,0.019535878547153388,0,-1.7971141584675001,2.3384824811546396
mamb1306,aust1307,-3.3600790156328078,0.02925332620097267,0,-1.9066737206075,2.350022853815005
mamb1294,atla1278,-3.476725532864007,0.03744476879015534,0,-2.0203323068425,2.449960911478835
mana1295,aust1307,-2.2689239514149735,0.0135755079309305,0,-1.9623512138625,2.340086133379215
mana1298,nduu1242,1.8659544276710118,0.0904652675311356,0,2.74334855426945,2.47984319207694
mana1288,sino1245,-2.4255018167224756,0.025414603440681863,0,-1.393380701755,2.396314389656085
payn1244,nucl1709,2.5407636645311444,0.04852273262714698,0,3.541271446035,2.4425405147880648
mand1440,aust1307,-3.0324572361889723,0.03223125544444225,0,-1.8637724465010002,2.31338361556935
mand1415,sino1245,-3.304025110313911,0.04807397129040478,0,-1.284924795506,2.408230452304545
mang1378,aust1305,-5.005533278969267,0.09033443128649271,0,-3.30418913266675,2.755473129982355
rapa1245,aust1307,-3.5329795491269564,0.0261155721739626,0,-1.8381603748525,2.2982341464123452
mang1401,aust1307,-3.530725983855099,0.029324980033270973,0,-1.8562250486249998,2.296847203379555
mang1381,mang1423,-3.092868150166359,0.09820004585352145,0,1.14058247511125,2.622419342239385
mang1394,cent2225,-3.9025179922177156,0.08009741947448859,0,-2.62778652247,3.017852372134775
mang1405,aust1307,-3.7988500119316777,0.044258416152855924,0,-1.91704750588,2.3489425883448654
mang1403,aust1307,-3.063172329316517,0.025378734506513324,0,-2.014751606795,2.333422434749885
manm1238,aust1305,-5.019959479113391,0.09581691647568864,0,-3.3359561512532503,2.7462189611612198
maor1246,aust1307,-1.4893284569956677,0.04823194904637959,0,-1.7253685679055,2.2894340625182252
mapo1242,aust1307,-2.1212928988322766,0.03004649070005255,0,-2.07729494156025,2.3347310764203497
mapu1245,arau1255,-3.0334183483077153,0.10976009048963345,0,1.3682898175582499,2.607182004544825
mara1399,aust1307,-2.765595637274515,0.04468477290831145,0,-1.821466780459575,2.322808613731095
mara1379,sino1245,-3.46200937817935,0.038834187761415916,0,-1.0152075112625,2.388514254863095
mara1404,aust1307,-3.5438069602126245,0.020627724801924038,0,-1.8937113418712501,2.3409191851471
mara1386,west2434,-3.756827055850974,0.14353033357004882,0,1.1261465915815,2.600217402777615
mara1378,indo1319,-3.5500507623617654,0.019039282003249988,0,-1.2379784127825,2.484698349380365
marg1253,pama1250,-1.2819500916216966,0.032527933328155866,0,2.022642363275,2.4171773651076
marg1265,afro1255,-2.8190559821810477,0.05010623246751821,0,-0.52890934192125,2.398652774903205
mari1414,drav1251,-4.589183191441433,0.09813412409900034,0,-2.84919602672,3.01226220098248
mari1440,coch1271,1.5765142808241803,0.04301807894963684,0,2.4167810187475,2.499703898601765
nucl1622,anim1240,-2.296557473184193,0.11464122042674303,0,1.0654554631400002,2.591961555439675
mari1416,sino1245,-3.2436176798666443,0.022760513773555754,0,-1.03169082156,2.3901166290644102
mari1424,west2434,-3.442433593332427,0.10184260656607419,0,1.1368237473474,2.60168817246415
mars1254,aust1307,-1.5545091489771585,0.056728357889795585,0,-1.61784641478,2.3050961097943
mart1255,pama1250,-0.052879586379473056,0.04616420163278277,0,2.82780028511125,2.37315991281115
maru1249,sino1245,-3.584975052567214,0.023636029115172506,0,-1.07138590602,2.3706721760737803
maru1252,pano1259,2.318703808454965,0.039080963472861815,0,3.9283312910925,2.462554376553865
masa1322,afro1255,-2.9811835109735974,0.04341055295113357,0,-0.55616673232625,2.41324990802998
masb1238,aust1307,-3.064480773123673,0.028823690934371923,0,-1.7800338380074,2.32216687193373
mask1242,aust1307,-2.046533643769653,0.026409242861957793,0,-1.5619124426325,2.294331961034705
kemb1249,aust1307,-3.7257618814681974,0.03516286733930216,0,-1.984687963177,2.354605237509875
mati1250,aust1307,-3.609215223787256,0.022572859620705345,0,-1.9250125154325,2.3556893535088
mato1252,aust1307,-2.2752088821794034,0.022670419966547263,0,-2.05223629469,2.334720862713385
mats1244,pano1259,2.338952577831335,0.04152837843354739,0,3.6769523354725,2.482836674777105
matu1261,aust1307,-2.1316123824384077,0.02107384540589464,0,-2.0558660066445,2.3195549872747803
maun1240,iwai1246,-3.566648256349475,0.11679314909266145,0,1.224541702947,2.63374751801417
maxa1247,nucl1710,0.3857986710061052,0.033711927213146024,0,2.37283611041625,2.5037285799275297
maib1239,mayb1237,-3.219443876299975,0.08300017737706904,0,1.135407036765,2.63902635998561
mayo1264,utoa1244,-0.3703802023195819,0.030048891898027816,0,2.0469049435677498,2.3796930091108797
mayo1261,atla1278,-3.820993702095838,0.027353500269401365,0,-2.02966422460675,2.429061432511045
maza1304,afro1255,-2.7346877993922654,0.028625381805961525,0,-0.543224230365,2.40264002278942
mban1263,atla1278,-3.6473007690002612,0.04244587179484084,0,-2.02664608730575,2.43534349820226
mboc1235,atla1278,-3.0903507063845304,0.02722783002977403,0,-1.7643467480294999,2.38845074991503
mbul1263,aust1307,-2.664211779019723,0.03330495137680048,0,-2.041278344286,2.318098532144975
mbya1239,tupi1275,0.18484371562335775,0.01590124372756971,0,2.7753574406665003,2.4229007767123703
meen1242,surm1244,-3.05220525288743,0.10265318525648068,0,-2.8062589444975,3.03347154632852
saki1248,tupi1275,-0.1584953784227942,0.024324101451157938,0,2.7836218229425,2.461958517870685
melo1242,gong1255,-0.9998007439579466,0.035122596334651056,0,-1.2076040231882499,2.5137464808045102
melp1238,nucl1709,2.337956192738331,0.017529113776506244,0,3.2845316776275,2.36130153813819
mere1242,aust1307,-2.994607800913116,0.03417799768752509,0,-1.85431506327225,2.32039913963727
meru1245,atla1278,-3.7526189368288945,0.037185301218753485,0,-1.91816695999875,2.3849435893404047
meta1238,atla1278,-2.9559043727893934,0.021169611851432034,0,-1.492350117625,2.42214552117228
mezo1235,otom1299,-3.4058064414092177,0.042284503627492816,0,0.7704405011312501,2.503481816758415
mezq1235,otom1299,-2.9971353585434697,0.04162074297159849,0,0.7548510131224999,2.51410619101306
mich1245,utoa1244,-1.9248397401322905,0.04027213703572751,0,1.7831575643905,2.380237681269165
mika1239,musk1252,1.922930386294736,0.0822054536302263,0,3.0747580121449998,2.463731620887555
mikm1235,algi1248,-3.4760696488583034,0.08998126656617747,0,0.32604886259625,2.528792165806535
mila1245,sino1245,-2.638748033607791,0.048241839446473735,0,-0.9792995650925,2.371668433678015
mina1276,afro1255,-2.720875988963188,0.026985658674486074,0,-0.5438630595280001,2.4107882346121
mini1256,huit1251,1.6684846234488404,0.04846618457221883,0,2.325227072755,2.5357823817623197
mini1251,aust1307,-3.22718074451034,0.02112915656976002,0,-1.92871272775925,2.336152179008875
minn1241,sino1245,-3.6642480104877064,0.02969884352449452,0,-1.2824644603795,2.403195989041045
miri1266,jarr1235,-2.7779257357691876,0.10419467033823974,0,1.107746905905,2.6223610676701252
mixt1426,otom1299,-2.777958170633184,0.014601380209211957,0,0.7429998415582499,2.537387692811325
miya1266,afro1255,-1.85350155931698,0.03554680281353406,0,-0.25051009214275,2.3697412897794603
miya1259,japo1237,-4.204179590895057,0.07376122959689804,0,-2.20863014854475,2.8614380213110904
lush1249,sino1245,-2.857960724056394,0.022425485635412093,0,-0.6584761499225,2.318676388504865
mlab1235,aust1305,-5.058070574264255,0.10803435593248818,0,-3.3239588434231253,2.7472125188787
moba1244,atla1278,-3.8164096283704456,0.040673421780574315,0,-2.0274388735855,2.454115933076915
moch1257,maya1287,-2.6464055282023833,0.010658390587280372,0,1.1455555903075,2.48086507417765
moco1246,guai1249,-3.3661916974876815,0.1044814866812705,0,1.38311639415365,2.5626277142511897
mode1248,indo1319,-3.4910265688689406,0.017123014937042647,0,-1.3753684031839999,2.5680825050051004
moha1258,iroq1247,-3.6229187364761293,0.11251021723191437,0,0.824483369646,2.561575435316685
moii1235,west1493,-3.2569504228932202,0.11431065546484713,0,1.2417691389985,2.591191617280835
moke1242,aust1307,-4.784048804451507,0.023547255228044347,0,-1.98128183497125,2.3666004454149903
moki1238,aust1307,-3.486358570653394,0.05214814594741289,0,-1.783487855241325,2.32247327921551
mokl1243,aust1307,-4.8170025000003465,0.02444421886645392,0,-1.984912740754,2.352391265248005
moks1248,ural1272,-4.628553701210154,0.10026688779964003,0,-2.537414304835,2.867736428141075
mono1273,aust1307,-3.8194278696111317,0.03162692232725321,0,-1.9407335590325,2.32400458735252
mono1270,atla1278,-3.7219750773221505,0.03852876878943714,0,-2.0269466209015103,2.43900355367238
mono1275,utoa1244,0.8918491721783135,0.03742168557716271,0,2.4386989267025,2.362702635499175
nucl1458,monu1249,-1.72112054625882,0.1032860557250326,0,0.69646579543025,2.62968627355425
mopa1243,maya1287,-2.764136401809616,0.04075097722683899,0,0.9265267515,2.5064770583354203
more1259,utoa1244,-2.4660039853624482,0.025286774209783147,0,1.80805417880995,2.3830914688402
mose1249,mose1249,-3.2440620527141224,0.16321980271128037,1,1.4724985913705,2.59841043675167
motu1246,aust1307,-1.973750659811756,0.015392749775528826,0,-2.03191311289075,2.3175680828754697
mouk1239,aust1307,-2.9308015172339736,0.03259756892418194,0,-2.0083596956575,2.3417662317830903
moun1252,koia1260,2.027016826851108,0.08536776160276978,0,2.2975996912145,2.5168967812095246
moyo1238,sino1245,-3.338727394558484,0.026300917332808992,0,-0.81641103742275,2.3635993073087898
mpad1242,afro1255,-1.8344047910436974,0.05060547702955763,0,-0.25855435691925,2.365732272294135
mpii1239,sino1245,-2.9787558725826635,0.030325820926200682,0,-0.8908014660875001,2.3392157635370854
mpot1240,atla1278,-3.429111575739737,0.037840284734364585,0,-1.84668822490075,2.3718998898412247
mpur1239,mpur1239,-3.3624179209259273,0.09964070112108189,1,1.1565734267824999,2.64812556411951
mual1241,aust1307,-3.6948179311589966,0.036574084483364466,0,-2.01191625627645,2.3664816591880298
mudu1242,aust1307,-3.1036983902344826,0.025840461015530745,0,-1.89340613578725,2.3338729259772304
mudu1239,drav1251,-4.679323889745028,0.08260304777153431,0,-2.8351757505924997,2.99907715620062
mull1237,nort1547,-3.2463617521540256,0.0896607416623563,0,1.292116703103,2.647943582915135
nucl1240,atla1278,-3.495529496955854,0.05045824896346669,0,-2.022278059461925,2.44135972513115
munc1235,sino1245,-2.0308904642412173,0.051771994510137184,0,-0.5879633020142501,2.32983169592592
mund1325,atla1278,-3.472694279339527,0.03619680315263023,0,-2.0277667172275002,2.4385281318688348
abar1238,atla1278,-2.869637077433518,0.032006815291043454,0,-1.8745703706875,2.431118843747715
muru1274,huit1251,1.8993692818208243,0.0527357417845791,0,2.3179624981025,2.54493583884942
musg1254,afro1255,-2.8541260419492143,0.03274882338818098,0,-0.49169689238965,2.392706723098595
muso1238,aust1307,-2.2087421925026325,0.025683683164332307,0,-2.055203162787,2.336035525221175
mwag1236,afro1255,-2.2432637853911808,0.017173269431352285,0,-0.5805678353145001,2.395446908982465
mwan1247,atla1278,-3.7822136959166945,0.0338520930423501,0,-1.91685802198525,2.37779358053636
mwer1248,atla1278,-3.7818799980599342,0.02531853075715013,0,-1.8529378639699,2.384414929694675
motl1237,aust1307,-3.1752103220086587,0.03573042659812595,0,-1.86614120706,2.317639065846885
sout2857,aust1307,-2.319629953696895,0.021719378252097892,0,-1.81809192239175,2.31584938233691
naka1262,aust1307,-3.113532118773593,0.025706091548309717,0,-1.9044437551825,2.328668746236175
nali1244,aust1307,-3.2840609365864264,0.013380163692536211,0,-1.8801464182378749,2.324659946312385
nama1268,aust1307,-1.7102656955380122,0.028814363455283657,0,-1.8068651562900002,2.32226957957752
litz1237,aust1307,-2.6836989282205,0.03646191608393287,0,-1.79958410967075,2.30778800409283
namb1293,more1255,-2.6227136758465512,0.11230748599746772,0,0.910909863642,2.59545429392837
namu1246,sino1245,-3.321181460833892,0.017542204294543028,0,-1.039566883202,2.39176239741312
nana1257,tung1282,-0.819599816392762,0.020348446461027316,0,1.08208532329925,2.506693850043585
nang1262,aust1307,-3.809001485351681,0.047324432020307124,0,-1.85751426107,2.33200884280556
nati1244,aust1307,-2.4807902216843565,0.02502258909101352,0,-1.81784238452,2.30879413569476
naue1237,aust1307,-2.9911499438523563,0.02998953545026869,0,-1.774575162599,2.34121807381817
nava1243,atha1245,-2.6464757795947875,0.14347339993951091,0,0.4498382538375,2.525843282863045
nawu1242,atla1278,-3.4013418815214953,0.02689882857828345,0,-1.72040384920225,2.425036723862685
ndam1239,atla1278,-3.7412432941581493,0.03936627555859518,0,-1.8181451870399998,2.374411003012665
ndog1248,atla1278,-3.7409583491371334,0.026181680736451256,0,-2.0264701628355,2.435627120478725
negi1245,tung1282,-1.7596063971820166,0.018453222788484127,0,0.9698478184815,2.529443423089345
neha1247,aust1307,-3.53793225175715,0.019928021832451483,0,-1.928851140795,2.329193211448745
kuma1276,aust1307,-3.2700229324517673,0.04228389726291874,0,-1.8204528030575,2.32153785305967
nenn1238,more1255,-2.735199863021392,0.125912371609242,0,0.911899175705,2.59295126032052
nend1239,nucl1709,2.561874331304324,0.05528926182969314,0,3.5458923436625,2.443017993640935
neng1238,aust1307,-2.2736451409250122,0.041065207390892776,0,-1.8234492258650752,2.323370790148245
nepa1254,indo1319,-1.7222884805858554,0.06583943702932246,0,-0.96146613412275,2.447866534549355
nese1235,aust1307,-2.8668732782258144,0.045987372836386244,0,-1.7762834657097502,2.3090095439791103
ling1265,aust1307,-2.59193468528798,0.02990497776845415,0,-1.80189051972875,2.316567877832215
nezp1238,saha1239,-2.511086431940483,0.1069308123245251,0,0.94308214319875,2.563960528583655
ngaa1240,pama1250,0.5335436443496311,0.0346553588226703,0,2.890093852085,2.37110901599518
ngal1292,gunw1250,-3.7062371062778756,0.12661411194510633,0,0.9142005759375,2.588299273144775
ngan1291,ural1272,-4.672059070541153,0.09339158707853037,0,-2.4835504237105,2.87844345707753
ngar1284,worr1236,-0.2744128163710422,0.05507681407627712,0,2.20017599125975,2.5020907635846052
ngba1285,atla1278,-3.317856686348067,0.03508134791537089,0,-1.988430611155,2.444501028101285
ngit1239,cent2225,-4.238317646865854,0.11362566923517588,0,-2.6190991974799998,3.03034846459276
nhan1238,pama1250,-0.9564333041496913,0.03408164176382586,0,2.51747580299625,2.37150688031073
nila1242,atla1278,-3.8603130846784097,0.02329323081010167,0,-1.8339447725090001,2.363034770992595
nucl1633,nimb1257,-2.5312289216754076,0.11459204505550995,0,1.098451829345,2.61008636250753
labo1244,aust1307,-2.543914647972668,0.032327840751780426,0,-1.8144481961249999,2.3080524191583303
niua1240,aust1307,-3.5574157815146927,0.03870492938347911,0,-1.9188446263142498,2.30952599870372
niva1238,mata1289,-3.3063222577428,0.11634198098650686,0,1.4501600255245,2.58988568453782
njan1240,atla1278,-2.7808462979784054,0.02436686997854913,0,-1.9045830680645,2.46092182656494
nkon1248,atla1278,-3.318756929087839,0.027053173310468404,0,-1.7135261451585002,2.4302406073062652
noct1238,sino1245,-3.25866552396593,0.0201565162619747,0,-1.3288546235182501,2.408709857104415
noku1237,aust1307,-3.1441763285257,0.0317183568370211,0,-1.8442151534675,2.32343934016739
noon1242,atla1278,-3.6115659201747263,0.030861103385769972,0,-1.9585057773852501,2.50709553631784
noon1243,atla1278,-2.9600789908841163,0.028999559517410248,0,-1.8479647467235,2.4236245343986003
nopa1235,otom1299,-2.715195897879192,0.029833376096902398,0,0.7074756467950001,2.512598897949755
nort2839,aust1307,-2.0356688051878873,0.03350816607465346,0,-1.79920262824725,2.3168721235776353
nort2697,turk1311,-3.7223316347524085,0.10242460058920619,0,-2.1988762780625,2.761657209414435
nort2930,kiwa1251,-1.865599684893638,0.1160739602017981,0,1.0801432597037501,2.605065845485605
nort2724,sino1245,-3.596115932017069,0.02922457141997192,0,-1.1946580130335,2.394274269420395
nort2702,drav1251,-4.585332446244468,0.09728699653327183,0,-2.8423634665197497,3.011009149595105
nort2938,haid1248,-3.0230644452415243,0.0872919761067605,0,1.0537482115575,2.572238764149225
sing1264,sino1245,-3.2263820145659077,0.01947332754389794,0,-1.33584744315975,2.40256862437052
nort2877,aust1307,-3.7307604330076325,0.019873502223371857,0,-1.9939916182525002,2.3399626344759596
nort2684,aust1305,-5.2989157091528725,0.11653593435341233,0,-3.297287635245,2.751318787092885
lush1252,sali1255,-1.868854173640944,0.02989320966196072,0,1.16208383300475,2.5119112447493146
nort2954,utoa1244,-0.24370953629673142,0.029660891633153563,0,2.4013460153475,2.3613250106900203
nort2957,utoa1244,-2.4963900606483547,0.023906176592810496,0,1.813440739294875,2.375565516109505
nort2723,sino1245,-3.325684918638786,0.027517142589584303,0,-1.010913806335,2.37602938417737
nort2747,hmon1336,-4.499012336784826,0.09683701318168092,0,-2.4999727795,2.76273062050161
nort2722,sino1245,-2.772546867356624,0.02408614114568601,0,-1.0519485641668,2.37071286243587
nort2885,aust1307,-3.5895878982808984,0.031227355345748737,0,-1.92405522757,2.337247789487585
nort2959,utoa1244,-0.4964440110559491,0.021712390293690736,0,2.1805825493024997,2.367219487021025
tosk1239,indo1319,-3.547934641064045,0.025346520625137203,0,-1.3953505458594,2.553955034059745
nort2732,sino1245,-3.465383273551854,0.0252404729093187,0,-1.2121732565937502,2.409747832965405
nort2690,turk1311,-4.4142367935308915,0.08491075061963352,0,-2.204520604565,2.76374491922246
yoku1256,yoku1255,1.1920690849838402,0.04018058958170915,0,2.1449974924275,2.5163971696395
nort2745,yuka1259,0.3013148369258365,0.09670120081370083,0,2.1847093310525,2.7429995294871796
nort3047,afro1255,-2.9570461522005536,0.042144495304153234,0,-0.5052214190340001,2.387259501580185
nort2980,quec1387,1.7192880840969396,0.04335921434781394,0,2.89460531662825,2.462169816149565
nort2845,aust1307,-3.52553174533809,0.012922926175501778,0,-1.8644875618685002,2.2947599633085503
nort2942,atha1245,-4.1085124857318585,0.1074911082455838,0,0.4697669851775,2.52201894815329
nort2961,algi1248,-3.9868706861277623,0.11982997349487418,0,0.3062577825325,2.535411216261755
nort2951,maid1262,0.8099401959537862,0.05513315660417608,0,2.27784969064175,2.5235728386611047
yaki1237,saha1239,-2.760225413417439,0.09711266125523606,0,0.95188462548775,2.56450210546141
nots1237,aust1307,-3.2007724870276903,0.0209673557942209,0,-1.851515428825,2.31526051371306
nsen1242,atla1278,-3.292106019815799,0.04291556466654152,0,-1.6588765572162498,2.35111262557434
nuer1246,nilo1247,-3.6245487929690317,0.10950595628487603,0,-2.39026665753825,3.027794959448275
nukn1238,nucl1709,2.098962676556513,0.036783469001141156,0,3.59282288252,2.3581604718372002
nung1282,sino1245,-3.731994365621224,0.05521304564484114,0,-1.24659341084765,2.4126412261216252
nusu1239,sino1245,-3.812295509092503,0.05848774134210158,0,-1.0555398301675,2.35284891207802
nuuc1236,waka1280,-3.4114480427028795,0.11430898426587338,0,1.3082849963893999,2.536043576539355
nyah1250,aust1305,-5.211271468902753,0.11928916223479817,0,-3.3146863631692502,2.74890806615222
nyat1246,atla1278,-3.8583511888379034,0.02396081301078791,0,-1.8459124021759998,2.3697924814847697
nyor1246,atla1278,-3.7807103158811293,0.0400445888735269,0,-1.9180397494324999,2.3580073836179603
obok1239,lake1255,-3.2276605161269574,0.14252913356983848,0,1.1813986256475,2.648856605284675
occi1239,indo1319,-3.567182388150905,0.019149503795610597,0,-1.5872755731705,2.5186747045164797
oriy1255,indo1319,-3.279494657070451,0.024813606203357222,0,-1.25684334325,2.502761695976225
kalm1243,mong1349,-3.3227930453046093,0.10133089956261732,0,-0.45541109200624996,2.7223171857332247
okan1243,sali1255,-1.951499631729746,0.02665408209719552,0,1.3475312464175002,2.47184004468569
okin1246,japo1237,-4.1011178398303025,0.07182845940688075,0,-2.21065060992,2.83752594683087
oksa1245,nucl1709,1.9199750751760334,0.04554509225377217,0,3.1560799874967502,2.354996756895985
oloo1241,nucl1708,-3.046802952535428,0.1221492510289384,0,0.6994878819225,2.599053016990095
olut1240,mixe1284,-3.888419891107064,0.11690865915233767,0,1.3432229416275,2.543113101486215
omah1247,siou1252,-1.328612485676961,0.034233910377990354,0,1.3612443705400001,2.50008149667946
onon1246,iroq1247,-3.635822158576924,0.11221545639248054,0,0.81408116027745,2.55512377183092
oroh1237,aust1307,-3.918008443578846,0.04691342139918556,0,-1.92122105226,2.3293983894195
orok1269,nucl1709,2.550858049869424,0.040688878993510785,0,3.4937382925525,2.364207203392105
orok1267,nucl1580,-2.2057660287694985,0.12087897048517973,0,0.59778992073975,2.62591365550358
orow1242,aust1307,-3.1647812524645578,0.05908643665540773,0,-1.826079316834,2.301878267564795
osam1235,atla1278,-3.3039694788410374,0.033336596610207936,0,-1.80388199758925,2.4022869799270747
otta1242,algi1248,-4.002840645957072,0.11835761343062304,0,0.3063181269505,2.52835207914022
owaa1237,aust1307,-3.883516976497616,0.044701294369064636,0,-1.901659589505,2.3254895074489603
paaa1242,afro1255,-1.7502222599618855,0.054906771232492234,0,-0.405374382754425,2.3874844313936396
paam1238,aust1307,-2.0326714427572803,0.026972453412242987,0,-1.76085188556125,2.3103867137211846
paas1238,atla1278,-3.359353779503875,0.03983722660178747,0,-2.0338066844177503,2.4549856152141203
paco1243,aust1305,-5.342242962507738,0.10976888875709478,0,-3.325988736806,2.742633716705035
paez1247,paez1247,1.543040084501147,0.025189727054751344,1,1.8699900056725,2.5553459646087697
pagi1243,atla1278,-3.872114387333238,0.05684536341727469,0,-1.8400409651405,2.408321940409545
pagu1249,nort2923,-3.746904100241907,0.12145696866899779,0,0.6566085858249999,2.622110782001105
pahn1237,hmon1336,-4.485879089331892,0.10052929823710646,0,-2.4939552413025,2.762069515702885
pait1244,sino1245,-3.249241431434167,0.04406551405278956,0,-0.75615296228325,2.34380037372883
pala1344,aust1307,-3.7415956795591905,0.0244091000817937,0,-1.9442954024395,2.3550913330909
balu1257,aust1307,-3.093247050004652,0.03469126576463764,0,-1.9310678535685502,2.3539823335437
pamo1252,aust1307,-3.0542209839197225,0.022673222080224043,0,-1.9248503388125,2.362997282615885
enap1235,cari1283,-0.0148512990968008,0.04756240046677642,0,1.505214792433565,2.4763396637802897
pang1290,aust1307,-3.7210820889688447,0.02614923830454611,0,-1.9751675264489998,2.364161075274565
pano1254,pano1259,2.103519751406609,0.03765469656191215,0,3.9338056420300003,2.4637289503639153
papa1265,aust1307,-3.7917590162645443,0.03498916554619616,0,-1.92519142188675,2.33213744228244
pate1247,aust1307,-2.079878914105601,0.02830330334723219,0,-2.0784647387165,2.32211544366471
patp1243,aust1307,-3.0941135987843396,0.023698370195054014,0,-1.93121795826,2.33914727762938
patt1248,sino1245,-3.52441956891669,0.046895096809752256,0,-1.27372556544,2.40725222749779
paul1238,aust1307,-3.6520889716004303,0.030241080423177174,0,-1.9142491274475,2.3628239970491247
pawa1255,pawa1255,-1.776673167728846,0.11462561277429938,1,1.0505158055225,2.589632807472645
pela1242,sino1245,-3.669033255091872,0.05110236437226828,0,-1.06965540459675,2.36383073861025
pend1242,aust1307,-2.1613416564248475,0.06626989259267178,0,-1.6229534925175,2.32919293640651
peng1244,drav1251,-4.49134046962708,0.09703306265197734,0,-2.8374342377144997,3.03285046817011
pila1245,guai1249,-3.4554860135057255,0.1121591253656654,0,1.39266416150875,2.5514313049484203
pima1248,utoa1244,0.5164080816855059,0.04323023818429181,0,2.1200450193025002,2.359121729733625
pina1252,piaw1238,1.7212857712173535,0.07651549073802293,0,2.042546998525,2.5214227675129752
pint1250,pama1250,0.78569207263199,0.034496463897409894,0,2.896200654935,2.36378774598753
pite1240,ural1272,-4.701136388817435,0.09219277406328441,0,-2.56279561612125,2.8533595926571698
plai1258,algi1248,-3.8369062683931725,0.12150753702430135,0,0.30629964305574997,2.519696306813695
pnar1238,aust1305,-4.760465941923677,0.0730514448730078,0,-3.328272413075,2.745732705062365
pohn1238,aust1307,-3.406448501469181,0.021310831003069085,0,-1.7867796196649999,2.324119530781105
poli1260,indo1319,-1.6823867210775774,0.06371351122787366,0,-0.9442152290525001,2.444115641319745
popt1235,maya1287,-2.320726637566022,0.032896344102934,0,1.32630439391,2.447227078297115
port1283,indo1319,-3.4942547955518526,0.012640888531050568,0,-1.5872279516974999,2.52627958255311
phai1238,aust1305,-5.014658094097937,0.10500123901797492,0,-3.327192625395,2.7396924356447148
psik1239,afro1255,-2.6493059322714174,0.025477458255389246,0,-0.50471520838075,2.39029552969437
puin1248,puin1248,-1.8845530346889254,0.10456416004441829,1,1.2981236899373751,2.5935958911523196
pulu1242,aust1307,-3.5964656843032983,0.01884755846986335,0,-1.8146817942395002,2.310094077623985
puma1239,sino1245,-2.89432166927074,0.02027808940705869,0,-1.31047691519875,2.41279461291464
pure1242,tara1323,-3.053261929453654,0.09804884178152691,0,1.393857615599,2.572876892572185
puri1258,sino1245,-3.493182825698763,0.04912778653959879,0,-1.1658380818662502,2.380617679080535
qanj1241,maya1287,-2.533193169326645,0.03481779299598227,0,1.19820795486,2.460916498784205
qawa1238,kawe1237,-3.032307753235672,0.11093472846500249,0,1.3444564052925,2.61949479291446
qima1242,afro1255,-2.4661074037409594,0.0315985626749087,0,-0.9299360753415,2.4171586804450698
quer1236,otom1299,-3.432782983122311,0.060464129374254307,0,0.7543932965412501,2.5075720850589747
quio1240,otom1299,-3.3741138905648675,0.03925115935712945,0,0.76907823093875,2.52950390007191
rade1240,aust1307,-4.858548652178767,0.02563976985750748,0,-2.00762740549475,2.35121677690258
raji1240,sino1245,-3.0724089162198704,0.04744048926727635,0,-1.1043731032525002,2.41130398443237
rapa1244,aust1307,-3.5191565396410103,0.02551264722784865,0,-1.86221578000725,2.300124334047985
rata1244,aust1307,-3.4886297696224497,0.021164161518698096,0,-1.9453752088,2.362855213870835
remb1250,aust1307,-3.806389724594913,0.04253018198238515,0,-1.921485328999,2.35756597763896
reng1252,aust1305,-5.356786602261177,0.11180979337396287,0,-3.295991899667,2.75823377475706
renn1242,aust1307,-3.818498725356662,0.035476233064316506,0,-1.9144842206525001,2.30169581596527
reye1240,pano1259,0.39764216309306394,0.02223543754104939,0,3.4603428274475,2.4354460057780347
beka1241,aust1307,-3.7469091074982552,0.035774136908288325,0,-1.987262472755,2.346091730645755
roma1326,indo1319,-3.450799302054949,0.024120682494643,0,-1.5878152666312,2.52593642377497
rong1264,sino1245,-3.165250220002063,0.02258778588366179,0,-1.2797244657657498,2.3958420505326847
roto1249,nort2933,-2.882750306680273,0.1236185720219611,0,1.181307873395,2.64385211636629
rotu1241,aust1307,-3.460968716023463,0.056473800176410696,0,-1.87711500795525,2.31245414212112
rovi1238,aust1307,-3.927404786273083,0.048976499940989585,0,-1.93480543157675,2.33124765333244
ruch1235,aust1305,-5.079508832650666,0.11247347428911204,0,-3.32907433053375,2.7487691171055646
ruka1240,aust1307,-3.9317361832552415,0.012971021766242702,0,-1.9549831050000002,2.4253646110921148
ruma1248,aust1305,-5.40767002288883,0.13564922148385877,0,-3.326882003345,2.7462347923767
rung1258,maba1274,-3.4139300679781694,0.07692299837690818,0,-2.36128153552,3.12126077762787
russ1264,mong1349,-3.918820194531895,0.0768537500116491,0,-0.4551882695675,2.7207042053069053
russ1263,indo1319,-3.4226084448048866,0.020777571227687114,0,-1.09094685942975,2.4647748678637997
saaa1241,aust1307,-1.7799160461698744,0.03528250600407655,0,-1.4581124832549999,2.29116371684436
saaa1240,aust1307,-3.9140887230477768,0.046906860917137555,0,-1.9032445819565,2.32748331057984
saam1283,atla1278,-3.7983820963264883,0.04052744763664447,0,-1.923748125595,2.3714287726528447
saar1237,aust1307,-3.9406918701696396,0.021549801028669307,0,-1.946325922455,2.413507793404675
saba1268,namb1299,-2.3680606263540955,0.1012457703274715,0,0.86828830477675,2.573556641989435
sais1237,aust1307,-4.068742551689008,0.010540817158228067,0,-1.95251242685825,2.42769152858362
yaku1245,turk1311,-4.346284186253268,0.10390288723187788,0,-2.1985495702530002,2.76421369919882
tsis1238,atla1278,-3.5853239649648017,0.03542702945639779,0,-1.9902252056075,2.47291181401087
samb1311,atla1278,-3.4331799392513,0.03665506087061549,0,-1.9049570785849999,2.47952621058659
samb1305,atla1278,-3.4467364657250044,0.04480662618972496,0,-2.0229404658485,2.42837775391195
samo1303,east2433,1.6778474574548234,0.08371213883924217,0,1.9863271674387502,2.489516119693775
samo1305,aust1307,-3.577891752132566,0.022003022313785828,0,-1.915954203315,2.3034072572629354
sand1278,huav1256,-3.4702382199289348,0.09646884411455836,0,1.428636393101,2.57617067330992
sani1269,sino1245,-3.689666253506895,0.036075329277628625,0,-1.0689953469525,2.35766635022648
sanm1301,otom1299,-3.5284137854993736,0.05544101277658357,0,0.7765817520305001,2.511756416327805
sanm1289,quec1387,2.223145411071698,0.037733715595710135,0,2.9003497824249997,2.453136040412805
sanm1295,otom1299,-2.837391588322877,0.04211126283805434,0,1.34702815797,2.47733025259108
sant1436,otom1299,-2.56224467574025,0.05174066690323647,0,1.04612027214,2.496043066439285
sanu1240,yano1268,-2.7070229361196887,0.11344213355576556,0,1.4894573257925,2.5812110682265352
sapo1253,aust1307,-3.705648544332699,0.03312520939658489,0,-1.92575694954325,2.33122095661341
sars1236,atha1245,-3.9318443171223905,0.10183982861283687,0,0.48651604696075,2.52678881395725
sata1237,aust1307,-3.7646818731694847,0.036980429207972544,0,-1.81480041612675,2.305240340277495
saur1249,drav1251,-4.33529929831923,0.10603881075162741,0,-2.75825356684425,3.04923854207763
savo1255,savo1255,0.30137481254273357,0.08933991050217936,1,2.635341331205,2.5634643239040003
seda1262,aust1305,-5.353157784643053,0.11265694232991783,0,-3.299599685939,2.7694333488679552
seim1238,aust1307,-3.137812805229596,0.036057419692895894,0,-1.9209074732125,2.33184536434087
seke1241,aust1307,-1.6702884023889233,0.047712503800135586,0,-1.454908638885,2.287055641442665
sela1259,aust1307,-3.4807280554664364,0.012971988884599847,0,-1.89876038909275,2.34804512920866
selk1253,ural1272,-4.762185366104724,0.09549613117216642,0,-2.47908478547,2.8707846220418247
sema1266,aust1305,-5.345546016098417,0.1225119128188837,0,-3.3077867745925,2.787906659727425
sema1265,aust1305,-5.333259277511544,0.11804490997720013,0,-3.3075723217185002,2.7650067644641
seme1247,aust1305,-5.325714853888838,0.12413048597926098,0,-3.3030147516225,2.7758015189045553
sene1264,iroq1247,-3.6261611950499333,0.10957421099269928,0,0.824975901395,2.561420419156605
seng1281,aust1307,-3.0440395934337037,0.04140135617487445,0,-2.00184660998125,2.33290897125027
sout1528,indo1319,-3.396081455237761,0.027804864232257354,0,-1.1096493188899998,2.4740049467375202
seri1257,seri1257,0.799991230585342,0.040991857959445085,1,2.276741861166,2.547168867595725
seve1240,algi1248,-3.9652303969233706,0.12005462347787361,0,0.3079699297575,2.5315411267403602
sgaw1245,sino1245,-2.894263590807344,0.02002286353627654,0,-1.225136412189,2.417438066302855
shab1252,shab1252,-2.6556152571833276,0.08110553856326568,1,-2.4866701188525,3.1956802035527803
sham1280,atla1278,-3.923123908795641,0.058181682354786865,0,-1.9233945918300002,2.38055822660328
shan1283,pano1259,3.4128079418133606,0.07439872433234701,0,3.93302258869575,2.469047834294175
shaw1249,algi1248,-3.9046522120096308,0.12972893189160423,0,0.33651590105725004,2.51950057481665
shee1238,hmon1336,-4.51952883463644,0.09401185911172558,0,-2.50567201012725,2.7848447823528746
biao1253,taik1256,-4.244714164319006,0.0880521182937403,0,-2.213893268005,2.7129325139339953
ship1254,pano1259,2.562838269243197,0.03565106135174331,0,3.8921326648975,2.4801912323644952
shix1238,sino1245,-3.3884534720014297,0.01965390638209008,0,-1.0381989323795,2.381154779209255
shol1240,drav1251,-4.6874503894381565,0.08180166263107444,0,-2.82789017669,3.000358937842625
shon1251,atla1278,-3.447831239809598,0.029544154143808902,0,-1.8492721639299998,2.36555482538268
shor1247,turk1311,-4.434245381257112,0.08663396681193679,0,-2.20644450749,2.76402352579474
shos1248,utoa1244,0.4128882082715506,0.03273259317761544,0,2.54610886882,2.3702706414549253
shua1257,jiva1245,2.376968726929173,0.05556545462355308,0,2.6141123629175,2.508671735489095
shwe1236,aust1305,-5.442671390341511,0.1415799460984809,0,-3.33018880682,2.751686393291115
siaw1243,amto1249,0.8967196503543844,0.07231734124286915,0,2.05088628368375,2.532634927478085
sich1238,sino1245,-3.3772739207452194,0.019458444564529265,0,-1.0639249664650001,2.35513651414335
sici1248,indo1319,-3.5154786365068054,0.0246427416315705,0,-1.5851829940042501,2.536399117996985
siee1239,aust1307,-0.3007692825633021,0.05797152273930864,0,-1.4559345874849998,2.294352323677125
sier1250,otom1299,-2.8419491447954606,0.0248585264081889,0,0.71550685140675,2.5310371050031097
sika1261,aust1307,-3.7406491842824914,0.024538189930361717,0,-1.9021501745874998,2.30043039120545
siks1238,algi1248,-3.633325292707786,0.11093519075873798,0,0.338671775689,2.53628507223059
sina1266,aust1307,-1.953679919212857,0.023589383273784004,0,-2.028935518505,2.3181430798333498
sioo1240,aust1307,-2.3233707847011917,0.019144698984743445,0,-2.0432413958425,2.3118112692065846
sion1247,tuca1253,2.0275946688376267,0.028674325051224695,0,2.3763830861760002,2.4944527336292897
siri1274,tuca1253,0.9314852401837214,0.024310322480301624,0,2.354395585678,2.4746925182858197
siri1273,tupi1275,1.4777423472619668,0.06683117169478578,0,2.99722821784,2.4142708955260597
sile1255,nucl1709,2.46958144725562,0.048319295646824634,0,3.5423416928125,2.440759829518655
situ1238,sino1245,-2.3956776483166116,0.03602888081585935,0,-0.7267210554,2.3412919460630803
skol1241,ural1272,-4.693084422118368,0.09463597461001536,0,-2.55567005081,2.85122227573153
slov1268,indo1319,-3.2935764503487457,0.02674267288538353,0,-1.1116218071650001,2.47289045880792
sooo1254,aust1305,-5.282159531041643,0.10695390015876216,0,-3.332355696635,2.7360496478816803
soch1239,otom1299,-3.4068709479308854,0.033783421384367095,0,0.77481988646255,2.5202818207378153
soga1242,atla1278,-3.7950959797096937,0.03344614851385531,0,-1.926143976135,2.3684265988021247
sons1242,aust1307,-3.811502005758014,0.03074106501871503,0,-1.8073846378857499,2.298447109524755
sout2976,utoa1244,-1.521681470909178,0.03626708296890755,0,2.1240344280935,2.361346185940595
sout2954,japo1237,-4.072752387509917,0.07234110785129921,0,-2.2169140164175003,2.8340080537992947
sout2996,ayma1253,-2.4185218472358616,0.11516618866265275,0,1.4049826487685,2.582956558977365
sout2730,sino1245,-3.6314922183183693,0.019004270050155453,0,-1.2067059835212501,2.392054585516915
raro1241,aust1307,-3.5302527108726798,0.019780647006289717,0,-1.8400568605475,2.29246242196265
sout2956,haid1248,-3.037967647243084,0.08967131705444234,0,1.0590199049979998,2.56364043811217
kach1280,sino1245,-3.5420845299333283,0.019726551219475627,0,-1.333443733842675,2.4057942088630746
sout2994,namb1299,-2.411302282690709,0.10862424503415652,0,0.91373331881575,2.5881441459067602
sout2649,indo1319,-3.4133266425721582,0.021599874628818252,0,-1.2930153251065,2.527610655950045
sout2729,sino1245,-3.6920196241557166,0.057745050810547045,0,-1.00981690801,2.36384181193385
sout2728,sino1245,-2.5286399568100246,0.05805802025916774,0,-1.051354698894,2.3625393198270404
sout2918,aust1307,-3.4348342961941256,0.0392361306503317,0,-1.9460547408875,2.37067002890511
sout2807,atla1278,-3.661586448392661,0.021403963635130543,0,-1.875622252475,2.361530983788095
khan1277,sino1245,-3.468443298703483,0.03596395159365034,0,-1.030244549855,2.3721429943536796
sout2679,ural1272,-4.602952934598841,0.1065311505526183,0,-2.547270441541,2.862329685105425
sout2782,atla1278,-3.7591218707991874,0.06689440571295066,0,-1.61358858520075,2.4053910271339998
sout2895,aust1307,-3.850134359370037,0.021285614457746283,0,-1.89265583698,2.36351182362866
sout2674,ural1272,-4.682144810948314,0.09558203440374605,0,-2.56276638588,2.846520645560805
sout2959,atha1245,-4.11836252735476,0.10516678174380265,0,0.47158343332225,2.514863616756455
para1301,aust1305,-5.282400841091745,0.12077493440631083,0,-3.32461418672,2.757257484985465
sout2869,aust1307,-0.1996532693462711,0.06702355180690418,0,-1.4523327862575,2.3080099370327103
stan1306,aust1307,-4.8586205408122884,0.0223370633745184,0,-2.01426745224475,2.3566854606940053
horp1239,sino1245,-2.883129073119604,0.0313480776948296,0,-0.9190287326119999,2.353811097713585
suba1238,atla1278,-3.871972207703363,0.03334226356824977,0,-1.9239757497149998,2.38547384205313
sude1239,aust1307,-3.4001553031778524,0.026233209958038718,0,-1.9529156270785,2.32424032683441
sumi1235,sino1245,-3.462131661597656,0.03634923393068562,0,-1.0304087762015,2.395423270770935
mari1426,aust1307,-2.5931394546139455,0.02011481585781017,0,-1.85942170324725,2.323563256958125
sunw1242,sino1245,-2.5276587101565284,0.01847745966623189,0,-1.34938865545075,2.3894548148325647
supy1237,atla1278,-3.211176070538104,0.033274303782860636,0,-1.99740788025,2.44148277254146
surg1248,ural1272,-4.9342537107461855,0.12506288307191807,0,-2.50266160112175,2.86654324274157
surs1246,aust1307,-3.206107210704106,0.020489784794498055,0,-1.91547779165075,2.33226588980824
swah1253,atla1278,-3.8553676806577784,0.03599697339662572,0,-1.9296190598607499,2.37660162908296
swed1254,indo1319,-3.270517474963145,0.02758561731586279,0,-1.5130280276149999,2.5424142624796398
taba1263,nort2923,-3.7282389190154452,0.11108065889493501,0,0.64412739582,2.611082329727555
taga1272,aust1307,-3.633739559780088,0.015280136948164907,0,-1.921724317199,2.346644937000945
taha1241,afro1255,-2.570962469166385,0.009438229361039616,0,-0.7869394673250001,2.483233477897255
tahi1242,aust1307,-3.5358796053077675,0.032662319089050616,0,-1.816274416605,2.298405117118385
taia1239,taia1239,0.9221917622293414,0.05900884799392512,1,2.1858152118499996,2.4999337110448554
taku1257,aust1307,-3.8029311272776676,0.029816114350702357,0,-1.8921482915225,2.3039163287458697
tali1259,aust1307,-3.82326523025927,0.038801219371156395,0,-1.897529730819,2.3249860956113597
malo1243,aust1307,-2.804423479011443,0.029423668227074578,0,-1.852069727465625,2.329402886933395
tama1365,afro1255,-2.77925149316233,0.019460967887942573,0,-0.7905563448902251,2.479296242456625
tami1289,drav1251,-4.628649350556177,0.08739840930106733,0,-2.8458363615025,2.99999758154982
tane1237,aust1307,-3.6920983399778793,0.04973271914292438,0,-1.87361359329525,2.332535231041775
tang1377,sino1245,-2.271349845877098,0.07012758641326683,0,-0.77690689853225,2.358689086003465
tani1257,tuca1253,0.2281586402589783,0.03614489047845024,0,2.21376113864775,2.47015863831128
tara1313,sino1245,-3.298866059195055,0.023707958516605867,0,-0.80619996610325,2.36348003830033
tari1263,afro1255,-2.672300257870517,0.02097670318455471,0,-0.75827381484325,2.47376137508633
tata1255,turk1311,-4.4439585738910665,0.09018547099430423,0,-2.199821008146,2.77778882023335
taul1251,taul1250,-2.3987188165530684,0.09122087044491475,0,0.879024415575,2.624678930402315
taus1253,taus1253,-1.8642601663597709,0.14550801417836368,1,1.357508222785,2.5736171978741202
taus1251,aust1307,-3.4689858218064105,0.035371305995316314,0,-1.7690691333615,2.31042818570396
diga1241,sino1245,-3.059205429035491,0.01887017747109195,0,-1.08604931575575,2.3840216318639946
tean1237,aust1307,-3.7037353495480705,0.05306652381676931,0,-1.8739036872125001,2.3289764988217048
teda1241,saha1256,-3.4430871332040915,0.08940899091209493,0,-2.805871182455875,3.161561150830965
tedi1235,sino1245,-3.1089386062198394,0.029393791185821073,0,-0.7598996716669999,2.3408362807666103
tehu1242,chon1288,-3.0427037680500555,0.10957920361970318,0,1.3307458630975,2.59847261742093
tekt1235,maya1287,-2.6315970756199807,0.020462505752949497,0,0.88915970019775,2.520845615172015
tema1239,utoa1244,-2.4157147799758345,0.019543696571585594,0,1.7971661677785,2.37889193680393
temi1246,aust1305,-5.131411295639608,0.08005473255000277,0,-3.3052038243682498,2.77190015312482
teng1272,aust1307,-3.646315080738635,0.03560733809734741,0,-1.9508006983235,2.334585909198795
tenn1246,surm1244,-3.6890573278790812,0.09437716848785642,0,-2.8044966697285,3.02830101678042
teop1238,aust1307,-3.5889069734337027,0.024794642925720988,0,-1.9228556636825,2.3171008199228202
tern1247,nort2923,-3.684887747031893,0.11404674142508076,0,0.674094449193,2.61864762744491
tete1251,utoa1244,-2.4678237892531807,0.02132262665902529,0,1.8132319106235002,2.379023013959765
thad1238,sino1245,-3.3033406183780096,0.03524129918945335,0,-0.74913162648541,2.3395499530489348
thak1245,sino1245,-2.59008920820113,0.031036233597045236,0,-1.3934216748,2.398937238163015
than1259,sino1245,-2.2744557494812385,0.024924467831721777,0,-1.408886519075,2.406188538769605
thao1240,aust1307,-4.101788344573276,0.017452843473270672,0,-1.956758910245,2.411923810324555
aheu1239,aust1305,-5.235463886294014,0.10902953607590615,0,-3.2809694104775,2.7512312507142846
thul1246,sino1245,-2.9534295535127573,0.017948854556657113,0,-1.3421324746295,2.396978450977095
tibe1272,sino1245,-3.2345300549576894,0.05115393785361199,0,-1.1224544496535,2.3778440184967398
ticu1245,ticu1244,-1.8747551236518296,0.12484904056462531,0,1.3651831766967502,2.58009367789489
tief1244,atla1278,-3.357070224074485,0.03616598500615642,0,-1.9754550526798251,2.43542506326257
tiga1245,aust1307,-3.3578193804434147,0.031022758845188708,0,-1.884148786746,2.32955179121854
tika1246,atla1278,-3.076579180388893,0.02921807102507734,0,-1.902153141935,2.47945366158801
tiko1237,aust1307,-3.260154217503118,0.02928436616616108,0,-1.9125381627425,2.30120979245633
timn1235,atla1278,-3.4788043160588344,0.04061017873195576,0,-1.9784012838852498,2.5128953796693603
timu1262,aust1307,-3.5689543922312628,0.031343034464459546,0,-1.9750113171535,2.3613822983535897
tina1248,aust1307,-3.6575938132300685,0.03430843535753809,0,-1.9891510575900249,2.35423999803801
maee1241,aust1307,-2.666585668618365,0.02749659302421199,0,-1.8207970978944998,2.32483675596377
tiri1258,aust1307,-3.1054859011190423,0.05616165200099326,0,-1.8262102501192499,2.31736931587261
tiru1241,aust1307,-3.5771787961652355,0.020500123326359743,0,-1.9561037348880501,2.3373992833012798
tita1241,aust1307,-3.2571731684882677,0.04560028431267656,0,-1.9380531245825,2.348693066189655
toab1237,aust1307,-3.8683284750899376,0.03371253951789863,0,-1.9194874149395251,2.3434896348093703
toar1246,nucl1580,-2.0417441942701515,0.10598881600438323,0,0.52246420215,2.596735406175315
toba1268,leng1261,-3.188340217329756,0.12095739464527452,0,1.50725853237725,2.60134369518474
tobe1252,nort2923,-3.7636152324014542,0.11111371310607548,0,0.6292806429519999,2.619874191099575
toda1252,drav1251,-4.686820301852687,0.0837283425932526,0,-2.8359550763242503,2.98376882343576
toho1245,utoa1244,0.14713077664417296,0.049539774768465404,0,2.0885372358152496,2.36981673363725
tojo1241,maya1287,-2.6533290951008754,0.01431511653234179,0,1.0439233846687501,2.4804541248795253
toke1240,aust1307,-3.7092201957885953,0.035389089334690996,0,-1.9176099954492,2.3067362313649946
tong1325,aust1307,-3.6073285999459594,0.049585632591276886,0,-1.8998487508780002,2.308207660390175
tong1318,atla1278,-3.5014567478016416,0.032831221334209855,0,-1.85382898398,2.3725792176630947
toor1238,atla1278,-3.7818358081914285,0.039344980531153755,0,-1.9223518091365,2.362887964386805
tora1259,aust1307,-3.806131453124839,0.02887830727115602,0,-1.93515668930575,2.326618391847485
tote1238,atla1278,-3.559268362667324,0.032574933794356505,0,-1.854146552774,2.3781003922216097
toto1302,sino1245,-3.1016821395678766,0.03431029505641708,0,-1.10345233849325,2.40540244207964
touo1238,touo1238,-2.999330275393425,0.12523698823572305,1,1.211636830545,2.6527069812340196
trio1238,cari1283,-2.464395997109934,0.04191615470117609,0,1.33283922985675,2.50021723226542
trum1247,trum1247,-2.5605647978388797,0.11998509775177002,1,1.3992334024675,2.554669985812755
tsam1247,afro1255,-1.5057865677726605,0.023136452576982294,0,-0.960906911145,2.3773731959188
tsat1238,aust1307,-4.863841408931524,0.030479803404331936,0,-2.0000130498395,2.35164529473309
tsha1245,sino1245,-3.336442506703184,0.04883408033835058,0,-1.22270674569525,2.397124600958795
tsix1234,khoe1240,-3.547899791603705,0.08623047031841374,0,-2.7249989054575003,3.2554283539274502
tson1249,atla1278,-3.271111779656339,0.03270413714095683,0,-1.8729885374325,2.37790002018116
tuba1278,utoa1244,1.1718998207038327,0.03258109366631265,0,2.60136112015,2.370469679599225
tuka1248,aust1307,-3.4219222838159684,0.004607227221126126,0,-1.8802821299125,2.34646628635162
tuki1240,atla1278,-2.9337166284100586,0.022520133004047014,0,-1.837544035273,2.4096719973094647
tula1252,atla1278,-3.0848719425460347,0.04127478186172533,0,-2.0172657158125,2.434236775867375
tulu1258,drav1251,-4.668301725694901,0.08608671700673791,0,-2.829256869593,3.01989803900845
tuml1238,aust1307,-2.687641699587359,0.022656481267620484,0,-1.96271033856425,2.324502139694625
nene1249,ural1272,-4.71179602481732,0.09282461111485077,0,-2.4813640358442504,2.872421658109535
tung1290,aust1307,-3.2402001900724633,0.02421042152227801,0,-1.882109496215425,2.335245127551355
tunn1238,afro1255,-2.5595338225334867,0.02573016464386801,0,-0.932994239530475,2.377128801241445
turk1303,turk1311,-4.370284507428938,0.09549747737146139,0,-2.2067682737995,2.76111322895053
nucl1301,turk1311,-4.3658470134419165,0.10308965139085789,0,-2.19504516431925,2.7544252911518647
turk1304,turk1311,-4.373960427766677,0.09703752061446377,0,-2.193734225495,2.758579491772085
tusc1257,iroq1247,-3.6117391703993125,0.11195252454749564,0,0.8091281762225,2.556139427122025
tutu1241,aust1307,-2.9242434371271315,0.043932714446291474,0,-1.854660936225,2.32379992891279
tuvi1240,turk1311,-4.436566030047382,0.08523059610677616,0,-2.1968108830821,2.7488800925597
tuwa1243,aust1307,-3.6775080961240976,0.012484523696094272,0,-1.9936496926924998,2.3547007818034302
tuwu1238,atla1278,-3.640463235998606,0.04831844480842615,0,-1.712766111313,2.42136930827184
uuuu1243,aust1305,-5.270894505572905,0.11437453575442688,0,-3.3316186435299997,2.75161874923503
udih1248,tung1282,-0.08682976294580325,0.04489911968884794,0,1.254321801195025,2.507584941143315
ughe1237,aust1307,-3.91806638679605,0.03556863974326127,0,-1.9225786127000002,2.340567846452115
ugon1239,sino1245,-3.3436012291714494,0.04211411906614345,0,-1.06595969801,2.37742963542442
ulch1241,tung1282,-1.745227576773928,0.019861146245332525,0,1.086916548575,2.51048532127576
ulit1238,aust1307,-3.6647281271852803,0.022790222937555473,0,-1.8095739185055,2.3057437634294704
yaul1241,kera1258,-0.2122252929607131,0.027073565866286342,0,0.51045262153575,2.61724905991069
umbu1258,nucl1709,2.0631034030117705,0.03938601065344825,0,3.1628655783125,2.36614721791773
unua1237,aust1307,-2.478307207765103,0.02785048264110207,0,-1.70665390942075,2.29993737157947
uppe1275,toto1251,-3.991518584636766,0.13010285667456825,0,1.3160138439575,2.547244146069855
urak1238,aust1307,-4.834491390809629,0.013272724542643496,0,-2.0146356416225,2.351874594626225
urar1246,urar1246,-1.3464927372004107,0.12684067244472197,1,1.1419364677292498,2.59417670965351
urav1235,aust1307,-0.36981019795409303,0.05687395219636372,0,-1.4666126035737501,2.30305328075102
urim1252,nucl1708,-2.8450440672803388,0.1252273932549317,0,0.6745810766825,2.606970125627595
urip1239,aust1307,-2.6191991301185,0.02768134600395321,0,-1.72409215851125,2.3029681661589
urni1239,giim1238,-3.5094999150607897,0.1244142321350842,0,1.1900254848824998,2.5979304765842253
utes1238,utoa1244,-0.4148173606419341,0.042840361023645766,0,2.39507988186,2.38227356149846
pile1238,aust1307,-3.8062154890752353,0.04871126603778381,0,-1.916140496455,2.3106858067729403
veps1250,ural1272,-4.702260069905393,0.09254701196301067,0,-2.564498982666,2.859575465530595
vera1241,aust1307,-3.335385182710312,0.054632306885501226,0,-1.856084419395,2.32020863347716
viem1243,atla1278,-3.382674699076483,0.029374045319579524,0,-2.0206255328025,2.45079698373838
vunj1238,atla1278,-3.945042011278634,0.026187596612137237,0,-1.90162261744225,2.37441600881142
vure1239,aust1307,-3.325682628010152,0.05338227117466971,0,-1.85271252556575,2.319197118775135
vwan1235,atla1278,-3.4910736428664846,0.031130155496288104,0,-1.9046421819794999,2.37935472872356
wadj1254,wadj1254,-3.5067713355651513,0.12066948782225315,1,1.3207685111165,2.628313706293675
waga1260,pama1250,0.7552373809003805,0.0556029583488064,0,2.47576673384,2.4166248592771202
wage1238,wage1238,-3.4954542598233873,0.12677258910234943,1,1.2025966137475,2.635712317946035
waig1244,aust1307,-4.202498779380961,0.02006863333684497,0,-1.9002620937675,2.350365099444005
waim1251,aust1307,-2.0269147144325306,0.023788343122959334,0,-2.0278049552099997,2.31307257345525
waim1252,aust1307,-3.1047409844305354,0.017950580772734294,0,-1.77201390773675,2.332096144949515
waiw1244,cari1283,-2.4051517537366425,0.04362495647756569,0,1.33750859455075,2.4984230091342754
wala1266,aust1307,-3.7253354537748504,0.025833846065511597,0,-1.91824992607,2.3378885011845902
wamb1257,sino1245,-2.7641717379568957,0.01902477152932122,0,-1.343587479774425,2.39710867106364
wand1278,afro1255,-2.396051423269558,0.025895217489603314,0,-0.5317805758,2.39341170721903
saka1289,aust1307,-3.1459830356621596,0.05246470917722547,0,-1.85847836401375,2.32758276567928
wara1303,wara1303,-2.3023452143373175,0.0910300291026724,1,1.127813178312,2.597722710234045
ware1255,araw1281,-2.1816004064799515,0.09511258100125741,0,1.1715285367475001,2.572842799552145
ware1253,aust1307,-4.239994912814738,0.03765541449764925,0,-1.919833161988,2.360701885340915
wari1268,chap1271,-2.8441670312416667,0.132742339130194,0,1.5376141770715,2.567261046225875
warj1242,aust1305,-4.792893065280664,0.0746931491132465,0,-3.3268253746175,2.75420650724447
waru1265,pama1250,0.7709153454729478,0.03792060847783161,0,2.8462653341635002,2.37211648417536
wash1253,wash1253,-1.8314426061235471,0.1315279181098974,1,1.2248730686673248,2.571822459180365
wawa1246,atla1278,-3.1839753387307246,0.03632810844988482,0,-1.9121037169005248,2.4657871977715153
waya1269,cari1283,-2.425999666342517,0.03666638603720204,0,1.329143422661,2.5015713959936
wayu1241,sino1245,-2.7653114073166307,0.03345131641278863,0,-1.3495859825349998,2.386461840728445
weda1241,aust1307,-2.5117132549598558,0.020949579587528244,0,-1.815475038814725,2.3147049969749753
wels1247,indo1319,-3.5341938297637565,0.017456707569486044,0,-1.488707502324,2.5569555528125347
weri1253,kuni1270,2.214862459593946,0.09250169907490392,0,2.539460379545,2.4763782698342798
west2548,aust1307,-3.0850297889002922,0.03690463468580066,0,-1.8926255401342251,2.33926642347644
west2615,atha1245,-2.541945243642029,0.15522667446426333,0,0.45012371433,2.53187523811298
west2397,aust1305,-5.286954448058664,0.10916045779950041,0,-3.329476708915,2.73863184059243
west2618,eski1264,1.6291066246833523,0.08775887411848998,0,3.0905707452812496,2.486877421529755
west2650,aust1307,-4.829796878191148,0.02588545064601137,0,-2.00720744307025,2.346930157728875
west2594,nucl1709,0.11919674798848584,0.044017369797142235,0,3.3282424963075,2.34611638111856
west2778,utoa1244,-1.4444811289060633,0.04158516886639269,0,1.7828527019006999,2.378872659585395
west2519,aust1307,-3.131589691158343,0.04975055528718994,0,-1.888322441765,2.31713285167412
west2354,indo1319,-3.3803111813580253,0.02676350490378789,0,-1.5160137774634999,2.53399664032964
west2644,otom1299,-2.6676458227222968,0.037440339366949994,0,0.7048200399325,2.53430829148696
west2466,atla1278,-3.2043769736985475,0.03562560219113161,0,-1.9803784823,2.45567360727704
west2632,kere1287,-2.025814600102292,0.1450929187180777,0,1.32955450113125,2.535161678451055
west2396,aust1305,-4.986695344614191,0.11146924398075263,0,-3.3286062804755003,2.75713404802591
west2418,sino1245,-2.5742411356181116,0.03586433524806755,0,-1.18817488795925,2.39391744630466
west2392,ural1272,-4.714267632166544,0.10067733540411695,0,-2.5368369675125004,2.864471857172375
west2763,afro1255,-3.004034724562343,0.03253881528692957,0,-1.0482103828775,2.503933300625555
west2557,aust1307,-3.567850773969316,0.039552598801643274,0,-1.92694000968,2.34624460899761
west2415,sino1245,-1.8223442201994704,0.05441173204783035,0,-1.4099949839705,2.4103003698802947
west2430,hmon1336,-4.4338476685693236,0.09805574755775111,0,-2.4984538140400003,2.76836941199376
west2600,nort2923,-3.6917171408493665,0.12141133202638771,0,0.7139250042480301,2.6250151371283748
west2516,aust1307,-2.6830071641636843,0.05840581813214089,0,-1.924299063625,2.30964548302111
whit1269,aust1307,-0.3351762140956518,0.05490283169545402,0,-1.4918406495752499,2.301510350841265
woii1237,aust1307,-4.448786219080008,0.03544495155727876,0,-1.9056623343074999,2.3465919891540903
wola1242,gong1255,-1.244750089554627,0.029954506575511856,0,-1.1993104465000002,2.501745308212045
wole1240,aust1307,-3.6231214078089873,0.020410359568775287,0,-1.8133383141625,2.3049781383005596
woli1241,aust1307,-3.601932049777092,0.0460567330222909,0,-1.9250794831215,2.36197524597023
wood1236,algi1248,-3.922400888625522,0.12520350633961888,0,0.30578801425125,2.5198166511296
wotu1240,aust1307,-3.0453685340347723,0.0210036637331364,0,-1.9376082502799998,2.3485161099797
wuch1236,sino1245,-3.5033844066514486,0.02704222681178833,0,-1.2895756442815,2.420600867212425
wusa1235,sino1245,-3.777678145900035,0.04674849927446321,0,-1.072504864628,2.368894264820055
wutu1241,sino1245,-2.9436631830841637,0.029614254878229464,0,-1.29516520333925,2.419465390657805
xamt1239,afro1255,-2.426995425973364,0.033780274751092285,0,-0.9305802278985,2.41069331025952
xara1244,aust1307,-3.0378920684950605,0.057526144688182776,0,-1.82439067357,2.310310873252
xava1240,nucl1710,-0.5730953251880138,0.025832781753607554,0,2.161705152713875,2.47561764610984
xish1235,sino1245,-3.580299187017742,0.02479743538940185,0,-1.0589407288295,2.38772550807699
xokl1240,nucl1710,0.6763868411809666,0.06066140401789728,0,2.282523068395,2.489187664966345
yaak1241,afro1255,-3.013650891520067,0.049061481336771504,0,-0.94398014731625,2.3802538680899303
yaey1239,japo1237,-4.481126726839642,0.10836199684636535,0,-2.2177068564172497,2.84264447454263
yaka1277,aust1307,-3.5920392422947494,0.03481666898775228,0,-1.9487550789615,2.37556105052204
yako1252,atla1278,-3.746421806948051,0.03133640276730653,0,-2.0249539550385,2.4412915496574747
yale1246,yale1246,0.8181973947477958,0.0633679915445325,1,2.33136825597425,2.525358831448875
yami1254,aust1307,-4.071388924237986,0.02178064194386568,0,-1.9899720533925,2.35097713212441
yami1256,pano1259,2.8753351195152472,0.07317173032204471,0,3.930510979285,2.467602700339755
yape1248,aust1307,-3.842853567813622,0.01993213487632363,0,-1.9005216133205,2.327347838721835
yaqu1251,utoa1244,0.7524024351973382,0.040764425446886396,0,2.07484126002425,2.37227175186372
yare1248,yare1250,-1.5351568339656274,0.08994612462298855,0,0.410213381719,2.635972749081485
yatz1235,otom1299,-2.8729073495720363,0.024971796399142335,0,0.7152344439425,2.533141113397895
yaum1237,nucl1709,2.1635493536259625,0.03366572040885914,0,3.59438825361025,2.364778870016325
yawa1260,pano1259,3.0843484502283562,0.07961894570972194,0,3.93429271718,2.4716062981211397
yawu1244,nyul1248,-3.294779434246339,0.16555192756499978,0,1.1930260741675,2.64473184815934
yele1255,yele1255,-2.55445517215231,0.10578025283812927,1,1.161669561949,2.64165215084048
yems1235,gong1255,-0.8963853917929299,0.026523891633333647,0,-1.5457560935224999,2.55460691938245
yapu1240,nucl1708,-2.9214081383402677,0.12873245732403535,0,0.6924688402125001,2.592246030249295
yind1247,pama1250,-0.061931914412419006,0.050469432235020026,0,2.667626188023,2.358099232881025
yoga1237,aust1307,-3.8087226325839723,0.03453545297706802,0,-1.9804575415882502,2.3651088934387348
yona1241,japo1237,-4.297916536952075,0.07489052550643988,0,-2.2104371212085,2.848919316162795
yong1280,nucl1709,2.173759627084409,0.04315855899005985,0,3.4131829744475,2.3616010898787696
yora1241,pano1259,2.5951494534245683,0.05839772077093237,0,3.9326285995,2.469802292484665
youl1235,sino1245,-2.903913377819099,0.04061802857855205,0,-0.957286242237,2.346684322273445
youn1235,hmon1336,-4.517768117157514,0.09317163523142953,0,-2.494444527306725,2.75453057348086
yuca1254,maya1287,-2.793299798868258,0.04115104320539761,0,0.9323733202565,2.514370394453655
yuch1247,yuch1247,-2.64577431656048,0.14158556371341463,1,1.3630105444854999,2.568082250630395
yulp1239,pama1250,-0.891897492261108,0.060234202642493705,0,2.619351179357,2.361911380628435
yuqu1240,tupi1275,0.616955807507493,0.041079089677420376,0,2.99689169933725,2.4081848269385446
yura1255,yura1255,0.8354101528559774,0.07458077584433631,1,2.10081501755875,2.54965560979598
gami1243,pama1250,-1.7135007150295567,0.0407708004389972,0,2.0925927807019997,2.422143274247275
zaba1237,aust1307,-3.902622131371028,0.041031067955366804,0,-1.93776585889225,2.334956004688515
zaca1242,otom1299,-2.68872158538546,0.0230671948158619,0,0.7064412039995001,2.5320489438478297
zaca1241,utoa1244,-2.487748581774614,0.029870509239692984,0,1.87109281970385,2.3845936965130647
zaiw1241,sino1245,-3.457946207841319,0.02941919200032288,0,-1.0700061307452,2.36060088142259
zamb1245,atla1278,-3.5291797383473265,0.04019436540288468,0,-1.872256521214,2.40110369576598
zani1235,otom1299,-3.1315674223489496,0.02011065737298317,0,0.741082609606,2.5324008487691847
zarm1239,song1307,-3.6473783227210443,0.12204392823146237,0,-2.4060341475925,3.1453645157503747
zays1235,gong1255,-1.3609251138893357,0.025119338990143944,0,-1.4644492354525,2.52355926918277
zeme1240,sino1245,-3.350016570023445,0.03102937781815855,0,-1.02243257800675,2.383636783522155
zoog1238,otom1299,-2.866678388183839,0.013364224064704673,0,0.720301515042,2.54762478891917
zuni1245,zuni1245,1.049950333761918,0.04438627908765305,1,2.225085058251,2.53572222620201
