Glottocode,Family_ID,GPGLMM_3D_Mean,GPGLMM_3D_SE,Isolate_Flag,Verkerk_BRMS_Mean,Verkerk_BRMS_SE
abad1241,aust1307,-5.81310416115817,0.021492683266990338,0,-7.606192006085,4.30405505184636
abee1242,atla1278,-6.74694896938767,0.024125788943286014,0,-12.3501607928,5.83627989916788
abkh1244,abkh1242,-2.083664137528541,0.016737966800311165,0,-2.1766617543119997,4.152729698272434
abua1245,nucl1708,-2.723117393074674,0.033646379318299544,0,-3.8470241175825004,4.52887867559131
abun1252,abun1252,-3.8051368306145124,0.0443520069017787,1,-3.8645579034425,4.80382026703929
achi1257,aust1307,-7.049560750725613,0.032060613651299814,0,-7.36438060342475,4.295739012115305
acha1250,araw1281,-3.6841147293453593,0.010534130662931185,0,-5.8077951832275,4.419230285979565
ache1246,tupi1275,-4.449259788489019,0.012578045463385616,0,-6.027926103715,4.45228082662989
ache1245,narr1279,-4.4245897722058185,0.024976547336550914,0,-8.184754627025,5.986626998517416
achi1256,maya1287,-6.045997671651403,0.024003663857665242,0,-5.25908017809445,4.787635720106785
achu1248,jiva1245,-2.868690536667181,0.035096651340612836,0,-5.071508317365,4.502910272819705
achu1247,pala1350,-2.5246292840602145,0.01019678859699716,0,-4.8822101224605,4.90919481125011
acol1236,nilo1247,-4.686552268894472,0.03484712616938292,0,-7.14246177232925,5.323651262647379
adan1251,timo1261,-3.545252772282188,0.020628825894930702,0,-3.37124329298,4.80699219997801
adon1237,aust1307,-7.04382726276483,0.03754567648763858,0,-7.438873238899999,4.326796462133585
adze1240,aust1307,-5.099840520092238,0.017423723159830786,0,-7.5983297007325,4.28833304307813
aeky1238,kamu1264,-2.698617014509433,0.03072037447323433,0,-3.58050151595,4.672458753066135
afad1236,afro1255,-5.9323466566146426,0.026120819148953943,0,-5.064500312845,4.30691575504
afar1241,afro1255,0.0736691507824116,0.01890780314482068,0,1.1620057378835251,3.58487140326536
aghe1239,atla1278,-8.278081690377949,0.03226484286505187,0,-12.263820442675001,5.89395904935278
aghu1255,nucl1709,-2.979517025217429,0.04240724764793009,0,-3.1552687931675,4.18137498380099
agob1244,paho1240,-2.812340809606712,0.02893067250385913,0,-3.81026382271575,4.63296288218944
agua1253,jiva1245,-3.1398333626499237,0.015252086486261867,0,-5.0576114032075,4.50432737662314
agus1235,aust1307,-7.987220183873,0.027607136040721784,0,-7.4087122671175,4.314736345467624
agut1237,aust1307,-8.00878501746391,0.02896128438830687,0,-7.3744679757075,4.311635974307265
aika1237,aika1237,-4.370388159921308,0.01832909933324187,1,-4.265693851775,4.721234095497454
aime1238,bosa1245,-2.464022428438815,0.03755591322677326,0,-3.3862222232775,4.641049136314405
musa1266,nucl1709,-3.1330264960049465,0.012356408203369302,0,-4.07171201826575,4.359799443689415
ayiw1239,aust1307,-6.340555825822588,0.020457884411949987,0,-7.4482181264225,4.34166800472123
ajab1235,atla1278,-8.307563365480474,0.02232850092481056,0,-12.348709423775,5.845259764882255
ajas1235,kres1240,-5.310234227764932,0.02805369415345129,0,-8.80981992609,6.150151352179595
ajie1238,aust1307,-6.801053292916679,0.027315772101733426,0,-7.5351959972675004,4.306285177814855
west2635,maya1287,-6.119789276262608,0.024188855635803412,0,-5.24104941539,4.8546667349402295
akei1237,aust1307,-5.591178028503823,0.01818820391013081,0,-7.600198207075,4.28520329247308
akha1245,sino1245,-4.000921890908461,0.021836412091498402,0,-3.2967239429132498,3.639724714593495
akoo1248,atla1278,-8.214061925099077,0.017094479448229997,0,-12.398770143,5.846641747514525
akun1241,tupi1275,-4.356471122884802,0.027457962695440458,0,-5.89296838149075,4.483737262151575
alab1254,afro1255,1.9145257109415246,0.02894107509337873,0,1.84023242751725,3.574875763814985
alab1237,musk1252,-3.7245843843427107,0.008594647195087683,0,-5.2397386342515,4.72246835879943
alac1244,otom1299,-6.297502690845104,0.024046772164610684,0,-5.63683365559,4.75106217663761
alag1248,afro1255,-3.9168551688111295,0.025220401132198044,0,-1.0589352392325,3.701640878086935
aleu1260,eski1264,-2.4759370283815425,0.017147729022047174,0,-5.36615789941,4.9096960139405805
alor1247,aust1307,-7.167352823008525,0.023686741559991224,0,-7.449572084085,4.3117828507443505
aluk1238,drav1251,1.5581233120143405,0.03784138190871874,0,1.7441514345025,3.609421622682235
alya1239,pama1250,-3.926483359433048,0.026477600171855718,0,-2.2358008814300003,4.27739685288911
amah1246,pano1259,-4.203003606998711,0.012183517848240115,0,-5.67449718376,4.3272190964011195
amam1246,kuni1270,-2.8721846667276933,0.019303752984694965,0,-4.2470206558075,4.639258766452465
amap1240,left1242,-2.682742361829482,0.02061185019898796,0,-3.4883639299115003,4.618474328702765
amar1272,aust1307,-4.898135458587378,0.01555363333196289,0,-7.651158544,4.27747924542407
amas1236,nyim1244,-3.314811775527784,0.025725659254856426,0,-8.56296250885,5.946543305874375
amdo1237,sino1245,-2.2804220599103244,0.04886816373203716,0,-2.637684729775,3.59976986659393
amii1238,west2434,-4.727260179048028,0.0427806447150516,0,-3.5176670279125,4.8419681537802255
amis1246,aust1307,-6.298967252201072,0.027578352219884552,0,-6.705864184885,4.4748506214187795
hoaa1235,kxaa1236,-3.0396409395225175,0.04112830589634124,0,-4.463049939105,4.720587411831155
amri1238,sino1245,-1.7182888663424984,0.02386754939721164,0,-3.142146769405,3.737903296450035
gily1242,nivk1234,2.985843625172225,0.013707120871258615,0,4.3096230150874995,4.8058210690572
anei1239,aust1307,-6.855899238287046,0.027105339883419257,0,-7.55376483785,4.284780037129799
anfi1235,gong1255,-0.11862950885905825,0.04083472763446694,0,-0.942577142105,3.663249871626205
anga1290,anga1289,-2.150782619038253,0.020682395801875055,0,-3.61619988177975,4.71467179262989
anga1288,sino1245,-2.2959548250149684,0.02232223198165729,0,-3.604656572859,3.74032600704202
ango1257,chib1249,-3.761501905889008,0.010960547326419295,0,-5.53924808214,4.46676169127141
wara1294,more1255,-0.8591661013481023,0.03666570535303084,0,0.907443232642,4.006545554069611
anta1255,aust1307,-7.145383654044383,0.034764614315584225,0,-7.387029846855,4.334622680290985
anuf1239,atla1278,-6.9792025527237485,0.020290623439022784,0,-12.341051365135,5.83143369255573
anuu1241,sino1245,-2.838723639371547,0.0348154345967125,0,-1.88370868708725,3.666157726815695
anut1237,aust1307,-6.566848928067834,0.03014528554540067,0,-7.59862217821,4.2751140206566856
aoua1234,taik1256,-4.118172207139317,0.021920587494867902,0,-4.419516352215,4.4011078939782
apat1240,sino1245,-2.0496225734924263,0.04411328187020261,0,-1.670138596601,3.57235557764857
apin1244,nucl1710,-4.20063038051342,0.008101794146370382,0,-6.147764019015,4.590668257419405
apma1240,aust1307,-6.726787402029416,0.03280068248551605,0,-7.566165338495,4.28299001627404
apma1241,kera1258,-3.536819123085788,0.04114903985880964,0,-3.1690968597499998,4.774521377503355
arak1252,aust1307,-6.666258811335961,0.026808180748133112,0,-7.5945099283,4.278119202490686
arao1248,pano1259,-4.150010648283889,0.008262065406220955,0,-5.455982810255,4.39775102452885
arap1274,algi1248,-3.8596287775662907,0.014720510388335759,0,-5.481258858835,4.703592146366315
araw1273,tupi1275,-4.302380350480691,0.010646436062182907,0,-5.971013972375,4.478141718316785
arbo1245,afro1255,-1.4158204312143483,0.015246880575511039,0,-0.986649303765,3.58960440952717
arch1244,nakh1245,2.646650220717984,0.01067138558832717,0,4.171587185057749,3.996595205150515
aree1239,aust1307,-5.539072666802856,0.02532368725841271,0,-7.5837446102575,4.2963523005157604
area1240,aust1307,-5.911623669049758,0.028601346953063784,0,-7.5645293029105005,4.2728344001420595
argo1244,afro1255,1.5805234304176596,0.030878492321405698,0,1.2955532687467501,3.74438830287168
arhu1242,chib1249,-5.597901385393318,0.02846572367357253,0,-5.5386437254875,4.4549311376297105
arig1246,atla1278,-8.342323953091404,0.01852994803154429,0,-12.2870627921175,5.894044255460125
arom1237,indo1319,-4.214894114953794,0.03153616417047287,0,-3.6627610382775,3.989285448159565
arop1243,aust1307,-6.0835708082256525,0.017101486887513603,0,-7.6016307990725,4.31086534812892
arop1242,aust1307,-7.0751374228079955,0.019671230367903747,0,-7.5246384117375005,4.3186631995604
aros1241,aust1307,-6.013135890227846,0.01733066338510096,0,-7.538576741649999,4.299405100013055
arta1239,aust1307,-7.346831095224477,0.0325098618476046,0,-7.431477635565001,4.316550335988825
ashe1272,araw1281,-5.331147552863941,0.03569834278950238,0,-5.585405748115,4.52496831776079
asoa1238,cent2225,-6.067998292293588,0.04647952966652377,0,-9.404057468074999,5.507178011744445
assi1247,siou1252,-3.8306497914312145,0.010671833493692901,0,-5.1939768769875005,4.775528888310911
asur1254,aust1305,2.3432214719749123,0.01691621572869324,0,1.458577576204,3.576035122412085
asut1235,atla1278,-5.817559284753296,0.02881952093867022,0,-12.374046126204998,5.780825362625625
atam1240,aust1307,-8.088129757644694,0.03692199686974313,0,-7.43574771092,4.301765631868021
atay1247,aust1307,-6.080804483362936,0.02551050455375779,0,-6.520470735975,4.497004134972245
athp1241,sino1245,1.216128964564825,0.027237697791415088,0,0.73295257695,3.68945164132186
aton1241,sino1245,-1.0701120799180306,0.017026667438707056,0,-3.282390526998,3.6646181884614597
auuu1241,nucl1708,-4.01521678385166,0.05390116303357986,0,-3.7061555429775,4.61522515636892
aulu1238,aust1307,-6.730477309441388,0.03862388500826729,0,-7.567448397874999,4.295185719687985
auye1238,nucl1709,-3.8326190529512494,0.03589940822390825,0,-2.954465314859175,4.199576335779851
avac1239,tupi1275,-4.162129357166533,0.011998512743124082,0,-5.941736327215001,4.510715923148455
avat1244,atla1278,-6.886381423045693,0.03111592625377006,0,-12.33428034673,5.81374293559499
katb1237,aust1307,-6.718653439093357,0.02478001358748025,0,-7.567360162065,4.3046544184873
awac1239,barb1265,-0.00292244688946855,0.029608765526963215,0,-0.6418203584055,3.889229503133955
awad1244,aust1307,-5.131399692053302,0.027386724343799185,0,-7.6136670448775,4.264083218723615
awad1243,indo1319,2.8598283850035986,0.014587550554896685,0,2.6696918732255,3.765087569972615
awar1249,ramu1234,-2.357071194492014,0.015100324558988304,0,-3.218850372017,4.662074645680795
awar1248,nucl1709,-2.7563993169512484,0.011473355177505957,0,-2.331958690685,4.1666943810505455
awet1244,tupi1275,-3.633608361519302,0.016403843975347016,0,-5.9674250575525,4.489332141414125
awji1241,afro1255,-4.5834039769763155,0.023122912728959676,0,-4.573372977075,4.4462406474367
awtu1239,sepi1257,-2.1833286584838394,0.04463358392916576,0,-1.2383702651755,4.158392906986284
axam1237,aust1307,-6.758644892149981,0.028488375016295326,0,-7.5629197025652495,4.3004357223649805
axiy1235,sino1245,-3.917153430996482,0.01646919560130314,0,-4.4289545253715,3.728240227093405
ayac1239,quec1387,1.3502709313584034,0.008644723643394423,0,2.7696367837205,3.68628301646397
azha1235,sino1245,-3.9860169426538676,0.017558008894916936,0,-4.41675445920825,3.723666424346105
baba1264,atla1278,-8.252991117368978,0.02932824713818646,0,-12.31041530225,5.888428289445875
baba1266,atla1278,-8.250467090742292,0.03334230640950608,0,-12.27575213355,5.910648327347545
baba1268,aust1307,-5.795445552165761,0.02581131182500288,0,-7.50592987965,4.28804799590934
bada1257,drav1251,1.7428571396595003,0.015167824516204947,0,3.2306686419935,3.664325588225605
bafa1247,atla1278,-6.802278429754418,0.01522045784284667,0,-12.4055506684675,5.871936545161585
bafi1243,atla1278,-8.185970449265891,0.0157184520633136,0,-12.3679488889,5.813284138863111
bafu1246,atla1278,-8.266494086298373,0.03103911429217075,0,-12.284334422175,5.901415193555771
baga1273,atla1278,-7.872844104575268,0.01977627459135314,0,-12.2178868271,5.930729746667556
baga1272,atla1278,-6.449247280317472,0.020531180168545105,0,-12.2075844525175,5.925911387443805
bagi1246,cent2225,-7.306133294277117,0.03880292324864854,0,-9.337047479652501,5.565447557053854
bagv1239,nakh1245,2.7031130643738734,0.00800440127438273,0,3.98721020248,3.9997400285396347
bahi1252,sino1245,1.1637240126719814,0.043432971988205456,0,0.0986759024745,3.646354135810795
bahn1262,aust1305,-5.393982250134915,0.025873729507738,0,-3.5998654047017498,3.803000560803825
baim1244,sino1245,-2.623229222629444,0.03294698095302137,0,-2.7292473994702497,3.58827000042381
baka1272,atla1278,-7.957041145734859,0.02560433265258533,0,-12.33371786035,5.832829326480756
baka1274,cent2225,-5.409067310826937,0.03960997408445025,0,-9.340114066325,5.581377349726305
baki1244,aust1307,-6.776322988645988,0.03106258833246924,0,-7.578678916267499,4.289875683257575
bala1316,aust1307,-6.764495446790551,0.03219159195850787,0,-7.5478470304825,4.308771330885685
bala1311,aust1307,-8.241116081077006,0.040278430300519114,0,-7.326802761401,4.306589924447305
bala1315,aust1307,-8.468867498994598,0.025908438698232103,0,-7.3172712146775005,4.334433483796721
bali1278,aust1307,-7.881552842356193,0.026959049152779732,0,-7.398593658505,4.32368520620061
liki1240,atla1278,-7.688404553028759,0.022667441869413774,0,-12.3866619306825,5.783873807105525
bamb1270,aust1307,-8.277189635086343,0.023114089277229865,0,-7.3132914987749995,4.306888154974965
bamb1269,mand1469,-5.469890564900409,0.05249587763126428,0,-11.103414745875,5.949448429332945
bamb1262,maoo1243,1.3872969039834353,0.009987938707756524,0,1.4413098561947502,4.22186023101931
bamu1253,atla1278,-8.216376522941452,0.013273469816088844,0,-12.303535373132501,5.900675112873335
bamw1238,atla1278,-7.691773319000102,0.022625135200051952,0,-12.423975063499999,5.79889516208124
band1344,atla1278,-7.606963685894625,0.024402061001353312,0,-12.37803704325,5.837808062834075
bang1363,bang1363,-5.221509992220841,0.019388487361363515,1,-9.54688507738,6.2788891882292095
bang1369,sino1245,-1.8358967155641173,0.025134935769932094,0,-2.0838226352199998,3.7069562050707052
bant1281,sino1245,1.1993309969966295,0.024320416439607653,0,0.5967903850997001,3.724675862687805
bant1288,aust1307,-7.768500185283221,0.03218026412357726,0,-7.39081056538925,4.31581932010311
bara1357,sino1245,0.327890147222889,0.0273259125638771,0,-0.26386744399,3.578135182692435
nucl1630,koia1260,-4.01709114126197,0.05586558939430367,0,-3.9179309534374998,4.620792721326975
bare1279,afro1255,-5.683019128160734,0.03323213656820833,0,-4.84385768889,4.361604479516035
bara1369,aust1307,-7.565774150965869,0.031574621029613004,0,-7.37251024251,4.308343986655995
bara1361,atla1278,-6.875235446876138,0.024207056645958673,0,-12.3728069307,5.7925933235147795
bara1370,aust1307,-8.26826306811737,0.02957832909461966,0,-7.399832584393,4.335452264408961
bare1276,araw1281,-4.035428102558993,0.010460706623635184,0,-5.750521914395501,4.44922254021193
barg1252,nucl1709,-2.0101970939148215,0.024750117348301025,0,-3.9630664372425,4.380200531525764
bari1286,aust1307,-5.982755192569921,0.028567049930820085,0,-7.60005625504,4.30781814449254
baro1253,aust1307,-6.18401282675645,0.02370966434829539,0,-7.5444065960075,4.299874975558535
basa1282,atla1278,-8.367255955805742,0.017490326702469305,0,-12.3018438562,5.896318150592364
bash1264,turk1311,2.0112748493775987,0.019457356215753455,0,4.87859102520675,3.609079970407845
basq1248,basq1248,-3.8618919495457122,0.021443843653207572,1,-4.377316721505,4.89770465669472
bata1289,aust1307,-7.3976255493610275,0.027895533049100786,0,-7.360552419539999,4.32717213296906
bats1242,nakh1245,2.582604281425887,0.006583602302920573,0,3.7786620048025004,4.05941408274784
baur1253,araw1281,-5.40750116309408,0.024920439611157325,0,-5.613108951192499,4.51926046948351
bawm1236,sino1245,-2.7660109333885616,0.02717757252412614,0,-3.2563681268415,3.72294228504333
bayb1234,aust1307,-7.835508345512213,0.030494922775360814,0,-7.418356165975,4.306271243137195
bebe1248,atla1278,-8.128357111048352,0.01956057430924911,0,-12.3333558055,5.814566657709205
beja1238,afro1255,-2.812846184248368,0.02855541502246219,0,-0.8851860749,3.76614906421973
bekw1241,atla1278,-8.31094903300794,0.021071971216537793,0,-12.3360559372025,5.84510534170686
bekw1242,atla1278,-7.903813721278748,0.022981019475664957,0,-12.365599973750001,5.802558871115455
bela1256,nilo1247,-5.619829426766417,0.025320186795450148,0,-7.1320929904699994,5.34349582083413
bela1254,indo1319,-3.9647180641793716,0.021158588213001706,0,-4.023501811421999,3.9089705697616752
belh1239,sino1245,1.2111397182864507,0.041568057820242456,0,0.7275161344325,3.6727069454845003
beli1257,cent2225,-5.111002999082018,0.03039441035948639,0,-9.365863103875,5.57427278424368
bell1243,sali1255,-4.846851512777979,0.024879986619132384,0,-5.43255315071,4.8762190241389405
belu1239,atla1278,-6.659731961282985,0.030915973199987165,0,-12.4041212700475,5.853397237122515
bemb1257,atla1278,-6.842038009047711,0.04857659145860592,0,-12.3747452483,5.786773949726255
benc1235,gong1255,-0.04299645882506145,0.018787463662554738,0,-1.3881650757175,3.72006172338414
bent1238,dogo1299,-5.286045780821606,0.01640804770064949,0,-10.056702823775,6.181719570827555
zagh1240,saha1256,-5.590777627303507,0.043450966528564144,0,-8.5409490524825,5.988532314513275
bert1248,bert1248,-2.8523647913004915,0.027600302589875537,1,-7.2455931756675,6.341537053202295
bezh1248,nakh1245,2.6521760916062407,0.013022951828106016,0,4.037426282874501,3.9896124154176897
bhoj1244,indo1319,2.7647065902420924,0.022535620631806266,0,2.8994781007675003,3.716071858568905
biaf1240,atla1278,-7.813196721560788,0.015322952117032674,0,-12.1669911339425,5.9788986763064145
bian1252,kuni1270,-3.7684779578387935,0.025665356652268347,0,-4.1655100602875,4.6542188779449045
biao1254,hmon1336,-3.6787955513635486,0.014438235695344142,0,-6.044827926902499,4.325390053896125
biao1256,hmon1336,-3.604926376360714,0.014132948784266573,0,-6.10235710322025,4.285486993356785
bier1244,aust1307,-6.752730661472527,0.029902857642133997,0,-7.5839069884575,4.2617893401099405
bign1238,aust1307,-6.710181581523742,0.0317477498928258,0,-7.5799470263924995,4.30026151351216
biha1246,aust1307,-8.066911058873664,0.025744724780285923,0,-7.40075369405,4.2902410197681
bila1255,atla1278,-6.69138884577316,0.022755324078582842,0,-12.387344119649999,5.778372115786436
bilb1241,aust1307,-5.328250050025362,0.005601590566789313,0,-7.610636512625,4.2609125376751
bili1260,afro1255,-2.1179178318718996,0.03713184625230726,0,-0.1476317198505,3.577955127904085
bimi1240,nucl1709,-2.6108657210867556,0.03821998536813391,0,-3.14297614003,4.161106104530165
bina1277,nucl1709,-2.2202566673093163,0.03642470183944414,0,-2.9847884963425004,4.136773221545205
bini1246,atla1278,-8.309276218897232,0.03943728585411775,0,-12.314343396525,5.90492128105552
gunw1252,gunw1250,-4.808516400278906,0.04144778996018043,0,-3.11753932865,4.731444340116455
birr1240,cent2225,-6.202175212934005,0.046621684055166826,0,-9.2998962528225,5.54586195552567
bisu1244,sino1245,-4.025168988216695,0.01999061868534159,0,-3.66606357282725,3.6760886329041202
bitt1240,aust1305,-4.586238282596707,0.02227883991161116,0,-3.2818603529597503,3.7605748895923954
biwa1243,yuat1252,-2.3622119163705433,0.02423861151023224,0,-3.6248406285247503,4.6645073208001655
blab1237,aust1307,-5.79092046951641,0.023137065047919403,0,-7.5531743016525,4.284175389977426
bang1354,atla1278,-7.579529175026199,0.05992699572202889,0,-12.3539076783325,5.815201485604415
bodo1272,atla1278,-6.921051532610313,0.021700068816381164,0,-12.392538899294749,5.80298707972455
bodo1267,aust1305,1.9580976281381552,0.01641696643800601,0,0.6622454457895,3.5192632178194048
bodo1269,sino1245,-1.9530145803128045,0.029143435266489888,0,-2.84204951305275,3.67132830856249
boka1249,sino1245,-1.5724206420795968,0.01750611621695628,0,-1.6808924655975,3.560568594009215
bola1250,aust1307,-6.122999423409883,0.010358493279601776,0,-7.55611865879,4.312657419862025
bolg1251,atla1278,-7.84372300946913,0.024269494901254948,0,-12.376038681899999,5.810659296406165
chim1302,quec1387,2.0925353362019807,0.015074734027293495,0,3.2140905820927497,3.646835647733095
bolo1262,atla1278,-7.693709710561348,0.028642204995547007,0,-12.382834538392501,5.80686067880149
boly1239,aust1305,-4.638688362882036,0.022796134815652017,0,-3.3942180501525,3.8388229825535
bomb1262,atla1278,-7.718439012205125,0.022161059190956168,0,-12.42084811215,5.795565681006956
bomk1234,atla1278,-7.978407011571516,0.010360604837045345,0,-12.2022406655675,5.92560929084506
bona1250,mong1349,0.7780841982627196,0.020076884227879826,0,3.2646566355375,3.5719369047812553
bond1247,atla1278,-5.800732055779839,0.02736043092913986,0,-12.376499633849999,5.76734039116345
bond1245,aust1305,1.5661271278454192,0.023524228021186852,0,0.429896826015,3.514301638819325
bong1289,aust1307,-8.221835380978389,0.024253273244649674,0,-7.3654380566725,4.3260970369419205
bong1284,atla1278,-7.7570578286894785,0.027171770197147248,0,-12.373487750975,5.79395612585069
bong1285,cent2225,-5.553489418708448,0.04148353395749231,0,-9.37309566405,5.58767150500106
bora1263,bora1262,-2.390873742547999,0.00859547535019481,0,-4.8274795638275,4.57195906436155
bora1271,afro1255,-2.540305528896824,0.015372773637297422,0,-1.0332160393015002,3.558762087163185
bord1248,chib1249,-5.173001530508424,0.038878925633271874,0,-5.546081872995,4.49125394583484
bori1243,sino1245,-1.8720920555580016,0.024319970618712914,0,-1.7839245450565,3.61108662081555
boro1277,gong1255,-0.5032408050780954,0.04150439431470342,0,-1.32878106063425,3.66916043056087
boro1282,boro1281,-3.1965114804665005,0.010406857191231187,0,-4.8435050534325,4.664411343786465
boto1242,aust1307,-7.59067899941703,0.03328829279343863,0,-7.406628764185,4.330752795697615
boun1243,atla1278,-6.8955927583143755,0.028509828539502197,0,-12.378743227713251,5.8353237397877855
boun1245,nucl1709,-2.1658002399535667,0.035318889761427046,0,-3.3811751001382504,4.16277795881462
brah1256,drav1251,0.4210520842486727,0.010809581639287956,0,1.07545771902375,3.76212694214108
lave1249,aust1305,-5.379946437270412,0.02495464443544703,0,-3.612255966725,3.80722284579677
bret1244,indo1319,-4.9026865448444505,0.030972191135770256,0,-3.2962994796875,4.0745104606239995
brib1243,chib1249,-4.7105529381246285,0.01610268361072047,0,-5.5177993702374994,4.468686322285681
budu1248,nakh1245,2.525036781921952,0.006780041294187135,0,4.41068238822,3.9249616040721698
budu1265,afro1255,-5.905666784230137,0.026618352491671105,0,-5.086713569525,4.280286092459585
budz1238,atla1278,-7.407935744825901,0.025738796600274998,0,-12.418008855575,5.811206539217195
buga1247,aust1305,-4.692995496087194,0.026517717387180423,0,-3.39035463661,3.839266033148995
buga1250,aust1307,-5.173248292741443,0.018014191255628444,0,-7.597569695700001,4.287692752649026
bugh1239,aust1307,-4.7100328268800755,0.022290683712083693,0,-7.53865518612,4.2815336687840055
bugi1244,aust1307,-8.248835129954227,0.024862859988111448,0,-7.331796077645,4.34221200308484
bugl1243,chib1249,-4.49144220864385,0.014310602360495384,0,-5.549071563503626,4.449821041497479
buhu1237,aust1307,-5.636096164528023,0.023767854262917693,0,-7.566089275058,4.30245034440653
bujh1238,sino1245,0.8798579109124787,0.028374642569976533,0,0.982527507419,3.651126811861415
buku1249,atla1278,-5.594090340265856,0.028420445300683293,0,-12.405023876425,5.7970108286163455
bull1247,atla1278,-7.888324240138719,0.01385032710702574,0,-12.195163591282501,5.935507802104885
bulo1242,aust1305,-5.374500764983181,0.027385782981550137,0,-3.61322807048,3.791516028679465
bumt1240,sino1245,-1.3555462206489448,0.03726623334765981,0,-2.2649704949672502,3.6587755263059654
buna1276,aust1307,-5.505093326057025,0.02215918900896136,0,-7.5684816756475,4.288911215461895
gahr1239,sino1245,0.2261038297567821,0.03297726164117287,0,-1.0551242950945001,3.616977069044915
bund1253,indo1319,3.3234285672917703,0.0299266661417065,0,2.8024054095045,3.73782503657936
bura1292,afro1255,-6.070373182011934,0.022878633853797476,0,-5.0776065387525,4.323467991593915
bure1242,afro1255,-6.113378652354268,0.026786753649406105,0,-5.116793925645,4.341686843821365
burj1242,afro1255,0.5921382553083212,0.024665952889377084,0,1.7218773292175,3.587523155657155
nucl1310,sino1245,-3.1282044676593994,0.04182741648775457,0,-4.3440630500049995,3.8220994365790304
burm1264,burm1264,-3.3627639083935263,0.025960628323331097,1,-3.710548126845,4.874374691711545
buru1320,afro1255,-3.9196259198226016,0.03689614824664188,0,-1.0396472667625,3.7180689688926103
buru1296,buru1296,2.2079737278101543,0.004740167815838063,1,3.96213438028075,4.942871996715435
busa1253,mand1469,-5.660543527107004,0.020525231029894696,0,-11.03085110015,6.037187115074575
bush1247,atla1278,-7.328735480106448,0.021047128249866338,0,-12.43132813665,5.7916704160635994
buwa1243,afro1255,-5.999471613790651,0.0202507536930836,0,-5.0110649929627495,4.334831177822365
bwai1242,aust1307,-5.497533942984205,0.030612117397083288,0,-7.5827545043125,4.291449125482265
bwat1240,aust1307,-6.808805292237463,0.022028447931091315,0,-7.5013278676574995,4.288485243870405
byan1241,sino1245,1.5839685693382508,0.0229976525869893,0,-0.16541008652875,3.68818021812036
caac1237,aust1307,-6.760038149648064,0.030168343865450534,0,-7.529291836675,4.2986286135823555
cabe1245,chib1249,-5.902607624666608,0.026237742134534982,0,-5.51400109355525,4.46541242431034
cahu1264,utoa1244,-0.305794026180507,0.009810042985081946,0,1.4061968949649999,3.692697949454855
cakf1236,afro1255,-6.122837054375636,0.029682836201044793,0,-5.099906784485,4.307384598307565
cald1236,quec1387,2.1615544371839785,0.016071542275711424,0,3.2212227448375,3.64479153421451
camp1261,indo1319,-5.095863889565555,0.01879651315870398,0,-3.705154550885,3.966222908543735
cane1242,nucl1710,-4.316744901467419,0.007407822671008795,0,-6.14287801887375,4.59081941888405
caom1238,taik1256,-4.1845082471761685,0.02220606222113844,0,-4.562288631041,4.375454790630091
capa1241,pano1259,-3.9370666358764215,0.016936239766700348,0,-5.6522481142575,4.3211520199886095
carn1240,aust1305,-3.402927951822435,0.018825939359082305,0,-3.38459122522725,3.85988712896639
caro1242,aust1307,-6.244794289213564,0.03396811940923246,0,-7.5082917434750005,4.271606734694171
cash1251,pano1259,-4.303329780534014,0.016123196550525926,0,-5.5770437982085,4.350937466790819
casi1235,aust1307,-7.359930438961044,0.029772838991971983,0,-7.4589837356499995,4.32827493497636
stan1289,indo1319,-5.238263597509298,0.0362414897185266,0,-3.7516910393390503,3.9480492596753702
cavi1250,pano1259,-4.203840617560946,0.014983799313754532,0,-5.448502140025,4.405335985067495
cayu1262,cayu1262,-4.26394030485007,0.027748958050780124,1,-4.421588445225,4.703887157804536
cemu1238,aust1307,-6.797992368642595,0.029704300241715872,0,-7.5257016724575,4.297044479044825
cent2127,eski1264,-3.0247288537002235,0.01615865518137901,0,-5.389893351195,4.93864292488354
cent2142,ayma1253,-1.985268578184519,0.02534863017519538,0,-0.8942652558049999,3.84595844321651
cent2004,sino1245,-3.610892152282931,0.03683383895366945,0,-2.9510049860525003,3.735795524840475
cent2292,aust1307,-7.315915920900499,0.035228641575986167,0,-7.418530358350001,4.33757138189753
cent2084,aust1307,-7.143683347057766,0.043629063027252994,0,-7.44997716326,4.306029317438345
cent2314,aust1305,-5.0825129419177095,0.027802272734077323,0,-3.51918896778575,3.8272798091404248
cent2050,saha1256,-6.569566983027229,0.0596332481817623,0,-8.551321397999999,6.0568854376012
cent1989,aust1305,-5.287041974209088,0.03089820134376779,0,-3.38056150479,3.807286155261085
mala1479,aust1307,-7.578507300034563,0.04278805156459262,0,-7.424380076185,4.279758154007816
cent2322,ural1272,0.47816029289568535,0.030270380568105573,0,0.300322793445,3.6623035171672003
cent1992,aust1305,-5.362122806401365,0.036709208393166166,0,-3.615954303768,3.80432880809657
cent1990,aust1305,-3.5757803849376213,0.025493726672301594,0,-3.39100455334,3.867000859493685
cent2126,japo1237,0.8701073714655638,0.021250489183522327,0,1.2716349277235,3.65485071348707
cent2140,miwo1274,-3.3889135901834404,0.014656267683498831,0,-4.8707514540125,4.871594281255129
cent2131,utoa1244,0.26322477305772835,0.026807317658153414,0,0.8655788730045,3.72246222020057
cent2150,chib1249,-3.823050842341509,0.009203689443473637,0,-5.522910231505,4.450636444993226
mbal1255,atla1278,-4.921221553462804,0.01563982502997188,0,-12.383305981545,5.817101890863465
chac1251,pano1259,-4.256255443778865,0.009639393655691495,0,-5.676045370189501,4.324481102915939
chad1249,afro1255,-5.891616141148093,0.021668804759673643,0,-3.07658022172,3.83241135270159
chak1270,sino1245,-2.6088084333585146,0.01642632068190643,0,-3.4027379682525,3.715636515825945
chak1271,atla1278,-6.940817932987374,0.02444886674624213,0,-12.352077403425,5.8139664514956895
cham1315,zamu1243,-3.3591590457505296,0.008194449234761769,0,-4.7194737503055,4.680940492556385
cham1309,nakh1245,2.7168669174152513,0.008623682513434445,0,3.9995129525775,4.00349368392664
cham1312,aust1307,-6.426535001363183,0.035894799437343056,0,-7.19217879720975,4.342256670763995
chan1313,sino1245,-2.4155142609442537,0.021923087272394844,0,-3.4248036365312498,3.71370425434372
char1269,gong1255,0.5047216982094791,0.035124041860714085,0,0.28012732102975,3.742231201852265
chas1234,sino1245,-3.4713108117878724,0.018087398107443958,0,-4.45485603431,3.7657033848033947
chec1245,nakh1245,2.7694656864083664,0.011751295837124356,0,3.8641203765050003,4.047426316730714
chek1238,aust1307,-5.795480113058211,0.014198833656413702,0,-7.5542732248225,4.29735118081663
chen1255,drav1251,2.8986679724282336,0.008584270991653306,0,4.05724855573425,3.780725744257695
chep1245,sino1245,0.9669897749841658,0.022701051908766284,0,0.9560562095875,3.6585603796627
cher1273,iroq1247,-3.3079778593025724,0.00523439648422957,0,-5.19702292643825,4.79028349310526
chey1247,algi1248,-4.016946436587963,0.013365038602364213,0,-5.471867930797,4.682554955931225
chic1270,musk1252,-3.3776814820084593,0.019675999136246628,0,-5.2891334689219995,4.722011056570185
chil1280,atha1245,-4.307903088873239,0.019898061558866326,0,-6.0926540229375,4.7897938036868855
chim1309,chib1249,-5.539558601002549,0.030049683767219105,0,-5.513201428445,4.467077635413715
chhi1245,sino1245,1.2435406111237897,0.03104560303900927,0,0.66252619648125,3.69918697281787
chip1261,atha1245,-4.375900256258573,0.014022886953232738,0,-6.10114429215975,4.74727522575581
chip1241,algi1248,-4.024101939325302,0.011954164775746295,0,-5.468568482795,4.6791293420267905
chir1283,sino1245,-3.2398708766743,0.029246217115533952,0,-1.1367460994549998,3.65821991833342
choc1276,musk1252,-3.6339458545120333,0.02201578868026838,0,-5.27495562899825,4.729598167200365
chon1284,aust1305,-5.105833040619903,0.023702584075935156,0,-3.5101747242570003,3.8291421773446297
chot1239,sino1245,-2.851993017667595,0.05728592644519801,0,-2.50234770301,3.68544677421009
chra1242,aust1305,-5.341034900091984,0.025651353724313656,0,-3.608308615215,3.807444964045235
chuj1250,maya1287,-6.113957023731215,0.023542449935924022,0,-5.2135962268050005,4.837916768636915
chuk1273,chuk1271,-2.200927452644344,0.020393172629489607,0,-0.4568302636475,4.450018704091895
chuu1238,aust1307,-5.219683202685572,0.018357491908509566,0,-7.508636982424999,4.271258213003545
chuv1255,turk1311,1.1604532860824008,0.016930546534141642,0,4.7192566947425,3.70426687799747
chuw1238,atla1278,-6.1291217378486555,0.03999471002819205,0,-12.431727671,5.77412847041834
cici1237,atla1278,-8.409215662540676,0.02047069602994303,0,-12.317390514349999,5.906228142636126
chin1286,chin1490,-3.036583222973916,0.013534061908812447,0,-5.0570255854375,4.865799063297355
cent2087,aust1307,-7.56817603442331,0.034009975699658385,0,-7.37673103705,4.307051537006
sout2912,aust1307,-7.52343247592324,0.03294039885146831,0,-7.3824275277775,4.294806637107865
coat1243,otom1299,-6.3225451758334446,0.02595823688957607,0,-5.629946168875,4.73033671747681
coca1259,tupi1275,-3.515521941085367,0.018835153851659323,0,-6.00661228325,4.446404861966521
cofa1242,cofa1242,-3.0441849266044887,0.015922009969067934,1,-4.30205662620925,4.701274463731685
cogu1240,chib1249,-4.422351768696355,0.023775462437559444,0,-5.548303248785,4.430941692263905
inga1252,quec1387,2.0972044575397693,0.014324444940894673,0,3.193318838337,3.654081716082345
colu1241,sali1255,-4.723582944673008,0.02620092751807833,0,-5.4827544272425,4.863070795921615
coma1245,utoa1244,0.7278714062948586,0.014683184784984907,0,2.7592895437975002,3.7121847031162103
como1259,sali1255,-4.753666913834103,0.02382747507096637,0,-5.449427655565,4.831652234559285
cong1236,atla1278,-6.958315013640291,0.022762263997172613,0,-12.363742203274999,5.796265061067976
copa1237,otom1299,-6.321783541369097,0.026327659898251393,0,-5.6233880381925,4.7685865851702
cors1241,indo1319,-4.835985189676313,0.025805991750572892,0,-3.7101578269825,3.9651036490802003
cosa1234,sino1245,-3.933428716390128,0.0261189300080772,0,-3.63341454917025,3.671422838764995
cota1241,aust1307,-8.217936751591495,0.03725323633380797,0,-7.4364050197775,4.309083474437105
cree1270,musk1252,-3.824475459711383,0.013616657453758672,0,-5.25676638615246,4.737776401697555
crim1257,turk1311,0.8514498439418021,0.013772148330768574,0,4.80382019153675,3.6388187318676497
crow1244,siou1252,-3.644336792176385,0.01076783506744998,0,-5.2545901118375,4.760949288422975
cube1242,tuca1253,-1.10581217204899,0.008917153936408915,0,-0.7164179739200001,3.74370865276488
culi1244,araw1282,-3.2632277983459663,0.018689071175928235,0,-4.917540799075001,4.57982898423815
cusc1236,quec1387,1.5200808711257925,0.013009564837603863,0,2.74660177257,3.690987111231305
czec1258,indo1319,-2.853433829526221,0.020365180243944726,0,-4.106551432265,3.89306165722713
daai1236,sino1245,-3.0772074550845163,0.017189818657421474,0,-3.4193321051625,3.723278730579575
daas1238,afro1255,-1.9395418650785985,0.018766710121476626,0,-0.96050765797085,3.57565798638852
dadi1250,tebe1251,0.5799824838072629,0.013099560528937097,0,1.6292831889275,4.08478762862243
dagb1246,atla1278,-6.959618481588109,0.024844498756960206,0,-12.364928330295,5.803327925249305
dagi1241,narr1279,-4.5175175730346435,0.023628299851576304,0,-8.2238812324975,6.0214906622623054
daur1238,mong1349,3.5397656276072507,0.015525388796719556,0,3.7272760160525,3.58032749411925
daka1243,aust1307,-6.752373564848179,0.026678002515009742,0,-7.5774970463999995,4.29235512340801
damp1237,aust1307,-8.379971148150613,0.030558867540550705,0,-7.38738338265,4.35861238276531
dana1252,aust1305,-4.365322953853546,0.0368660759805981,0,-3.23010971954275,3.77065903723012
dand1238,drav1251,3.286778500469701,0.00988688483505372,0,4.1401196756475,3.764338325237425
dani1285,indo1319,-3.0130356881984524,0.019073312242551523,0,-3.9470883665725003,3.93059192784197
dara1250,indo1319,2.23033557926914,0.02356479005348223,0,2.904378964987,3.7146664648911702
darm1243,sino1245,1.626040244860708,0.026076911084169964,0,-0.17964945932749998,3.695785606027385
dawr1236,gong1255,1.1588379408659746,0.027008657992436836,0,0.39272072726325,3.7227692533375247
daza1242,saha1256,-6.273004249917589,0.030616153008268192,0,-8.602039131449999,6.059748251952801
dege1246,atla1278,-8.227222391374157,0.027902867220354528,0,-12.3307802423625,5.9100938535685295
dehu1237,aust1307,-6.84048054966484,0.02808918018035444,0,-7.519526823025,4.290988871057615
dera1248,afro1255,-4.687980791081477,0.022646677357397116,0,-5.13809958328875,4.281789690900196
desa1247,tuca1253,-0.8824662645708616,0.021101322338306153,0,-0.173372884075,3.6948718937732448
dhao1237,aust1307,-7.923060382809946,0.02947932330340119,0,-7.4258659986175,4.306312670506355
dhar1247,pama1250,-3.4630350191549826,0.018780139618992296,0,-2.15313950685,4.193250392599855
dhim1246,sino1245,0.6308811835044097,0.04494157049020268,0,-0.2069441743675,3.6201037119867348
dibo1245,atla1278,-7.675392964193504,0.0520286547763397,0,-12.38955696943,5.77937789441141
dier1241,pama1250,-3.6955526034647015,0.02450976036737243,0,-2.02364197657,4.34807322573565
digo1243,atla1278,-5.662523702602133,0.025041984062804702,0,-12.341820755695,5.785598617567921
dima1251,sino1245,-2.3414833583372197,0.026082767249417962,0,-2.86796825163175,3.6814107924750648
diri1252,atla1278,-6.470397939924494,0.017816850716374396,0,-12.401832517399999,5.795533869851004
djee1236,mani1293,-4.698846866377227,0.023180914516930714,0,-2.8330795829025,4.77252720110877
djeo1235,nucl1710,-4.074622792714236,0.013644816047338295,0,-5.996544830727499,4.61656625952471
djin1253,pama1250,-2.964703652068196,0.01583457091168115,0,-2.318665447568625,4.356937667065625
dobu1241,aust1307,-5.47112630894145,0.028320959709407453,0,-7.573431594575,4.29648006977457
domm1246,nucl1709,-2.9961212859910256,0.03978956135707437,0,-3.2044781959125004,4.218735604701675
doma1260,indo1319,1.242930827236381,0.014333283597671654,0,2.5313181128665,3.75584064441553
dong1285,mong1349,1.3635077424024282,0.031979152844869116,0,3.331782922906325,3.5762488721213552
doro1266,manu1261,-2.4182740344980203,0.0366003523093486,0,-3.60269051443,4.7480639771060495
drun1238,sino1245,-3.051802096896837,0.018538094343032805,0,-2.5442044251875,3.744482660094575
chug1252,sino1245,-1.8831663614299456,0.02469063418680476,0,-2.608882308004,3.7428649032257546
dumb1241,aust1307,-6.831365805273036,0.04636366009704645,0,-7.52825663315,4.32443393685907
dumi1241,sino1245,0.8767008014987381,0.023521375638924463,0,-0.8061985442367501,3.635210094021555
dupa1235,aust1307,-7.170136118006631,0.03652960212330055,0,-7.43943204055,4.31911365359427
dusn1237,aust1307,-8.484065009562748,0.037265923482268565,0,-7.4187910583250005,4.323317683182755
dutc1256,indo1319,-4.390596497620531,0.03577575539437516,0,-3.808538604689325,3.95769349320092
dyir1250,pama1250,-2.428167122996282,0.014127508593933823,0,-2.4969229838425,4.362281091416115
dyul1238,mand1469,-5.584647968374009,0.0530998096166479,0,-11.1084278272925,5.943018545343955
dzao1238,hmon1336,-3.6767302165445837,0.015023289243915723,0,-6.078063192515,4.3116678963477195
dzon1239,sino1245,-0.6679589919642099,0.038509946703449656,0,-2.75759413413325,3.58103379943784
east2443,aust1307,-6.700653784857859,0.03361044714178107,0,-7.543527488700001,4.268138164472375
tang1336,sino1245,-2.5690521161113984,0.027299291681051406,0,-2.328660770655,3.65224901844189
nucl1235,indo1319,-1.4076327145233647,0.019771205572441372,0,-2.64578126138,4.055394182425539
east2379,pama1250,-3.9231330399221966,0.020027456279950354,0,-2.2543199678650003,4.27004405313815
sout2896,aust1307,-7.127950520520705,0.038886751434290844,0,-7.4425221525025,4.31382737998361
east2555,tupi1275,-4.152776651138758,0.012073345115285239,0,-6.026427146345,4.46113055560286
east2332,aust1305,-5.239356104334974,0.020680871495326186,0,-3.4563876867625,3.7964994280133046
east2690,afro1255,-3.6440799103816808,0.017422690589301106,0,-3.05574432573,3.843117697115585
east2556,otom1299,-6.160818979372191,0.023564243725290004,0,-5.54310511734,4.76858683106278
east1236,aust1305,-5.33472665318039,0.02449260474766627,0,-3.454440933755,3.790482634881525
east2342,sino1245,-3.988787127568429,0.016320526198795347,0,-2.8683365409825,3.72991963199703
east2328,ural1272,0.14457203978134744,0.02018513685117677,0,0.0988395039795,3.64539915904257
east2773,sino1245,1.0261330896908898,0.025137895695354594,0,0.516395207867075,3.627157054299925
panj1256,indo1319,2.094770442540921,0.02703140053282648,0,2.29634310973,3.678173277901415
east2485,aust1307,-8.271043674090956,0.034064662708257455,0,-7.3730827433025,4.32762022629555
fina1242,aust1307,-7.302030743556983,0.032018369108045966,0,-7.41591227293,4.331116653891785
east2516,nucl1709,-2.135603792697111,0.0395932020241359,0,-3.476620587705,4.15005350497221
huaa1248,tuuu1241,-2.7228050880880277,0.01432000842861264,0,-4.5739825486785,4.703406664669365
wall1257,aust1307,-5.867916063225232,0.025734797594478352,0,-7.5802716390925,4.2785852788114145
egyp1253,afro1255,-3.869331259284228,0.03249656089041869,0,-3.0608386590705,3.8394635989216948
eipo1242,nucl1709,-3.144583059959304,0.01841334033112741,0,-2.8585442340775,4.17297840601668
ekar1243,nucl1709,-3.8168779461262465,0.04959408657892988,0,-2.95156753946025,4.20461091512946
elem1253,atla1278,-8.219907230502397,0.024915961757131535,0,-12.32393121165,5.90033379769086
elip1238,atla1278,-8.175602634522985,0.040293129621232875,0,-12.393940752275,5.80822600558042
elna1235,utoa1244,-2.476979038729874,0.01830322054900875,0,-0.06304142150200001,3.8699013121035604
emae1237,aust1307,-6.774828968955075,0.030127445723677464,0,-7.5867146919324995,4.272185206695665
emai1241,atla1278,-8.328950315670975,0.04492817932248518,0,-12.33038710198,5.896272382980495
embe1260,choc1280,-3.86796222914708,0.014423345011910357,0,-5.3584945316325,4.48831027456836
embe1262,choc1280,-3.2722410964933086,0.010723028180546447,0,-5.3724082847725,4.4927722926931
stan1293,indo1319,-3.4517232236185746,0.02101948665075093,0,-3.906382581555,3.93873347219484
enuu1235,sino1245,-3.542590842639023,0.028913399579530274,0,-3.36868733154,3.640296226622535
epen1239,choc1280,-3.1346644648106903,0.006485935778126025,0,-5.3772866874275,4.5058188808357205
ersu1241,sino1245,-3.540317503548846,0.0179448492883887,0,-4.28301203754075,3.8313176396228004
erzy1239,ural1272,-0.5868058721342962,0.014237241144271917,0,-1.8326507190974999,3.699956447983745
esan1238,atla1278,-8.22482668069987,0.04555422218132638,0,-12.312722754075,5.901126824470831
esee1248,pano1259,-4.207085301583222,0.010478691507107488,0,-5.452199149095,4.37984544201065
esim1238,atla1278,-8.28863446097781,0.02326826858074663,0,-12.26377648145,5.900714464141785
esto1258,ural1272,-2.1995411377884864,0.02220686718330441,0,-2.459705626106,3.6135678150364647
eton1253,atla1278,-8.141269429542387,0.016469251325540488,0,-12.333761905025,5.82179951746909
even1260,tung1282,-0.3558551643856102,0.020245730227696664,0,4.04982817654,3.657641439464785
even1259,tung1282,1.8064394927975922,0.010404911963237402,0,5.04681243311,3.6807831311469004
ewee1241,atla1278,-6.896496501574624,0.023099177321461935,0,-12.34426203,5.8179114082808
fala1243,sino1245,-2.3250736963130887,0.012710820440879499,0,-3.2727476158275,3.71500203656265
fare1241,atla1278,-6.973664019072015,0.02468788559461611,0,-12.373839864699999,5.828253873062945
faro1244,indo1319,-3.7669956357992045,0.025841802271618457,0,-3.9095409917425,3.932603099301825
fasu1242,fasu1242,-2.3505401914484345,0.012646041482481295,1,-3.4868289870725,4.6788107294457095
fiji1243,aust1307,-6.946858268983245,0.033049708968138095,0,-7.552234410835,4.273238230393125
fili1244,aust1307,-7.727416325762553,0.030603863213685408,0,-7.417196321695,4.294127179059149
finn1318,ural1272,-1.4095795047226019,0.027664265154146956,0,-2.506001010295,3.605600521574525
fipa1238,atla1278,-6.668086171244882,0.03177096451655941,0,-12.359990686975,5.80417157240789
foii1241,east2499,0.4806366252463907,0.0178781096409832,0,1.9736807328675,4.09780606761872
fonn1241,atla1278,-8.309753940183608,0.026257431127269495,0,-12.354816414959998,5.848834317887764
fore1265,ural1272,2.0233188941726246,0.02176052390556741,0,2.77722254057,3.808099408552145
fran1266,mixe1284,-4.890663092884515,0.015470364518462013,0,-4.74819579294975,4.695807382710715
stan1290,indo1319,-4.762746956242239,0.014291804727382111,0,-3.753260679385,3.943568289402275
fuln1247,fuln1247,-3.7203822871016223,0.014091803500082826,1,-4.77220367371425,4.722828541853785
furr1244,fura1235,-4.245712610972457,0.025730254755460813,0,-8.9274013410375,6.03864672847659
furu1242,cent2225,-6.643460205005754,0.04548829952697625,0,-9.359860030825,5.58931611568936
futu1245,aust1307,-6.85766389402005,0.030485319615319445,0,-7.5879323332125,4.252900522712105
fuyu1242,fuyu1242,-2.421808858852782,0.015825284140528702,1,-4.2004041175,4.63555386972943
gaaa1244,atla1278,-6.824707312955025,0.02493108574590361,0,-12.331099919185,5.807289464863615
gaam1241,east2386,-3.201730953539791,0.030795382896818747,0,-8.2151727654735,6.179935742604915
gaan1243,afro1255,-6.054128505028354,0.02374628551673373,0,-5.00125828486825,4.32996552317713
gada1258,aust1307,-7.258063600571013,0.03350944348618725,0,-7.4612856841349995,4.328928801464855
gade1242,atla1278,-8.369845776919785,0.04172284092897068,0,-12.315796896575,5.911036154764535
gaga1249,turk1311,-0.3458260018284016,0.011251491329745887,0,3.553013795065,3.5631489554010702
gale1259,nort2923,-4.139226157164378,0.02281951224261033,0,-4.436862913995,4.62740361635183
gali1262,cari1283,-0.675168077432629,0.01262099417054443,0,-0.4640685003475,3.680339153775535
gali1258,indo1319,-5.333818555973528,0.02785392573124028,0,-3.7723279679325,3.93551142814266
galo1242,sino1245,-2.7746957896241695,0.015231928747642337,0,-1.410841364765,3.54953364389878
gamo1243,gong1255,1.0631058932350763,0.036144934102456866,0,0.3911250956875,3.72454558008917
gand1255,atla1278,-6.129002316680786,0.026503470157966173,0,-12.381351642275,5.793059687540914
gang1266,sino1245,-2.798088741579419,0.013446079785237493,0,-3.3834714309125,3.724621260490185
gant1244,nucl1709,-2.1514233008981685,0.016392718549843994,0,-4.0900702200475,4.342800895404331
gapa1238,aust1307,-6.636986695315764,0.023374561498307765,0,-7.5569973971775,4.29587345677412
garo1247,sino1245,-0.7596597051972449,0.0223022535260104,0,-1.753881051774,3.6309507613767646
gata1239,aust1305,1.9348009846707581,0.01781710947950122,0,1.1959766572200001,3.5503304837404697
gayo1244,aust1307,-7.149404569759658,0.038995714977558264,0,-7.3975477443174995,4.32250641461923
geba1237,sino1245,-3.8092319338533507,0.017625396770010113,0,-2.86520761656955,3.723726062100935
gebe1237,aust1307,-7.532591690397618,0.02982407270962233,0,-7.44003507761,4.31490548073168
geda1237,aust1307,-6.4360839330847845,0.017841866768307697,0,-7.61109835533,4.25604262284201
gela1263,aust1307,-5.819906582892567,0.02181358746467083,0,-7.5332482233825,4.28810002526906
nucl1302,kart1248,-0.19979375385989123,0.023866731624797737,0,-0.3455148437575,3.858288665956445
gese1240,aust1307,-7.524143094293736,0.0301136724442466,0,-7.4470399690475,4.321857443989335
ghad1239,afro1255,-5.046349406463323,0.022435398860284457,0,-4.590286357675,4.462299031124315
ghan1242,aust1307,-5.8296019922605105,0.025160945851505873,0,-7.532793920335,4.291295483146175
ghar1239,aust1307,-5.8357320556044066,0.022205403113525736,0,-7.5164302931625,4.290043337834035
gheg1238,indo1319,-3.985419332328852,0.022994386561972797,0,-2.3252848398475,4.0992088287821655
ghom1257,afro1255,-4.9925440745290395,0.022388649719827246,0,-4.570369391103,4.4746644093324655
gida1247,afro1255,-5.983387743360569,0.01683435260298177,0,-5.0742543029525,4.30767076086019
gilb1244,aust1307,-5.309993853852042,0.022541122674172784,0,-7.4965314740875,4.28956076945608
gira1247,nucl1709,-1.996361075667184,0.032464314479383465,0,-3.93145080939675,4.39623303465609
glav1244,afro1255,-5.997126373627227,0.022427670052332597,0,-5.0930244099675,4.29132996505549
ghod1238,nakh1245,2.7419708396651377,0.00949044447225858,0,3.9803177361722497,3.9965991704129804
goem1240,afro1255,-6.110114588840059,0.019851626335533046,0,-5.091715888102501,4.312675102780496
gofa1235,gong1255,1.0351745327125015,0.037013798180564515,0,0.406681091975,3.725912007057655
gogo1265,suki1244,-2.421661657539717,0.024504187838209825,0,-3.30859920014875,4.551779837303065
gola1255,atla1278,-7.9132534274914015,0.03933608194624638,0,-12.18099245815,5.949987658552654
pare1266,aust1305,1.6644442521183676,0.027539343970992478,0,1.3390471162609998,3.553471656275485
guah1255,guah1252,0.10497009546789646,0.009758525195182478,0,0.40544172863100003,4.018940028259825
guam1248,barb1265,0.23074413766433685,0.030114243451236353,0,0.33478389915625,3.823181024990455
guat1253,guat1253,-4.347691685960894,0.020009881778510184,1,-4.5985546929395,4.75544392093168
gube1234,atla1278,-6.302567086287602,0.016889791966620993,0,-12.223406059861,5.947669467758905
gude1246,afro1255,-6.0234070571553815,0.014092124169962953,0,-4.989110362030001,4.32503041214758
guer1243,otom1299,-6.30499781898007,0.02468337196883933,0,-5.61966888433,4.749583254171265
guhu1244,nucl1709,-2.2173661575602583,0.04283198071158494,0,-2.9271109611,4.16499467772266
guiq1238,sino1245,-3.3296264993345797,0.022227225896126565,0,-4.357166658731205,3.833581596251255
gulf1241,afro1255,-2.912671298213228,0.032498762396300014,0,-3.0292721431075,3.86672687524344
guma1254,aust1307,-5.432593947152316,0.027785591087673773,0,-7.60717617027,4.280536320071516
guny1241,pama1250,-1.8824954324387857,0.017135579495813243,0,-2.4959361492824996,4.36021282586956
gura1251,indo1319,-3.2986827358874686,0.024416087563991343,0,0.12685032205,3.786842886158375
guri1248,guri1248,0.2751070279498024,0.020502095652727613,1,2.31738809516,4.07429477273497
guro1248,mand1469,-5.433771128118959,0.02466162338279594,0,-11.04567096415,5.99856818015566
guru1261,sino1245,1.1231963225341723,0.061751535315692545,0,-1.6342627195117498,3.55196725742105
guru1271,afro1255,-6.1195693995974345,0.02071186165379599,0,-5.0379822157725,4.31224583781718
gusi1247,atla1278,-5.853916381640678,0.022793325830530516,0,-12.4016968017175,5.76804447389197
gugu1255,pama1250,-3.3629177146000897,0.02442088218587584,0,-2.2912474720275,4.3563289872932
kwam1249,koma1264,-2.9939566783391167,0.016378955607179585,0,-8.4385775617025,6.020908910828065
gwen1239,atla1278,-5.777189699433578,0.02318169557851222,0,-12.365543842249998,5.79415381858338
gyel1242,atla1278,-8.062686704454428,0.02577485810849409,0,-12.3581636019,5.805513861879755
haaa1252,atla1278,-6.67901075261589,0.023294796013842944,0,-12.342400865725,5.762013620813985
hadi1240,afro1255,1.7787888146337316,0.023913018287524828,0,1.76320304232425,3.5902906493599147
hadz1240,hadz1240,-4.532847422359503,0.03554012962449211,1,-7.458686171875,6.429257649968125
haka1240,sino1245,-2.6869578882723464,0.023227760573419316,0,-3.2165160518225,3.729261066742035
hala1252,aust1305,-5.379148657809159,0.027976810302582044,0,-3.5957628193474998,3.79202633419876
halh1238,mong1349,2.304653983844588,0.008641817343492808,0,4.100749751195,3.57299129649112
hali1244,aust1307,-6.007828663491541,0.025015906387035013,0,-7.504331208117,4.29950304045893
halk1245,sali1255,-4.77063022485794,0.021719770610083695,0,-5.43902769592,4.8287032421823355
hame1242,sout2845,-2.513490795572228,0.025893084583585038,0,-7.3725524541125,6.00907401701159
hang1263,nduu1242,1.4489528021354676,0.029030979360952426,0,2.7688110648185,4.05643049817513
hani1248,sino1245,-3.80546223285464,0.03345628373451604,0,-3.353960857795,3.6280873982879998
hano1246,aust1307,-6.716439409007389,0.028435536619714725,0,-7.5347800640625,4.26058881046319
haru1245,piaw1238,-1.243876512815588,0.019929694110181823,0,-0.21030089518134998,4.11841651964257
hass1238,afro1255,-5.526518618811661,0.023905537999444934,0,-3.08694532551,3.82542530317126
remo1247,aust1307,-7.575526257336577,0.03187442157452722,0,-7.404621280844999,4.312220366529835
haus1257,afro1255,-6.132913600451436,0.026563233145506,0,-5.04380926808,4.331298181403691
nige1253,atla1278,-8.360813752006038,0.020833316196191963,0,-12.1491483112925,5.957393606965795
hava1248,coch1271,-3.9984637080785106,0.01953899364432959,0,-4.67588828797,4.752553849556801
hawa1245,aust1307,-7.052566874524129,0.04263471520566824,0,-7.5868711492625,4.276837343675005
hdii1240,afro1255,-6.0120276948399844,0.024196360598766183,0,-5.0856834656625,4.28441288282848
hehe1240,atla1278,-6.304842919042537,0.026028087843417945,0,-12.3566568656,5.8039922699271695
here1253,atla1278,-5.978791678960592,0.022816558871889787,0,-12.3953571554,5.808046093196745
hida1246,siou1252,-3.739539162996517,0.009398377566726731,0,-5.22677665004,4.770184190259386
high1276,mixe1284,-4.937091906956153,0.024185773190831625,0,-4.757052995977499,4.676357205056375
hind1269,indo1319,3.1053997698089777,0.02450021519193886,0,2.7927958941955,3.7319627212252797
hixk1239,cari1283,-1.1845009690568271,0.0184635020914941,0,-1.4243553321012752,3.7575635141011903
hooo1248,aust1305,1.6869350273521873,0.0198021943456702,0,1.502045493587,3.55842681589066
hoav1238,aust1307,-5.760250419541633,0.02382421122367168,0,-7.5403335968025,4.27650719409348
ainu1240,ainu1252,2.613606804669897,0.010075854890232416,0,4.25927723954,4.705365032983584
holo1240,atla1278,-6.889282010572165,0.04989851394900045,0,-12.3352445083,5.81172656908793
hone1235,atla1278,-8.362572745931113,0.015873942384866502,0,-12.329329267075,5.90238341964511
honi1244,sino1245,-3.3453390696713514,0.025402479190195507,0,-2.634753082085,3.599182567554315
hopi1249,utoa1244,-0.331786992287751,0.0061794571962306925,0,2.4064602808775,3.67556621909877
hote1245,aust1307,-5.324942330084521,0.02266056405768975,0,-7.57221822065,4.283194166418101
hozo1236,maoo1243,1.4877973621126257,0.011293026331834325,0,1.38276869541275,4.258418737781884
hrus1242,hrus1242,-1.4736307129403126,0.013808717661548415,1,-3.0699674376150003,4.48907097779089
huuu1240,aust1305,-4.425077094696164,0.024437281767923535,0,-3.2828153810774996,3.731328663577295
hual1241,quec1387,0.4619590034986052,0.00790264311118305,0,1.5525110604791,3.70469960104808
huam1247,jiva1245,-3.004512078881436,0.02214647996742512,0,-5.0849956835675005,4.5202489871196345
huar1255,utoa1244,0.15888413471202995,0.01888112216506679,0,-0.0650754924785,3.80027260813815
huas1242,maya1287,-4.749928588354541,0.019292134222305975,0,-5.1297019454825,4.86832368467958
huba1236,afro1255,-6.037477224647894,0.022245386335944483,0,-5.0710784323875,4.310957026100635
huic1243,utoa1244,-1.4711100734089304,0.007696840670318972,0,-0.16389369357375,3.8388793303558346
hula1239,aust1307,-5.826077241151144,0.02558393910070958,0,-7.59032193254,4.29437724442262
hula1244,afro1255,-3.091303345301876,0.029851718944033736,0,-2.7315501007125,3.90216690707287
huli1244,nucl1709,-2.3541482000447527,0.042690258469026646,0,-3.45811575061125,4.138927844265606
humb1243,song1307,-5.400699174673859,0.049119794565355736,0,-10.730428095425001,5.9801913164204805
hung1275,aust1305,-5.0925316287069045,0.031639825946164886,0,-3.3088611379007498,3.8015674157284103
hung1274,ural1272,-0.8478023784263269,0.02185063018252098,0,0.7551787740155,3.7351021960313098
hunz1247,nakh1245,2.6438736482448943,0.007976987328746053,0,4.0622454816325,3.980985179080565
hupd1244,nada1235,-2.9247531236160627,0.005994732798117826,0,-4.60683577270175,4.52946286622495
wyan1247,iroq1247,-3.8085141098343884,0.006312013112184878,0,-5.288851771981,4.800799267445245
hyam1245,atla1278,-8.39098816267975,0.013295506758241395,0,-12.2961437885225,5.87991964608136
iaai1238,aust1307,-6.814552863134237,0.02816389390658364,0,-7.505618187485,4.324025930179834
iatm1242,nduu1242,1.4799419360488228,0.03291216758981025,0,2.7218236004299996,4.047137208004646
ibal1244,aust1307,-7.416015147385481,0.029708318659197697,0,-7.408061952984999,4.332487800675111
iban1264,aust1307,-8.207817847644812,0.022130579154625695,0,-7.40393282545,4.311615877966025
iban1267,aust1307,-7.202559792794493,0.030552178983432404,0,-7.428087965125,4.3142396602231
ibat1238,aust1307,-6.971161169641931,0.02874857586152964,0,-7.40668385211,4.3139045863477445
ibib1240,atla1278,-8.237521757216363,0.020477808466162744,0,-12.2925164968,5.92412363037111
icel1247,indo1319,-3.9985921147208288,0.029036281646300288,0,-3.9046494088425003,3.93190504249535
idii1243,paho1240,-2.79916358750618,0.026561939360278747,0,-3.84078269338,4.637732251228405
idum1241,sino1245,-1.331849478039767,0.02628652846474615,0,-0.4669388291175,3.595157312584825
idun1242,aust1307,-5.479028994557044,0.015365608895756378,0,-7.595368350675001,4.294146940953615
nucl1417,atla1278,-8.20946553008962,0.029377563578871328,0,-12.340161940725,5.894455576525186
ikkk1242,kuli1252,-3.674929341849034,0.02110943666269009,0,-7.863006475349749,6.027427616430931
ilaa1246,atla1278,-6.729562596312418,0.04061620921803302,0,-12.415144686075,5.805367375594285
iliu1237,aust1307,-7.28184319371003,0.02315789981857655,0,-7.510665097215,4.30483467075501
ilon1239,aust1307,-7.372019099934491,0.033306426355718594,0,-7.43333855535,4.32210788069756
imba1240,quec1387,2.076608137346952,0.014504143197651679,0,3.1490560640355,3.6412409115441102
ingr1248,ural1272,-2.2659943092195984,0.020061909789990354,0,-2.55442781657175,3.592434640157715
ingu1240,nakh1245,2.6819019473102785,0.012057372601853418,0,3.8673254121575003,4.020357158626985
alba1269,aust1307,-6.534183534178921,0.02652415240321533,0,-7.406789561649999,4.30902969971513
iqui1243,zapa1251,-2.8130904687676956,0.00860614989340141,0,-4.8101047404949995,4.57896018594154
iraq1241,afro1255,-3.9401556827726134,0.023752864892544558,0,-1.07268191341375,3.718272835707615
irar1238,aust1307,-7.471478023620386,0.03058501692613718,0,-7.39273958325,4.30526328463317
iris1253,indo1319,-4.579312473470816,0.033049287322472316,0,-3.2611683142995,4.071911381947295
irul1243,drav1251,2.0954810641811132,0.013808947187552904,0,3.7624665295,3.68131375809355
isco1239,pano1259,-4.127677838571641,0.013099844865023368,0,-5.6580725542325006,4.31500842686673
isin1239,aust1307,-7.3878565970443955,0.037062749515428504,0,-7.433835491392999,4.327301551529445
isir1237,kwer1242,-3.454703552625851,0.02383117731427093,0,-3.8394206728675,4.76044768139146
isna1241,aust1307,-7.128509748312544,0.04208725922274937,0,-7.45010346997725,4.3135982834517055
isth1240,utoa1244,-3.1731913094061603,0.020482358807440725,0,-0.10482357406750001,3.82778939970497
isth1241,utoa1244,-3.151679713361456,0.027526662830474405,0,-0.11494385044925,3.8261764932245503
ital1282,indo1319,-4.442671995173698,0.034086571920024636,0,-3.74331890533,3.9537544387466452
ivat1242,aust1307,-6.660979318747788,0.03232245240573636,0,-7.4164469281825,4.31820350490569
iton1250,iton1250,-3.2848399301387943,0.014692476750926105,1,-4.6749240881025,4.65415250465896
itza1241,maya1287,-6.015501483531498,0.02552978706901735,0,-5.2733965165,4.80488662929451
iumi1238,hmon1336,-3.728271198396995,0.008939036930831716,0,-6.090730263835001,4.2815519106398945
iwal1237,aust1307,-5.368154581155517,0.02206616092537259,0,-7.5575856689,4.29199176520604
iwam1256,sepi1257,-1.1801589009807325,0.031772520967705734,0,-1.4542089652255,4.14278140686213
iyoo1238,nucl1709,-2.7865559175640637,0.04207023805806462,0,-2.3275718965231,4.15613073863224
jahh1242,aust1305,-4.9174768572797065,0.03461635752970927,0,-3.737100480542,3.8717355818604497
jalk1242,mand1469,-5.5643040689006185,0.03441767819713123,0,-11.104269910425,5.984735324838965
jamb1236,aust1307,-7.620252880071489,0.04349898467119512,0,-7.4249977624525005,4.274192130577
djam1255,mirn1241,-4.580879162794311,0.03334590418134653,0,-3.513143109683,4.825150772157626
jams1239,dogo1299,-5.303554459332721,0.014625605746109193,0,-10.0510203535625,6.14078388242679
nucl1643,japo1237,3.046795693585426,0.018539940543009944,0,2.35648467483,3.816242452658215
japh1234,sino1245,-2.9828170037896378,0.024680369937825047,0,-4.4030221479327505,3.8643382519435
jaqa1244,ayma1253,-1.3696316503992418,0.006333544963138519,0,-1.2542820632675,3.9067687394490997
jara1266,aust1307,-8.05131939570968,0.027512097477203453,0,-7.381893009225,4.302067564328835
jede1239,aust1305,-4.9195319826942185,0.022871777232588736,0,-3.7339476527624997,3.8706737463360197
jeha1242,aust1305,-4.911347326924266,0.02192126887416414,0,-3.71764273315,3.877646808230275
jiba1237,atla1278,-8.342303059367715,0.02089784841979149,0,-12.3219387955725,5.89868244735494
jina1244,afro1255,-5.92727875539418,0.022309637442615025,0,-5.067551557971,4.29564812543296
djin1251,mirn1241,-4.6806109200761625,0.030623068329869,0,-3.53539341110375,4.808532573758095
jjuu1238,atla1278,-8.39882334879448,0.01671974375288927,0,-12.2550445723525,5.91227730613421
juan1238,aust1305,1.7891024713951833,0.015431123199764186,0,1.17218890282525,3.526384930425285
juku1254,atla1278,-8.3095729809135,0.018066090198183633,0,-12.30697514235,5.91253586545553
jurm1239,cent2225,-5.087205272548468,0.029561217224968062,0,-9.34673177227275,5.57357363858291
kaba1281,cent2225,-7.135874721271686,0.04339937268868716,0,-9.341007459175,5.61179739849732
kaba1278,abkh1242,-1.8668909610430362,0.01595904699729564,0,-2.2004805570275003,4.15179795222433
kach1284,gong1255,1.4199155783495527,0.04290396641993093,0,-0.0839134478735,3.703279437659335
kada1242,drav1251,1.751456646995948,0.011193129208061712,0,3.8606351737924998,3.6800302652225847
kado1242,sino1245,-3.936680227538746,0.025271870066708387,0,-3.43999922781075,3.7187916976086903
kafa1242,gong1255,0.2789269017787497,0.04762363857544886,0,-1.46205174293475,3.683159213602675
kaga1256,aust1307,-6.9332967935268925,0.014383526629045811,0,-7.4320103225475,4.31729360514816
kagu1239,atla1278,-6.101063173175959,0.028677165767678373,0,-12.354504245225,5.772505102189616
kaik1246,sino1245,1.0573879888658781,0.03726812402919023,0,-0.83356041008,3.61140664156698
kaki1249,kaki1249,-2.3281315576030366,0.030649025480536322,1,-3.185711492175,4.70788141878546
kala1399,eski1264,-4.749866111347242,0.019826468831468814,0,-5.3789749658925,4.95207051260984
kala1388,aust1307,-8.181947301692421,0.030040736504578485,0,-7.3804231114725,4.30803026042351
kara1499,west2604,-4.820360757937371,0.044244335593098205,0,-2.99931396777,4.783036742373115
kala1384,atla1278,-6.235496745372299,0.034246209155644636,0,-12.389153110875,5.790984819055365
kamm1249,atla1278,-8.329452628876428,0.024019822673929065,0,-12.332500717875,5.844295778443695
kama1370,nucl1709,-2.500438963225795,0.04780224314623129,0,1.6926445823499998,3.7988968128707548
kamb1316,afro1255,0.474405752722044,0.020643437344865997,0,1.889235917207475,3.57115666420093
kamb1297,atla1278,-5.420071870083851,0.025053916964964392,0,-12.352082404445,5.77857440915972
kamb1299,aust1307,-7.88748829037451,0.035178381386688266,0,-7.4049193913,4.29592437487357
kana1286,aust1307,-6.347266929228395,0.02737992179350072,0,-6.5613989438925,4.442541621231265
kani1286,nucl1709,-1.4581580409041865,0.0312642042630721,0,1.475738351258,3.802310723820065
nucl1305,drav1251,2.2886193487994184,0.04575668767227144,0,2.31790740417675,3.6169900698140403
bidy1244,atla1278,-7.67247659585945,0.047059717490711105,0,-12.2003928148,5.940110538058175
kaqc1270,maya1287,-4.909616035951941,0.01930125656973021,0,-5.2794032584499995,4.765714141211674
kara1482,cent2225,-6.427985026337651,0.033812283517354595,0,-9.336521353120725,5.593657294381685
kara1476,pama1250,-2.3296953147001704,0.026935920135506112,0,-1.8940846998724998,4.154182836864125
kara1500,nucl1710,-4.928659424762965,0.018234809622856375,0,-5.984709311545,4.64666251809585
kara1487,aust1307,-7.374513073960779,0.03837816541362567,0,-7.417616862975001,4.30391891363636
kara1486,aust1307,-6.209990991766594,0.01426788642671074,0,-7.500993171915,4.298946966162594
kare1338,atla1278,-8.107250105017414,0.02215958392613588,0,-12.355462652325,5.773037666766335
kare1335,ural1272,-1.4876071618204856,0.0121462918726401,0,-2.61070379451075,3.59709980928552
kari1306,atla1278,-6.985946145946198,0.02093339936422965,0,-12.37601131455,5.813044157450856
kari1311,tupi1275,-4.25144553101142,0.013279582665925013,0,-5.871240083677,4.50961787943819
kark1258,pauw1244,-3.67490331387224,0.04587440948454972,0,-2.76794850171275,4.759562288868625
karn1252,aust1307,-5.890895462887979,0.014934320227889345,0,-7.59460938953075,4.3013366024819
karo1304,karo1304,-2.708155923960984,0.009099550436082973,1,-5.359364958925,4.96115644405366
kash1277,indo1319,0.7436611255876542,0.017046220920662776,0,0.5922403314925,3.6566449590675596
kask1239,atha1245,-4.138937557163903,0.017539948458195027,0,-6.0688718072875005,4.75975138898854
newa1246,sino1245,0.8760193016412374,0.0348041207340445,0,0.5444787834590501,3.636004114077105
kats1235,sino1245,-3.745124129666805,0.0273873139234714,0,-4.27469677491125,3.756907685956075
kana1291,katu1274,-4.017431329289131,0.0201138905387661,0,-4.477616703997,4.7451630136108545
kava1241,aust1307,-6.014146671566106,0.02195006309962252,0,-6.6907554296525,4.470227270141001
kaya1315,sino1245,-3.885607002501796,0.02395286795162088,0,-2.9217803843850003,3.734904755129455
keap1239,aust1307,-5.807458947972089,0.021745898170895773,0,-7.60105655187,4.302418816703286
kera1248,atla1278,-7.651060444618134,0.04739579735838996,0,-12.20966691545,5.95236568349197
keig1242,kadu1256,-4.532818633004568,0.0328621019719974,0,-8.0036052095475,6.134077538158285
kele1255,atla1278,-7.2445892772368,0.020206484261939127,0,-12.414412475675,5.794524761186715
kele1258,aust1307,-6.437644699821359,0.028313884426837865,0,-7.456980772255,4.2928403690508254
kele1259,aust1307,-7.346265974201489,0.026932477732205,0,-7.417486498900001,4.3258565596788845
keme1240,atla1278,-8.280099790751704,0.0174492783094653,0,-12.3353116842,5.8781829865686746
keng1240,cent2225,-7.0245985226530845,0.04042752102486429,0,-9.349497224699999,5.59050224402406
kens1248,aust1305,-4.847243620002667,0.033910525117852884,0,-3.7326322030375,3.85677160754012
kenu1236,nubi1251,-3.2972105301996866,0.024581788918147857,0,-8.44644239899058,6.09397817585676
keoo1238,aust1307,-8.035383129374694,0.03259885703708033,0,-7.407309495434999,4.343949709599485
kera1255,afro1255,-5.920897821750253,0.02269915463569271,0,-4.83341997728,4.39143001574274
kesa1244,nucl1709,-1.8020094940597235,0.022931757265064055,0,-3.83988504828,4.381847955749144
kett1243,yeni1252,2.1714145842174593,0.01508462829237947,0,4.27140650395665,4.783872516851265
kgal1244,atla1278,-5.584112008066521,0.012953830924729652,0,-12.4319691065475,5.754909451469315
khak1248,turk1311,5.269789015777665,0.029601680633127573,0,4.89005870479525,3.6364875746888004
khal1275,sino1245,0.8854259618044047,0.046258525643403575,0,-0.36993997917,3.639676642179545
kham1282,sino1245,-1.3294026113175077,0.032084809521432056,0,-2.7531073115974998,3.5818839635712703
khan1278,atla1278,-8.218343993832217,0.02633191013449834,0,-12.3176341492575,5.878976919951166
khan1274,aust1305,-4.704196138990738,0.013672174258978329,0,-3.2849630468635,3.7588516218637302
khas1269,aust1305,-2.598399517044314,0.02928629715152544,0,-3.17976850344,3.781330449027585
khez1235,sino1245,-2.253649949797514,0.014021391531413168,0,-3.6138419217199997,3.7416158798850647
khin1240,nakh1245,2.513939357753305,0.007781851145759368,0,3.5949136318075,3.95258012027453
khmu1256,aust1305,-4.759552859328693,0.026100306415749307,0,-3.5431183301147504,3.82471971237526
guan1266,sino1245,-3.0836596402751155,0.017429427579197986,0,-4.4033181773750005,3.857854098581975
khum1248,sino1245,-2.7627751580879316,0.025936730079924135,0,-3.25223136118,3.76965597263111
khva1239,nakh1245,2.6854868428337637,0.007324983426756538,0,4.0737518001125,3.99204279895581
kich1262,maya1287,-6.062142855841871,0.026178170078076976,0,-5.26564128725,4.798844513472055
kiku1240,atla1278,-5.391025282969235,0.02344145277917815,0,-12.36623035682425,5.783781495923785
kile1243,tung1282,3.524959672157478,0.01959668614716895,0,5.3194782562175,3.703959129216905
kimm1246,atla1278,-8.111603295304946,0.024383231233273687,0,-12.326078111175,5.80825098525665
kima1246,kolo1268,-3.374132995847608,0.026550296556101437,0,-4.0316222779715005,4.58589845157587
kimm1245,hmon1336,-3.8143367329073,0.008201554120604226,0,-6.0864293456825,4.2831901780665795
kina1250,aust1307,-7.913468696513514,0.03889129282284842,0,-7.409851932612501,4.2989412959299305
kinn1249,sino1245,0.8613442334182242,0.02135364542773236,0,-0.3578559592815,3.6544767964071196
kiow1266,kiow1265,-3.6704102563965817,0.018598013320348643,0,-4.7749679187905,4.884600521609985
kips1239,nilo1247,-4.75935909993458,0.02762898922608384,0,-7.11467793945,5.380884346507605
miju1243,sino1245,-2.399507262172302,0.05427074844840045,0,-2.2048412823785,3.67324781703425
koda1255,drav1251,2.0411838822594515,0.007224972541773611,0,3.7115941352748,3.6918640198037798
koho1244,aust1305,-5.405079508445997,0.03266172683367661,0,-3.6050926295065002,3.809511970551635
koir1240,sino1245,-2.419930094886559,0.019458154180716447,0,-2.59837791685425,3.6601487276536853
koit1244,koia1260,-3.0271520294884082,0.04201106198504658,0,-4.0148947617295,4.59433922739824
koka1244,pama1250,-2.7692835971688625,0.016794476176172454,0,-1.465744378595,4.123743784812045
koko1269,aust1307,-5.790677975622922,0.024541599996679018,0,-7.5485399273125005,4.288524153137275
kola1285,aust1307,-7.305280930538304,0.018675397664807906,0,-7.428117841749501,4.299211460129435
kolb1240,atla1278,-8.241634968904824,0.02144815122431423,0,-12.367925130875001,5.814638429630535
kolc1235,atla1278,-8.075129531331832,0.023122480303466444,0,-12.382756660035,5.817042509990035
kolu1245,aust1307,-5.473482968190074,0.005931573201064845,0,-7.569553596035,4.28666611592276
komb1274,nucl1709,-3.095488076056416,0.045893524783262106,0,-3.148720243655375,4.17875255758549
komc1235,atla1278,-8.256528540723005,0.03918228763456522,0,-12.2912286705525,5.889886778095015
komi1270,sino1245,-3.7316248135731196,0.030513792311493624,0,-2.3494073368465003,3.71573517666725
komi1269,ural1272,-0.5813396538431862,0.02178464787774694,0,-1.4885710274915,3.701186221508575
komi1268,ural1272,-0.6888072313903228,0.03135618558585239,0,-1.4691183724624999,3.6924240009348
komo1260,atla1278,-7.005743058956336,0.022338230410462897,0,-12.373012819174999,5.81305969380613
kona1242,east2433,-2.6191362931796833,0.026927099993534997,0,-3.1148133171125,4.631190413143434
konk1267,indo1319,2.6556501025711174,0.026046768404486314,0,2.8601439277525,3.693322764733505
kons1243,afro1255,-0.8281611448898716,0.020075300426783918,0,-1.0252522078534998,3.5768509573114198
kony1248,sino1245,-2.3807779170141345,0.017957723087078707,0,-3.4371946705525,3.71873293474219
konz1239,atla1278,-6.560195781664779,0.02272669428943483,0,-12.392223910999999,5.821824319641305
koor1239,gong1255,0.8304484701770305,0.027265215833687816,0,-0.6882319607437499,3.705106034646815
kore1280,kore1284,1.9453250058752944,0.007422239061353365,0,3.8186638362775,4.31764741720526
kore1283,tuca1253,-0.3425996856139073,0.024979438439913293,0,-0.9076846038124999,3.777059982286775
kork1243,aust1305,2.5765603867580644,0.023251228175536924,0,1.263094840445,3.588700928594175
koro1298,atla1278,-6.961842383561397,0.04254590909188654,0,-12.37205676215,5.78279630609474
koro1313,sout2948,-1.8231200111047263,0.02136925879983118,0,-3.6000791587725,4.6962749270554145
korr1238,drav1251,2.2813089697078324,0.010805810452152785,0,3.66642270948,3.78734557978773
kosa1249,nucl1709,-3.250514256954079,0.01670463333817902,0,-2.846145172458,4.15331835687007
kosr1238,aust1307,-6.095225031086408,0.03425272109565526,0,-7.503692811175,4.301281612975395
kota1263,drav1251,1.691600876796135,0.016428757892856218,0,3.68780142483385,3.700735787616545
koti1238,atla1278,-5.896883777210412,0.043590923780128035,0,-12.414324243275,5.794305254862005
guan1269,tuca1253,-1.145527895322545,0.011446985110836378,0,-1.354034993606,3.848023158882495
kova1243,nucl1709,-2.334870725296586,0.03404691620391119,0,0.94146761533825,3.90742556939452
kove1237,aust1307,-5.009106816709898,0.021635605555147853,0,-7.612118254755,4.299142689534619
koya1251,drav1251,3.117562572178905,0.014802935419422217,0,4.1272036896625,3.74899283912624
koyr1242,song1307,-5.339331072054582,0.0470184263569898,0,-10.7261572368225,5.96625205053037
koyr1240,song1307,-5.269565250255096,0.02805955312220541,0,-10.720373086355,5.989758802456695
kren1239,nucl1710,-4.339453704484271,0.008440976582517867,0,-6.0940784524725,4.621674934502055
gbay1288,kres1240,-5.417442997517815,0.027318304866406306,0,-8.8153788810865,6.172226167453616
kryt1240,nakh1245,2.5209274312221144,0.004407693917732946,0,4.390329929775,3.915652182820555
puoc1238,aust1305,-4.825532470725837,0.021191954241861356,0,-3.54166727873,3.820644179597735
kuan1248,aust1307,-6.176373817440779,0.023569872429719568,0,-7.55658623530725,4.28367408962015
kuan1247,atla1278,-6.30981040567146,0.017233115936282784,0,-12.402902411325,5.81148067026795
kuii1252,drav1251,2.8041685876785856,0.006851431881849267,0,4.1882160560975,3.75933443434173
kuik1246,cari1283,-0.33971064237641624,0.014360663933269182,0,0.07973866153375,3.73748034669595
kuku1280,pama1250,-3.492546489943738,0.015780238377941187,0,-2.35049509078775,4.3563511121183005
kuku1273,pama1250,-3.411177860401705,0.028068547419102533,0,-2.2746359455915,4.3655184167759895
fait1240,nucl1709,-3.0250847533717415,0.017584501720921682,0,-4.07516819598,4.347421400739915
kulu1253,sino1245,1.0360880616874817,0.044480666653109485,0,0.51242304593,3.7366589809040898
kuma1280,nucl1709,-3.005962175593912,0.04069419385792705,0,-3.19770417350625,4.21907019726298
kumb1268,pama1250,-1.2444772083217024,0.01821035580505504,0,-1.5105889937025,4.2093029959783
kumz1235,indo1319,-2.3308101695620382,0.029823386548206616,0,0.08144651753750001,3.7548346030857402
kuna1268,kuna1268,-2.846513005496979,0.028572669780320054,1,-7.7622748270374995,6.674681357769154
kunb1251,gunw1250,-4.796244295899589,0.05569361719403463,0,-3.1072065724505,4.72677299760031
kuni1267,kuni1270,-2.925233843290324,0.015442911902283456,0,-4.221534152899251,4.656606549080465
kunj1245,pama1250,-3.5676509393810836,0.028148958200096295,0,-2.31670419844375,4.3689238603241645
kuot1243,kuot1243,-2.7601744210178323,0.028707977199776823,1,-3.0828992530725,4.936214113804795
kusa1251,aust1307,-5.762027401816349,0.025228849815309158,0,-7.5418157101325,4.275551224873675
kusu1250,kusu1250,3.2577686688534047,0.008050150129794304,1,3.5188980471724998,4.93529214615124
kute1248,atla1278,-8.30338979620689,0.021854614712666507,0,-12.327891060805,5.903768537615575
kuvi1243,drav1251,2.712794678890145,0.004745102994430826,0,4.1777425553375,3.7573940961766352
kuyy1240,aust1305,-5.280514498950648,0.024844630703260154,0,-3.4571659273165602,3.794206627843125
kwai1243,aust1307,-5.886806288814692,0.020948621689605137,0,-7.589208761625001,4.26346065602568
kwam1252,aust1307,-6.86056851362847,0.02344436950390982,0,-7.53774615737,4.29562740641461
kwar1239,aust1307,-5.864453168125358,0.02844102385146109,0,-7.560166428405,4.29033401554233
kwaz1243,kwaz1243,-3.3237073782210995,0.012459037789297165,1,-4.8498549816075,4.652122948585985
kweg1241,surm1244,-3.040022610861587,0.015874117567379147,0,-8.073732080370998,5.813753114765101
nucl1595,kwer1242,-3.481141343354653,0.017253819090966835,0,-3.8039535826775,4.71989898315569
kwin1241,worr1236,-4.309718627847202,0.03693172687089764,0,-3.607889896495,4.85459453514818
kwom1262,sepi1257,-0.6299171823852586,0.03371837063498267,0,0.70468093362775,3.94312223203556
nucl1593,kwom1263,-2.69445868928174,0.013671303284197672,0,-3.29960573652825,4.727143818431655
kxoe1243,khoe1240,-2.102713933450689,0.013509564684514194,0,-2.444034082954525,3.916326100377395
kyer1238,sino1245,0.29877161640541083,0.03777455917281438,0,-2.8931186507625,3.569450114610275
cori1240,atla1278,-8.391025613830593,0.014340606115564,0,-12.28195411325,5.90808328551006
laal1242,laal1242,-6.2497469794381395,0.04471353509080853,1,-8.309675362775,6.380189728781155
labu1248,aust1307,-5.224745530365106,0.02142997733257399,0,-7.579789657775001,4.28061093251142
labu1249,aust1307,-7.191244435088966,0.020192899758516306,0,-7.3487716270300005,4.341478673002075
lach1248,taik1256,-4.296569315456953,0.017061740110341308,0,-4.409558380129,4.419305754084325
lafo1243,tege1244,-4.139135482828397,0.0352147497045696,0,-7.1794374037925,6.2570663726771
lagw1237,afro1255,-5.919658521785193,0.02252148415658707,0,-5.072984532451001,4.30354697179889
zaye1235,sino1245,-3.7846563733326644,0.04726100406634073,0,-2.8979994286125,3.72996119949093
lahu1252,sino1245,-4.006345132797735,0.022987085381333525,0,-4.02558580501425,3.751021046766645
laiy1246,aust1307,-8.172351351095765,0.021918493401466576,0,-7.35648648975,4.306809862112665
lakk1252,nakh1245,2.5792160221463822,0.00723769049471532,0,3.59463142671,3.95233351669055
lala1268,aust1307,-5.803846454758474,0.02535947454199077,0,-7.600416154425,4.292414253959221
lama1277,aust1307,-7.080148963198216,0.030502002204006274,0,-7.4528388904625,4.3277534533223445
lama1288,afro1255,-6.005412889008151,0.01707382523403219,0,-5.097838220837501,4.30254062631351
lamb1269,indo1319,2.7678514094889186,0.025507331912994494,0,2.6628999999,3.7692529010804154
lamb1272,atla1278,-6.53986931580373,0.029162010190278056,0,-12.38663506877075,5.78974965490663
lame1260,aust1307,-5.676518681255017,0.01705038338711451,0,-7.580448860285,4.27002620689819
hela1238,sino1245,0.5919873783400071,0.03333393227005757,0,-2.9064701186175,3.574860461968205
lamo1244,aust1307,-4.998791965277831,0.012410634392847102,0,-7.626201244125,4.292484040434405
land1256,atla1278,-7.873794557188024,0.017032566982951806,0,-12.22562043445,5.92577670656012
lang1320,atla1278,-6.196694681825701,0.02735503679723316,0,-12.352833404,5.797273266235916
lang1324,nilo1247,-4.799917049680156,0.03198484657088517,0,-7.1395880647925,5.3259455811833245
lara1258,lara1258,-4.698703119073583,0.0417320901121238,1,-3.1878617822999997,4.86692527454968
lash1243,sino1245,-3.4293815685307276,0.01905841272704376,0,-4.456012699292501,3.769717502689955
teke1275,atla1278,-7.709268068635766,0.024241851047605702,0,-12.384590007275,5.797045954587665
latv1249,indo1319,-3.2266936358457805,0.031727990635483115,0,-3.8551961752457498,3.96198633448132
lave1248,aust1305,-5.371689802796086,0.03257540101490054,0,-3.6191055320302503,3.80889400725617
lavu1241,lavu1241,-1.790335123144481,0.023440976055966935,1,-3.62501815573,4.731875417763234
lazz1240,kart1248,-0.1274895752226508,0.024885184193059188,0,0.90483665242475,3.8488651854147298
lega1250,atla1278,-6.87031956686676,0.048148454165967684,0,-12.343124991475001,5.771570350511875
lele1276,afro1255,-5.859434079764927,0.024381548876236062,0,-4.84559953007475,4.372179412127135
lele1267,aust1307,-6.801266536504952,0.022607917731379656,0,-7.5957271560325,4.270916967005545
lele1270,aust1307,-6.423661642729808,0.027334737017376966,0,-7.4595812662225,4.311932775998875
lemb1266,nucl1709,-2.212458422474181,0.04203821617908083,0,-3.417379104241205,4.138340110482475
leme1238,aust1307,-6.5937048521947155,0.025688746239029073,0,-7.5456639778725005,4.2847451819575095
lena1238,aust1307,-6.846074047527152,0.02712166716100437,0,-7.54743829663,4.285343027135335
lend1245,cent2225,-3.9913308350661154,0.022908725542334137,0,-9.39904812828,5.549883934521065
leng1259,aust1307,-5.879381559330943,0.026107928511536933,0,-7.52406654265,4.298745724781895
lepc1244,sino1245,0.14573414668743065,0.025348462470975983,0,-2.14217360483725,3.72245774224975
leti1246,aust1307,-8.410130698315673,0.03754088750341263,0,-7.496770645074999,4.298781483618161
lewo1242,aust1307,-5.6826570095567135,0.022092753578788663,0,-7.5674955711,4.27790868466173
lewo1244,aust1307,-8.14564556644339,0.027372651572724126,0,-7.4414263636980245,4.30755382282579
lezg1247,nakh1245,2.52948287909084,0.01169753686836872,0,4.482745088605,3.909870376332395
libi1244,atla1278,-7.706077081630085,0.018392578128708766,0,-12.387105023425,5.7909474417497
liby1240,afro1255,-5.412499094087089,0.02030177698674975,0,-3.0981870734125003,3.83368156920339
lihi1237,aust1307,-6.157210514769915,0.028708966360069563,0,-7.5367150885125,4.281214537653805
liji1238,atla1278,-8.373940349827693,0.01795038277683531,0,-12.3253742638225,5.90911321571363
lika1243,atla1278,-6.82328150356253,0.0303839340169685,0,-12.388294496724999,5.839632498698295
lill1248,sali1255,-4.860938330297976,0.024005740361998186,0,-5.4445933931775,4.869863869282665
limb1266,sino1245,0.5994126471537489,0.022513159481797045,0,-1.21033373551025,3.67713719868006
nucl1327,limi1242,-4.744990394397741,0.04257312090404451,0,-3.369782376945,4.889585933637974
limo1248,aust1307,-7.198039269924932,0.03360731777106034,0,-7.3945985951175,4.31131250072454
lipo1242,sino1245,-3.7368163107319567,0.026011998088793578,0,-4.3344364144675005,3.750529298455235
lish1245,afro1255,-2.5066331025577897,0.02449184080138543,0,-2.7162550112175,3.90385076232158
lisu1250,sino1245,-3.3969614929230914,0.02709161283489967,0,-4.33813342123,3.780983504106605
lith1251,indo1319,-3.1084920196432053,0.02852620957245045,0,-3.8785708502125003,3.98081433434145
lito1235,atla1278,-7.7069155138513405,0.022619932215267334,0,-12.382830172615,5.790597837343765
livv1243,ural1272,-2.0599718464245242,0.01777043689873753,0,-2.628475936827,3.59787479327617
loba1239,atla1278,-7.734883471047095,0.015686159025521756,0,-12.4013841035,5.832554485309791
logo1259,cent2225,-4.077914917341127,0.041763186086009735,0,-9.4148774703075,5.514267473704435
balo1261,atla1278,-7.615200496582995,0.05808339468745207,0,-12.350033761536249,5.808363663701025
loka1252,atla1278,-8.269985902312413,0.015965976264804355,0,-12.295893466755,5.885743249578965
araw1276,araw1281,-3.8845392774118643,0.010551705054543541,0,-5.73978823842475,4.429000071045865
lolo1259,sino1245,-3.7499740971120827,0.02750502456597589,0,-4.3405508922375,3.7494783307608097
loma1260,mand1469,-5.339799541658909,0.015888085951679894,0,-11.0944830307975,5.967402329498655
lomb1257,indo1319,-4.487123290873074,0.026488712573628188,0,-3.758687922717,3.96508267426255
chiq1248,chiq1253,-4.309012196391709,0.0196443628740638,0,-4.56403059106985,4.751709416829115
acha1249,sino1245,-3.5242338341554014,0.022044668305415023,0,-4.4246922884125,3.7723321210594802
long1395,aust1307,-5.912387596591648,0.022438466364528065,0,-7.525775410405,4.289730708256075
loni1238,aust1307,-6.4105894338281,0.019149242016682166,0,-7.4679945386825,4.283185637880241
lote1237,aust1307,-5.0848011970822204,0.005422866570845826,0,-7.6432329799475,4.28350933299784
loth1237,sino1245,-2.248935669124755,0.021084495654825834,0,-3.6278145990862747,3.73987279917838
louu1245,aust1307,-6.382414140176356,0.022583531724463743,0,-7.451822561275,4.2999840827066205
vano1237,aust1307,-6.434970075402223,0.026206101928818185,0,-7.4386099149475005,4.3231528016730145
lowl1260,tequ1244,-5.992581163801512,0.04470895207564847,0,-4.533424636856751,4.88545681616147
lowl1265,utoa1244,0.10627891892450589,0.026016889412149413,0,0.37191645010999996,3.7572130513371196
lozi1239,atla1278,-6.685125626626331,0.025385376210723634,0,-12.42422147205,5.79128823834252
luan1263,aust1307,-7.333261305731567,0.03429454975842378,0,-7.5101716671325,4.2918492582061845
onto1237,aust1307,-5.845168159952024,0.016496982458327578,0,-7.591176721755,4.25694051003425
lubu1243,aust1307,-7.256180773770918,0.03490361129033421,0,-7.424355482265,4.325072226495955
luch1239,atla1278,-6.906492212616514,0.02553590004113509,0,-12.414714074900001,5.834431669554805
ludi1246,ural1272,-1.9937502044195894,0.016048809257459568,0,-2.63388087380725,3.59700385075638
lugb1240,cent2225,-5.2729558143424065,0.046516844216671835,0,-9.3942958503825,5.523725521136315
lugu1238,atla1278,-6.054404706763274,0.02768822880095249,0,-12.360921715975,5.777057050389115
lule1254,ural1272,-1.0614544264098216,0.0214795210219555,0,-0.57830100668075,3.496253009290905
lumb1249,atla1278,-7.683175749960486,0.018915861289981333,0,-12.428273611955,5.813330090446095
lumu1239,narr1279,-4.441574961575013,0.033289293372724474,0,-8.20621766055,5.99134135196698
lund1266,atla1278,-7.0287567296391416,0.026206311233530608,0,-12.375423824675,5.8176792565272155
lund1271,aust1307,-8.28292559944229,0.03173567667603668,0,-7.36309799893,4.311413870254755
luok1236,nilo1247,-4.973910107695209,0.030140659107184015,0,-7.1309203288,5.33090487408654
luse1252,atla1278,-7.6636179113043355,0.019109160505809773,0,-12.429734937325001,5.77501400706784
lusi1240,aust1307,-6.04585723567095,0.02169948758859382,0,-7.602397722825,4.3019176105763695
luva1239,atla1278,-6.932303250972772,0.026709956451968962,0,-12.43513474325,5.82155669236214
luya1241,atla1278,-6.875546231509877,0.024875753010118806,0,-12.39077445045,5.82611249281175
maan1238,aust1307,-8.176128068062187,0.025340764603614854,0,-7.3559855825625,4.352767844663404
maas1239,atla1278,-8.329185197324426,0.02091048332317078,0,-12.182067047724999,5.97246159933736
maba1270,atla1278,-7.558010548103097,0.022780886695719982,0,-12.382908993225,5.81770141574127
maba1277,maba1274,-5.886714722271776,0.030105993227996865,0,-7.82358617402,5.948782879707755
mace1250,indo1319,-4.073382542939833,0.030255862364333964,0,-3.9365175225159996,3.9169895927801948
maco1239,sali1297,-3.3507093894159663,0.015748861710772118,0,-4.69543104528675,4.662254400435399
macu1260,tuca1253,-1.9470090808973204,0.010882121228322803,0,-0.8478339568585,3.78770215460312
mada1285,aust1307,-6.191904513306875,0.023345154276425036,0,-7.5447735983354995,4.302483191775465
madi1260,cent2225,-3.4812101978334895,0.022798271731236767,0,-9.4200058675975,5.547512081966165
jama1261,araw1282,-3.300629624320684,0.011452871856657516,0,-4.93057735845,4.601028381866375
madn1237,east2374,-4.6583152595240565,0.04874984116305644,0,-3.198077871971975,4.9306066178574
mafe1237,aust1307,-6.6869887535814705,0.02524947842178676,0,-7.5798077164775,4.281123969367395
maga1260,indo1319,2.963905886496163,0.030070234811594928,0,2.9217326137145,3.6963670871994303
magd1235,otom1299,-6.336840881897823,0.02395330766775928,0,-5.6651039451275,4.71414305863013
magu1243,aust1307,-8.171888507460938,0.03991658875168759,0,-7.3795985836,4.3139769848192255
maia1254,nucl1709,-2.205968691484196,0.025041455924621325,0,-3.9622454252315,4.38541460179531
maia1253,nucl1709,-3.259410763190469,0.028000039766896793,0,-3.93070303727,4.394890021381125
mail1248,mail1249,-2.3863007801261427,0.024883338712607873,0,-3.5239278425125002,4.64970932420186
mais1250,aust1307,-5.566045501091952,0.024349688929230156,0,-7.582863962995,4.29057181595342
mait1250,indo1319,2.6751336704733455,0.027043393226553036,0,2.90828254817575,3.718482642253465
maja1242,surm1244,-3.047486846378699,0.017828833376890476,0,-8.109998320999999,5.8170310278739645
maka1304,atla1278,-8.09349170893293,0.022696045100196672,0,-12.3710523741425,5.799532628058341
makc1235,taik1256,-3.2315189842400702,0.012685509581586403,0,-4.63210160816625,4.34963117487127
makh1264,atla1278,-5.974442527102632,0.03609175534346633,0,-12.4252803471,5.795967324594665
makh1266,atla1278,-5.917126520085475,0.035522055177698256,0,-12.4118404145125,5.79124993215385
mako1251,atla1278,-5.932809261375052,0.023733170115011287,0,-12.368729689575,5.7901815405111705
maku1277,aust1307,-7.294555693779435,0.022250262148335587,0,-7.5055595636475,4.306509783705545
makw1236,atla1278,-5.865539628667062,0.023949480695642032,0,-12.376975721362498,5.79092122967891
mala1463,drav1251,1.6926891412683762,0.00938825749558483,0,3.83081883122,3.6972948170346296
mala1534,aust1307,-7.177709230896385,0.02876408816209091,0,-7.433110592809999,4.30867295653806
mala1464,drav1251,1.7696241808131554,0.009712997984605636,0,3.8201244189325,3.6894445676155803
mala1522,chib1249,-4.420917329809106,0.014792159559787379,0,-5.538391126155,4.4342259349435444
male1284,gong1255,0.7318442261883262,0.023297956356043457,0,0.331722939058,3.77779665936596
male1297,chib1249,-4.946589979413183,0.01614513702836288,0,-5.528622672825,4.493701177905651
male1289,aust1307,-4.8699502374232155,0.012385513559477698,0,-7.6464992895,4.274082108331035
malg1251,afro1255,-5.9979904265407225,0.017601276631035268,0,-5.0893788454132505,4.312181074072225
mali1285,otom1299,-6.294442753260015,0.028132446837532257,0,-5.5361935587049995,4.785530173725405
malt1254,afro1255,-4.176101645560598,0.021527883505170424,0,-3.102101148815,3.837567336900375
malu1245,aust1307,-6.69823915954185,0.031028837678009222,0,-7.5901900257375,4.295513525175695
mamm1241,maya1287,-6.093142314686094,0.0240670700443085,0,-5.236158630085,4.8000661246995
sauk1252,nucl1709,-1.7420632314005124,0.03467097625877239,0,-2.5645916919625,4.134898934517571
mama1275,aust1307,-7.925549586637871,0.03122872482241901,0,-7.418172656025,4.303400671149185
mamb1306,aust1307,-7.1693049898495635,0.021223874906004102,0,-7.41248284171,4.29438230029646
mamb1294,atla1278,-8.246022571896896,0.028068976169809294,0,-12.36782764067,5.84244153594063
mamb1296,atla1278,-6.676113857406106,0.0322116335782262,0,-12.354896424484998,5.80754862550601
mamv1243,cent2225,-4.214637230408822,0.045900067335894225,0,-9.313230036175,5.57181768990433
mana1295,aust1307,-6.709368831000011,0.02007239972931381,0,-7.5459224107425005,4.309630870344336
mana1298,nduu1242,1.4698056033021119,0.02995309702726683,0,2.741961419452,4.049560339291685
mana1288,sino1245,0.48602923451611835,0.02837875448336817,0,-1.87062323003,3.56596444573935
payn1244,nucl1709,-2.200506306677438,0.020951298741564546,0,-4.0753424813985,4.34939490137516
mand1440,aust1307,-6.194649602199808,0.029302622040540842,0,-7.537943185145,4.283581820382035
mand1415,sino1245,-1.0752039321872222,0.03139694842155283,0,-1.9332263159154999,3.6164846873079597
mand1436,mand1469,-5.0757701151114905,0.023587103235830967,0,-11.115468245854998,5.953425631380625
mang1378,aust1305,-4.579883547815733,0.030415164265216715,0,-3.36921694495775,3.838596779740005
rapa1245,aust1307,-7.530310957552587,0.028489941781055156,0,-7.59909715785,4.26719401039438
mang1401,aust1307,-7.632180497378937,0.03784659129901659,0,-7.5868686177025,4.26172885220745
penr1237,aust1307,-7.253191791341248,0.03221401215594156,0,-7.58239954585,4.27959996479953
mang1381,mang1423,-4.680068740295978,0.04669523634841638,0,-3.3470126641375,4.829404600240795
mang1394,cent2225,-6.019653633995302,0.04098604794901601,0,-9.4004736938275,5.504432215819345
mang1404,aust1307,-5.298434423944925,0.011488421690223169,0,-7.5938286147500005,4.2773193769012945
mang1405,aust1307,-8.024573170197346,0.027100653776347707,0,-7.4091719673,4.30882926560949
mang1403,aust1307,-5.0781549837870505,0.011451495573503131,0,-7.608289167255,4.300991123669565
moni1237,otom1299,-5.803431243871224,0.023514341881362765,0,-5.508590950227751,4.793864673176275
tong1308,aust1305,-4.745509728691043,0.029472607373457166,0,-3.7324566413199998,3.86081121277785
manm1238,aust1305,-4.417806278939768,0.022641539260269745,0,-3.29132678214475,3.7447903230242
mann1248,mand1469,-5.26320291760047,0.04693039935876814,0,-11.050458639575,5.988762767264085
mans1262,aust1307,-8.147345177796891,0.03824233529087571,0,-7.3932174011575,4.309714310398525
mans1260,hata1242,-4.736809581637489,0.04399164460420541,0,-3.123394150502,4.868494551079079
manu1258,aust1307,-8.629289516252587,0.03673106346537,0,-7.3808135202875,4.321400346796855
maor1246,aust1307,-7.090987546648683,0.0318243198504089,0,-7.60126643686,4.2675979563655595
mapo1242,aust1307,-6.344453349083524,0.011931393568174192,0,-7.5774827055157505,4.25918850943369
mapu1245,arau1255,-3.335274406640868,0.008644135215295754,0,-4.7878464916525,4.70278129293607
mara1382,sino1245,-2.822649972347259,0.0187249116837869,0,-3.1398719863225,3.77531301416911
mara1399,aust1307,-6.721315977914493,0.033209824534837,0,-7.585788180665,4.28791770453559
mara1379,sino1245,-2.3419998742241486,0.013560701747155766,0,-3.4232954859525,3.72348899627735
mara1386,west2434,-4.726896188137733,0.036473721801225066,0,-3.4921427862175,4.834881465542
mara1378,indo1319,2.9707169416614336,0.03244511142654854,0,2.8210711463475002,3.7170486803377
marg1265,afro1255,-6.037907113715148,0.014029628129702206,0,-5.078437390487499,4.291321257451655
mari1414,drav1251,3.529332585306526,0.015693456380483202,0,4.1345196526225,3.791549678294305
mari1440,coch1271,-2.9052984390094627,0.007818033882376771,0,-4.68881353128125,4.755760896689545
mari1428,aust1307,-5.355341612473701,0.014735953118447402,0,-7.58990954515,4.25212140884141
nucl1622,anim1240,0.27033424780139015,0.014814453378940984,0,1.7758463381074998,4.090146781987465
mari1416,sino1245,-2.844612792621673,0.05250908839221051,0,-2.634998820895,3.70627586860706
mari1424,west2434,-4.734267428082571,0.03802305656055892,0,-3.48291828682425,4.8371005274680705
maro1244,aust1307,-5.759974389325271,0.013312612584616492,0,-7.558260749117499,4.2650859132593
mars1254,aust1307,-6.141728196310575,0.03161580701617186,0,-7.5259266746325,4.280286592026895
mart1255,pama1250,-3.2065109389741875,0.01464110671834018,0,-2.18261141764075,4.207539985694645
maru1249,sino1245,-3.6679424946042753,0.025751722084938807,0,-4.463758830981,3.798735950118655
masa1322,afro1255,-5.89502558208319,0.03164732491260844,0,-4.86664714383675,4.35534063596376
masb1238,aust1307,-7.705234020120621,0.02813291738801308,0,-7.38535434999,4.31251664769675
mask1242,aust1307,-6.737505743561201,0.036086461128162356,0,-7.57904683857,4.293758777137965
matb1237,aust1307,-7.536758740720112,0.03758031074205383,0,-7.458623692575,4.2999731239547145
kemb1249,aust1307,-8.116450676814559,0.028187042478034587,0,-7.34187656412,4.33591593592615
mati1250,aust1307,-8.098114787977112,0.030444032345812968,0,-7.43086910868,4.31572211075253
mato1252,aust1307,-5.071461182765988,0.010057014518729212,0,-7.6035535671075,4.284374934041255
mats1244,pano1259,-3.864806500768641,0.01277380173245807,0,-5.5311041483275005,4.35229602942503
matu1261,aust1307,-6.497513887066318,0.02214480251852882,0,-7.6019521797025,4.2641688562819
matu1259,atla1278,-5.936508310865843,0.025239940866814806,0,-12.3767248865,5.78043027450327
maun1240,iwai1246,-4.707578315566088,0.05293920112649263,0,-3.271213411322,4.80202740124209
maxa1247,nucl1710,-4.358153144103437,0.006307594470370849,0,-6.092438379472499,4.615111380384645
maya1285,misu1242,-4.492656093054276,0.014115566218314897,0,-5.0394699018675,4.674244756573255
maib1239,mayb1237,-3.8240179379504977,0.04096119503273012,0,-3.527397587295,4.84980829104295
mayo1264,utoa1244,0.3018351203827376,0.013116131669432138,0,2.39476832695725,3.72556886060375
mayo1261,atla1278,-6.756555431983884,0.028167130403015914,0,-12.340954152725,5.820042139627815
maza1304,afro1255,-6.012421410116019,0.032688229965813324,0,-5.0018869279075,4.338725208488334
mbaa1245,atla1278,-5.752867106864813,0.014936335511884235,0,-12.3622016477975,5.81759368576641
mban1263,atla1278,-7.711837354339873,0.035151310298020905,0,-12.359586501825,5.78995581110105
mbar1260,afro1255,-5.8840407710330815,0.027883639648276316,0,-5.06855640659,4.311822204801475
mbay1241,cent2225,-7.162715884524895,0.029146534481153404,0,-9.334406445025,5.58546566859384
mboc1235,atla1278,-6.82989091485666,0.013873439589866494,0,-12.40760819245,5.829669332652195
mbol1247,atla1278,-7.264987489227929,0.020129802507027703,0,-12.418161802625,5.788923064575645
mbug1242,atla1278,-6.125699765197858,0.02656373336474604,0,-12.380358873075,5.806977296104045
mbul1263,aust1307,-5.88987944519037,0.00903870920341745,0,-7.59527756263225,4.2730940483337445
meen1242,surm1244,-3.0335572081720756,0.015714118877285115,0,-8.06624040887075,5.81742157660835
mehe1243,sepi1257,-1.965377050602046,0.03206913780640096,0,-1.33458419235375,4.18107377444133
saki1248,tupi1275,-4.3608051219006185,0.024052749683977866,0,-5.890400831932499,4.4916034335118304
meke1243,aust1307,-5.686752250822806,0.007416784941933539,0,-7.594953148077501,4.290959475036875
mele1250,aust1307,-6.7910708792416905,0.032477752859862805,0,-7.570342161495001,4.274442893240305
melo1242,gong1255,0.6526287028134234,0.04924624804878306,0,-0.6385944020177501,3.7327052805272602
melp1238,nucl1709,-2.147829963500505,0.035866118757820156,0,-3.3808845986025,4.15183399175283
mend1266,mand1469,-5.275707394557652,0.022572249806724794,0,-11.084748804539998,5.982260849156475
mere1242,aust1307,-6.648095107941709,0.032343234666837396,0,-7.56667994965,4.2845981908519395
meta1238,atla1278,-8.257099604167266,0.021142088232587817,0,-12.303690256625,5.90071135053255
mezo1235,otom1299,-6.331250264477936,0.024412482882803867,0,-5.607288562592499,4.763382641591245
mezq1235,otom1299,-6.123723619193427,0.025627910904849054,0,-5.5213593601302495,4.764723372454435
midd1327,aust1307,-6.326544264221609,0.01505229726875753,0,-7.5970644631325,4.263969130049389
mika1239,musk1252,-3.8381345116411185,0.008353752726610283,0,-5.2549599401425,4.7140430197034995
mikm1235,algi1248,-4.312330371526784,0.005511826788666883,0,-5.4194663336595,4.721611344211835
mila1245,sino1245,-1.4081163462696655,0.016410014050490564,0,-0.588298215455,3.6271495109151397
mina1276,afro1255,-6.003096454568035,0.026497142708654532,0,-5.0156453264237495,4.351809763089695
mina1268,aust1307,-7.4540230067793,0.03099687159393614,0,-7.424816908725,4.287266272351831
mini1256,huit1251,0.43267499882917715,0.00849290864885389,0,2.2659017755225,3.90178385424651
mini1251,aust1307,-5.091327407989487,0.01897507606494246,0,-7.5422477452175,4.290649081128295
minn1241,sino1245,-4.314115808785533,0.024515083970043077,0,-2.6133061147029997,3.821612474959225
misi1243,aust1307,-6.505744637244284,0.0313274936657203,0,-7.5571292812625,4.289305575691175
misk1235,misu1242,-4.493215842334588,0.024831481377303986,0,-5.007772950990001,4.6698763399643095
mixt1426,otom1299,-6.328571256738014,0.024517927514737088,0,-5.6501371204875,4.758186802312835
miya1266,afro1255,-6.124123647906648,0.012652136271466951,0,-5.0737672568050005,4.303935654899045
miya1259,japo1237,1.2613048773693347,0.02589836625197535,0,2.4773551822562503,3.7147626178179154
lush1249,sino1245,-2.60655834976918,0.022457385958429995,0,-3.1858094962805,3.73776250642247
mlab1235,aust1305,-3.837668533556041,0.021508303557691608,0,-3.55447764235275,3.7939577183523747
moba1244,atla1278,-8.377810503395047,0.020250471481706864,0,-12.37568747125,5.806077706121425
moch1257,maya1287,-6.129987529972317,0.04258844899147659,0,-5.26060128396,4.8360608325827
moco1246,guai1249,-4.4443183192212885,0.01840360548614712,0,-4.72924816463,4.772372731359595
mode1248,indo1319,-4.351268337948637,0.04429585617437218,0,-2.2614991619207503,4.152060059044005
hebr1245,afro1255,-3.486379656762278,0.023351915123482534,0,-2.5662076518749997,3.960719772758445
moha1258,iroq1247,-4.991771429189135,0.020277877553951353,0,-5.24029358342025,4.825729378356796
moii1235,west1493,-3.852136086891713,0.019157949235744733,0,-3.697608589385,4.783412193631079
moke1242,aust1307,-7.213560229351767,0.030863791997317237,0,-7.410151204177501,4.296038242414459
moki1238,aust1307,-6.090275471608006,0.035553185569262076,0,-7.509394168402499,4.289590918224345
mokl1243,aust1307,-6.108839747307059,0.020642639355063223,0,-7.41993183724,4.275488492497335
mokp1239,atla1278,-8.185301440952488,0.020925880349093397,0,-12.369504579105001,5.863997057657555
moks1248,ural1272,-1.0550490286551395,0.013802930470637655,0,-1.8327310615924999,3.71043524760467
nucl1452,momb1255,-2.964259469993312,0.04928619822929404,0,-3.4601463643,4.71056595245285
fass1245,baib1250,-3.538491289602681,0.037292113844682936,0,-3.1602100689827504,4.74076209658376
mong1338,atla1278,-7.493619344959954,0.01992480872236605,0,-12.41655438125,5.813333807586605
mono1273,aust1307,-4.805841710123587,0.021580821847057608,0,-7.541559461208999,4.278116629039285
mono1270,atla1278,-7.696668256912565,0.024161693510320385,0,-12.365523633392499,5.82277745517628
mono1275,utoa1244,0.8911533899802535,0.012883285661487071,0,2.654917074001,3.6929040818134604
nucl1458,monu1249,-3.1441410160529593,0.02842902684481178,0,-3.33718518899175,4.86024303183097
monz1249,atla1278,-7.765157968784468,0.02851947259808201,0,-12.3502377401675,5.799941029985931
mopa1243,maya1287,-5.98379840875343,0.023891429195619894,0,-5.266954355787499,4.788996974561485
morm1235,aust1307,-8.335291269707533,0.03664725640714892,0,-7.41177264695,4.31273571819855
moro1285,heib1242,-4.472752066926794,0.025280605439363054,0,-8.57028304326,6.1401838864575105
mort1237,aust1307,-6.229795231844287,0.02296423899415736,0,-7.518501284896249,4.27791426640459
mose1249,mose1249,-2.9269560799992975,0.0077657876968326885,1,-4.6105906195275,4.692539120195305
temb1272,atla1278,-7.5962633326556315,0.02939762819275916,0,-12.386406458682501,5.779381928441129
motu1246,aust1307,-5.8376190076331085,0.019923032098889563,0,-7.5986915439375,4.299582001023834
mouk1239,aust1307,-4.971205888273732,0.010467018279920148,0,-7.61728608733,4.27820518092641
moun1252,koia1260,-2.9706045922507487,0.0443338585706319,0,-4.017107623217,4.595125227841865
movi1243,movi1243,-4.2062899781081455,0.021228141826537025,1,-4.2217613365030005,4.72921392890002
tang1347,aust1307,-6.689519517195755,0.03701395166544373,0,-7.56818780853,4.27664709441871
moyo1238,sino1245,-3.887882297994749,0.027335374428756574,0,-2.447124919254,3.7029931033957304
mpad1242,afro1255,-5.929526615565538,0.02743412841854339,0,-5.09020671084,4.291668570351925
mpii1239,sino1245,-5.284997200063844,0.02851659482165967,0,-3.3116943792975,3.651493989215905
mpot1240,atla1278,-6.413391005649005,0.02833799561532939,0,-12.36796622745,5.791671819251565
mpur1239,mpur1239,-3.7906789255633955,0.03917226070038651,1,-3.686168435705,4.82528689871218
mual1241,aust1307,-8.125323083334388,0.03762163797425048,0,-7.4022899607475,4.313243267368205
mudu1242,aust1307,-6.07728175351536,0.01988558051320658,0,-7.510713414247499,4.305335448610155
mudu1239,drav1251,1.777881966530034,0.010332229682343054,0,3.7524193901725003,3.689340913255335
mull1237,nort1547,-4.679035625543834,0.030345519064012644,0,-2.8232243106435,4.81664182885001
nucl1240,atla1278,-8.330919825123695,0.033383788987557526,0,-12.383318398130001,5.836519259140125
munc1235,sino1245,-3.2448606283121357,0.02756042416783323,0,-3.4127107294775003,3.7336093751908903
mund1328,atla1278,-8.277690023431237,0.02035906598178997,0,-12.3160829761,5.90230481986926
mund1325,atla1278,-8.22038386321046,0.028069490587396585,0,-12.366160341099999,5.82306264804248
mund1320,aust1305,2.0103228660766264,0.015580900146697343,0,1.50266353607975,3.5558275127650347
mund1326,atla1278,-6.2209254341415745,0.027986091391559845,0,-12.3495621189,5.782292967214455
mund1330,tupi1275,-4.135233320706638,0.008064149651609584,0,-5.87650997239575,4.517625432228295
abar1238,atla1278,-8.281138957139618,0.01806214007347225,0,-12.3220902124,5.878831932592455
murl1244,surm1244,-3.7555486927125443,0.02794474319978503,0,-8.0818851194275,5.81589209553446
muru1274,huit1251,1.6252694616531072,0.021368983023123653,0,2.013027113659,3.91715658894082
muru1266,pama1250,-2.537000821730188,0.01892074361399461,0,-0.7362790019645,4.160386210737061
musg1254,afro1255,-5.917590546682597,0.02221791964167905,0,-5.0767235798999995,4.309468614092561
muso1238,aust1307,-6.256178566598569,0.026946275271853726,0,-7.5813626943982495,4.301187171268555
muyu1244,aust1307,-6.352202576586849,0.023627520848225593,0,-7.552850510438249,4.296809982306205
mwag1236,afro1255,-6.132777459599166,0.026429785078101602,0,-5.0838348373925,4.32459532360932
mwan1250,mand1469,-5.493031984853914,0.02016191008849849,0,-11.04957354735,6.01782044970719
mwan1247,atla1278,-5.8555213499392345,0.024448607809606407,0,-12.3601369523575,5.758675527479104
mwer1248,atla1278,-5.989290054985249,0.02370888057359722,0,-12.3921767782,5.8113692609443
motl1237,aust1307,-6.581804629349538,0.030864343930912346,0,-7.5638205817949995,4.28798236496165
nade1244,nada1235,-3.2008188507460194,0.00863871194713482,0,-4.6263385260700005,4.515006013481225
sout2857,aust1307,-6.746890210026004,0.02867764278591704,0,-7.56061298142,4.28470755392487
naka1262,aust1307,-6.1585990217657836,0.0223789784297683,0,-7.561428145495,4.316252343680305
nali1244,aust1307,-6.2071949033403975,0.024918312130597954,0,-7.523695526245,4.311672408622415
nama1268,aust1307,-6.791900122023008,0.031951801621279474,0,-7.5883729075375,4.247490847080336
litz1237,aust1307,-6.731759573593806,0.03348664117673852,0,-7.5706809846575,4.300671402805065
nama1264,khoe1240,-0.08431280395936566,0.016252828808463054,0,-1.19645928317075,3.87519963309731
namb1293,more1255,-1.0618780388064684,0.028396192067580282,0,-1.74573664040775,4.140925871832185
namu1246,sino1245,-3.6193869115752655,0.035686974284307005,0,-4.42596602298,3.8300622118095653
nana1257,tung1282,2.6148321291538945,0.008639897813766395,0,5.367862564465,3.68644283942501
nand1266,nilo1247,-4.498104485900038,0.02760177177198429,0,-7.118122326722499,5.389436110896694
nang1262,aust1307,-6.325072314023599,0.03088757883895194,0,-7.4543558230925,4.306772335359115
nara1262,nara1262,-2.048889415008699,0.018025916362953642,1,-8.496019825367501,6.274697200700655
yong1270,sino1245,-3.609664635213649,0.03254582912752058,0,-4.397588925236175,3.8123514235279448
naru1238,pama1250,-2.4880011197486978,0.01957824631701132,0,-2.2669179830625,4.26063643459077
nati1244,aust1307,-6.749803756916666,0.02216500458456228,0,-7.5834966276,4.305305628327205
natu1246,aust1307,-6.317849605311313,0.032697222624575556,0,-7.500488062135,4.32953093070973
naue1237,aust1307,-8.33202240210235,0.037324694954714376,0,-7.5017146430674995,4.31705309250328
naur1243,aust1307,-6.1504320044872305,0.03312887080789346,0,-7.49150853217575,4.29853426194269
nava1243,atha1245,-3.229944976003858,0.032911193953758626,0,-6.0887443965625,4.76966762886644
nawu1242,atla1278,-6.93859620772608,0.016839614970946454,0,-12.374673072450001,5.841088845665215
naxi1245,sino1245,-3.5108039444406933,0.019146813335680687,0,-4.4103979485675,3.823401004514275
ndam1239,atla1278,-6.296850306105858,0.03607319392599836,0,-12.395513938099999,5.775322017857805
nden1248,atla1278,-5.906679862392883,0.02594867886188849,0,-12.372697379425,5.7804299142763895
ndog1248,atla1278,-6.575027714992729,0.030748703158672553,0,-12.35113079095,5.829126794723161
ndom1245,kolo1268,-3.4757418078816746,0.029844591888389036,0,-4.0143328900325,4.618740483537225
ndun1249,atla1278,-6.1074641522663535,0.01411984692349858,0,-12.363487115925,5.82668280422786
nege1240,aust1307,-7.565557882925464,0.0335457747421471,0,-7.4240990960249995,4.29945581376193
negi1245,tung1282,2.5440555358619346,0.013658807034404603,0,4.9921511445085,3.699213457808005
neha1247,aust1307,-6.052105063907822,0.023965343974961032,0,-7.548663877192499,4.30707131646843
kuma1276,aust1307,-6.772731427821923,0.03015003141669839,0,-7.535086720160001,4.297897875162651
nenn1238,more1255,-1.0764935762198127,0.045692762855904304,0,-1.7570070266575,4.165874772135225
nend1239,nucl1709,-3.2648979594856087,0.029076936882578723,0,-4.0390681817275,4.40196913478959
neng1238,aust1307,-6.8582546945251845,0.025657608593038433,0,-7.5225158128292495,4.306373332856396
nucl1706,afro1255,-2.846766036577543,0.030951894543068507,0,-2.70085451574975,3.93958533988378
nepa1254,indo1319,1.8509502182402386,0.01823472315792789,0,2.60107135507125,3.74758571549936
nese1235,aust1307,-6.700350900408626,0.03446776928315217,0,-7.5563561643425,4.2771257982157405
vinm1237,aust1307,-6.73632799868979,0.02535048998491425,0,-7.5787794733,4.29579514465349
ling1265,aust1307,-6.737252788437179,0.026188812418907186,0,-7.566328699910001,4.290703009480801
nezp1238,saha1239,-3.3792314323377903,0.010688000306026285,0,-5.2295022886944995,4.831383272581165
ngaa1240,pama1250,-2.661983489000889,0.02095211724376859,0,-1.45501701419075,4.088937200268755
ngab1239,chib1249,-5.715864147155606,0.026674077420695105,0,-5.533340674390001,4.466987202896171
ngal1292,gunw1250,-4.783495180330384,0.044448000689131476,0,-3.13191589397175,4.7244622537645
ngam1268,cent2225,-7.262466346832502,0.04185115494049962,0,-9.330951241585002,5.5957249397847395
ngan1291,ural1272,1.697334824643364,0.026802013581539174,0,2.5156549383745,3.847227412594575
ngar1235,pama1250,-3.9029001045366174,0.03141322120717488,0,-1.79649388812125,4.197290680645435
ngar1284,worr1236,-4.075963481756444,0.03742998159586299,0,-3.5915182566525,4.874232241832795
ngas1240,afro1255,-6.125463932407923,0.023392953114830944,0,-5.067799893595,4.323320582032645
ngba1284,atla1278,-7.816328804270941,0.02807821870551215,0,-12.3432161422325,5.81381151420848
ngba1285,atla1278,-7.727181407835286,0.023980719970231205,0,-12.369516797125,5.8406800913490695
ngit1239,cent2225,-4.156954322015467,0.022814157917403304,0,-9.394657140925,5.5596218010732255
ngom1268,atla1278,-7.60383007316023,0.022781568434646862,0,-12.42470062975,5.7851073098520995
nhan1238,pama1250,-3.6097817890641357,0.014442181914733315,0,-2.10055337014325,4.211954680311109
nhen1239,tupi1275,-4.006369268253088,0.022217717165096715,0,-6.01539681042,4.449511142037905
niha1238,niha1238,3.685493090053712,0.01790297474102692,1,3.6769438461829997,4.5708216701184
nila1242,atla1278,-6.331529443753327,0.024968638923545845,0,-12.38309817528,5.789480753374745
nucl1633,nimb1257,-3.0403840942820053,0.023004950655201566,0,-3.24871452826,4.6603634585669695
nina1238,yano1268,-4.938647352435119,0.025568072269448953,0,-4.711172065487499,4.48233331509832
labo1244,aust1307,-6.732864682075293,0.02658756687878558,0,-7.5832022966,4.30344000706867
nisg1240,tsim1258,-4.482006248593434,0.02877949313453859,0,-4.6936970460925,4.94169855895238
niua1240,aust1307,-5.916935320865981,0.02362270916454234,0,-7.57931727625,4.270372799304855
niue1239,aust1307,-7.116116819098556,0.031200001666585073,0,-7.5615466936025,4.263784653666885
niva1238,mata1289,-4.289852604015846,0.017732506119480247,0,-4.812483474495,4.79633675813404
njan1240,atla1278,-8.244231252403962,0.01588873002728013,0,-12.280360240055849,5.92451810971561
nkon1248,atla1278,-6.902568095367277,0.016938874792564854,0,-12.34281823345,5.812934158145505
noct1238,sino1245,-2.299665077179287,0.024085239553236507,0,-3.3418093442699996,3.741507529526645
noku1237,aust1307,-6.634439702578771,0.021290199942105015,0,-7.541471139977499,4.278509854793405
noon1242,atla1278,-7.705853305370507,0.01514304525330776,0,-12.1644759171975,5.955146344641905
noon1243,atla1278,-8.264209596555535,0.018674164763452294,0,-12.322958600225,5.882433542166425
nopa1235,otom1299,-6.314476539053097,0.026132197987496417,0,-5.6393195416675,4.741222316040405
nort2839,aust1307,-6.755199449439138,0.026290889978313466,0,-7.5760612512000005,4.284968056307325
nort2697,turk1311,1.491391854442393,0.01352031811621176,0,4.52588345435,3.595210267009655
darg1241,nakh1245,2.5176406030919507,0.045491011745765655,0,2.36068342758325,3.864937676964975
nort2930,kiwa1251,-2.233726946242661,0.01806514353966239,0,-3.61557729391,4.62618907874894
nort2836,aust1307,-5.706922399553019,0.024417726532051973,0,-7.596096978035,4.28128035918203
nort2724,sino1245,-3.5350444355738304,0.019451339086398015,0,-2.8996320044175,3.74362697632278
nort2972,choc1280,-3.805000951677931,0.011984887956786634,0,-5.378030764145,4.4802363921608706
nort2702,drav1251,3.1864828965127288,0.010149787628201902,0,4.109640548992475,3.789659423097155
gumu1244,gumu1250,-2.1074701356560634,0.009911612565220038,0,-8.85595491884,5.83837028892389
nort2938,haid1248,-4.584347734913783,0.026259572869026433,0,-4.985383154665,4.9195873081592
sing1264,sino1245,-2.2981926847199388,0.020549500294067845,0,-3.461180498035,3.703999597963795
nort2877,aust1307,-7.328557885556224,0.028221219140777663,0,-7.4308046594625,4.3305578037904855
nort2684,aust1305,-5.229112691209679,0.01963171126760015,0,-3.393732645355,3.817671192464175
lush1252,sali1255,-4.697824706636333,0.021511616776093742,0,-5.4481847364,4.84142444815164
nort2774,atla1278,-7.4934313136643125,0.028216306998081822,0,-12.364787435125,5.79079939817931
nort2954,utoa1244,1.1066134556184033,0.016050420536640676,0,2.6581747272399996,3.721497963475145
nort2957,utoa1244,-3.0646963838604044,0.018186063440926117,0,-0.06142426455625,3.82997660409094
nort2723,sino1245,-3.5438276265447897,0.021947105585400164,0,-4.4585509931225005,3.816482235599385
nort2747,hmon1336,-3.6561236982780185,0.013522691336792953,0,-6.06021726935,4.3349525864081
nort2722,sino1245,-2.9521832384946283,0.01465714406661271,0,-4.446166171185,3.814699214883805
nort2994,aust1307,-8.059937594450483,0.026200510182439914,0,-7.4181252866,4.262614780330646
nort2885,aust1307,-8.050383176488532,0.028698417127787847,0,-7.413877314575,4.320524871736885
tosk1239,indo1319,-4.2268385188048745,0.021825212912194636,0,-2.3199446618925,4.08348984173575
nort2732,sino1245,-3.420002716656766,0.026247586909496936,0,-2.5483462176525,3.71126284986436
nort2690,turk1311,4.098365577127184,0.027988913501061398,0,4.296544713702501,3.6595741094978997
yoku1256,yoku1255,-2.625474007977844,0.02925802184019648,0,-4.9275861402375,4.867979362205245
nort2745,yuka1259,1.307137899089035,0.007297113127291754,0,2.28459834802425,4.370331639157316
nort3047,afro1255,-5.980376579760257,0.026972785738310558,0,-5.0736972840775,4.30679768962543
nort3139,afro1255,-3.1112574547255027,0.024249058624215687,0,-3.055777437202425,3.827726314298965
nort2845,aust1307,-7.575635815341143,0.03630239453429731,0,-7.583288680875,4.265158003981415
nort2671,ural1272,-1.8757111557794246,0.03534379240650139,0,-0.56857694883825,3.48691167313315
nort2942,atha1245,-4.115216795702796,0.01657087543685581,0,-6.1201763303,4.7479900448240695
nort2847,aust1307,-6.847889971645147,0.03259421056231967,0,-7.5539841968,4.28633054457633
nort2699,drav1251,3.564178481076823,0.01355082490038347,0,2.8352062643982503,3.88895062566205
nort2961,algi1248,-4.156767440640588,0.008214359494501312,0,-5.4973159330275,4.677700420278695
nort2775,atla1278,-8.065732823783753,0.024800298383062903,0,-12.36771779115,5.833468163978715
yaki1237,saha1239,-3.314539216974813,0.010419556792517983,0,-5.231462481865,4.851417590126955
nots1237,aust1307,-5.117158666067631,0.029051179202994354,0,-7.536340207535,4.28688618222675
nsen1242,atla1278,-6.543970141455732,0.05120710136897995,0,-12.363069213275,5.800506611313405
nuer1246,nilo1247,-4.071587712643695,0.026943720482909442,0,-7.1234050543,5.37542050401814
nukn1238,nucl1709,-2.751631794269705,0.035053091404605344,0,-2.4280002572425,4.1473630316452255
nuku1260,aust1307,-6.16177838508128,0.032529206675448,0,-7.6187132951,4.2660038664570905
nung1282,sino1245,-3.2826535973168403,0.01994051836408465,0,-2.54017334596525,3.740573043261215
nupe1254,atla1278,-8.380869502609453,0.030945881232732765,0,-12.31525947731,5.874912413191986
nusu1239,sino1245,-3.411011113594118,0.019854395936525993,0,-3.9731939677600003,3.74777024001441
nyah1249,aust1305,-5.366739966705709,0.052698408199934876,0,-3.616725821253,3.817389524552315
nyah1250,aust1305,-5.006395732950755,0.02194670863615242,0,-3.4124404240675,3.8413755246602
nyak1260,atla1278,-6.47825934058624,0.035633803858563504,0,-12.350415981325,5.76154593845961
nyam1285,afro1255,-6.094761087443622,0.029057405055767403,0,-5.111514452210001,4.325581041605529
nyan1307,atla1278,-6.517651810116522,0.028736512381349198,0,-12.369367646075,5.807723665892305
nyat1246,atla1278,-6.329879891874034,0.024128935187279734,0,-12.3900166036,5.836898369233484
nyis1236,sino1245,-2.0273179968593285,0.019382537320056802,0,-1.45987528971375,3.543425520256045
nyor1246,atla1278,-6.2652966509885335,0.02080750058392223,0,-12.37703646325,5.773888601884335
nyun1247,pama1250,-2.75591635013639,0.013037939540093715,0,-2.206333652415,4.207915137507635
nzad1234,atla1278,-7.415740181747893,0.022459822204419062,0,-12.42349186965,5.772409080408565
nzak1246,atla1278,-8.095784088220302,0.02233544740989412,0,-12.338969983225,5.777924814258655
nzak1247,atla1278,-7.385335469307858,0.021107955725836004,0,-12.36877991265,5.793773235834745
obok1239,lake1255,-4.386100849737111,0.04205624310098592,0,-2.9390933466322497,4.7749086539782155
occi1239,indo1319,-4.78181488475489,0.02192340235882958,0,-3.7695476631095,3.9535628490733448
ocot1244,otom1299,-6.343846471870838,0.026978887202346313,0,-5.660005425375,4.71346143117626
oriy1255,indo1319,2.620140712452833,0.02571662622942089,0,2.839406759155,3.7259862577030702
ofay1240,nucl1710,-4.206795680661999,0.0098831957283498,0,-6.03474076135,4.61070388536772
kalm1243,mong1349,0.3093909901169207,0.009757302794225547,0,4.0761247036725,3.58004755129695
okan1243,sali1255,-3.6694096971410444,0.013121734331631458,0,-5.48995791914,4.844127707126555
okin1246,japo1237,1.4967216992558277,0.01529109698707119,0,2.3512004919900003,3.67520650646688
okoe1238,atla1278,-6.9513896145871925,0.02742221821680261,0,-12.339272775049999,5.895380597240625
oksa1245,nucl1709,-2.561287624850795,0.032833496857707874,0,-3.15227618995,4.17902532211804
okuu1243,atla1278,-8.248840716844079,0.043639812150421606,0,-12.274302639525,5.887613030149845
oloo1241,nucl1708,-4.055077439603217,0.04731980817463669,0,-3.7286605280925,4.61180981092972
olut1240,mixe1284,-6.092182608595626,0.029568617197356654,0,-4.6934244418665,4.702773549597935
omah1247,siou1252,-4.471441725995458,0.018520154100608092,0,-5.1728929659150005,4.81633488881005
omie1241,koia1260,-2.8403151920921026,0.04462391027782089,0,-4.0031375806675005,4.62026923643351
bira1253,bira1253,0.5649463483936905,0.02191158483882421,1,3.3620657355560004,4.294417107572309
orma1241,afro1255,-2.946493703804259,0.020534356798842576,0,-1.020258892554,3.56329432563269
oroc1248,tung1282,2.677679934633508,0.013942138566825475,0,5.33645587200985,3.67846679498813
orok1265,tung1282,2.4164675706515837,0.00830130856520516,0,5.3822381496750005,3.682069745037805
orok1269,nucl1709,-3.326885906000297,0.039967007370736364,0,-2.94290549181,4.17524311309975
orok1266,atla1278,-8.222258793704814,0.020268440140054817,0,-12.3722690946,5.84623036157957
orok1267,nucl1580,-3.4544331743765433,0.04311723850150302,0,-3.234888254225,4.7071070855629
orow1242,aust1307,-6.818271086137728,0.029552105314975746,0,-7.5249468607250005,4.309260722644855
otor1240,heib1242,-4.363854891797629,0.025981265362935334,0,-8.526107163915,6.153080005398815
otta1242,algi1248,-3.978402558622974,0.01144347830611184,0,-5.4765480433075,4.66200439576786
owaa1237,aust1307,-6.109421820230446,0.02503709744089767,0,-7.5422491983275,4.280610049667435
paaa1242,afro1255,-6.130646502241865,0.026117741034077192,0,-5.0384027564575,4.31873632418875
paam1238,aust1307,-6.751173575607687,0.03891508130235131,0,-7.602062326175,4.280384655873535
paas1238,atla1278,-6.948883607787628,0.024692160418122108,0,-12.3680630014,5.809733000160155
paco1243,aust1305,-5.311061731175174,0.02702726003583462,0,-3.44594101207575,3.788718563121555
pagi1243,atla1278,-7.468499083466691,0.026735624136467597,0,-12.374222015775,5.808546456883491
pagu1249,nort2923,-4.215862949152312,0.030066848897133118,0,-4.414474935495,4.6510838695259995
pahn1237,hmon1336,-3.842484740792848,0.007421079723789278,0,-6.071018268905,4.32302357371306
pait1244,sino1245,-2.8120361009034123,0.01884809529401669,0,-3.39761825682475,3.7392389794208247
pala1344,aust1307,-7.713661155479496,0.036106407595184305,0,-7.223162731225001,4.34523856015211
pali1279,araw1281,-4.496427860432273,0.01642378877631259,0,-5.658289499645,4.4880687580902805
balu1257,aust1307,-6.379438595181418,0.013575805157447485,0,-7.456326209849999,4.281972328958605
pamb1243,atla1278,-6.894407719147891,0.024263500886479595,0,-12.372500671075,5.805700298817805
pamo1252,aust1307,-8.380748923761722,0.03129162128394774,0,-7.352965280895,4.31543513011982
pana1307,nucl1710,-3.6169881283329928,0.009967471793831166,0,-6.1239007743375,4.579678766027145
enap1235,cari1283,-1.500166592003986,0.010003751773084069,0,-1.67991152081225,3.8442435148284053
pang1290,aust1307,-7.491789173859736,0.030424892842754115,0,-7.422142534755,4.343864832406325
pang1291,aust1307,-8.257131110826233,0.03306981685555164,0,-7.353361041275001,4.309038586320645
pang1287,atla1278,-6.412642604107864,0.023963681252736107,0,-12.38836588495,5.788195154863191
pano1254,pano1259,-4.151198805891024,0.012035042448091381,0,-5.652183351780501,4.31122481679225
pany1241,pama1250,-2.2231422135861063,0.016254136049330868,0,-2.23196204479925,4.176692443878665
papa1238,toto1251,-5.901665943337329,0.02663078584881233,0,-4.29254288283,4.738934852233035
papa1265,aust1307,-5.8606980596483655,0.023737917235470824,0,-7.58653112386,4.2940792835198955
para1302,sino1245,-2.5158741065675425,0.03038512763849151,0,-3.54837680103675,3.72619876327671
pare1272,araw1281,-4.109776673082015,0.02451277826193305,0,-5.69985594025,4.466410443466096
pate1247,aust1307,-5.271010143608484,0.0203240616278135,0,-7.5754682122675,4.26292023241459
patp1243,aust1307,-6.168003891385034,0.02259087765250961,0,-7.5338045466125,4.28715221231762
patt1248,sino1245,-0.071267171289568,0.031149370531989955,0,-1.366262464494,3.65543208299954
paul1238,aust1307,-8.626624060898154,0.041394239261881995,0,-7.407222734755001,4.318280072614755
pawa1255,pawa1255,-2.11839410170463,0.030627869834167504,1,-3.6248277935799997,4.68374712494748
pawn1254,cadd1255,-2.8651329252095095,0.008591398656771644,0,-4.7588481235225,4.837695276322044
pech1241,chib1249,-5.263335251419206,0.01832943445820367,0,-5.276763685064999,4.58223991308966
peer1241,atla1278,-8.276522908427822,0.029374723220033136,0,-12.38228500165,5.82937671519119
pela1242,sino1245,-3.561333799959833,0.02669658806094501,0,-4.456813395095,3.81095952095336
pemo1248,cari1283,-1.5028590284676264,0.013091246290763517,0,-1.6641136884355001,3.8398419011702396
pend1242,aust1307,-8.354980390838012,0.042726665758770314,0,-7.380351823050001,4.35184452647385
peng1244,drav1251,2.8073857377964453,0.014574922662388034,0,4.14703738318,3.755693856431095
peri1253,mong1349,2.4640440407679365,0.010926326935908382,0,4.0691446223325,3.5757976244619503
phom1236,sino1245,-2.3541902035456985,0.019076980258215654,0,-3.4809950236424996,3.7167476038793197
pila1245,guai1249,-4.438673562314735,0.01482552626626728,0,-4.765491429195,4.76801407229689
pima1248,utoa1244,-0.524442071044513,0.017018141496250097,0,2.0690774079625003,3.66973913746219
pina1252,piaw1238,-0.0462439952234663,0.01768246432716939,0,1.6154128962895,3.96060963706852
ping1243,aust1307,-6.094735359167652,0.032665910972284704,0,-7.51450503168925,4.310273158345905
pipi1250,utoa1244,-2.9041783889377246,0.014787017864198723,0,-0.089214977587,3.82526640992063
pite1240,ural1272,-0.990710617082602,0.028568604095993006,0,-0.572084761395,3.4925464034545852
pnar1238,aust1305,-2.731047008338866,0.02611307112513523,0,-3.182830267217,3.790215288210995
pohn1238,aust1307,-6.097852040820704,0.029073119401630317,0,-7.519591382925,4.301166493967475
poko1263,nilo1247,-4.350130082252768,0.02739620256469654,0,-7.111803120555,5.39908712981076
poli1260,indo1319,-2.821426954993592,0.033109694693654296,0,-4.0879334845374995,3.88024214011058
popt1235,maya1287,-6.11323440858243,0.02430713181693633,0,-5.2392059973625,4.858312140778645
port1285,aust1307,-6.748096713389947,0.0328629906074074,0,-7.5644426233474995,4.278149525699615
port1283,indo1319,-5.471929812560569,0.031521766825711055,0,-3.7676516211125,3.91295384198395
phai1238,aust1305,-4.847960449550197,0.027041269555963084,0,-3.5510748514649997,3.825405449862475
psik1239,afro1255,-6.014894451334154,0.024517949846207896,0,-5.022661169845,4.3271688215279
puin1248,puin1248,-3.1730843220170044,0.012135979281910788,1,-4.4229123308,4.570752909068065
puka1242,aust1307,-6.029308998900746,0.01962017787982923,0,-7.616903597175,4.268419446893925
pula1263,atla1278,-7.891398419279003,0.015205152929960107,0,-12.160896105675,5.953126002136321
pula1262,atla1278,-7.937383495456347,0.016003344593940018,0,-12.14263228315,5.9447441444614
pulu1242,aust1307,-6.432643133198847,0.03180167351662076,0,-7.512172441195,4.265025958139015
puma1239,sino1245,1.1783270330114117,0.04825363154154309,0,0.60129038145,3.723537762082425
pura1257,pura1257,-2.2549293411741504,0.029912486971253805,1,-3.18682469125,4.670007630231285
pure1242,tara1323,-5.715597266571807,0.03475066792886097,0,-4.294750724442499,4.87374614165892
puri1258,sino1245,0.14018442204884368,0.020057029383211227,0,-1.2352075865674998,3.594569089904795
qawa1238,kawe1237,-3.422744415652252,0.008714896857179511,0,-4.8688227893925,4.821659244302525
qima1242,afro1255,-1.5902126190868002,0.02804239559626333,0,-0.23333350479749998,3.581118907667895
quer1236,otom1299,-6.113258749895362,0.024578506010996315,0,-5.519560947805,4.7666185247474
quio1240,otom1299,-6.352173901650386,0.024172102867654213,0,-5.546010787639499,4.808819901811081
rabh1238,sino1245,-1.5166767784851694,0.014881417405337797,0,-3.2317074359765,3.6555687082025203
rade1240,aust1307,-8.060411494104233,0.03198025070382893,0,-7.4088273266249995,4.276859996633305
raji1240,sino1245,0.7273989247612753,0.02475503742020406,0,-0.00805819523249995,3.64838247305772
rama1270,chib1249,-4.972815314026867,0.014946522040690639,0,-5.52355094422,4.486223766690015
rapa1244,aust1307,-7.824382853566997,0.022337487695881487,0,-7.5917353963575,4.25804173115223
rapo1238,nort2933,-0.01361625740980395,0.0324974811672901,0,-0.28859205450500003,4.079067313515695
rata1244,aust1307,-8.514939028459782,0.03305196802860845,0,-7.3312342924,4.301207652819225
raut1239,sino1245,1.7563106193859128,0.035369785195969124,0,-0.25422419140249997,3.6551610913068204
reng1252,aust1305,-5.388451289143649,0.027984425533570348,0,-3.5912887093365002,3.8046108240638654
reye1240,pano1259,-5.21125851106677,0.022142239954707075,0,-5.4551453426,4.38760687616844
rian1263,kolo1268,-3.377598298243981,0.009160089207446974,0,-4.0328802278295,4.588774272230905
rikb1245,nucl1710,-3.9611084236419876,0.00912539296846377,0,-5.9970196526965,4.66339538257235
beka1241,aust1307,-8.104341619978317,0.02117821459982217,0,-7.3779165725275,4.30091815007914
roma1326,indo1319,-4.392278497483791,0.02227704361207475,0,-3.7548348320515,3.949685977782175
romb1245,aust1307,-7.74767568961162,0.037853477876181006,0,-7.39367045415,4.30931696755267
ronn1241,afro1255,-6.128247225236537,0.01210495577455829,0,-5.032902623227249,4.322090580433175
rong1266,sino1245,-2.505106853546031,0.013848033134001035,0,-3.377198444645,3.7259591533541503
rong1264,sino1245,1.3533274209756718,0.02885517153494715,0,-0.8767407438352499,3.63425956299358
roto1249,nort2933,-0.8327070701459032,0.03685560193215552,0,2.031740284246025,3.973754631419135
rotu1241,aust1307,-6.795962877301973,0.030435405665344025,0,-7.572919502774999,4.281356698560019
rovi1238,aust1307,-5.758507600386957,0.027997327579810286,0,-7.5398064687775,4.28272734262257
ruch1235,aust1305,-4.4243071350493794,0.03029784276156291,0,-3.2726467862025004,3.7736055798991153
ruka1240,aust1307,-6.44042651758539,0.02265499663746885,0,-6.600393087475,4.4727195250172
ruma1248,aust1305,-4.135005974734213,0.03077708479517862,0,-3.2538665814185,3.77025390427751
rung1258,maba1274,-5.903480196956613,0.029326210135040675,0,-7.817962296183024,5.9400799758257055
russ1264,mong1349,2.463956195943519,0.009218293862860593,0,4.070349200035,3.566103850103895
russ1263,indo1319,-1.8534925949335181,0.022443645212142208,0,-4.0699320319000005,3.887928108888775
rutu1240,nakh1245,2.498882374096853,0.010124693743101865,0,4.39876559962,3.957482767017705
saaa1241,aust1307,-6.747577369964133,0.026198863625208416,0,-7.5598545647325,4.2868057938307
saaa1240,aust1307,-5.95956028929008,0.026586548546673583,0,-7.57061381862,4.281484576677495
saam1283,atla1278,-4.422014710323868,0.02410439580151612,0,-12.38323149309,5.801562634382905
saar1237,aust1307,-6.382921031482393,0.023429036797307828,0,-6.5680747704635,4.4719882940913145
saba1268,namb1299,-3.4737001365839864,0.009989569017924523,0,-4.6572364717550006,4.55829165767252
sais1237,aust1307,-5.05060970240222,0.014090316436030302,0,-6.5730264722625,4.4371784423482
yaku1245,turk1311,3.553123044569377,0.024654023747385404,0,4.893461044077499,3.6315119199686103
tsis1238,atla1278,-8.405610347967567,0.017825192001130703,0,-12.3088309598425,5.871250749433996
samb1311,atla1278,-6.907656462542686,0.017964367393804557,0,-12.3220654899,5.927232675578085
samb1305,atla1278,-6.910766089564112,0.01776512691637143,0,-12.36467382655,5.8237031909480805
samo1305,aust1307,-7.042372266771331,0.03153961251445649,0,-7.599553078907499,4.2841551444908
sana1295,afro1255,-1.2203049037567866,0.014957469934113217,0,-3.037179018241,3.8706204503912502
sanb1242,chib1249,-4.211235148982556,0.028848324763296875,0,-5.543661374925,4.468370116219025
sand1278,huav1256,-5.979031059521526,0.03152361371437099,0,-4.5200169313725,4.900455256017585
sang1331,atla1278,-5.567228688528022,0.023625051744309893,0,-12.396504968375,5.79351526460405
sang1321,sino1245,-2.362735985822858,0.026753504717060148,0,-3.630176635144,3.736789476420145
sang1330,atla1278,-6.485162932418636,0.027999014381353396,0,-12.383538774825,5.7883611476166195
sani1269,sino1245,-3.921756444258593,0.0269639897463614,0,-4.42632141962625,3.730823247548715
sanm1301,otom1299,-6.315574492406458,0.024432653336460046,0,-5.6161449147975,4.74519892363778
sanm1289,quec1387,0.24891043371629015,0.008395662325181833,0,3.236130426205,3.6368708804317498
sanm1295,otom1299,-5.185877405047073,0.010964454677976007,0,-5.6746264866475,4.70404641349595
sant1410,aust1305,1.4819323587631148,0.023175053806264993,0,1.3123041023807498,3.583161117980215
sant1451,otom1299,-6.323718135932961,0.02579580570641383,0,-5.6643492242699995,4.71548058990736
sant1436,otom1299,-6.313196727426073,0.0252960319969848,0,-5.63036708406525,4.745300907161015
sanu1240,yano1268,-3.8336535471593587,0.026092172481952655,0,-4.71713492866,4.48637200208694
sapo1253,aust1307,-5.994718684453646,0.024912532981085818,0,-7.55768180744525,4.310419754991861
sapu1248,aust1305,-5.3485932776538725,0.04281312495630574,0,-3.6071247275525,3.815474217838285
sara1321,cent2225,-6.834112511636096,0.04636139545527526,0,-9.3340313447155,5.591261331521375
sars1236,atha1245,-4.353402690052952,0.016572859447318653,0,-6.0759382480875,4.7717664203635
sasa1249,aust1307,-7.894373803528184,0.029269841467702184,0,-7.390363139574999,4.3266086910955
sata1237,aust1307,-5.490983116013641,0.02190085412565088,0,-7.510880646965,4.2642629702725845
saur1249,drav1251,2.502748932185857,0.03181380004068411,0,2.276688107165,3.834378403224315
savo1255,savo1255,0.8606272185898147,0.01215371197963092,1,2.11902461970125,4.175246439506855
saya1246,afro1255,-4.737328448096365,0.018310902852483425,0,-5.1398673511325,4.269580744396185
seda1262,aust1305,-5.385039237370885,0.034896458334792706,0,-3.5848452392550003,3.79958347743622
seim1238,aust1307,-6.848651345824759,0.03146861999335679,0,-7.472462426054999,4.31532807300109
seke1241,aust1307,-6.738595645261563,0.029033336889601125,0,-7.5627193421,4.289705722689311
sekp1241,atla1278,-6.903572069869969,0.012399377622212295,0,-12.34843240145,5.806657760335825
sela1259,aust1307,-7.387638743551377,0.02376076887186778,0,-7.468204816275,4.33482928637746
sela1260,aust1307,-8.196085094704284,0.027713651865159162,0,-7.3049079263220005,4.2928056818786455
sele1249,atla1278,-6.902157497792858,0.01272376268120843,0,-12.339132480975,5.831112164379405
selk1253,ural1272,1.9438986058282106,0.016651920504854277,0,2.69486658589,3.8155906556421497
sema1265,aust1305,-4.988392159692175,0.020728612216553866,0,-3.7305825169725,3.862947771211275
seme1247,aust1305,-4.948463430593712,0.02692335742821015,0,-3.7226950686275,3.874032388276465
seng1281,aust1307,-5.06077204915043,0.011874926061136833,0,-7.588017428075,4.301442551466195
nucl1632,sent1261,-2.916074063333377,0.012909591465528896,0,-3.5622749107325,4.744242498174906
sout1528,indo1319,-3.7650314373223006,0.020552493689845745,0,-3.9488640182575,3.931142854850735
seri1257,seri1257,-2.8861949232090582,0.008204571735407258,1,-4.8632730796675006,4.842988045417281
sgaw1245,sino1245,-3.9221921442348835,0.02899687678862883,0,-2.862223042416,3.73924181259233
shab1252,shab1252,1.0124541896681425,0.01606549860954332,1,1.4140185360975002,4.41578762696887
sham1280,atla1278,-5.804619888024655,0.02929112466299307,0,-12.381636007400001,5.767815037390935
shan1283,pano1259,-4.176609206241707,0.012857756920384092,0,-5.6748843105199995,4.318971576091695
shaw1249,algi1248,-3.7359831458635195,0.01338995232522947,0,-5.457473601565,4.680877756945421
shee1238,hmon1336,-3.610200381961463,0.009072935438744045,0,-6.023014246698001,4.32718463603004
shek1245,dizo1235,-1.6716897239638242,0.019014000588047794,0,-9.6813518926,6.250032565506245
biao1253,taik1256,-3.176270785088879,0.007923672598547045,0,-4.5928267458325,4.33511449054117
shil1265,nilo1247,-4.378515258082327,0.023586438064671228,0,-7.126296345142499,5.365746827626225
ship1254,pano1259,-3.9995998524995207,0.010221264214830892,0,-5.665229133575,4.31415840608666
shix1238,sino1245,-3.438346198036082,0.021087857956281503,0,-4.40055037541425,3.8181485670288247
shol1240,drav1251,1.536162319431663,0.03775650265830849,0,1.7609567829025,3.616082219151445
shon1251,atla1278,-6.495350658473836,0.03564493282234733,0,-12.383708446347502,5.815838016676145
shor1247,turk1311,3.6690605353952144,0.019275338932257944,0,4.972701333679749,3.61471534019904
shos1248,utoa1244,0.8437128545226915,0.016161191038453364,0,2.7519910553475,3.7276529364739153
shua1257,jiva1245,-4.09201156385076,0.034200577253043145,0,-5.078891633527499,4.522203821158595
shwe1236,aust1305,-4.18864560212782,0.028561630028914983,0,-3.27260205079325,3.77488101776099
siam1242,siam1242,-5.220275059390184,0.013093453336416178,1,-9.679447315405,6.2331371223216205
siaw1243,amto1249,-2.737073320249684,0.03148236094439767,0,-3.3314765908129997,4.71187286924136
sich1238,sino1245,-3.686421218049227,0.020785373152461328,0,-4.413179597007501,3.734883459491175
sici1248,indo1319,-4.973301506081397,0.026482654124378578,0,-3.73463987695725,3.959497188007435
sici1249,atla1278,-6.885489221561606,0.021089110968696662,0,-12.371659595975,5.8026687651471
sida1246,afro1255,0.40219480682674,0.017994584638317598,0,1.88002430408,3.580853979024755
siee1239,aust1307,-6.832762702410427,0.03166309468822543,0,-7.541806917075,4.29470689426878
sier1250,otom1299,-6.352372433161577,0.025466008709959548,0,-5.6315500794275,4.736198361007525
sika1261,aust1307,-6.0037366745009075,0.030023988235119033,0,-7.58815884723,4.279518415285715
siks1238,algi1248,-4.115641782293012,0.01657721053692516,0,-5.485041680465,4.678305812641365
simb1256,aust1307,-5.839393191636157,0.023561220342039117,0,-7.5262759758825,4.2770224886616095
sina1266,aust1307,-5.791114833379115,0.026665081648139757,0,-7.595511289999999,4.282803548962115
sini1242,mand1469,-5.580386530239284,0.045163219634992945,0,-11.0814673428625,5.976830249195735
sioo1240,aust1307,-4.97676963301658,0.011425600116011377,0,-7.6534201882725,4.251129320204161
sion1247,tuca1253,-0.07583818888361145,0.02129878445491086,0,-0.15390804217925,3.7581194240817952
siri1274,tuca1253,-0.8670807636275228,0.030324813896320257,0,-0.54485630771125,3.704062121945515
sile1255,nucl1709,-2.133184952565083,0.02476604901905747,0,-4.0795848244975,4.361156660449245
situ1238,sino1245,-3.1322795116819258,0.02150984682062194,0,-4.394896213512,3.8656835004827848
siwi1239,afro1255,-4.320933546285088,0.02398633280148973,0,-4.5884817784325,4.4659378125631655
siwu1238,atla1278,-6.905866369079275,0.01627759426288665,0,-12.344886534775,5.772146697387225
siyi1240,sino1245,-2.8826988915139617,0.022965512041976728,0,-3.3734185561475,3.7276820873469196
skol1241,ural1272,-0.26495201165733806,0.02171157783658085,0,0.06791031373375,3.54607497061343
slov1268,indo1319,-3.912237725926871,0.026805843088461647,0,-3.94532505224025,3.9277020675920102
sooo1254,aust1305,-5.218346878764219,0.02850295849233929,0,-3.450573927755,3.800892256464805
sobe1238,aust1307,-7.96613704663611,0.028291852249256545,0,-7.5356913829,4.31490194660736
soch1239,otom1299,-6.349670719110783,0.024069446717510434,0,-5.54258864383425,4.804561105822669
soga1242,atla1278,-5.923110763878416,0.02588070907133995,0,-12.377087591625,5.798575068780705
soma1255,afro1255,-1.1632275850791634,0.01535963800349838,0,-0.8776805164225,3.60626809008557
soni1259,mand1469,-5.20933627609453,0.044785573638709365,0,-11.0778463331875,6.003411724928865
sons1242,aust1307,-8.079056230780317,0.03552077953248875,0,-7.517104476869999,4.273034569980135
sooo1256,kuli1252,-3.763002362294582,0.020070127315053327,0,-7.846929933475,6.060950147736779
sora1254,aust1305,1.6422435826371231,0.02409588555343002,0,1.3287893195837501,3.55105976779417
mani1235,east1459,-3.7466519132645386,0.03314704120978413,0,-3.38796407633975,4.732334987123475
koon1244,atla1278,-7.487495391538195,0.01691481380026077,0,-12.439876131264999,5.81146910741297
sout2859,aust1307,-6.745862893005334,0.03758308114558219,0,-7.5677921812925,4.30395870551861
sout2976,utoa1244,-2.359288464635944,0.016191989756132057,0,1.221717194971,3.77076880592112
sout2856,aust1307,-6.807501359175138,0.03972300666612738,0,-7.5810819832825,4.286901136675866
sout2954,japo1237,1.7414352737170073,0.022189635900329418,0,2.3165759991434998,3.68562561651823
sout2996,ayma1253,-0.30812696168870257,0.015767743324826822,0,-0.524808455675,3.829213754057495
sout2730,sino1245,-3.6931880676946247,0.05221525975700318,0,-2.954507906217,3.739775687407655
raro1241,aust1307,-7.306688597822683,0.03667934630277434,0,-7.5910196294,4.26396017281054
sout2826,krua1234,-4.939269102622951,0.02502998720704191,0,-12.325599237075,5.86120098983979
sout3236,gumu1250,-1.9694596073221255,0.010276824295963917,0,-8.899441673,5.776610489056045
sout2956,haid1248,-3.432034027177754,0.01495817290617513,0,-5.05719225689,4.910292922669305
kach1280,sino1245,-3.260648253234262,0.02080480252536688,0,-3.4655914432975,3.714428866448575
sout2994,namb1299,-3.445456998683712,0.008533076254132466,0,-4.6754321487005,4.5648449484553595
sout2649,indo1319,-0.29130834332262556,0.014365998535982992,0,2.0413263398241996,3.71740167227796
sout2729,sino1245,-3.568367712634183,0.019846407309405165,0,-4.4604996592675,3.8133850207722997
sout2728,sino1245,-3.154046656852028,0.030238174459339302,0,-4.4495285948425,3.8225908079965647
sout2918,aust1307,-8.311271468023282,0.03651293622289962,0,-7.34261043465,4.312031811319305
sout2985,miwo1274,-3.3902335792763116,0.011813005700037394,0,-4.87577797379,4.93344371654028
sout2807,atla1278,-5.576000466387596,0.02185878485118722,0,-12.425306514517501,5.78200237239428
khan1277,sino1245,-2.117376220569291,0.020518760135692007,0,-1.8925343055825,3.646620142813065
sout2797,atla1278,-6.902737452437827,0.021082251878262244,0,-12.3304850366875,5.8099059741755905
sout2679,ural1272,-2.239979227347563,0.024628353597848228,0,-2.0769063364632503,3.66545412525414
sout2782,atla1278,-8.267633591241314,0.02308774728315762,0,-12.320538210175,5.8743469416146095
sout2674,ural1272,-0.3565898864243841,0.020669715380938702,0,0.056515469360249995,3.481027368381905
sout2959,atha1245,-4.33958801756373,0.017877248096024027,0,-6.15167817427,4.757790758622535
para1301,aust1305,-4.331482661328426,0.023446753090244042,0,-3.29301198912675,3.76556832706018
sout3261,nakh1245,2.3444556293060774,0.018475120490328775,0,0.9582025775705,3.840119400426195
sout2869,aust1307,-6.860798959988079,0.02632556650947104,0,-7.5242127910075,4.297027483256995
stan1318,afro1255,-3.036262752050717,0.027485017678168727,0,-3.0719205264875002,3.8402852462946546
indo1316,aust1307,-7.800030056438663,0.03814136805786188,0,-7.424746269682499,4.28269769887366
stan1306,aust1307,-7.498066797791859,0.046843093629166464,0,-7.41944131454175,4.2851735230246
horp1239,sino1245,-3.1622782913102467,0.02019274142968711,0,-4.4181071777075,3.8521225531483854
suba1238,atla1278,-5.986378801743898,0.030365030335578976,0,-12.385606790525,5.781126469308161
sude1239,aust1307,-6.541941649860764,0.022054987240991763,0,-7.5577010703175,4.27196465365037
sumi1235,sino1245,-2.3003342501514545,0.019964122158093824,0,-3.563918337565,3.74772318093304
mari1426,aust1307,-5.600566720425324,0.026143508011694787,0,-7.56613401256125,4.28090999026924
sunw1242,sino1245,1.0855613080491475,0.039621611681670985,0,0.0892682702325,3.649061264126685
supy1237,atla1278,-6.8640927057831025,0.020581972567279307,0,-12.372921936425,5.806494837128725
surg1248,ural1272,0.49628974975917073,0.02393441035700247,0,-0.8479190316025,3.6776831133440053
surs1246,aust1307,-6.149360168719582,0.02338758089086883,0,-7.4999700863075,4.29940203954889
suru1262,tupi1275,-4.335017509540773,0.01431754970528754,0,-5.779259750315,4.559948751228054
swah1253,atla1278,-6.0826240215102345,0.02469007688094757,0,-12.361680526975,5.7680878742603
swed1254,indo1319,-2.540639782236428,0.021730228699604854,0,-3.9256751178,3.93737101914909
taba1263,nort2923,-4.206378522844547,0.020400187302965025,0,-4.4373111494419994,4.62990631004221
tabo1241,tabo1241,0.45483299576787406,0.017525435335940677,1,2.0658214621719,4.1137041192168695
tafi1243,atla1278,-6.883578014802679,0.031254256851557354,0,-12.3349645213175,5.839013626279145
taga1272,aust1307,-8.1551625902045,0.04097547106310025,0,-7.454292671425,4.3209725660524
tagi1241,sino1245,-1.5399581230060289,0.015976073142262688,0,-1.1802935658512501,3.5347690698082053
tago1246,rash1249,-4.265918837789037,0.023208058911841117,0,-8.6845838451875,6.279299810284385
tagw1240,atla1278,-6.845179416347109,0.02027755884008702,0,-12.372579494575,5.824611186572305
taha1241,afro1255,-5.62083188997161,0.018139445102432306,0,-4.6122210245275,4.4231041513665605
tahi1242,aust1307,-6.3501490196036725,0.020580858862565294,0,-7.623244076275,4.2915502720966
taia1239,taia1239,-3.1739868980240176,0.03544450981162198,1,-3.344452490415,4.789203679550985
taji1246,aust1307,-8.369134662536164,0.03287541545101051,0,-7.37380612116,4.33824587320672
taku1257,aust1307,-4.791738677459735,0.02451096982792536,0,-7.585840849669999,4.2730364298319
tali1259,aust1307,-5.887948898339619,0.026772151231112404,0,-7.5316542125725,4.288383002653685
tama1331,tama1329,-4.409819522157873,0.03000971830299472,0,-8.2427072832125,6.056521709230055
malo1243,aust1307,-6.699115828315383,0.034033958914824775,0,-7.587588159325,4.30198517915292
tama1365,afro1255,-6.076732796246986,0.015961658674733693,0,-4.65542355170125,4.433058489046445
tami1289,drav1251,1.7493582401709047,0.014315391787997284,0,3.789128156297,3.70607156251857
tane1237,aust1307,-6.429337502479649,0.028400910655500225,0,-7.4749444876675,4.30047444768973
tang1377,sino1245,-1.4781536532398185,0.03463780166411037,0,-1.8139193406374998,3.5635874770805147
tang1373,sino1245,-2.32251598574239,0.03977147475953909,0,-0.8154196320255,3.604864181035445
tani1257,tuca1253,-0.47132565629236167,0.006598044738061739,0,0.1340946630675,3.7680653911062603
lowe1412,aust1307,-6.164336607976901,0.02904691649468293,0,-7.4263962049189995,4.31179660891758
tara1313,sino1245,-2.840313138347189,0.023444609208470437,0,-2.456135604655,3.673257288655085
tari1256,araw1281,-3.5947704105720995,0.008931296930926097,0,-5.7993926851475,4.428882859221435
tari1263,afro1255,-4.980439274002919,0.01797146858446639,0,-4.5857859219025,4.47307762946941
tata1258,otom1299,-6.31290597046241,0.027209732197084304,0,-5.6488892980725005,4.736928248793525
tata1257,aust1307,-8.264372088118577,0.032580334165469224,0,-7.356265916510001,4.301670207392155
tata1255,turk1311,1.4303237723028972,0.01787311009561904,0,4.87510935467,3.624125448098055
taul1251,taul1250,-2.730921241442004,0.03507204192080375,0,-2.9758208327275,4.847291132665795
taus1253,taus1253,-2.494537339878558,0.00812966296581346,1,-4.42801208548525,4.6821750412883
taus1251,aust1307,-8.28329340335032,0.029723440247151803,0,-7.38184910206,4.311322779237135
tawa1286,afro1255,-6.1065155341626625,0.021185613505189608,0,-4.67656618113225,4.45347559321079
diga1241,sino1245,-2.322833949085112,0.02395043110194597,0,-1.21300878196,3.61070184622646
taya1257,afro1255,-5.967734368842384,0.020966164218558212,0,-4.64343706529575,4.45405971819781
tbol1240,aust1307,-8.234923692382592,0.03269044342989048,0,-7.3953716424975,4.32762787947247
tean1237,aust1307,-6.449306670177393,0.03300105753145678,0,-7.44493461554,4.33429624052431
teda1241,saha1256,-6.22556968975452,0.029516377484301064,0,-8.5953646377375,6.0395428250948004
tedi1235,sino1245,-2.8614175574292307,0.021993914971409304,0,-3.3803670178725,3.72383883120074
tega1236,rash1249,-4.209475045459866,0.022883085037150135,0,-8.6952450898475,6.3078814142684045
tekt1235,maya1287,-6.127918230669423,0.024114352880811027,0,-5.240671736847499,4.799926490292015
telu1262,drav1251,3.0508474246820314,0.009848687573308854,0,4.0370934845425,3.7761329570562747
temi1246,aust1305,-4.886705568644153,0.027431159536080524,0,-3.70963588843335,3.890351724631575
temp1235,aust1307,-8.257444886817161,0.03338010592318227,0,-7.375603158920001,4.328106730932165
tene1248,dogo1299,-6.681193557402825,0.018736963279186888,0,-10.001518105165001,6.17509118658073
tenn1246,surm1244,-4.639239099474704,0.025087290828690774,0,-8.0832999495275,5.8096961799545905
teop1238,aust1307,-5.952302777249775,0.024736984746996676,0,-7.559229241175,4.2840914034476345
tera1251,afro1255,-6.080027319637639,0.026680065506351647,0,-5.01286569502,4.338043213990915
tere1279,araw1281,-5.4840688405785984,0.022353503538961015,0,-5.6294811416725,4.4884458712936155
teri1250,chib1249,-4.650507115874169,0.02118983770469992,0,-5.519485788668,4.463058992144745
term1237,aust1307,-6.876197687532368,0.0360491516585456,0,-7.503880576874,4.291534806011059
tern1247,nort2923,-4.216921293433259,0.023399696104902633,0,-4.3523682909425006,4.608229108580035
tete1251,utoa1244,-3.1068529553772652,0.0178207395952319,0,-0.05062026114425,3.85052041129437
teun1241,aust1307,-7.4219829199903415,0.02665874654537305,0,-7.476592148795,4.31142331654799
tezo1238,otom1299,-6.328270328577016,0.025536686034494008,0,-5.6451919497797505,4.744796109122335
thad1238,sino1245,-2.8330068184371227,0.021627394878708767,0,-3.3873412355225003,3.72035688554891
thak1245,sino1245,0.6126367022020831,0.03997928318148402,0,-1.8778813245975,3.55603428199462
than1259,sino1245,0.4345046815643334,0.037346090628467346,0,0.26679461492475,3.58070086145257
thao1240,aust1307,-6.264735160069797,0.023491062777827445,0,-6.534279883882,4.49997829369641
aheu1239,aust1305,-5.130108737056336,0.023624765231208242,0,-3.3200763524967503,3.80696967118314
thul1246,sino1245,0.7995269823459732,0.021265574097958626,0,-0.00441393991625,3.65086061095605
tibe1274,atla1278,-8.212402640154227,0.015503910812777648,0,-12.363693533875,5.81247352726537
tibe1272,sino1245,-1.0982948011118885,0.03688791316903277,0,-2.7613063088425003,3.56788924422438
tief1242,atla1278,-6.9034544359463945,0.01738614133082965,0,-12.337371876225,5.79891614727984
tief1244,atla1278,-6.9064265261001205,0.017441640260347096,0,-12.335799935925,5.8175035372454555
tien1242,atla1278,-7.603251312775998,0.021764123473502723,0,-12.430764207105,5.78768537292491
tiga1245,aust1307,-6.21397303408501,0.028514533226984103,0,-7.53232359022,4.290624888845976
tigo1236,atla1278,-8.2862289763183,0.024333725064879852,0,-12.32574012862225,5.90374993016464
tika1246,atla1278,-8.21264891295558,0.0211986041495868,0,-12.320892317725,5.916863400211885
tiko1237,aust1307,-6.55817781634957,0.02658017653696318,0,-7.5935995618,4.2866721877829495
tilu1238,sino1245,1.0665130304627666,0.03354195563486921,0,-0.89124669780025,3.65163504710598
timn1235,atla1278,-6.545334726036439,0.018831877037566013,0,-12.230259463300001,5.942205250767115
timu1262,aust1307,-8.26770393002894,0.025649118139362617,0,-7.351573793909999,4.314050401975285
tina1248,aust1307,-7.555765031573879,0.030685577921256126,0,-7.4252208865925,4.317658896001485
tira1254,heib1242,-4.2972828077584095,0.024755382706378098,0,-8.54459847003,6.1593570983817205
maee1241,aust1307,-6.723356739808841,0.031067173856314335,0,-7.58190602683775,4.29983778167406
tiri1258,aust1307,-6.81392739663874,0.027630738094715813,0,-7.52078426019375,4.302957200833291
tita1241,aust1307,-6.458994081371277,0.021077304880545857,0,-7.4596717090824995,4.306211699585355
tivv1240,atla1278,-8.312277362067476,0.0231815450195294,0,-12.273791873225,5.903637367019201
toab1237,aust1307,-5.842523237348898,0.023064462292152692,0,-7.574839016215,4.264665266125875
toar1246,nucl1580,-2.4710559243476005,0.029687919642569584,0,-3.3587879107400003,4.700217609357425
toba1268,leng1261,-4.425528797546431,0.020024492964254965,0,-4.236811918647501,4.64623387494167
tobe1252,nort2923,-4.220190269963637,0.018334023669245497,0,-4.42197437259,4.646634098135225
toda1252,drav1251,1.6871399127950764,0.010019962424474893,0,3.69095919786,3.70200389806774
toho1245,utoa1244,-0.9403611431165072,0.026934480125797078,0,1.5593378521224999,3.686028254288825
tojo1241,maya1287,-6.103702159588632,0.02685263001149219,0,-5.2087370034700005,4.80515123680882
toke1240,aust1307,-6.991628841947869,0.02931803820835008,0,-7.5936855168,4.27020676720776
toll1241,jica1245,-4.524565356531706,0.025700182655712903,0,-4.904885538944249,4.8325932442789306
toma1245,mand1469,-5.369559649737843,0.016762209256988386,0,-11.091856478575,5.9568264230066905
tomm1242,dogo1299,-6.673473972878444,0.023365173947803387,0,-9.920338645752501,6.2184662408759745
tond1249,song1307,-5.338566845415601,0.03344569053580619,0,-10.732876290450001,5.96188375298296
tong1325,aust1307,-7.052094028307298,0.035732640375910577,0,-7.568710687225,4.271799806748366
tong1318,atla1278,-6.587801448830274,0.045581556654694134,0,-12.416190479726,5.791855823405175
toor1238,atla1278,-6.422219793179806,0.02089586926710403,0,-12.373355399474999,5.799616123680529
tora1259,aust1307,-5.8773978204362,0.018018928122933178,0,-7.54410668458,4.28522522866861
tote1238,atla1278,-6.696479839739552,0.046537651461455276,0,-12.3998813307,5.778303828158915
toto1302,sino1245,0.1822448241810539,0.02129974550717214,0,-0.181216611217,3.605358976643355
touo1238,touo1238,0.8782781565484228,0.018332204734908892,1,2.02431323677,4.172850291591625
trin1274,araw1281,-5.19616483821184,0.020218565963559094,0,-5.6217840459125,4.497106611727695
trio1238,cari1283,-1.460814382565544,0.013209511802166056,0,-1.34152845807125,3.7845437470666647
trum1247,trum1247,-2.8058820785166887,0.00822467873881736,1,-5.01400798190575,4.643813422831405
colo1256,barb1265,0.42045861122925543,0.014512361101054647,0,0.68351971607075,3.86240260912274
tsam1247,afro1255,-1.1332002980321467,0.0167222825472531,0,-0.9173273247755,3.570090640835385
tsat1238,aust1307,-6.806887364714123,0.0190236257878621,0,-7.4312376394925,4.26044656147765
dido1241,nakh1245,2.6698240615354565,0.0066592246318485475,0,4.068748414155,3.9969786105424348
tsha1245,sino1245,-1.7396280580976962,0.03660146044312049,0,-2.23271418213125,3.674771779859765
tsix1234,khoe1240,-1.8698801888714964,0.01477149403248362,0,-2.4180794859669996,3.92548385464193
tsog1243,atla1278,-7.786419608481469,0.02407866536502578,0,-12.363514914975,5.8424688502896
tson1249,atla1278,-5.961042712669583,0.028591565890587287,0,-12.406181131225,5.758213168750775
tswa1255,atla1278,-5.990173391925409,0.029044719001754885,0,-12.393918548582501,5.75199137306446
tswa1253,atla1278,-5.829845272075836,0.017618620264494903,0,-12.431885010375,5.769948911039065
tuba1278,utoa1244,-1.1055343494866818,0.020215815800144636,0,1.4562412006985,3.703000792030325
tuca1252,tuca1253,-0.999032680679109,0.011016054928924648,0,-1.4268223327225,3.822723686538425
tuge1241,nilo1247,-4.425927474061458,0.029186253649231626,0,-7.1172294666175,5.376840506226235
tugu1245,aust1307,-7.314828966365804,0.023884473270395563,0,-7.53592315735,4.297640060940886
tuka1248,aust1307,-8.378267232094284,0.032314408634037464,0,-7.340490338185,4.31313839575104
tuki1240,atla1278,-8.112248367968165,0.04187321066416063,0,-12.39568728755,5.79585921296787
tula1252,atla1278,-8.340160102399443,0.035634961149575164,0,-12.392281829225,5.82351131722503
tulu1258,drav1251,2.257019324809483,0.010333812624922419,0,3.6827325539597497,3.773819139109185
nene1249,ural1272,1.1855471359580476,0.01907846133074711,0,2.7832052558325,3.79917074284121
tune1261,atla1278,-8.198189343450943,0.03325055945769065,0,-12.4057374094,5.831713091267805
tung1290,aust1307,-6.211917735582449,0.02260616517827399,0,-7.52769868894,4.2945076599794145
tunn1238,afro1255,-1.9313021267490948,0.028420263875051026,0,-0.89453648508425,3.58127421252184
turk1308,nilo1247,-3.442990055160741,0.024202841693390476,0,-7.004582866525,5.384822129767169
turk1303,turk1311,-0.2416950067297334,0.015725025130676144,0,3.368059715295,3.59604593682832
nucl1301,turk1311,1.362123537083487,0.027090251418727125,0,3.7878352387925,3.5766117278595653
turk1304,turk1311,2.996615558532853,0.018992271611513185,0,4.353039220019999,3.622328744368165
tusc1257,iroq1247,-3.7265079522995634,0.006238127431821151,0,-5.3082016226425,4.7797458904144
tutu1241,aust1307,-6.700622137616826,0.03143110667054985,0,-7.574879648925,4.296324497645795
tuva1244,aust1307,-6.750965293785497,0.037913865666433184,0,-7.586911989658249,4.282347939480605
tuvi1240,turk1311,3.902091425354416,0.023681993053911953,0,4.963456183611726,3.608161602399325
tuwa1243,aust1307,-7.358380745798122,0.029325822313267736,0,-7.433791093962,4.3245409700379405
tuwu1238,atla1278,-6.906003176678141,0.02331142599673197,0,-12.3304819206075,5.846126934980545
uuuu1243,aust1305,-4.219230960494294,0.0208961510345183,0,-3.2870104572725003,3.74977126903423
ubir1237,aust1307,-5.566693933555077,0.02467904211973865,0,-7.581127221367501,4.293544764707985
udii1243,nakh1245,1.4300428283481696,0.011245437788907138,0,4.624130743868999,3.87231297484826
udih1248,tung1282,3.530267417448637,0.019708380778362285,0,5.30848148541025,3.7081804815547947
uduk1239,koma1264,-2.9391911004830127,0.016435324153210033,0,-8.454608107775002,6.02595502907702
ughe1237,aust1307,-5.750108454639512,0.022291777087368018,0,-7.561087667335,4.2731576720699955
ugon1239,sino1245,-4.251089835637842,0.018128653736889586,0,-4.126132354707501,3.805366753359935
ukaa1243,atla1278,-8.262885009871223,0.058823873656231734,0,-12.349506916375,5.869620174660785
ukra1253,indo1319,-3.47745802238241,0.021181542561937255,0,-4.03053234483,3.887619508753975
ulch1241,tung1282,2.5852368590122223,0.009504305308745083,0,5.3891531198775,3.67974731145519
ulit1238,aust1307,-7.034201496677138,0.032988840905462766,0,-7.5161146138175,4.275624702675895
ulwa1239,misu1242,-4.393009370685941,0.018194956633848586,0,-5.0581599749825,4.69720457179554
yaul1241,kera1258,-2.482573881437062,0.01972791679257897,0,-3.6565077375895,4.691507867048805
umaa1242,aust1307,-7.257950434516591,0.013647969329302227,0,-7.3826221408174995,4.31954783152864
umbu1257,atla1278,-6.88135865042277,0.017513110725839685,0,-12.4154953972,5.76329079195299
umbu1258,nucl1709,-2.175309705195999,0.026010272406019684,0,-3.3522897775575,4.16697192428543
umes1235,ural1272,-0.5032101950244191,0.017736174854739065,0,0.06466018337675,3.489446088507285
unua1237,aust1307,-6.720567067675597,0.028621000492853665,0,-7.559180692225,4.283730598860375
uppe1275,toto1251,-5.9466206048589285,0.029246622542966456,0,-4.308969832144999,4.741961457438915
urak1238,aust1307,-7.278844318858374,0.028228004257550707,0,-7.419369911195,4.285442846113314
urar1246,urar1246,-2.630327469397228,0.012317309832293264,1,-4.5395567133275,4.6058634055023795
urav1235,aust1307,-6.833041339735578,0.03440838109670859,0,-7.5497970297675,4.28253482697228
urim1252,nucl1708,-3.856545988849372,0.05231574473230703,0,-3.6916992411525,4.623324893941495
urip1239,aust1307,-6.724790587378858,0.031011807640606525,0,-7.576016362424999,4.32610831973698
urni1239,giim1238,-4.734762820095099,0.04374501385443989,0,-3.1320952440152503,4.829499462832855
utes1238,utoa1244,-0.15324792093211997,0.008553754881095358,0,1.7295438008500001,3.73415395943778
kagf1238,atla1278,-8.402601745514954,0.016005356106324347,0,-12.3135798091725,5.9052384948791
pile1238,aust1307,-6.323714225375787,0.025824598917992287,0,-7.5843207341035,4.27388207655851
veps1250,ural1272,-3.0617059957814856,0.02949454849061765,0,-2.6124861117812497,3.5968953477986902
vera1241,aust1307,-6.608435599974307,0.028580418318754304,0,-7.544685762235,4.28654537630014
viem1243,atla1278,-8.313519710890958,0.030710400696012975,0,-12.332455352324999,5.809111518516225
viet1252,aust1305,-3.9447462756223812,0.01744249427942772,0,-3.316650790135,3.799618169588045
voti1245,ural1272,-2.274754062282467,0.02569903673018291,0,-2.45392340073,3.599672972688005
vunj1238,atla1278,-5.760207291739389,0.025881332986260774,0,-12.347968209725,5.8173455200231245
vure1239,aust1307,-6.608689262245072,0.02159031018275112,0,-7.547319111525001,4.280897076204106
vwan1235,atla1278,-5.077079798814554,0.020005962913652926,0,-12.37472621095,5.7849557076424905
wadj1254,wadj1254,-3.7429217130440477,0.04158457645985946,1,-3.325514867755,4.88249488332685
waga1260,pama1250,-3.9079356308409228,0.02000749227838862,0,-2.282174152176775,4.388910095980325
wage1238,wage1238,-4.699261237902951,0.027704709136006617,1,-2.99394260268,4.92272187202295
waig1244,aust1307,-7.517634055928191,0.04016228596290596,0,-7.4584500547275,4.302343029001295
waim1251,aust1307,-5.766131146441464,0.02602909282548428,0,-7.595268382525,4.286364154699561
waim1252,aust1307,-8.316370032869237,0.03971168419048689,0,-7.49910516959,4.289052157689685
waim1253,cari1283,-0.5794257364986914,0.016174465839050124,0,-0.040950326222,3.745583143729505
waiw1244,cari1283,-1.3233515457022622,0.010250130410362254,0,-1.41984906923,3.761514909622295
waja1259,atla1278,-8.336889722749225,0.034500992300885165,0,-12.387773798175001,5.8291933570185055
waja1257,pama1250,-3.635485946434187,0.036019649551704586,0,-2.125918943805,4.17779217699519
waka1274,pama1250,-2.46331495003008,0.015539725257680837,0,-1.3893147946225,4.25758056833182
wala1266,aust1307,-5.855794644494608,0.02912804893609707,0,-7.5609033592125,4.26485196904653
wamb1257,sino1245,1.2010475499933577,0.01796232001941442,0,-0.031185300299,3.651894969509865
wann1242,mand1469,-5.498242391319152,0.017614629677766606,0,-11.0503482416825,5.9985128475516305
wand1278,afro1255,-5.994372831566217,0.027572120885821554,0,-5.084180865131,4.311463383006635
wand1267,aust1307,-7.381757715893514,0.07356903478558759,0,-7.4549219787025,4.311455748949885
saka1289,aust1307,-6.6637791371591995,0.027140726996313112,0,-7.589739623450001,4.291434208217851
waor1240,waor1240,-2.256500879713532,0.005766612834765472,1,-4.6242376161225,4.536141012889625
wara1303,wara1303,-3.349239596317894,0.007863495818672584,1,-4.49928263521,4.612166231074875
wara1300,aust1307,-7.743688672920374,0.027417315880082054,0,-7.42054416135,4.31525446251257
ward1246,yang1287,-4.663007015821002,0.019060435017206983,0,-2.9699080662835,4.930605766019465
ware1255,araw1281,-4.0974946718896526,0.012252818938431722,0,-5.78690082405,4.417594585717575
ware1253,aust1307,-7.050237707357149,0.022315807337791604,0,-7.423637568025,4.308669150225786
wari1268,chap1271,-4.321282510226053,0.02102460433221107,0,-4.409346560395,4.622352271279345
warj1242,aust1305,-2.3671708970887995,0.03659664838246889,0,-3.1860208136475,3.79421020368535
waro1242,aust1307,-7.185312587310806,0.025966026177167745,0,-7.4083719021525,4.310821102890845
waru1265,pama1250,-3.9368534920696705,0.023976105539050205,0,-1.80057635143425,4.18909650809092
wash1253,wash1253,0.5148264920672194,0.012032861254431716,1,0.6615226408043999,4.131610109400665
wawa1246,atla1278,-8.250171084513246,0.024396323653618393,0,-12.29107656559,5.905655434618455
waya1269,cari1283,-1.437260454758035,0.031025788347120335,0,-0.8698013321575,3.6899650440700746
wayu1241,sino1245,1.129460508110269,0.04828499189016871,0,0.089298889452,3.650362760037315
wayu1243,araw1281,-5.858262001879899,0.03211015102645715,0,-5.709761357485,4.444298327727585
wels1247,indo1319,-4.633902227259571,0.03556248871395637,0,-3.3302018706925,4.056984612504655
nort2864,aust1307,-7.534053931093318,0.03285056766424479,0,-7.433266142287501,4.298563660621875
weri1253,kuni1270,-2.816980456047718,0.00767458865547304,0,-4.246924247854375,4.639786620034416
west2564,aust1307,-8.272517423051685,0.04011359738332515,0,-7.3651770622575,4.32126311935436
west2560,aust1307,-8.249464723011304,0.04613702741783864,0,-7.3398605267275,4.343639415400171
west2548,aust1307,-7.40012512421551,0.026076987702536178,0,-7.45397102005,4.32006174306593
west2615,atha1245,-3.2994391890093118,0.018937992377603147,0,-6.0833338971775,4.754228667035536
west2441,pama1250,-3.938053926841601,0.016948506697902,0,-2.2358151106174997,4.253992150298846
west2397,aust1305,-5.22023388863672,0.024805869116729468,0,-3.45001487349,3.7928997139959897
west2555,aust1307,-8.100686343469091,0.027170369536863265,0,-7.409134811425,4.32333628308725
west2618,eski1264,-5.1384420646790145,0.02034810726911872,0,-5.39989908053,4.946480743512955
west2650,aust1307,-7.89796111273858,0.025884378142862714,0,-7.3845235271332506,4.293271165299069
west2594,nucl1709,-3.523038884185721,0.046169562481404185,0,-2.8179975925600003,4.17164407251056
west2369,indo1319,-3.0957562960452805,0.027955423684409578,0,0.085711990711,3.753175949338085
west2519,aust1307,-6.900441350627377,0.029880027688327218,0,-7.57567511685,4.281804902876544
west2354,indo1319,-4.281743760614971,0.022366079382742526,0,-3.8488693741324997,3.952508689277435
west2644,otom1299,-6.3160256360294245,0.023254259066448606,0,-5.641978298445,4.731022078704164
west2466,atla1278,-6.896285646312778,0.020847062927012265,0,-12.33860193387,5.83031837892771
west2632,kere1287,-3.5526864750742044,0.017356082656222023,0,-4.7228274676125,4.97831970876914
west2396,aust1305,-4.65507009044298,0.03161152666735931,0,-3.282861776974,3.7653602923746448
west2418,sino1245,1.0889484160931637,0.03173607521029916,0,0.8242291199775,3.680111417859775
west2392,ural1272,-1.4530700720580554,0.03292103891904691,0,-0.5396627746655001,3.6775569131657804
west2763,afro1255,-3.142014271321303,0.022926394119599378,0,-2.6855324067285,3.9354658982712953
west2386,indo1319,2.0247652846715303,0.017631269189296563,0,2.28645866094,3.662775197867515
west2557,aust1307,-8.1549530140474,0.03289309580310117,0,-7.43726049799,4.323226888871655
west2415,sino1245,0.5214704606003695,0.03343814559980649,0,-1.9939191860365,3.58296376174148
sanj1284,otom1299,-6.349745283481256,0.024867403241439125,0,-5.651265219507501,4.70698192429632
west2600,nort2923,-4.240492457897701,0.03318401117885489,0,-4.29587170934275,4.67605426739689
saka1291,aust1307,-7.653039836311268,0.0386157859146337,0,-7.37834006245,4.3190192415044955
west2516,aust1307,-6.812328706725783,0.04064617232582676,0,-7.615791267420001,4.2762676230609795
whit1269,aust1307,-6.859578250833428,0.0313130171720636,0,-7.550713633075,4.288967274986285
wikm1247,pama1250,-3.463663879285149,0.020644094693947936,0,-2.3432048212899996,4.36202121503105
wiru1244,wiru1244,-2.2372168647764035,0.015234988656972818,1,-3.5408365348302,4.622494484131755
babi1235,atha1245,-4.320096141453654,0.016382751745770533,0,-6.06842235335,4.768004787369425
woii1237,aust1307,-7.260592026116512,0.060885134995970494,0,-7.4609328431475,4.324032559767245
wola1253,afro1255,0.49181536893617483,0.013875804568459282,0,1.48642189517175,3.7435483429468848
wola1242,gong1255,1.3337289182724055,0.06602958590310949,0,0.0348642043525,3.754016615159715
wole1240,aust1307,-6.832987678837424,0.031144772764158463,0,-7.49508530751,4.27770482781982
woli1241,aust1307,-7.247369083601377,0.01917698086976352,0,-7.39080325975,4.3023243799735695
nucl1347,atla1278,-7.775825995597572,0.013858747170941847,0,-12.2237311246425,5.956203560098604
wotu1240,aust1307,-8.361520459095328,0.03245729775351001,0,-7.3478447109875,4.30776538037866
woun1238,choc1280,-4.0565971855626,0.015629669161528834,0,-5.2752254134,4.541467081198155
wuch1236,sino1245,-2.4521801061664252,0.016762783551122144,0,-2.8236803702795,3.73528304726993
wudi1238,sino1245,-3.820077850061282,0.023343441976145598,0,-4.418239751630001,3.7495720237956247
wusa1235,sino1245,-3.823312272958079,0.024151533288750356,0,-4.413958054661225,3.7487026165846498
wutu1241,sino1245,-2.0992573167134756,0.02347878506659132,0,-1.820748469739475,3.634426342347325
wuvu1239,aust1307,-7.022134175445981,0.027619835011023004,0,-7.44838158283775,4.29642213591847
xamt1239,afro1255,0.8214181160136169,0.01962861665132118,0,-0.0951657479175,3.56747309975303
xara1244,aust1307,-6.821722793367214,0.028268404522964554,0,-7.54895885809515,4.298556530701945
xava1240,nucl1710,-3.683918854828822,0.013450292607811323,0,-6.143717820492499,4.59696066577354
xhos1239,atla1278,-5.461997549040541,0.02402467768783088,0,-12.416713880125,5.773990670690895
xish1235,sino1245,-3.6946813422597886,0.022241725613664977,0,-4.31789010236475,3.762108529729235
xokl1240,nucl1710,-4.281971847744655,0.009623956965787188,0,-6.0954439955,4.576085212722186
yaak1241,afro1255,-2.8895289251325784,0.02764531364571195,0,-0.856975314135,3.58869483784316
yaey1239,japo1237,1.2894021621201606,0.014660880730816098,0,2.5519637370845,3.693675539516355
yagu1244,peba1241,-2.5837843776289624,0.008669850465355776,0,-4.4769782299975,4.607129115165945
yaka1272,atla1278,-7.77609712440692,0.053080463062680994,0,-12.392172432825,5.777914347304175
yaka1277,aust1307,-8.23066795057183,0.040601899166910316,0,-7.3282575280075,4.34477794169128
yaka1269,atla1278,-6.006562459228921,0.028710934130726534,0,-12.388339703804998,5.82710517885673
yakk1236,sino1245,0.6503996876604943,0.02515795065637609,0,0.70764272361,3.6830288190008
yako1252,atla1278,-7.465101800983648,0.02945953764683368,0,-12.361304522674999,5.79763757428048
yale1246,yale1246,-3.544566121622836,0.0328087503535957,1,-3.604058781115,4.851049312301296
yama1264,yama1264,-3.4139928060207967,0.009006603754578736,1,-4.9734797809525,4.778448714849625
yami1254,aust1307,-6.458679937372412,0.026919873210138796,0,-7.4184390116925005,4.310690434594015
yami1256,pano1259,-4.190558536145393,0.011986174299912248,0,-5.6837838161325,4.314509623320925
yane1238,araw1281,-4.2183217031401234,0.022020290224393856,0,-5.614173908785,4.48887199015929
yank1247,pama1250,-2.893386928659008,0.018972459884898586,0,-1.4639055992999999,4.07151096896432
yano1262,yano1268,-3.573933896936232,0.01627445104636766,0,-4.755432396328249,4.476521348130635
yano1261,yano1268,-4.57469746759636,0.026657416679492486,0,-4.7485231365925,4.47149353520064
yaoo1241,atla1278,-6.319210601263565,0.025314996587242067,0,-12.405183217275,5.8009726471048655
yaou1238,mand1469,-5.443921707530163,0.023429469259961633,0,-11.047401295524999,5.99655116818962
yape1248,aust1307,-7.201306258033106,0.027297269406336814,0,-7.4401080386875,4.291865119456845
yaqu1251,utoa1244,0.637834886562777,0.017674140768454027,0,2.4144745544279997,3.725067888859375
yare1248,yare1250,0.47758459880479975,0.01556568545234393,0,2.22422595952,4.1090401181912295
yasa1242,atla1278,-8.030548520094555,0.024394395071234726,0,-12.374578876135,5.8307522660537
yatz1235,otom1299,-6.35334056589538,0.02488862293499764,0,-5.6196222077705,4.71249748304488
yaum1237,nucl1709,-2.7766567860605758,0.03400902023807289,0,-2.4271672246325,4.14439564890431
nucl1454,yawa1259,-4.556252887549524,0.03381477151556973,0,-3.207339715795,4.8381926610702255
yawa1261,araw1281,-3.5613439912952667,0.010396539022586174,0,-5.7099018089441245,4.453949469392355
yawu1244,nyul1248,-2.514794095651792,0.03756713326201952,0,-3.7900489918274998,4.838936325360295
yecu1235,toto1251,-4.795803139362475,0.013633209908555686,0,-4.34295717457775,4.701432346732005
maqu1238,cari1283,-1.5111454929267802,0.024514063592314353,0,-1.201889904217,3.748273849682025
yele1255,yele1255,-2.178012985027843,0.027958124372615873,1,-3.5634854246175003,4.726144362390455
yems1235,gong1255,1.5252628075215449,0.02933396853839782,0,-0.8609001671845,3.75825668763491
yapu1240,nucl1708,-3.930063906100023,0.047415425952313885,0,-3.6944144955000002,4.6388374394485155
yidi1250,pama1250,-3.4179714121908242,0.033135180228292586,0,-2.2368940458299997,4.36978030078552
yinc1238,aust1305,-4.518622467856249,0.031568921088413374,0,-3.2598558075802497,3.7670798741848204
yind1247,pama1250,-3.2311664703036023,0.02542121916547894,0,-2.2025688492514996,4.18937808872853
yoga1237,aust1307,-7.312005529899191,0.033368103500010855,0,-7.4455704433025005,4.3324325037342994
yona1241,japo1237,1.2358012778315395,0.018559664062880152,0,2.556879754203,3.677946846712185
yong1280,nucl1709,-2.7331215692973565,0.03467367878515405,0,-3.1596325081535,4.14257965093147
yora1241,pano1259,-4.073022688819265,0.0169901196368287,0,-5.672017537668751,4.3137311020236
youl1235,sino1245,-3.829486959394648,0.02462233931100292,0,-3.77599484521525,3.728851626711935
youn1235,hmon1336,-3.7014030408761025,0.012149147800734476,0,-6.074588238175,4.344764264298529
yuca1254,maya1287,-5.889779656529615,0.022198082260459873,0,-5.2634620455225,4.8290312822234505
yuch1247,yuch1247,0.247724682096218,0.014070226395507313,1,0.7531217086299999,4.08911084606706
yuec1235,sino1245,-4.164338520771533,0.02255176047411524,0,-2.7977926580475,3.73026858991692
yukp1241,cari1283,-1.5220798039964851,0.020630240941368744,0,-1.5738256372075,3.819509109218335
yulp1239,pama1250,-2.1458709708099653,0.026540662018062714,0,0.6987367719197499,3.971314524567185
yulu1243,cent2225,-6.350225340730685,0.03377094634914415,0,-9.34094920959,5.614737770737889
yuqu1240,tupi1275,-4.078996713919745,0.01365827864626322,0,-6.021974900162499,4.458713436865615
yura1255,yura1255,-4.115906513564735,0.017698169120970893,1,-4.50885097940875,4.793851275398765
gami1243,pama1250,-1.6014198701101547,0.01581673319999622,0,1.3701521449775,4.005999918081355
zaba1237,aust1307,-5.7786660129702865,0.026465328244682215,0,-7.54095402191,4.2945501826540955
zaca1242,otom1299,-6.309447962478021,0.023798113192330345,0,-5.63857770362,4.73161551579024
zaca1241,utoa1244,-3.0749552988224838,0.017778550410704384,0,-0.0397472164525,3.84426938462869
zaiw1241,sino1245,-3.613620045387268,0.02537118722507671,0,-4.433833102342501,3.791310190785075
zakh1243,sino1245,-2.4981426726960416,0.0268727605448363,0,-2.1856507140825,3.6877073432184
zamb1245,atla1278,-7.710116211230506,0.014806808846534491,0,-12.38334100402,5.8239572787828795
zand1248,atla1278,-6.8395701533748365,0.023697620337963046,0,-12.3755352387,5.795181369614145
zani1235,otom1299,-6.3317693897846965,0.025810839407202343,0,-5.6405474831435,4.73727797372357
zapa1253,zapa1251,-2.5785528115362775,0.00574401335753727,0,-4.815639518025,4.58071443313422
zarm1239,song1307,-5.416836217882475,0.04278067260763304,0,-10.743620935734999,5.976279962385605
zays1235,gong1255,0.8196768454857799,0.04603730084759833,0,0.05072529293,3.7066481544253502
zeme1240,sino1245,-2.4017478170703077,0.02187998062343126,0,-3.343280947555,3.7505005887487597
zenz1235,otom1299,-6.32289160978732,0.025933887015292676,0,-5.6659834082425,4.7419420734155295
zhab1238,sino1245,-3.1147015444216333,0.022787687882706256,0,-4.3449746487025,3.813547346037435
zigu1244,atla1278,-4.469349402340901,0.027095695613858304,0,-12.373952993675001,5.7476477239891555
zinz1238,atla1278,-6.443870406192073,0.031985072021088856,0,-12.375478165375,5.78183641379214
zoog1238,otom1299,-6.353370485092434,0.024925197377233005,0,-5.6348735481125,4.7182741501406795
zulg1242,afro1255,-5.9866458384028896,0.029536606477065578,0,-5.0576601683385,4.305792837460425
zuni1245,zuni1245,-2.6331582833974903,0.009285890487168992,1,-4.639333870434999,4.823911772821825
