Glottocode,Family_ID,GPGLMM_3D_Mean,GPGLMM_3D_SE,Isolate_Flag,Verkerk_BRMS_Mean,Verkerk_BRMS_SE
abad1241,aust1307,0.2489351645314028,0.049864180273241514,0,0.5106751482605,1.721513605949335
abee1242,atla1278,2.5376273979936346,0.08624598345580695,0,1.418679414958975,1.8373940219223148
abkh1244,abkh1242,-4.41514606646246,0.14029443565421065,0,-2.8300383097755,2.3807807427484047
abua1245,nucl1708,0.8506067721960737,0.0794110730597435,0,0.48567634767025003,1.9860075255091
abun1252,abun1252,1.7230363482586681,0.08179111081594574,1,0.30960922205374997,2.112970225647765
achi1257,aust1307,2.2344633216944576,0.06639676975395979,0,0.85206820373575,1.727792743771705
acha1250,araw1281,-1.7570901382794482,0.05673972291649368,0,-2.4438893038250002,2.07914186578487
ache1245,narr1279,2.813712179644226,0.10545975703724869,0,1.01423521520775,2.2024123361554153
achi1256,maya1287,-1.167798979796185,0.05533547287623371,0,-1.457415151953,2.0602699198370447
achu1248,jiva1245,-3.453067821087428,0.18715349275091162,0,-2.0752306049480254,2.091439355080475
acol1236,nilo1247,2.6527146298706015,0.09433572011603172,0,0.8340793440075001,1.91937516331139
adan1251,timo1261,1.2787776043688837,0.050185522232641146,0,0.5177651551217499,2.0936846339723747
adny1235,pama1250,-2.7036128527981305,0.20662588785617889,0,-0.2536530980955,1.98688355545956
adon1237,aust1307,1.4175903017669171,0.05729956058896323,0,0.8513285293165,1.741241023040395
adze1240,aust1307,1.4132042169714607,0.03905844744340769,0,1.0246288072244,1.73619476819625
aeky1238,kamu1264,1.1171799520423078,0.0907446931193673,0,0.43557152566425,2.04190311325131
afar1241,afro1255,-2.052049131763223,0.11903985348906383,0,-0.27107561398225,1.756443528985965
aghe1239,atla1278,3.1660336843701082,0.10282581228657695,0,1.6451179386277501,1.90560941086805
aghu1255,nucl1709,0.6850760381139192,0.0943573120244911,0,0.456971237895,1.875414285560925
agob1244,paho1240,-1.9523665784344963,0.09247848344467346,0,-0.223153096343,2.0730621369736904
agua1253,jiva1245,-1.9301568248779026,0.05265400660058532,0,-2.10115303179385,2.1038509726932304
agus1235,aust1307,-1.5598974387688838,0.08093314484921418,0,0.5390002704904999,1.7365801896084
agut1237,aust1307,-1.5286826634896626,0.0798019627749003,0,0.541807298895,1.7500339923397
aime1238,bosa1245,0.8852139746443048,0.07973352057638063,0,0.34607078963175,2.07532942841374
musa1266,nucl1709,0.8837513313536842,0.05107735465418847,0,0.25638122646600003,1.887389698598235
ayiw1239,aust1307,1.7990701522810058,0.052694408042835324,0,0.846680966175,1.756700220375755
ajab1235,atla1278,2.699959256853201,0.07503774485947658,0,1.512774231147,1.837683789394085
ajas1235,kres1240,1.5444910216189083,0.04665289575571412,0,1.4667338057750001,2.209590817196675
ajie1238,aust1307,2.0976419136174966,0.08058603558308816,0,1.020582127101,1.73798323297751
ajyi1238,araw1281,-4.337740402552931,0.17730520668576433,0,-2.470416252385,2.109671121002255
west2635,maya1287,-0.38362108719636795,0.04548087866113451,0,-0.6592564984675,2.0589097423467253
akha1245,sino1245,0.5697857855565103,0.0627964205213424,0,0.26717852498500005,1.76521240579478
akoo1248,atla1278,0.8741811206259382,0.08108043237804104,0,0.6012073446499999,1.759827073599015
akun1241,tupi1275,-1.3005118887798979,0.045869843710721156,0,-2.500791753177,2.0691132626898048
alab1254,afro1255,-1.593213746052366,0.10875011736538095,0,-0.408966303515475,1.75045859725735
alab1237,musk1252,-0.7835194778028248,0.03469271893360362,0,-1.665110945443,2.060737174668525
alac1244,otom1299,1.1090829885641196,0.05601186163768694,0,-1.0260528484315,2.033370800799095
alag1248,afro1255,0.3274482270148392,0.046652033028749276,0,0.099240757391,1.73942531544718
aleu1260,eski1264,-1.393878119322069,0.040845499348747163,0,-2.2781512911824997,2.13851791231418
alor1247,aust1307,1.6483514839994267,0.07463166249137353,0,0.85347860492175,1.7414502582601
aluk1238,drav1251,-4.240241070466073,0.06994149482591236,0,-2.70695715730175,2.40799679460692
alya1239,pama1250,0.8243080289162473,0.13405828412430779,0,-0.0116035198855,1.95265007800421
amah1246,pano1259,-2.9863277060825446,0.04060512574815276,0,-3.1334646705808,2.17314875795612
amam1246,kuni1270,1.0390867934755006,0.046602385476336744,0,0.429443197663,1.960449370383635
amap1240,left1242,-1.1999598628649415,0.08866050731038896,0,-0.26512822802,2.04962339109137
amar1272,aust1307,1.816632890965288,0.04966968270825325,0,0.99971078189075,1.726045425678655
amar1274,hara1260,-4.177521793704448,0.21944949769429015,0,-2.3687123099544998,2.2115044933615797
amas1236,nyim1244,2.4271891332771798,0.09027921566836357,0,0.664601152525,2.273820986431825
amdo1237,sino1245,-1.7032452362158392,0.07384883600419577,0,0.471602389472625,1.794302950290135
amii1238,west2434,0.7368368198166411,0.08302658646865317,0,0.9733473779892501,2.06699586329592
amis1246,aust1307,-1.0940638031166423,0.06176115325418021,0,0.71469796023675,1.79483369973102
hoaa1235,kxaa1236,1.4747332461157079,0.07764986309116237,0,0.547911090211,2.2176767767593653
amri1238,sino1245,-1.501288713773909,0.08208356201964948,0,0.2757548526226,1.8533545476228102
gily1242,nivk1234,-3.711847928382145,0.08325277169549333,0,-2.2300605961924997,2.74141371259064
anei1239,aust1307,2.4253931261468793,0.0576244441488348,0,0.97648362489425,1.7354879247238348
anfi1235,gong1255,0.23936729154501865,0.0789886054388648,0,0.15895526256625,1.845287948928675
anga1290,anga1289,0.2873150136312438,0.08541773681345581,0,-0.5840939930217499,2.050149823431875
anga1288,sino1245,-1.2820478497417365,0.08366678654727423,0,0.65700838289525,1.8383100271209698
ango1257,chib1249,-0.31974058138163586,0.053916515637168705,0,-1.2059919627475,1.949932082457775
wara1294,more1255,-1.88290469272291,0.08936621038552041,0,-0.24151993789775,2.0642426522213198
anta1255,aust1307,0.30032891238170273,0.05591735939656195,0,0.9767122239624999,1.70346266979776
anua1242,nilo1247,2.44166573344104,0.09327436813815633,0,0.99792779284725,1.934437602370475
anuf1239,atla1278,1.4819385032235433,0.06607473541223613,0,1.25702343986675,1.811081292161525
anuu1241,sino1245,-1.1692230915738666,0.06007998312019327,0,-0.27338762498034996,1.88533098279321
anut1237,aust1307,2.477458255594118,0.07668093826089707,0,0.8065264088822499,1.707163260320715
aoua1234,taik1256,0.038925397575481246,0.08312393460571499,0,0.9494853817655,1.92009756093575
apat1240,sino1245,-0.5652565796654563,0.0671828003798738,0,-0.07022498191025,1.84253889039832
apin1244,nucl1710,0.2300242270436504,0.05981232337564001,0,-1.2856192487057498,2.0076787026183203
apma1240,aust1307,1.1219664289686795,0.06480140868796404,0,1.08654718310275,1.733838366221915
apma1241,kera1258,1.150814166360508,0.08483162042728397,0,0.44478317398407496,2.0667741570240796
arak1252,aust1307,2.4427359819702574,0.07064784232149504,0,0.97526801826875,1.73801016225254
arao1248,pano1259,-2.534074750527405,0.039709388189090776,0,-3.0433725753175,2.18583413476233
arap1274,algi1248,-3.1931763472947923,0.11277976271731366,0,-2.9881424283305753,2.19841710373312
araw1273,tupi1275,-1.0990778010688882,0.03762317496281867,0,-2.5203614091724997,2.0767349684498
arbo1245,afro1255,1.450804114188122,0.09756464181530254,0,0.00907491371275,1.75191470322277
arch1244,nakh1245,-4.642487627684183,0.10440162252161513,0,-2.934252492085,2.319460552565745
aree1239,aust1307,-0.24221250647641285,0.04466377928217044,0,0.547335311366,1.752446461775445
area1240,aust1307,2.084470342259827,0.06046355879422347,0,1.13613641157375,1.735451413024945
argo1244,afro1255,-1.7069046773308663,0.11022728732047941,0,-1.1836556918025,1.827140199859255
arhu1242,chib1249,-0.8509602951636439,0.03751113296662171,0,-1.4688984254775002,1.951250061852635
arig1246,atla1278,0.9152893630402539,0.09642122500815273,0,1.42227025380483,1.8229757126684252
arom1237,indo1319,-3.9915411821273628,0.1373748959017459,0,-2.1895854975055,1.979491998556435
arop1243,aust1307,1.843305112181512,0.07097089159571429,0,0.80764853185775,1.733340065860315
arop1242,aust1307,1.1277318231321498,0.04354935356623035,0,0.938804225545,1.7392694164027551
aros1241,aust1307,1.7630082403495324,0.03533939672774552,0,1.08839995877325,1.73197416802226
arta1239,aust1307,-1.780172577261096,0.05299603853329573,0,0.548245209545,1.74866107034665
ashe1272,araw1281,-4.304152303754339,0.17302296346666238,0,-2.4697427276574997,2.1135387474695397
assi1247,siou1252,-0.9986956173277615,0.0791494525715215,0,-2.1059889578625,2.10323516579902
asur1254,aust1305,-3.677993508644031,0.13284546088727922,0,1.17897362565225,1.863171930077455
asut1235,atla1278,1.390327256656018,0.03642307416433638,0,0.61724663453275,1.7125904803688101
atam1240,aust1307,-1.6450303970285534,0.08965408273849441,0,0.5411888490950001,1.72713621638663
atay1247,aust1307,-0.7692310126090932,0.04191147440326144,0,0.8344864659715,1.808933537484665
athp1241,sino1245,-3.5473093810147818,0.10068073072568898,0,-0.23063062366999998,1.886417944900045
aton1241,sino1245,-1.6880303217562234,0.06364872876432423,0,-0.5197814921640049,1.89119676357278
auuu1241,nucl1708,0.8647433556293147,0.10115112352537801,0,0.5504417598667499,1.9940315008457
aulu1238,aust1307,2.660112536115145,0.06403100322567225,0,1.0423489879974999,1.74551171819585
auye1238,nucl1709,-0.8608157435472744,0.09936404406717451,0,0.179870490909,1.8736204985936649
avac1239,tupi1275,-1.1925071130380913,0.0307609565399436,0,-2.5230968390774997,2.086048597925455
avat1244,atla1278,2.711574060021674,0.0885815951775527,0,1.475405624456775,1.8481794728989
katb1237,aust1307,2.6121651839049154,0.062144848343018484,0,0.9648972304063275,1.73239087347358
avok1242,cent2225,2.9193600374576816,0.10804347003991306,0,1.7312777241125001,1.92476148070636
awac1239,barb1265,-3.69648311691281,0.17416000838188342,0,-2.4854958375325,2.2210233238850847
awad1244,aust1307,1.6814429062216547,0.04556665947408945,0,1.016531827925,1.72538777250109
awad1243,indo1319,-4.627876484213246,0.08770154209656345,0,-2.5092048993392497,2.0731752613724854
awap1236,nucl1709,-1.1233505451298198,0.12158366320456376,0,0.25075647311314997,1.8894548860609501
awar1249,ramu1234,0.5601890910831036,0.05050034172595997,0,-0.892691222425,2.088208540195115
awar1248,nucl1709,1.2677635687038036,0.039658487183360604,0,0.71306593653575,1.8967160246381152
awet1244,tupi1275,-2.735722744036548,0.18393787751304563,0,-2.4983860724666,2.0969066234579348
awji1241,afro1255,0.29699849379876486,0.04574990383332837,0,-0.08725910491875,1.81734003611368
axam1237,aust1307,2.6671045135192766,0.06783458246915967,0,1.06624074632575,1.7395605779256051
axiy1235,sino1245,1.0248334562823376,0.06434262636550264,0,0.15355007061475,1.77646747036701
ayac1239,quec1387,-4.216217333286345,0.17885469369356236,0,-2.6676079489995,2.176465705646955
azha1235,sino1245,0.8964722715264325,0.05950055084511575,0,0.18855831127675,1.78261541457862
baba1264,atla1278,3.093208874685886,0.10983882559626083,0,1.700038188302,1.8902243154544198
baba1266,atla1278,2.9992666776673795,0.0982742872544777,0,1.6527571998827248,1.8978322294732548
baba1268,aust1307,1.9474984103827324,0.08520364090120774,0,0.8570859506924999,1.7359036237110401
bada1257,drav1251,-4.237288706946355,0.07905959225098001,0,-2.69759624049175,2.402963770436045
bafa1247,atla1278,1.0017238485167004,0.08787205269786423,0,0.7257122079295,1.75803029494521
bafi1243,atla1278,2.9661907458297683,0.10650020634096354,0,0.942736319375,1.76988089333682
bafu1246,atla1278,3.1333164872144446,0.11809697218986367,0,1.6985225714425,1.90259792772064
baga1273,atla1278,1.129982176695909,0.05625300883783908,0,1.08297408663575,1.811389234510435
baga1272,atla1278,1.3253781213492126,0.07025329717632757,0,1.1724840825579999,1.809827472905605
bagi1246,cent2225,1.7621157100542546,0.04845244507822154,0,1.72516913746575,1.8744752660599748
bagv1239,nakh1245,-4.630105973664149,0.10452206644420337,0,-2.9598254481175,2.3057001774014
bahi1252,sino1245,-3.887763400784508,0.10907291123606064,0,-0.24879215150475,1.8890975107971149
bahn1262,aust1305,1.7931344497499415,0.04928126435285191,0,2.086150181471,1.798359719905695
baik1238,aust1307,1.515655846688515,0.05129700739071213,0,1.0500152130275,1.7496323417484851
baim1244,sino1245,-0.19420625902711514,0.06733776842747617,0,0.4523869051855,1.800793597677175
baka1272,atla1278,1.6331862691824637,0.069709104999925,0,1.5992512212949999,1.76575583112617
baka1274,cent2225,1.5415286253231288,0.050778933786068,0,1.6964652060524998,1.886020154967945
baki1244,aust1307,2.7367957464715564,0.07545235479618193,0,1.02563884049375,1.73444368542304
bala1316,aust1307,-0.1908191950066391,0.06980530359215964,0,0.81478781711,1.72639805380165
bala1311,aust1307,1.6512803932261693,0.10136343651496009,0,1.085284694107,1.725273517254445
bala1315,aust1307,2.1638146451327653,0.08885501799264547,0,1.03453861769,1.74704197721655
bali1278,aust1307,-0.8279979850473673,0.074027551017432,0,0.64432465119275,1.736948341123725
liki1240,atla1278,3.1026705987414593,0.0789049060500531,0,1.3481985642407501,1.76473776848465
bamb1270,aust1307,0.7934073480077981,0.03500602750148921,0,0.49430383865,1.74396904079864
bamb1269,mand1469,-0.6581232116854294,0.05697723924205324,0,-0.4504803919185,1.81764616957962
bamb1262,maoo1243,-0.1587240348974814,0.052353663454348026,0,-1.2049532835376,2.1437163790138554
bamu1253,atla1278,1.5956775261141534,0.05524728039368435,0,1.70737926772,1.88902388493757
bamw1238,atla1278,3.140996275831241,0.08465278942685026,0,1.3207695057654,1.77135750561516
band1344,atla1278,2.083242143463445,0.0575373491063789,0,1.59064720015075,1.7733320103099
bang1363,bang1363,1.0697762329268046,0.06339029570595354,1,0.97411231669025,2.330001240279885
bang1369,sino1245,-0.8730059650497802,0.0546066528290971,0,-0.2885440223625,1.8810492457205101
bant1281,sino1245,-3.631771484423035,0.11462039947690002,0,-0.1949998812725,1.8910850801497698
bara1357,sino1245,-4.075611930638085,0.11408898865237785,0,-0.16650263410552502,1.89392929658709
nucl1630,koia1260,0.3093116922534031,0.0719226919354167,0,1.2587124967847498,1.9338803004186151
bare1279,afro1255,0.0301586788403385,0.08112283276221871,0,-0.6482263379987501,1.788939687290645
bara1369,aust1307,0.023537656508109503,0.046964265130834924,0,0.97351520692275,1.7042101674234549
bara1361,atla1278,1.0662373337653832,0.06833816572264442,0,1.46015488577575,1.7650380906157102
bara1380,tuca1253,-4.243742066411251,0.21538275780610927,0,-2.634966718765,2.188384980508325
bare1276,araw1281,-2.1163004090469,0.045257916412052866,0,-2.399969190395,2.08776351534324
barg1252,nucl1709,1.3244291432313386,0.053622583700266235,0,0.18063491455,1.918964150016805
bari1286,aust1307,1.8247962171397667,0.04835037793075312,0,1.030284462302,1.7365686233102
baro1253,aust1307,0.8579875768764517,0.05654682386289996,0,0.8040004944754999,1.728707525334785
basa1282,atla1278,2.5302222519642807,0.0759891259923724,0,1.85047994606625,1.882539387686055
basq1248,basq1248,0.7173875973776025,0.08490499220024457,1,0.09152338287625,2.2156136513194653
bata1289,aust1307,2.6635670952255737,0.07055715292237763,0,0.9983800785525001,1.74108880151077
bata1285,atla1278,2.873108782566523,0.0767258658175109,0,0.77545061326775,1.7669176920966398
bats1242,nakh1245,-4.591714048199552,0.1045915459762259,0,-2.95827894076,2.32650396232753
baur1253,araw1281,-3.3594096133652704,0.18428730643684324,0,-2.46055265369675,2.129669102662675
bawm1236,sino1245,-0.9966168262643508,0.052974991773482985,0,0.2086232854525,1.84184412706986
bayb1234,aust1307,-1.3824796557819825,0.05670296231005958,0,0.41955927233199997,1.7454522800416998
bebe1248,atla1278,3.004206764732043,0.10214392644244573,0,0.980063673676,1.768828285129385
beja1238,afro1255,-1.7809803358712055,0.12778736381352648,0,-0.471727040591,1.755696541284055
bekw1241,atla1278,2.9220000475013546,0.10034052176113208,0,1.1507003976019998,1.8566301951065052
bekw1242,atla1278,1.678306942911456,0.05176350501315163,0,0.8664333996255,1.76164276768834
bela1256,nilo1247,1.6613207399957965,0.05053467892772942,0,0.99978930049,1.931705059504445
bela1254,indo1319,-4.383244876134249,0.1029593323891548,0,-2.4297620344124997,2.0082590968850598
belh1239,sino1245,-3.5530703374289696,0.09183218288492606,0,-0.2260972412875,1.884468740251405
beli1257,cent2225,3.1755732584668013,0.11155680193798294,0,1.68970983189625,1.89215552763214
bell1243,sali1255,-1.1148966483132985,0.05195119205256813,0,-1.76473358335425,2.097298470645355
belu1239,atla1278,2.3110514745046506,0.08907107961797808,0,1.162507928383,1.76965377362024
bemb1257,atla1278,0.0788092974657613,0.0415265997753374,0,0.16948224128525,1.72059885061801
bena1262,atla1278,1.0602911584940728,0.04971276011363376,0,0.46415091333775,1.71179765367823
benc1235,gong1255,-0.31071283523371207,0.05134520754187848,0,0.1890071477775,1.876651200873565
beng1282,atla1278,2.895180773334077,0.08085237589895684,0,0.776689260313,1.7658349811426701
bent1238,dogo1299,1.2128017841165701,0.06156771494758351,0,0.19469450610775,2.1034410104541648
zagh1240,saha1256,1.1112529090070304,0.04007712999165913,0,1.825641242625,2.147572899553785
bert1248,bert1248,1.9540148690236285,0.10752773877922714,1,0.9875287460325,2.375108206022505
bezh1248,nakh1245,-4.623488085365203,0.10646436496973273,0,-2.9661785425575,2.29986875066984
bhoj1244,indo1319,-4.466093886723931,0.09798394726133029,0,-2.51923614463875,2.0701586734222603
biaf1240,atla1278,1.299537711845563,0.039646597177492,0,1.24625409074,1.8265701225069
bian1252,kuni1270,1.254208145275164,0.036271564993028596,0,0.342084140225,1.943795898707475
biao1254,hmon1336,-2.4489221736854834,0.0890665873484351,0,-0.97086299852825,1.986796508224165
biao1256,hmon1336,-1.457963509394654,0.06407915349268935,0,-1.01194902950325,1.99209806590603
bier1244,aust1307,1.0845961255045686,0.05873900058960616,0,1.03018971699125,1.7314133273777101
bign1238,aust1307,2.5037291075348547,0.05209109657640484,0,0.87538491418875,1.734971255266685
biha1246,aust1307,1.8702548335479083,0.06317379417554954,0,0.8275411371755,1.724541078729335
bila1255,atla1278,2.271191737827255,0.06819844072129459,0,1.1571204379995,1.77637796587479
bilb1241,aust1307,1.4822584262284246,0.03414850911775391,0,1.0316775648785002,1.73220877966764
bili1260,afro1255,-0.5256113061433114,0.03772606950183798,0,-0.46254734669625,1.73042730053568
bimi1240,nucl1709,1.1249895548085038,0.11529343955247351,0,0.5134401785512499,1.8823652821321901
bina1277,nucl1709,0.6358417722808831,0.06669627596477508,0,0.6387107865320001,1.865168317511075
bini1246,atla1278,2.7879225605842266,0.08470326504274114,0,1.9047080441775,1.8790155078379849
gunw1252,gunw1250,-2.58156986508163,0.16789291416222354,0,-0.2823628293325,2.0634937396125297
birr1240,cent2225,2.8547565019766346,0.10678227188434979,0,1.6636925285975,1.898012922496585
bisu1244,sino1245,-1.0987362177757618,0.13600725625243018,0,0.13289324621975002,1.78685499719249
bitt1240,aust1305,1.4332438548219035,0.045210426216321806,0,2.011110974135,1.764667603270155
biwa1243,yuat1252,0.3767593587485408,0.08258254401727003,0,-0.74674675183105,2.0561960912585597
blab1237,aust1307,1.6933937750133454,0.07389441825768744,0,0.56222943207885,1.736244002501195
bang1354,atla1278,2.866467829743343,0.07213490907324244,0,1.3481360153675,1.7682344085622952
bodo1272,atla1278,3.223288538710208,0.109891726914958,0,1.1473639846350001,1.784915422294005
bodo1267,aust1305,-3.6128760662223494,0.12557263727495632,0,1.1742599294887501,1.87026509726861
boka1249,sino1245,-0.7848540670729373,0.06709914980644498,0,-0.06577707732425,1.8306918859140051
bola1250,aust1307,1.1745465809822773,0.04872705178918682,0,0.60996071886375,1.7441997657449049
bolg1251,atla1278,2.360250450438273,0.049009357725922416,0,1.4009306291499999,1.797914856162195
boli1256,aust1307,-1.9525034274234232,0.07490179963722919,0,0.5242165865135,1.745073150653255
chim1302,quec1387,-3.6181646273788926,0.14820659220500296,0,-2.6680819106425,2.184817579318465
bolo1262,atla1278,3.0356354359892643,0.06837676869579322,0,1.3482189157179252,1.76496632882519
boly1239,aust1305,1.7788703137520627,0.03925774978140822,0,2.1677983308087496,1.80198550512341
bomb1262,atla1278,3.188755975730918,0.08555028564170074,0,1.31555056923225,1.7610610097069248
bomk1234,atla1278,1.6151389475722222,0.04176111607700881,0,1.2147051359405001,1.817608907302545
bona1250,mong1349,-0.8410944412964528,0.07042724025981632,0,-2.9505803772275003,2.44798036558375
bond1247,atla1278,1.2303458843825623,0.04104327575220352,0,0.55422260434425,1.69286784136468
bond1245,aust1305,-3.584522227680168,0.12467008370051058,0,1.1769708411100002,1.87059994378353
bong1289,aust1307,1.2334769195894264,0.055713957851033884,0,0.886558371878,1.737850901343085
bong1284,atla1278,3.046357378345969,0.07738635651398627,0,0.95402886175,1.7649961779724301
bong1285,cent2225,1.8371647402601754,0.05573284973224597,0,1.668134825005,1.888685036893075
bora1263,bora1262,-2.544841228065806,0.042167873527299275,0,-2.5594346607725,2.2026424261167703
bora1271,afro1255,1.7191391266872764,0.09560318558838234,0,0.03460740691975,1.75151813641871
bord1248,chib1249,-1.4063212194008474,0.04124313021633997,0,-1.4451264613500001,1.954176373790735
bori1243,sino1245,-2.0466402349852615,0.10927011143709768,0,-0.047800021005749996,1.8454158101668199
boro1277,gong1255,0.10800386435085141,0.06497375811264547,0,0.17145442480787498,1.856386591235325
boro1282,boro1281,-3.020662486692402,0.21841568198135086,0,-2.33200197269375,2.19686644785493
boto1242,aust1307,-2.060652300214971,0.0822394144391467,0,0.5265270750994999,1.750164658489165
boun1243,atla1278,0.45098806192002483,0.09250693022019768,0,1.80445982511,1.808392411708305
boun1245,nucl1709,0.42908894419957366,0.06164021607168443,0,0.14501222797000002,1.85316075338677
brah1256,drav1251,-4.449040965931694,0.07862370684796387,0,-2.63642472957,2.44359202167747
lave1249,aust1305,1.9957038088904684,0.031971756449627575,0,2.1891978749075003,1.79363840711695
bret1244,indo1319,-0.5277344295475842,0.05718009929535007,0,-1.2547649243380001,1.91917845266801
brib1243,chib1249,-0.15363936107955178,0.03380406486190279,0,-1.42273885068625,1.95461762670181
budu1248,nakh1245,-4.624082882806044,0.10649619674678965,0,-2.9765270618599997,2.3031125155745498
budu1265,afro1255,1.2972460179667815,0.0654715011251644,0,-0.60164826951175,1.770532484845245
budz1238,atla1278,2.501798229937105,0.0667436833619136,0,1.3317910825825,1.760083307671755
buga1247,aust1305,1.6254312883594242,0.04446955950902911,0,2.1684364259775,1.807337189750545
buga1250,aust1307,1.728100403764957,0.05590706804173497,0,0.9708770161455,1.740265385309245
bugh1239,aust1307,1.9017730470053102,0.055793635505202034,0,1.1085041198357501,1.7423337855696102
bugi1244,aust1307,0.3826178759527804,0.06356668483055068,0,0.51297672691775,1.75246652436199
bugl1243,chib1249,-0.01383188391377425,0.035376062439308874,0,-1.338236743434,1.95553912066821
buhu1237,aust1307,-0.1356932340277102,0.054444673488161156,0,0.96399992555975,1.73072577832101
bujh1238,sino1245,-4.196296535271412,0.10812090415699953,0,-0.1630212778955,1.88515706889126
buku1249,atla1278,2.550102840295681,0.07609396914876156,0,0.8552770125665,1.71328849877455
bull1247,atla1278,1.6240596473968558,0.04196604541901746,0,1.21182450257,1.818365125421845
bulo1242,aust1305,2.4217899326751,0.06202064968327408,0,2.160812612265,1.790768864251735
bumt1240,sino1245,-1.084872959055868,0.053016629100105815,0,0.0644218956055,1.851140268418715
buna1276,aust1307,-0.06577934329458815,0.03861941864459858,0,0.5587584722925001,1.746637449552105
gahr1239,sino1245,-4.302862678500762,0.09943767093604455,0,-0.09409358745245,1.8652263255479649
bund1253,indo1319,-4.856037226802284,0.07611155177506965,0,-2.5075054528000003,2.07010410295597
buol1237,aust1307,2.260680510744856,0.10488327236944613,0,0.62065725718825,1.7366429778866799
bura1292,afro1255,1.850111013417085,0.07333180670145913,0,-0.49813800585949997,1.785874088414045
bure1242,afro1255,1.2673809480455325,0.07166723130096367,0,-0.6715137930805,1.770316587848245
burj1242,afro1255,-0.7312603406685707,0.0848172949171773,0,-0.41516260037575003,1.7455388671821699
nucl1310,sino1245,-0.9124442601295938,0.05151098490351656,0,-0.19285643683499998,1.83580501388138
buru1320,afro1255,0.4286430431417099,0.0530753612992623,0,0.0513072461375,1.746842722688645
buru1296,buru1296,-4.107992750557677,0.08152154290769241,1,-2.0968575880775,2.685104979296875
busa1253,mand1469,1.6029470339060925,0.07034409489207535,0,-0.01893767311,1.8671746684616348
bush1247,atla1278,1.5251660470219885,0.03180788393033685,0,1.29279449618575,1.76273694416834
buwa1243,afro1255,1.5904171757848298,0.07461334009383547,0,-0.33742677695949996,1.79689245710836
bwai1242,aust1307,0.06777609621774655,0.03362264261743392,0,0.7340154899615,1.7383609732746952
bwat1240,aust1307,0.3731906183501492,0.03954296267460089,0,0.9822911658119999,1.72790993907147
byan1241,sino1245,-4.386168268852634,0.11135395191180855,0,-0.08950248602475,1.862383638246875
caac1237,aust1307,-0.0749518502219355,0.08510754529652981,0,0.822971198285,1.736653182164785
cabe1245,chib1249,-0.2747985112391696,0.03655109954382389,0,-1.52457473707425,1.956139264458095
cahu1264,utoa1244,-1.4481811783262695,0.07757196131121803,0,-3.0848474079374997,2.129233391392135
cakf1236,afro1255,1.689137862537729,0.07968082836482815,0,-0.5330255496195,1.771304509297185
cald1236,quec1387,-3.7407870834438883,0.1559562864286986,0,-2.6686452705225,2.18502234997783
camp1261,indo1319,-2.7722969838361387,0.095088675064915,0,-2.213163939835,1.9797640456805
cams1241,cams1241,-3.817546431735262,0.18930032265861033,1,-2.345136582333,2.187882477883675
cane1242,nucl1710,0.34236406430083616,0.05751245948418798,0,-1.2799013204827498,2.0052453076501804
caom1238,taik1256,0.8924702929585513,0.047788111923975835,0,0.805208070725,1.920571608144225
capa1241,pano1259,-4.53599603045906,0.19807979973298773,0,-3.09661260869,2.16684459021022
carn1240,aust1305,-1.3704675167764506,0.11941661799392346,0,1.8950722944365,1.7989885661846952
caro1242,aust1307,0.7844680214004246,0.05221857965806155,0,0.9278959168016749,1.706336032622265
cash1251,pano1259,-4.520815846466606,0.18577659988507741,0,-3.0798687196375,2.180260056140225
casi1235,aust1307,-1.587239371263236,0.06460891506911105,0,0.715161822932,1.7202123397157
stan1289,indo1319,-1.876596890672455,0.07021876147792451,0,-2.2135975835125,1.9798559491478551
cavi1250,pano1259,-2.459512720606658,0.03743342773863528,0,-3.039979023523325,2.191402475122305
cayu1262,cayu1262,-3.57104942306054,0.205121054400442,1,-2.318998213395,2.223569808407215
cemu1238,aust1307,1.9734912391543629,0.07444461621191288,0,0.9562423075938999,1.735155993302695
cent2127,eski1264,-2.9416697750403236,0.15442068422106545,0,-2.1787989726425003,2.13441955392284
cent2142,ayma1253,-4.016280547988615,0.2062272342370486,0,-2.4489895314795,2.187738996168365
cent2004,sino1245,-0.15973174688620162,0.07422823874330371,0,0.30522789242375,1.81813502719364
cent2292,aust1307,-1.8699861621440896,0.08000021254225125,0,0.6214590629397501,1.7394093168399452
cent2084,aust1307,-1.3671254724457338,0.056242942363444744,0,0.6543688509975,1.73652250942057
cent2314,aust1305,2.3675162957434903,0.045403789797712917,0,2.15161390181175,1.791647364070935
cent2050,saha1256,0.514691888629041,0.10439001986682366,0,1.90884368038,2.137603412904885
cent1989,aust1305,2.550163528652397,0.06279122920652054,0,2.16150716916,1.7878002516417602
cent2058,aust1307,0.8076533950158968,0.0709507906587077,0,0.8159481594185,1.74080679382329
mala1479,aust1307,1.9134423477417042,0.08796794347664905,0,1.0265933626430002,1.6963537510565652
cent2322,ural1272,-4.261584162141952,0.08123171518992428,0,-3.5891448347227497,2.4628977097137152
cent1992,aust1305,2.271269792693193,0.04934307891205042,0,2.1588091056115,1.784538278411885
cent1990,aust1305,-1.158737841364137,0.11756005966493287,0,1.89602275802975,1.80158866193013
cent2126,japo1237,-2.998821907893329,0.08545865244983887,0,-0.811684624425,2.10243451336687
cent2091,aust1307,-0.9168111824484901,0.08250950954216874,0,0.50337484342475,1.75292307848707
cent2140,miwo1274,-3.1291118010085675,0.14353476973905477,0,-2.18357090741,2.195603266217465
cent2090,aust1307,-1.6018123140382312,0.07551829659692445,0,0.5235849536465,1.75132452826076
cent2131,utoa1244,-3.477251033134367,0.16496534163960655,0,-3.094442008799,2.115095525245665
cent2150,chib1249,-0.2601687326339333,0.06077431049643914,0,-1.2117006951287501,1.951665393803985
chac1251,pano1259,-2.29148637818244,0.041215001722635376,0,-3.10723487299875,2.17575064673481
chad1249,afro1255,1.2148005319547277,0.05672836110466883,0,-1.6742996333634999,1.747364234709515
chak1270,sino1245,-2.8909710876804535,0.1511441439995731,0,-0.46885272928075,1.878142424526895
chak1271,atla1278,1.461147439504088,0.05342267787486464,0,1.6262578858475,1.78900542980607
chal1275,afro1255,-2.7361613272755365,0.05404724553480994,0,-1.25850408088,1.760243592042835
cham1315,zamu1243,-1.7099642038145417,0.034518595763250455,0,-2.4142798159314998,2.192036925034155
cham1309,nakh1245,-4.627901341505247,0.1032686666428092,0,-2.95935587371725,2.312800762728285
cham1312,aust1307,-1.2275392874265032,0.08804919989696565,0,0.601591911068525,1.7628263897956349
chan1313,sino1245,-1.4697030210043138,0.09348324983224987,0,-0.53688465933175,1.90444226414713
char1269,gong1255,-0.7841165826401736,0.03907004395215547,0,-0.25633345399,1.87203304068919
chas1234,sino1245,0.9086555181349014,0.09746699823666745,0,-0.29021406186,1.8306195842461048
chec1245,nakh1245,-4.607461886792528,0.09941009877365217,0,-2.937732655378575,2.302219831053645
chek1238,aust1307,0.06361261202488475,0.08352891042263706,0,0.591243644056,1.740838567956985
chen1255,drav1251,-4.503309300349383,0.0879901016711009,0,-2.68263646934075,2.42809584062686
chep1245,sino1245,-4.164151084277773,0.12131111913259836,0,-0.16443981120925,1.8838371555545348
cher1273,iroq1247,-2.50155436496684,0.11999509683847043,0,-2.337276633360275,2.213748376920895
chey1247,algi1248,-3.0210007654199167,0.10270727913045756,0,-2.98991823301025,2.2058683308822
chic1270,musk1252,0.15587169914975096,0.07353041949469422,0,-1.495578918406235,2.050439634517585
chil1280,atha1245,-0.8539131090914598,0.12910706005396633,0,-3.05415250225085,2.1726800878845154
chim1309,chib1249,-0.5970631028301848,0.04165809741672641,0,-1.2680371589430002,1.94679006305682
chhi1245,sino1245,-3.5682295881302273,0.10688585838361943,0,-0.2295648382065,1.888474566193055
chip1261,atha1245,-1.7788542102461693,0.06249224063440817,0,-3.0480463621425002,2.17327490918164
chip1241,algi1248,-2.86184091290036,0.08830471514393935,0,-3.0083765085285004,2.1969937125046703
chir1283,sino1245,-1.168664827007418,0.08307208898117271,0,0.03790468576725,1.8438984071186049
choc1276,musk1252,0.0925851885614219,0.05575129879751473,0,-1.4904304915675,2.0495826448805
chon1284,aust1305,2.4062878497509894,0.04332921230250905,0,2.15403439630225,1.79239234400483
chot1239,sino1245,-1.1539662011397218,0.08542599508181921,0,0.19723959107425,1.813211728810855
chra1242,aust1305,2.4107329483497804,0.06338782189725385,0,2.1656457260075,1.7869334816715
chuj1250,maya1287,-0.26926859784335483,0.04231876591793592,0,-0.6843557089575,2.07332779106504
chuk1273,chuk1271,-3.621470859719965,0.09776279983458518,0,-2.4147393191075004,2.549555843501175
chuu1238,aust1307,-1.188311158092914,0.10544687449698054,0,0.8990776352515,1.71048845893698
chuv1255,turk1311,-4.426200682160008,0.08363000091637789,0,-3.219445141335,2.43358647910531
chuw1238,atla1278,0.1346162202853273,0.05536484558171797,0,0.20717480217975,1.70395496125701
cici1237,atla1278,2.148876777538632,0.04909069436026258,0,1.8484916005825,1.881523019595475
chin1286,chin1490,-3.302935078100723,0.1500217104014637,0,-2.2800305051825003,2.182407051959785
cent2087,aust1307,-1.7820413481434492,0.06445576156957193,0,0.43522453813075,1.761249297352835
sout2912,aust1307,-1.5134757434347696,0.07231492148080254,0,0.42808741819,1.756107770674745
coat1243,otom1299,1.7539728965130779,0.06061611272891225,0,-0.21328626774249998,2.0575142102070147
coca1259,tupi1275,-4.370726499947496,0.2227127704595518,0,-2.472568460148225,2.07784098679988
cofa1242,cofa1242,-3.8250929483483245,0.18261974818861068,1,-2.3987535568025002,2.2218043652476602
cogu1240,chib1249,-0.8465785018668521,0.02201815073459269,0,-1.45366822324,1.95327008294614
inga1252,quec1387,-3.8938447969899594,0.18029263672273624,0,-2.6688355476414998,2.1818992234569903
colu1241,sali1255,-3.01939244187931,0.1270731154482015,0,-2.0533827435225,2.12297137260404
coma1245,utoa1244,-3.4425762254661443,0.16448475508624066,0,-3.068657156705,2.141155464631965
como1259,sali1255,-2.1831684436711605,0.08793811127589775,0,-2.0479117808850003,2.117824510054435
cong1236,atla1278,0.5359988748396539,0.04760085724550052,0,0.5323977289615001,1.702264702174595
copa1237,otom1299,1.4151667447578078,0.03512603767282698,0,-0.6644602059725,2.0490065227158496
cors1241,indo1319,-1.521049092356372,0.0636359925391033,0,-2.2224315916625,1.98471694468588
cosa1234,sino1245,0.26992139766718637,0.04905151177613673,0,0.10930505605425,1.79692660048251
cota1241,aust1307,-1.0780028413769016,0.0829683035441473,0,0.56115543279375,1.73379585411811
cree1270,musk1252,-0.4094226225456902,0.041867614585797554,0,-1.731122005866,2.0567192717393104
crim1257,turk1311,-4.189326939471963,0.11520389143666272,0,-3.2222856524649997,2.4218694921831503
cros1244,atla1278,2.8582157948433458,0.08927408055752227,0,1.856249119127725,1.8928345034303802
crow1244,siou1252,-2.6721553354750354,0.13634966206861832,0,-1.81185559187975,2.07346940197346
cube1242,tuca1253,-4.126765441616351,0.21723762660033327,0,-2.6372403181574997,2.180712344351255
culi1244,araw1282,-2.625846262101176,0.041085700567477325,0,-2.64216213406325,2.1955366960301053
cusc1236,quec1387,-4.2461556820452095,0.19148904625899527,0,-2.6629390532055,2.184556196521715
czec1258,indo1319,-2.3058959478471457,0.06424550723883535,0,-2.4430632822250002,2.01067032222883
daai1236,sino1245,-0.9525787072727354,0.057581199116012435,0,-0.190703836886,1.83957422049253
daas1238,afro1255,1.8679139960190425,0.11165799160723625,0,0.00768127085,1.748178888511445
dadi1250,tebe1251,-1.5932916214562023,0.09522683333519633,0,-0.20857408251925,2.0999535290357
dagb1246,atla1278,1.9141315911490135,0.052211221799786274,0,1.80442282617,1.7996249149535801
dagi1241,narr1279,2.864653334939824,0.10867083789909653,0,1.009521366918,2.2013981525793
daur1238,mong1349,-3.7191551614872176,0.07459219351496518,0,-2.9385395659555,2.453305365425385
daka1243,aust1307,2.7081119292471243,0.08746880383619972,0,0.881538875324,1.741950700074835
damp1237,aust1307,0.718292965731449,0.062364061073811636,0,1.1336700717285,1.741948517183065
dana1252,aust1305,1.4453666994506462,0.05174597503982307,0,2.01240447735725,1.77691696671415
dand1238,drav1251,-4.604781155974465,0.08545641324347726,0,-2.6887129592025003,2.41642777974132
dani1285,indo1319,-3.224876382412884,0.0727109618712727,0,-2.19484132941,2.0046020690492803
dara1250,indo1319,-4.463014347892191,0.0799130433621025,0,-2.52377958964,2.06573210070523
darm1243,sino1245,-4.402112947404159,0.11251836485472419,0,-0.088992525615,1.86331802907613
daww1239,nada1235,-1.7255304700803589,0.025972455549391125,0,-2.02121178793,2.09610334281352
dawr1236,gong1255,-1.238269128478303,0.05811387838972325,0,-0.1451634481205,1.87878297316598
daza1242,saha1256,1.646259653619139,0.03284767342915157,0,1.8971658758375,2.1293535156221246
dege1246,atla1278,2.9235484074522735,0.09267008086905122,0,1.8766070528245,1.891828054831005
dera1248,afro1255,0.5906648898198876,0.06876457062613875,0,-0.5365533649255001,1.773260600243835
desa1247,tuca1253,-4.159895380066867,0.21987894750468687,0,-2.632029285154,2.1868491182053003
dhao1237,aust1307,1.3017777504538186,0.05027948511999488,0,0.8649330661000001,1.7397877278756901
dhar1247,pama1250,-2.5744591288843597,0.1449195566807714,0,-0.3863267324935,1.98894486329602
dhim1246,sino1245,-3.1689724514205557,0.09423031693920608,0,-0.29729236163175,1.878368095240675
dhuw1249,pama1250,-2.3490463128347105,0.16065597945447374,0,-0.2292486757575,1.99961486008061
dibo1245,atla1278,2.979997307869586,0.08866531192961895,0,0.8931603424072501,1.7585486252768399
dier1241,pama1250,-0.7022923442458808,0.05291413675437994,0,-0.57633581293,1.990249976789785
digo1243,atla1278,1.122743768779161,0.04015314486831336,0,0.411728593198075,1.6915699738822
dima1251,sino1245,-0.5116259878342092,0.06181224893183579,0,-0.5479114531967499,1.8874092533640399
dime1235,sout2845,-0.38094179759063684,0.06529450772334656,0,-0.2185932063925,2.10652999006722
diri1252,atla1278,1.5141613887512184,0.05786225990705164,0,1.0215109682199999,1.75383411538605
djee1236,mani1293,-2.5172010533110543,0.15787159249666982,0,-0.08442031877,2.10041220298696
djeo1235,nucl1710,-1.4102098249536457,0.04054488062492065,0,-1.9357900830755002,2.0713885871602002
djin1253,pama1250,-2.4581369363273735,0.170709097392332,0,-0.227355620043,2.00154110715448
dobe1238,aust1307,1.2535478196241305,0.06001269867973643,0,0.939738456845,1.7525544985113148
dobu1241,aust1307,0.0009264762816259,0.050046774627962684,0,0.55246364480075,1.74613222589351
domm1246,nucl1709,0.48985689638823654,0.059656877657431676,0,0.3330953169475,1.85641694834293
doma1260,indo1319,-4.412834831615916,0.0720266088316418,0,-2.50082312891125,2.066205706552715
dong1285,mong1349,-2.4313738290131304,0.08257579905594754,0,-2.9498665369054997,2.44987435752161
doro1266,manu1261,-0.6173750045717545,0.06339687309370107,0,-0.33342003567335,2.070359930596175
drun1238,sino1245,-1.2515616050022509,0.14167477401640327,0,-0.14143483441830002,1.856470629075555
dual1243,atla1278,2.163834100878579,0.07080455536095324,0,0.601836383905,1.75859485249171
chug1252,sino1245,-1.0341578624835686,0.0484172520526411,0,-0.354559438021,1.8829890033665
dumb1241,aust1307,1.8107706852813976,0.06912529644194051,0,0.6971625644802499,1.7394923116943901
dumi1241,sino1245,-2.1404816425722974,0.06638157928717814,0,-0.24560465661749997,1.88901576325263
dupa1235,aust1307,-1.6363577120097985,0.05080238106934657,0,0.62527870972375,1.73430082213805
duru1236,drav1251,-4.591854341602216,0.08226482684263658,0,-2.6340521381955,2.428031875834445
dusn1237,aust1307,1.6609202238734668,0.0592717997041082,0,0.8000766897335,1.75056492511156
dutc1256,indo1319,-2.5305547957988823,0.06688577855320799,0,-2.2054925578,1.991407970535135
dyir1250,pama1250,-0.7188388069454446,0.04826721321535683,0,-0.39442670516300005,2.0061787636401
dyul1238,mand1469,-0.47540890435591004,0.04994905641865595,0,-0.44927404544774996,1.80970229632781
dzao1238,hmon1336,-2.7306138782113747,0.09507513007328583,0,-0.96818675824975,1.9937880541312252
dzon1239,sino1245,-0.9024745050729194,0.08591156438969828,0,0.45424142884475,1.80113443931709
east2443,aust1307,2.609528790566035,0.0742465824991275,0,0.963518855879,1.73524256297505
tang1336,sino1245,-1.1291490754010711,0.12430998475413628,0,0.39012056269775,1.83050829335938
nucl1235,indo1319,-4.701499896061911,0.11557466429024728,0,-2.4129690805415,2.0834818089522953
east2379,pama1250,0.48363699758716894,0.09283523114249533,0,-0.004623352306,1.9543292804696448
sout2896,aust1307,1.2891737629930562,0.04944824461061372,0,0.68038445266675,1.74246225540858
east2555,tupi1275,-2.1483576126850803,0.03518148407839653,0,-2.4584236882725,2.0601970614604053
east2332,aust1305,2.175589561592056,0.052617319331114236,0,2.18431060085,1.8105546429733401
east2690,afro1255,-1.6025651683148068,0.05442441543791273,0,-1.74251282886875,1.768192386097595
east2556,otom1299,-1.3697634693317475,0.16933307103438855,0,-0.8011460752974999,2.0115302733546
east2342,sino1245,0.6002279103722354,0.050019372501867665,0,-0.126844107214275,1.8405515611920649
east2782,atla1278,2.2783969278671377,0.06741244371947223,0,1.0561703584100002,1.760343691761165
east2328,ural1272,-4.49639354574011,0.0784711057431071,0,-3.58792646839425,2.439996278947445
east2773,sino1245,-3.9736673828888396,0.12103865471163555,0,-0.1723533263425,1.901704934317205
panj1256,indo1319,-4.678729936556514,0.06360041036195142,0,-2.512028359515,2.083230690411615
east2485,aust1307,2.273921636310047,0.07786900250105565,0,0.860746322902625,1.74305404966091
fina1242,aust1307,-0.11675210969204486,0.08128699505201227,0,0.67650199904,1.7405054745288
east2516,nucl1709,-1.2267900763191482,0.10439067926914193,0,0.159535498064,1.874040911282695
huaa1248,tuuu1241,1.4090583461370731,0.0745153718158226,0,0.5711573442185001,2.23132808301792
wall1257,aust1307,0.48956032316905107,0.049448603716755364,0,0.90249555618675,1.703017633937225
egaa1242,atla1278,1.0580798842346844,0.08758082250347411,0,1.598794852787,1.850226509151905
egyp1253,afro1255,-0.6227230135438908,0.050165617162888115,0,-1.7410416146525,1.7574377102544
eipo1242,nucl1709,-0.9734069293699799,0.08165094828520408,0,0.28474902125400003,1.888838182090075
ekar1243,nucl1709,-0.8721587558025986,0.09961433247270382,0,0.17780937294424998,1.8710714982081749
elem1253,atla1278,1.464563629453802,0.048581215401345905,0,1.88757784656825,1.885023752064065
elip1238,atla1278,2.9183503259419963,0.10081319255648562,0,1.14801994909175,1.785459082643735
elna1235,utoa1244,-3.4771950847707376,0.15510908751555325,0,-3.06635792551,2.1053704239904247
emae1237,aust1307,2.644201195764309,0.0831444610519147,0,0.83423064892825,1.71157898651656
emai1241,atla1278,2.684006236134449,0.07997046526094784,0,1.911900316827,1.884700359416345
embe1260,choc1280,-2.0100916255428842,0.024528927278400465,0,-2.622568090085,2.144115310391355
embe1262,choc1280,-2.1564746993488253,0.036212977336394225,0,-2.6270588657875003,2.153178015729515
stan1293,indo1319,-1.5393781190059057,0.05073235467174304,0,-2.1981381585674997,1.9857282970894001
enuu1235,sino1245,0.14902301190501793,0.05679796825510445,0,0.178970231757,1.77306958514402
epen1239,choc1280,-2.2217159484932694,0.036500161682766284,0,-2.6303005581105,2.1421227503554796
ersu1241,sino1245,-0.3117285035022822,0.03448726727858643,0,-0.3027551719555,1.857178368669845
erzy1239,ural1272,-4.540809681442718,0.07807084289334477,0,-3.59583101505775,2.4372053879991453
esan1238,atla1278,2.8325566853792075,0.08232957785725363,0,1.91161178633475,1.88478494987735
esee1247,koia1260,0.6013521158692368,0.06901853462841845,0,1.193058111439,1.9408041486156802
esee1248,pano1259,-2.4051117376965916,0.04375657221827403,0,-3.0398130967725,2.1840597566228404
esim1238,atla1278,3.0161936588338767,0.10527769476790731,0,1.497091459792,1.91239925592631
esto1258,ural1272,-4.256964190692065,0.09800654876068357,0,-3.6100292823075,2.428669809762805
eton1253,atla1278,1.438128256447583,0.060415243136852315,0,0.99333617147325,1.77343184584898
even1260,tung1282,-3.6943382495452637,0.08293458184104462,0,-3.04976562499825,2.53876936788563
even1259,tung1282,-3.835237182533321,0.07476751530101165,0,-3.0434675225775,2.5351585968312698
ewee1241,atla1278,2.8150544814898693,0.07914430033712803,0,1.5186540244989999,1.847852184946565
fala1243,sino1245,-2.844120230218678,0.15212085435621833,0,0.1577983709038,1.8411328217851701
fare1241,atla1278,1.6118847366036784,0.04887046494931015,0,1.8015539283067499,1.79623162454785
faro1244,indo1319,-2.6153755598298334,0.07294072368688498,0,-2.203043678847,1.995641011140425
fasu1242,fasu1242,0.7877845374862985,0.05295066600349733,1,0.33626722929275,2.062746558974725
fefe1239,atla1278,1.3048429186705992,0.07015134877786375,0,1.7226993274295,1.903615871927205
fiji1243,aust1307,2.607146266688429,0.07578203280771009,0,0.84255489799525,1.719084943872935
fili1244,aust1307,-1.2259694423980791,0.050877550500696186,0,0.6304564433685,1.73356056108154
finn1318,ural1272,-4.018725176560451,0.07774522085343163,0,-3.61271358950825,2.43760095686533
fipa1238,atla1278,0.9733006716162562,0.02989420468598242,0,0.5623077324582499,1.72964396716323
foii1241,east2499,-0.7377632677281682,0.08378029746796348,0,0.810845177637,2.04236757850971
fonn1241,atla1278,2.735790425391929,0.07788513948571982,0,1.522741010995,1.84070356513016
fore1265,ural1272,-3.948863711477391,0.08214735576627373,0,-3.516211555245775,2.4406233352417903
fran1266,mixe1284,-1.5626623762737721,0.04570238353456404,0,-2.300057534350125,2.1438003030229
stan1290,indo1319,-1.863069703127108,0.05851437575663678,0,-2.22336706439025,1.98041534907388
fuln1247,fuln1247,-0.9041317112894829,0.02784572046042552,1,-2.470491162407825,2.216704049883005
furr1244,fura1235,0.8403406624898494,0.052734416416967723,0,-0.615621903256,2.184372898731795
furu1242,cent2225,1.771128980304505,0.05109393054120737,0,1.730543664836,1.86856526775307
futu1245,aust1307,2.3888496264044248,0.06953739859379326,0,0.875309149231,1.710014954390775
fuyu1242,fuyu1242,-0.09031243804072335,0.0467631161259588,1,0.058955924193999996,1.943834778481295
gaaa1244,atla1278,2.811576069912483,0.08169914074100665,0,1.47593385411325,1.84139586296039
gaaa1245,atla1278,2.947286021436605,0.08906454683430025,0,1.59172846592935,1.8780840960302951
gaam1241,east2386,2.0715620031785322,0.09859544156272232,0,0.9967406313012501,2.288129285869275
gaan1243,afro1255,1.883345359069804,0.0805376058695398,0,-0.36813244298325,1.79856614143869
gada1258,aust1307,-0.13052985421938507,0.07244261589318332,0,0.5262470940125,1.75094667212527
gade1242,atla1278,2.425924647306758,0.07154338203516968,0,1.83840510190075,1.874718878913295
gaga1249,turk1311,-4.055457021384018,0.12929626742337175,0,-3.23336146586775,2.4169919867038097
gale1259,nort2923,1.744466479458961,0.040550080471964796,0,1.01415509382675,2.0238180135013
gali1262,cari1283,-2.5769627498050016,0.15629830684725862,0,-1.9508134478325,2.047115054722485
gali1258,indo1319,-1.546057128776575,0.06609298027500397,0,-2.21246427436075,1.98549594704734
galo1242,sino1245,-2.1737766435588766,0.13503517839870263,0,-0.009738664108,1.831417152920975
gamo1243,gong1255,-1.2122754503563518,0.05845600510777935,0,-0.15118102042999998,1.88062663152187
gand1255,atla1278,2.2673237780649416,0.06103016944311954,0,0.90091595108275,1.719845869011885
gang1266,sino1245,-1.1344369270251027,0.0696782528932508,0,-0.11416698446275,1.840618549920075
gant1244,nucl1709,0.8255589651350541,0.027036259889274664,0,0.2443317524375,1.89200916538848
gapa1238,aust1307,-0.2676456519215396,0.05645057277189639,0,0.5566731915137499,1.75300388147911
garo1247,sino1245,-3.293127414185277,0.14258332055997247,0,-0.50568510192125,1.890149821904455
gata1239,aust1305,-3.627365264399341,0.1293104025581375,0,1.176038250531,1.8659939298073
gayo1244,aust1307,2.3419755691910193,0.09566051815976175,0,1.0048921234322499,1.7351054960735701
gbay1278,atla1278,2.0382001565789087,0.05895603512622647,0,1.57054335118525,1.76821988929018
geba1237,sino1245,0.7510861740892564,0.06994264214806276,0,-0.044554768277500004,1.829814104850155
gebe1237,aust1307,1.5931801027015613,0.0493463471868915,0,0.54845390690125,1.7501139936811398
geda1237,aust1307,1.520057195793064,0.04269243708668069,0,1.0346039173200499,1.74016095291742
gela1263,aust1307,1.9885093779639984,0.05784101238451554,0,1.094880206239,1.7409337632073352
nucl1302,kart1248,-4.428249161483156,0.11244180646400859,0,-2.485342231324,2.2725613848589
gese1240,aust1307,1.6852491397976344,0.06053573718955564,0,0.88157211493275,1.7421796152678701
ghad1239,afro1255,-0.00145205604361905,0.06280565693370277,0,0.0950225077325,1.8205270116041699
ghan1242,aust1307,0.2019001152254953,0.05473875548457821,0,0.9789398440888,1.73773992025058
ghar1239,aust1307,1.8657302213100693,0.0492137907113471,0,1.1100198451674999,1.741806896419215
gheg1238,indo1319,-2.550862057468639,0.06777772483252165,0,-2.5016397373035,2.065431362989715
ghom1257,afro1255,1.5868094982040675,0.06753682532851599,0,0.054611236945,1.833368907617765
gida1247,afro1255,2.0046227052702585,0.08067068550703477,0,-0.6598845695365,1.776699812957895
gilb1244,aust1307,1.6754787739902732,0.04537006167481626,0,0.9741066783786501,1.731098631685875
gira1247,nucl1709,0.8267564864408805,0.0639637739240244,0,-0.207485403175,1.9308430809318
glav1244,afro1255,1.1598259781202915,0.06307582106050721,0,-0.6838512762305,1.7601453394490152
gobu1238,atla1278,2.1330143688808665,0.06633092047430633,0,1.5984114745275,1.763768587654845
ghod1238,nakh1245,-4.629626229205624,0.10608965140819765,0,-2.9530964507324997,2.292979340988375
goem1240,afro1255,1.962082323993004,0.09178140888182218,0,-0.5517839037926999,1.7717413280688201
gofa1235,gong1255,-1.1786104513160214,0.054443946187151045,0,-0.15291749587875,1.877915761198465
gogo1265,suki1244,-1.6792180832122692,0.08245500613271507,0,-0.244669981015,2.0835021773182447
gola1255,atla1278,2.2760775883597377,0.06312112838730549,0,1.22745763864975,1.8268741422162251
pare1266,aust1305,-3.5810325316262905,0.1210180085801697,0,1.176345591237,1.863857243643785
guah1255,guah1252,-3.255806851034267,0.20053078963688525,0,-2.2738860561987497,2.1923236140305846
guam1248,barb1265,-3.777621896713104,0.19448542723716106,0,-2.4814749304425003,2.22046629947581
guat1253,guat1253,-1.6554390852014351,0.0306668827021679,1,-2.45476221514375,2.200948464925595
gube1234,atla1278,1.3852537214197786,0.04845357202433758,0,1.26867381126225,1.8268141446721349
guer1243,otom1299,1.3919647016829853,0.03520125871423783,0,-0.5519657331125,2.043686549130635
guhu1244,nucl1709,0.8036510098502733,0.06950757179255405,0,0.5876057771015,1.879819270985075
guiq1238,sino1245,-2.143421025561567,0.14902040767644906,0,-0.17751313833075,1.850407799731065
gulf1241,afro1255,-2.720000417185693,0.06215382367830276,0,-1.7192656200375,1.77371960647916
guma1254,aust1307,0.30861432914086284,0.04619857091243421,0,0.7603890571127501,1.74430023045126
guny1241,pama1250,-2.977809373051127,0.1997041495983498,0,-0.3304076167165,2.0187991331159
gura1251,indo1319,-2.937573044799783,0.0714046220434879,0,-2.53684540843125,2.061279723756715
guro1248,mand1469,1.128338155593138,0.05660831263937121,0,0.017340558940825,1.85838574544452
guru1261,sino1245,-3.8784987087924225,0.11853840805981199,0,-0.03163264827975,1.85377541392101
guru1271,afro1255,0.2514137660301729,0.058798404642632515,0,-0.35785122044,1.784891529931805
gusi1247,atla1278,1.970036479668793,0.044620780325233145,0,0.88278596949525,1.7261579215371952
gugu1255,pama1250,-0.0233882518581888,0.06316545709284253,0,-0.18742392441650002,1.98411315441627
kwam1249,koma1264,2.1778244525280703,0.09675904973259618,0,1.301294853508,2.20908883213304
gwen1239,atla1278,1.510968915450179,0.03656002694486802,0,0.81134094993325,1.719783551360815
gyel1242,atla1278,2.733188637586794,0.08655065314928956,0,0.868752081025,1.7785128594996351
haaa1252,atla1278,0.2962050193305765,0.06634611088748328,0,0.62057452495625,1.71491888554733
hadi1240,afro1255,-1.518095868645086,0.09481337866881294,0,-0.40208092907799997,1.74584914147488
hadz1240,hadz1240,0.06209287874210355,0.05808856467090848,1,-0.7214764706450001,2.2655826818669347
haka1240,sino1245,-1.1819214307642238,0.04495638056359008,0,0.1230351118425,1.85734721283435
hala1252,aust1305,1.6723092211604418,0.06282687995496092,0,1.96033254962,1.78755727887563
halh1238,mong1349,-3.547436883349554,0.07295196823107292,0,-2.941361816069,2.459392266661495
hali1244,aust1307,1.6751355338445333,0.07786886899197697,0,0.8335765371735,1.739268247454355
halk1245,sali1255,-2.6000563468851245,0.10752511661057201,0,-2.0461980129925,2.1220875925986
hame1242,sout2845,1.5353621339720651,0.10394861766395919,0,0.1362354784875,2.147188857102945
hang1263,nduu1242,-1.4269526173895124,0.07960535747874375,0,-0.50942115915275,2.0550553533491
hani1248,sino1245,-0.7633493702016487,0.1219255096196027,0,0.2871901108705,1.760085777332305
hano1246,aust1307,2.6869877111457625,0.07134994445842084,0,0.9502858050770251,1.74006322494681
haru1245,piaw1238,0.6926894414916677,0.04310662956384794,0,0.37270179787952495,2.0034140878978848
hass1238,afro1255,-0.354239792519837,0.05206003993034532,0,-1.785490151697,1.767474596821855
haus1257,afro1255,-0.5393809928951441,0.10544346970011781,0,-0.63297154670825,1.784476246470495
nige1253,atla1278,2.0835391157778167,0.06999803384692911,0,1.0310668373660001,1.8114000173006102
hava1248,coch1271,0.062002446456186,0.059724283776025004,0,-1.0361989086799999,2.0898744327302197
hawa1245,aust1307,-0.9082640093225058,0.050193584933849046,0,0.44594915806075,1.7162791212794999
hdii1240,afro1255,1.2060129075464059,0.06286018116033171,0,-0.89086241585225,1.761340085770145
hehe1240,atla1278,1.3684896570864131,0.060587623241946685,0,0.516288959795,1.7082470367027
heil1246,waka1280,-0.9853421786567429,0.06014669245444868,0,-1.4871233135200002,2.1260923938190652
here1253,atla1278,1.8803557257875376,0.07360686908425583,0,1.01813608959375,1.7522609929206698
hida1246,siou1252,-1.8423012705228436,0.08260294198273409,0,-1.70751025686875,2.07333551128829
high1276,mixe1284,-1.8298116832223346,0.07421985783605037,0,-2.2916836807857504,2.13567314653128
hind1269,indo1319,-4.838662894940782,0.0783510284870916,0,-2.5211660393299997,2.0664419105588854
hixk1239,cari1283,-0.515543447186565,0.090142682577909,0,-1.65671319694325,2.03497861822754
hooo1248,aust1305,-3.1775532462705103,0.1344401649995702,0,1.17123442046925,1.8669156726079499
hoav1238,aust1307,1.9457241691700702,0.07426850162089405,0,0.94299063005425,1.733626251297455
ainu1240,ainu1252,-3.4987571701356712,0.08260229718755283,0,-2.0407428538775,2.5755781595491802
holo1240,atla1278,-0.09810823769377025,0.0783382958533709,0,0.064968239825275,1.73894388539401
hone1235,atla1278,2.512931943788124,0.0710662007633993,0,1.8108797776655,1.87269410435746
honi1244,sino1245,-1.2234362538275712,0.1380510484596615,0,0.19901332029175,1.779704153264515
hopi1249,utoa1244,-3.2848866473343943,0.14312929750939984,0,-3.081444773025,2.135695622157815
hote1245,aust1307,1.4482004011359657,0.04542482364242339,0,0.937650390032825,1.7366083533159151
hozo1236,maoo1243,-0.14217561461671546,0.05296552290113196,0,-1.219356588034,2.146003121159745
hrus1242,hrus1242,-2.4543563610916648,0.11675897471364126,1,-1.0482215903755,2.370923903655955
huuu1240,aust1305,0.8691169884403264,0.062320584981640295,0,1.9286801574074999,1.77735598011003
hual1241,quec1387,-4.280295481771732,0.17898080013908094,0,-2.670129255585,2.19531921584193
huam1247,jiva1245,-1.6550358165390717,0.08014603663408215,0,-2.0842363730975,2.0900460093063353
huar1255,utoa1244,-1.6037028514159957,0.07779907624019758,0,-3.114750692025,2.1133039688497046
huas1242,maya1287,-1.8796971725592346,0.11347617291361886,0,-1.40751981964,2.11304175758748
huba1236,afro1255,1.7845379977027065,0.09263179546573763,0,-0.48190355745675,1.769796151552065
huic1243,utoa1244,-3.4011305243646266,0.14781221129342087,0,-3.08028494194525,2.10165153187096
hula1239,aust1307,-0.3600290466258085,0.06486925922692739,0,0.51338399302375,1.735094549375865
hula1244,afro1255,-3.897177406714582,0.12784582901474445,0,-1.2433135759175,1.759840002486135
huli1244,nucl1709,0.9417130957336702,0.10586512188783788,0,0.2699411082725,1.87009138377194
humb1243,song1307,1.598252605048606,0.03194496347365406,0,1.1998297612675,2.07279760841188
hung1275,aust1305,2.1220413444260773,0.06374678095514956,0,2.10499484123625,1.79588562212959
hung1274,ural1272,-3.9880227468267604,0.11830333956596334,0,-3.55887539599475,2.4458188762479
hunz1247,nakh1245,-4.623548796420435,0.10608178001002723,0,-2.9583658505375,2.284159118650425
hupd1244,nada1235,-2.1850308258761277,0.03511055953298992,0,-2.01156649428025,2.08981513124792
hyam1245,atla1278,2.1555476349297207,0.060975056146899374,0,1.90020067698,1.876770998096625
iaai1238,aust1307,2.2205943217267015,0.07563104231270869,0,0.95716647225495,1.742648931923965
iama1237,aust1307,0.02496286297986185,0.05848733557320426,0,0.64169622658825,1.7419939056230351
iatm1242,nduu1242,-1.3712223741480378,0.08397198219312423,0,-0.5039738627625,2.050410056211165
ibal1244,aust1307,-1.960659834278626,0.07901959924313567,0,0.5502183759275,1.739246747053675
iban1264,aust1307,2.2715180400190897,0.07560767119720208,0,0.9891568216605,1.716531765166495
iban1267,aust1307,-1.654050983163557,0.06638502200634756,0,0.5435251967995001,1.743792424236985
ibat1238,aust1307,-1.3257311783523633,0.05966174681251272,0,0.6392341545882501,1.7286887688319998
ibib1240,atla1278,1.4066080345749834,0.055535534464217384,0,1.8661522974845002,1.889274701056835
icel1247,indo1319,-2.5814197174935702,0.07404826542934699,0,-2.20263609808,1.9988947303057198
idii1243,paho1240,-1.928267010798226,0.09756464926641344,0,-0.202103654204525,2.0823788323622248
idum1241,sino1245,-2.0242142897953688,0.12772199558293976,0,-0.258547886616,1.86160064231392
idun1242,aust1307,0.0039553228635046,0.045813811420309936,0,0.7215301346795,1.7342198344463249
nucl1417,atla1278,2.9799768776087623,0.099506910233424,0,1.802390005975,1.869714923739655
ikkk1242,kuli1252,2.5602365670917004,0.09586442655835307,0,1.1177171459187498,2.2587567618116253
ilaa1246,atla1278,-0.04088899024932455,0.04966619704582926,0,0.19225617976425002,1.7111667934040748
iliu1237,aust1307,1.6842837079306827,0.06231727024818813,0,1.0742413562375002,1.74313595367115
imba1240,quec1387,-3.7442315919575866,0.1615724258091771,0,-2.670064264242,2.192965701119225
ingr1248,ural1272,-4.3748467991313955,0.08396239541319703,0,-3.6195125558149996,2.424090786346325
ingu1240,nakh1245,-4.595874054601534,0.10170336154590899,0,-2.93482722602525,2.3074400013960297
iqui1243,zapa1251,-4.1742257888991325,0.2074335832526253,0,-2.4838843586125,2.220674162544725
iraq1241,afro1255,0.24216489151028564,0.03271369530268773,0,0.10410936259275,1.740876744792015
irar1238,aust1307,1.6812035329309036,0.060448127323781305,0,0.8623810389355,1.7513040727660552
iray1237,aust1307,-0.43788988465960416,0.07655809385819412,0,0.5945687661802499,1.755548198818935
iris1253,indo1319,0.7662261918678573,0.14525778036061768,0,-1.47132595341725,1.94214073562802
irul1243,drav1251,-4.2051416654130716,0.07328185170552828,0,-2.708141402705,2.418237342163075
isco1239,pano1259,-4.568561116630841,0.19403156553527726,0,-3.117232476765,2.1918510710456047
isin1239,aust1307,-1.9464405289131341,0.06865230074632572,0,0.5718452942972749,1.741047215649795
isir1237,kwer1242,1.3439852184205714,0.05192610760459071,0,0.28078387204,2.0625288211126103
isna1241,aust1307,-1.5602909998302041,0.050882160478875366,0,0.5347569307749249,1.7393925908908252
isth1240,utoa1244,-2.2503380847802825,0.07167468989304986,0,-3.1120239237,2.10487031714273
isth1241,utoa1244,-2.3110727156078976,0.0781325762157458,0,-3.1135548565442503,2.10371935629672
ital1282,indo1319,-3.498445036943888,0.1159103900675927,0,-2.2028828805725,1.989724033000495
ivat1242,aust1307,-0.8299418358141231,0.04641859166058934,0,0.6897191385125,1.71580482264642
iton1250,iton1250,-1.7101340996807362,0.04787299515302253,1,-2.410579244698,2.2094357603169703
itza1241,maya1287,-0.7997036605514395,0.04511732715241129,0,-0.9923210168875,2.0506175005354104
iumi1238,hmon1336,-0.0505542231262281,0.04912267093024331,0,-1.05333070850175,1.9947906584733701
iwal1237,aust1307,1.4292382660698255,0.04491541463001783,0,0.9366154178975,1.733371668213855
iyoo1238,nucl1709,1.1624183527599437,0.08275304549814815,0,0.754924520287925,1.905395687283875
jahh1242,aust1305,2.4202894758024334,0.08374547489146374,0,2.081894105711,1.797751151146955
jalk1242,mand1469,-0.22121468605535727,0.060882468160110385,0,-0.16237348019249997,1.813074498008545
jamb1236,aust1307,1.7909313658201227,0.05345384924374588,0,1.0147417994055,1.698445703535095
djam1255,mirn1241,-2.0938330745444214,0.1609960797647899,0,-0.30500282118949995,2.0926468389721498
jams1239,dogo1299,0.9038711329219085,0.04355456735782754,0,-0.26551751439084004,2.05131207828361
nucl1643,japo1237,-3.447625167011976,0.08172019964024872,0,-0.75457280293475,2.09573760809576
japh1234,sino1245,-0.6189700529266892,0.04872473614570969,0,-0.4185964116338,1.88279819684831
jaqa1244,ayma1253,-4.130046132528471,0.18280439853538158,0,-2.4399879520075,2.200799809399995
jara1266,aust1307,0.0471277697681724,0.1070841799834093,0,0.787016017091,1.7306960085754
jaru1254,pama1250,-0.34873531076057007,0.069311985538037,0,-0.5085908404942501,1.983638728368825
java1254,aust1307,-0.7509179627567706,0.07962069636526639,0,0.64518576631,1.7445857600748251
jede1239,aust1305,2.332970519206167,0.06476711416798367,0,2.1085574387249997,1.801276845375635
jeha1242,aust1305,0.759302523768014,0.10702280437015749,0,2.124852435455,1.8074830604447252
jiba1237,atla1278,2.784027104120639,0.08151981219416335,0,1.81932545816625,1.8719694031813998
jina1244,afro1255,1.1699693252311936,0.05883159934933359,0,-0.6838808431950001,1.77481454402835
djin1251,mirn1241,-2.3178923089204027,0.12592969141905308,0,-0.293421720648,2.0772864958444597
jita1239,atla1278,1.604357970421237,0.03279903290091232,0,0.8569598215445,1.7064372530428051
jjuu1238,atla1278,2.1727584158508897,0.0681813593368685,0,1.8692943076135,1.880707353662305
juan1238,aust1305,-3.4519314137507333,0.13866443701910924,0,1.1742591318205,1.86271107297455
juku1254,atla1278,3.069165103936389,0.09653940816519395,0,1.810142297168,1.8739709111609
jurm1239,cent2225,3.141791183321826,0.1118672272149638,0,1.693105955029,1.8900115013842451
kaba1281,cent2225,1.6431867290972446,0.05763726467296228,0,1.7304019962425001,1.876569462746745
kaba1278,abkh1242,-2.9761806363161165,0.07524895684413116,0,-2.8543495596849997,2.38350686910634
kaby1243,afro1255,1.2152728949508445,0.06667295767962515,0,0.05765728150615,1.82141162517805
kach1284,gong1255,-1.553775997614649,0.07979887454210052,0,-0.28062115727775,1.87480348011527
kada1242,drav1251,-4.213346923259136,0.07147865450596064,0,-2.709371714365,2.3993421729526547
cent2100,aust1307,1.1449864751871692,0.057854636964984135,0,0.5625457681599999,1.744155928135425
kado1242,sino1245,0.2224756562596974,0.04897300547681691,0,-0.49996140309075,1.8769150961948151
kafa1242,gong1255,-0.7080577506976918,0.07400718176203579,0,0.0991879108325,1.8500558912379201
kaga1256,aust1307,-1.4890522058622597,0.08041717280672693,0,0.54724578635155,1.73192020977414
kagu1239,atla1278,1.4864665671731112,0.05334732442880615,0,0.5987704113425,1.7030812656829548
kaik1246,sino1245,-4.22379475499364,0.10832546376545434,0,0.0025745148854999997,1.8616810601681
kaki1249,kaki1249,-0.3355552815411613,0.06525072076297127,1,-0.32463056968299997,2.05796038677124
kala1399,eski1264,0.46682948474785757,0.08743238046428804,0,-2.0116763717049997,2.094144317344205
kamm1249,atla1278,2.871881667812301,0.09148369733819617,0,1.3674080087912501,1.8081823052070751
kama1370,nucl1709,-0.9648942560942484,0.1150279868677018,0,0.1927291776615,1.89217022001122
kamb1316,afro1255,-1.5634122126119556,0.09487256137628623,0,-0.40507873330075,1.74525714265866
kamb1297,atla1278,2.030849463253961,0.046306587953789564,0,0.804343833348045,1.71785901589426
kamb1299,aust1307,0.6247167563886611,0.04312629324744667,0,0.84859676128225,1.738606889062675
kamu1260,kamu1264,0.7834245847014939,0.08076068056615561,0,0.46659830998675,2.049736324009725
kana1286,aust1307,0.6331487809094687,0.06944723157322283,0,0.713306768135,1.8088365682481
kani1286,nucl1709,-1.184030106807299,0.1061576004477291,0,0.19625040987249998,1.8927852887282048
nucl1305,drav1251,-4.389135222799947,0.0742595797754004,0,-2.7078134098325,2.402973763924135
bidy1244,atla1278,1.5082912001363802,0.04261927149358681,0,1.2186109552875,1.8312109575354452
kapi1249,aust1307,-0.11841582958184091,0.06073880881384308,0,0.76833285751125,1.708874308061905
kaqc1270,maya1287,-1.1433726334198615,0.060138390262332836,0,-1.4264453509755,2.06856806420325
kara1482,cent2225,2.3992979893315063,0.07470971230757925,0,1.7072041492697498,1.886440943020895
kara1476,pama1250,-0.77729786118848,0.08033223725733764,0,-0.4866608646775,1.9733288261507052
kara1500,nucl1710,-2.474762289369777,0.21233891046185355,0,-1.793725708386075,2.07483067643214
kara1487,aust1307,-2.0393386540787226,0.0953107479653718,0,0.5471523399,1.746313890752755
kara1486,aust1307,1.1148192482248411,0.04939535034143811,0,0.9533996683970001,1.7437294823232898
kare1338,atla1278,1.8655159437750475,0.056387176748944536,0,1.53897092749175,1.794779596297965
kare1335,ural1272,-4.194538306512367,0.08641213689008168,0,-3.624252720515,2.438081757410555
kari1306,atla1278,2.9649028671295,0.09559930676640695,0,1.15676596830975,1.7775874335635
kari1311,tupi1275,-0.7535386641007605,0.09558446346194195,0,-2.2447699921349997,2.053845781707205
kark1258,pauw1244,-1.2694277016061855,0.08276498592058631,0,-0.1626877404812,2.0810828067351252
karn1252,aust1307,1.7336711656712698,0.05184905621202228,0,0.71941489226075,1.733801913109445
karo1304,karo1304,-1.5345911331632747,0.061940096593369166,1,-2.3638249194612504,2.1956055486047497
kash1277,indo1319,-4.5313734656848315,0.07644398736264045,0,-2.5149918995375,2.08117897523077
kask1239,atha1245,-1.2926626172235092,0.07156253139550393,0,-3.0389935447177496,2.175030846958245
newa1246,sino1245,-4.093982323045694,0.11563584702182823,0,-0.163937804759725,1.89594395928784
kats1235,sino1245,1.0561283339074308,0.05804904298144413,0,0.18739852366975002,1.79555437672746
kana1291,katu1274,-2.184500543756066,0.03372298942738125,0,-2.54832040307625,2.1761378123525397
kaur1271,kaur1274,0.8370583684655127,0.07789810549675305,0,0.576479878103,2.05020374902855
kava1241,aust1307,-0.6980505307400162,0.04548437758473128,0,0.8098223185575,1.791829463831255
kaya1315,sino1245,0.8500604441691262,0.0630540429018814,0,0.036887522571625,1.834106933956165
keap1239,aust1307,-0.3955099833722981,0.044101076478064265,0,0.5117378992349499,1.73539688034779
keda1252,aust1307,1.481870161970901,0.061231360441208374,0,0.8607098073524999,1.7540527852401548
kera1248,atla1278,1.388787456612803,0.04202529535612455,0,1.2196334905969999,1.8320186097626499
keig1242,kadu1256,1.3695405829168967,0.06698228928624159,0,1.0108549376629998,2.2378274194644447
kele1255,atla1278,1.591094417486108,0.05220861666946441,0,0.7444268651065,1.7602745384734901
kele1258,aust1307,1.4927020867653482,0.07257923713186981,0,0.764983324736275,1.734418231750345
kele1259,aust1307,-1.9691732059814573,0.09050028893158933,0,0.54557224924625,1.7399449604210049
keme1240,atla1278,3.2001846119093296,0.11247068054732362,0,1.126371552761775,1.83174014445498
keng1240,cent2225,1.8939981686463732,0.044114490921772186,0,1.7284117577125,1.87194871975
kens1248,aust1305,1.9510208845790395,0.05189260972534698,0,2.0326210290932503,1.8004470716135001
kenu1236,nubi1251,-0.5065826722185447,0.057655290052622855,0,-0.5065286560025,2.168302706999705
keoo1238,aust1307,1.0116466302290585,0.046875102196345844,0,0.859581913655,1.7473029421274449
kera1255,afro1255,2.0273649111246344,0.08020023100962616,0,-0.49786317487645,1.807683079373905
keri1250,aust1307,2.0644989368492244,0.05549489401011622,0,1.0152241938689999,1.701150467027765
kesa1244,nucl1709,0.691875578476275,0.05580441294487185,0,-0.1895625886735,1.95594588890651
kett1243,yeni1252,-3.833938905478538,0.08348251013957794,0,-2.535193428815,2.697964508087715
kgal1244,atla1278,1.9500444597641504,0.07281202340297077,0,0.32292724648,1.70271336699149
khak1248,turk1311,-3.5801873597917897,0.07965601026778596,0,-3.2287846549449997,2.4237853984251148
khal1275,sino1245,-3.375342903666837,0.0914161250651902,0,-0.2399604240925,1.89021348313035
kham1282,sino1245,-0.3788586663104829,0.09589074274275622,0,0.453456064971,1.8004420392245302
khan1278,atla1278,1.4429103474706046,0.04767926125710848,0,1.8875921938025,1.88518660750508
khan1274,aust1305,1.7135203886495693,0.038247135729571204,0,2.0095978418575,1.764889564158775
khar1288,sino1245,-1.3271187061747163,0.07587432445975359,0,-0.25854749102025,1.853330650274785
khar1287,aust1305,-3.5949649177940923,0.12276679287564082,0,1.17225850243,1.864153471778045
khas1269,aust1305,-0.5782251537328694,0.05726066317972482,0,1.845688447123,1.77091502332566
khez1235,sino1245,0.4449027516575138,0.11129406059652676,0,0.6103264465325,1.842387113038395
khin1240,nakh1245,-4.622909176890021,0.10191608495858205,0,-2.96601578720825,2.31212042637511
khmu1256,aust1305,1.7361480166135281,0.05256566598690576,0,2.2143902203411,1.7867054467770451
guan1266,sino1245,-2.2320834381205863,0.13883911138710325,0,-0.387665432689,1.880084133637665
khum1248,sino1245,-1.1242106318116944,0.036270132124540215,0,-0.17813569090999998,1.860019358807485
khva1239,nakh1245,-4.625950208872462,0.10100963562049847,0,-2.96694434193975,2.28950915337695
kich1262,maya1287,-1.1684984923770947,0.054617547641525585,0,-1.451954524605,2.0639267754101303
kiku1240,atla1278,2.356848007473321,0.0618601818818486,0,0.80129000587375,1.720471835912175
kile1243,tung1282,-3.7179151311583594,0.0741733901155029,0,-3.05654707789325,2.52840977342177
kili1267,aust1307,0.6562451378989815,0.04773866980852613,0,0.7996581683615,1.7282013066841402
kimm1246,atla1278,2.7933036048785107,0.06885959831614939,0,1.3935852256175,1.79156587099766
kimm1245,hmon1336,-0.022091031128803153,0.03891596586139683,0,-1.04996129064175,1.994395008217505
kinn1249,sino1245,-4.305949776955202,0.1127511282351597,0,-0.08993792401924999,1.8376097070075001
kiow1266,kiow1265,-0.9579655196105237,0.044416720801948265,0,-2.4365354843,2.182024879514075
kips1239,nilo1247,2.014072611249922,0.062456083141974456,0,1.1922066916175,1.976767587401535
miju1243,sino1245,-1.9435682978620963,0.1219835930531925,0,-0.23776543622675,1.8726168815081201
koda1255,drav1251,-4.300978860731876,0.07584084248946102,0,-2.7087265474324997,2.40115030949512
koho1244,aust1305,2.2733167152293907,0.06555127610297425,0,2.141559525915,1.802525599657885
koir1240,sino1245,0.42177301772763054,0.09462649990801655,0,0.1219430337725,1.82951442183155
koit1244,koia1260,0.3711160616574303,0.08505207946931528,0,1.31911725093725,1.949900943177145
koka1244,pama1250,-0.08493012799339611,0.07072058987220269,0,-0.16582236257475,1.953449681941815
koko1269,aust1307,1.8646977433477998,0.08243498719947875,0,0.6282127528650501,1.73914079295329
kola1285,aust1307,1.345541052285476,0.07007383407487007,0,0.92928186185125,1.744962656640345
kolb1240,atla1278,2.918931569023918,0.09610528895982216,0,1.155341186767,1.767544302244065
kolc1235,atla1278,1.2739613622972024,0.06414084955754021,0,0.763703554005,1.7469261037656851
kolu1245,aust1307,0.1466938386620277,0.0502477033260818,0,0.78942043912225,1.742510265101875
komb1274,nucl1709,0.5506094982718734,0.06531301383289119,0,0.25296690403345,1.875857512542775
komc1235,atla1278,3.0523771116770213,0.10676667670378982,0,1.65410691810125,1.9021600453164949
komi1270,sino1245,0.5776671797430982,0.10408574435690536,0,0.1151257561984,1.8289561772745602
komi1269,ural1272,-4.351493179681492,0.07552141634778142,0,-3.5808617369825,2.4598569384791453
komi1268,ural1272,-4.231135839728644,0.07619107998829006,0,-3.578304402795,2.45148738159169
komo1260,atla1278,1.5193925320448074,0.05131202140878,0,1.1565497173104,1.779781347967755
kona1242,east2433,1.0943435477881207,0.10187265655985969,0,0.3296059095185,2.06345828366659
konk1267,indo1319,-4.707680089335376,0.07203074075609345,0,-2.51108456672675,2.06902001502304
kons1243,afro1255,0.8107848526605729,0.07279867562204674,0,0.049191912291575005,1.752770300878415
kony1248,sino1245,-1.6049369675990803,0.12164392327638442,0,-0.53997592860025,1.8984912533147051
konz1239,atla1278,1.8922497810537076,0.04887982779848319,0,0.7857483366142499,1.7242273678913649
koor1239,gong1255,0.1005203861413101,0.08268955037234178,0,-0.3140186618253,1.87286060211225
kore1280,kore1284,-3.2231547472353856,0.07368383072796844,0,-2.08517477463,2.494009741636175
kore1283,tuca1253,-2.450434789265786,0.05262882184943213,0,-2.6192987908675,2.18657931259141
kork1243,aust1305,-3.8145534986178324,0.12290320442106983,0,1.2065331167,1.86263254565985
koro1298,atla1278,1.3871814235003799,0.05088069387991853,0,1.746727094512,1.7995414150494748
korr1238,drav1251,-4.3345104571888795,0.07494048676203147,0,-2.7041451614825,2.43788987835946
kosa1249,nucl1709,0.9032440051082318,0.050172218370043,0,0.448530246235,1.8722557731087401
kosr1238,aust1307,0.4350924333526176,0.03965174953271193,0,1.0188660494312498,1.724918112659555
kota1263,drav1251,-4.249386690485132,0.08148058271654789,0,-2.7003549088845,2.417247656879945
koti1238,atla1278,0.6298201989209687,0.04783762542855733,0,0.2790430619025,1.70563747417166
guan1269,tuca1253,-4.134716058445633,0.2173947665286685,0,-2.60722260712775,2.185285861842795
kova1243,nucl1709,-0.01078259514706965,0.07054332398991302,0,0.795565877006,1.8933708243202698
kove1237,aust1307,1.4917703970555325,0.029369321491945242,0,1.047093306397,1.72105927437708
koya1251,drav1251,-4.5391698940269904,0.09046312771054263,0,-2.6902699502625,2.417007756903835
koyr1242,song1307,1.7174668542564553,0.036776199643679494,0,1.1987277833615,2.07186048393587
koyr1240,song1307,1.4723977013058505,0.04543631029189266,0,1.1917955041447499,2.074072271804165
koys1242,afro1255,-2.7795193027959884,0.05196953736904531,0,-1.252936201145,1.77226624473282
kren1239,nucl1710,-0.06500380990054515,0.03939525109275647,0,-1.5916227177895,2.03191449476617
gbay1288,kres1240,1.5170549970028726,0.04441997846860274,0,1.46344535675025,2.20886845491109
kryt1240,nakh1245,-4.625818852971448,0.10491808763892634,0,-2.96800510803925,2.3079860004742647
puoc1238,aust1305,1.8416470486209664,0.05309595295053019,0,2.2189051354975,1.789138689675835
kuan1248,aust1307,-0.7339825986228328,0.08012683466852197,0,0.59407497384325,1.74780120214088
kuan1247,atla1278,1.8325740373897172,0.05657025875233509,0,1.0155849796932501,1.7563415663704598
kuii1252,drav1251,-4.522767144000382,0.08231643062314814,0,-2.68708173842,2.42258979569711
kuik1246,cari1283,-2.2889856762604137,0.17109870203807317,0,-1.5052102801104752,2.0252743131557196
kuku1280,pama1250,0.5403552332552481,0.10398704605570519,0,0.27184604721850003,1.97659978080809
kuku1273,pama1250,-0.4699577602136509,0.05122341847123556,0,-0.2907738005225,1.9840859724187352
fait1240,nucl1709,-0.984234427415396,0.09995700593344768,0,0.1829992119865,1.888869794032455
kulu1253,sino1245,-3.447476055124995,0.09270972779333721,0,-0.198053181914,1.8821564366223051
kuma1280,nucl1709,0.4629766542484349,0.07994045690162925,0,0.26262745108075003,1.85730045118825
kumb1268,pama1250,-1.1814827129707441,0.0659555053063942,0,-0.50932308766175,2.02058240992636
kumz1235,indo1319,-2.9394960455617922,0.07650555843203471,0,-2.56029520274875,2.05815066263526
kuna1268,kuna1268,-0.16337213450326343,0.04624723493060852,1,-1.1917826463674999,2.314241673911495
kunb1251,gunw1250,-2.5951188447307962,0.1443470064876883,0,-0.27697516277650003,2.075900097213075
kuni1267,kuni1270,0.9114090500841447,0.054199859507062007,0,0.35603383415120005,1.95523393434736
kunj1245,pama1250,0.1638503868496837,0.08017050270894113,0,0.24464675543949999,1.9929888494427548
kuot1243,kuot1243,0.16592148646718965,0.06842467623715318,1,-0.5506581008807501,2.0933431752632004
kusa1251,aust1307,1.9600178135754986,0.07265455262192996,0,0.946298876104575,1.73186144882831
kusu1250,kusu1250,-4.246473235136536,0.09467072658128048,1,-1.7703587123025,2.6268830453552203
kute1248,atla1278,1.6555434866469572,0.05370003103787334,0,1.8179697922775,1.868177280289715
kuvi1243,drav1251,-4.485608802389379,0.08868140937152776,0,-2.68828001926,2.42904759943975
kuyy1240,aust1305,2.43979747230258,0.05693749889522574,0,2.1775948126025,1.809170489403155
kwai1243,aust1307,2.1302799759637936,0.06121006267781171,0,1.127489075575,1.7287559083245099
kwam1252,aust1307,2.4213973751377647,0.038360387267107485,0,1.0223793928936251,1.7433244058902702
kwar1239,aust1307,2.1481970967384907,0.07024299877410149,0,1.1329310749591,1.729011297855525
kwaz1243,kwaz1243,-2.7118319566188185,0.18319618627247428,1,-2.3236946831925,2.196261914821425
kweg1241,surm1244,1.8896932391732486,0.07482254764817857,0,1.7612813045725,2.10177720008999
nucl1595,kwer1242,1.3586108706188607,0.053386512764723205,0,0.30150507539250004,2.04831296785634
kwin1241,worr1236,-0.6401698809514704,0.11222169240719407,0,1.1853404190310002,2.0452322033789603
kwom1262,sepi1257,-1.0856482421552964,0.0810172144715085,0,0.07487208469115,2.00375823643045
nucl1593,kwom1263,-1.2634162362271937,0.06515364995192431,0,-0.39881324315475,2.105013172928865
kxoe1243,khoe1240,-1.031901985409986,0.08060649728414139,0,-0.1411719942795,2.0460086825753647
kyer1238,sino1245,-2.424016394197015,0.06271076596466445,0,0.38519782879575,1.78704120985833
cori1240,atla1278,2.1363658699166272,0.06018845843778763,0,1.89390597803,1.87325754845114
laal1242,laal1242,2.2129086670978966,0.07520643612778194,1,1.1300730863275001,2.3387609452828197
labe1239,aust1307,-0.3523978947651767,0.06249121908917436,0,0.991363657922425,1.733230743281455
labu1248,aust1307,1.621046754791323,0.04215876037348868,0,1.01218654477525,1.7303866166238349
labu1249,aust1307,1.060058788326238,0.07036165384115387,0,0.5939076200305,1.74098142288558
lach1248,taik1256,1.3023161255888165,0.02983857869709509,0,0.93879419376025,1.924351524092235
lagw1237,afro1255,1.2930078877690172,0.05724884057040309,0,-0.5631844990245,1.78252708305207
zaye1235,sino1245,0.6966004259322072,0.06541316766199053,0,0.041885603358,1.8434306175614301
lahu1252,sino1245,-0.9171283346741452,0.12825083076837532,0,0.38706386781150004,1.794739521276975
lakk1252,nakh1245,-4.64182455969901,0.10489571044496111,0,-2.9613429751174998,2.30693387716678
lala1268,aust1307,0.42940895742561513,0.05416071776983875,0,0.5944309014775,1.71713122511511
lala1264,atla1278,0.0934279512143954,0.03722553777487771,0,0.171424851171175,1.7107808978726649
lama1277,aust1307,1.3882668269596097,0.06320943689792125,0,0.8564388812774999,1.746287212180285
lama1288,afro1255,-0.22650915614571449,0.10784338334376116,0,-0.8592786638225001,1.77164577146943
lamb1269,indo1319,-4.715433903906071,0.07633365411442145,0,-2.51134514919,2.07111973613849
lamb1273,aust1307,-1.5417776068160616,0.11778892836027169,0,0.78250444433625,1.7425480058405949
lamb1272,atla1278,1.2050861065876601,0.05135338793798784,0,0.533542889402,1.727306769587225
lame1260,aust1307,1.0955128133324106,0.058488974090255476,0,1.0449343726285,1.7300840471430599
hela1238,sino1245,-2.4351811368545935,0.07267310766705679,0,0.3777523805,1.79696934278995
lamo1244,aust1307,1.5653442540536073,0.0372717389355936,0,1.02122251824325,1.73491055895635
land1256,atla1278,1.2522957156218477,0.06637421213373614,0,1.17916578562,1.815114674470255
lang1320,atla1278,0.8023458005920622,0.03617524748611617,0,0.055018780250250005,1.70597795771618
lang1324,nilo1247,2.4804624388988463,0.08481717031995363,0,0.8509490964875,1.922396007322515
lara1258,lara1258,-0.35075657038372415,0.07990698388719386,1,-0.37984810496974997,2.12604250623518
lash1243,sino1245,-0.5411434361696175,0.08414073076339788,0,-0.2517426059665,1.82598415507021
teke1275,atla1278,2.890792729135022,0.0790031931771091,0,1.05441627044675,1.74604612999566
latv1249,indo1319,-4.29625322714301,0.09170229031993611,0,-2.3271118664054997,2.01861564237453
lauu1247,aust1307,2.1565020206560144,0.07201988276117516,0,1.14576502043975,1.73714977051179
lave1248,aust1305,2.165433263443184,0.0626914102440474,0,2.1814514056042498,1.790588716700785
lavu1241,lavu1241,1.472475904312696,0.07762831406846069,1,0.46165809822424997,2.07216702177295
lazz1240,kart1248,-4.28229267445934,0.11465016717716199,0,-2.4964365951275003,2.2898843556837747
lega1250,atla1278,-0.044326570968939355,0.07214192691171202,0,0.06359618565774999,1.736631038703115
lega1249,atla1278,-0.05527417521167595,0.0705693524718705,0,0.060033895609025,1.73816263730371
lele1276,afro1255,2.3181728274929254,0.09756095593633998,0,-0.51336122064805,1.799593559744705
lele1267,aust1307,2.247774233453991,0.05798656346986111,0,0.845077380445,1.736183013078535
lele1270,aust1307,1.588373509899904,0.062194464603131806,0,0.7328991997217,1.7410632292719899
lemb1266,nucl1709,0.6043447975821152,0.07491149017095987,0,0.01813529332175,1.8638476979181449
leme1238,aust1307,2.5540853234911864,0.06897346253011391,0,1.003240676207,1.72552052861193
lena1238,aust1307,2.398446576087235,0.05638541475872662,0,1.0276057570942498,1.730010455166165
lend1245,cent2225,0.6115742666455906,0.0850017964687862,0,1.116385427305,1.846474397293985
leng1259,aust1307,1.954324994600503,0.05852395694902607,0,1.10765842082445,1.741515429215275
lepc1244,sino1245,-1.1932830004751325,0.09356765200963406,0,0.1041435448205,1.856546389168785
lese1243,cent2225,1.980193784353943,0.06511063485200667,0,1.6617693435074998,1.903185705601175
leti1246,aust1307,1.6910487564999372,0.05330324784755645,0,1.0737501616525,1.7372942382485101
lewo1242,aust1307,1.074782386871368,0.0629233741130219,0,1.0479571200575,1.735240681727195
lewo1244,aust1307,1.3796846053467462,0.0546692692381168,0,0.85365041883,1.742596479759255
lezg1247,nakh1245,-4.632536127023081,0.10367197809210482,0,-2.9747984373275003,2.2977122081162697
libi1244,atla1278,3.1434624288884336,0.08015734067742458,0,1.3507043089325,1.761962959611965
liby1240,afro1255,0.1333082769813215,0.05071135672501355,0,-1.78826654701125,1.7636244540877501
lihi1237,aust1307,0.7353567918227633,0.04959378742927908,0,0.5629883686795,1.747796428354775
liji1238,atla1278,1.1533901557134973,0.082636400437043,0,1.8787609172475,1.8927602544373001
lika1243,atla1278,2.4398290267353753,0.0819900412844004,0,1.1310222678935,1.77287710198414
lill1248,sali1255,-2.4250954551220456,0.09619726210741074,0,-2.0485747717275,2.1344313178341903
nucl1327,limi1242,-0.6153817568873955,0.0790612388075022,0,-0.35182112177900005,2.09503692103837
limo1248,aust1307,-1.676118888273828,0.05278744521993747,0,0.599632655896,1.7449614057478402
lipo1242,sino1245,1.2085388070335126,0.08094609583621964,0,0.147677296445375,1.802912205583125
lish1245,afro1255,-4.27911945147348,0.13220256595636637,0,-1.241944765699225,1.767256536653155
lisu1250,sino1245,0.9652362687425198,0.1057726958803252,0,0.0665179811705,1.80538009337603
lith1251,indo1319,-4.3151009969297505,0.10411162142304974,0,-2.3327657273622497,2.02674246221039
lito1235,atla1278,3.202896705477748,0.08533818784585295,0,1.3496412398572502,1.7653923014029451
livv1243,ural1272,-4.206678268271878,0.09653440776816671,0,-3.625252770465,2.442362394591745
loba1239,atla1278,3.1579723674478566,0.07639836221173674,0,1.3408493104925001,1.7599214118728
logo1259,cent2225,2.65249421817774,0.09517690196225836,0,1.74316056208425,1.9315435161872099
balo1261,atla1278,3.0726214510020444,0.07472282448905387,0,1.33294859122475,1.769476309659395
loka1252,atla1278,2.8513930522395667,0.08963292553894016,0,1.859795671758,1.874621669487425
araw1276,araw1281,-2.7344724499062254,0.1382895260761783,0,-2.2002071685525,2.0769245951895
lolo1259,sino1245,1.1851683545430922,0.09431021798303627,0,0.14134274621045,1.80050585244153
lomb1257,indo1319,-3.1636882835365165,0.10414568039017734,0,-2.2107640856625,1.987118952271285
chiq1248,chiq1253,-3.3739928531509884,0.20862914242196406,0,-2.3187174545750002,2.1899377096672197
acha1249,sino1245,0.23755006254181826,0.05362953843462388,0,-0.284584640816325,1.837071133459005
long1395,aust1307,1.9344525848120417,0.06881913662876293,0,1.09923911986075,1.738557789824445
loni1238,aust1307,1.6466983435091933,0.06992712669671092,0,0.770639915887,1.7333713001140798
lonw1238,aust1307,2.5505472586338858,0.08844904145226337,0,0.721933688583,1.742538779803205
lote1237,aust1307,1.3096072896936746,0.03440697724765674,0,0.9769453868932501,1.726287454647365
loth1237,sino1245,0.1967617225753781,0.09695665801617134,0,0.505705700934225,1.8173794113484951
louu1245,aust1307,0.0708917901850088,0.07749261005889822,0,0.91103267108025,1.739063286637435
vano1237,aust1307,2.0596189522270394,0.047028800173667076,0,0.95252198025,1.75272620482674
lowl1260,tequ1244,-1.1929322649439165,0.09019964588783325,0,-2.12747379498,2.1741885451823
lowl1265,utoa1244,-3.448622521734725,0.1625627256282997,0,-3.0947011925117502,2.116204418940815
lozi1239,atla1278,0.6434280318028913,0.030677217298959423,0,0.245676084227,1.69003407092212
luan1263,aust1307,1.6125250225732373,0.05466123333280154,0,1.0856928907299999,1.740496229603555
onto1237,aust1307,2.0339859227515866,0.07475864485930875,0,0.7920703447745501,1.709429169935315
lubu1243,aust1307,0.0476033894577291,0.07639290335929895,0,0.6593078380565001,1.739114213834175
luch1239,atla1278,0.6747223525083651,0.03202834812751608,0,0.9044045043265,1.7376202069335451
ludi1246,ural1272,-4.2790448165963015,0.0823467390774197,0,-3.6272879159349998,2.43884586074511
lugb1240,cent2225,2.4974074943891154,0.09173384235812758,0,1.733007587499,1.9199946262079801
lugu1238,atla1278,0.18604872810889223,0.09147174199963937,0,0.5976498890740001,1.7015170858715
lule1254,ural1272,-3.7568456585137646,0.08137373467892636,0,-3.6238455723545,2.4352557629475298
lumb1249,atla1278,2.7207951620193507,0.08509361758431161,0,1.0479131812025,1.7655364645600802
lumu1239,narr1279,2.8730562790120953,0.10531226986405813,0,0.98431844027225,2.2120318297706403
lund1266,atla1278,0.02370505171921755,0.04717149244993875,0,0.742567377102,1.744399505478695
lund1271,aust1307,2.0410970436648546,0.09476908539511493,0,0.89003594628,1.734633059128095
luok1236,nilo1247,1.4094789877005773,0.03764056258338645,0,0.74735954586475,1.9125592936774098
luse1252,atla1278,2.934152816014781,0.06338107956188557,0,1.3227740234915,1.774127889836255
lusi1240,aust1307,1.7018545928103146,0.04034166366873543,0,1.0470083883752501,1.730982218169955
luva1239,atla1278,0.4825521439305043,0.04370186026260841,0,0.72921643662,1.74439921289918
luya1241,atla1278,0.8252357164575812,0.04024311514770796,0,1.0719863988627498,1.76845896559692
maan1238,aust1307,1.2621537553092919,0.050248857396147234,0,0.9769217561682499,1.7218077576202648
maas1239,atla1278,0.531464843918356,0.04755692176447763,0,0.8290679546835,1.797268050563145
maba1270,atla1278,2.762894369303284,0.06852335179515502,0,1.3555163895884998,1.7674023773139198
maba1277,maba1274,1.254714766309653,0.043975309510509986,0,1.3843680166449999,2.1284417102352498
mace1250,indo1319,-4.064516906377038,0.12647340913252966,0,-2.4142042852575,2.01798722174763
maco1239,sali1297,-1.984024086580047,0.044549833149878613,0,-2.4351993057000003,2.177721742675935
macu1260,tuca1253,-2.567248231718036,0.03629835900470051,0,-2.6339427459175,2.18413442734499
macu1259,cari1283,-2.8452430312192005,0.18008849034427377,0,-1.9582220451675,2.0471956530286803
mada1285,aust1307,0.6811972177059138,0.048818349995482374,0,0.715653182275,1.737047881859005
madi1260,cent2225,2.70848270243079,0.09260256509955622,0,1.6868256003525,1.9223672232463849
jama1261,araw1282,-1.6945835130931717,0.0492217649692573,0,-2.64785197860325,2.18714394986042
madn1237,east2374,-0.26082508829594897,0.09550908848317924,0,-0.6373967157093,2.074289917770765
mafe1237,aust1307,2.5123245539905934,0.059207141107842004,0,0.88635538407545,1.74174811779916
maga1260,indo1319,-4.453361013371339,0.09229424972390472,0,-2.51891106122725,2.0682915114656852
maia1254,nucl1709,1.1454387885963728,0.06123417829332849,0,0.18255517507525,1.912712514780855
mail1248,mail1249,-0.9118182786873004,0.059892674922098287,0,-0.284707130473,2.063390296038
mais1250,aust1307,-1.262686256302136,0.0950002463730043,0,1.003615581854675,1.738704092653435
mait1250,indo1319,-4.201953675428556,0.08439240859444416,0,-2.515494217346,2.0669944840766252
maja1242,surm1244,1.9504893358018747,0.0814655400541675,0,1.7227467433024999,2.124723985670325
maka1304,atla1278,2.844759019797276,0.09092157288837584,0,0.81332049008075,1.765198332094835
makc1235,taik1256,1.3605249652674365,0.05862464890727578,0,0.79888581053725,1.916483451439905
makh1264,atla1278,0.34894193043885546,0.044063599032106826,0,0.21210678644275,1.7051071349331601
makh1266,atla1278,0.6427455595144229,0.0339206095017511,0,0.275799308267825,1.71004218903521
mako1251,atla1278,1.007424970903943,0.02598150752655495,0,0.54172529536575,1.703148812588335
maku1277,aust1307,1.7343025197916053,0.05329618771967933,0,1.074194860622,1.757702150939475
makw1236,atla1278,1.0970357426030395,0.029126883021699135,0,0.54087238751875,1.704983019271055
mala1463,drav1251,-3.9640472530811994,0.07095941547276885,0,-2.70796302412025,2.400322689653745
mala1534,aust1307,-1.6470663943530566,0.0571769245876349,0,0.53803802889575,1.747548272576985
mala1464,drav1251,-4.054430982329441,0.07554733831880509,0,-2.702031352105,2.40522110439068
mala1522,chib1249,-0.8263197366470934,0.024175785054407328,0,-1.471264366392475,1.953335001400065
male1284,gong1255,-0.8793174368239,0.05177176840839099,0,-0.1922453670575,1.878062917545885
male1297,chib1249,-0.3872419898993697,0.02924153665709492,0,-1.44131518856475,1.9591232498245001
male1289,aust1307,1.8524130051040344,0.05584699351312477,0,0.959210035057,1.73147998005867
malg1251,afro1255,1.1023957646051885,0.05961035855992399,0,-0.6307703018024999,1.7632429420945201
mali1285,otom1299,1.213426807128685,0.03053015502195882,0,-0.6795036833102499,2.03909439931658
malt1254,afro1255,-1.3613317758566224,0.05843092055294381,0,-1.775620449326,1.778938083252875
malu1245,aust1307,2.4761591352363688,0.05760346567431124,0,1.02519924900825,1.7417507648086001
mamm1241,maya1287,-0.9574904492564906,0.04364610702210229,0,-1.4773561414672498,2.059099558217155
sauk1252,nucl1709,1.4598472467091557,0.08389075613346098,0,0.6549728813265,1.897888470244725
mama1275,aust1307,-1.53301730901154,0.06521499289492216,0,0.428479446246225,1.7403725252111
mamb1306,aust1307,1.3415471242466084,0.0646288677318844,0,0.6221368358120001,1.740728447109095
mamb1294,atla1278,2.784366735879796,0.07821620416981691,0,1.5179001705075001,1.784422188319645
mamb1296,atla1278,0.9732304393980298,0.036155891996604406,0,0.55850467077,1.725179329065965
mamv1243,cent2225,2.387937632796422,0.08275924890401815,0,1.661735351506,1.900742641850795
mana1295,aust1307,1.4564638417934856,0.03946044901505288,0,0.91477694613375,1.7386208954381699
mana1298,nduu1242,-1.3856141055201912,0.08836588666272036,0,-0.509050435,2.051596752958345
mana1288,sino1245,-2.612420452440105,0.07603918108155816,0,-0.0332579087295175,1.8525141881021
payn1244,nucl1709,0.8204133358799202,0.05155608777837461,0,0.03994388113075,1.89849245574608
mand1423,atla1278,0.9631245632643994,0.0667939950655653,0,0.4025297952033,1.7130587609673702
mand1440,aust1307,-0.9405528630797204,0.09477457033457874,0,0.57636470707725,1.743431782045505
mand1415,sino1245,-3.1205346882008493,0.09784269706759642,0,-0.40916590796700003,1.8988296893009151
mand1436,mand1469,0.03883438063832245,0.050162350355763496,0,-0.45331793971975,1.81511454797267
mang1378,aust1305,1.4638971225141537,0.04425127144390458,0,2.1586855582992497,1.803662103271395
rapa1245,aust1307,-1.3872151270869448,0.06322123370859505,0,0.45867425872400003,1.713377699542995
mang1401,aust1307,-1.37135368475577,0.04885446269862032,0,0.4911277995685,1.7143399674683448
penr1237,aust1307,-2.1052727952474553,0.10057906880666796,0,0.486200867677525,1.720919570308915
mang1381,mang1423,-2.535657947662645,0.1722945369841874,0,-0.11290125805574999,2.0884627647320553
mang1394,cent2225,2.227821309984808,0.0822061029891118,0,1.6362934399025,1.8911701817445001
mang1404,aust1307,1.3709844376412483,0.04358464369756854,0,0.9308877820554999,1.73226874859164
mang1405,aust1307,0.33412390094141486,0.04739378280348593,0,0.68253824144325,1.73943296311654
mang1403,aust1307,1.2204434930380375,0.046169047709907304,0,0.92546442728625,1.729507216763745
tong1308,aust1305,2.1699901600537412,0.06526984457583578,0,2.0524902698275,1.804343987287995
manm1238,aust1305,0.9698983907751171,0.05182602656211474,0,1.95211337082,1.780314559799775
mann1248,mand1469,1.5450334724087993,0.0698802276276722,0,-0.0036220382362814997,1.8617536889829
mans1262,aust1307,0.210170917341339,0.05155166769066321,0,0.401269609344,1.751531923452905
mans1260,hata1242,1.6486260798587615,0.08557465242510845,0,0.30917197940499996,2.10043151235825
manu1258,aust1307,1.823334929621104,0.071526746257759,0,0.89537424803375,1.742786237673065
maor1246,aust1307,-0.5507945025842662,0.05613090823415258,0,0.4539880488425,1.716232181920885
mapo1242,aust1307,1.5011411602600866,0.04921235323166663,0,0.922168670387,1.7322338041720449
mapu1245,arau1255,-2.4935351693599794,0.13955018160068544,0,-2.3360921069135,2.2108486204030102
mara1382,sino1245,-2.658021901506604,0.14897344876036242,0,0.0634413234435,1.8561673879946001
mara1399,aust1307,2.5262130368409714,0.06112506395554725,0,0.8883260070865,1.73230702970038
mara1379,sino1245,0.2598582354113971,0.08913520877167191,0,0.1421361174665,1.8517581556569
mara1386,west2434,0.7418351221075277,0.08015991669406948,0,0.9734531853725,2.058096350450425
mara1396,tama1329,0.04908491865640875,0.046023861638972784,0,-1.01992487421275,2.170654107428245
mara1378,indo1319,-4.780522224166239,0.07830142991697253,0,-2.5068760537595,2.0705744718696097
marg1265,afro1255,1.5586267976512729,0.0634152300480242,0,-0.474922974445,1.7760274281102149
mari1414,drav1251,-4.6978365373158795,0.07661157450365765,0,-2.68417018212675,2.42539388595837
mari1440,coch1271,0.1723706718651076,0.060497884621136214,0,-1.0151775957905,2.07830313930834
mari1428,aust1307,1.344622132566814,0.03365703603570826,0,1.04342108349975,1.73083218828835
nucl1622,anim1240,-1.7127334821309566,0.10660911608085008,0,-0.16182638674924998,2.0654175979512948
mari1424,west2434,0.6657368728087063,0.08769741983804176,0,0.92248936085,2.048924622274205
maro1244,aust1307,1.9114726367585235,0.07310823891423869,0,0.93073863931725,1.73744122636596
mars1254,aust1307,1.687457807026168,0.057490803642097896,0,0.9838351955675,1.7271052764792851
mart1255,pama1250,-2.839637750674742,0.15012132913651202,0,-0.396179608812,1.985303593074905
maru1249,sino1245,-0.4682970350144775,0.08759842801812086,0,-0.143211086882,1.81372208607245
masa1322,afro1255,0.5832437182853387,0.06652287881945353,0,-0.39195341074375,1.8100816564893951
masb1238,aust1307,-1.3792141546910146,0.041771747094568185,0,0.39570593805525,1.7530034427111199
mask1242,aust1307,1.0448215742413312,0.06123052681259122,0,1.0770284227575,1.739357189942345
matb1237,aust1307,1.8906738564844598,0.05543313049766398,0,0.804515917694175,1.761888389422525
kemb1249,aust1307,2.176342093318297,0.06274343242192267,0,0.93444030927,1.74651309220213
mati1250,aust1307,-1.5246075289291288,0.083334126561838,0,0.5408633087704,1.729395200378995
mato1252,aust1307,1.8508374937391459,0.052150656553183544,0,0.9919214753845,1.735997419984415
mats1244,pano1259,-2.905338599947777,0.042428744278346656,0,-3.069100966605,2.1922336517468652
matu1261,aust1307,1.6036065327201356,0.03881399487935549,0,1.02329372378975,1.730205482559935
matu1259,atla1278,1.3764402382337217,0.04299412116963934,0,0.5778643248800575,1.711784641249195
maun1240,iwai1246,-2.448770137564015,0.16576136243746808,0,-0.10172300494475,2.095054094714865
maxa1247,nucl1710,-0.5066229917164836,0.033031248792529874,0,-1.680279214905625,2.032176379579465
maya1285,misu1242,-1.3864399462310772,0.033288165663884484,0,-2.6361126266407497,2.1932031896072353
maib1239,mayb1237,1.7370285011681958,0.07418910512526453,0,0.368238194364,2.1028216306575747
mayo1264,utoa1244,-3.3595913200980716,0.14777238565092288,0,-3.0622949207224996,2.1188053801696753
mayo1261,atla1278,1.199007735668669,0.06819989074653439,0,1.60090874408775,1.76462202633817
maza1304,afro1255,1.8478650278421653,0.0814843220245301,0,-0.34266493435775003,1.7982980904753498
mbaa1245,atla1278,0.5530812442497721,0.09281853329135048,0,1.4543548028475,1.756244636509485
mban1263,atla1278,1.9575438661900493,0.05164442071463979,0,1.55755263544925,1.787969162934235
mbar1260,afro1255,1.5326311165303257,0.04874160047837159,0,-0.7501049114530001,1.76174693744426
mbay1241,cent2225,2.9919647866146457,0.08788187318861503,0,1.7192754604975,1.869345929425105
mboc1235,atla1278,1.0038025171329445,0.074787946909126,0,0.5911194369763999,1.7610657432852
mbol1247,atla1278,1.5458975984713146,0.055441845377313254,0,0.9586562544692749,1.776944605447005
mbug1242,atla1278,0.775142788570873,0.03843863058265776,0,0.06276671021825,1.703342402402375
mbul1263,aust1307,1.8711661535013377,0.0532945730389317,0,0.973486196067,1.724705752385355
mbya1239,tupi1275,-0.8364564582084139,0.05056861733166127,0,-2.41515620068575,2.047074809602515
meen1242,surm1244,1.8223891945264872,0.07697138681277035,0,1.7684157698225,2.097272550293205
mehe1243,sepi1257,0.7399456638744887,0.07488007006563104,0,0.29180242164750003,2.0058166430324746
saki1248,tupi1275,-1.5173876178790366,0.03588795277660692,0,-2.4998548308247504,2.06941960274897
meke1243,aust1307,0.5105186859578936,0.04662795365922681,0,0.5456390748489,1.718940320382555
mele1250,aust1307,2.3699120177437285,0.06881737653013974,0,0.8777786583275,1.714550359562145
melo1242,gong1255,-0.8472450476347654,0.052682922812632246,0,-0.0023958611671499996,1.87094551308574
melp1238,nucl1709,0.6227636158541969,0.06354630133806206,0,0.25781465051725,1.85192372590993
mend1266,mand1469,1.26286162280392,0.0715872625836288,0,-0.1816290788445,1.8197768780612
mere1242,aust1307,0.8388912739081076,0.06884613164819776,0,1.015399639165715,1.7387756408688149
meta1238,atla1278,1.49630971390102,0.06457739005913254,0,1.6936588556015,1.89301968628793
mezo1235,otom1299,1.300217781027781,0.05698768338275357,0,-0.278613535515,2.040155503784145
mezq1235,otom1299,-1.0246022969365163,0.14609451823380454,0,-0.7497184543475,2.01084637136454
mich1245,utoa1244,-2.908593059388535,0.12782503619843422,0,-3.07550633812325,2.08965338940201
midd1327,aust1307,1.2410948990233943,0.03643374433912394,0,1.0306885915767499,1.735906175314745
mids1243,atla1278,2.044839912885365,0.06930887425783445,0,1.5971470032035,1.76867482955739
mikm1235,algi1248,-2.821318252373189,0.11429083144425162,0,-2.9670375509099998,2.20242435572879
mila1245,sino1245,-2.0092699745104987,0.11147439591155747,0,-0.08075313103199999,1.85445184078106
mina1276,afro1255,1.7281604240266002,0.062027604117674454,0,-0.34305693285375,1.78991648210607
mina1268,aust1307,2.285483524131056,0.05786138800493188,0,1.01540917680675,1.69976139671108
mini1256,huit1251,-4.1597106008656555,0.21442329417946368,0,-2.3409271964725002,2.208678333867535
mini1251,aust1307,0.8795150957117986,0.033338623961419525,0,0.5288198370385,1.753407415885245
minn1241,sino1245,-2.552620338834636,0.07833185484585252,0,-0.38552772566750004,1.8898381349896551
misi1243,aust1307,0.6468570696271742,0.03780782405975926,0,0.7759563114725001,1.731180943603875
misk1235,misu1242,-1.3908910035411106,0.03596712756399138,0,-2.5935509023075003,2.20484347117577
mixt1426,otom1299,1.6676377240058433,0.062070749855762705,0,-0.1979748895365,2.05229567153054
miya1266,afro1255,-0.4614529902933401,0.10072566112462825,0,-0.60524840203175,1.785866490776355
miya1259,japo1237,-2.658030394279556,0.048544925725141,0,-0.8218662849253,2.091399099410655
lush1249,sino1245,-1.2572878734462338,0.05415821241959704,0,0.04205110195425,1.856590795828155
mlab1235,aust1305,2.0948004332182686,0.058623098901903745,0,2.2172233630425,1.78927984095756
moba1244,atla1278,1.6579183854508388,0.04961056448735401,0,1.80189812665475,1.7962385572515749
moch1257,maya1287,-0.6836167506421029,0.036557778273064404,0,-0.8521042925265,2.0531192044287847
moco1246,guai1249,-2.81069530801234,0.1753253685537758,0,-2.4653807922445,2.20330597850741
mode1248,indo1319,-3.816460850292178,0.12711361158839488,0,-2.3994423342099997,2.07427407951382
hebr1245,afro1255,-1.0230211566100307,0.0893582677464384,0,-0.9965156078124999,1.749338744373205
moii1235,west1493,1.7000503381348582,0.05391436532006697,0,0.3596371424,2.0968689713098447
moke1242,aust1307,1.4919375631086678,0.09284957870436407,0,1.0561818561407499,1.730461883556355
moki1238,aust1307,1.8811789787225393,0.06806544101024217,0,0.9960998408239,1.71882810953601
mokl1243,aust1307,1.6587200102344242,0.07027782573525924,0,1.05221257027975,1.7304532271465551
mokp1239,atla1278,2.1881795823318577,0.06975533720025194,0,0.6081608969045,1.7539244994446301
moks1248,ural1272,-4.514298276011033,0.08355723869093747,0,-3.592200052425,2.43443313833584
fass1245,baib1250,0.8084634415236874,0.07379694340186375,0,0.61671651846775,2.0482905293835696
mong1338,atla1278,2.2877762000652258,0.045923879721429,0,1.291431371481475,1.7636534593627502
mono1273,aust1307,-0.1525911154660442,0.07175235997718878,0,0.63722724911,1.7276688039754151
mono1270,atla1278,2.012616813479648,0.05949591075804869,0,1.5929857680850001,1.7629234362704551
mono1275,utoa1244,-3.701385436073039,0.13300396149537233,0,-3.0897706011099997,2.13834368198424
mont1268,algi1248,-2.9243933112012868,0.09740372770948225,0,-2.980082897846,2.189125500026765
nucl1458,monu1249,1.193019424803128,0.04687606991698822,0,0.42714518366800003,2.0357027227956053
monz1249,atla1278,1.857518998342105,0.0631452404652792,0,1.60280384447125,1.763786870775725
mopa1243,maya1287,-1.2542872890596954,0.06452873040747491,0,-1.0707251432775,2.04960456993313
more1259,utoa1244,-0.43754188633514723,0.11296395047825519,0,-2.9794909499125,2.06699005156199
mori1269,aust1307,1.86090938312043,0.08980999215943532,0,1.0192617642608,1.746610207948605
morm1235,aust1307,1.0746573765859708,0.06971505778092778,0,0.55514134344205,1.76989794885835
moro1285,heib1242,2.8776695857780776,0.09688179239268904,0,1.0391404397197501,2.20421530720351
moro1287,aust1307,-0.6737318983991081,0.09939980541462508,0,0.926649022171,1.7397328740272648
mort1237,aust1307,0.9828206394357462,0.04374808813414279,0,0.911440413505,1.70697012968011
mose1249,mose1249,-4.010353565346902,0.21679363158704834,1,-2.3447830988365,2.20667699724697
temb1272,atla1278,2.8976337477647798,0.07129140622406399,0,1.32903105056275,1.770391109392945
motu1246,aust1307,-0.1283573160987895,0.05783537173140176,0,0.52436619204775,1.7151295962377
mouk1239,aust1307,1.6698493438096804,0.040295319481527,0,1.0192054152257501,1.73696811682449
moun1252,koia1260,0.5432488416473145,0.08117112559162867,0,1.319421735706425,1.96401595130614
movi1243,movi1243,-3.6821497257280127,0.21255491949575597,1,-2.3938030137916,2.2262854484346253
tang1347,aust1307,2.452107666516399,0.056885591879807317,0,0.9897532023590001,1.73570152783277
moyo1238,sino1245,-1.160925790810151,0.09454511043348866,0,0.0607495599405,1.8222710414594099
mpad1242,afro1255,1.2946179149037635,0.05397916186337174,0,-0.5753743926699999,1.762259029326845
mpii1239,sino1245,1.2186019571921056,0.05680596884411369,0,0.208829330861525,1.77658913458706
mpot1240,atla1278,1.0417641665992017,0.04265318464790092,0,0.5785801125332499,1.7025918746406
mpur1239,mpur1239,1.7437428612809542,0.08049941358992853,1,0.288752088170555,2.0854202397817847
mual1241,aust1307,2.087014007759837,0.06034433818980331,0,0.9904730606400001,1.717806326034565
mudu1242,aust1307,1.604903464096241,0.051817388149698045,0,0.8281953967794999,1.736087256414935
mudu1239,drav1251,-4.21335509133373,0.0732787442717227,0,-2.709765308385,2.424688118223095
mull1237,nort1547,0.2388451990980851,0.1007075414117413,0,0.6886903840075,2.0253400963096304
nucl1240,atla1278,1.4225713349411635,0.08100179530097067,0,1.3821821657764999,1.789931638258575
munc1235,sino1245,-2.0975937195668246,0.1497275521623285,0,-0.1829209937975,1.84282066573044
mund1328,atla1278,3.1698379100470433,0.10632950134730988,0,1.0771824128574998,1.826207313871675
mund1325,atla1278,2.7022150197446786,0.0740746317763827,0,1.51616298474225,1.783825439045005
mund1320,aust1305,-3.406683185481366,0.13399942044156213,0,1.1724845406492501,1.86311738623867
mund1326,atla1278,1.7152625873433123,0.06395913206968047,0,1.59828154774,1.7608780024657351
mund1330,tupi1275,-1.3053996938852186,0.04477557633825259,0,-2.4278047556324998,2.0807811457532353
abar1238,atla1278,3.168087721900704,0.10574237295034501,0,1.17546916780275,1.834679586708245
murl1244,surm1244,2.5379734661244804,0.08260406458856147,0,1.7626861875525002,2.09336582233852
muru1274,huit1251,-4.112111064291844,0.20974330077153922,0,-2.3397863959825003,2.20658959150482
muru1266,pama1250,-3.1144655168269253,0.1953550300966559,0,-0.418199365482,2.01152314450372
musg1254,afro1255,1.3361414183207452,0.06351459698033882,0,-0.7969263367555,1.762366893028575
muso1238,aust1307,1.7200877470644156,0.046309188530397144,0,1.0145388852275001,1.734225444017805
muyu1244,aust1307,0.9402475842386733,0.05157586901176979,0,0.80056137729725,1.730501259788595
mwag1236,afro1255,1.2591617391992371,0.06610128496853988,0,-0.6764552690510874,1.7707813222582551
mwan1250,mand1469,0.6809723858404682,0.04710709899975157,0,-0.050134601891999996,1.8583032146593501
mwan1247,atla1278,0.5179575222595018,0.03975581000870943,0,0.438287406576575,1.70360763097406
mwer1248,atla1278,0.9745940832189521,0.03358689797140508,0,0.43526531651449996,1.705139563022175
motl1237,aust1307,2.580620594594291,0.07695559004228195,0,1.0082045201785,1.73334012269769
nade1244,nada1235,-1.0981104016205099,0.053767260136375845,0,-1.80493000606725,2.0764284072905452
sout2857,aust1307,2.6014922831627216,0.06695910089755885,0,0.9622909733793501,1.741911681741895
naka1262,aust1307,1.3118503244190183,0.05070628566140781,0,0.7440717734125,1.74348527152976
nali1244,aust1307,0.9928594785771755,0.049915583784770685,0,0.97516866471825,1.736240568300645
nalo1235,aust1307,1.3442227808668692,0.05810457103633391,0,0.51156269707925,1.756092072072005
nama1268,aust1307,2.681083718562512,0.054828478773602675,0,1.0021696059025,1.738048079494805
litz1237,aust1307,2.5694583193207126,0.07163946909215947,0,1.00187039733,1.7450631109217198
nama1264,khoe1240,-0.5901896075292834,0.07446742728466343,0,-0.15462871504825,2.05071798787465
namb1293,more1255,-1.9324036517016108,0.08927216421669631,0,-0.26451600929425,2.054388851804545
namu1246,sino1245,-1.5646030449538197,0.12547323090778034,0,-0.15637585738999998,1.84525860278152
nana1257,tung1282,-3.747566485688549,0.07981007326548097,0,-3.06303729319,2.535826439704345
nand1266,nilo1247,2.360866770210291,0.08570936773438692,0,1.19230464082,1.985473059225935
nang1262,aust1307,1.366630157849193,0.04688953948036808,0,0.50684090651475,1.744801048818175
nant1250,araw1281,-4.328424976706572,0.1878751120196376,0,-2.4597836569375,2.111136407715845
nara1262,nara1262,0.3102468917775748,0.05523987780538754,1,1.494640224819,2.406785956303265
naro1251,aust1307,2.26325371432268,0.08199587557683662,0,0.8887680105469999,1.7300339117697652
yong1270,sino1245,0.5390954796211131,0.06560125891678607,0,-0.10832224174405,1.828393354140725
naru1238,pama1250,-2.610383183898822,0.18493853856212011,0,-0.253776404012,1.97358942011738
naue1237,aust1307,1.6893937406662096,0.057037080844692,0,1.0891791546685,1.74774915258172
naur1243,aust1307,0.9295337484368194,0.048959795198924426,0,0.7351928175405,1.7410654806723351
nava1243,atha1245,-3.115019430049618,0.15428166358500045,0,-2.9810308284575,2.18687043090237
nawu1242,atla1278,2.3245108423069745,0.05754134038486841,0,1.4059711462785,1.8256785575440349
naxi1245,sino1245,0.8126606908114712,0.09033090786082815,0,-0.11657070277449999,1.83211560694667
ndam1239,atla1278,1.4146966366799594,0.0500150551728343,0,0.4111253547625,1.7179300318522301
nden1248,atla1278,1.509666163081694,0.049110903294935504,0,0.57401981439175,1.709245004859305
ndob1238,atla1278,3.084505907916359,0.07491141900748154,0,1.3526778799205,1.771325681069455
ndog1248,atla1278,2.0362645074387915,0.05654157373676402,0,1.55902448931975,1.767684779557505
ndun1249,atla1278,2.5126597734828255,0.06540478392390175,0,1.3877884531607498,1.75630155025065
negi1245,tung1282,-3.7754624458780732,0.0800460100090138,0,-3.0559980064715,2.5383902933390754
neha1247,aust1307,-0.3219033426298844,0.05076288473952586,0,0.5839809459265,1.7497520670269648
kuma1276,aust1307,1.6037722489163095,0.06762121932605857,0,0.87729972078,1.736025609943965
nenn1238,more1255,-1.9118797671285637,0.09523593611267846,0,-0.2562581536355,2.062449640087455
nend1239,nucl1709,0.9231205975204928,0.04331157610451277,0,0.199490821628025,1.891664273268415
neng1238,aust1307,0.6222191328130948,0.05145004636336615,0,1.0574401264735,1.74017505547725
nucl1706,afro1255,-2.8816856263181183,0.0498105976453888,0,-1.2287710750624998,1.7629700250826001
nepa1254,indo1319,-4.331888875816,0.08441133463834669,0,-2.508444777605,2.080138445538705
nese1235,aust1307,2.4755594122326166,0.06746969537192694,0,1.02119882289025,1.74422127628123
vinm1237,aust1307,2.589765212761186,0.0635820884382297,0,0.9985177360374999,1.73430740041731
ling1265,aust1307,2.6068369795559754,0.04857807234279531,0,0.9981632284947499,1.7396742110444752
nezp1238,saha1239,-3.344864833655074,0.1474437771067917,0,-2.3028956093675,2.18331878896144
ngaa1240,pama1250,0.31676535167314585,0.08529932431734327,0,-0.22572296488600002,1.9381865051502851
ngab1239,chib1249,0.02564529767316245,0.03295084532418912,0,-1.3322487870695001,1.9604693691419
ngal1292,gunw1250,-2.6336709952332344,0.1597843243388006,0,-0.28325490149974997,2.06993998007139
ngam1268,cent2225,2.918733395314926,0.08442787448393531,0,1.72588308620825,1.87979250598937
ngan1291,ural1272,-3.872469951356871,0.08004218092895153,0,-3.51940378607975,2.4465977338881197
ngar1235,pama1250,-2.1319193883001977,0.17949038142005755,0,-0.4609894880902,1.9806029242491352
ngar1284,worr1236,0.7297407435707041,0.10685511055668688,0,1.1075714709275002,2.0482174299545104
ngar1283,mirn1241,-2.202989408948155,0.11473619819717021,0,-0.289347038319,2.08597795000305
ngas1240,afro1255,1.6373248381137258,0.09079011331614689,0,-0.5683112005557249,1.77029380558879
ngba1284,atla1278,1.8411298578894875,0.06063244802264593,0,1.6128566970359999,1.76056219668369
ngba1285,atla1278,3.2910512888855354,0.09502709886988889,0,1.43123933467725,1.81316784954285
ngit1239,cent2225,0.34809791726382056,0.09444156407914445,0,1.11910327623875,1.85424479892374
ngom1268,atla1278,2.8482039266930177,0.06981370228335453,0,1.31800528837565,1.76356313464129
nhan1238,pama1250,-2.2271572925532794,0.1359540377469764,0,-0.30279093040095,1.970618963390855
nhen1239,tupi1275,-3.8169672925088216,0.23088818177168396,0,-2.4796726386924997,2.073854258885735
niha1238,niha1238,-4.541893999620702,0.08815056883108299,1,-1.86107105858911,2.58750889554908
nila1242,atla1278,0.6186855006505907,0.051691382607790604,0,0.306137489801,1.7031081980255949
nucl1633,nimb1257,0.2725505235062597,0.027419083393831225,0,-0.64306675423725,2.0794417512866
nina1238,yano1268,-3.4298746328138776,0.19783892019494367,0,-2.487355530975,2.1537113903488647
labo1244,aust1307,2.598504648693572,0.06100617997798845,0,0.9586057139715249,1.7431180837458
nisg1240,tsim1258,-1.1544959718512733,0.0823743250103314,0,-1.240480019385,2.13957525342528
niua1240,aust1307,2.053818145815049,0.08373936357751577,0,0.8809142337832501,1.7032905630509299
niue1239,aust1307,1.2052972008653628,0.06349980811971719,0,0.884373801902,1.7185568859192801
niva1238,mata1289,-3.3385052858274786,0.20333293866536872,0,-2.2592890710390003,2.213718610918795
njan1240,atla1278,3.1137387690948444,0.10416577958502155,0,1.562436226066,1.900543623719885
nkon1248,atla1278,2.739869535114349,0.0703545791290356,0,1.3895860677673,1.827733609159215
noct1238,sino1245,-0.26475756783829874,0.06623792338135605,0,-0.5450717299785,1.8888410078100302
noku1237,aust1307,2.4331593029943894,0.04566754785054988,0,0.96353777828375,1.73394674739742
noma1260,atla1278,1.4038961431119796,0.06409583605029225,0,1.1819276770275,1.783599907393735
noon1242,atla1278,1.1466111133305654,0.04135683799209308,0,1.22252238968625,1.84199717857607
noon1243,atla1278,3.1963189554111366,0.10830557148039097,0,1.1168992196627499,1.842186756444645
nopa1235,otom1299,1.7266678847798507,0.06243883659386326,0,-0.176897184285,2.05065529692394
nort2839,aust1307,2.706513814638398,0.07968827356398568,0,0.86027476266125,1.742924467120345
nort2697,turk1311,-4.496697736599671,0.12764000037719542,0,-3.235279042815,2.412293940876725
darg1241,nakh1245,-4.645381567007105,0.09872741213270879,0,-2.9595695700375,2.29763687483878
nort2930,kiwa1251,-1.7618333287140984,0.10870504362613467,0,-0.10936850734760001,2.07513192508742
nort2724,sino1245,-0.32367771047867433,0.06913629218410414,0,0.3001128695045,1.826384906976895
nort2972,choc1280,-2.0517552684044764,0.025601445584016735,0,-2.62734381303075,2.1495622963791847
nort2702,drav1251,-4.558129062191939,0.07533022331363134,0,-2.6861167120675002,2.42597279157905
gumu1244,gumu1250,0.3279438215417061,0.05374823778292922,0,1.4393035254135,2.187097020937725
nort2938,haid1248,-0.6348999915604412,0.08741137932199036,0,-2.657350953745,2.17826318302048
sing1264,sino1245,-1.7563848824906918,0.1101367627044158,0,-0.407471125798,1.865385839532675
nort2684,aust1305,2.4589172728527386,0.05380731968536797,0,2.16290243815725,1.78980136466326
lush1252,sali1255,-2.714229401816647,0.114517074690765,0,-2.0446180170822,2.11787385815085
nort2774,atla1278,1.607145766649154,0.06746275844685731,0,1.5760382902457502,1.765383008720745
nort2954,utoa1244,-3.910827019553677,0.1363630876438658,0,-3.0970007460725,2.140632187997965
nort2957,utoa1244,-2.7684074917767925,0.11945566299238648,0,-3.04939238105275,2.082956378267845
nort2723,sino1245,-0.136372195634534,0.04561249009303571,0,-0.4247736606925,1.86575251524205
nort2747,hmon1336,0.1903256641837256,0.08835307506491319,0,-0.6970977391907249,1.9604780374124702
nort2722,sino1245,-0.2576740659281505,0.06411927079285791,0,-0.28456860205872503,1.843428406772355
nort2994,aust1307,1.727599649254101,0.07612528588431446,0,0.8171315442145,1.7246996367994498
nort2885,aust1307,-0.7290671981841702,0.049886760239414775,0,0.7470774895935499,1.735860600352205
tosk1239,indo1319,-2.4204900394694375,0.062474271573151684,0,-2.4973782827017503,2.07778601930409
nort2732,sino1245,-0.3969249406661137,0.050412757080724714,0,-0.27124721442125,1.871748219418865
nort2690,turk1311,-4.217996728889431,0.08158463775410442,0,-3.2213895933525,2.4124504778733646
yoku1256,yoku1255,-2.946350558495406,0.15041796242858535,0,-2.2661272135825,2.2073820664766997
nort2745,yuka1259,-3.6130074781991635,0.09261460360481479,0,-2.3789325947325,2.5929079520630447
nort3047,afro1255,1.5854803996013536,0.06371584147416287,0,-0.6373597286345001,1.781477316414185
nort2980,quec1387,-4.244236285371784,0.17696927247637642,0,-2.6670634060719998,2.1868589126522746
nort3139,afro1255,-1.3845209605848607,0.073885789874378,0,-1.748778387463,1.77711573587627
nort2845,aust1307,-2.594853768454712,0.12485820490363529,0,0.50888211977425,1.713315610914725
nort2671,ural1272,-3.824589542910938,0.09564602093268869,0,-3.6197029218075,2.4318077926034602
nort2942,atha1245,-3.185628677504164,0.15062825891630666,0,-3.018240350195,2.1807307027431797
nort2847,aust1307,2.38553567999074,0.06829072125844138,0,1.031352422918,1.724995456596245
nort2699,drav1251,-4.7134501993129785,0.07662831973559674,0,-2.6375113038934996,2.425463999269085
nort2961,algi1248,-3.108499888630282,0.0999663077470488,0,-3.0074052362875,2.20296853952545
nort2775,atla1278,1.8963352447422572,0.06298795377796185,0,1.45823805680925,1.808021015443615
yaki1237,saha1239,-1.5211622562600509,0.07247035593208859,0,-2.3433941591150003,2.1846000663713747
nots1237,aust1307,-0.9290048129993049,0.10902749760165131,0,0.58125151221575,1.7433141895775148
nsen1242,atla1278,0.7424020287236142,0.03803229282766246,0,0.33818986467650003,1.69941419185167
nukn1238,nucl1709,1.5725556324615289,0.10144255806586261,0,0.72474426116225,1.9037513768535002
nuku1260,aust1307,0.8809551163910104,0.04578234747674747,0,0.73977815639,1.7083331093314
nung1282,sino1245,0.779007758402227,0.10139353401796973,0,-0.12386915890300002,1.860050211205965
nupe1254,atla1278,2.4239663240499727,0.06925682815215539,0,1.81288107340125,1.8729407144718748
nusu1239,sino1245,1.0948722611506183,0.09552923797877988,0,0.27181880203,1.792028616824515
nyah1249,aust1305,2.132275715889177,0.05778748983449548,0,2.186543827904,1.788658072749925
nyah1250,aust1305,2.169648382037274,0.04878331853576189,0,2.1449502579315,1.78896970261251
nyak1260,atla1278,1.2398621516968689,0.05610035349182537,0,0.543893404545225,1.73195615909542
nyal1250,atla1278,2.4095407491135834,0.09870921075778637,0,1.17543559934025,1.7695353536104101
nyam1285,afro1255,0.6635727488880219,0.06822222725379096,0,-0.6104590750225001,1.7730149642131252
nyan1301,pama1250,-2.6905883277362492,0.16245796082419675,0,-0.4671002562695,1.9838347134888301
nyan1307,atla1278,1.6990996675947287,0.04767640560234591,0,0.9197554026825,1.71176192278934
nyat1246,atla1278,0.7956705912239852,0.04598584428182355,0,0.40253787867,1.69933615404362
nyig1240,nyul1248,-2.363603689357544,0.14361866289525624,0,-0.24361484992181248,2.1312718906669303
nyis1236,sino1245,-0.41659592367267656,0.07330292669670052,0,0.029014157803999997,1.8282586957970701
nyor1246,atla1278,2.2016406999446527,0.059097098751319035,0,0.9348397004535001,1.71902455374996
nzad1234,atla1278,1.836017984850576,0.04049931116618517,0,1.07683298863,1.76815095376177
nzak1246,atla1278,3.2647012197165877,0.10820704805964683,0,1.5379399371905,1.791102021860955
nzak1247,atla1278,1.7058581595385265,0.0582531748177446,0,1.41357364037425,1.7699405700751
obok1239,lake1255,1.289004531044895,0.08113393138778313,0,0.36063672316225004,2.0613840928008553
occi1239,indo1319,-2.762987779834906,0.08650914226456016,0,-2.2113377828387497,1.9809443087101601
ocot1244,otom1299,1.6410630554679695,0.0632804848796962,0,-0.1754169415495,2.061377380502705
oriy1255,indo1319,-4.584268192939653,0.0883074304323393,0,-2.5087127091075,2.0730881711334597
ofay1240,nucl1710,-1.1290507330665642,0.027999589343223073,0,-1.83383005452175,2.054685759275935
kalm1243,mong1349,-4.6545895628657945,0.0979814968169231,0,-2.945538901615,2.458181830277285
okan1243,sali1255,-2.888380893403279,0.11826726415984848,0,-2.05279918777925,2.12639567630018
okin1246,japo1237,-3.0120844010373475,0.05692117803621809,0,-0.8051386114665,2.1008284322996
okoe1238,atla1278,2.522493940702029,0.06443957617124911,0,1.8446402031925,1.8740863330289002
oksa1245,nucl1709,-0.593462769316893,0.08158664307302699,0,0.6018474756951,1.882115179944025
okuu1243,atla1278,3.083281809588464,0.10407134211749544,0,1.65247508086,1.9016199110653051
oloo1241,nucl1708,0.9255693560647387,0.09040074452229625,0,0.54850365412555,1.98775038604782
olut1240,mixe1284,-1.7282412087656362,0.07870273112842588,0,-2.2908263674900002,2.14668339121601
omah1247,siou1252,-0.8680571537030479,0.056454065021952986,0,-2.11321631775175,2.101446361063435
omie1241,koia1260,-1.1388089899331462,0.11434689028870275,0,1.119326058247,1.922834883425065
bira1253,bira1253,0.17991370242688284,0.07860964891814574,1,1.354702450872,2.3277235947815598
onon1246,iroq1247,-2.969506347355238,0.11876876997419818,0,-2.3905953209949997,2.183466541902365
orma1241,afro1255,1.305572740991837,0.06211461657374017,0,0.030036592657,1.759838478875595
oroc1248,tung1282,-3.775422383527725,0.07696558302209548,0,-3.05403281126425,2.5249981779400947
oroh1237,aust1307,1.9379514056043599,0.0589262803983618,0,1.1381199969975,1.737699478312755
orok1265,tung1282,-3.723648351185714,0.08089535150549432,0,-3.058366992486625,2.5350839099100098
orok1269,nucl1709,0.39395568680135545,0.06708020750498496,0,0.6483316633475,1.867905904594495
orok1266,atla1278,1.0052586303852533,0.07552549359645308,0,0.78348732323,1.76150266315978
orok1267,nucl1580,-0.49709165744604533,0.07552910016734019,0,-0.57924890657475,2.04322382870832
orow1242,aust1307,2.0907915886769826,0.08289671315127212,0,0.99142376568175,1.73607182670372
otor1240,heib1242,2.8066614898188567,0.09888406006234382,0,1.024914061034,2.2204869710590103
otta1242,algi1248,-3.0674645279403685,0.09653127311475182,0,-3.0111838488625002,2.1923889513659347
owaa1237,aust1307,-0.2540693556840028,0.10003543792364045,0,1.0501037934689998,1.732433407841185
paaa1242,afro1255,-0.5409681528068264,0.0942881346372399,0,-0.596344418595,1.76840252788315
darl1243,pama1250,-2.8745273178815367,0.1910806445170215,0,-0.4251796535225,1.99980262574711
paam1238,aust1307,2.759328485750144,0.09365454777718281,0,0.9341113986927501,1.7400117887032551
paas1238,atla1278,1.2498962490699768,0.04922943574722381,0,1.5616976458154999,1.78450440124098
paco1243,aust1305,1.8806826605742981,0.05012734994466071,0,2.171536292299,1.8018405979746102
pagi1243,atla1278,2.8933614895405055,0.08574934347471937,0,1.12936070315175,1.76810588018831
pagu1249,nort2923,1.9354601915508824,0.05234946111838277,0,0.997853734915,2.0214166057081497
pahn1237,hmon1336,-0.0190817440439431,0.034032833838652965,0,-0.88532685340225,1.98300741694233
pait1244,sino1245,-0.5360919873937104,0.05410356332945822,0,-0.2614191562725,1.853518671823775
pala1344,aust1307,-0.9314670191683354,0.07713925695993398,0,0.6046629386925,1.76992937620662
pali1279,araw1281,-2.6554522886768828,0.15231250215307143,0,-2.3837264690865,2.112906626302655
balu1257,aust1307,1.7509506854569152,0.055233236247840864,0,0.90745501747175,1.7412018945481
pamb1243,atla1278,0.9884707845483895,0.07375755519140659,0,1.36080236382825,1.76417736171244
pamo1252,aust1307,2.091020269648471,0.07583232112197337,0,1.10376720481025,1.75977534071847
pamp1243,aust1307,-2.039868955248556,0.0775761817710701,0,0.5408433124325001,1.747812671552545
pana1307,nucl1710,-0.9977697787449756,0.02793914094789251,0,-1.5145923029105,2.02279647581814
enap1235,cari1283,-3.144944534929964,0.2053514909667341,0,-1.9537764319309998,2.049657769305335
pang1290,aust1307,-2.1258853092681598,0.08317344620754155,0,0.5572147820505,1.74563445619181
pang1291,aust1307,-0.01670571970169285,0.046972968518178664,0,1.1161003794114999,1.7294775936898898
pang1287,atla1278,-0.2128463876441466,0.1121447248263687,0,0.5931701063575,1.70312424547093
pano1254,pano1259,-2.916736066722569,0.04171616066251372,0,-3.10797560096725,2.1811698640038752
pany1241,pama1250,-2.5960037847095827,0.1509757449881245,0,-0.4071631522825,1.968484838724455
papa1238,toto1251,-2.284161204775404,0.10121180117773775,0,-2.19288664727475,2.14711042768633
papa1265,aust1307,-0.14755307496080666,0.06268443285904217,0,0.5836259872930001,1.7429410463377
papa1268,aust1307,0.30262125514470517,0.06821997947017064,0,0.9033770085245,1.73539824594088
para1311,tupi1275,-0.7544558101839575,0.06116222159056545,0,-2.34769486615225,2.045386281722485
para1302,sino1245,0.33897091175683447,0.08190548786517937,0,0.5238314916775,1.80961959224971
para1316,araw1281,-2.239783327872642,0.12247616597196595,0,-2.0553574135000003,2.0502085474337948
pare1272,araw1281,-1.3367377157480973,0.05479253998523257,0,-2.51633979223105,2.116289455232435
pate1247,aust1307,-0.38640221213463766,0.07775788811785816,0,0.85690525431555,1.7289923512696
patp1243,aust1307,-0.7700795795488372,0.09106603442741043,0,0.626885408513,1.740575898994135
patt1248,sino1245,-4.2914535830624505,0.0969922665214782,0,-0.0881106708625,1.848003598651455
paul1238,aust1307,1.5575600174639819,0.049240206914136976,0,0.68191823041225,1.74294967515478
pawa1255,pawa1255,-1.6439239601947508,0.1010229579811813,1,-0.1052264292425,2.123933142318045
pawn1254,cadd1255,-0.1093053700494888,0.051342518485808175,0,-1.4438751119625,2.1223255437212147
pech1241,chib1249,-0.5924350478547181,0.0385535712943069,0,-1.724232122927,2.00792630680715
peer1241,atla1278,3.000773253815259,0.08791646261470994,0,1.2293997919725,1.771517640674725
pela1242,sino1245,0.25147899455351685,0.05440004495650663,0,-0.16791361734,1.817305653600925
pemo1248,cari1283,-1.3614425707763256,0.052528993878932055,0,-1.961180287111,2.0506165388641397
pend1242,aust1307,2.254554434810105,0.0900156188147953,0,1.109767305889425,1.740295067475175
peng1244,drav1251,-4.505968425328448,0.08440468728068033,0,-2.67652638651525,2.4122515505561752
phom1236,sino1245,-1.5178554077845448,0.09145509433433899,0,-0.5422999997794999,1.89552789231966
phon1246,aust1305,1.9910235165510088,0.05012203451689481,0,2.2189353261875002,1.784730254449105
piap1246,araw1281,-1.994321878900239,0.04101129647658712,0,-2.44421194041,2.07889294422848
pich1237,araw1281,-4.332465756776341,0.1791056661587402,0,-2.4717119670477503,2.110456201570845
pila1245,guai1249,-1.454897143026925,0.05916740915922018,0,-2.471467967513,2.1908136681513053
pima1248,utoa1244,-3.367060757676465,0.1536858204284811,0,-3.0834238032199996,2.1111368810641
pina1252,piaw1238,-1.1290066930317675,0.09529247420549697,0,0.15023398060249998,2.02033650805871
ping1243,aust1307,1.9760517708912633,0.07458875408525244,0,1.0027652041325,1.721235587972785
pipi1250,utoa1244,-2.682989850307669,0.07575085709391734,0,-3.10108024635,2.10386981134916
pite1240,ural1272,-3.750315204957692,0.08402678352716986,0,-3.621050524275,2.430791963328155
plai1258,algi1248,-3.2310494904205385,0.10824628543100567,0,-2.9891077235697496,2.18977251257107
pnar1238,aust1305,-1.9444726416400395,0.1662575663006979,0,1.84923991123875,1.77195718734038
pohn1238,aust1307,1.6582752405182006,0.05047031875845126,0,0.99852911342425,1.7209523434328249
poko1263,nilo1247,1.1185114744844964,0.07237159743550754,0,1.172513989895,1.96802822250802
poli1260,indo1319,-2.5584892586701677,0.07428668791073374,0,-2.441570991475,2.008658390878055
popt1235,maya1287,1.4340366533400055,0.21559330473162885,0,-0.69009213743325,2.0549685384425302
port1285,aust1307,2.6857319598751976,0.07548908779460246,0,1.06436781148,1.7424126146500951
port1283,indo1319,-1.6962990372774729,0.07061224982007404,0,-2.215364531495,1.98433921642606
phai1238,aust1305,2.009096783751,0.035644994883337354,0,2.2197996597995,1.7884906616171499
psik1239,afro1255,-0.044003723336811754,0.10153607290171979,0,-0.794224819612625,1.7795382428070852
puin1248,puin1248,-3.6750548218545243,0.22524631536213854,1,-2.3388399497365002,2.19033169677666
puka1242,aust1307,0.6547719778047696,0.046570731278875135,0,0.8567243654325,1.69072700960453
pula1263,atla1278,0.24446995194932236,0.06264198023002662,0,0.83507825094575,1.802860948147285
pulu1242,aust1307,0.29592985996493426,0.04423664168676105,0,0.879708459335,1.710061698989485
puma1239,sino1245,-3.65291661113873,0.12040470773954806,0,-0.202823992387,1.8965889231387498
pume1238,pume1238,-1.6250482733655505,0.04456786864541104,1,-2.4730404809450004,2.20521174349582
pura1257,pura1257,-1.8468664785456368,0.12825492116168963,1,-0.0183534038325,2.110890255433225
pure1242,tara1323,-2.130309374349563,0.11454834641158813,0,-2.1485932509029997,2.2030894148744
puri1258,sino1245,-4.229852794453956,0.09500967322222056,0,0.28071263207925,1.8185024253553599
qanj1241,maya1287,-0.3970839791553624,0.036343026992507806,0,-0.67072205838475,2.0570311763961353
qawa1238,kawe1237,0.33762034938316654,0.10277558324999464,0,-1.43756014121025,2.154142681607405
qima1242,afro1255,0.6237979115660025,0.07182437628979751,0,-0.39870964219675,1.7427513992211798
quer1236,otom1299,-1.1602027962708372,0.16520928720568095,0,-0.7687281598362501,2.01071543803979
quio1240,otom1299,1.2518136517398741,0.055150190640540636,0,-1.0355579515225002,2.02443156291922
rabh1238,sino1245,-1.5043730997054579,0.05257371567027539,0,-0.519279543923,1.88787899484382
rade1240,aust1307,1.6671848429569769,0.07439840459382357,0,0.817612487998,1.72374507441357
raji1240,sino1245,-4.357305741384702,0.11451445698480432,0,-0.1914753065375,1.862669585580155
rama1270,chib1249,-0.2605289847503418,0.023974150501022317,0,-1.3568768644775,1.959122292767535
rapo1238,nort2933,-0.2490611982703079,0.06754729404425593,0,0.418883602427625,2.000647651699785
rata1244,aust1307,2.12591652354798,0.07893436038267901,0,0.80891979379325,1.75553590907418
remb1250,aust1307,0.8620796091353261,0.04878424295473352,0,0.81129951300125,1.7461632685923
reng1252,aust1305,1.8031715523831036,0.046812915136533156,0,2.096413983505,1.78700267678922
renn1242,aust1307,1.0501427820037965,0.06773577039941663,0,0.7693659973135,1.703763192491715
reye1240,pano1259,-2.619530184656682,0.0421296488035761,0,-3.0466277253525,2.19277018761071
rian1263,kolo1268,-0.16830674507501195,0.045073847276580134,0,-0.456001666338,2.0699282838124553
rikb1245,nucl1710,-1.111259982942173,0.02618978779227186,0,-1.9285192240475,2.067188287860575
beka1241,aust1307,2.230478497123658,0.07356228123613001,0,0.943639496615,1.741209404832045
roma1326,indo1319,-3.2600647519761345,0.10011830158999517,0,-2.2215151577389003,1.9807475835292099
romb1245,aust1307,-1.595732150323017,0.04890546400761653,0,0.40557066789624996,1.753444682056955
ronn1241,afro1255,1.3402482499938735,0.0660695761233714,0,-0.7866906071825,1.789440528710615
rong1266,sino1245,-1.360323584645666,0.08918160552957485,0,0.22666158489299998,1.84102458187804
rong1264,sino1245,-4.384683193911583,0.11399223328916554,0,-0.088297091568,1.86734049202426
roto1249,nort2933,-0.4662234261942724,0.07251897182977708,0,0.09953722983499999,2.0177312588353953
rotu1241,aust1307,2.662790963927481,0.09423119645042974,0,0.92444230153225,1.72620525143142
rovi1238,aust1307,1.9283038664641459,0.0717754480755397,0,0.9410495139802499,1.730908554853765
ruch1235,aust1305,1.364650545654626,0.05063193367303063,0,2.0490810365595,1.776241213631625
ruka1240,aust1307,-1.1832350518292516,0.06925579563563862,0,0.5034627879617499,1.828255475652585
ruma1248,aust1305,1.2597667169559001,0.038929035907499805,0,2.04611332833575,1.77821929499199
rumu1243,tura1263,0.42946343557819877,0.0742964478610414,0,0.6674762882086,2.03530378967706
rung1258,maba1274,2.3674959341937125,0.07918498464502828,0,1.360785397499,2.14596708624064
russ1264,mong1349,-3.674415075574319,0.07928587632062709,0,-2.9424315572175,2.4521518470431953
russ1263,indo1319,-4.541827446327588,0.08679280796326788,0,-2.42024356098,2.003473426871815
rutu1240,nakh1245,-4.627995549472911,0.10657314609439278,0,-2.97130301537775,2.3044711876473354
saaa1241,aust1307,1.10136636033843,0.059084531458163725,0,1.08022537944325,1.7311057481399348
saaa1240,aust1307,1.977046356144967,0.06125245429991558,0,1.10644100505925,1.73189005372161
saam1283,atla1278,2.3650764203914,0.06270919426831548,0,0.8590709956305,1.7272395810601449
saar1237,aust1307,0.3863025593476941,0.07508738498228246,0,0.47613979555700003,1.828761985808805
saba1268,namb1299,-0.304414488142554,0.03986282674469496,0,-1.1336102810097501,2.06391517685714
saga1262,atla1278,1.573589357598108,0.04514189155516181,0,0.8217909597745,1.725429096728605
sais1237,aust1307,-0.9352656473553952,0.04051303788374451,0,0.42425447294759,1.8352689357542649
yaku1245,turk1311,-3.7678317395332597,0.07440235870894513,0,-3.2267473283925003,2.421222945970845
tsis1238,atla1278,2.2877876036274367,0.05258408949141564,0,1.84579004817875,1.882002933594215
samb1311,atla1278,2.943989703444015,0.08761853434235865,0,1.59125293026575,1.889065351878095
samb1305,atla1278,2.702972329980847,0.08537173860015446,0,1.087870019084,1.76751994590073
samo1305,aust1307,0.6882751829595392,0.053826813417978944,0,0.7480278474975,1.696579916401755
wara1292,atla1278,0.4726544493029734,0.07070894430908876,0,1.76612436039925,1.801617961213505
sana1295,afro1255,-2.227424572319805,0.0621886950574065,0,-1.720727919794,1.7686166772097098
sanb1242,chib1249,-1.2610485114048733,0.037108334795194826,0,-1.4442485594625,1.95213081764386
sand1273,sand1273,0.1421876319132528,0.051569452094707584,1,-1.2183616119975,2.2394093055552897
sand1278,huav1256,-1.3417052018435212,0.07389065204795607,0,-2.1061233544997497,2.16526667560694
sang1331,atla1278,0.43421338273903953,0.034233434404221705,0,1.056230184338,1.76209427324708
sang1321,sino1245,-1.190367085624614,0.09279041857557989,0,0.4184556782675,1.820659849338005
sang1330,atla1278,1.2366732136981993,0.04569626296209826,0,0.54274170698375,1.7157659510689598
sani1269,sino1245,0.8056670025723178,0.06493504758286592,0,0.11427711644899999,1.786874205947675
sanm1301,otom1299,1.1291680874789027,0.04903201194906178,0,-0.27818529396775,2.042471998123765
sanm1289,quec1387,-4.099725206590726,0.1816557603013569,0,-2.6700780325,2.1861943589622648
sanm1295,otom1299,1.5105809125156193,0.05386767276398687,0,-0.82164113913425,2.04945670511014
sant1410,aust1305,-2.9070192164187323,0.13213356807781568,0,1.2042224464259998,1.867765314194805
sant1451,otom1299,1.64212257120797,0.07378330090611497,0,-0.17713194507000002,2.0626840862131797
sant1436,otom1299,1.3048827151415503,0.05621957432618432,0,-1.07204188713275,2.05430548365965
sanu1240,yano1268,-2.026202528374606,0.03647557054416221,0,-2.4951185893695,2.144557258279045
sapo1253,aust1307,0.0930752800732168,0.052181813393459696,0,0.903027139766,1.74171702108264
sapu1248,aust1305,2.0210528651522255,0.054715300540824616,0,2.184131743801,1.78127529682819
sara1321,cent2225,2.587428238155959,0.0702466861439373,0,1.71949767825,1.869453949470015
sara1327,aust1307,-0.870852116522946,0.07326947664227432,0,0.643162724003,1.723631003726275
sars1236,atha1245,-3.432595508312742,0.1266367141387076,0,-3.02985621600775,2.173132038477355
sasa1249,aust1307,-0.7295298544593609,0.07503630909574516,0,0.639560246914,1.7434765524238949
sata1237,aust1307,0.8276762701500815,0.04292923556780679,0,0.93162350331,1.715267795649255
saur1249,drav1251,-3.845049694513661,0.08551669280473831,0,-2.6341811634705,2.44998905731517
savo1255,savo1255,-0.46881001141991496,0.06500784822679077,1,-0.6462061944599999,2.12097315566018
saya1246,afro1255,0.22434678956541848,0.07760545828651058,0,-0.34588033755299996,1.7977571136627648
seda1262,aust1305,1.744767052219723,0.046985027325583545,0,2.09841092613275,1.79502838431631
seim1238,aust1307,0.6951324241911279,0.057903498480312114,0,0.621568538788,1.751708367455545
seke1241,aust1307,1.111887177761343,0.06298624917882083,0,1.0800006355785001,1.740654990317275
sekp1241,atla1278,2.658154433711616,0.07270475999418026,0,1.4947910707628749,1.835423095147305
sela1259,aust1307,1.260698345388084,0.04658188075344097,0,0.913228863761525,1.7362059854358751
sela1260,aust1307,0.2651468949157514,0.05714307124753183,0,0.508092501302,1.73727908891246
sele1249,atla1278,2.654393240249381,0.07604136372447738,0,1.4951135168507501,1.83782937693964
selk1253,ural1272,-4.027438490704329,0.07126289083327657,0,-3.5170517142725,2.45257623626402
sema1265,aust1305,2.399271234923808,0.06889902970390549,0,2.0836500388,1.8072183544053
seme1247,aust1305,2.345019628840102,0.07710429226757402,0,2.0854643485675,1.813095554156855
sene1264,iroq1247,-2.9773243791687327,0.1124472011361432,0,-2.3836130143875,2.1822278368863
seng1281,aust1307,1.171526284563827,0.025265814189284717,0,0.7409127206442501,1.7362463292789
nucl1632,sent1261,0.15406889812403268,0.049895813814127284,0,-0.46169674116424997,2.0904804193463598
sout1528,indo1319,-4.026498957582618,0.13101254647326296,0,-2.4003332203275,2.015332448110355
seri1257,seri1257,-0.014628999876215399,0.06238008303554311,1,-1.4455040450175,2.1258288636514653
seve1240,algi1248,-3.1330398113757614,0.1051239146233398,0,-3.0036579040175,2.19612800032279
sgaw1245,sino1245,0.8916960963526436,0.06667390486962027,0,0.04230370196765,1.83715192399294
shab1252,shab1252,-0.15546587432981446,0.06855630274467227,1,-0.91327727979125,2.302472651872025
sham1280,atla1278,1.1549894551724944,0.029572859018992897,0,0.50649520007425,1.702154951600625
shan1283,pano1259,-4.614272784689648,0.20808947911956774,0,-3.131288857095,2.16960096390258
shaw1249,algi1248,-2.9002629671264226,0.10161166870463419,0,-2.9911420102532498,2.202118167853845
shee1238,hmon1336,-3.0577074585657,0.09120287383003797,0,-0.78579015785325,1.9739216590722202
shek1245,dizo1235,1.8216714499163635,0.09619867455300093,0,1.00295905853875,2.23275709618753
sher1257,sino1245,-1.0094303941950398,0.06701243923339342,0,-0.3508794765285,1.881889997704235
biao1253,taik1256,-1.9041431991358082,0.12654177413785278,0,0.70093341041725,1.9178352920465551
shil1265,nilo1247,2.914928034692192,0.09413961364190666,0,0.98801457191,1.93101304077461
ship1254,pano1259,-4.52474928396616,0.19414375593427158,0,-3.09502945267,2.1685020029452
shix1238,sino1245,0.0040191876388216505,0.04389730715013359,0,-0.1655805042975,1.8461107112059598
shol1240,drav1251,-4.277027220437134,0.07410080074347895,0,-2.70749327616225,2.41826329520011
shon1251,atla1278,0.7495756006657716,0.039593584591446844,0,0.45866946214145,1.71113029360989
shor1247,turk1311,-3.742020913250579,0.0868249215858034,0,-3.224982110105,2.422579414123615
shos1248,utoa1244,-3.8252444613183894,0.1371688058579372,0,-3.0760719283925,2.1403124645379448
shua1257,jiva1245,-1.4349505178602149,0.07756596935744672,0,-2.05296703280175,2.0964350005081247
shwe1236,aust1305,1.2479685077790812,0.03965233457388753,0,2.04760880038,1.774587183460235
siam1242,siam1242,-0.4346248138996329,0.043891877644762156,1,-0.462780547877625,2.202682783095965
siaw1243,amto1249,-1.2632312774956838,0.11125117211963677,0,-0.20848161493465,2.09086570263347
sich1238,sino1245,0.3879694910176502,0.06582693947065449,0,0.28462883941024997,1.766906245603305
sici1248,indo1319,-3.1882424566338843,0.10732429116278093,0,-2.2054817232865,1.98470377443717
sici1249,atla1278,0.06341220924835,0.06674048849705415,0,0.63363551032875,1.777590733881595
sida1246,afro1255,-1.564910949364531,0.10073461808759547,0,-0.395038405415,1.74262237460142
siee1239,aust1307,2.1497827090562756,0.049373574514736465,0,0.726638645885,1.7393428842662901
sier1250,otom1299,1.44607714144069,0.047481434077517884,0,-0.15185586127825002,2.059798936481045
sier1248,utoa1244,-2.2335898312320195,0.11188205067835728,0,-3.112733047895,2.0969764193318
sika1261,aust1307,2.01965235493762,0.06761668254907924,0,0.7758688361499999,1.70940309442179
siks1238,algi1248,-3.34081864755293,0.11285301102842386,0,-2.9744811335965,2.198714272562635
siku1242,aust1307,1.979376768232031,0.062179135028185034,0,1.005853225931675,1.736487494527355
sina1266,aust1307,-0.2376021829141787,0.04936252092252682,0,0.5199695662323001,1.737969395737615
sini1242,mand1469,0.5468197443154919,0.04155909937921664,0,-0.498341817595925,1.83459944838126
sioo1240,aust1307,1.9077733779661763,0.05773175530583019,0,0.972542879206,1.73583123791159
sion1247,tuca1253,-4.075829661866467,0.18385532290008136,0,-2.6069024257790003,2.18699507106219
siri1274,tuca1253,-2.568532033384072,0.03292176375197235,0,-2.631793539508,2.1822007460594346
siri1273,tupi1275,-2.143731022042797,0.03492130018695882,0,-2.4992460122547504,2.065648391505535
sile1255,nucl1709,1.0648815892154442,0.0538086625240263,0,0.14953162809115,1.896998518639285
situ1238,sino1245,-0.6346181439159359,0.05175886911266463,0,-0.40784973904425004,1.87793685960707
siwi1239,afro1255,-0.5773177632998701,0.04964020217305076,0,-0.170772415405,1.80455531851785
siwu1238,atla1278,2.7214712534329917,0.08073657138160184,0,1.4973303386949999,1.840977125179165
siyi1240,sino1245,-0.5760237246988694,0.04571575095785661,0,-0.17178766934575002,1.842167192568315
skol1241,ural1272,-3.9507607359977923,0.0808707969670168,0,-3.61726075958775,2.438172070191715
slov1268,indo1319,-3.7796265590647353,0.11116328912719675,0,-2.4102199113725,2.01180836504711
sooo1254,aust1305,2.311498672800079,0.045422803785425125,0,2.1868674970099997,1.8038582205646652
sobe1238,aust1307,1.550449516098846,0.044076194448839416,0,0.92983492844,1.748166965509025
soch1239,otom1299,1.2289393506386832,0.0693478005906484,0,-0.798112482057,2.028333576645455
soga1242,atla1278,2.332431706995318,0.0662503938743928,0,0.89204828407225,1.72429020082027
soli1239,atla1278,0.5526950909407501,0.0354179563716935,0,0.28965328615025,1.71330001827221
soma1255,afro1255,0.7270396615895475,0.07013342130658798,0,0.022051648967750002,1.749981411585265
soni1259,mand1469,-0.48347343290802375,0.06008396975162439,0,-0.493093768195,1.836230704955915
sons1242,aust1307,1.3249835394534122,0.06527593724704697,0,0.9205298070250001,1.710121646153885
sooo1256,kuli1252,2.5083765290683537,0.09459178803580096,0,1.10837227269225,2.2747503412291152
sora1254,aust1305,-3.539311728416587,0.12871873695783645,0,1.175966694565,1.861741756031565
mani1235,east1459,1.5907616334396875,0.07149944558193397,0,0.295093389145,2.046324669564105
koon1244,atla1278,2.357338666493835,0.06902020736397431,0,1.06495033922355,1.754534566858125
sout2859,aust1307,2.7481749851486583,0.07905401870509167,0,0.85682145649425,1.748786519449
sout1549,drav1251,-4.702819190958915,0.07673966410007058,0,-2.63477306146625,2.42968827209918
sout2976,utoa1244,-1.7160659048404645,0.06224729380220454,0,-3.1010978652825,2.1145620197143353
sout2856,aust1307,2.382362451626344,0.055716280139538214,0,0.9373433147845001,1.73763447783067
sout2954,japo1237,-3.1445113269093623,0.06710351020630373,0,-0.81325387487525,2.1008081363262
sout2996,ayma1253,-4.0304678602722905,0.1999561637234611,0,-2.4425637102125,2.1848912615610754
sout2730,sino1245,-0.3427169535183241,0.10821657644420275,0,0.307416082218,1.82477551863957
raro1241,aust1307,-0.8000572340248338,0.04356759653532877,0,0.4536242238175,1.71569623991155
sout2826,krua1234,0.9374360737856535,0.06621636896265698,0,1.5948234559385,1.8523886380873802
sout3236,gumu1250,1.837591081664575,0.09350937394638581,0,1.3905439131147501,2.2024271689367296
sout2956,haid1248,-0.6325188119632468,0.0800626152664428,0,-2.65045109142,2.1849416088991402
kach1280,sino1245,0.7007964771831879,0.08211608481330543,0,-0.3963330269275,1.86246503740862
sout2994,namb1299,-0.3507829665539875,0.03714382974539641,0,-1.156228927726975,2.07957483317757
sout2649,indo1319,-4.616843801583905,0.08818550833977563,0,-2.54280856287,2.05525913392365
sout2729,sino1245,0.29986559098434273,0.07679659709681225,0,-0.44067955337625,1.865982124866905
sout2728,sino1245,-2.0135805451668825,0.12063050869800054,0,-0.32314478380875,1.857223486131995
sout2985,miwo1274,-3.148166193454816,0.14645997162663507,0,-2.1975509656485,2.19513680863397
sout2807,atla1278,0.12314267088547495,0.04922258159955235,0,0.31987677348,1.69452733881751
khan1277,sino1245,-1.305466628303709,0.08780227738236979,0,0.3327694489255,1.84852596675781
sout2797,atla1278,0.31202226077669015,0.06381301596153983,0,1.3737354114152498,1.77909102566905
sout2679,ural1272,-4.22821855997179,0.09714942214653298,0,-3.6183699003000003,2.437404671850265
sout2782,atla1278,2.730169705632033,0.0933600180292021,0,1.55388426886,1.8656588759484949
sout2895,aust1307,1.7704341328586966,0.05728659204972179,0,0.9092965715970001,1.7304832322516348
sout2674,ural1272,-3.589952452609722,0.08542636753199714,0,-3.6201476736425,2.42949095852613
sout2959,atha1245,-3.1853549098044676,0.13911128829249805,0,-3.0218377424,2.1774959667299303
para1301,aust1305,1.272120290164958,0.042923902935189745,0,2.0151219652525,1.7760446959384
sout3261,nakh1245,-4.643484790989478,0.10104688456927866,0,-2.9448032579985,2.320387813512975
sout2869,aust1307,2.413552877682444,0.06898519878192955,0,1.02330604019575,1.74060700803517
stan1318,afro1255,-2.392338693792289,0.04080001222712851,0,-1.7406632946675,1.7693343577213998
indo1316,aust1307,-0.7977970811279651,0.0734409909665714,0,0.993793671498825,1.700548972599555
stan1306,aust1307,2.0306098289093395,0.08821432859686348,0,1.0155318212200002,1.7020518119017498
horp1239,sino1245,-0.7170752055784124,0.04307086215426545,0,-0.39971662790789997,1.870466723403025
suba1238,atla1278,1.8505905696089195,0.04489888698575458,0,0.88284022810675,1.7211551534931648
sude1239,aust1307,0.6393778993519955,0.016594271403773186,0,0.7388722939147501,1.721902820763875
suku1259,atla1278,1.5047134363811892,0.03833002229557872,0,0.8488890677165,1.748471667992175
sumi1235,sino1245,-1.167132281135656,0.07897797478861673,0,0.644643190614,1.825826727138155
sund1252,aust1307,-0.4685832667182631,0.07154493866080652,0,0.6539634208755001,1.74382099466615
mari1426,aust1307,2.5913293148944803,0.07423177976695798,0,0.8694733431574999,1.728512749377475
sunw1242,sino1245,-3.845755971193017,0.11111458799790391,0,-0.25053725539275,1.893097386089425
supy1237,atla1278,0.029247678032365852,0.06866602635037976,0,0.6305760664725,1.77908863177155
surg1248,ural1272,-4.137593328855665,0.07636276334133285,0,-3.582468052325,2.451490417156455
surs1246,aust1307,-0.4455217020523048,0.07742482287059482,0,1.030509559705,1.736645923807075
swah1253,atla1278,1.5772670374533573,0.05980899979737386,0,0.53127648977625,1.70093016742441
swed1254,indo1319,-3.9199778125107936,0.0923910410135094,0,-2.2024617479249997,2.0082945284612
taba1263,nort2923,1.9390034402017777,0.06207001542671315,0,1.0083511114683,2.023150070702565
tabo1241,tabo1241,-1.7472827672318398,0.10231431709280099,1,-0.17515705730772502,2.0945242609244596
tafi1243,atla1278,2.721733713426649,0.09004534667412574,0,1.47672440411,1.835509092603545
taga1272,aust1307,0.19111233408039405,0.045726424281239374,0,0.5389873538165,1.729452234972245
tagi1241,sino1245,-2.22239464453148,0.11955998763006401,0,-0.01459755499175,1.838683335467085
tago1246,rash1249,2.516673197303912,0.08602126207612477,0,1.1286433923925001,2.26980938735628
tagw1240,atla1278,0.9593487004383594,0.06349960946120434,0,0.6441396769782499,1.777924209782445
taha1241,afro1255,1.18961115908783,0.0724158247096928,0,0.0637907547625,1.8107405228060651
tahi1242,aust1307,-1.3546460083976528,0.05745844175018996,0,0.45055789101775,1.72054108227363
taia1239,taia1239,-0.4537767472580971,0.09637723356489074,1,0.7341286001039999,2.0190966495178797
taji1246,aust1307,2.270989788472848,0.0928235863418794,0,1.1129941289090501,1.7426183101161201
taku1257,aust1307,1.9153800242608046,0.09202755845748811,0,0.79525207075025,1.701144509747645
tali1259,aust1307,1.8736910376508518,0.05035285518497871,0,1.09656077493575,1.736850450028605
tama1331,tama1329,0.0005248378469545633,0.05043718679715722,0,-1.012713602368175,2.173939231670875
malo1243,aust1307,2.3256507385974885,0.057707295022146485,0,0.7390403753145001,1.741529721547575
tama1365,afro1255,0.791650501639505,0.053689112827104514,0,0.06826406825195,1.799005690525365
tami1290,aust1307,1.7082238651985309,0.056641812582454265,0,0.97531096149425,1.7366029557127751
tami1289,drav1251,-4.07101126028136,0.07258768940194515,0,-2.7068579374775004,2.40438565132666
tane1237,aust1307,2.11590115769361,0.05473284814023776,0,0.94263260801025,1.7408568906666249
tang1377,sino1245,-0.3743554193736255,0.056113169275582686,0,0.041706173736250005,1.83598531557875
tang1348,aust1307,1.338693001033525,0.07844409840614178,0,0.90807586224725,1.737396235958375
tang1373,sino1245,-2.3330361677215903,0.10997412380733373,0,-0.40696985546525,1.89488286942917
tani1257,tuca1253,-4.218901304854735,0.2141717522588887,0,-2.6220975839975003,2.1838048377755648
lowe1412,aust1307,-1.6801744762401047,0.06461641606753016,0,0.6206091268589999,1.74250279029574
tara1313,sino1245,0.32660918574965137,0.0966549434970544,0,0.1643585856375,1.821427092661805
tari1256,araw1281,-3.949542701023912,0.2007983864613107,0,-2.4202176776002498,2.084238262634285
tari1263,afro1255,1.6465425463763712,0.06943939544769581,0,0.036722680736000005,1.823055902668455
tata1258,otom1299,1.6559411475572485,0.0458344018745459,0,-0.18476272919547498,2.05977998035791
tata1257,aust1307,2.0243154342339484,0.0699815270260523,0,0.871937225401,1.73558497222149
tata1255,turk1311,-4.410446782875658,0.09325446007780347,0,-3.2244330539925,2.4217346435424902
taul1251,taul1250,0.805912816326957,0.06809956258408686,0,0.6103346656925,2.0479405743145547
tawa1286,afro1255,1.277047117254083,0.053796096525858345,0,0.061342833154750004,1.80191045602426
diga1241,sino1245,-0.41464147017167435,0.05834153380184119,0,-0.27218286269225,1.86850977643894
taya1257,afro1255,-0.7221594881382463,0.09298508243545854,0,0.0037721844167499996,1.787934305321875
tbol1240,aust1307,0.5307638363625933,0.05683310071119083,0,0.4685687369885,1.7452171393818001
tean1237,aust1307,2.092011424481445,0.042959974669094216,0,0.941666936516,1.753841213922855
teda1241,saha1256,1.4572899140410078,0.03292101741764866,0,1.8994557239022498,2.1255594108751303
tedi1235,sino1245,-0.7619129507496212,0.052939551509666546,0,-0.256024325053,1.85987022232136
tega1236,rash1249,2.526109124052261,0.08667169167374977,0,1.140466098799,2.27136952550348
tekt1235,maya1287,-0.6916701456792302,0.03874179239668132,0,-1.4812188279425,2.0691662118431253
telu1262,drav1251,-4.555489731795003,0.08196869960238952,0,-2.6855315419885,2.416635720031265
temi1246,aust1305,2.306871662706647,0.07195400117706653,0,2.08577966141,1.803548519676955
temp1235,aust1307,-0.5937764079512501,0.12955079970531536,0,0.57604917615,1.7389190175465399
tene1248,dogo1299,0.8763859580862177,0.053804557068679114,0,-0.018608889220325,2.06516681251939
tenn1246,surm1244,2.861217999752849,0.08880360990862333,0,1.7627925178794999,2.090913669564765
teop1238,aust1307,1.7138968266184453,0.07932183991667965,0,0.84804947844,1.742457522950925
tera1251,afro1255,1.6097881064879727,0.07731051835604706,0,-0.35807078914975,1.7971787385273101
teri1250,chib1249,-0.24835000971600585,0.030639383792075908,0,-1.5650102251425,1.958569414729455
term1237,aust1307,1.39102256692634,0.05414659769262562,0,1.0326076070211,1.74778049317821
tern1247,nort2923,1.976921902147668,0.050341012924257404,0,0.9674616718725,2.025770333740355
tete1251,utoa1244,-0.5759552551521103,0.10522701700138327,0,-3.0730135887725,2.0835303996197903
teun1241,aust1307,1.4614521350093632,0.058327325089391306,0,1.09507371064215,1.74352001253113
tezo1238,otom1299,1.3413182547351412,0.06332175440411549,0,-0.82571001416275,2.03996313854597
thad1238,sino1245,-0.43485031809867686,0.053117543479350306,0,-0.26041217540774997,1.8503196161727349
thak1245,sino1245,-4.179038304024715,0.1135434264619834,0,-0.029329664754500002,1.860722463942805
than1259,sino1245,-3.8444097945709017,0.10403625443551344,0,-0.16991507768625,1.8926172467957998
thao1240,aust1307,-1.1551124153889685,0.05516712760734176,0,0.56995784592,1.83035021339714
aheu1239,aust1305,2.3112695879163985,0.06808123017732767,0,2.1033447341075,1.7977952397714851
thul1246,sino1245,-3.3106784625657966,0.09365364437664347,0,-0.2439630457791,1.894646156170085
tibe1274,atla1278,1.6752171448482396,0.04840269614509435,0,0.9715058769955001,1.77525689311388
tibe1272,sino1245,-0.7351565846253012,0.07608502461864647,0,0.44461324211825,1.788904050457285
tief1242,atla1278,0.45294648102774715,0.053430878930398364,0,1.9420216343024999,1.811929745396935
tief1244,atla1278,0.45883082638725325,0.052390794282937275,0,1.9448118563724,1.807454292492665
tien1242,atla1278,2.616017115939827,0.06092348245081708,0,1.07611572850475,1.7619494591801899
tiga1245,aust1307,1.198165603438739,0.056128832968486704,0,0.93934165524,1.7291431052349249
tigo1236,atla1278,1.7505535782275976,0.05713093430763618,0,1.820659422335835,1.881233390910755
tika1246,atla1278,3.129498297940663,0.1126300609594721,0,1.57384889269825,1.8821832705999348
tiko1237,aust1307,2.492678078645387,0.08034039744879172,0,0.79887806474,1.705151880294355
tilu1238,sino1245,-2.2880177609098373,0.06929730265204304,0,-0.24942927227197498,1.896355211572335
tima1241,katl1246,2.613811039150148,0.08847322677802733,0,0.6731305233685,2.210692047982395
timn1235,atla1278,1.830347003424897,0.0742997655022797,0,1.16701268614,1.817974403463815
timu1262,aust1307,1.9892106834096706,0.05877492889817707,0,0.84453117359225,1.7342640590428249
tina1248,aust1307,-2.032079088408496,0.07885778440101583,0,0.52210233204,1.74812499275704
tira1254,heib1242,2.7854210599738876,0.09295277568895884,0,1.04764723073975,2.204812666010425
maee1241,aust1307,2.3689180249002075,0.058637770285768935,0,0.8127721533735,1.73563893489712
tiri1258,aust1307,0.4617650692922106,0.054666381104353755,0,1.066239135934,1.73835841521136
tita1241,aust1307,1.3728576334880533,0.059164288144249386,0,0.67667791066758,1.735323106112675
tivv1240,atla1278,1.5039441044022923,0.060429140689371365,0,1.5226113109025001,1.9062364197044448
toab1237,aust1307,0.4988821848562257,0.06722716612622494,0,1.1606386802575002,1.740140621048135
toar1246,nucl1580,-0.3208998398687135,0.07511414687554771,0,-0.614174807585,2.05430105732956
toba1268,leng1261,-3.182316172962678,0.21537489065042853,0,-2.3419473205225003,2.187016895497715
tobe1252,nort2923,1.9173231844593774,0.05612287434423372,0,1.0088139174355,2.01435260217682
toda1252,drav1251,-4.239969192074382,0.07598673851664918,0,-2.70463273631175,2.39618795827277
toho1245,utoa1244,-2.929525620341412,0.13237689711245693,0,-3.0816717401375,2.1113632205860453
tojo1241,maya1287,-0.2717294447128833,0.0413342421423014,0,-0.68065824727,2.0713710612495753
toke1240,aust1307,-0.9395685256797734,0.085652743297172,0,0.7577220157594999,1.696323037178305
tolo1255,aust1307,2.473562240405461,0.07601629841464241,0,0.966097509391075,1.73634859004226
toma1245,mand1469,1.0970328303756114,0.06514761783746141,0,-0.18453787510295,1.83042205664767
tomb1244,aust1307,1.2784538117576276,0.06027932386701611,0,0.829417303119,1.73093083919008
tomm1242,dogo1299,1.1602731278998508,0.06430701004681763,0,0.17720106595375001,2.101016615090045
tond1249,song1307,1.5879022907513387,0.038793793212009035,0,1.19978887832,2.0764761845611
tong1325,aust1307,0.4486079105281269,0.057119277503723795,0,0.89480728337,1.708539267540985
tong1318,atla1278,0.16947564346047195,0.04861065511700095,0,0.19341990740635,1.7061892249688149
toor1238,atla1278,2.0060568959181246,0.05394716848625523,0,0.929728188365,1.716330046875525
tote1238,atla1278,0.7093194814891584,0.034466845481752426,0,0.38007243469950003,1.72033630038182
toto1302,sino1245,-2.991499281205001,0.11045368043443704,0,-0.29889791786450004,1.87888374456257
touo1238,touo1238,-0.5358745439977649,0.06050988336478721,1,-0.64922165694775,2.110584866160225
trin1274,araw1281,-3.847066568270496,0.1968688518609407,0,-2.46293571050475,2.1196489798817204
trio1238,cari1283,-2.6413571129083517,0.17770193573082124,0,-1.904830661875,2.0430073034293947
trum1247,trum1247,-1.1282541000186366,0.05803683651067328,1,-2.60744953797675,2.201052006951015
colo1256,barb1265,-3.5906328323614702,0.15918571844272017,0,-2.48772980316175,2.2233209694034004
tsam1247,afro1255,1.225889871869878,0.09433505475519521,0,-0.03364881283375,1.75021094376115
tsat1238,aust1307,0.4296636058824663,0.0476847059314283,0,0.7482535257295,1.7211698680449299
dido1241,nakh1245,-4.6205287496395835,0.10460835668160645,0,-2.96226140155875,2.290247324205965
tsha1245,sino1245,-2.623554445787393,0.12871808914093283,0,0.13027176612025,1.840149943685915
tsix1234,khoe1240,-0.5334922281796424,0.05735868916469362,0,-0.0580649532875,2.04162613405656
tsog1243,atla1278,2.925783291346933,0.07837963607660427,0,1.0284883274049998,1.79810733407288
tson1249,atla1278,0.7612558898308396,0.03230961045014146,0,0.21436241879950002,1.6970156192009
tswa1255,atla1278,0.5054718187917218,0.0275063843021485,0,0.1935214174195,1.706873569405595
tswa1253,atla1278,1.9086768818449507,0.07699098185017843,0,0.33107243761075,1.709715630894055
tuca1252,tuca1253,-2.5227055611217124,0.03747700836265602,0,-2.61808653428315,2.18105101646898
tuge1241,nilo1247,0.8977423836094387,0.07832539434024541,0,1.19470797775475,1.97662798164473
tugu1245,aust1307,1.69392546380387,0.0603480076877368,0,1.0809845855632498,1.74542737444938
tuka1248,aust1307,1.5707334166979874,0.0573840806763697,0,1.03625811348575,1.73746184988725
tuki1240,atla1278,1.59287888384292,0.0478255097305543,0,1.17806761095075,1.78612618959144
tula1252,atla1278,2.707318384767304,0.07417016123119113,0,1.68454495373275,1.8020750360717348
tulu1258,drav1251,-4.327223131447217,0.07090279018137818,0,-2.695503633446,2.422283219615685
tumu1242,atla1278,-0.1764685537695147,0.11364685515661743,0,1.6007680937447502,1.79617890769651
nene1249,ural1272,-4.101119218516627,0.07748471254291545,0,-3.522090944089225,2.4525953742914197
tung1290,aust1307,1.3785444904521342,0.06550582265762937,0,0.9315721994367501,1.737816425187435
tunn1238,afro1255,1.1845827532344417,0.07602723462210811,0,0.017342544862,1.7526557151514899
turk1308,nilo1247,2.350746753049423,0.09033685560791214,0,1.0981511315275,1.99131949840955
turk1303,turk1311,-4.421058669638391,0.13973695933334476,0,-3.2205550431825,2.4119713557369398
nucl1301,turk1311,-3.7394549577097767,0.11855235785750529,0,-3.2330582772125,2.423728390729565
turk1304,turk1311,-4.452691131967706,0.12231265659060817,0,-3.23172045640575,2.419649656920985
tusc1257,iroq1247,-3.0501754790862163,0.11121139931953954,0,-2.3963252638525,2.1914464634938797
tutu1241,aust1307,2.491117396974917,0.06281747430557962,0,0.884414853383,1.72976379190798
tuva1244,aust1307,0.7938002468283132,0.05661295393209773,0,0.82054581726075,1.69454334726213
tuvi1240,turk1311,-3.6453500556736045,0.08901699932352675,0,-3.22305565711075,2.415734205793085
tuwa1243,aust1307,-2.0018345502362087,0.07375005657651117,0,0.588238739935,1.73848737997236
tuwu1238,atla1278,2.7017434798367526,0.07638282270705442,0,1.47733390179775,1.831824857400305
uuuu1243,aust1305,0.9354114225368952,0.06072454689241258,0,1.910821276885,1.7771568674013651
ubir1237,aust1307,-0.18225134198497533,0.04731092071807064,0,0.560892936585,1.7525506289174402
udii1243,nakh1245,-4.611657007666826,0.10614199398914007,0,-2.9655648324575,2.31170050291156
udih1248,tung1282,-3.7083297837909135,0.0763449237652311,0,-3.0574315825,2.5277768023993348
uduk1239,koma1264,2.2178247756319482,0.09923335166370233,0,1.300691293477,2.200808154922885
ughe1237,aust1307,1.851386849518091,0.06795704990419944,0,0.93968960310775,1.739679442944575
ugon1239,sino1245,0.7545813348918281,0.030521543080335386,0,-0.188365426555,1.846106688565
ukaa1243,atla1278,2.491732037476507,0.06391068832213667,0,1.84091150290875,1.87293218998642
ukra1253,indo1319,-4.45819444797624,0.10025208600820949,0,-2.4279645813635,2.001142938870105
ulit1238,aust1307,0.5188250994383861,0.051082579536559314,0,0.8736860234999999,1.70833200186376
ulwa1239,misu1242,-1.2807718449963117,0.029218347166526777,0,-2.6394245309052504,2.1881664136299
yaul1241,kera1258,-0.5402315033572197,0.14119170220225177,0,0.8143190346815,2.018719609235255
umaa1242,aust1307,0.24813228541557958,0.05290179092340631,0,1.1467621500695,1.73807089718093
umbu1257,atla1278,1.877136158937748,0.050227428492569746,0,1.01813990599075,1.7533301084392199
umbu1258,nucl1709,0.3772808365380437,0.08952416306188248,0,0.099774876681025,1.86773871865979
umes1235,ural1272,-3.8218586058388064,0.08390560721144721,0,-3.6185567230525,2.43374315819933
unua1237,aust1307,2.642118404779331,0.06138344559212502,0,1.044727054222,1.75143079472681
uppe1275,toto1251,-2.231618127141312,0.10237280351326422,0,-2.19560493818375,2.149694978899835
urak1238,aust1307,1.7790311266386567,0.059219356379101314,0,1.0271137364559748,1.7035577243585651
urar1246,urar1246,-2.4538403646183355,0.04626028899145348,1,-2.46038598087,2.1872591438663997
urav1235,aust1307,2.289416597683187,0.06026596903184965,0,0.81419797094,1.7358706631983951
urim1252,nucl1708,0.7437589893550982,0.07178423609329643,0,0.05075922830975,1.994795584325945
urip1239,aust1307,0.8753173468044515,0.07648999605051496,0,1.08838458700525,1.7425590450481998
urni1239,giim1238,-2.5803987102556145,0.19228289953110514,0,-0.09790294381174999,2.124043932362805
utes1238,utoa1244,-1.880828547365536,0.07655210758150535,0,-3.0983126060924997,2.1392018142180254
pile1238,aust1307,0.0751871090721796,0.09588106278171261,0,0.91410900459,1.6989604268541298
veps1250,ural1272,-4.331260908737862,0.08255644877790012,0,-3.6227604114874996,2.434937514163005
vera1241,aust1307,2.5764132721077306,0.08044214052678202,0,1.00111300052375,1.72547113254235
viem1243,atla1278,0.7438725932378002,0.05559430691617768,0,1.8023396555125,1.7928227417873899
viet1252,aust1305,1.72100498203551,0.04662808650196988,0,2.1063076589122502,1.797339596808585
voti1245,ural1272,-4.258642991848417,0.08942153622772937,0,-3.6127304492825,2.4321129214897503
vunj1238,atla1278,1.5561437158677855,0.03529367246327325,0,0.8077200624275,1.71146209944928
vure1239,aust1307,0.9339830024702236,0.050559742360881454,0,1.020154176282,1.726378023382205
vwan1235,atla1278,1.2418384143672783,0.04976690637758486,0,0.54399689528975,1.70422250697712
wadj1254,wadj1254,-2.065068380446215,0.17788912639594087,1,-0.137033874065975,2.086924812632215
waga1260,pama1250,-0.9798142792675766,0.10540106463382956,0,0.229792223047,1.968071660747395
wage1238,wage1238,-0.6736056266671381,0.0782762589510161,1,-0.30991574715549997,2.083792356183575
waig1244,aust1307,1.933316180555996,0.059006378862813576,0,0.8005081836350001,1.759242196537205
waim1251,aust1307,0.5011181130185199,0.045217128152750606,0,0.5884225867941,1.72143200886982
waim1252,aust1307,1.7084761703295195,0.050616542119948274,0,1.0948910977125,1.7478805891260651
waim1253,cari1283,-2.514738319098057,0.16152670664061106,0,-1.8258415653825,2.04316527567401
waiw1244,cari1283,-2.4918259152016073,0.16686739935738898,0,-1.6746324610175,2.0309306271593153
waja1259,atla1278,2.723381716004204,0.07522688145307058,0,1.6667120771675,1.81056053785887
waja1257,pama1250,0.1861789567339232,0.11774696144767303,0,-0.1675064763775,1.9649024124793901
waka1274,pama1250,-2.8945664805493365,0.19828796441775812,0,-0.423847432375,2.012195405359415
wala1266,aust1307,2.1331044920260114,0.07267182674780479,0,1.129497693547,1.726181233589575
walm1241,pama1250,-2.3213665348464256,0.17933148305869553,0,-0.47470700733175,1.9883528028241648
wamb1257,sino1245,-3.875441544053919,0.10683907400156346,0,-0.239375113323,1.887201351372315
wann1242,mand1469,0.6289751741763074,0.04544697323752659,0,-0.06559217982275001,1.854794182397915
wand1278,afro1255,-0.1233695244747319,0.1082172549808544,0,-0.604432816611175,1.76735877130119
wand1267,aust1307,-0.02715584031037995,0.08404249872081622,0,0.6342895556010499,1.754143561413465
saka1289,aust1307,2.513866137813369,0.06467588257130442,0,0.87580690413275,1.73427054618427
waor1240,waor1240,-3.8351765215087448,0.17948926969380613,1,-2.349995979426,2.2061991497147897
wara1303,wara1303,-0.38714331374854405,0.07558208048138357,1,-1.56616455809,2.090608574606715
wara1300,aust1307,0.3598305608179622,0.0837245175094228,0,0.42992564844299996,1.74861534498777
ward1246,yang1287,-2.439120231893218,0.16547551106903574,0,-0.08530426533275,2.17529830043369
ware1255,araw1281,-3.770252461245398,0.2085010273666324,0,-2.4131328505557503,2.07414885214466
ware1253,aust1307,1.68564742915527,0.06764787587829227,0,0.7776008103745,1.7573351504949648
wari1268,chap1271,-2.0091081746422184,0.15500139643179214,0,-1.37916221348675,2.09332341015089
warj1242,aust1305,-0.7279843178948182,0.056423600242408056,0,1.84447653164275,1.7840408357488902
warr1255,pama1250,-2.651990522964876,0.23026473516709184,0,-0.36032271676075,2.006307683839645
waru1265,pama1250,-1.6733000537554146,0.14180611484611974,0,-0.4477026648675,1.98851558135569
wash1253,wash1253,-3.151421645224425,0.1519749962934128,1,-2.2722511872749998,2.2092320786748
wawa1246,atla1278,3.0962772483455074,0.10154125284340212,0,1.5704683902095,1.912654113392805
waya1269,cari1283,-1.0715391131432994,0.06026971279058838,0,-1.9546473228074999,2.0417996029949697
wayu1241,sino1245,-3.910569180109338,0.1101777566864091,0,-0.24796512691650002,1.8967295954057901
wayu1243,araw1281,-2.4500595319396887,0.1470012318089015,0,-2.15994407916575,2.061119855874555
weda1241,aust1307,-0.31128001402363015,0.05309425558345183,0,0.5891854162887,1.746662995596125
wels1247,indo1319,-0.6029556761174071,0.05467283380247073,0,-1.2594538125199999,1.92782326167436
weri1253,kuni1270,1.1354214510126335,0.04496944905308318,0,0.424986444024,1.9575699950506
west2564,aust1307,2.3169356673546764,0.0841576399763837,0,0.8833684280427501,1.74083612361924
west2560,aust1307,1.6196015263497743,0.07729896176967621,0,1.0872915018775,1.732797587575915
west2548,aust1307,1.24323403223142,0.04551486231029126,0,0.62497654404125,1.75400568964653
west2615,atha1245,-2.830334682626134,0.14417999817051927,0,-2.97851382398825,2.1893723749582996
west2397,aust1305,2.36543645684924,0.03884642915775057,0,2.1850501947925,1.810700099161135
west2555,aust1307,-1.4235443036794924,0.07565536218287419,0,0.548494101230025,1.734062508589435
west2618,eski1264,-1.3166249343233365,0.04449991180673846,0,-2.0678502986175,2.104185648508685
west2650,aust1307,2.2346631987372163,0.07687942923249529,0,0.85929692104375,1.7181552547788401
west2594,nucl1709,-0.4393217858358208,0.08778069511376016,0,0.6543288869335,1.88043389116445
west2778,utoa1244,-1.7174857013154468,0.06749445387221907,0,-3.0878222375125,2.09466196875281
west2369,indo1319,-3.148944540350157,0.06609857487758815,0,-2.5694111903200003,2.056312185301995
west2519,aust1307,2.6320636241773463,0.07993707333310197,0,0.91267686602225,1.722092155655205
west2354,indo1319,-2.718674024605456,0.07479907074245479,0,-2.20165444320175,1.9926362051278201
west2644,otom1299,1.7212571605030837,0.060958876575928016,0,-0.175867388551,2.0589093590430148
west2466,atla1278,0.2717111570782108,0.06827895583708615,0,0.67144671548225,1.77188082434263
west2632,kere1287,-2.798494582102691,0.16592372242104186,0,-2.10885899329902,2.19760230082883
west2396,aust1305,1.6126886721877578,0.04425122145665818,0,2.0185452749375,1.77589743855792
west2418,sino1245,-4.320902104060989,0.11832218474456084,0,-0.15344919329700002,1.883940126037425
west2392,ural1272,-4.494029669813989,0.08545249272084605,0,-3.5814053241324997,2.43758575351189
west2763,afro1255,-1.1218867872005718,0.09261178220371699,0,-1.0328053224199998,1.757333877866265
west2557,aust1307,-0.43216397135297824,0.0657576196497504,0,0.740884449305,1.7312027877740799
west2415,sino1245,-4.092501104811946,0.11464983924646129,0,-0.0214087890675,1.85892436992406
west2600,nort2923,1.9347247944897652,0.04805457770232053,0,0.93294542507,2.041452202348265
saka1291,aust1307,-0.7031402184435372,0.07421084549790855,0,0.893874208802,1.708913503837075
west2516,aust1307,2.189457749410529,0.07639603374404931,0,0.8454440143630975,1.70178647928003
whit1269,aust1307,2.4104981108402286,0.06998424617410064,0,1.03009788524675,1.725867914479255
wikm1247,pama1250,0.5282079369461694,0.10716588928869651,0,0.26410848477125,1.9837161106625452
wiru1244,wiru1244,-1.5202642077674202,0.09212327263299853,1,-0.09273746841024999,2.079390831128295
babi1235,atha1245,-2.2190826289123833,0.07441811551274807,0,-3.0492945355875003,2.17561599771126
woii1237,aust1307,1.7549333742090032,0.05259423652651083,0,0.7266886379072499,1.752886057440565
wola1253,afro1255,-1.569858055438632,0.09854437704829215,0,-1.1751406579475,1.82541697187871
wola1242,gong1255,-1.4251350175929938,0.07992587281839299,0,-0.11950388245475,1.878404299918905
wole1240,aust1307,1.030486170220355,0.049884444686002186,0,0.927868571867025,1.706298196438895
woli1241,aust1307,1.339623410423011,0.03566227026895473,0,1.1740989434475,1.74522371361857
nucl1347,atla1278,0.8252862615937793,0.04577530417387346,0,1.2738982199895,1.82400210902395
wood1236,algi1248,-3.286519905734381,0.12529608379044682,0,-2.98915283285225,2.1987772898483353
wotu1240,aust1307,0.13769100000552845,0.06329495673666435,0,1.1831763904482502,1.74222063351697
woun1238,choc1280,-1.9411582124352917,0.029858543316090988,0,-2.6063066788692497,2.15033153338892
wuch1236,sino1245,-2.7092641939300584,0.08612709027953382,0,-0.4048452711675,1.899204805346905
wudi1238,sino1245,1.2510087834119155,0.07633331041304882,0,0.2539827441775,1.777249381216605
wusa1235,sino1245,1.2204288451409628,0.07124539920430296,0,0.26041823642399997,1.786565198646895
wutu1241,sino1245,-2.1641619648548893,0.08438221257429548,0,-0.4158624676125,1.898106297063485
wuvu1239,aust1307,-0.8705008492520367,0.11347872628097308,0,0.66910779841875,1.7571514331437799
xamt1239,afro1255,-1.579388599072695,0.09623068340929218,0,-0.457042648508475,1.73570503749359
xara1244,aust1307,0.4839333494065641,0.05029223601549144,0,1.069721862418525,1.73650280663864
xava1240,nucl1710,-1.0921904303168284,0.03365695485227255,0,-1.5450983798225,2.02404330365525
xhos1239,atla1278,-0.40947784506911883,0.07901387079051414,0,0.18624984334285,1.70630262652402
xish1235,sino1245,0.8752268352670021,0.07014749518816703,0,-0.03793346288675,1.80498627782484
xokl1240,nucl1710,0.028991802919975,0.0558732359696444,0,-1.34442553537775,2.0066538335699198
yaak1241,afro1255,1.803424349968095,0.09712927747316637,0,-0.03620555581025,1.75947852940589
yaey1239,japo1237,-2.599192011007373,0.0685220491401502,0,-0.82971072774525,2.101552738897295
yagu1244,peba1241,-2.570230728945119,0.04236641444585013,0,-2.46260867366525,2.184052404110905
yaka1272,atla1278,2.8337136381242622,0.0764510774466677,0,0.7058839815894999,1.75650858967782
yaka1277,aust1307,1.5043136512063606,0.10461942286847413,0,1.0440537969555002,1.7295601565415248
yaka1269,atla1278,0.43334654115746707,0.08952322296085913,0,0.932528726397825,1.75249432375289
yakk1236,sino1245,-3.1831670788480757,0.09243140355424848,0,-0.23685818819999999,1.88849753348724
yako1252,atla1278,1.757955069678491,0.060912769115063,0,1.5774080470918999,1.76680620612367
yala1266,aust1307,1.6806750736477785,0.059584719400969544,0,0.849187217201,1.7405858795901201
yale1246,yale1246,-1.2603156204773418,0.07516041509558852,1,-0.2745033770105,2.0653971166175253
yama1264,yama1264,-2.1430643435612047,0.13532824839550495,1,-2.239895127648,2.22942892359694
yami1254,aust1307,0.7607795599057167,0.09804401254437077,0,0.68770899338175,1.717616126162945
yami1256,pano1259,-2.950749663873353,0.036209989357494345,0,-3.13449999814575,2.1753626179794647
yand1253,pama1250,-0.9769189785788581,0.05223942779404932,0,-0.5887369154440001,1.992484010274965
yane1238,araw1281,-4.2722066913872645,0.17282751427330692,0,-2.4555623189175,2.119788871015475
yank1247,pama1250,-0.24757553530697013,0.04866295221906261,0,-0.28152924033250004,1.949198911340675
yano1262,yano1268,-3.384757280207776,0.1911038718153155,0,-2.49928835516975,2.148369461768035
yano1261,yano1268,-1.9514017379316047,0.03766351041074645,0,-2.4970949177995,2.1447565925613397
yaoo1241,atla1278,0.7871137386729008,0.04172460701221347,0,0.49554799488975,1.707933504994875
yaou1238,mand1469,1.280445683394251,0.06116022847129809,0,0.015903028381,1.8530023734985601
yape1248,aust1307,-0.6187508997266431,0.04907582022080803,0,1.0538685777475,1.74108965091005
yaqu1251,utoa1244,-3.0344542358658737,0.13113653607946524,0,-3.0681427338044998,2.10831624525263
yare1248,yare1250,-2.034469170109782,0.12570457113535619,0,-0.28030743666799995,2.1122594182501953
yasa1242,atla1278,1.4141684432229729,0.06241039005429602,0,0.7913726375432499,1.75737821012476
yatz1235,otom1299,1.5143123550882174,0.059950355342829595,0,-0.150634143745,2.056383588663475
yaum1237,nucl1709,1.538891069897518,0.08458827284198306,0,0.7208219409825001,1.893804769872225
nucl1454,yawa1259,1.3144899518001611,0.08738873710884604,0,0.45519258260675,2.066594080670415
yawa1261,araw1281,-2.641379283004887,0.15790477198549302,0,-2.5048130265674997,2.11509071147625
yawa1260,pano1259,-2.962233570866387,0.03864845368529463,0,-3.1372559481982503,2.1722838198583547
yawu1244,nyul1248,-2.6220332239656576,0.1485269664011069,0,-0.24614307487,2.13693348890546
yecu1235,toto1251,-2.163424976570858,0.10165881630658262,0,-2.18813880491925,2.155973677406815
maqu1238,cari1283,-1.7724167027719728,0.036987386190977904,0,-1.9380279160409999,2.0465974164827303
yele1255,yele1255,-0.03060182089274955,0.07466276304904278,1,-0.752290612345675,2.093674370310545
yems1235,gong1255,-1.5218700284501634,0.0591468436012337,0,0.0787940583175,1.8709121043296602
yapu1240,nucl1708,0.9007391890463646,0.08360431109626577,0,0.42707647716425,1.98657090812028
yidi1250,pama1250,-0.7634128361154757,0.0509430931530763,0,-0.3284990994485,1.997369893537015
yinc1238,aust1305,1.5587598516924892,0.04868046090001874,0,2.0432014455175,1.767212067898405
yind1247,pama1250,-2.76258028304012,0.1473600410652938,0,-0.4030899392175,1.977842235898685
yoga1237,aust1307,-1.8114398409543568,0.06056371228301876,0,0.604726613155,1.738306827604645
yona1241,japo1237,-2.4015111006403007,0.04997907110858101,0,-0.8245318980315,2.0909944580115347
yong1280,nucl1709,0.9108290818108062,0.09368434587082866,0,0.529025257034995,1.87989690096273
yora1241,pano1259,-2.959177772586834,0.04383650859063395,0,-3.1361865081699998,2.180161012110705
youl1235,sino1245,0.06066374488411515,0.048721891068947094,0,0.06946093804175,1.78750138959917
youn1235,hmon1336,-2.208889138241456,0.08678927043297573,0,-0.87022766079,1.989421442633575
yuca1254,maya1287,-1.4763685138394163,0.07385184921059956,0,-1.17354388136375,2.05616042421054
yuch1247,yuch1247,-2.241092915414775,0.12527499910893328,1,-2.17098775474125,2.201263052385985
yucu1253,araw1281,-4.1459178191531585,0.2055971376220785,0,-2.4064378114825002,2.07364730259441
yuec1235,sino1245,-2.3697437702274193,0.12850340085946796,0,-0.39389509272975,1.901918833709825
yukp1241,cari1283,-0.9608925508044113,0.06819535133148165,0,-1.957669598534,2.050110258621065
yulp1239,pama1250,-2.6897566399138233,0.1799883409138169,0,-0.30945383952175,1.97523851088676
yulu1243,cent2225,3.025324378836898,0.10872807080018351,0,1.69692311333425,1.89057563103422
yuqu1240,tupi1275,-2.330270626348351,0.038018021477915276,0,-2.500061927555,2.06872372383619
yura1255,yura1255,-3.826524650485717,0.215569431385119,1,-2.3852380522025003,2.2165332680498597
gami1243,pama1250,-3.1402913395614886,0.20376010629613558,0,-0.4290612144585,2.01038671344533
zaba1237,aust1307,0.3650870479130597,0.053669389452776876,0,0.7178362703875,1.73246092638214
zaca1242,otom1299,1.719495860990326,0.0571948955428312,0,-0.17813040772424998,2.0605272080288497
zaca1241,utoa1244,-0.9803081473485709,0.1124736790434014,0,-3.1259870219205004,2.1059964956020147
zaiw1241,sino1245,0.31991791664234603,0.05378552029831578,0,-0.2905292113715,1.82884481940956
zakh1243,sino1245,-1.739996977325265,0.1100266435782475,0,-0.246644980666,1.8633692317036799
zamb1245,atla1278,3.099035214575901,0.07116400383021665,0,1.3386389520562498,1.762907330259405
zand1248,atla1278,1.0189679511410743,0.07607207143428904,0,1.3682884844549998,1.765604089648255
zani1235,otom1299,1.6617227945402653,0.05736009181083164,0,-0.21511312241702502,2.05060158586347
zapa1253,zapa1251,-3.869368437921605,0.18175244831447196,0,-2.49006936537875,2.1993129862820098
zarm1239,song1307,1.7890622964013358,0.03257642076853193,0,1.2005997013292502,2.06818672879011
zays1235,gong1255,-1.0761606745120722,0.06288973141326318,0,-0.29983113169675,1.87515334830095
zeme1240,sino1245,-0.01979777774075305,0.08388849371226421,0,0.095808979695,1.8520169661700399
zenz1235,otom1299,1.6383606862244036,0.0580240098569606,0,-0.195230021793,2.0558565955911003
zhab1238,sino1245,-2.174498462821516,0.1369965499499592,0,-0.36264867843549997,1.86227892750394
zigu1244,atla1278,1.4100196880119924,0.037549325603162764,0,0.57129051417,1.70312052101658
zinz1238,atla1278,1.120274104002624,0.04057759150186615,0,0.9200205921664999,1.71564307930173
zoog1238,otom1299,1.5222630027387845,0.06301750785449074,0,-0.15401625600500002,2.05473678232058
zulg1242,afro1255,0.096704593769354,0.09886782526373326,0,-0.44183928642799997,1.77617138302229
zuni1245,zuni1245,-1.0549034470883205,0.05701188017143816,1,-2.2795780598077497,2.1949785583247703
