Glottocode,Family_ID,GPGLMM_3D_Mean,GPGLMM_3D_SE,Isolate_Flag,Verkerk_BRMS_Mean,Verkerk_BRMS_SE
abad1241,aust1307,-1.0461057740601218,0.02068562112127703,0,2.5585391874325,3.208688962238805
abau1245,sepi1257,-2.3207242265469974,0.03259118216710237,0,-3.1132584766837503,3.758605257841455
abee1242,atla1278,0.9618954785147306,0.020188553605748557,0,3.4144581849274998,3.413120173509605
abkh1244,abkh1242,-1.9157787164971307,0.02911736731075008,0,-2.8722200670375,4.056098529793915
abua1245,nucl1708,1.0623070349746389,0.0316948508347129,0,2.03704842389,3.60629459213738
abui1241,timo1261,-2.59366785487582,0.020900835370078922,0,-5.1104262616675005,4.22242632120804
abun1252,abun1252,1.4960574412839676,0.01949352969518319,1,0.33998863199175,3.937724505089775
achi1257,aust1307,4.12299363142886,0.03339850096710979,0,5.47889142563,3.444408018603355
acha1250,araw1281,-2.8308766925576303,0.014624432695201115,0,-1.76935143299725,3.22148993663724
ache1245,narr1279,3.103741752656249,0.027107759640046858,0,3.5177100806999997,4.45784135727042
achi1256,maya1287,4.593706160023503,0.008214448286851703,0,3.0879767134950002,3.949479542509795
achu1248,jiva1245,-5.074414808200451,0.01422153381942083,0,-4.88016174553,4.1054442483566245
achu1247,pala1350,-2.430489853349255,0.00991326055584088,0,-2.76526908467575,4.118253722383475
acol1236,nilo1247,3.636620967247021,0.026230436445339893,0,6.3544666738282505,4.20056226602856
adan1251,timo1261,-2.5032457620329662,0.022053149634585108,0,-5.15835215179,4.228464444208715
adon1237,aust1307,2.8954554962697205,0.041790153766118394,0,6.0062470486625,3.44053886067306
adze1240,aust1307,0.8280469777960264,0.011744755476420251,0,5.413259477942625,3.3385744452457953
aeky1238,kamu1264,-3.818055492706478,0.039370942334062506,0,-4.770937129542499,4.20070425573242
afar1241,afro1255,-1.2443007078865844,0.022587886297343877,0,-1.41119968527075,3.32995461707925
aghe1239,atla1278,2.8270635436540483,0.022727955627295807,0,5.176236606730001,3.85681418069704
aghu1255,nucl1709,-3.971510040674252,0.03860320942353799,0,-5.4896763036900005,3.852222887543335
agob1244,paho1240,-3.7430152572664,0.02717605311845157,0,-3.9166407136675003,4.211491568665785
agua1253,jiva1245,-5.076815537900982,0.022677049071298444,0,-4.862035546092249,4.119029952268084
agus1235,aust1307,3.182779298223376,0.04734885593980286,0,2.69208867329575,3.206198666896835
agut1237,aust1307,0.1339307104320849,0.018587202510873556,0,2.4226294129077504,3.23678764403419
aime1238,bosa1245,-3.350141076370731,0.029260338781304508,0,-4.3750286236400004,4.21383364258603
musa1266,nucl1709,-4.874092884212022,0.027911528168762693,0,-5.206126843474999,4.192719509523245
aito1238,taik1256,1.4243145253512117,0.022708452825761404,0,4.7269281341,3.6333711211900948
ayiw1239,aust1307,5.9759537868392805,0.01621649777172618,0,5.500143720575,3.5057089896354503
ajab1235,atla1278,1.9168346664764622,0.027989245388778387,0,4.097270970695,3.5354819600685596
ajas1235,kres1240,3.3037934543156195,0.01663513716815289,0,4.414969076375,4.445304434633835
ajie1238,aust1307,4.316125614075493,0.011866990328668859,0,5.6177623360485,3.4283241331678402
ajyi1238,araw1281,-1.9793407652954018,0.009632064174894027,0,-3.265540518785,3.378423436121035
west2635,maya1287,4.638450838450719,0.014259478608942541,0,2.898810635105,4.001830611483815
akei1237,aust1307,3.9405287107820475,0.0227464536629184,0,6.2410902529775,3.4415979624499746
akha1245,sino1245,-1.5990247767116466,0.03729995657641904,0,-3.522952650956825,3.26746120150813
akoo1248,atla1278,1.970458023280882,0.023662462948936328,0,4.086902539292501,3.3798186611739753
akun1241,tupi1275,-4.481831197921658,0.02127236997992576,0,-5.85923188887,4.098924925396495
alab1254,afro1255,-2.441159930466129,0.028771356170403505,0,-1.840283330134775,3.3391588524405904
alab1237,musk1252,-2.638613599637223,0.013362945608994562,0,-3.7274641483935,3.78849162327029
alac1244,otom1299,5.6040801092871675,0.01218301894512387,0,2.9339137136025,4.01050153279365
alag1248,afro1255,2.54371143371682,0.03175192833197111,0,0.23013762608350002,3.375886450953695
alam1246,sepi1257,-2.4235112014195734,0.04231750105544236,0,-3.397588056925,3.878775143164005
aleu1260,eski1264,0.45724815844920597,0.009203865925412018,0,-0.377797207144,3.688511404783065
alor1247,aust1307,2.6505095156734986,0.02623703007987646,0,6.05394149750925,3.4414903782544153
aluk1238,drav1251,-4.276144401478872,0.01292503918394378,0,-4.95871287653625,3.7339335776021603
alya1239,pama1250,-2.863044475060498,0.006136241518452611,0,-7.358615257725,3.808549801218505
amah1246,pano1259,-3.814525365683818,0.013171978124284209,0,-4.5525828716525005,3.64272389286324
amam1246,kuni1270,-3.9048093239795874,0.020639148449680463,0,-4.2387993074875,4.29418695130941
amap1240,left1242,-3.104931211024545,0.03333604342953237,0,-3.9240641080625,4.160977862270925
amar1272,aust1307,2.676229502580526,0.01368680338810823,0,4.669143657975,3.3758705223958048
amar1274,hara1260,-3.3515323129246015,0.015933322608772157,0,-4.497278489508375,4.227786598360235
amas1236,nyim1244,-1.2437341914693218,0.010836999066356906,0,-1.7991909107985,4.252602331341705
ambu1247,nduu1242,-3.282893955622018,0.04243534354508464,0,-5.2174081918631,4.0183363176262645
amdo1237,sino1245,-3.698830186670423,0.02234899235020883,0,-4.86599460533,3.50215939953473
amha1245,afro1255,-0.4824409999125122,0.024185334410634935,0,3.6864799045025,3.471871156960905
amii1238,west2434,-0.3320150574765251,0.03261454391508234,0,0.2132273162675,3.6908718126561553
amis1246,aust1307,1.3910518825606926,0.0671131180274316,0,2.896180061,3.35279402338712
hoaa1235,kxaa1236,1.226409585784669,0.014445750097425263,0,4.4942986583149995,4.30907094634628
amri1238,sino1245,-3.560513408052477,0.02573522172171192,0,-4.221512972575,3.6340014161078598
gily1242,nivk1234,-2.712430928164757,0.008713301595768422,0,-5.4564470905675,5.56459070658641
ando1256,ando1256,-2.617779253963553,0.009637415627898027,1,-5.2096460477674995,4.16847784770757
anei1239,aust1307,5.594191901926239,0.004341346858226942,0,5.8131200427300005,3.4801434805014297
anem1249,anem1249,1.9912310123477814,0.028254648477418612,1,-1.15714791004,3.932560732511785
anfi1235,gong1255,-1.6956157123633475,0.047108612416314005,0,0.0236080666475,3.3513412288134
anga1290,anga1289,-0.4297782708022857,0.022208108854723553,0,1.8540075627000001,3.69055589302633
anga1288,sino1245,-3.736885264737185,0.027253096092632986,0,-4.27204041158,3.640595967633865
ango1257,chib1249,-5.703172459062516,0.014286516159740277,0,-6.8993110027075,3.95532036215078
anin1240,gunw1250,-1.4347035615256571,0.029807413300722417,0,-2.97614280664,3.677788926789605
wara1294,more1255,-3.7227378913335425,0.03687516075309162,0,-4.5844089214732495,4.17752658256485
anta1255,aust1307,0.41048501221171885,0.01096830298846446,0,2.86580777715775,3.22596571684139
anua1242,nilo1247,3.2352106213933416,0.028694503685983003,0,6.361298867795,4.192885997320345
anuu1241,sino1245,-2.972802645043414,0.02722825902511866,0,-2.99538427563,3.44802792256104
anut1237,aust1307,4.596950916332677,0.03209682350783747,0,6.970515875325,3.380462357253685
aona1235,sino1245,-3.742945383207135,0.026636358112922174,0,-4.2655151424525,3.63889410217903
aoua1234,taik1256,1.046138487774649,0.02516977962251392,0,3.18031999253,3.44193109940675
apin1244,nucl1710,-5.119903418828879,0.01976846009423115,0,-5.95356324883025,4.0705793120632645
apma1240,aust1307,6.052442004025207,0.0353442433198234,0,6.310323933675,3.43147615370051
apma1241,kera1258,-2.256771092104951,0.025122175397149765,0,-4.45705231965,4.103223680972844
apur1254,araw1281,-2.344471535313666,0.013940463219516799,0,-2.6191005863107497,3.402628037219865
arak1252,aust1307,5.740464026220156,0.026886043241185723,0,6.2050608615575005,3.4597430139768353
aram1253,more1255,-3.690219232897757,0.03780577587611183,0,-4.60375249133,4.150530432331915
arao1248,pano1259,-2.09985883486866,0.008935949279673998,0,-3.39505650342,3.583097208765305
arap1274,algi1248,0.1657773511248832,0.016939755888969194,0,0.59649763297175,3.32481401598674
araw1273,tupi1275,-5.563442040338627,0.012076984264672876,0,-5.99162836301,4.04909990708396
arbo1245,afro1255,-0.5720162449908425,0.02072267697860643,0,-1.5057176211324999,3.23402152149883
arch1244,nakh1245,-2.825228078258782,0.012587349488864065,0,-2.8227448583,3.8576646992482146
aree1239,aust1307,-0.5144458166183106,0.031276382967365186,0,3.397755265455,3.291590074075895
area1240,aust1307,3.4591895136404043,0.011589943179508838,0,6.1785085700425,3.4392461743516103
argo1244,afro1255,-0.4744309322194263,0.02175401493170259,0,3.693713023625,3.481439978569255
arhu1242,chib1249,-4.835048814841969,0.010463816795873977,0,-6.9552721908075,3.930521347855585
arig1246,atla1278,4.089398906650383,0.017432936166329207,0,4.9125869849649995,3.7722449846032102
arom1237,indo1319,5.74422404492374,0.019589948415642735,0,6.39568639785,3.68119687244159
arop1243,aust1307,1.350298033476642,0.005477985417680416,0,4.900442089635,3.3057567198796
arop1242,aust1307,1.37909000637284,0.011821790971315317,0,4.92203881689,3.39081293012079
aros1241,aust1307,3.3574266688779755,0.007659913374741412,0,6.172884413215,3.44847139511535
arta1239,aust1307,2.217283192411938,0.030632545579666437,0,3.1783849962067503,3.30795859748519
asha1243,araw1281,-3.237972626583819,0.013640517727507313,0,-3.159604582641,3.39382168357424
ashe1272,araw1281,-1.8171410083823425,0.01126937200448038,0,-3.2541375346107504,3.375211217408765
asoa1238,cent2225,2.057553922853517,0.016608346252063016,0,2.5417110895399997,3.323269250758455
assi1247,siou1252,-2.35177478625845,0.015759726236552092,0,-2.3100794467380004,3.7321037126179997
asur1254,aust1305,-2.0225924377257805,0.016466553928573373,0,-0.6607636467275,3.21052482479678
asut1235,atla1278,2.815072350149966,0.04364146534157468,0,4.026002546772499,3.4292675779471997
athp1241,sino1245,-4.2452620045330995,0.021148150396301933,0,-4.451671037675,3.59141160768534
atii1237,aust1307,1.7375674427142909,0.03389304793869407,0,4.3549513622500005,3.3629875915756147
aton1241,sino1245,-3.66176738533623,0.026105903983803042,0,-3.15256146444775,3.40641382354171
auuu1241,nucl1708,2.578480035177364,0.04452939370985632,0,1.4276185938125,3.7022415613001547
aulu1238,aust1307,5.877728353908468,0.033377907644183795,0,6.225842879415,3.455929115955875
auye1238,nucl1709,-2.6671915494575122,0.03340348910326469,0,-5.038666699715,3.800732938915075
avac1239,tupi1275,-5.009473963589635,0.014671630303469189,0,-5.90775928841,4.04752817472378
avat1244,atla1278,1.6017737789788722,0.015574251076939409,0,4.2056773585750005,3.461352163738165
katb1237,aust1307,4.086671348060269,0.03261966580717899,0,6.260940235835,3.444181537846625
avok1242,cent2225,-0.5394211357172223,0.022756226933375992,0,0.4598699483375,3.30518059663562
awac1239,barb1265,-4.694613451626986,0.0076131214295838655,0,-4.3874055931265,4.194905189265635
awad1244,aust1307,0.23483028631276198,0.013642309960106545,0,2.9690749865225,3.2504830621257748
awad1243,indo1319,-3.273006107222222,0.019790533329875917,0,-1.13697055761,3.441435231243905
awap1236,nucl1709,-4.292778503403167,0.03227340564008811,0,-5.1079472843525,3.95307803499505
awar1249,ramu1234,-3.517329424094812,0.02079282015874287,0,-4.2062702825175,4.372487028631809
awar1248,nucl1709,-4.000027614818353,0.028632372235250794,0,-5.5979821149145,3.9519014649911552
awet1244,tupi1275,-5.37753934211165,0.023774877140491788,0,-5.822127825225,4.09781647923306
awji1241,afro1255,3.06644174279105,0.02027130106549015,0,6.121409237305,4.0966577958938295
awtu1239,sepi1257,-1.9395126847865831,0.032374396612981575,0,-3.3042629220400004,3.707882229125535
axam1237,aust1307,5.82823809099847,0.02925411901268909,0,6.235439796945,3.44763526576945
axiy1235,sino1245,-1.92429785319414,0.034868182088574264,0,-4.28706805214725,3.389456460487295
ayac1239,quec1387,-1.882026201042889,0.024182207238599474,0,-2.483323643355,3.4689094593557996
azha1235,sino1245,-1.7052060655704593,0.03031198360307236,0,-4.299038326730001,3.38085740326285
baba1264,atla1278,4.46810170176252,0.02412499490377212,0,5.0690933115325,3.903760480526425
baba1266,atla1278,4.299366465717609,0.02999686757696224,0,5.09655669649175,3.8873891443071953
bada1257,drav1251,-4.262586372862888,0.013460641324077755,0,-4.924616350995,3.74195745288166
bafa1247,atla1278,1.6260833985883707,0.018938125386784202,0,3.08341859094925,3.3422771673591747
bafi1243,atla1278,4.249423819489877,0.022019048887773625,0,4.4664995072202505,3.60496897178346
bafu1246,atla1278,4.2872452965441745,0.026524740883847323,0,5.07931744173,3.9187819267231
baga1273,atla1278,2.1050440287821885,0.04700364143131526,0,3.1978465338625,3.297961647200705
baga1272,atla1278,0.7073156125446758,0.030586684470060667,0,3.3785500432989997,3.2839522726825248
bagi1246,cent2225,4.090483407640498,0.020859005120722553,0,3.0671835134115,3.31055181082529
bagv1239,nakh1245,-2.649637120334174,0.01621203464877665,0,-2.3711122981,3.7910089393751596
baha1259,afro1255,2.977215643294433,0.023522518992149875,0,4.940905563515001,3.63165767432455
bahi1252,sino1245,-4.68863132175201,0.02341985780155244,0,-4.45024366991,3.591759984330575
bahn1262,aust1305,3.4410292046250524,0.03659435378667607,0,2.4360917121075003,3.34721807952341
baik1238,aust1307,2.3118868616435204,0.02919342181031769,0,6.033785868875,3.4255341758995703
baim1244,sino1245,-3.06799672237218,0.02583989566624802,0,-4.881231245627,3.500334023733405
baka1272,atla1278,4.612853023039799,0.030093857829639616,0,4.041593411585,3.344132129192035
baka1274,cent2225,1.4238654025411768,0.021940268229495675,0,2.94582568481125,3.36128579101258
baki1244,aust1307,5.916509391919429,0.03470878899686972,0,6.307096849624999,3.43279972020262
bala1316,aust1307,3.4324603557989954,0.046250862223966155,0,4.15751353603825,3.29110523852692
bala1311,aust1307,3.301860373222267,0.02512477961520185,0,4.760136248629999,3.42268686586783
bala1315,aust1307,5.223161564303121,0.023627868870097005,0,5.240797350291,3.4933128765993597
bali1278,aust1307,4.468800712458087,0.022158675744696554,0,5.4852269740125,3.458073521024125
liki1240,atla1278,4.4540960369013485,0.010188023836026579,0,5.3256646449075,3.52216668586746
bamb1270,aust1307,5.158714502963797,0.03194568607478575,0,5.043337513285,3.46472839994751
bamb1262,maoo1243,-2.294792088033672,0.027381868826561226,0,-2.24384994282175,4.29542050979132
bamu1253,atla1278,4.37238549982793,0.025235618725276743,0,5.0937521627575,3.925241312677745
bamw1238,atla1278,4.447731701399257,0.025492535416115555,0,5.2606018739975,3.54558560772256
band1344,atla1278,3.6586760870116164,0.02897949920830688,0,4.2968335409525,3.355501391313295
band1340,atla1278,3.2634471385824337,0.022966451422634107,0,4.35330615096,3.6743211496262846
bang1363,bang1363,-1.5502437396484177,0.012546579367601153,1,-1.1257649239615,4.47840624640068
bang1369,sino1245,-3.9219502170429155,0.03681942178482338,0,-2.56854309804,3.466048394958415
guar1293,araw1281,-1.435006146286466,0.013360985199691706,0,0.055148689667,3.33295698885158
bani1255,araw1281,-1.8900448646568297,0.014376331597129503,0,-1.599695840596,3.2132910051289603
bann1247,aust1307,3.124071588044745,0.01192904397872898,0,5.5960110328125,3.44174970520265
bant1281,sino1245,-4.410841359520126,0.023124973639667104,0,-4.38562635249,3.59733069448646
bant1288,aust1307,3.378923932777087,0.03247028647549802,0,4.4882834930175,3.27554064456115
bara1357,sino1245,-5.043855954545531,0.012107086342348578,0,-4.318216752450001,3.595501255697135
nucl1630,koia1260,-4.716171723099709,0.03830148031638539,0,-4.0316766901875,4.3131714617429395
bare1279,afro1255,3.9384611679400345,0.019845489173266406,0,6.52234110885,4.076970986134645
bara1369,aust1307,3.0406464995948648,0.026606868576968923,0,3.4235106375875,3.23069372527864
bara1370,aust1307,4.32637877277757,0.025302762559919378,0,4.9976864419125,3.4564975710334647
bara1380,tuca1253,-4.788917700834254,0.010156138395547019,0,-6.098151250240001,3.9799888259231304
bard1255,nyul1248,-3.594207739892076,0.051645917131252744,0,-5.1366155448425,4.30528503786832
bare1276,araw1281,-1.627078568596483,0.014892699366277483,0,-1.9622474218341002,3.3206584648010598
barg1252,nucl1709,-5.052649569266097,0.03435549022237633,0,-5.089791667429,4.260400408833036
bari1286,aust1307,2.691356961271147,0.04829410621849945,0,4.79544558032875,3.3725870652081147
baro1253,aust1307,6.141597727747495,0.007852598926060654,0,5.272836222859575,3.482495874901055
basa1282,atla1278,4.258515548032551,0.01900273391136114,0,4.8976638928175,3.736954787928195
bash1264,turk1311,-4.7170680768406505,0.02756591680224865,0,-5.344849534605,3.86807992323285
basq1248,basq1248,-1.0565844754898128,0.00870944614999613,1,-1.6059829445625,4.421049708033275
bata1293,aust1307,4.376266218508476,0.02872749343299618,0,5.2114900929,3.456464010135175
bata1289,aust1307,4.475731860882441,0.026298224258666784,0,5.2104656937975005,3.441063853451355
bata1285,atla1278,3.8320340241414845,0.017961097170871573,0,4.4774739274525,3.523696740512365
bats1242,nakh1245,-2.456808902203789,0.013560082728845305,0,-2.861828439935,3.896699000095235
baur1253,araw1281,0.385237251788468,0.012723074110558185,0,-2.37681797262775,3.2928279324582697
bauz1241,geel1240,-2.425188055437319,0.0346423109620799,0,-3.852111053266425,4.192490113950595
bawm1236,sino1245,-3.2854042463759656,0.03690057603951709,0,-4.4815493630255,3.6098583071142
bayb1234,aust1307,2.078258732988785,0.02523382757591097,0,4.627134873691,3.23560385971422
bebe1248,atla1278,4.775889578282055,0.014813427607588435,0,4.550656942291225,3.57490427008366
beem1239,atla1278,2.689928969741377,0.02167947585414213,0,5.19742343835,3.52453895476068
beja1238,afro1255,-1.5460712191204036,0.016907057330701695,0,-1.02392958805475,3.45790400276895
bekw1241,atla1278,3.940301286537209,0.02917865140421284,0,4.55694638055975,3.83702046447054
bela1256,nilo1247,5.405339820816085,0.042455782733759294,0,6.3498040263724995,4.1874425118467595
bela1254,indo1319,4.3706458139361,0.02319531993554056,0,6.5888389082925,3.5828705914813552
nyal1254,aust1307,2.902858091421694,0.012186993238983807,0,3.6081607683675,3.27338512946585
beli1257,cent2225,2.017732898914307,0.01816315552731396,0,2.923645811623,3.350942548106595
bell1243,sali1255,2.1433562968918505,0.010157956976191748,0,1.5474764195900002,3.651092354974065
belu1239,atla1278,2.6416558930368947,0.01777192934284849,0,4.62951942995,3.6288965732078404
bemb1257,atla1278,2.22528396723545,0.016292053637068107,0,2.792922070515,3.348677830192135
benc1235,gong1255,-2.3529046405682084,0.04299701073318673,0,-0.63198456963775,3.47023848228229
beng1282,atla1278,3.8725179571401283,0.015194777933634265,0,4.479026106265,3.523721100759775
bent1238,dogo1299,-2.3870310894845606,0.020905188046470013,0,-2.5645458779299997,4.12025900193715
zagh1240,saha1256,-1.8042878895947623,0.02227038114250354,0,-2.9530591050300004,3.754505425914635
bert1248,bert1248,1.7518735877625056,0.019037854760732848,1,4.65353248964,4.93259736488803
bezh1248,nakh1245,-2.3187410908769857,0.02056421080789507,0,-0.24612557211249997,3.6406564910758252
bhoj1244,indo1319,-3.0320566603254573,0.03224316071283748,0,-1.6402059326825,3.4167608412308104
biak1248,aust1307,2.855689316869939,0.028496621921305323,0,5.7344563288075,3.4880752346841204
biao1254,hmon1336,3.719251665513128,0.01870115495899411,0,6.1726118117125,3.731997341346025
biao1256,hmon1336,4.051945895408203,0.015866624052354925,0,6.192489730969999,3.735490091473735
biat1246,aust1307,4.753605534025873,0.03210669405306887,0,5.2315454957375,3.47414253008467
bier1244,aust1307,4.187150713807595,0.02480972940143968,0,6.3171621364375,3.43332687238631
bign1238,aust1307,5.771653152740152,0.03287572492075306,0,6.2393881974375,3.43664907350447
biha1246,aust1307,4.241534178785638,0.02488864707676882,0,5.5436263140626245,3.44475956160741
bilb1241,aust1307,-0.42460483695215556,0.02353768586164385,0,2.97702324748525,3.27346480320286
bili1260,afro1255,-1.6990035302246052,0.018801386532622998,0,-1.774633733525,3.313611479737895
bilu1245,bilu1245,-1.8224974441541928,0.014644812028378256,1,-4.8027229955425,4.31071920181606
bimi1240,nucl1709,-4.224830407287028,0.01648474486536452,0,-5.49774640544,3.84878196606731
bina1277,nucl1709,-4.93579186487873,0.012056180391848737,0,-5.0962804365625,3.886465649341285
bine1240,east2503,-3.9055976186995567,0.03237139706728778,0,-4.47972172059,4.130465838699109
bini1246,atla1278,2.2720163261061646,0.01480074666999246,0,5.232560849682001,3.655939890250225
gunw1252,gunw1250,0.1718454938381649,0.025575416567667906,0,-1.026302922204025,3.42661751703401
birr1240,cent2225,1.1542759972694636,0.02412534645523168,0,2.793230949623,3.3064984570595453
bisu1244,sino1245,-1.272568689262883,0.027053447742110263,0,-3.74758647353,3.32010445798417
bitt1240,aust1305,3.7619327636933257,0.0398090084327344,0,3.5053838512124997,3.426086190779005
biwa1243,yuat1252,-3.3453529873241576,0.04330055098824202,0,-3.727675889045,4.21649149245319
blab1237,aust1307,4.96772769251495,0.011706653775839404,0,5.7627422468814995,3.40307810217001
blan1242,aust1305,3.9217842733284654,0.009958618025200726,0,3.4888666689249996,3.4285109111300702
bang1354,atla1278,4.413381858912152,0.028819001660878325,0,5.29039577452,3.5368768300696702
bobo1255,aust1307,5.052723261302667,0.025190640927553375,0,5.21111176749075,3.496405743557945
bodo1272,atla1278,3.9322838576900967,0.02792144444133402,0,4.60148546823,3.6229930967458346
bodo1267,aust1305,-2.5577791829084866,0.026620307848437517,0,0.01948548822725,3.17354824062698
bodo1269,sino1245,-3.64015397067516,0.02381962268238918,0,-3.10727442761175,3.43297574762094
bola1250,aust1307,4.895948883089997,0.011561810679225263,0,5.216627759525,3.47159948473249
bolg1251,atla1278,2.7603002375924217,0.020206701830474526,0,4.658257430300001,3.54286137764713
chim1302,quec1387,-3.0747044127513647,0.010321014767543395,0,-2.8846208140355003,3.45853976997227
bolo1262,atla1278,4.471475089257565,0.021326323051361576,0,5.31562899179,3.52111360664785
boly1239,aust1305,3.5954262424925956,0.030134970335754997,0,3.375284662555,3.4195865434890003
bomb1262,atla1278,4.517974391305505,0.0183078455989677,0,5.2713302976400005,3.537865645940755
bomk1234,atla1278,1.0898843257542157,0.015877780915261624,0,3.47870853786625,3.368784445294315
bona1250,mong1349,-5.225473370341666,0.01982587964979736,0,-7.358910336985,4.66494223307825
bond1247,atla1278,2.6436314615260734,0.023138863162372965,0,4.1423063806207505,3.3958627374133803
bond1245,aust1305,-2.4177064352366235,0.019745480169040174,0,0.02479126061975,3.18145411256366
bong1289,aust1307,2.7084143848883278,0.025007362235484616,0,4.89740545842225,3.435695575011755
bong1284,atla1278,4.571304775634571,0.024065526516537972,0,4.89413075997625,3.56756065526819
bong1285,cent2225,2.556608866545907,0.02081176480717342,0,2.81096710965,3.376350183955335
bora1263,bora1262,-4.223301608124212,0.011285336229027096,0,-4.36324508488,4.3006776786135905
bord1248,chib1249,-5.568072724824743,0.011000898484173132,0,-6.988584859315,3.905447862131295
bori1243,sino1245,-3.827728025416504,0.024493127474221405,0,-2.694880913305,3.4498272006270296
boro1277,gong1255,-1.4357269105859811,0.03259285473833342,0,-0.13548468641630002,3.354447241149475
boro1282,boro1281,-2.797696665477594,0.015295836525214561,0,-4.422483862275,4.26355117203836
boto1242,aust1307,1.9768980159927383,0.027812623055103302,0,3.2675922281750003,3.29432359799328
boun1243,atla1278,0.679593531217961,0.05022530482814892,0,3.40043684215,3.361330873905625
boun1245,nucl1709,-4.424319701371241,0.03094761194667531,0,-3.88491199501825,3.7080442988313047
bouy1240,taik1256,3.718794325343299,0.014491902826479053,0,4.552229502282,3.6876767823121597
brah1256,drav1251,0.3334851418185154,0.007060309899573974,0,-1.6715984474472498,3.5945262116713597
lave1249,aust1305,3.4816280102748456,0.025869024343086865,0,2.885123345755,3.37457329862814
bret1244,indo1319,5.887954095139481,0.02844610215137587,0,5.4633430837425,3.857341899807375
brib1243,chib1249,-4.556584168142109,0.007045402372840613,0,-7.05695450662,3.907019412383065
bube1242,atla1278,3.394992617602772,0.02030300231559983,0,4.61167043979,3.64037193022428
bubi1250,atla1278,4.291882575481816,0.013365244705510862,0,4.548795685836749,3.669599112359795
budu1248,nakh1245,-2.9541178353755218,0.010236904761575459,0,-2.9573964230335,3.8250394187913948
budu1265,afro1255,4.255783449346916,0.025331702727904828,0,6.6494621754092496,4.018872307558995
budz1238,atla1278,3.6202270427179166,0.018645854040411743,0,5.254730045304,3.55240328486937
buga1247,aust1305,3.8760947108022608,0.019327707135958036,0,3.37516714360825,3.4406519123213553
buga1250,aust1307,1.4689153612560477,0.012094248363577264,0,5.1813713570674995,3.35499480316492
bugh1239,aust1307,3.236197118903817,0.008445319891421181,0,6.1784836308525,3.45556438679383
bugi1244,aust1307,5.175710191731747,0.021194717921034133,0,5.039880624869999,3.500346069156595
bugl1243,chib1249,-4.9576885694558515,0.015555245174269148,0,-7.0022622058429995,3.922198017227215
buhu1237,aust1307,0.04005357497088245,0.020301442166543164,0,4.35967515098525,3.3093046292887047
bujh1238,sino1245,-5.138796757956543,0.021362108727160246,0,-4.2761733371075,3.601674502164295
buka1257,aust1307,4.768660415813597,0.024082812564479066,0,5.2426961196725,3.490782289752475
buki1249,nucl1708,1.0044614137685666,0.04087335337212062,0,2.0451642141075,3.598876512293165
buku1249,atla1278,2.681911662378475,0.040483548510171545,0,3.651847882267,3.3844047921943297
bull1247,atla1278,2.407287670996024,0.018625903100421445,0,3.4634808635325,3.36504136506894
bulo1242,aust1305,4.022665296561742,0.02629278306946585,0,2.847775151065,3.373829482389135
bulu1251,atla1278,4.272283239088097,0.015129329945730767,0,4.567210678577499,3.5786538988987
bumt1240,sino1245,-3.891198251589852,0.017995117941093625,0,-4.729375975682499,3.545898101554675
buna1276,aust1307,-0.1831141599339844,0.01923530449148422,0,2.357780648605,3.278323397441825
gahr1239,sino1245,-4.549956979858207,0.017279743511109162,0,-4.5625969327105,3.5757218398399147
bund1253,indo1319,-3.203177391806795,0.011573671455939008,0,-1.328404943175805,3.43204492209308
bura1292,afro1255,5.081856847775034,0.028113848060017453,0,6.6265511187424995,4.0512579379505045
bura1267,mani1293,-0.5240190321954232,0.02652613992845601,0,-3.3538812093325,3.8410929883104803
bure1242,afro1255,4.846808807940784,0.01880858699512864,0,6.7128149994025,3.99704893830534
burj1242,afro1255,-2.135853633468068,0.0350750411936091,0,-1.7414959002,3.337045776155135
nucl1310,sino1245,-2.3847457935944454,0.03259230918317966,0,-3.6388749980865,3.38557242566237
buru1303,aust1307,3.815592191763921,0.02075361885405375,0,5.6694893706750005,3.48760187187918
buru1320,afro1255,2.3951885875262686,0.01124199298284613,0,0.19560768376999998,3.3797650357050353
buru1296,buru1296,-3.79220168626572,0.02291471956005287,1,-4.39753773901,5.396390848476106
busa1253,mand1469,2.079810129284904,0.01676942985364526,0,2.766948353155,3.4581041043247103
bush1247,atla1278,3.2019340009181625,0.01750465193784959,0,5.204390361675,3.580539237144055
buwa1243,afro1255,3.5070813508278436,0.026243325035282716,0,6.681097296367501,4.00410455381573
bwai1242,aust1307,-0.7019488744491216,0.017840628606871623,0,2.565313477852,3.29167149230309
bwat1240,aust1307,2.426123788310679,0.014612207842994778,0,5.0305613303725,3.3393175049561847
byan1241,sino1245,-5.079547382921698,0.03034403185208898,0,-4.5527906862575005,3.590310902690605
caac1237,aust1307,3.782318550908212,0.02619053198673589,0,4.70781341713,3.3279573851331703
cabe1245,chib1249,-2.4823140837061346,0.008254999805817155,0,-7.0911158648025,3.881140907098265
cahu1264,utoa1244,-2.036189994373444,0.018834012701501215,0,-2.55427301974,3.386002526856805
cakf1236,afro1255,4.396211398852989,0.02277167250001716,0,6.7278701178325,4.026813674695595
cald1236,quec1387,-3.0796364621340313,0.014968228779250971,0,-2.8799812002175003,3.458136671514895
caml1239,sino1245,-4.5521321107806605,0.0229838555022365,0,-4.39678172092,3.6043207276272353
camp1261,indo1319,3.802639403149416,0.026394796624598094,0,6.5869510504674995,3.618139146555715
cane1242,nucl1710,-4.934884302304377,0.013592840121114001,0,-5.958004466825,4.057591991739825
caom1238,taik1256,4.70847869442791,0.017571671266431787,0,4.836331365217649,3.62528434973234
capa1241,pano1259,-4.333234740923968,0.010813117437158837,0,-4.54643932979,3.6550292904482697
carn1240,aust1305,3.492588982095441,0.022354670244823207,0,3.33502598657675,3.509249310837525
caro1242,aust1307,3.412281221444446,0.013257791597071867,0,6.48107219327,3.35233192465232
cash1251,pano1259,-4.490624184630734,0.015415247938353104,0,-4.351622749075,3.708493759340495
casi1235,aust1307,2.389131763699246,0.020805468965486254,0,3.19159435843,3.31132565094713
stan1289,indo1319,3.4404392187175743,0.0260229191172367,0,6.7010357743175,3.596400106376835
cavi1250,pano1259,-1.2110403329159696,0.007044340189326081,0,-1.9100453711835,3.54240193582747
cayu1262,cayu1262,1.3791683758615825,0.004650260974543789,1,-1.1780722886765,3.869274690953355
cemu1238,aust1307,4.130588368779587,0.014924877409149221,0,4.973060682857501,3.369348144951525
cent2127,eski1264,-1.9808479857611276,0.009435521586656007,0,-3.0665555386085,3.8158472760086797
cent2142,ayma1253,-1.6231043028589178,0.007764724174879353,0,-5.472133964399999,4.014172621564445
cent2004,sino1245,-1.2998994586986585,0.028214282607801237,0,0.5268035140927501,3.27749808572851
cent2292,aust1307,1.9721378500758613,0.019551369621963407,0,3.2350729043985,3.24032807328887
cent2084,aust1307,2.380634010084104,0.02131297846455951,0,3.2268111330417497,3.31619156500753
cent2314,aust1305,4.265221155806461,0.028180856806140932,0,3.2762088195425,3.45342664070242
qaua1234,taik1256,0.9112453860613867,0.01763147793890251,0,2.75248712247525,3.44612428217215
guer1241,utoa1244,2.769303381440843,0.026629620584208813,0,-0.8535479849727501,3.311967288117935
cent2050,saha1256,1.2853313672971045,0.02098759944428785,0,-1.5846273333149998,3.56979388432841
cent1989,aust1305,4.186486454682868,0.02511056830277168,0,3.54021166773575,3.464103740477645
cent2058,aust1307,4.342561655919466,0.02782654720640121,0,6.274758492495,3.453628035136415
mala1479,aust1307,3.4308492149583185,0.02240434659573966,0,5.70784087595,3.36192239671142
cent2322,ural1272,-2.868550962844237,0.010533084107774163,0,-1.7577657931475,3.50346905076547
cent1992,aust1305,3.8592719362150723,0.021114811066542876,0,2.841629233476,3.38058745729586
cent1990,aust1305,3.754870867909153,0.014226927724345643,0,3.327249565774,3.50306453963222
cent2126,japo1237,-3.527196043646672,0.02067603910936481,0,-2.9444716345654998,3.7790361194572304
cent2140,miwo1274,1.5897254798313771,0.009011038434720266,0,2.298615760935,3.889977967932575
cent2090,aust1307,-0.00231102499601815,0.020722381227114596,0,2.7227942152435,3.2428333366890296
cent2131,utoa1244,-2.1616933269975673,0.011989457946252249,0,-2.119080454006,3.4377503525119453
cent2150,chib1249,-5.643429336037813,0.01593031112774045,0,-6.9036026384025,3.945491105492665
mbal1255,atla1278,1.6438226140445893,0.00965949416243606,0,4.39785844538075,3.413746874992395
chac1251,pano1259,-1.9812001201224902,0.00852325810073547,0,-4.582401414175,3.64140193354962
chad1249,afro1255,3.807782818696674,0.029008218751366267,0,5.025162766299999,3.632075373038795
chak1270,sino1245,-3.15985345578406,0.016946059362678043,0,-3.23418505805775,3.40273873800732
chak1271,atla1278,0.3061722263352742,0.019245980181925484,0,2.92798553698125,3.315478006484715
chal1275,afro1255,3.829404566304874,0.022286699529914192,0,4.8755003857225,3.68278163258108
cham1309,nakh1245,-2.6862466767051445,0.017500412794445565,0,-2.382209701905,3.78877689007999
cham1312,aust1307,5.255295493328981,0.03275919064779733,0,4.867265859750001,3.5557277028112653
chan1313,sino1245,-3.6479692038341294,0.04172052500005512,0,-3.0557463628874997,3.44404638183399
char1269,gong1255,-2.728950799306504,0.021277014439276102,0,-1.1881211787425001,3.625492375865845
chas1234,sino1245,-2.016481959395275,0.050823777920044236,0,-3.1012504287400002,3.2714786007663896
chec1245,nakh1245,-2.932897100980174,0.014905393011358034,0,-2.8759378565000002,3.8883796391511902
chek1238,aust1307,3.249193672819283,0.008666174905059568,0,5.8003865352225,3.390979490221285
chen1255,drav1251,-4.66736446362709,0.014548992153478074,0,-4.890014802627499,3.74065859596916
chep1245,sino1245,-5.079620639719312,0.030169733582462412,0,-4.279346105177501,3.59161083430972
cher1273,iroq1247,-3.4607488253198277,0.008215901734627499,0,-3.35727868724575,4.035586185812685
chey1247,algi1248,-0.74233771688293,0.021451838627596073,0,-0.0752819439925,3.31967140111312
chig1238,atla1278,2.255712405759396,0.01488206064431489,0,3.8949053832500002,3.329234552379085
chil1280,atha1245,-4.192375310389435,0.016739925231161232,0,-4.985120504199999,3.83649995322143
chim1309,chib1249,-3.0591907799948084,0.017927140329119896,0,-7.0151600041475,3.897872866558265
chhi1245,sino1245,-4.3263838134261885,0.02292637162093666,0,-4.44620604322,3.58923576574193
chip1261,atha1245,-2.827308763298289,0.014119155271123847,0,-4.9883094398050005,3.82703983245268
chip1241,algi1248,1.142276261742298,0.010314152418751468,0,1.435073498792,3.316590199526705
choc1276,musk1252,-3.2597510874217672,0.012736990575609649,0,-3.6474801116275,3.81890265263356
chon1284,aust1305,4.2795486758451915,0.027218753745284447,0,3.2697407107625,3.453633560216435
chot1239,sino1245,-3.4419694883865373,0.035240172511639765,0,-4.55948226019,3.59815171892492
chra1242,aust1305,4.14610115486205,0.03155887004952599,0,2.8447249013097498,3.3615664057082597
chuj1250,maya1287,4.5978111549501515,0.014192376227918057,0,2.896181065674,4.01491257137896
chuk1273,chuk1271,-1.84021538267996,0.0060940319998368745,0,-1.9280398143275002,4.332969505223965
chuu1238,aust1307,4.2626286230157024,0.010165567519321564,0,6.498097356220001,3.34722266817791
chuv1255,turk1311,-3.953561099988806,0.025647368969542148,0,-5.1677509712575,3.92866235578136
chuw1238,atla1278,2.052094889426265,0.016756040283202416,0,2.08249258746275,3.23262161141443
cici1237,atla1278,4.489038495829405,0.010962676299794454,0,4.9254171157624995,3.715043923533805
chin1286,chin1490,-2.446319850387546,0.008578792318736088,0,-2.3706644156000003,4.045419273350695
cent2087,aust1307,3.6747972881186657,0.032015329399696306,0,4.4378349731875,3.27513309311195
sout2912,aust1307,1.9991562032167465,0.058505673644660285,0,4.452262775507499,3.2674814559001
coat1243,otom1299,5.451254395278063,0.010185378728095055,0,2.8906512570925003,4.023920884115875
coca1259,tupi1275,-6.39153286856976,0.05083262402070557,0,-6.0672915429,4.001951946826315
coeu1236,sali1255,1.5305400769956141,0.014853902274257837,0,2.7531440883487504,3.489393962295825
cogu1240,chib1249,-4.799074826505297,0.011573568915352408,0,-6.93989469108,3.92511144543874
inga1252,quec1387,-2.9622501911420995,0.010600897863157575,0,-2.8643585215545,3.4495974359252353
colu1241,sali1255,1.443433899783109,0.011194765771735598,0,2.75291862824975,3.51201421018039
coma1245,utoa1244,-2.4266497821870443,0.011014745696132047,0,-3.3183485026575,3.45002738958366
como1259,sali1255,1.2337364239857234,0.012144106247422798,0,0.130746887125,3.44817197495565
cong1236,atla1278,1.9072145470722273,0.018485479945583177,0,4.278827180832501,3.3588155058209352
copa1237,otom1299,5.588246541580611,0.010533729716456216,0,2.8369768579725,4.0581974334049455
cors1241,indo1319,3.79489779090121,0.02773043104164406,0,6.5899131280325,3.61697695070092
cosa1234,sino1245,-1.5930113008562796,0.026775787534192158,0,-3.74452192820475,3.3099365788794346
cota1241,aust1307,1.001931522647451,0.04017111841606208,0,2.3598391150099998,3.161813338766005
cree1270,musk1252,-3.249638752127951,0.014674022266595017,0,-3.6995805151975,3.7962067582369547
crim1257,turk1311,-2.872673847057318,0.009883921227463111,0,-5.32780526965625,3.87387865737283
cros1244,atla1278,3.200578948774635,0.041911957576644614,0,3.02052793466625,3.5062328284918802
crow1244,siou1252,-2.2540189371158252,0.011739286197278731,0,-2.6679710797,3.7111920411785
cube1242,tuca1253,-4.549773215363899,0.01356653569428544,0,-6.003857659155,3.98818965816677
culi1244,araw1282,-4.355809474458554,0.017343262873243507,0,-4.60062661120425,4.139145455229491
curr1243,araw1281,-1.7245230935942288,0.017395354134860815,0,-1.6041134186542498,3.2059612599735052
cusc1236,quec1387,-0.6711817505241637,0.009648249726283616,0,-1.7730331170575,3.4428571032638047
cypr1248,afro1255,4.0645030431082745,0.0231860892517793,0,5.0249785176425,3.6389111847403752
czec1258,indo1319,3.999625808145165,0.02383139840657798,0,6.5557745149075,3.6064196601102303
daai1236,sino1245,-2.4487381811446807,0.023507452081609464,0,-4.512599021155,3.57832364925657
daas1238,afro1255,-1.3936753498651322,0.030395759891129113,0,-1.4488461625212499,3.2365142802663
dadi1250,tebe1251,-3.452664777007019,0.03937646503235117,0,-4.421701190415,4.273440806237045
dagb1246,atla1278,0.8726644484806247,0.02350012529979562,0,3.7661374555495,3.3026849002928547
dagi1241,narr1279,3.1828881131364737,0.027303476898058284,0,3.5274261653675003,4.4285972543129954
daur1238,mong1349,-3.291258968532384,0.010001605207255184,0,-7.364598128691,4.7080127900919
daha1245,afro1255,0.5160055214706443,0.023138427078559426,0,-2.1137361807125004,3.32071669311749
daka1243,aust1307,4.258788017101619,0.03513345489094088,0,6.2794267947025,3.4398472310455404
damp1237,aust1307,4.80965454578943,0.03461544338812215,0,5.2624312817325,3.48614100780038
dana1252,aust1305,5.10868899327412,0.03664932781488821,0,3.433096759005,3.4558787852471147
dand1238,drav1251,-4.820498033123815,0.030259631623447417,0,-4.93470995444625,3.735370128528925
dani1285,indo1319,4.886950515511464,0.030212994190480468,0,6.29828153085,3.652771801573035
dara1250,indo1319,-3.1836568905683245,0.035311886949795916,0,-1.6546794109075,3.41398206399513
darm1243,sino1245,-5.073939843620051,0.04717332098810462,0,-4.559215049399725,3.5849619337637
daww1239,nada1235,-2.001968424966453,0.00678925559491762,0,-5.64967761671,4.018407770900445
dawr1236,gong1255,-2.9641687622956088,0.03836174234030722,0,-1.2880495733577502,3.6019019713902853
daza1242,saha1256,-1.0158842210493426,0.014652025126890043,0,-3.0574439874425003,3.566463891488935
dege1246,atla1278,3.4113692319293163,0.01765984588540697,0,5.074588067232501,3.7126315613442653
dera1245,sena1264,-3.0530214621593292,0.031122576974614947,0,-4.0820744285275,4.286525420172914
dera1248,afro1255,3.512680947860966,0.025997331729955532,0,6.762529461470001,3.973953188269495
desa1247,tuca1253,-4.168645812464868,0.018156255080625325,0,-6.014922286359999,3.96952563637187
dhao1237,aust1307,3.942492279476835,0.027872947172556096,0,5.6414988372375,3.5043570704373552
dhar1247,pama1250,-4.522861846061861,0.01766500780656529,0,-7.320406807815,3.86076575342866
dhim1246,sino1245,-3.464372421667151,0.025665150231722285,0,-0.62217994306775,3.2858877875084547
dhuw1249,pama1250,-3.029387595753107,0.031006094742373633,0,-6.1844892204,3.8145759370994297
dibo1245,atla1278,4.610388259064003,0.018687845196617616,0,4.906175045905,3.5756645299347403
dier1241,pama1250,-5.005613879852855,0.0270136039904382,0,-6.95708984759725,3.887398519564305
digo1243,atla1278,2.35674463179347,0.017990880728018643,0,4.17652221118425,3.3934945859149153
dima1251,sino1245,-3.67894896739628,0.0185692902352884,0,-3.129523840291,3.42042763536788
djee1236,mani1293,0.038775777873311046,0.019698834910976265,0,-0.8497739372817501,3.752145883399455
djeo1235,nucl1710,-4.02997161638678,0.014104543453963215,0,-5.8701847694575005,4.078077631696135
djin1253,pama1250,-2.6407556671380696,0.029643777588575577,0,-6.188102916257501,3.83447795198074
dobu1241,aust1307,-0.490625093926893,0.022264734468118143,0,2.476292019155,3.28112552060704
domm1246,nucl1709,-4.205822063675864,0.0315917416554752,0,-1.77956304429025,3.50506497492264
doma1260,indo1319,-1.4591471283849262,0.020218628064352876,0,-1.0046904255225,3.477940204416465
dong1285,mong1349,-5.081562416772653,0.01938962239894342,0,-7.3626110392,4.6578233834180605
doro1266,manu1261,-4.450333367162086,0.03810557362593804,0,-4.091216148192499,4.483243636384965
drun1238,sino1245,-2.858223960984069,0.025006207866176272,0,-3.17245725666775,3.464314758159345
chug1252,sino1245,-3.8604428775562014,0.008948920183517275,0,-2.46414411058,3.45670368647256
dumb1241,aust1307,4.633235799036232,0.01765009432284496,0,5.5750826382375,3.4332123767362
dumi1241,sino1245,-4.563206964403001,0.022411521289827468,0,-4.4117338696725,3.59272822747521
dupa1235,aust1307,2.4905026661253578,0.03225552756880424,0,3.176258986655,3.308941381574865
duru1236,drav1251,-4.784132446441205,0.008322596544520847,0,-3.332376399668405,3.83135790525151
dusn1237,aust1307,4.665202444216844,0.034322786660837934,0,5.7014623594825,3.50590285508966
dutc1256,indo1319,4.365140968680159,0.012499488497046175,0,6.2512137934275,3.668373090635675
dyir1250,pama1250,-2.5419916413349197,0.027644598046807595,0,-6.294489331117,3.791973578121355
dzao1238,hmon1336,3.9439004961163002,0.015014920511608418,0,6.181148045585,3.746654451969075
dzon1239,sino1245,-3.833195973467463,0.02840539563376979,0,-4.88872986050125,3.4814243150211803
east2443,aust1307,6.014849146104321,0.028610008237733343,0,6.2329594791075,3.444750579863455
tang1336,sino1245,-3.591341610547008,0.043088317888935995,0,-4.225891841604,3.642961393660395
nucl1235,indo1319,2.418708826939201,0.017251955334848933,0,4.3984676998695,3.8495592018027454
east2379,pama1250,-3.2057668316958203,0.021259277569000368,0,-7.3700555282425,3.799681244934035
sout2896,aust1307,2.7622622596174207,0.023426732403751694,0,5.982317246185,3.45303942261143
east2555,tupi1275,-2.744972605229703,0.01037823702299546,0,-6.121286678615251,3.97964171486442
east2332,aust1305,4.018406193240823,0.0221291698879358,0,3.774854284965,3.440147386538125
east2563,aust1307,4.403912775944123,0.027479895085261122,0,5.53453245172775,3.420980329329705
east2690,afro1255,3.741747746482205,0.0240429419015456,0,5.01696746117575,3.6396646669342703
east2556,otom1299,5.050828553660881,0.010579623045856346,0,3.248185172005,3.86223461907026
east1236,aust1305,3.351410498217972,0.029398603224717365,0,3.7849642065573503,3.455736571947715
east2342,sino1245,0.17398235383119134,0.025162119084849364,0,0.15063190179275,3.3263130164784203
east2782,atla1278,4.013916586668454,0.019117421783240975,0,5.078263753439,3.55603416013042
east2328,ural1272,-2.4328066846889103,0.018648472060023277,0,-0.43804377480725,3.3921099043728553
east2773,sino1245,-4.810758421878479,0.023743053380377074,0,-4.3041526147799996,3.60052173034014
panj1256,indo1319,-2.3503082724678146,0.024951302653071692,0,-1.3520851795045,3.428886953707255
east2485,aust1307,4.057119800561625,0.027062966540999718,0,4.91534616825,3.4751829312429248
fina1242,aust1307,0.3291131057444948,0.018453853125213946,0,3.3174063134375,3.23720800096778
east2447,aust1307,4.650546570471694,0.03309791316051396,0,6.9699057243,3.377728656741255
east2516,nucl1709,-4.385916901447857,0.03074457297475951,0,-5.49468073161185,3.830505136932325
east2440,aust1307,4.012497587822206,0.04113914721415434,0,5.5915986745275,3.517795278331695
huaa1248,tuuu1241,1.4829238169718417,0.0126217627012066,0,4.7329537376105,4.37321001945984
wall1257,aust1307,4.552480909113445,0.04426623732506387,0,6.97823032244,3.357847063908185
egyp1253,afro1255,2.9250016724181864,0.023923775513477383,0,5.0432640806725,3.6276528955744753
eipo1242,nucl1709,-4.00400134542254,0.022369154748580342,0,-5.162521812132249,3.884917469455365
ekar1243,nucl1709,-2.7239920814851866,0.03829258810289326,0,-5.045221745885,3.82684012538598
elem1253,atla1278,3.376697822898068,0.024685665713302298,0,4.019924997903525,3.623360866058885
elip1238,atla1278,4.240070676096177,0.022345928041624243,0,4.577143998512501,3.63930939648405
emae1237,aust1307,5.936631031535338,0.03287849559034521,0,6.931419191374999,3.36334641164053
emai1241,atla1278,3.9602239211506056,0.013689261844178508,0,5.1509845218525,3.681644998027495
embe1260,choc1280,-4.1031831826437974,0.012554991663459011,0,-5.530830821997499,4.06563846017002
embe1262,choc1280,-4.565838509009849,0.010159870304787592,0,-5.541705355675,4.063332806944155
stan1293,indo1319,4.2004606922142855,0.021447781531296745,0,6.305536071284999,3.6579074635003703
enuu1235,sino1245,-1.4068603998664,0.02346330034191288,0,-3.6946153489325,3.253138523692475
epen1239,choc1280,-4.64880563849221,0.004974558085640372,0,-5.539714162546,4.064616057954854
ersu1241,sino1245,-1.812745855817314,0.02865293632108907,0,-1.5511876894255,3.344599760644195
erzy1239,ural1272,-2.462137052924825,0.020049790004621176,0,-0.06620510648625,3.34102279883556
esan1238,atla1278,3.6981259202418575,0.011118206575752675,0,5.1609780261275,3.67284828480093
esee1248,pano1259,-2.278516950984227,0.005982295445822981,0,-3.32892495160975,3.594624238659665
esim1238,atla1278,4.3332320831039945,0.019308408146976944,0,4.7711860834625,3.982116087339535
esto1258,ural1272,2.5722012778177743,0.049139358348931406,0,3.399542444378,3.286568196673265
eton1253,atla1278,4.277832421634674,0.023782053828260274,0,4.549663038635,3.588344276418675
even1260,tung1282,-2.91279226043149,0.006276588415623986,0,-8.077923132270001,4.93357038174548
even1259,tung1282,-3.251466440175156,0.017891728982190956,0,-8.0707134115,4.93597258707205
ewee1241,atla1278,1.7875957464982823,0.02080677592806587,0,4.0749660841474995,3.53063682256024
fare1241,atla1278,0.5303326386078503,0.021884034876758985,0,3.04550011347,3.271050134730525
faro1244,indo1319,4.345026578973197,0.02298902743734096,0,6.30399914735,3.6611211100172447
fasu1242,fasu1242,0.2496312501558354,0.009221817082310301,1,1.65121474280875,3.820010459089585
fiji1243,aust1307,6.241126718430352,0.02806661544951049,0,6.7213926467250005,3.39186582453231
fili1244,aust1307,3.880910385943217,0.031627936828444454,0,4.373889410815,3.299949544077895
filo1235,toto1251,0.6716098439400489,0.008740040307093659,0,-0.49348869851,3.484172467605005
finn1318,ural1272,2.9745822629084175,0.02443649788260993,0,3.5036520856499997,3.26490119315576
fipa1238,atla1278,1.9677761280813184,0.013332148064848847,0,2.5005400777075,3.32070119054837
fonn1241,atla1278,3.433373089320618,0.028764027649519325,0,3.8414625785475,3.585500529738455
fore1265,ural1272,-2.6507292097336377,0.021849330580840265,0,-2.6479934351005,3.62427288967218
fran1266,mixe1284,-0.1458130211109031,0.01191960207190259,0,-1.2066641495777501,3.60211122205341
stan1290,indo1319,6.0884542049718,0.027265126813006215,0,6.64349819295,3.622157755093635
fuln1247,fuln1247,-3.1268674576650106,0.01346301335902904,1,-4.73712283771,4.39334619029319
furr1244,fura1235,1.8712135245598056,0.01546457694691916,0,4.41402651677,4.3457583115712595
furu1242,cent2225,2.6809869489013574,0.02186669082685456,0,3.0924801521225,3.302816346669645
futu1245,aust1307,4.0004734326497235,0.025222569854929027,0,6.96424498003,3.37307043793535
fuyu1242,fuyu1242,-4.240334815626483,0.019508818227828476,1,-4.15633133900175,4.34665441788248
gaam1241,east2386,1.1913173761034463,0.012707913396138474,0,4.4898677993525,4.327562993305126
gaan1243,afro1255,5.098272007674353,0.02723066874063071,0,6.64427753468625,4.031725632447535
gade1242,atla1278,4.539752726677989,0.02066192395277581,0,4.9294864327175,3.729134080007155
gaga1249,turk1311,-2.4713078942797244,0.020076727326049707,0,-5.40371132226775,3.85341099876248
gala1264,afro1255,4.8044064973503495,0.027003827570359854,0,6.7386657029825,3.98839989497526
gale1259,nort2923,-0.024923529976561498,0.019778606655167237,0,-0.69093836605125,3.495294091090765
gali1262,cari1283,-4.7171937207656445,0.017348468701189664,0,-5.951530179644999,4.0727201826817545
gali1258,indo1319,3.3365141044179096,0.01655566211332441,0,6.7227054900150005,3.581392775739055
galo1242,sino1245,-3.7997430502435723,0.03548996270999529,0,-2.7374993321225,3.428267981581395
gamo1243,gong1255,-3.1938764732726193,0.04282037632516829,0,-1.2708294478795001,3.58840246500317
gand1255,atla1278,2.4717499625402373,0.021125537021263123,0,3.7979404828175003,3.32931789858055
gang1267,tang1340,-3.563172178425008,0.04727029639443826,0,-4.7332794106,4.090598089736821
gant1244,nucl1709,-4.721107048360659,0.024516339741650205,0,-5.200570870285,4.191832695851695
gapa1238,aust1307,-0.4167742908215306,0.023107731390707514,0,4.3130679387685,3.3012075862068198
boht1238,afro1255,2.8425308624301198,0.030698551441263183,0,4.85867952084525,3.7034337006606552
gari1256,araw1281,2.5613011022949275,0.010179839267242764,0,-0.76924442397,3.33827787215056
gata1239,aust1305,-2.5462944557133724,0.02287537659095345,0,0.033106025209250003,3.1975022619516498
gayo1244,aust1307,4.191791011585894,0.022145535180158594,0,5.218923398065,3.441734771027755
gbay1278,atla1278,3.029283731605717,0.022990479963135312,0,2.4024415016785,3.26242562581439
geba1237,sino1245,0.32503097233872524,0.0323070419974846,0,0.10400491360674999,3.30123741771871
gebe1237,aust1307,3.833083447235312,0.03467389145987351,0,5.651268670995,3.50972919622568
geda1237,aust1307,-0.44161803751233003,0.024582408109420972,0,3.08519662625,3.260250246313535
gela1263,aust1307,4.937002458208423,0.013698864723572826,0,6.140758074835,3.46876328800828
nucl1302,kart1248,1.8508144821673675,0.008708889407083975,0,3.3301337916825,3.84996839853852
gese1240,aust1307,3.500933239457419,0.01718229281548413,0,5.7048668146775,3.477992524365535
ghad1239,afro1255,3.44468098381289,0.0422536520216005,0,6.13333467775725,4.10629730067363
ghan1242,aust1307,2.6912636671070924,0.015909541496692256,0,5.7049444267750005,3.39611793653358
ghar1239,aust1307,4.779061946220974,0.005486961344521281,0,6.1434269064,3.45660777836284
gheg1238,indo1319,3.33995022449963,0.022119594903822502,0,4.721920666755,3.773167275177885
ghom1257,afro1255,3.3088027496244683,0.02938288256346814,0,6.0812228482375,4.14073258536488
gida1247,afro1255,5.027765977260286,0.025916547045003898,0,6.6204281923499995,4.050063593824079
giiw1236,afro1255,4.845933095712322,0.03171589270936257,0,6.716955094425,3.99601202188607
gilb1244,aust1307,4.546590216213286,0.01245097785155031,0,6.2284927562125,3.4259863154055896
gira1247,nucl1709,-4.995944212258504,0.030632154346507685,0,-5.106825991172499,4.305054136101905
gizr1240,east2503,-3.876496413331672,0.028931890060588814,0,-4.5010896638125,4.154425428209565
glav1244,afro1255,5.001530725138627,0.03269401752381876,0,6.637885352425,4.039018883460125
gobu1238,atla1278,4.067891730069633,0.020386848422836716,0,4.3278506610625005,3.3305558411873752
ghod1238,nakh1245,-2.821799374315831,0.008430197796745236,0,-2.3954626450287497,3.793260985839615
goem1240,afro1255,4.456004343229966,0.03018094267995912,0,6.7550570541845,4.019172799943545
gofa1235,gong1255,-3.003485815966232,0.03895902033764903,0,-1.271588779455,3.60693756962799
gogo1265,suki1244,-3.59147074464459,0.019926748734899892,0,-4.2101672321775006,4.261221427256196
gola1255,atla1278,1.640209687526363,0.02012230826957765,0,1.28931360776075,3.417872170712745
goon1238,buna1274,-3.6936365667446056,0.03801647713838817,0,-4.38702039596375,4.30173540227276
pare1266,aust1305,-2.3856067611524514,0.03480791459567423,0,0.047606703158500005,3.21935369866813
gras1249,koia1260,-4.810784789498992,0.04366321667661298,0,-4.072265091516025,4.27468435496887
guah1255,guah1252,-4.2450230848407955,0.006158408790374868,0,-5.5912820476850005,4.163242919779325
guat1253,guat1253,1.6810815834889898,0.008019679529368101,1,-0.9704073187475,3.91315114873541
gube1234,atla1278,1.817579811161044,0.01626141747669682,0,4.7617469064849995,3.592235111299945
gude1246,afro1255,5.11449158622626,0.022545240871155215,0,6.6015371567375,4.037819577314245
guer1243,otom1299,5.582044590698616,0.012353539695041278,0,2.7729211759825,4.061793674105215
guhu1244,nucl1709,-4.729197337942094,0.04016499111532974,0,-5.0817238727545,3.9133805836282702
guiq1238,sino1245,-2.5442344870774836,0.05305140184477805,0,-2.8964948217925004,3.379422310726965
gulf1241,afro1255,3.4923591145315886,0.029060682349039753,0,4.9628713980115,3.6602091971886352
guma1254,aust1307,-0.43950216209253107,0.0064943781605859095,0,2.78526161029,3.31594009055457
guny1241,pama1250,-4.391162809149243,0.024850492316340338,0,-6.19990086277,3.835213126078635
gura1251,indo1319,5.34713386935225,0.025842231285304627,0,2.10041951097,3.59857405555168
guru1261,sino1245,-4.723937761275656,0.04813841468208176,0,-4.5712926660375,3.55700022696678
guru1271,afro1255,4.771367001039474,0.02756930051460376,0,6.6329719611175,4.06703719878041
gusi1247,atla1278,3.054106798046021,0.02026231043398858,0,3.646066344535,3.3761995998136953
gugu1255,pama1250,-1.5655133506223635,0.023418903755930257,0,-5.275252748675,3.64464779984218
kwam1249,koma1264,2.2225037969398906,0.01771036685944101,0,4.062046725415,4.375907782954805
gyel1242,atla1278,3.879955064796362,0.028162131047692295,0,4.5740357144449995,3.585104581437135
haaa1252,atla1278,1.0090765371321921,0.01728587088529631,0,2.02831728906425,3.3054341523535147
hadi1240,afro1255,-2.329634631510568,0.02712248030280902,0,-1.7908246058097501,3.34694753635047
hadz1240,hadz1240,1.6563058822605448,0.016790454930139274,1,5.198427665065,4.9730587435177505
haka1240,sino1245,-3.385037567010654,0.029938165485506305,0,-4.48615453337,3.612512226267
hakk1236,sino1245,0.4665012479975384,0.01733261750177475,0,0.92883326898275,3.2948675084882897
hala1252,aust1305,3.299820889172836,0.042174087641549445,0,1.7919560548375,3.3172059370393248
halh1238,mong1349,-3.8159518492411344,0.011343141588210037,0,-7.37962836876925,4.66114843990278
hali1244,aust1307,3.573306735309681,0.017405120863366978,0,5.5984967906675,3.4321353969961903
halk1245,sali1255,2.345770455506737,0.038714570206272225,0,0.68338931995975,3.502497131371295
hame1242,sout2845,-1.9272380502345348,0.01516198722572917,0,-2.0365248636775,4.06893397154771
hang1263,nduu1242,-3.2924123226016135,0.04972622764852263,0,-5.20645228639825,4.00566653309839
hani1248,sino1245,-1.5075779140707621,0.040277024893809514,0,-3.5533599250525,3.2717383606025647
hano1246,aust1307,6.055621029409459,0.024171777720098778,0,6.2423960932850004,3.443710718543025
haro1237,aust1307,4.034740040333027,0.02865233922933059,0,5.526804630959999,3.438633901140765
haru1245,piaw1238,-3.731191924170218,0.023500388220695525,0,-3.8236597513515003,4.288067945771219
hass1238,afro1255,2.7396782244114255,0.013796012669026,0,5.054626867367499,3.60998839496431
hata1243,hata1242,1.56491232460308,0.03676413799390343,0,-0.42103087430999997,3.93889444789981
remo1247,aust1307,0.9748572572470472,0.02934196079031023,0,3.1466660319665003,3.26361175271167
haus1257,afro1255,4.522102647817924,0.03265773863373769,0,6.706073052265,4.037332949486415
nige1253,atla1278,5.547547485515816,0.02026612481377528,0,4.563429104373,3.638549619238555
hava1248,coch1271,-1.4543305795744073,0.004002448409058568,0,-3.6566414872315,3.85116695257739
hawa1245,aust1307,5.024785812253246,0.02967182119589873,0,6.983858578741,3.363144186881375
sabu1255,aust1307,4.0915559710869935,0.0229629565319267,0,5.6314634559025,3.500585335172235
hdii1240,afro1255,5.04743685604822,0.015419124303894291,0,6.6296193899,4.065071620626179
hehe1240,atla1278,2.0065444251245634,0.025008466911979978,0,4.471140247025,3.3613585786738
here1253,atla1278,2.5907149615151726,0.020160308580397194,0,4.2931132712175,3.43080391562917
hida1246,siou1252,-1.9107395568351946,0.008705629082584284,0,-2.68931749462225,3.70822167595435
high1243,toto1251,2.3097612917365,0.017462159570366467,0,-1.7444269412825,3.5077802340037403
hind1269,indo1319,-2.952299092472865,0.028074552754988265,0,-1.3253452090285,3.43858668921484
hinu1240,nakh1245,-2.62900774076968,0.011400058965004083,0,-2.044691877375,3.71151947946684
hixk1239,cari1283,-4.67766483680012,0.015940919565046206,0,-5.95097053461275,4.07297474845402
hlai1239,taik1256,1.9894815732759654,0.014131649334556682,0,4.357529314525,3.6330997676579253
hler1235,sino1245,-1.6906205598698008,0.023196525627337827,0,-4.37861406431,3.364323541858115
hooo1248,aust1305,-1.705596070083407,0.02222440867439837,0,-0.6656302417283,3.201898317522775
hoav1238,aust1307,4.566078756547756,0.01576682608651796,0,5.680130856285,3.42309003460353
ainu1240,ainu1252,-2.5971406476475867,0.011637749745492847,0,-4.90808812822,5.23418687778369
holo1240,atla1278,0.8676516097505378,0.016185801320228996,0,1.4226464567425001,3.283504574509945
hone1235,atla1278,5.5071071998559695,0.01516727305385971,0,4.9277168910195,3.738471013468945
honi1244,sino1245,-1.2139058947133827,0.024306749768968152,0,-2.7609150003002503,3.2508772150443397
hopi1249,utoa1244,-2.6887317461818605,0.010093978568615837,0,-2.7964085905125,3.44421786014085
hote1245,aust1307,1.0897774273104956,0.01437897061698129,0,4.9194604637375,3.305496682138275
hozo1236,maoo1243,-2.390420118501061,0.02730566835429288,0,-2.1979279911500003,4.318127822032061
huuu1240,aust1305,3.6690529037390966,0.024129391425174243,0,3.4895818242325,3.439648954565995
hual1241,quec1387,-3.3194828742889895,0.011972453713789787,0,-2.7699868271175,3.538532301483245
huam1247,jiva1245,-5.065172277002354,0.02246741866280241,0,-4.8792653516,4.098343060984565
huar1255,utoa1244,-2.2286155041667217,0.006511453599418773,0,-2.048611830335,3.447839551589385
huas1242,maya1287,2.8109608550686165,0.011157379031611524,0,2.9187036259125003,3.932911333582965
huba1236,afro1255,5.111024770101217,0.026450332484625878,0,6.6303907796049995,4.023931726296015
huic1243,utoa1244,-0.5335013431023816,0.012404972303269715,0,-1.75304589352325,3.3695250459851946
hula1239,aust1307,-0.7514270917034314,0.021730429040206705,0,3.399132349119,3.21123602355784
hula1244,afro1255,3.832018785605796,0.01004807682838182,0,4.898996518175,3.685735371101515
huli1244,nucl1709,-4.27336084981917,0.02736973235104687,0,-5.461680405232499,3.859256516883485
humb1243,song1307,2.6668182098775315,0.016440440434605186,0,5.794379648975,3.6870340347747153
hung1275,aust1305,4.233357328229676,0.024315676528529485,0,3.4263567019025,3.427602472146005
hung1274,ural1272,-0.6170570949494052,0.010663921442536122,0,-1.2461290578725,3.5397325456331803
hunz1247,nakh1245,-2.380054393546337,0.05037194402828214,0,-1.2507248886897502,3.65095740633385
hupd1244,nada1235,-4.267243713672828,0.008608036764773121,0,-5.5060559529475,4.04534125289563
hyam1245,atla1278,4.84098632124885,0.021956160366996488,0,4.8669358141975,3.7823072750336797
iaai1238,aust1307,3.009110087403634,0.03141162575720819,0,5.7819149832,3.44677064960446
iatm1242,nduu1242,-3.776189067551001,0.022736824320987725,0,-4.995221169560001,4.12402207566765
ibal1244,aust1307,1.37462996542348,0.03142790864805097,0,1.3536565429945,3.273808545921065
iban1264,aust1307,4.601876486764436,0.018970511371376318,0,5.6096817718075,3.421124711005055
iban1267,aust1307,2.4148524951290256,0.022038897501103345,0,3.219037142095,3.29786194888729
ibat1238,aust1307,2.176136483970687,0.018832544579791187,0,2.2722560989475,3.26936226605393
ibib1240,atla1278,3.230507029167959,0.014881363601668784,0,4.175597944545,3.6555865920739903
icel1247,indo1319,5.633274119999748,0.030255670327904962,0,6.2785705109925,3.663343286944975
idaa1241,aust1307,3.5705376945132454,0.024612307395570344,0,4.88899629850555,3.4405412940568603
idii1243,paho1240,-3.674027314299511,0.02455622284011825,0,-3.9278778205675,4.21100180803907
idum1241,sino1245,-3.780934119426559,0.023366730192840624,0,-2.480619713685,3.452011862829465
idun1242,aust1307,-0.6817661353261782,0.012354114701578418,0,2.5700665342675,3.29517235779231
nucl1417,atla1278,3.354107344106297,0.023994056443981882,0,4.93091852309,3.74947082463772
ikkk1242,kuli1252,1.2605979791300799,0.007755604057422211,0,4.59103896223,4.24090994701236
ilaa1246,atla1278,1.6375272859327752,0.013814155836127419,0,2.8701151636624997,3.3178426009678796
iliu1237,aust1307,2.7676029029578215,0.027617284970580375,0,6.1134659315925,3.42539026818821
ilok1237,aust1307,1.9321465004301694,0.029275346196052876,0,3.2545002721775003,3.30385558008555
ilon1239,aust1307,2.144288280549552,0.03484904562290949,0,2.82904374782225,3.29338807665733
imba1240,quec1387,-3.0031587043365677,0.01188755248060512,0,-2.848582339813,3.46479741966211
imon1245,bord1247,-3.0083817060792004,0.032488111443993904,0,-3.7982965210975,4.222331679193675
ingr1248,ural1272,2.4825799417737127,0.021153912504320416,0,3.72594074803,3.22048180287566
ingu1240,nakh1245,-2.766844627445327,0.009388724907839978,0,-2.9013484744725,3.893477137775775
alba1269,aust1307,1.9812609908980332,0.054321765181551566,0,4.430928548085,3.2824418195273397
iqui1243,zapa1251,-4.7048053885554335,0.004445298056042838,0,-4.6838953923975,4.224850519908875
iran1262,aust1307,3.865153731780757,0.029675141709137452,0,4.125470075479,3.3012404904307653
iraq1241,afro1255,2.6014033909770564,0.03439406450811227,0,0.24215481367675,3.36844433732501
irar1238,aust1307,3.087311025396463,0.023830187138728514,0,5.532950339005,3.4838981118450247
iris1253,indo1319,6.147024395798576,0.024994507856152978,0,5.426763362945,3.87918174820527
irul1243,drav1251,-4.286921268110632,0.007727240957526749,0,-5.043703143354,3.71073107355386
kris1246,skoo1245,-1.767787234827376,0.019336190256504484,0,-4.5196810876875,4.036639807409445
isco1239,pano1259,-4.410399123097308,0.017102942247495687,0,-4.543309126465,3.6651623553940498
isin1239,aust1307,1.798638131295707,0.026328206519227966,0,3.04220363153725,3.2965231016205303
isir1237,kwer1242,-2.7114691711139742,0.016487843183007382,0,-4.4793452022075,4.1444621253239
isna1241,aust1307,2.2538417448654857,0.025901375297524634,0,3.174805409444,3.2990829846163603
isth1240,utoa1244,-0.0501820268300949,0.010748031798791845,0,-1.4125960766899999,3.27230407430804
isth1242,utoa1244,1.9550728250289844,0.02516054753749234,0,-1.153099841125,3.27707897864726
ital1282,indo1319,6.028112041591214,0.025674969467514193,0,6.60417677899,3.6232862605359397
iton1250,iton1250,-2.8890636696829652,0.010538871452353412,1,-4.7137050286,4.270707679176165
itza1241,maya1287,4.148910589829793,0.01347041242892313,0,3.049179973914,3.94596531114856
iumi1238,hmon1336,2.1561841007562763,0.009555322293502306,0,6.2217023789725,3.716863338810135
iwal1237,aust1307,1.0107787131026407,0.01446446835374004,0,4.9478491945975005,3.305761590084955
iwam1256,sepi1257,-2.2233225383962023,0.06135207736435693,0,-3.08187736886775,3.738641225841845
iyoo1238,nucl1709,-2.752521778430806,0.036693526438053285,0,-5.6236324257525006,3.9064054990249897
jahh1242,aust1305,5.171829650488508,0.009801456150168779,0,3.488110558045,3.5127516699098047
jalk1242,mand1469,-0.5429602523546935,0.023158921544049853,0,1.8070149360025,3.3034584023335603
jamb1236,aust1307,4.625399288831788,0.03705629727755634,0,5.6944976888475,3.378403917289785
djam1255,mirn1241,-3.2432703715425912,0.024463071980810987,0,-5.30043969282275,4.1019562215430945
jams1239,dogo1299,-2.395287807769905,0.016722267167832542,0,-2.8379146519524996,4.100294225489424
nucl1643,japo1237,-3.1952914370016225,0.02178375818503478,0,-2.6477002722821252,3.824626339748945
japh1234,sino1245,-3.17557087913477,0.028783406324728665,0,-3.7267895454678497,3.4995384389974253
jaqa1244,ayma1253,-5.646004072219427,0.019208905981822805,0,-5.352549123175,4.066324131746275
jara1266,aust1307,4.017910758059495,0.02808154169262243,0,5.535198852671,3.4341062000080154
java1254,aust1307,4.585061010214366,0.053412893005875754,0,5.10868711824725,3.51605774090414
jede1239,aust1305,5.044461325316919,0.030736562881985157,0,3.4969878298175,3.488455573868025
jehh1245,aust1305,2.930476545811754,0.028902992882479325,0,1.6289511982,3.30656060983998
jeha1242,aust1305,5.00596333147716,0.025499877803701908,0,3.50912973899125,3.491533319501785
jeru1240,sino1245,-4.7251982824034435,0.026324487923192138,0,-4.4467673597625,3.5904133089785
jina1244,afro1255,4.703242370338433,0.04345655319258084,0,6.644440931025,4.02783534803802
djin1251,mirn1241,-3.8899675424820552,0.022969186803009967,0,-5.24440826607,4.15337476060045
jjuu1238,atla1278,4.862472103316083,0.024528947768192262,0,4.8647505149975,3.75284763512403
juan1238,aust1305,-1.8452445940921463,0.020140361319789357,0,-0.070537460967,3.1839319331268197
juku1254,atla1278,4.722625408256306,0.013156805194599889,0,4.937557734018251,3.73730071358178
jurm1239,cent2225,1.8656057292781396,0.018536801159779553,0,2.90402961450925,3.3585367359421
kaba1281,cent2225,3.794881437949922,0.02167917005028929,0,3.0921412308300003,3.32364729531655
kaba1278,abkh1242,-2.276178802238398,0.034966073973431336,0,-2.8815036459875,4.11620897710689
kach1284,gong1255,-3.3477195921533363,0.02247744014069901,0,-1.21359465062425,3.613515529178405
kado1242,sino1245,-1.452797378596037,0.027317793631766854,0,-3.252470362707,3.3753676371954953
kafa1242,gong1255,-2.1513314319686767,0.028397194945412697,0,0.727425098022425,3.35776577683129
kaga1256,aust1307,0.3672207906832551,0.03625545785949757,0,3.6082232061874997,3.181604822223785
kagu1239,atla1278,2.566715017755838,0.018432809886339753,0,4.1145431577275,3.40516353922713
kaik1246,sino1245,-5.198615564507078,0.03161239123457311,0,-4.538296393062749,3.57558908537367
kair1263,aust1307,1.184806077721603,0.026611709988437652,0,4.79161253595,3.374590884706985
kaki1249,kaki1249,-3.8719325263644317,0.029747587556103995,1,-3.7043839962325,4.320939666010069
cacu1241,kaku1242,-1.9928685217849975,0.007370587356722015,0,-5.77392257965525,4.08977257852636
kala1399,eski1264,-0.8569603304362832,0.003998844498890566,0,-3.7875217121725,3.6710828467908403
kala1388,aust1307,1.3695281805126993,0.021348979386799773,0,4.584317379275,3.26384267736276
kala1377,pama1250,-3.9414792118255777,0.029015518384860255,0,-6.002752024805,3.873684612278315
kala1384,atla1278,1.5415379215467504,0.023946058438778398,0,1.80009974258175,3.276285139575975
kali1308,sali1255,1.434334350549496,0.010583993504219602,0,2.765366462595,3.5088006507167
kamm1249,atla1278,5.285496959972488,0.022405252433087882,0,4.38518122358435,3.6428080870943003
kama1367,nucl1708,0.2444610489910408,0.03654065361197729,0,-0.6965726625065001,3.6294568140458496
kamb1316,afro1255,-0.9140090320966062,0.017215016910759273,0,-1.8579610455345001,3.33668164031308
kamb1297,atla1278,2.7191198965677934,0.041154220300337205,0,3.9079073639099997,3.387375232132285
kamb1299,aust1307,4.3206844667729545,0.023599265983100318,0,5.643365370444251,3.49869559652343
kamo1255,nucl1709,-2.721222593431122,0.034688329128273306,0,-5.3920301984275,3.83555477662161
kamu1260,kamu1264,-2.3163334291789477,0.022169246060169165,0,-5.0763831732725,4.084704053231555
kana1286,aust1307,1.7665424733545403,0.02433724097057369,0,3.3728234510192,3.5242358773734948
kani1286,nucl1709,-4.377488469573711,0.02722869846082979,0,-5.14000630104325,3.9442237125837503
kank1243,aust1307,1.7882244416116935,0.03351863667367095,0,3.1670346741487503,3.26377687909264
nucl1305,drav1251,-4.404799755419809,0.006771640008268467,0,-4.957366636754999,3.716187027982955
bidy1244,atla1278,2.8270996494719367,0.020523240942758328,0,4.39103213280465,3.66911443437301
kapi1249,aust1307,4.564478122346711,0.031310974177580594,0,6.937810805650001,3.3601463124148196
kaqc1270,maya1287,2.770947338198215,0.012040038023617042,0,3.2015886195574996,3.90238367207875
kara1482,cent2225,2.59199130083365,0.02578166694991132,0,2.9643755166175,3.3310914641700853
kara1476,pama1250,-2.7527011907413,0.024469905475122632,0,-7.33383115733,3.80687284074967
kara1500,nucl1710,-3.210007080660203,0.00838959984944192,0,-6.125839695425,4.00788207738854
kara1487,aust1307,1.412189674921403,0.034918213622049735,0,1.3445271150325,3.245166027596185
kara1486,aust1307,6.010006788936795,0.009727077569346848,0,5.3176853000775,3.4717850585519
kare1338,atla1278,5.241572618083232,0.023871807715315264,0,4.2994373986975,3.503280805255005
kare1335,ural1272,2.5255969595361343,0.024808391307033852,0,3.6982758140275,3.212328206658475
kari1306,atla1278,3.873648627450015,0.024297853176316803,0,4.567312927083,3.611627183828055
kari1311,tupi1275,-4.704048678745479,0.019821678530179004,0,-5.888691463284999,4.079310207853085
kark1258,pauw1244,-3.104029262987421,0.025413985626160217,0,-3.80236864463275,4.239173032213991
karn1252,aust1307,2.1232553505890683,0.010221659255107575,0,4.853916544325,3.327260907209495
karo1304,karo1304,-2.53467724823662,0.010917200893021837,1,-2.8722938447285,4.157055704602316
kash1277,indo1319,-1.5168212237938157,0.0239467403352609,0,-1.29406890015375,3.4543461320400253
newa1246,sino1245,-4.9947834658234065,0.03091945328993987,0,-4.314756137990001,3.60288327462668
kats1235,sino1245,-1.883522974458458,0.02523247565354488,0,-4.244082039712,3.404947195858695
kana1291,katu1274,-2.3425321670028287,0.012555707160594422,0,-5.09789673519,4.12650583873404
kava1241,aust1307,2.6336055778821628,0.023817440860529095,0,3.1789532061025,3.426022580136295
kaya1315,sino1245,0.44481429421400187,0.043784812627796765,0,0.07118974159,3.31380493541264
kaya1319,tang1340,-3.488790548717785,0.03179320819968161,0,-4.7252893951525,4.089762664139444
keap1239,aust1307,-0.7951051463622779,0.03332964950111487,0,3.0689714794725003,3.1948368291084552
keda1252,aust1307,2.792142255397789,0.024458895729741588,0,5.88014643264,3.4562119755990546
kera1248,atla1278,3.2611014005316736,0.021957494998219796,0,4.355235100212,3.6591701585034
keig1242,kadu1256,2.7057050384114953,0.02073002866588299,0,2.9898038333825,4.40685175393569
kele1255,atla1278,2.8228212998875923,0.016112412327283856,0,5.0625309207075,3.575455028136215
kele1258,aust1307,2.7745546750630856,0.03600467208940271,0,5.92317548537,3.4347985265386702
keng1240,cent2225,3.0852766009298818,0.02238856306002353,0,3.0706475228050003,3.2958170155148947
kens1248,aust1305,4.960784843916434,0.022951773615410318,0,3.51815654342,3.500989745411235
kenu1236,nubi1251,-1.0288964001423115,0.008796022718911166,0,0.51485488149,3.80420912532073
keoo1238,aust1307,4.568993321516734,0.03006484089573494,0,5.636411706424999,3.51822385040135
kera1255,afro1255,4.839525599360433,0.0278161828877085,0,6.5320701593225,4.0561526572435405
keri1250,aust1307,4.63289169402325,0.02679779038792834,0,5.663964423175,3.3937711342645
kesa1244,nucl1709,-4.717817210697273,0.0277924900500517,0,-5.0934824201925,4.27434222670513
kett1243,yeni1252,0.9657609314895093,0.015034406680424746,0,3.5843708060492503,4.571107626852565
kgal1244,atla1278,2.577234634598851,0.022068540414877998,0,1.487112201417,3.2074520588435798
khak1248,turk1311,-5.221135743049549,0.02382577630161482,0,-5.3683415287425,3.852849805589525
khal1275,sino1245,-4.2441970499218655,0.03014137825863912,0,-4.43097624656,3.589382505407815
kham1282,sino1245,-4.227751620904778,0.02276257455129811,0,-4.8949337388875005,3.48528833883213
khan1278,atla1278,3.3471798039942064,0.026958743692748536,0,4.013459128305,3.628215994755545
khan1274,aust1305,4.0031816058567,0.031475074547405064,0,3.5018866463275,3.42231457346587
khar1287,aust1305,-1.3714868785107848,0.023467306123541833,0,0.4303410358475,3.18552329862279
khas1269,aust1305,1.7675126322422572,0.022686911477880677,0,3.5095790275725003,3.42342865505862
khez1235,sino1245,-3.756958929238258,0.03357734476488961,0,-4.2654648426424995,3.64583480790703
khin1240,nakh1245,-2.912793114290092,0.005907071391884795,0,-2.6904317897425,3.84587580160794
khmu1256,aust1305,4.012390555485199,0.04030535423869733,0,3.5615887315399997,3.4225939524492848
guan1266,sino1245,-3.109584512058724,0.034592522172132295,0,-3.7262767090524997,3.48203183538849
khum1248,sino1245,-3.340690978455498,0.03138513848677899,0,-4.4211890896025,3.612370594033695
khva1239,nakh1245,-2.5488341209431025,0.013768339848001711,0,-2.1086919031195,3.69296588965312
kich1262,maya1287,4.734061399081362,0.016224431952668164,0,3.073360763743,3.96954260516216
kiku1240,atla1278,2.8756076750851753,0.04018680124881496,0,3.906870238295,3.40048162934746
kile1243,tung1282,-3.8673619315438272,0.013740376839440502,0,-8.1035631798,4.877982623466625
kima1246,kolo1268,-3.1924259675063684,0.0330956677872637,0,-4.836233792059,4.1187589980474755
kima1244,aust1307,0.9616180247286219,0.0219500506177106,0,3.4150181374725,3.2759133635104147
kimm1245,hmon1336,2.411935694617017,0.01339303309213826,0,6.211730052795,3.708353418301365
kina1250,aust1307,3.34950210609704,0.027117737994208992,0,4.4981519458624994,3.2999806809905
kinn1249,sino1245,-4.6956063053749375,0.02928859464740024,0,-4.51290261331375,3.583013953656585
kiow1266,kiow1265,-2.143068264336825,0.006741075175796356,0,-2.5685841421275004,4.005392555175755
kips1239,nilo1247,4.659772697694885,0.02919760819337639,0,6.14534922765,4.2846064668811
kelo1247,timo1261,-2.5822362513428345,0.023668408765691918,0,-5.1678326983825,4.203072643881625
miju1243,sino1245,-3.374279054281637,0.026223389956380145,0,-2.4948977637575,3.40212384202651
kobo1249,nucl1709,-4.6321128728794765,0.03390728274125633,0,-5.137384716245,4.20518868088584
koda1255,drav1251,-4.3058559785083395,0.009258054678296077,0,-5.0301701164009,3.7253801181619597
koho1244,aust1305,3.9495444800905655,0.012564588909629732,0,2.8081775777624998,3.3741196367563253
koir1240,sino1245,-3.72070626125712,0.04109557863391435,0,-4.5588017781158,3.6017593556392002
koit1244,koia1260,-4.847431367690037,0.04914028320404089,0,-4.0555691195725,4.29591810071085
koka1244,pama1250,-5.025926308858763,0.027791230687767787,0,-7.2611249455374995,3.844858798302285
koko1269,aust1307,3.1766687920012946,0.00398605141329833,0,5.79020510091,3.3886525824958653
kola1285,aust1307,2.5406194896853806,0.03350957124081815,0,5.547231925618,3.4314865566177453
kolb1240,atla1278,3.997286955956354,0.02247551655972675,0,4.790321359369,3.4709710734103902
kolc1235,atla1278,4.616701095720892,0.018880298826449933,0,4.607713143095,3.5745653474697248
kolp1236,kolp1236,2.576514282983956,0.02817293846314434,1,-1.7596118279825,4.103357118667734
kolu1245,aust1307,-0.6399945391713857,0.01181663013532284,0,2.6914163308425003,3.321020943293775
komb1274,nucl1709,-4.001307498710302,0.02884314784670084,0,-5.4564521947374995,3.868435092501015
komc1235,atla1278,4.368293930847598,0.03465989469002081,0,5.1118512627325,3.88752866552043
komi1270,sino1245,-1.2614862556666981,0.026666720096457572,0,-4.6292891124075,3.553885448308265
komi1269,ural1272,-2.3979750254507364,0.01889859524134611,0,-1.7426907667167502,3.46457627833859
komi1268,ural1272,-1.8627245374841497,0.018610764884882496,0,-1.75899118954,3.4665876487010454
kona1242,east2433,-3.2385000621714233,0.03952507951826687,0,-3.79332552215525,4.1703330748449154
konk1267,indo1319,-2.810746659594944,0.021940353217802903,0,-1.5841413605465,3.4335785602538
kony1248,sino1245,-3.6394780051368043,0.027138294508250695,0,-3.07030220323225,3.437171256391915
koon1245,atla1278,4.678376740206128,0.02381798499235018,0,4.58925058060825,3.565815911252875
koor1239,gong1255,-3.3285466126685526,0.02833943224361218,0,-1.22024584036975,3.62144663339404
kora1294,nucl1709,-5.190920908504305,0.03536895166358609,0,-5.1068629078775,3.903997486412865
kore1280,kore1284,-2.1761414277890205,0.005670917606805113,0,-5.268538824746001,5.005784111620439
kore1283,tuca1253,-5.745570581579113,0.010553038671224337,0,-5.8821924573375,4.07045602334715
kork1243,aust1305,-2.381059610821004,0.018344744789793456,0,-0.41534735287049995,3.25321100659074
koro1298,atla1278,1.3580802909513976,0.024678512497942343,0,4.014545142295,3.380245721830645
koro1313,sout2948,-1.6346239731469248,0.016715305578407315,0,-4.79230215701575,4.25666940579444
koro1312,nucl1709,-4.038954983610006,0.025938111531737976,0,-5.4411394215325,3.8924109834202847
korr1238,drav1251,-4.278751679420466,0.016999707597909516,0,-4.86780057553,3.772490842983165
kosa1249,nucl1709,-3.9026323757744916,0.029625151253004953,0,-5.1413888416999995,3.8830008347493896
kosr1238,aust1307,6.268290118601502,0.012414675941844944,0,6.049528421774999,3.458994866185635
kota1263,drav1251,-4.29695477843408,0.012192051137965192,0,-4.95207879361275,3.73828899854521
koti1238,atla1278,2.0102573102681824,0.015530050714166604,0,2.1028983229535,3.2106505830981797
guan1269,tuca1253,-4.283803047054025,0.008914967672135078,0,-5.907856944525,4.03070415321805
kova1243,nucl1709,-2.6587639438092827,0.030007006173752508,0,-5.645413651205001,3.91496242146862
kove1237,aust1307,3.0288907654207904,0.011022981107351186,0,4.801047621175,3.3905450799561896
koya1251,drav1251,-4.781801735695377,0.03356493858203683,0,-4.939736675849,3.735197541582785
koyr1242,song1307,3.047833118022221,0.019849608816193697,0,5.839183780932499,3.69072736709942
koyr1240,song1307,2.4704801461740384,0.015239138241083885,0,5.7545545588775,3.686958031977725
koys1242,afro1255,3.8524195522058724,0.019357988222018407,0,4.916906245931999,3.66365705402899
kren1239,nucl1710,-4.072657417101932,0.01755814894992477,0,-5.950534024825,4.0898154595188245
gbay1288,kres1240,3.3020869533289687,0.021455079910378132,0,4.423669415015,4.440445691093425
ngeq1245,aust1305,3.5134285755108303,0.03744015732837227,0,3.72526771959975,3.462251567659
kryt1240,nakh1245,-2.9273024264740446,0.015417372188666978,0,-2.9633094180604997,3.83844698925542
puoc1238,aust1305,4.123863454624896,0.02255388783369113,0,3.5128044718025,3.42688656173431
kuan1248,aust1307,4.290813687559285,0.011943145857895363,0,5.430078315973,3.444724426294305
kuii1252,drav1251,-4.676756516585067,0.009843888047563745,0,-4.853844828788249,3.760060733911435
kuik1246,cari1283,-4.484306095911872,0.014640953287435752,0,-5.91430913894,4.101011893850361
kuku1280,pama1250,-1.1226326905326656,0.02092865224421336,0,-4.0944923639645,3.51272060573495
kuku1273,pama1250,-2.9899399466151317,0.016492788556929722,0,-5.1557822091025,3.65678200095406
kulo1237,aust1307,0.5658440467959136,0.018792279768293747,0,5.292417193592501,3.62051047227453
fait1240,nucl1709,-4.790364980705172,0.02625181284426741,0,-5.2084801376275,4.19502530252946
kulu1253,sino1245,-4.1668387809779315,0.026684489251605402,0,-4.4008016632724996,3.6009807102870903
kuma1280,nucl1709,-2.719738738515371,0.030092860516753868,0,-2.30373344667,3.4975235022902202
kumb1268,pama1250,-3.9127611206063406,0.025135330342915343,0,-6.489579805277501,3.96222267727936
kumz1235,indo1319,4.14071975412432,0.019317111752649028,0,2.23991313266,3.5643915859685498
kuna1268,kuna1268,-2.7114502090791524,0.022055637626810457,1,-2.3881214389,5.129747690969415
kunb1251,gunw1250,0.3866968309109292,0.03034693486578744,0,-0.9113223835365001,3.4857881153683
kuni1267,kuni1270,-4.153995388360525,0.0261145408928978,0,-4.1533837492525,4.300441429049155
kunj1245,pama1250,-3.1634449959092072,0.00809866271534609,0,-5.4820777123974995,3.731162903827045
kuot1243,kuot1243,2.9631134140796274,0.037606354386189964,1,-1.149370254785,4.121515947375215
kurr1243,pama1250,-4.668855171437821,0.024390328809649493,0,-7.3612093103300005,3.8092939148399854
kurt1248,sino1245,-3.8750772551625516,0.027871923307622823,0,-4.717239016190975,3.54108524875513
kusa1251,aust1307,4.5831917173423475,0.007583264620205433,0,5.69320053185,3.41980988012155
kusu1250,kusu1250,-5.452569523885616,0.012572063676027945,1,-4.2739794782735,5.344809905213751
kute1249,kute1249,0.8758680316750415,0.008359150234990877,1,1.41197899299275,3.9244130141997102
kute1248,atla1278,4.617152258797676,0.0163948266833288,0,4.9239498956675,3.721075373216625
kuyy1240,aust1305,3.9647980264466693,0.030241627641509665,0,3.7650463693000003,3.4682484611555546
kwai1243,aust1307,5.184495496084965,0.01015782062666539,0,6.17144083516825,3.4358617851035502
kwam1252,aust1307,5.634652978492374,0.005707486166341097,0,5.867993032575,3.46378966988625
kwar1239,aust1307,5.172441786650445,0.00756948492829074,0,6.1722902538349995,3.444312695774825
kwaz1243,kwaz1243,-3.2315278067378466,0.03418512914539847,1,-4.25175681469525,4.239865579049725
kweg1241,surm1244,-0.1993360184285637,0.021887341197900145,0,1.2784746680894998,3.3936264170100454
nucl1595,kwer1242,-2.8265886812877534,0.020541943313795444,0,-4.4617429847325,4.161458603933175
kwin1241,worr1236,-3.1548960924063247,0.024580693269290143,0,-5.033805863847499,4.155779689537755
kwom1262,sepi1257,-1.877497605411813,0.032366453733604195,0,-3.5596607192749747,3.678952054114185
nucl1593,kwom1263,-2.9822028251441077,0.018585365766187672,0,-4.052151475775,4.3187814602258054
kxoe1243,khoe1240,0.11483830372493414,0.007409222565352276,0,3.1925268400375,3.70455829644541
kyer1238,sino1245,-4.964069334595175,0.022164466381605793,0,-4.8760445611200005,3.5050005488965796
cori1240,atla1278,4.868047085191263,0.02284984963312012,0,4.85945740381,3.76949582433045
laal1242,laal1242,3.7124704829294997,0.027996124445599225,1,3.92066161358375,4.85990714675002
labe1239,aust1307,4.206514564351376,0.015375851834720487,0,5.45038112743,3.461131069968795
labu1248,aust1307,1.2494543670519267,0.011089419160918134,0,5.3865873608725,3.355172465343645
labu1249,aust1307,1.7728963426946747,0.027910660053458186,0,4.413220988567501,3.3339600032546697
lach1248,taik1256,3.884490457613728,0.020224392548540564,0,3.104577637485,3.492995780780435
lagw1237,afro1255,4.643318162371326,0.029196949137009837,0,6.6249354641850005,4.04537990471881
zaye1235,sino1245,0.18792731921987116,0.03717889206594081,0,0.10509194929,3.3332716002276053
lahu1253,sino1245,-1.5103712329331116,0.043849366495501994,0,-4.006184088095,3.39602497191838
lahu1252,sino1245,-1.5798702398315432,0.03340886940947494,0,-4.010786981515,3.38207812038166
laiy1246,aust1307,5.009625853054777,0.026346080960484297,0,5.343025746577499,3.4641473755897048
lakk1252,nakh1245,-2.864499298798804,0.012697198077324258,0,-2.71029946378075,3.870646877377205
lala1268,aust1307,-1.0365197630940364,0.017477201117787264,0,2.5348621340925,3.2178262902318853
lama1277,aust1307,2.9278116113778045,0.022503390327656133,0,6.039205208345,3.4300159881745653
lama1288,afro1255,5.037009174136003,0.027461202208607163,0,6.64312148187,4.057461535407115
lamb1272,atla1278,1.4907511346485558,0.021595717541834387,0,0.990916392202,3.3062189675049547
lame1260,aust1307,4.201133119129995,0.020050716948120266,0,6.341336095175,3.430489441536335
hela1238,sino1245,-4.9220635637603,0.028070461586185837,0,-4.8770716386,3.4929884740335497
lamk1238,sino1245,-3.398290081921651,0.02406949606547822,0,-4.55836639997,3.59274379304681
lamo1244,aust1307,2.7561412845955724,0.020810469587454104,0,4.6945817063025,3.36157982684105
land1256,atla1278,1.7755526421637142,0.025216606865321768,0,2.6761130087785,3.275008110024295
lang1324,nilo1247,3.9093744794537955,0.028332205613431548,0,6.3398410713225,4.20831036984956
laoo1244,taik1256,4.082058378980914,0.018237607151533938,0,4.672150492955,3.664504959349435
lara1258,lara1258,-1.3016674981615297,0.022037441969972607,1,-5.538278060602501,4.118571349491405
lard1243,tang1340,-3.4180959804775344,0.038642106551006,0,-4.715007740432499,4.09751280248173
lash1243,sino1245,-2.0234719046552265,0.04026019796628348,0,-3.099309648055,3.272333434162365
teke1275,atla1278,4.418569948256453,0.021398738966337243,0,4.9212647688225,3.5864977512066902
latv1249,indo1319,5.563815016019123,0.024353955139746294,0,6.04032408605,3.7201802985784402
lauu1247,aust1307,5.229130364952127,0.014056784351315299,0,6.17825264901,3.44389786011129
lave1248,aust1305,3.6806906128668553,0.013610635909157865,0,2.9029074488499997,3.37097202882579
lavu1241,lavu1241,-1.7458419547081396,0.02016143661565211,1,-4.5934857175375,4.30694623872841
lazz1240,kart1248,2.0622724829011125,0.010892951586733875,0,3.32853659820275,3.85564400875389
lega1250,atla1278,1.5342059001216617,0.01849531182096809,0,1.83092767205475,3.2976564583045
lele1276,afro1255,3.1596181645648125,0.03443513940573248,0,6.608517178390425,4.024105943183435
lele1267,aust1307,5.734590039902473,0.02971182200343795,0,6.3207529604225,3.42788574741492
lele1270,aust1307,2.6912646796103292,0.03916238630979285,0,5.91239108944,3.4307650402917
lemb1266,nucl1709,-4.433121154825159,0.03973440636300371,0,-5.409301722438125,3.868222598472245
leme1238,aust1307,5.992107295368472,0.023862083777058365,0,6.2586331160575,3.43937125486399
bela1260,aust1307,3.9138778525311695,0.02604657941759946,0,4.97322468591,3.4510351058872546
lena1238,aust1307,5.62051672637407,0.013742172636546162,0,5.86599339934,3.449056181822505
lend1245,cent2225,-1.0561954801671585,0.019786100254977887,0,1.1298959259674999,3.3820067849809696
leng1259,aust1307,3.199471378464064,0.007998729863898331,0,6.1995621061375,3.447592733584745
lepc1244,sino1245,-3.7610450601602894,0.027887776129817146,0,-4.17649549118,3.6355060151637
lese1243,cent2225,-0.18886796349448784,0.02085318865758962,0,2.7021061841250003,3.27413261869017
leti1246,aust1307,4.666688633850488,0.03626684362662841,0,5.979530651344,3.43282648612352
lewo1242,aust1307,4.204717249609064,0.026829389394792628,0,6.3300106355245,3.430474964219885
lewo1244,aust1307,2.885629102303976,0.024521442724131436,0,6.0411368268075005,3.43242559429913
lezg1247,nakh1245,-2.9452419146650284,0.015152291249169666,0,-2.8943892440675,3.8196340697420403
lian1251,sino1245,-3.6726021467329915,0.03752888262713622,0,-4.244757958211,3.63440111187367
libi1244,atla1278,4.488499514469024,0.019006685481757116,0,5.334099958564501,3.52053022302634
liby1240,afro1255,2.872459021617611,0.02572723986443036,0,5.043061276245,3.617177677840005
lihi1237,aust1307,4.439762028905891,0.017513516578330134,0,5.39715853512,3.4448243961992002
liji1238,atla1278,4.6337009472688075,0.020470056779307147,0,4.8241313948675,3.768481395348595
lika1243,atla1278,3.038303765727764,0.009007775158380785,0,4.5863194871849995,3.5883206186664047
lill1248,sali1255,2.4034481303378565,0.008670202961834773,0,2.2391659261705,3.6009116547496403
limb1266,sino1245,-4.045530962502242,0.027671881562403078,0,-4.4458531306274995,3.6004778270549
nucl1327,limi1242,-1.2582400228372157,0.018698651472373082,0,-5.6038901533050005,4.1279353542356
lipo1242,sino1245,-1.7775574807787111,0.016825027739228657,0,-4.3686235303025,3.37496692208757
lish1245,afro1255,1.634111056954707,0.016796890459043694,0,4.9493044252475,3.62947436850662
lisu1250,sino1245,-2.261860566010119,0.02174177987245178,0,-4.299516044532499,3.403354611702635
lith1251,indo1319,5.042122022645064,0.024443952972113464,0,6.0602448202999994,3.716527980778535
lito1235,atla1278,4.4296493049540775,0.02025763671354144,0,5.3248506420475,3.51620252539305
livv1243,ural1272,2.8152410405187296,0.025542552228052344,0,3.7942458250625,3.2033157642558097
loba1239,atla1278,4.499560935796305,0.04366824147149624,0,5.2569698811245,3.5522822764823
logo1259,cent2225,-0.8891546100648916,0.03113623710881466,0,0.5378936813199999,3.32173003300796
balo1261,atla1278,4.528405700878153,0.02043109885421852,0,5.2703204520725,3.5550200965032097
loka1252,atla1278,2.9693955352744057,0.03165107691208636,0,1.94458381687,3.4791241106234754
araw1276,araw1281,-2.8022391646457088,0.02000705451725141,0,-1.347860520924,3.33700812441268
lolo1259,sino1245,-1.7862080584497604,0.029814580177832926,0,-4.367163778495,3.3610157122251048
loma1260,mand1469,0.38491940214327103,0.016855452391818376,0,3.5351405280225,3.324320050856365
lomb1257,indo1319,3.8775779952580454,0.02356395002098523,0,6.6532130908575,3.584956094819065
chiq1248,chiq1253,0.9075258200244718,0.012925807179042218,0,0.353428893149,3.83042661923278
acha1249,sino1245,-1.7558486968109863,0.04244260026052589,0,-3.3056538523250003,3.2828412664522153
long1395,aust1307,4.971061537766839,0.009995982274894026,0,6.081889711875,3.462373294056595
loni1238,aust1307,2.843590095282691,0.02853664300397379,0,5.89268456193525,3.4414192758352202
lote1237,aust1307,3.0828658180281607,0.006362809062945953,0,4.697593733294999,3.3280009215208404
loth1237,sino1245,-3.775864469984781,0.030234663757826272,0,-4.2474269262530004,3.642136653655755
lotu1250,aust1307,3.2758862132986923,0.02664897287395601,0,4.60068487931,3.39537626596367
louu1245,aust1307,2.7520056842382354,0.031123275222996995,0,5.847952465475,3.47863007980692
vano1237,aust1307,5.972442295520057,0.013365060415056737,0,5.53592719084,3.50264255389473
lowl1260,tequ1244,2.1360711782213855,0.0065764505585338,0,1.1147097239925,3.9422468223915104
lowl1265,utoa1244,-2.0917481736238352,0.012078891531661235,0,-2.13737149997025,3.44742313923071
lozi1239,atla1278,0.6985540713897175,0.015174538468567773,0,0.58545389486,3.175030150032605
luan1263,aust1307,2.971609403690251,0.025627813279147822,0,6.01575555490075,3.4287915923379346
onto1237,aust1307,3.843426965717474,0.03456238707461594,0,6.96125918434125,3.359098027270785
lubu1243,aust1307,2.1389411775977076,0.023776268967784224,0,2.852468208225,3.26810709009429
luch1239,atla1278,1.1948354510442587,0.015254831208746562,0,2.44416215150075,3.344842107896215
ludi1246,ural1272,2.2314245417305827,0.025957856002205865,0,3.80433311259725,3.202477056227425
lugb1240,cent2225,-1.131059085017735,0.025581817424726604,0,0.5306570775966275,3.3165786834480953
lugu1238,atla1278,2.3396434111650164,0.01747561525981964,0,4.1230276440915,3.4229188560613952
lule1254,ural1272,2.760526780126444,0.019287289587979636,0,3.5477455165605,3.245730223081785
lumb1249,atla1278,4.066610362028965,0.016359860323516995,0,5.05913257882,3.5788946494131046
lumu1239,narr1279,3.1148256053135537,0.030677190878458105,0,3.536066599035,4.455417945435846
lund1266,atla1278,2.1400255236221186,0.021168040354023348,0,3.84096818210575,3.45227372966905
lund1271,aust1307,4.084201361810244,0.026464523183269244,0,4.974937181725,3.460992704784245
luok1236,nilo1247,4.688377127844305,0.023465619617318176,0,6.3559562419313,4.210615041669345
luse1252,atla1278,4.4059381709444825,0.019531078451990987,0,5.2570110475425,3.5485306246787554
lusi1240,aust1307,2.9025469643575534,0.01121375121270001,0,4.804875500635,3.38503612588068
luya1241,atla1278,1.622546554280531,0.020210120678364165,0,4.889897412090001,3.559783523274775
maan1238,aust1307,4.963702828936178,0.026213789297349792,0,4.1389612757925,3.3947175495521353
maas1239,atla1278,1.8903583142023912,0.017349503304005347,0,4.734267962515,3.5683267734942747
maba1270,atla1278,4.068282554205965,0.019795865797734142,0,5.3118304006822505,3.540088862726825
maba1277,maba1274,-1.0241433420513015,0.008170210707240864,0,-2.72240804167925,3.9105144272060848
maca1259,guah1252,-2.4079500126168014,0.006187806013997189,0,-5.6788204395425,4.117804970937965
mace1250,indo1319,3.3623569773376305,0.023131700810660925,0,6.445912942175,3.6239039251283947
mach1267,araw1281,-2.7691462859406553,0.014406833582735354,0,-3.13738142287,3.407263879908455
maco1239,sali1297,-3.577993848133473,0.01307003673319373,0,-4.5689466336125,4.31875409451768
macu1260,tuca1253,-2.5288667632395585,0.014092870620389525,0,-6.1186930213675,3.960856458442735
macu1259,cari1283,-4.651314633814864,0.038763124344991705,0,-5.92622830427875,4.048231760725905
mada1285,aust1307,6.135556750262831,0.012193905135242019,0,5.2762784098975,3.47776335561288
madi1260,cent2225,-0.993571401335877,0.020663252603032117,0,0.66705099710675,3.32775378527384
jama1261,araw1282,-3.6770552445991935,0.009279819507368052,0,-4.6067276954765,4.131759312722124
madn1237,east2374,-1.6127689304949493,0.016727851513938973,0,-5.35447123562,4.14934122183721
nucl1460,aust1307,4.647831587312715,0.03573711131560989,0,5.406918305095,3.44366856335806
mafe1237,aust1307,5.854513352237424,0.02358095000244144,0,6.2248777867075,3.461194071388035
maga1260,indo1319,-2.850116340414988,0.028672639047685192,0,-1.6951263963515002,3.386185279489755
magd1235,otom1299,5.555489697746923,0.009639361522289412,0,2.9997616470852497,4.01623716395793
magu1243,aust1307,1.2253299719210087,0.031669404706969,0,4.2617021142975,3.282418673379135
maia1254,nucl1709,-4.7942665160061075,0.02153614113259397,0,-5.0949754522549995,4.248263236525849
mail1248,mail1249,-3.9711026800920366,0.039435003209555244,0,-3.7457865461185,4.231814965839545
nucl1594,mair1253,-1.7815339233966734,0.018777246040409375,0,-4.348148559775,4.154401839659425
mais1250,aust1307,-0.6981569800439218,0.02408697571215926,0,3.1495384358587497,3.28531039239999
mait1250,indo1319,-2.7059557320206986,0.021857410198137837,0,-1.676379728913675,3.38083110837644
maja1242,surm1244,0.06092285375201195,0.02581252388771605,0,-0.2183414534825,3.530339012856745
maka1304,atla1278,4.720276184208403,0.02255811530137438,0,4.607864735903,3.5776703490832453
maka1311,aust1307,5.080821058036017,0.01601686559448897,0,5.077864224344999,3.4810922115115996
makc1235,taik1256,1.8870860841155184,0.01180714285935848,0,4.8846675698375,3.612590913672655
makh1264,atla1278,2.2349910966291815,0.012531368350685967,0,2.1137431163700002,3.2239593511625504
makh1266,atla1278,2.1202174792429407,0.013737105307723398,0,2.110854555245,3.22617270668265
mako1251,atla1278,1.6290700570090437,0.035754423785107355,0,2.2542089445561997,3.2561679614751053
makw1236,atla1278,1.5080569933673629,0.035654224819327104,0,2.2644413242674997,3.2565244775435502
mala1463,drav1251,-3.8838261702241192,0.010660867388344191,0,-5.0484294824710005,3.698282641055105
mala1534,aust1307,2.3079042197522117,0.027031749174432313,0,3.2137236597000003,3.3080638057546548
mala1464,drav1251,-4.010384241828003,0.011074716417391982,0,-5.04572113909725,3.709182687828115
mala1522,chib1249,-4.7530798647001635,0.009346973775126095,0,-6.950241170475,3.92826403584095
male1284,gong1255,-3.1040793508989566,0.026365743748781867,0,-1.1398925167225,3.617970869813655
male1297,chib1249,-3.870255906089888,0.012576583940653266,0,-6.896668073284999,3.9866683175008397
male1289,aust1307,2.5111890948431186,0.015643529731135652,0,4.6852301797325,3.325657466345175
malg1251,afro1255,4.911587782702149,0.03661110064172205,0,6.6293013027575,4.0544510696707405
mali1284,bain1263,1.7665108236572908,0.014869243487234613,0,-0.730654905635,3.960322712778955
mali1285,otom1299,5.60950751740627,0.012717748282087365,0,2.9556836401439996,3.9686258554618803
malt1254,afro1255,4.496314703201641,0.030364187983361636,0,5.03434495525,3.6243913766029
malu1245,aust1307,5.780103807897672,0.025771410503009247,0,6.227142949545,3.45598594551494
mamm1241,maya1287,4.733678956737098,0.00847092657092178,0,2.9296825311075,3.970273485409985
sauk1252,nucl1709,-3.6231349565148774,0.04352555061157665,0,-5.5642361925075,3.9315897321211404
mama1275,aust1307,3.462676119274259,0.027649508070821414,0,4.469358918255,3.282355189960995
mamb1306,aust1307,1.8042250995888356,0.025275210417149717,0,3.3878577921215003,3.28664807605209
mamb1294,atla1278,5.7120794048355155,0.026597845965857667,0,4.272025518275,3.5270456524104103
mamb1296,atla1278,2.0054271948344438,0.013842096390364433,0,2.5006501714839997,3.34726978928219
mamv1243,cent2225,-0.479945519481491,0.02324428474991642,0,2.32490270753,3.25043339818599
mana1295,aust1307,0.1008773978227126,0.014920744755559493,0,3.42384745612,3.240051964318785
mana1298,nduu1242,-3.411495306157065,0.04308370677693288,0,-5.0208494580580005,4.07054603501612
mana1288,sino1245,-5.149439626359722,0.02513607832451353,0,-4.5802657700800005,3.559894155134325
payn1244,nucl1709,-4.817327986231554,0.027262802703984505,0,-5.17846792207175,4.20972016859871
mand1440,aust1307,6.165845938204887,0.01925599469055267,0,5.3741151458725,3.4303429889992803
mand1415,sino1245,0.15869588307131993,0.013944832322054332,0,-0.03828297104975,3.247341295736195
mand1436,mand1469,1.0353532075214607,0.018794288569135842,0,2.630673209944,3.36101358103408
mang1378,aust1305,3.7800584611985952,0.029506708938393533,0,3.3691570134799997,3.4427749504602
rapa1245,aust1307,5.307411545803116,0.04353869931541778,0,6.99418365745,3.3628447561282897
mang1401,aust1307,3.5578797749691207,0.024292189848900275,0,6.99812997075,3.36280295660469
mang1381,mang1423,-0.7689213796995225,0.03057098496361677,0,-1.676635062115,3.7889387761589397
mang1394,cent2225,0.5977486700441992,0.013899921916754848,0,2.5832617786597503,3.320802088342175
mang1404,aust1307,1.041096957417651,0.045523910067709394,0,4.289603883465,3.25566864137493
mang1405,aust1307,4.628386513441117,0.028264097655185436,0,5.6155616750425,3.50844376078277
mang1403,aust1307,3.07647674884908,0.008672952027754702,0,4.66539685973925,3.371214625170675
moni1237,otom1299,2.7358953977651783,0.007069137212841428,0,3.00102451678775,3.93038111267132
tong1308,aust1305,4.840183592501249,0.028746461880745797,0,3.53751356151,3.4951690564905853
manm1238,aust1305,3.6909186892553283,0.032917745710185145,0,3.49339696134425,3.42520263946432
mann1248,mand1469,-0.3759370906276882,0.01958931067976546,0,1.60777931738,3.36128956772288
mans1260,hata1242,3.3246420948366033,0.06546786134745827,0,-0.7383159034319999,4.0670497688708
manu1258,aust1307,3.7552601528009566,0.02269125995075495,0,5.7642933854325005,3.4743713593829346
maon1241,taik1256,4.37603145563771,0.011626611239159127,0,4.807127357360001,3.6248725680236102
maor1246,aust1307,2.9385695655361017,0.024373839485499624,0,6.9905857043249995,3.35992948260093
mapo1242,aust1307,0.9971670225176664,0.020217791217270895,0,3.5727473991725,3.23013414292211
mapu1245,arau1255,1.3530545774420397,0.006960894637944389,0,0.80597187719,3.902210171299275
mara1382,sino1245,-3.168796727889135,0.03539090266224599,0,-4.46997726251,3.60458108830634
mara1399,aust1307,5.806375648024142,0.02688878463858866,0,6.2528966816285,3.44662243237029
mara1379,sino1245,-3.750081821187544,0.033909827468819966,0,-4.260511638235,3.64916107024304
mara1404,aust1307,2.9702201319227832,0.03376785957021871,0,4.07746473899375,3.304993808147775
mara1386,west2434,-0.5297880833278559,0.030423212614230533,0,-1.54739459431675,3.7136782878307804
mara1378,indo1319,-3.2704170386750073,0.022514052234553064,0,-1.5658505808032501,3.427239671066175
marg1253,pama1250,-4.441141587700211,0.0318277296582867,0,-6.194911332605,3.82864239170666
marg1265,afro1255,5.082961137092978,0.012689546784691202,0,6.62923170114,4.052113565427395
mari1414,drav1251,-4.788629400661307,0.012280154189729284,0,-4.948393987979999,3.729725077648145
mari1440,coch1271,-3.4987625262512125,0.010440286602043014,0,-3.4682496064699997,3.882167652017345
mari1428,aust1307,-0.4277441420947792,0.018888346033065818,0,2.920918215915,3.2597160247913948
nucl1622,anim1240,0.45134901268690386,0.01064380725325697,0,0.823565182971125,3.789978325841325
mari1416,sino1245,-3.394485872688729,0.04582450703575169,0,-4.2340966910399995,3.6507767951657
maro1244,aust1307,4.5435282582675445,0.012896355388493487,0,5.647053949657501,3.44900049184521
mara1385,mang1423,-0.2865369909797511,0.025659852831418736,0,0.24247323794499998,3.672640476536825
mars1254,aust1307,6.061919719681487,0.013104632700704255,0,6.229705939718,3.4236302964085796
mart1255,pama1250,-2.5950540523756938,0.022620239966083203,0,-7.3949684288365,3.8021627389700052
maru1249,sino1245,-1.448889078013339,0.040286634024831666,0,-3.77279735984,3.30574862417956
maru1252,pano1259,-3.928107150312166,0.007432095815210277,0,-4.5672164969025,3.636376244425565
masa1322,afro1255,4.759552916555836,0.011005386223894015,0,6.4672141424,4.08531598871635
masb1238,aust1307,2.134488423540043,0.01758921076154383,0,4.5704882300025,3.24363110266827
mask1242,aust1307,5.8616183464283385,0.03131786801599158,0,6.2322064085625,3.43600410332816
matb1237,aust1307,3.6571044578349015,0.03349334180490023,0,5.682801680752499,3.5004655830188147
kemb1249,aust1307,4.794692566331315,0.02168606989424187,0,5.24364547487,3.496023886410445
mati1250,aust1307,2.636395909994346,0.023104331083265598,0,2.0705888422,3.200339011400515
mato1252,aust1307,1.1400356325268526,0.00889629777090602,0,4.3375932072775,3.291121241142275
mats1244,pano1259,-3.8970136068433723,0.01727227818798864,0,-4.16893818183175,3.77666242623764
matu1261,aust1307,-0.4300000353570616,0.019182049660008027,0,2.96875063675098,3.266744499587785
matu1259,atla1278,1.660088967280891,0.02266061481801526,0,2.765837011005,3.3051060718772503
maun1240,iwai1246,1.168455456073684,0.01583376402208411,0,-0.4917720978325,3.8704187996287347
maxa1247,nucl1710,-4.212935463696285,0.008572532604035099,0,-5.943995740935,4.076377617542195
maya1285,misu1242,-2.7468296703451216,0.006263818348521039,0,-4.5734711112460005,4.042082084517904
maib1239,mayb1237,-1.4581345524194127,0.01873284554354475,0,-5.3299587567,4.21616297478723
mayo1264,utoa1244,-1.0517936905573562,0.011260004631828928,0,-0.60267863294125,3.331150699709985
mayo1261,atla1278,3.0585592409870137,0.020582438312597692,0,4.1053088772025,3.32985410908056
maza1304,afro1255,5.0851180932909745,0.029319655801577905,0,6.6314091374475,4.031427387880665
mbaa1245,atla1278,0.8875303253928343,0.015279649600199938,0,3.20888398456475,3.207699346171105
mban1263,atla1278,4.319514881662745,0.028563413250801573,0,4.141836159497499,3.398666151978225
mbar1260,afro1255,4.625500797714898,0.022079193354951888,0,6.643508116315,4.019857573967925
mbay1241,cent2225,4.046366533893524,0.033254098527547626,0,3.069911872925,3.307450168618355
mboc1235,atla1278,2.2128675640940783,0.0236433041146445,0,4.0253001065025,3.388968942538085
mbol1247,atla1278,2.8703691609506077,0.013970837044866244,0,5.0105696732475,3.595760232219075
mbug1242,atla1278,3.259640365869051,0.027875841823118704,0,2.642283575735,3.3989085901340452
mbul1263,aust1307,2.218815866074899,0.015597754311483511,0,4.717558015182499,3.338865643533555
mbya1239,tupi1275,-3.3539835546714394,0.015789727856897962,0,-6.10775184264655,3.981725984547785
meen1242,surm1244,-0.21732466655065907,0.021781746047128056,0,0.39388253253500005,3.3740971343252797
meke1243,aust1307,-0.5312020047168602,0.013180866299510199,0,2.4717511111170003,3.2044157951348398
mele1250,aust1307,4.012651862346289,0.03281584856443493,0,6.97706439883925,3.3672542045373
melo1242,gong1255,-2.974710431709736,0.022653356754544735,0,-1.25604766096,3.589550595119805
melp1238,nucl1709,-4.498540876189776,0.026740848096746723,0,-3.881116439308,3.69926344222836
mend1268,sepi1257,-1.730490158234994,0.024675321862409456,0,-3.5871290953622497,3.6469028211397454
mend1266,mand1469,0.3007020627800091,0.019814060948532886,0,3.476219320975,3.322686374554955
meng1267,aust1307,3.571727200203412,0.0086100089691164,0,4.68713843877,3.31689702120108
meny1245,anga1289,-0.8260308123693185,0.027681355224380068,0,-1.697565253843425,3.867672853760805
mere1242,aust1307,4.0303160741603286,0.03280010246236663,0,6.238528422125,3.45025449825023
meri1244,east2503,-4.093648068152856,0.036531988394719994,0,-4.4929148540925,4.16695061497412
meru1245,atla1278,2.5497838532902755,0.012327674557160176,0,3.9585784599975,3.396454316941455
meta1238,atla1278,4.054930517198619,0.02745433168068552,0,5.097760827904525,3.93015201894898
meya1236,east1459,2.0051432940874747,0.02797893429559267,0,0.134508818052,3.887363445979445
mezo1235,otom1299,5.517051541545191,0.010060172914022973,0,2.87590797997675,4.00597260783316
mezq1235,otom1299,3.29550699599059,0.010125121872981872,0,3.308868046494,3.82167237440759
mian1256,nucl1709,-4.100790689045781,0.03166599078514515,0,-5.4940724230955,3.84812904499828
midd1327,aust1307,0.9501116617063183,0.015248183805044405,0,5.3626342621225,3.33305695018543
mido1240,nubi1251,0.8444464575169404,0.008953191243774286,0,2.25597751523225,3.83320415095342
mids1243,atla1278,3.3710475387429746,0.025150404972911686,0,4.329655336322499,3.330125235000155
miga1249,afro1255,3.3097709056517166,0.02833423160185933,0,6.547464123835001,4.0672501461920945
mika1239,musk1252,-3.494024998901489,0.014355682576178717,0,-3.6955414238774997,3.7849068072310104
mikm1235,algi1248,1.1467440218192886,0.006444142229713851,0,1.2575558707135,3.3950906718289797
mila1245,sino1245,-3.766241775434339,0.021681322336483802,0,-2.62268739850875,3.47308422674257
mina1276,afro1255,5.069113278452095,0.0279416734589007,0,6.665335143122499,4.001573979511695
mina1268,aust1307,4.572149301086806,0.03564645658292054,0,5.648280781375,3.3837524882034753
mini1256,huit1251,-2.863619266504892,0.008490189915195984,0,-5.1461553851775,4.107887431205695
mini1251,aust1307,4.277879010708485,0.011991922746053933,0,5.4288844176849995,3.45045359050042
minn1241,sino1245,1.6742702092137054,0.02208261069606363,0,-0.2552534633875,3.400727062970795
misi1243,aust1307,1.2504797490717516,0.00820055053939438,0,3.923012203061,3.28945554212583
misk1235,misu1242,-2.6755121411042593,0.010295993749472177,0,-4.431226254983545,4.08099512431969
mixt1426,otom1299,5.378619042772058,0.018706267538789526,0,2.92619861766,3.995458843800225
miya1266,afro1255,4.7076869367996945,0.02761591536328287,0,6.6726077433,4.046589818675165
miya1259,japo1237,-3.8495641346346248,0.025589547079176406,0,-2.919985559895,3.787830632789555
lush1249,sino1245,-3.3850323998766374,0.020096039733690996,0,-4.4790946342125,3.606046232725605
mlab1235,aust1305,2.0357043331528955,0.022610464371257025,0,3.6681203682373003,3.396158727335025
moba1244,atla1278,1.196500290401442,0.022735283054267714,0,3.81511692392225,3.31858578684461
moch1257,maya1287,4.6762477885362,0.019311089784761856,0,2.89346785609425,3.995209510943445
moco1246,guai1249,-2.4551612263022493,0.009309603085765094,0,-4.4433942264475,4.13379908298883
mode1248,indo1319,5.694922159087559,0.023589998253663008,0,3.96997899813,3.968169286339205
hebr1245,afro1255,3.950234548275418,0.026012894454913435,0,4.5423900835495,3.76818646380265
moha1258,iroq1247,-2.7248140754816443,0.00613281485745939,0,-3.5159910224799997,3.9606864428551
moii1235,west1493,-1.4451032974627198,0.01143496455344685,0,-4.697094918562501,4.162825394764974
moke1242,aust1307,4.839299845288059,0.02222975630272246,0,5.360417753885001,3.4098355194441803
moki1238,aust1307,4.539340783764423,0.010305819591755335,0,6.384650564775001,3.38049814857839
mokl1243,aust1307,2.7378968005355118,0.01315795070230507,0,5.414254561567249,3.395759963683365
mokp1239,atla1278,3.3074513445393565,0.016950704476256576,0,4.5005714687025,3.5190497403943404
moks1248,ural1272,-1.8822807060246927,0.013617332532946266,0,-0.076022275846,3.3476236835980346
molo1266,afro1255,4.968289819254026,0.019320236547216162,0,6.618717058450001,4.051532593684405
nucl1452,momb1255,-2.8017557082542215,0.02553007196686739,0,-4.20698667738,4.215728585060145
fass1245,baib1250,-2.828311937486929,0.044944892459455876,0,-3.92885256528725,4.1842878025596555
mong1338,atla1278,3.8052208845600557,0.019793527673863796,0,5.22521711848975,3.5635798800835303
mono1273,aust1307,2.8947334140198535,0.013044712282023974,0,5.81877379533,3.376961733497
mono1270,atla1278,4.166192412405899,0.024401958611273807,0,4.30258233971875,3.35652321034947
mono1275,utoa1244,-1.8576546426710348,0.014051240108926707,0,-3.4371533971175,3.433498104058505
nucl1458,monu1249,-3.6168603897857605,0.023901169584806488,0,-3.8323604818200003,4.38893016515968
monz1249,atla1278,4.558188550464026,0.022924905884393505,0,4.02564298402,3.33094653002134
mopa1243,maya1287,4.089867364731942,0.007172973650821599,0,3.047014834614,3.970852618256805
mori1268,aust1307,5.258045128312111,0.024538977159454693,0,5.2095244913775,3.48290990236843
morm1235,aust1307,2.299405335420179,0.030809103490739228,0,5.7341659487275,3.4831856322730053
moro1285,heib1242,3.1679799272453106,0.014344541255412587,0,3.44499750828775,4.347672204655515
mort1237,aust1307,6.19264729722315,0.006958670197850045,0,6.4769772956475,3.3456843194571597
mose1249,mose1249,-2.6762176355340355,0.013182863165368547,1,-4.4536139534725,4.233270993292105
mota1237,aust1307,6.040730111583741,0.02898482400741717,0,6.23640578543969,3.433552619833915
temb1272,atla1278,4.191551901869644,0.025901350039650932,0,5.239812161642501,3.54691970928951
motu1246,aust1307,-1.0271150416050365,0.011803500064928986,0,2.485611878328,3.211236269014785
mouk1239,aust1307,2.8161496326165376,0.012953803423898342,0,4.6832198083489995,3.360508270172005
moun1252,koia1260,-4.709143063734098,0.05502913196960705,0,-4.0413810884175,4.299054426649545
movi1243,movi1243,-1.4794337569736515,0.009234276647084838,1,-5.9893178856995,4.0668382552725895
tang1347,aust1307,5.752392647860431,0.02317859151735603,0,6.198331003225,3.460034342317405
mpad1242,afro1255,4.460177263887539,0.038612806412245314,0,6.6276363771175,4.04358834951558
mpii1239,sino1245,-0.8923241300175067,0.02477116623568578,0,-3.6458083818797498,3.269331944563645
mpot1240,atla1278,2.0725280255322756,0.025813294503964097,0,2.735826610112925,3.3019196287175747
mpur1239,mpur1239,1.5206303526777156,0.01456639245670143,1,-0.27725351992425,3.9195035156623703
mual1241,aust1307,4.8148027456616145,0.026451165778867435,0,5.6126870489225,3.4121141061984197
mudu1242,aust1307,3.3229593910906177,0.009670745218271203,0,5.255414604865,3.4675646890297047
mudu1239,drav1251,-4.229787459997501,0.009829556310908259,0,-5.0284757887675,3.718606693804025
mull1237,nort1547,-2.5683662303744006,0.026188554248425307,0,-4.33574441929,4.224039570638295
nucl1240,atla1278,3.882658494885942,0.045368160915540294,0,4.55050098694955,3.4862778870214646
muna1247,aust1307,5.18489977653431,0.02627464272115672,0,5.21361364177275,3.51472315147779
munc1235,sino1245,-1.911727652341487,0.029864956734188985,0,-4.516910556858,3.5782124968767146
mund1328,atla1278,4.449695077570439,0.04858200914908598,0,4.44481101952375,3.842971032056525
mund1325,atla1278,5.655271193736814,0.02657291130796137,0,4.263535047155,3.51436781963222
mund1320,aust1305,-1.7742895856335137,0.010298250529033147,0,-0.6613302611455,3.206228288078205
mund1326,atla1278,2.2631811605332164,0.021737260678075,0,4.124622510986001,3.3101106733466104
mund1330,tupi1275,-5.304174807660514,0.018665117804242713,0,-5.8659417733375,4.092963440436344
abar1238,atla1278,4.5102807345626275,0.04059732589414679,0,4.5362105242925,3.8466172634709848
murl1244,surm1244,0.9503894336589277,0.01777919501036027,0,1.4452874100575,3.421194367806685
murr1258,sout2772,1.230875310746224,0.017162315440226818,0,-0.3713633706065,3.8645523884860546
muru1274,huit1251,-4.945534456548101,0.015325093072626424,0,-5.1217566284375,4.13914235605617
muru1266,pama1250,-4.4723746561540345,0.027803220001627077,0,-6.5146573065475,3.938179758171845
musg1254,afro1255,4.756821701920384,0.023887373852366188,0,6.6421005456625,4.01565602021547
muso1238,aust1307,1.3149637357215194,0.016772492796692032,0,5.3942305808675,3.35041082367842
muss1246,aust1307,3.8995273140869227,0.008138168384223854,0,5.8205432735025,3.467099278948075
muyu1244,aust1307,1.4409108768181298,0.01368359955521373,0,3.9185400491025,3.26379559309928
mwag1236,afro1255,4.459662447854588,0.014989486841483107,0,6.7076087031925,4.01494333750571
mwan1250,mand1469,-0.24432958070804434,0.017678320969595894,0,2.2367828590350003,3.3169050486212353
mwan1247,atla1278,1.8462930777894782,0.022303737772786745,0,4.226279217075,3.3795233712855097
mwer1248,atla1278,1.1211670402137566,0.020419877200299322,0,1.593919583319375,3.21715909831108
motl1237,aust1307,6.048014330123064,0.005132076479936367,0,6.246817150282499,3.442561427832845
naba1256,nucl1709,-3.4098150336413244,0.008199702007945033,0,-5.586428054584999,3.921787273607615
nade1244,nada1235,-4.0848805925274885,0.014262654381762632,0,-5.4059131248375,4.12963463730876
sout2857,aust1307,4.0365310412127595,0.03317086284403454,0,6.248078423153,3.4385938176171402
naka1262,aust1307,5.08467333419832,0.009382679436485148,0,5.21661855742,3.483702635438975
nali1244,aust1307,6.058779645795401,0.014267483633386119,0,5.3016100125525,3.4682071451014753
nama1268,aust1307,4.218674120469348,0.004399502801209351,0,6.317752224705,3.42821576947415
litz1237,aust1307,4.087397392330134,0.00431753125186104,0,6.2632587476375,3.4408908510739202
namb1293,more1255,-3.867645852816281,0.03664910435482648,0,-4.50089751195425,4.175368935514885
nami1256,sepi1257,-2.138668580119946,0.03587960391637607,0,-3.1287275982800002,3.769214590987925
namu1246,sino1245,-2.2112902341863645,0.03581469388797608,0,-3.32093194887175,3.37517497908204
nana1257,tung1282,-3.956572289199941,0.012838805366451033,0,-8.0830070043,4.9069820109342555
nand1266,nilo1247,4.350421048071876,0.024619705481616752,0,6.158228240414751,4.277003877996215
nang1262,aust1307,5.8767387533533,0.0061077742203862265,0,5.5274508168575,3.49362863012702
nant1250,araw1281,-2.733035372227547,0.00665640480800844,0,-3.13949401946075,3.4014181856030596
nara1262,nara1262,-2.718961305631459,0.02156191304112119,1,-2.2105777273875,4.82200825385533
naro1251,aust1307,4.128470353252297,0.018218730331009684,0,4.967140451455,3.453373114096035
nati1244,aust1307,5.787751741342934,0.022965901389119914,0,6.24325961565,3.4478133914207403
nati1243,atla1278,0.01458622734188625,0.02355965467859065,0,1.790627183422,3.3315318946899852
natu1246,aust1307,5.87252099549703,0.012913435533929877,0,5.5272250074075,3.499866634344245
naue1237,aust1307,2.5467025263437075,0.01967982656011763,0,6.075437452425,3.415528027903105
naur1243,aust1307,6.2778843484404465,0.007042586369208286,0,5.918268709462,3.4654989294011598
nava1243,atha1245,-3.475462384822529,0.010008719099670268,0,-4.8895841129425,3.861295198127615
nawu1242,atla1278,0.6351919909080541,0.024108106002331944,0,1.8392581865722502,3.336668174935105
ncan1245,atla1278,4.565216495533967,0.031156112962299053,0,4.541192579820001,3.8429774750243952
ndam1239,atla1278,1.432919757049243,0.018498363272870726,0,0.7655309318104999,3.286796547420375
ndob1238,atla1278,4.496881659921481,0.02179168637579371,0,5.3016525883,3.5315191297032653
ndog1248,atla1278,3.870615110111782,0.040116428505747675,0,4.011818149334999,3.4033287911669348
ndom1245,kolo1268,-3.1144152682730875,0.02333920635605991,0,-4.81726679769375,4.140697052656435
ndun1249,atla1278,2.3051995685039377,0.019262846655893465,0,3.465138302445,3.240334156368335
nege1240,aust1307,5.692353004448965,0.025672039996977623,0,5.6399396766775,3.381772442960285
negi1245,tung1282,-3.9263039892967524,0.015513935022447621,0,-8.06297532235,4.936949196175105
neha1247,aust1307,3.935965124609573,0.006364532386812424,0,5.6465641678775,3.4314605081867597
kuma1276,aust1307,1.8505976565384499,0.005223106587257911,0,4.82190335927,3.29046423241068
nenn1238,more1255,-3.899087887726594,0.03382342573470078,0,-4.498806040394999,4.196591990101195
nend1239,nucl1709,-4.82111131580129,0.03390393634455022,0,-5.1723819397775,4.222382332286696
neng1238,aust1307,5.035299691373695,0.023331208981627546,0,5.6815921356325,3.46927060368418
nucl1706,afro1255,3.427918865325256,0.024670240674820074,0,4.818508966195,3.709203572033905
nepa1254,indo1319,-3.060773561382814,0.026887476403015025,0,-1.187877674088,3.463893368925655
nese1235,aust1307,5.789485064913839,0.026380030668822493,0,6.228353211125,3.4630035510148947
vinm1237,aust1307,5.801288045465606,0.03028103305701875,0,6.247261507337376,3.453567467283515
ling1265,aust1307,5.8386978410589645,0.0273821933150596,0,6.259401688475,3.4403368646249097
nezp1238,saha1239,-2.421674116658934,0.014388850136936408,0,-3.50634492429,3.96512773132263
ngaa1240,pama1250,-5.158423669175518,0.03058200116605867,0,-7.312981769225,3.82038053067986
ngab1239,chib1249,-4.746851630477047,0.005298477649749735,0,-7.0037432130075,3.9171617549739
ngal1292,gunw1250,-1.2306597385688356,0.03812998147853061,0,-1.1690107629875,3.426378882817135
ngam1268,cent2225,4.140826106266868,0.02154555497881074,0,3.0734811566899998,3.32443229598004
ngan1291,ural1272,-2.4760482949461498,0.017958321363734688,0,-2.5153233892025,3.65866231692831
ngan1295,gunw1250,-0.82755562859039,0.037676580812450004,0,-3.0142317852475,3.65037484009755
ngar1235,pama1250,-3.6903818572755376,0.02885137567882266,0,-7.284420675434999,3.842859586501595
ngar1284,worr1236,-3.78775382943231,0.025586805405608083,0,-4.965625650814999,4.17380917079176
ngar1283,mirn1241,-3.9013813765491956,0.021914930671717677,0,-5.2160921130824995,4.159727411692215
ngas1240,afro1255,4.548631345627853,0.02593659316969418,0,6.7409048394675,4.021626135530305
ngba1284,atla1278,4.608974282295787,0.023848548656928332,0,4.03739561344,3.330607525521385
ngba1285,atla1278,4.469233216807624,0.025752023776196457,0,4.417693574267499,3.598322379411
ngge1241,nucl1709,-3.6938559048550506,0.03433965402461375,0,-5.2202179088935,3.915212512039405
ngit1239,cent2225,-0.7650526498835692,0.015846320752071853,0,1.0236776421384999,3.36642556752086
wang1291,pama1250,-4.517698830610083,0.023430356509874416,0,-6.5862546642024995,3.9180835628362702
ngom1268,atla1278,4.205189205371095,0.01889085565789603,0,5.2729158813675,3.53325338639133
ngul1236,aust1307,3.1285103408063453,0.006124466352623583,0,5.787655219395,3.4326446467498
nhan1238,pama1250,-4.585209837220855,0.021670760557036938,0,-7.3073517210375005,3.86642110914228
nhen1239,tupi1275,-4.456808058126643,0.04465481001191092,0,-6.043321812458,3.99064173244078
nias1242,aust1307,4.279055334519747,0.029680258867502057,0,5.2083052021125,3.4444332904667547
niha1238,niha1238,-5.299706631599685,0.020231132191470037,1,-4.3580626912175,4.78566316350694
nila1242,atla1278,2.873000909966165,0.029129030399061766,0,2.80406306112,3.390982220564665
nucl1633,nimb1257,-2.823821551684037,0.022977069417512097,0,-4.0945005861225,4.30290400402532
nina1238,yano1268,-4.1457995323831955,0.013211089740108813,0,-5.423163702795,4.117943209581095
labo1244,aust1307,5.776431841397871,0.02576559272659747,0,6.243877618352499,3.44160588230302
nisg1240,tsim1258,1.4239024759218508,0.0057481028763586555,0,0.3592297890225,4.01218104383894
niua1240,aust1307,4.540987384303804,0.03138563261840398,0,6.983100195425,3.3561256966463846
niue1239,aust1307,4.274712329114541,0.0328317847437185,0,6.9108183363975,3.3702925478531753
niva1238,mata1289,1.1970006692167432,0.0099290927340184,0,0.304800874481225,3.8056979092450947
njan1240,atla1278,4.825796039977419,0.029075913004808183,0,5.090091178743425,3.90775434466149
nkon1248,atla1278,1.1826733365648623,0.02491049912633371,0,1.6617117663025,3.3456844731404853
noct1238,sino1245,-3.584331230927721,0.02916359897702955,0,-3.0362165462275,3.44919284551382
noku1237,aust1307,5.701337001827607,0.03355828802319731,0,6.20438619915,3.44994288996351
noma1263,araw1281,-3.4952334514572954,0.008752281272160494,0,-2.9364122421175,3.42797416926996
noon1242,atla1278,3.4626176773727613,0.021459694543627242,0,4.3602494626825,3.67375339924325
noon1243,atla1278,4.531572858788611,0.031056516002272973,0,4.5404523737625,3.8431668847601097
nopa1235,otom1299,5.483796497091927,0.02240347081661614,0,2.96926289210325,3.957189425522545
nort2839,aust1307,6.008984746563506,0.028489230884009842,0,6.26404727152,3.44236061510501
nort2697,turk1311,-3.2870069422232993,0.027932049663785933,0,-5.3672733494,3.85479504776153
darg1241,nakh1245,-3.0040614706585442,0.010689121979384429,0,-2.7231910194725,3.89156975961919
nort2930,kiwa1251,-3.7645136899471527,0.034256198181875835,0,-4.33354876368025,4.129878970986175
nort2836,aust1307,4.04876845308509,0.020744384843726375,0,6.32310520331575,3.426472236561475
nort2972,choc1280,-4.155902003397596,0.014806530307405025,0,-5.506658382365,4.07624875891345
nort2702,drav1251,-4.81498135249986,0.007166970035519652,0,-4.914331429775,3.75627896558648
gumu1244,gumu1250,1.4716594496922024,0.009497842609494754,0,5.7660878455999995,4.267178180165795
nort2938,haid1248,-2.966860861558877,0.013427203410338333,0,-3.4969170225325,4.072097267789175
sing1264,sino1245,-3.533329090289617,0.03227910208686634,0,-3.2106853939275,3.405689338208335
nort2877,aust1307,1.945702847464914,0.01941936514692638,0,3.1498020330465,3.2694263932008347
nort2684,aust1305,4.0924396595824675,0.007588072541428109,0,3.5498761514262247,3.47006075620294
lush1252,sali1255,2.3950461127027767,0.03970540358928675,0,0.6780026552025,3.506444710844365
nort2774,atla1278,3.7644473742383586,0.017909362257447194,0,3.1470949236925003,3.301227429819655
nort2954,utoa1244,-2.4918652838111752,0.014047568180530611,0,-3.41953508121625,3.43333013518909
nort2957,utoa1244,2.378913163854145,0.011710073729119561,0,-0.7483604011455,3.3454254672722348
nort2723,sino1245,-2.302548147545994,0.02834789927906476,0,-3.9388479149175,3.44000677703596
nort2747,hmon1336,2.6665271490521865,0.0077841621186795235,0,6.1862659930924995,3.7273014869041052
nort2722,sino1245,-3.079914306408025,0.025132109779301814,0,-3.87627275520775,3.473127499856515
nort2994,aust1307,4.208002638517545,0.021915443262242117,0,5.5721789048475,3.42786813925247
nort2885,aust1307,3.103924785287384,0.025395861276905334,0,3.5480223368625,3.281099532094275
nort2959,utoa1244,-1.6281409412539638,0.009085076513657923,0,-1.8992599038217501,3.337684236935595
tosk1239,indo1319,3.494932944425347,0.01082082430554315,0,4.72202509153375,3.7650308861234203
nort2732,sino1245,-1.145057144287342,0.02053778163076064,0,-2.7420324700315,3.4460585679217797
nort2690,turk1311,-5.062675476729473,0.03426494890935505,0,-5.351463919597499,3.881785922203595
yoku1256,yoku1255,1.115694513569855,0.006202243458838859,0,1.54420540015,3.929855234783755
nort2745,yuka1259,1.275714753123279,0.005365560118342514,0,1.6912529143175,4.159353284188275
nort3047,afro1255,4.988034967357789,0.03315046371195159,0,6.627636514255,4.043604083360285
nort2980,quec1387,-3.0404623336323113,0.01454800011844741,0,-2.7633986862775,3.53120597421647
nort3139,afro1255,4.200749204691418,0.02152290848323797,0,5.02081292415525,3.637111496074795
nort2845,aust1307,3.6844230720362905,0.031113687653841416,0,7.010023406249999,3.37589227076203
nort2671,ural1272,2.4862660746869474,0.024767185215545464,0,3.5512190112599997,3.239774411210675
nort2942,atha1245,-3.5208362252183014,0.010041812172028642,0,-5.03615931836625,3.797804443467435
nort2847,aust1307,5.646652805807304,0.008182527802698302,0,5.88758625463,3.44937790228776
nort2961,algi1248,1.505318122765403,0.012095567104374615,0,1.42241407929725,3.317085130402865
nort2775,atla1278,5.076241228941736,0.024841684968485593,0,4.4350353183974995,3.58641245194121
yaki1237,saha1239,-2.959394849703207,0.010956042466202971,0,-3.409219309055,3.998171128135385
nots1237,aust1307,4.383040546531788,0.007804280867716538,0,5.37755401799375,3.440217588065085
nsen1242,atla1278,1.724882237499273,0.011956995122896514,0,2.8122668945662497,3.3644442818966454
nuer1246,nilo1247,4.1424785317129675,0.0299437381736814,0,6.20523340860875,4.250581255961626
nukn1238,nucl1709,-3.4994216754537844,0.045258582744101446,0,-5.730448685472,3.8980177404123246
nuku1260,aust1307,4.538316726488608,0.028508762934564936,0,6.943823172475,3.36009536669162
nung1282,sino1245,-2.534195299012322,0.024625848235201468,0,-3.170701117577,3.4601416360486548
nupe1254,atla1278,4.320831142967764,0.026302871778950146,0,4.812352912839775,3.7422499749673896
nuuc1236,waka1280,-2.101529318779645,0.010470392455233329,0,-3.4948817733475,3.974490937583655
nyah1249,aust1305,3.5927354582770485,0.024440750661249882,0,2.89793936402,3.357867653786955
nyah1250,aust1305,4.217294152005122,0.010630928196110329,0,3.4424132707375,3.4634981242757954
nyak1260,atla1278,1.8999070553966437,0.023424046942721634,0,2.6033924848575,3.3317447063739047
nyam1285,afro1255,4.802454106368784,0.03188917976102457,0,6.70966426804,4.00116871088594
nyan1301,pama1250,-4.7935647126344065,0.0220583587054024,0,-7.2994717474325,3.82143009875276
nyan1307,atla1278,2.3739422900126512,0.015328427260666216,0,3.9010185806199997,3.30467424325686
nyat1246,atla1278,2.8380361143889976,0.029464888602549453,0,2.8381596585824997,3.381996625617115
nyig1240,nyul1248,-3.9819599996037285,0.040384344634228075,0,-5.192069549648,4.260688610010095
nyis1236,sino1245,-3.8532900648708344,0.031252025318758134,0,-2.75487295764,3.4350176077157952
nyor1246,atla1278,2.276597162192604,0.015706797998534968,0,3.87455346273,3.323307437999265
nyun1247,pama1250,-4.647762908548552,0.021087138867812022,0,-7.27825877615,3.86978379507012
nzad1234,atla1278,3.542055870463929,0.015483107446836102,0,4.96140610229925,3.5509503766870703
nzak1246,atla1278,5.258420778294555,0.022519818361290512,0,4.2965239460574995,3.525140627077765
nzak1247,atla1278,2.0427420713901965,0.01733065942238528,0,4.5289521300825,3.31190768026161
obok1239,lake1255,-1.5891490805656372,0.018433814367855753,0,-4.774189684922501,4.021929046225965
obom1235,aust1307,2.8201678264325922,0.03790803155868108,0,2.9633440706550003,3.2167582680682303
occi1239,indo1319,3.770999682012166,0.02176688866888287,0,6.66662286105,3.60111891956379
ocot1244,otom1299,5.451284546737771,0.006463227633092818,0,2.9212789980349996,4.00407773542499
oriy1255,indo1319,-2.812614570542196,0.008806931279514069,0,-1.55430574365,3.4183321858379703
ofay1240,nucl1710,-3.0381043584222605,0.01005909327680078,0,-5.952081317375001,4.108513935230626
kalm1243,mong1349,-2.6315046481873305,0.012066201113538046,0,-7.363434053675,4.70642439357636
okan1243,sali1255,1.2654386089289562,0.010341194056805638,0,2.778505983582,3.48504790130026
okin1246,japo1237,-3.3825425727014284,0.015951930318002502,0,-2.963589495189,3.7483133381988747
okoe1238,atla1278,2.5517183520180557,0.019290009003799114,0,5.102987367297249,3.69158820979608
oksa1245,nucl1709,-4.1407156330385,0.032687158578062835,0,-5.4897483583749995,3.8548300892537
okuu1243,atla1278,4.4828803602277825,0.04255473280044703,0,5.111453604025,3.887095540530335
oloo1241,nucl1708,2.698391841174944,0.04018610868408478,0,1.4302335143725,3.7187433608907696
olut1240,mixe1284,0.43353048666550514,0.0137803804476211,0,-0.06164767559500001,3.55792859205929
omah1247,siou1252,1.0925711926394013,0.009091022511799652,0,-1.4020299935425,3.65227694595084
omie1241,koia1260,-4.52751226359374,0.04224307395402879,0,-4.07077069035,4.31512142843207
onge1236,jara1244,-2.653351786317611,0.01810121981541983,0,-3.3263666390775,4.15663312890686
bira1253,bira1253,-3.183280768407302,0.018992422815411945,1,-1.6773164173175,4.951308262285255
orma1241,afro1255,1.2552036185575237,0.023104179078274757,0,-0.6119023249572499,3.2186860328196403
oroc1248,tung1282,-3.989164946845718,0.03881147150513121,0,-8.092939716524999,4.877831984066295
oroh1237,aust1307,5.192028303054238,0.01472118987633293,0,6.168149204,3.436997237852355
orok1265,tung1282,-3.8193133590424173,0.010915851693043967,0,-8.100162615613499,4.912610531117576
orok1269,nucl1709,-5.266014047045581,0.03761610310130128,0,-5.1035178745742495,3.88215592325302
orok1266,atla1278,3.3499426985987144,0.017103192878230738,0,4.483335316106,3.52781637901965
orok1267,nucl1580,-2.5332766038615064,0.026752417364290675,0,-4.62456497238475,4.09417471979226
orow1242,aust1307,4.328192573270783,0.015912335473913505,0,5.6360298478525,3.44007407317941
orya1242,toro1256,-2.8416799961082235,0.02098377719072877,0,-3.8656400983175,4.265002940472665
otor1240,heib1242,3.0596591696454154,0.019957968305766252,0,3.34218027871,4.407619317035265
otta1242,algi1248,-0.9396291322649362,0.009782538927098756,0,0.5510853635275,3.2975610390008203
owaa1237,aust1307,5.177393678810719,0.009512798969795185,0,6.15315445561225,3.44567324164316
paaa1242,afro1255,4.628334517433526,0.024924487621727175,0,6.6672821474675,4.02468651366505
darl1243,pama1250,-4.639867527126794,0.028035506232485383,0,-6.8879836360165,3.927650692921535
paam1238,aust1307,5.985672877519432,0.031904730004932595,0,6.2619044330325,3.45220071019587
paas1238,atla1278,0.44948574391315194,0.025568123027917257,0,3.547657425585,3.3215792557572152
paco1243,aust1305,3.628444330923737,0.023514275256240752,0,3.7660350623224996,3.479371905467045
paez1247,paez1247,-4.478857753503713,0.016021838728348104,1,-4.7297378151650005,4.296948777175855
pagi1243,atla1278,3.7701616263671367,0.012035787765340875,0,4.5961613903425,3.612324199545975
pagu1249,nort2923,0.861725812158395,0.02780722182964567,0,0.2496535831925,3.542603944107085
pahn1237,hmon1336,2.528468796959743,0.022701817759574482,0,6.131313067424999,3.748194445121375
pait1244,sino1245,-3.4252324483563408,0.031639125895276766,0,-4.4986782201299995,3.606346488776905
pala1344,aust1307,4.631493940531801,0.030835111401633277,0,4.83006280397,3.5294253961782847
pali1279,araw1281,-2.7341585474344026,0.013396902573718901,0,-2.7733843054925,3.53945920988755
balu1257,aust1307,4.353759135116594,0.03144537152191054,0,5.82714909213,3.4834453945412953
pamb1243,atla1278,2.0650172528986053,0.02302498350468481,0,4.3731985597025,3.339162526901225
pamo1252,aust1307,5.197233224489175,0.03245458985238166,0,5.3111541293325,3.494005538664095
pamp1243,aust1307,0.22400987746278472,0.020863394693888766,0,2.2546075379175,3.25484270535211
pana1305,utoa1244,-1.8275630668585596,0.016967925067636457,0,-3.44151465808975,3.4288759423033346
pana1307,nucl1710,-5.2479616072474,0.017594654120024304,0,-5.9578318544125,4.071891994630485
enap1235,cari1283,-4.25724738285067,0.012476678100219123,0,-5.9190035149525,4.0613576183108
pang1290,aust1307,1.8118978363888092,0.024233268065818384,0,2.8229706562725,3.288923922454585
pang1291,aust1307,3.2566648853645894,0.023721661184302984,0,4.7546568873275,3.442130172287135
pang1287,atla1278,1.9899893066672192,0.023318289831401644,0,4.4022629954025,3.36766853816951
pano1254,pano1259,-3.787209833028174,0.005612414078049492,0,-4.56181252252,3.631791831728915
pany1241,pama1250,-4.801417304355673,0.018160661773305286,0,-7.356135857065,3.8184772743083
papa1238,toto1251,2.3550428315828826,0.04659416119199678,0,-1.2061305049425,3.5213667416453047
papa1265,aust1307,3.2460764850783748,0.011048576585962661,0,5.65727527793125,3.40061830783928
para1311,tupi1275,-2.9328944504686945,0.01519090711084085,0,-6.096024061467499,3.984801716478505
para1302,sino1245,-3.6006690847512854,0.03185405107626082,0,-4.24535461516325,3.6316606561027402
pare1272,araw1281,-1.7324452963422525,0.006721379831399462,0,-3.0243240319835,3.5176787962037
pate1247,aust1307,1.0608991536517893,0.027469779999340985,0,4.591368705792499,3.28330661582196
patp1243,aust1307,4.381474438113067,0.010715855384204893,0,5.44686124175,3.4320971765995854
patt1248,sino1245,-4.238969556630326,0.04066098116627791,0,-4.507550504905,3.5960720116854947
paul1238,aust1307,3.7584468620694764,0.027834999242377232,0,5.743103394649999,3.470942573965335
paun1241,araw1281,0.9710892534645184,0.012423012187272528,0,-1.298375102505,3.2611020848200347
pawa1255,pawa1255,-3.4916085032969004,0.0299123422570097,1,-4.00582200847,4.2558405569814095
pawn1254,cadd1255,1.040647026934677,0.004693552523681949,0,1.5219255665112499,3.906886561399385
pech1241,chib1249,-3.0658596614480746,0.007897151163566863,0,-6.6029097089275,4.063713859034625
peer1241,atla1278,3.8355840669575176,0.02707553614334121,0,4.727481068285,3.474483186266985
pela1242,sino1245,-1.607958204102129,0.025503468700892117,0,-3.77729237964,3.29654463101495
pemo1248,cari1283,-4.548489707558295,0.03438579577588149,0,-5.9410853718075,4.053275993413219
pend1242,aust1307,4.9412989204774425,0.039392159905628304,0,5.2608092444425,3.48881018370513
peng1244,drav1251,-4.651659442863113,0.014966739837806914,0,-4.871160865676,3.765525269663815
peri1253,mong1349,-3.196507553379197,0.011854017614888896,0,-7.3741501429,4.682332796175795
phak1238,taik1256,1.5970733581424896,0.014374492589431223,0,4.7517385741293,3.610165397809555
phom1236,sino1245,-3.7075869180059744,0.05071538659944156,0,-3.0599784086215003,3.440120124648415
piap1246,araw1281,-2.429717709943554,0.01655133443153886,0,-1.7687798175270002,3.22981089694384
pila1245,guai1249,-2.249217398431737,0.006307486088327077,0,-4.438959966072501,4.14369728221204
pima1248,utoa1244,-0.6700893791100598,0.009959332036919169,0,-2.416406453824,3.3342684355993404
pina1252,piaw1238,-3.6484132782699996,0.010548381996592311,0,-3.823897518165,4.27030415111654
ping1243,aust1307,4.549022132991363,0.007536427099051314,0,6.4101146945675005,3.382470728841365
pipi1250,utoa1244,-0.03933148816446125,0.005580309831744089,0,-0.43034462623827496,3.29247138863946
pite1240,ural1272,2.8453252889089287,0.02798593676894315,0,3.5611592278425,3.24429480365126
plai1258,algi1248,-1.020317158359795,0.01285443296578291,0,0.4360841309675,3.32439236718226
plat1254,aust1307,2.623152082289823,0.027994400706498262,0,3.42744729932,3.234014931500865
pnar1238,aust1305,1.7599244087918475,0.02856743662466333,0,3.51165799910875,3.429736239301575
pohn1238,aust1307,4.524184744808348,0.009413651543338127,0,6.402940050985,3.3778103308703153
poko1263,nilo1247,4.08538335987541,0.02744596374729912,0,6.14545457936,4.309266737354395
poli1260,indo1319,4.2711675603365205,0.028551966443817762,0,6.5462617475575,3.604195927282445
popt1235,maya1287,4.615831003329445,0.007726226191002196,0,2.8797377953199996,3.997294192591625
port1285,aust1307,5.849437730194838,0.03132838570092984,0,6.21773237178,3.4637709311427853
port1283,indo1319,3.393625431337698,0.009305310857281172,0,6.7213865457274995,3.565981788606455
phai1238,aust1305,4.278844096138659,0.02948744703226574,0,3.5159890204525,3.437607764874655
pras1239,indo1319,0.37814336335137244,0.01447391273682384,0,2.3553029696195003,3.507825452186685
psik1239,afro1255,5.084296980850172,0.03367061347030028,0,6.581900533775,4.05064092181466
puin1248,puin1248,-3.5480788905544176,0.010377397931654405,1,-4.853424253510751,4.311512946806825
puka1242,aust1307,4.265498891084386,0.03058647545300116,0,6.958755192165,3.3645254783649703
pula1263,atla1278,2.7061151275289146,0.011873417644443109,0,4.702237095905,3.567734082186215
pula1262,atla1278,2.1926838211104958,0.015485759605826897,0,4.7199722622075,3.571211010220145
pulu1242,aust1307,4.068824135068602,0.00808484154534212,0,6.49871809769975,3.346995602440775
puma1239,sino1245,-4.497594452839793,0.019736951828355023,0,-4.38432844969765,3.601164364945885
pume1238,pume1238,-3.6050313055922505,0.014312449892365109,1,-4.622152096660001,4.29259298167281
pura1257,pura1257,-3.708482708239578,0.034317254073387586,1,-3.9162911730227847,4.319374228413794
pure1242,tara1323,2.131581183303321,0.00942531982001751,0,1.1624815919999998,3.92456478776314
puri1258,sino1245,-3.9447805413405987,0.013043803011591776,0,-4.79657921842,3.52103548607966
puyu1239,aust1307,-0.6446137304806576,0.028019610513781375,0,2.5735634311075,3.4753086282918897
qawa1238,kawe1237,-1.9557476168960748,0.008138271813082989,0,-4.1617895723025,4.320651307138915
qima1242,afro1255,-0.0061665515505059006,0.022800122381637374,0,-1.85208356256825,3.3139334095445
quer1236,otom1299,3.298011546070259,0.010248283285361946,0,3.31042773503825,3.8313832667326
quio1240,otom1299,5.4060310489917685,0.004724988120286665,0,3.01561296608725,3.96829343587406
rabh1238,sino1245,-3.63907311726466,0.022140140661523394,0,-3.1316817522725,3.40892962017137
rade1240,aust1307,4.107655990441273,0.028233910966643336,0,5.537243490642499,3.44571726467306
raji1240,sino1245,-2.950055383890817,0.03396028904707355,0,-3.5375938819175,3.4323859100332896
rama1270,chib1249,-4.014413511987243,0.02231341749827972,0,-6.904008445075,3.97170159127332
rapa1244,aust1307,2.9874901868573085,0.021184549098920282,0,6.99544191745,3.362067858649535
rapo1238,nort2933,-1.9599242385947324,0.0379081408590301,0,-4.8770342163025,4.1574482301335145
rata1244,aust1307,3.1725496635264334,0.035188524055603944,0,5.098188684985,3.4614249214452597
reja1241,aust1307,4.476753151262383,0.02310806154762215,0,4.9850602328,3.45540407109443
reng1252,aust1305,3.3383268087273636,0.028042414893240213,0,2.4940942734425002,3.33428546037634
renn1242,aust1307,4.577356385683574,0.028396054609496697,0,6.9448029096349995,3.394814341041865
rere1240,aust1307,5.875556594590757,0.03928111130029412,0,6.220430952325,3.452268508941305
resi1247,araw1281,-2.8640495271088144,0.015854676374786734,0,-1.81794626714,3.28692731102271
reye1240,pano1259,-1.5737055285452803,0.009523951597117433,0,-3.3896210055225,3.56384230232063
rian1263,kolo1268,-3.245975366743702,0.01137395823510892,0,-4.819039049255,4.13248903998185
rikb1245,nucl1710,-4.809449509643013,0.006488313816080025,0,-5.863005928865,4.114670092490716
rita1239,pama1250,-3.1051892166277932,0.02391245762264768,0,-6.19181614594,3.8058118751057197
beka1241,aust1307,4.741189182102666,0.026962093051888906,0,5.219008772717499,3.4892457365893152
roma1326,indo1319,3.9026118916636645,0.017685713711467054,0,6.6642786961575,3.594223542472405
romb1245,aust1307,1.8863266591240357,0.02465158561668726,0,4.5949661698075,3.249661989343725
ronn1241,afro1255,2.9065794641284457,0.028602628981306367,0,6.74737317634,3.9856770905671253
rong1266,sino1245,-3.67280737503918,0.04171629509945747,0,-4.2280231859115,3.633829596811035
rong1264,sino1245,-4.935333292737361,0.029577590307057842,0,-4.5404281412375,3.58212579242943
roto1249,nort2933,-2.030557913023396,0.042418355016731336,0,-4.86900334265425,4.161079916838225
rotu1241,aust1307,4.582112950596345,0.06603582748975015,0,6.6082134479235,3.410612758400855
rovi1238,aust1307,2.7966846893090542,0.006497107443806113,0,5.727257469626251,3.418738030743235
ruch1235,aust1305,4.468242564817805,0.02135548612718444,0,3.4698182196317253,3.43974280945698
ruka1240,aust1307,-0.5364890996335653,0.024115018530199442,0,2.3297958896,3.5402091556247353
ruma1248,aust1305,3.559038932455068,0.026620205799672152,0,3.4650739061479996,3.424680506386945
rung1258,maba1274,-1.9201030859534742,0.008694185057340618,0,-2.34008521658,4.017365868886395
rung1259,aust1307,2.742199563824299,0.04234508523123949,0,4.362020480145,3.333146619512305
russ1264,mong1349,-3.8013780596078615,0.008462488857491866,0,-7.380709104225,4.65374323790982
russ1263,indo1319,1.8320763026050542,0.007325240103760473,0,6.552980856054999,3.5926674427028003
rutu1240,nakh1245,-2.8262297377832044,0.013288788853195652,0,-2.8979671537350002,3.844595854227525
saaa1241,aust1307,4.308280306323349,0.026430226529856896,0,6.3142397961225,3.43480388841963
saaa1240,aust1307,5.200054196775556,0.014073300016348883,0,6.110099796665,3.464544263126815
saar1237,aust1307,1.7464021694609269,0.021458389959183057,0,3.3627921377335,3.5403316328012897
saba1267,aust1307,3.7459364014577705,0.018477738770285513,0,4.593446018075,3.39244381220158
saba1268,namb1299,-3.3595957965005843,0.01351860549352154,0,-4.8277185145802495,4.22900235840575
saga1262,atla1278,2.652501340727098,0.01927717147897211,0,3.88171483153375,3.399429743247715
sais1237,aust1307,1.1208443945049458,0.027887398707847823,0,5.070297021397501,3.665613706210285
yaku1245,turk1311,-4.614618294147923,0.02791103986146344,0,-5.36253761593,3.8706345689236947
saki1247,aust1307,0.24059104485778382,0.04516040299448445,0,2.59683268478,3.32776207310551
tsis1238,atla1278,4.372082866242104,0.013764448871835248,0,4.9273728874175,3.740712123113795
samb1311,atla1278,3.862899399276567,0.017594853254780496,0,5.08795963724,3.859932877228645
samb1305,atla1278,3.8680624984139946,0.024222027686046158,0,4.779383579885,3.469734499221965
samo1305,aust1307,6.1747142013296825,0.023678413464094213,0,6.923016453200001,3.3738211176023096
wara1292,atla1278,-0.00916248349791855,0.022959826476742093,0,1.797133720825,3.32520211380159
sana1295,afro1255,1.7704375916313286,0.02134755505012979,0,4.9639460872275,3.6489760260394597
sanb1242,chib1249,-5.292511717654685,0.013312574837652219,0,-6.9876650183925,3.92472530945571
sand1278,huav1256,3.291145470463104,0.008520951675737715,0,-0.55346540818625,4.04975515649703
sang1331,atla1278,0.9380616028616142,0.015652195755321424,0,4.987300592013749,3.53969817940449
sang1321,sino1245,-3.6781473925990307,0.031140312719772176,0,-4.2820619908975,3.635919181079445
sang1330,atla1278,1.9617109449816794,0.042243893191608345,0,4.49405182929,3.354126663168525
sanm1301,otom1299,5.462494393295803,0.008336849719101416,0,2.86904016274725,4.011854279967325
sanm1289,quec1387,-3.3078292883802054,0.015842074251205863,0,-2.8467509097074997,3.4688889225146946
sanm1295,otom1299,3.601419637494365,0.014556261897223147,0,3.0748039179475,3.97278620258829
sant1410,aust1305,-1.4480646387650355,0.02031592571128355,0,-0.50448684895,3.2264788646376203
sant1451,otom1299,5.350511091497651,0.015331130820323505,0,2.9335906660525,4.01398677631788
sant1436,otom1299,5.571883637681708,0.015777036484292902,0,2.894561004185,4.01967990919205
sanu1240,yano1268,-4.006877462351943,0.010580189532078963,0,-5.37862539928,4.14393237065305
sapo1253,aust1307,5.112324542650453,0.01543277738780258,0,5.52723024744,3.481252881522585
sapu1248,aust1305,3.4923160791505863,0.027708350672140176,0,2.907928526725,3.3677610266071
sara1321,cent2225,3.076460516578509,0.021335348169206885,0,3.07214089077475,3.2964476993749647
sara1327,aust1307,3.3230061870260976,0.031097352971444794,0,2.8521372448075,3.2046461808742
sars1236,atha1245,-3.613600514851207,0.012809101537189605,0,-4.958337288645,3.837587792225535
sasa1249,aust1307,4.480720475407576,0.029375440650780564,0,5.488167459015,3.4379625692782554
sata1237,aust1307,3.8519845524828145,0.015329385111327204,0,6.47513571745,3.333539593277565
saur1249,drav1251,-3.6991794375397795,0.026128142683403185,0,-2.80507786955625,3.703828582332255
savo1255,savo1255,-1.6541504866415144,0.013996363969533307,1,-4.532449481957499,4.2676692255955455
saya1246,afro1255,3.124801181895772,0.031988001952555904,0,6.7051894061075,4.002246742054365
seda1262,aust1305,3.2319124173642733,0.020240674013442303,0,2.493109168016,3.341586649238015
taro1264,aust1307,2.168198854740031,0.036479813272699085,0,4.9076281880275,3.6980198923531047
seim1238,aust1307,3.8311617580963806,0.032335054227812236,0,5.6296782625545,3.4979807250876247
seke1241,aust1307,4.3157089258325385,0.03414151191427305,0,6.3232636732725,3.43778364040759
sela1259,aust1307,3.0052244129375834,0.027780269953320662,0,5.410473564228,3.43830447318041
sela1260,aust1307,5.056319356738094,0.023858627968657748,0,5.0777399371275,3.4824443177063102
sele1249,atla1278,1.4829284424505822,0.02077062747814362,0,4.22980173698,3.483502994304425
sele1250,nucl1709,-3.2356007915398703,0.030951560058735807,0,-5.5808969347840005,3.9251801592583204
selk1253,ural1272,-3.1645413847404193,0.029366400009514942,0,-2.59041917037,3.627615819797655
sema1266,aust1305,5.12850825605259,0.02917761848011244,0,3.4543561956,3.505052224930865
sema1265,aust1305,5.152153908086028,0.025841979312647246,0,3.42005700598875,3.52310997877414
seme1247,aust1305,5.235788439289721,0.03507801443051213,0,3.42195294409374,3.52754082072047
seng1281,aust1307,2.6292005475755826,0.01066920271665923,0,4.6426967436129996,3.383449347638795
nucl1632,sent1261,-2.8315555657846985,0.019509419363941558,0,-3.864096575825875,4.253386201011795
sout1528,indo1319,3.3183357339320767,0.023182420327683206,0,6.502934104502501,3.594773528765505
seri1257,seri1257,-2.2011807431112587,0.006932075166129493,1,-2.71867040550175,4.08013325890486
seve1240,algi1248,1.6020003826512546,0.012618534475721133,0,1.2345254133555001,3.32123272918426
shab1252,shab1252,-2.5166482282379397,0.01727547481262826,1,-1.6001997995894999,4.79670343377779
sham1280,atla1278,2.7625085577596558,0.022845415862877822,0,4.1432076997975,3.40014108369369
shan1283,pano1259,-4.217050760047724,0.013367676582143325,0,-4.5790272469425,3.62710003499626
shaw1249,algi1248,-1.4564212857216066,0.012578307003253348,0,0.11627620087675,3.36251479476567
shee1238,hmon1336,3.6177871906785417,0.014162903795160036,0,6.1193945050375,3.73806343470886
biao1253,taik1256,3.2459639506102507,0.0243667411039247,0,4.7066807813825005,3.653309421704755
shil1265,nilo1247,4.567483428438284,0.03257301249977816,0,6.3556038120475,4.1828709107847555
ship1254,pano1259,-4.418499935305862,0.009636441842113297,0,-4.521414689455,3.657356453766425
shix1238,sino1245,-2.5527564500648765,0.04202169932240866,0,-3.30765331982,3.389858060141635
shol1240,drav1251,-4.33978565122448,0.012498725969698655,0,-4.974796095615,3.721937903367775
shon1251,atla1278,0.7202244889923997,0.016743806931509873,0,0.925253386734775,3.272468015068065
shor1247,turk1311,-5.531081015282018,0.027280741082004595,0,-5.389241663555,3.84754760273697
shos1248,utoa1244,-2.5601106026630243,0.008847126154400696,0,-3.4243365914324997,3.432077042890885
shua1257,jiva1245,-5.038112810223739,0.026524039203305576,0,-4.87333921031275,4.110499987288906
shwe1236,aust1305,3.7633369893844706,0.02437057143987309,0,3.463326514215,3.43366251792101
siam1242,siam1242,-1.8261752833207447,0.014848419367855184,1,-1.4894765270549999,4.46860897198377
siar1238,aust1307,4.114657565157947,0.017430924004586172,0,5.45004707035,3.454864262294995
siaw1243,amto1249,-3.1358227054844106,0.044078270155187754,0,-4.0002703590749995,4.31732533120292
sich1238,sino1245,-2.1708519838417115,0.03734692148328178,0,-4.325410102319999,3.37635104753992
sici1248,indo1319,3.778781555119455,0.029059195787134576,0,6.6145345135025,3.59914382459346
sici1249,atla1278,0.5440263298504872,0.018871749476384064,0,4.73416586812,3.3137676156894447
sida1246,afro1255,-2.5261718907001223,0.03015827546797119,0,-1.7696025276975,3.347169202882575
siee1239,aust1307,5.706523425673668,0.011944287588881872,0,5.79113769107,3.4503368196908246
sier1250,otom1299,5.414330015613327,0.01255812605559701,0,2.9581713226625,3.99631979590539
sika1261,aust1307,3.864131556354686,0.026890445477533567,0,6.926670190225,3.3570875104675704
siks1238,algi1248,-0.704212269428156,0.02095350514447643,0,-0.18344876010775002,3.30852746287502
siku1242,aust1307,4.037460421677117,0.025848484446253737,0,5.2082898153075,3.44738867203504
simb1256,aust1307,4.362337926505086,0.023302038874014663,0,5.697033971875,3.42562125474318
sina1266,aust1307,-0.9300933408666197,0.006538760569982745,0,2.952896657015,3.2031037003925302
sioo1240,aust1307,1.6266108297894748,0.010565632086165812,0,4.744991643815,3.3073255142645497
sion1247,tuca1253,-5.871529337868889,0.010977350672467334,0,-5.88100279733,4.07110110439523
siri1274,tuca1253,-4.508784940245685,0.019693150929630983,0,-6.01597679393,3.97792531751641
siri1273,tupi1275,-3.523769407272164,0.010762619100521974,0,-6.07969854965175,3.980922400704575
sile1255,nucl1709,-4.95256609776283,0.01038194145116533,0,-5.1812283644425,4.23048098694435
situ1238,sino1245,-2.98038336397242,0.022891561973803893,0,-3.6962255289305004,3.49530969292228
siwi1239,afro1255,2.885667791061695,0.02176161513498636,0,6.103776590239249,4.10568685383267
siwu1238,atla1278,1.4745022499483469,0.018198039738633903,0,4.2202688093875,3.4605633012943997
skol1241,ural1272,2.148622582446124,0.016654292978015853,0,3.2713419149350003,3.26852504747045
slov1268,indo1319,3.623006691172424,0.029671707843502537,0,6.4843616079475,3.61045175057043
sooo1254,aust1305,4.063540655227231,0.023382300674811417,0,3.775575928095,3.4569503859538
sobe1238,aust1307,1.6746623254153354,0.006529754231843664,0,5.1818341211575,3.3872370547996846
soch1239,otom1299,5.391514581192718,0.010767720754744097,0,3.044293225778,3.968299770560935
soga1242,atla1278,2.7189000553011327,0.022130994116525728,0,3.79814189381225,3.33093038317493
soli1239,atla1278,1.598810491997337,0.024946708169025687,0,2.83759145311925,3.322614083674675
soni1259,mand1469,-0.20119097827513838,0.014225546837131167,0,1.386214975612,3.4379836207003
sons1242,aust1307,2.9002658292663686,0.011679896610943806,0,6.46281865947,3.35695906749753
sooo1256,kuli1252,2.9519444045194065,0.01555936032814783,0,4.2645860178175,4.339999561008565
mani1235,east1459,1.8516139949375972,0.0246970805583821,0,0.2225199880675,3.879928025081955
koon1244,atla1278,4.019092715109407,0.01821440068425909,0,5.0720700428415,3.570889249976365
sout2859,aust1307,6.028476464346367,0.030472773959682845,0,6.280040226004999,3.4392105786615703
sout2976,utoa1244,1.4926761267750133,0.010804189602832732,0,-1.63954967378325,3.337693139321905
sout2856,aust1307,5.757050646922187,0.03185946182010884,0,6.325915561775,3.42735957273143
sout2954,japo1237,-3.2964780204014428,0.012132116307462987,0,-2.955196458565,3.7625784614206648
sout2996,ayma1253,-3.6435611238750814,0.016669042641800566,0,-5.397941998872501,4.043928161529
sout2730,sino1245,-1.144949303434152,0.0288217219537612,0,0.5194076190225001,3.28116344451279
raro1241,aust1307,4.010006485354345,0.02410320624061098,0,6.996668688675,3.354228829977075
sout2741,taik1256,2.3758371018989743,0.012208550385663994,0,4.856541896862501,3.5989594729231147
sout2715,sino1245,-5.086809347811991,0.02650685331769385,0,-4.55112720109,3.5652922461180747
sout2826,krua1234,-1.9378411336939085,0.012353511362023244,0,1.988597558422,3.5093275112120548
sout3236,gumu1250,1.495606492883288,0.009635123441163435,0,5.8094430404375,4.255184590420376
sout2956,haid1248,-3.0699401811774316,0.009188010775120966,0,-3.505287279285,4.070076221007749
kach1280,sino1245,-2.4149884407769013,0.022579032754992297,0,-3.2193914015600003,3.399992546616435
sout2949,kiwa1251,-3.8698735253529906,0.034747938750952716,0,-4.3115505803249,4.139101804686669
sout2994,namb1299,-3.068287931674708,0.005142468287576979,0,-4.8399513102375,4.24576025167384
sout2649,indo1319,1.7544683715676366,0.018970787480752323,0,2.5582719320725,3.51386898588495
sout2729,sino1245,-2.284336111648129,0.024697389795437303,0,-3.92801056255675,3.4403033048255454
sout2728,sino1245,-2.843877060032827,0.02975636101237905,0,-3.88095416045,3.464701958614195
sout2918,aust1307,3.741174039358749,0.02162118592752921,0,4.763135951099001,3.42370512874894
sout2985,miwo1274,1.5628975695733218,0.00997109807934029,0,2.3289358148775,3.88148447168241
sout2807,atla1278,0.2687710482229081,0.01455290129367654,0,0.57662392943425,3.176653852017425
sout2797,atla1278,0.5666609165404821,0.034014446753362446,0,4.35178584811,3.403927649359515
sout2679,ural1272,2.3224321450478227,0.020689494158400143,0,2.9872129471585,3.3184113896746448
sout2782,atla1278,5.656769150125674,0.021860905895289977,0,3.3667761220375,3.678138133084245
sout2674,ural1272,2.7046152396964214,0.022899196085162346,0,3.52886945401375,3.2390813355284847
sout2959,atha1245,-3.5431098700710564,0.00913955403589042,0,-5.0316352824275,3.796503920434785
para1301,aust1305,4.002419869593982,0.03347159505241756,0,3.46777662761,3.4357167478911297
sout3261,nakh1245,-2.9582575964123166,0.010641640135808931,0,-2.72815426976525,3.89284537735879
sout2869,aust1307,5.621871469624913,0.008701268004682657,0,5.866923673615,3.461708064004145
stan1318,afro1255,3.3722566546936426,0.02165896056293484,0,5.012834095720001,3.63598420811931
indo1316,aust1307,4.640256251547053,0.0336054195065763,0,5.6904159988625,3.37566234253266
stan1306,aust1307,5.570861650412832,0.03899505485830599,0,5.691309373444,3.3754512171975453
horp1239,sino1245,-2.9642509148637677,0.02681946006506545,0,-3.7252483156075,3.4827223414149797
suab1238,sout3418,-1.5101195655974902,0.008352020249539764,0,-4.96943523815,4.274506626787805
suba1238,atla1278,2.9832392277458393,0.015479311977749485,0,3.6557170514455,3.3829224370574202
sude1239,aust1307,1.4980755904620944,0.011337415465972223,0,3.950056398125,3.27511850375787
suku1272,afro1255,3.522870822928568,0.024242778408319128,0,6.6611806888125,4.0231175814055256
sulk1246,sulk1246,1.6699580239474743,0.020242467224550618,1,-0.6740890491205,3.948915577739755
sumi1235,sino1245,-3.715983538214799,0.033216317547253515,0,-4.250415767434999,3.62207919133663
sund1252,aust1307,2.8428713109392323,0.02260147032131664,0,5.473709170675001,3.42176980773059
mari1426,aust1307,4.333497033390541,0.031069745951921038,0,6.285156327155001,3.4410431371354
sunw1242,sino1245,-4.745017074885155,0.009680247701883013,0,-4.442634020870001,3.6028044556304346
supy1237,atla1278,0.7419925003696902,0.015787494376350235,0,4.73146356404,3.3085864147848048
surg1248,ural1272,-3.134235324490315,0.02928886980438671,0,-1.7815289214005001,3.51395194837384
surs1246,aust1307,4.32329429084907,0.0154419529494521,0,5.4534537200225,3.4558042466234546
suru1262,tupi1275,-4.7518954241338776,0.016025369574118868,0,-5.69589007129,4.13566789207229
susu1250,mand1469,-0.28718165507542764,0.018420942647893405,0,1.65888788498,3.358586311814705
swah1253,atla1278,1.8646118396554014,0.017395593101743913,0,4.2821291869325,3.3553996933304
swed1254,indo1319,6.061187657491157,0.0344540078861747,0,6.287556431355,3.661126114393075
taba1263,nort2923,0.4710853352507167,0.024301962487299485,0,-0.8710663126975,3.4897765744049503
tabo1241,tabo1241,-3.64686485939802,0.03240234782066578,1,-4.036750168645,4.33856756173806
tafi1243,atla1278,1.6197263562670137,0.015554795379681692,0,4.209012684405,3.47239766367103
taga1272,aust1307,3.0312407669074846,0.028086042955121016,0,2.92525041104,3.2205861237694053
taga1273,aust1307,3.977966847558864,0.020987235025801947,0,4.67576687329,3.439634820489275
taga1270,aust1307,1.3532674407503822,0.020538856840875166,0,4.3920686506225,3.2967424981837103
tagi1241,sino1245,-3.8691031372950175,0.02881440989940301,0,-2.7304821446275,3.4420328605314996
tagw1240,atla1278,-0.06685431587080345,0.02588199245116045,0,3.7825308667405,3.288541778052395
taha1241,afro1255,3.4043105018689506,0.02761349465701286,0,6.19271255765,4.06949640225076
tahi1242,aust1307,3.879126788843342,0.025551317678957748,0,6.989119087600001,3.3479776312491
taia1239,taia1239,0.2440853069964519,0.013777654060818812,1,2.727677268322,3.75242611806017
taji1246,aust1307,4.9784915571074695,0.03204092040544758,0,5.2689896264275,3.4882399508701853
taki1248,aust1307,-0.196433462607657,0.016322710612097627,0,2.944766951075,3.263858637547325
taku1257,aust1307,3.7832812848113617,0.02445980278961465,0,6.9594976519500005,3.359787456517395
binu1244,aust1307,2.9340194206947636,0.03175285127807592,0,3.3607209521621,3.20708275813507
tali1259,aust1307,4.8390141113039125,0.009635815608505845,0,6.1104455383475,3.471394198043705
tama1331,tama1329,-1.4025961705368446,0.008870927664535191,0,-1.3660940866207252,4.309438274960225
malo1243,aust1307,4.069584998464226,0.017423783523056135,0,6.250858186652501,3.4489524899335047
tama1365,afro1255,2.168574903784723,0.03146591637086575,0,6.225181320935,4.0653619045109455
tamb1254,aust1307,3.4736357781703555,0.028105154930986156,0,4.4182544579775005,3.360269304487915
tami1289,drav1251,-4.076786796312553,0.008147834254111258,0,-5.0541867342775,3.68991961813368
tane1237,aust1307,5.997258486611796,0.007031874709502558,0,5.5302448678000005,3.50560947023717
tang1377,sino1245,-3.833641072538191,0.018118192281814167,0,-2.702380208538,3.440975398606605
tang1348,aust1307,4.183765835637226,0.012064881276654619,0,5.4364052889175,3.4570693343266603
tang1373,sino1245,-1.1595380250651388,0.02056712598092652,0,-0.96086470855075,3.2383832949579503
tani1257,tuca1253,-4.628406127330378,0.011613457617862246,0,-5.92895658093475,4.040657747656924
tara1313,sino1245,-3.53389532600164,0.04201378135816817,0,-4.527350415571,3.614668977193935
tari1256,araw1281,-1.4183597964834407,0.008534653395749091,0,-1.2738297506625,3.20894716212335
tari1263,afro1255,3.335238679005169,0.026488877706491727,0,6.0544790271025,4.10924193567485
tata1258,otom1299,5.5263169990309775,0.0191426714078173,0,2.94311202539975,3.98895087001536
tata1257,aust1307,3.664963863958679,0.025674264302198418,0,4.6702050822,3.42007219097228
tata1255,turk1311,-4.0962154388335765,0.028496534568471413,0,-5.321766953494,3.880139092924475
taul1251,taul1250,1.8228815209660927,0.02086968083216514,0,-0.6251282047615,4.01852403241634
taus1253,taus1253,-4.879145135257488,0.018185682900787387,1,-4.5631004416300005,4.2914205247692205
taus1251,aust1307,3.6117108247347254,0.024917912703425513,0,4.49269063317,3.280797718257345
tauy1241,nucl1709,-4.707002759113101,0.025092432339253106,0,-5.09610566259425,4.284882700962735
tawa1275,aust1307,0.0604863982410347,0.012635637924485304,0,4.363380209560001,3.3108949502489047
tawa1286,afro1255,3.6360674027834747,0.037580080929605325,0,6.22624050276,4.0567531512589
diga1241,sino1245,-3.422688085561069,0.029112038587460524,0,-2.4329871671377497,3.429835731771745
taya1257,afro1255,3.7583844506820077,0.019609983913479446,0,6.225028280849999,4.052032289441435
tbol1240,aust1307,2.9429308056766748,0.03713775588417158,0,3.584305508312,3.3281170508721
tean1237,aust1307,5.981160344228102,0.013080556385586604,0,5.5334095338075,3.502342826408055
teda1241,saha1256,-1.209984368435995,0.013363781064144115,0,-3.0596864474525,3.563983755141845
tedi1235,sino1245,-3.4197620157875668,0.04477540763559609,0,-4.50231669422125,3.59529865658678
tega1236,rash1249,2.4198160034561114,0.017222170416764535,0,3.4090641807925,4.596375908556205
tehu1242,chon1288,-1.9540116375725893,0.00993141946490594,0,-4.1486674952775004,4.33170287937423
tekt1235,maya1287,4.67300894489763,0.012031384014052545,0,2.93506127737,3.96489016200869
tele1256,nucl1709,-4.136470047382081,0.031419830034962806,0,-5.50226061055,3.832441389713845
telu1262,drav1251,-4.702900802816558,0.014395403522877673,0,-4.928254363184999,3.74376399502897
temi1246,aust1305,5.063231872850644,0.031276072027723846,0,3.4621448235167502,3.497197605328855
temp1235,aust1307,3.0755072135101287,0.022508776183544885,0,4.4303883467025,3.3694208392416947
teng1272,aust1307,4.628936936183262,0.02317612080163699,0,5.1291072053025,3.5120858780582047
tene1248,dogo1299,-2.6221571671754806,0.016162019115844275,0,-2.788973290385,4.1120216968013406
tenn1246,surm1244,1.4277174346049608,0.016580538073521014,0,1.4373952780144998,3.4257201979465304
teop1238,aust1307,5.08157481032698,0.012425907709799776,0,5.5400972897305,3.4613347718193
tera1251,afro1255,5.000213080172712,0.023044515150972285,0,6.6245132630325,4.02796128106376
tere1279,araw1281,1.9836641899924372,0.01702493467190112,0,-1.49665167711225,3.2976754078976453
teri1250,chib1249,-4.607076380412268,0.012077728208488153,0,-7.03078631546,3.917426398583895
term1237,aust1307,2.1799454127339803,0.01660493732771373,0,6.0147037537750005,3.45006705735537
tern1247,nort2923,1.1278632174702155,0.0152923733404461,0,0.6821425293585,3.600651752987115
tete1251,utoa1244,2.6947888255004253,0.01401679033737497,0,-0.7548468368585,3.360731637543
tetu1245,aust1307,2.002798148179142,0.024783112145406083,0,6.1840108583825,3.41866646072276
tezo1238,otom1299,5.5735717540877125,0.013342777335214868,0,2.930276249291375,4.02781384611893
thad1238,sino1245,-3.427479826250109,0.03260280332378721,0,-4.52211580889675,3.60601271527626
thai1261,taik1256,3.9970827092350962,0.0256543189839254,0,4.68789106215975,3.6635924607108903
thak1245,sino1245,-5.179090456713629,0.02696622848010274,0,-4.56805087417,3.56287756592226
than1259,sino1245,-4.871233170477818,0.0206021324931456,0,-4.326752977877501,3.579774408222895
thao1240,aust1307,0.6473839507585814,0.03374883410497756,0,5.221469691135,3.60453466408741
thar1283,atla1278,1.0313564064203449,0.010424781516087942,0,4.0398823847275,3.3666921693942697
aheu1239,aust1305,4.182767606497307,0.025324435157900074,0,3.451231944425,3.4108343684740303
thay1249,pama1250,-1.4425531841315387,0.02631923548524858,0,-5.9448903761275,3.6956960045553604
thul1246,sino1245,-4.230151321900932,0.027597631678068394,0,-4.44121414007975,3.5886467280164647
tibe1272,sino1245,-4.014354868275169,0.022127015024055646,0,-4.882375105382501,3.4949486197114954
ticu1245,ticu1244,0.2195706765662852,0.0069509024465296354,0,0.2965519418425,3.80431556681315
tido1248,nort2923,1.4080520351393018,0.028657164261321925,0,0.6678970816850001,3.5999499902286
tief1242,atla1278,0.5909757326037146,0.017406161605787975,0,4.712014875035001,3.397067300989615
tief1244,atla1278,0.6100159509749348,0.017895049161033308,0,4.6899618973125,3.39945815069896
tien1242,atla1278,4.243127963995711,0.014419063150780615,0,4.9777073125825,3.5714266458813846
tiga1245,aust1307,4.220297420301886,0.01263385841476184,0,5.40951617817,3.4460001588460747
tigo1236,atla1278,4.8051191187927955,0.011807867145317256,0,4.92778371536675,3.7511511736493652
tika1246,atla1278,4.7812985158166725,0.030030236383040552,0,5.0674690406825,3.910053670734175
tiko1237,aust1307,6.266652780626678,0.030038827851074278,0,6.955634653704999,3.3806121251272296
tilu1238,sino1245,-4.654842906931872,0.02696588076404911,0,-4.4280489948825,3.5931005764981
timn1235,atla1278,1.0276041942427199,0.04603063128287737,0,3.20686862983975,3.2886584225227597
tina1248,aust1307,1.9163963224352725,0.03019954452108345,0,3.24902123095525,3.30013697211679
tira1254,heib1242,3.0059447599707916,0.011405493675633423,0,3.4290834694505,4.3548780015409
maee1241,aust1307,5.80161370776327,0.025018300207647618,0,6.250344082060749,3.432674702468235
tiri1258,aust1307,2.7158890428798306,0.009299669828876396,0,5.6706970601125,3.4131447657653347
tiru1241,aust1307,2.782381090069179,0.04506586424995726,0,3.5890104267725,3.3190386167579753
tita1241,aust1307,2.4483897871636096,0.047688726161848605,0,5.9164256780775,3.4297285241146698
tivv1240,atla1278,4.213003554784783,0.019474438532674054,0,4.7912037045305,3.976501541615495
tiwi1244,tiwi1244,0.9747497683681281,0.009298914895241414,1,0.9186720278375,3.8644432298533697
toab1237,aust1307,5.188502855430025,0.008952173545774033,0,6.16366897926725,3.435991458732635
toar1246,nucl1580,-4.421732793270683,0.041428672349717775,0,-4.1740527962169995,4.29984396682256
toba1268,leng1261,1.1723806678067263,0.009742037310452568,0,-0.0369156951425,3.7985830210662748
tobe1252,nort2923,0.9662273243653119,0.03456148103953642,0,0.11358033423649999,3.530931653520975
toda1252,drav1251,-4.28666793611546,0.011691865778261786,0,-4.995875504975,3.718896957044755
toho1245,utoa1244,-2.7314099618206966,0.016763341459405282,0,-2.3466102253367502,3.3346784963105653
tojo1241,maya1287,4.510677287935248,0.008677051060581815,0,2.8992237265075,3.9893029443909147
toke1240,aust1307,6.156052271985374,0.03789461687091598,0,6.94442478863075,3.372976301342665
toll1241,jica1245,-1.6735339964850766,0.0075281294264682415,0,-4.662914199125,4.16533893058015
tolo1255,aust1307,5.7356670213602605,0.031488555226026144,0,6.20131843067225,3.4450236835628
toma1245,mand1469,0.41964705204329433,0.016003048764922326,0,3.5226723488495,3.32844126917854
tomb1244,aust1307,3.0409295766961764,0.02021603272944495,0,4.622564814692501,3.406184194143985
tomm1242,dogo1299,-2.483727236957297,0.022721820150747543,0,-2.413288239975,4.187818503964779
tond1249,song1307,2.3968392102875904,0.020063601824831027,0,5.8337543893225,3.677156987761265
tong1325,aust1307,5.974100310729635,0.02898441492358432,0,6.897477143050001,3.394803167587245
tong1318,atla1278,1.3556895872805517,0.009374911221454075,0,2.8842910568005,3.30430305919667
tora1259,aust1307,3.148699395383277,0.007243200627460491,0,5.8157852945999995,3.386448192780175
toto1302,sino1245,-3.662643178574018,0.03728281389935833,0,-1.3148851951382499,3.2815295415339447
touo1238,touo1238,-1.8625084146660416,0.013195168488499352,1,-4.69274765639,4.359307040392255
trin1274,araw1281,1.3040123272870932,0.010067041197502178,0,-1.30838910726,3.247654128533645
trio1238,cari1283,-4.793520390950496,0.012504717262681757,0,-5.93728077969,4.061595333052216
trum1247,trum1247,-3.8354044211488896,0.014295565257672149,1,-4.1855020704325,4.3048029901247
colo1256,barb1265,-4.761000162271432,0.008575593085061662,0,-4.4287318295975,4.206407964197075
tsam1247,afro1255,-0.7321093810598375,0.029494125043482235,0,-1.1460471602150002,3.25168516969635
tsat1238,aust1307,2.4189492854792363,0.021656046395239346,0,5.6136712083125,3.4033315960262946
dido1241,nakh1245,-2.526017752058752,0.011345782976998337,0,-2.117401257588,3.683601071566165
tsha1245,sino1245,-3.8449191428161864,0.027501817143116555,0,-4.68893407223525,3.5562939861588303
tsix1234,khoe1240,-0.6512076401571049,0.008053195872833027,0,2.5682808637525003,3.6848658017276748
tsog1243,atla1278,4.143045816267585,0.01115633571137464,0,4.563974742259999,3.672745575054705
tson1249,atla1278,0.36330570436816084,0.007877585387231259,0,1.297231454795,3.1911222158577397
tsou1248,aust1307,1.5187259618541014,0.025961460636917334,0,1.2004949409524999,3.469886426341135
tswa1255,atla1278,0.7372711947925684,0.00885892569106755,0,1.5985873559275001,3.201077862360055
tswa1253,atla1278,2.277601468138647,0.014723699934809367,0,1.48172948964325,3.207134364640525
tuba1278,utoa1244,0.3019249538159235,0.009834272575831974,0,-2.3086531198099998,3.37348760715593
tuca1252,tuca1253,-4.215658314615361,0.017597711437862713,0,-5.9578402869575005,4.035971463386694
tuge1241,nilo1247,4.353624325617615,0.024616809254689467,0,6.135804780770499,4.281429561615775
tugu1245,aust1307,2.903504162005942,0.026771672768813717,0,6.1023770777385,3.420349797203615
tuka1248,aust1307,5.192013620513457,0.022477182930642624,0,5.223978999243251,3.48741621357342
tuki1240,atla1278,4.406137286185361,0.02092669799203275,0,4.63991667260375,3.6338862203932347
tula1252,atla1278,5.600262194216183,0.03379931382950596,0,3.6236055913742504,3.5148095795108247
tulu1258,drav1251,-4.280981897860555,0.008152857133672272,0,-4.8610512997325,3.763585417647015
nene1249,ural1272,-2.619316173171307,0.020621791864688942,0,-2.65484149189,3.6196051430331098
tune1261,atla1278,4.055642710808984,0.01981316246810999,0,4.62058236789,3.664031777738975
tung1290,aust1307,4.009710430622678,0.015855443416973484,0,5.4209034786900006,3.44546106341379
tunn1238,afro1255,-2.111016438194101,0.01233396603163992,0,-1.37854504354475,3.2431895079017696
turk1308,nilo1247,1.2903386136019206,0.014017364423612972,0,6.38497136679975,4.22076535176604
turk1303,turk1311,-2.8053309350740347,0.020245594259685477,0,-5.34796057862075,3.8695269795628997
nucl1301,turk1311,-2.4164316356990785,0.017074219988222717,0,-5.3993592994925,3.83957447501959
turk1304,turk1311,-3.6954084597893875,0.021851424015613026,0,-5.363609547538999,3.898408252946825
tusc1257,iroq1247,-3.21502414454599,0.011655355631231957,0,-3.5206826071900004,3.9615286630143
tutu1241,aust1307,5.847247055174864,0.004446693372212473,0,6.225179997274999,3.4600950983651453
tuva1244,aust1307,4.713789887434606,0.020900913416434252,0,6.95715623015,3.378593771023085
tuwa1243,aust1307,1.5554780934819064,0.02572033437503124,0,1.8490921174525,3.264740220700105
tuwu1238,atla1278,1.386448419751312,0.024499453452856677,0,4.1760473746925,3.469827510429475
uuuu1243,aust1305,3.788767832839921,0.025579471367805154,0,3.46748977706,3.430490002095845
udii1243,nakh1245,-2.763816771143369,0.016658289781449592,0,-2.9039292540751998,3.824737660049455
udih1248,tung1282,-3.9192578320950107,0.022037610189209814,0,-8.095271699114999,4.8791930555974155
uduk1239,koma1264,2.1383847364504383,0.019129863444714748,0,4.09295310986,4.328082567085055
ughe1237,aust1307,4.433369543693962,0.012488256891256686,0,5.6614528134975,3.436348652246635
ugon1239,sino1245,-1.1898154859612444,0.02078866946097567,0,-3.772666253209275,3.43599720384215
ukra1253,indo1319,3.183749584935379,0.024730211845989263,0,6.5754640018899995,3.5780372397099303
ulch1241,tung1282,-3.9478918889772356,0.011282426606973957,0,-8.095291328595,4.90884080520663
ulit1238,aust1307,4.940988641626884,0.010221201079311952,0,6.4460037382675,3.3583755934906803
ulwa1239,misu1242,-3.0726506812346104,0.010186284549838654,0,-4.57184747324,4.05188119204403
yaul1241,kera1258,-3.9695115928119535,0.035605306138044295,0,-3.8498712059265,4.2934713004486
umaa1242,aust1307,3.4137005126604043,0.02197191577692805,0,5.381219018577025,3.4470167712204
uman1240,daga1274,-4.071522336050817,0.024151544314671015,0,-3.85413359875551,4.431791333475745
umbu1257,atla1278,3.2864697475492655,0.01869298191211709,0,4.2232423622275,3.467362422822995
umbu1258,nucl1709,-4.399665530907667,0.03025330515236929,0,-3.8998372286445,3.691962843008145
umes1235,ural1272,2.9925003118325404,0.017243000494392185,0,3.53334838364525,3.2328617250254803
unaa1239,nucl1709,-4.033962516904094,0.033182260548798276,0,-5.172548291877501,3.8742739777153403
unea1237,aust1307,4.839971980420904,0.009556376174324139,0,5.2404293498575,3.4734197450528947
unua1237,aust1307,5.847746538706161,0.028641589722007383,0,6.215214513095,3.4633911155746153
uppe1427,aust1307,3.5951402144095983,0.029289589594490704,0,4.59987817671,3.39633970037759
uppe1275,toto1251,2.5702980510792015,0.01528603781896146,0,-0.789959115535125,3.51868280939258
urak1238,aust1307,5.176554541662323,0.0302868376645108,0,5.6949658871025,3.3645322568750897
urar1246,urar1246,-4.913743464434969,0.011866467787992085,1,-4.421196113865,4.302775096441505
urav1235,aust1307,5.714644192552506,0.023135572914046457,0,5.80379118562,3.466389885772795
urim1252,nucl1708,2.748035261541032,0.03823301606342498,0,1.200685511188,3.7904551385779053
urip1239,aust1307,5.8051480057198175,0.035573998686983355,0,6.22774022429,3.450552975407735
usan1239,nucl1709,-4.9922097895593405,0.02820311788029157,0,-5.09775138915,4.27417891777964
utes1238,utoa1244,-2.4443803718635313,0.005625968545555469,0,-3.3417836484460004,3.42179940940827
kagf1238,atla1278,4.342571985509691,0.0212064588599221,0,4.91003073967,3.712872345366285
pile1238,aust1307,4.269716918795499,0.02424713755508065,0,6.9654757555349995,3.377879109604845
veps1250,ural1272,1.8272078185489136,0.017581883690363346,0,3.7845896440927502,3.206216504340615
vera1241,aust1307,5.98615273729108,0.02658421249710069,0,6.25399436705,3.438240506067065
viem1243,atla1278,1.6528956216439852,0.03139938960566833,0,1.598897505396,3.36964811649659
viet1252,aust1305,2.1171779974754363,0.020545471670238083,0,3.56503103979,3.3866082397852253
voti1245,ural1272,2.5988585802051674,0.033803713029097085,0,3.40232981482265,3.28442982189343
vunj1238,atla1278,2.9937636326450447,0.0194463945914918,0,3.8615764065325,3.40648366093753
vure1239,aust1307,4.256958764102542,0.024528645156327987,0,6.272746502696,3.423854923166505
vwan1235,atla1278,0.40499199712642375,0.038075752433633134,0,4.580282895585,3.33326503089555
wadj1254,wadj1254,-2.413600545961539,0.022941490345354174,1,-4.2902802440525,4.290500730892536
wage1238,wage1238,-2.669075317617833,0.01853262214935929,1,-4.4200290902235,4.33967703105276
waig1244,aust1307,3.594810826671633,0.05985869321900981,0,5.6395083758004,3.49485496752169
waim1251,aust1307,-0.8975980851216401,0.015693032134638626,0,2.47893283229525,3.196640548988305
waim1252,aust1307,2.52234430830421,0.021297585961339453,0,6.0889222391499995,3.4344126597723053
waim1253,cari1283,-4.516415988651366,0.01563263264590536,0,-5.9429543224325005,4.072460205269855
waiw1244,cari1283,-4.727585855880275,0.014017966512023092,0,-5.965984375586,4.06965262096392
waja1257,pama1250,-2.9674302006619415,0.02298018739686065,0,-7.401709837315,3.80086241532978
waka1274,pama1250,-3.8535481985106355,0.024563576586682012,0,-6.470959034998,3.93775498871771
wala1266,aust1307,5.145627931749475,0.005015758986731947,0,6.1679655147000005,3.441996026046795
walm1241,pama1250,-4.760948062050414,0.024073132949673524,0,-7.2772488555825,3.85493017875391
wamb1258,mirn1241,-3.876153043250115,0.028123162838079252,0,-5.21625185730125,4.157647343537925
wamb1257,sino1245,-4.64945560144598,0.02592529085396229,0,-4.4518729892325,3.596728427033745
wann1242,mand1469,-0.3164028642612353,0.018721049077058568,0,2.013986221095,3.3245515369610903
wand1278,afro1255,4.96096897524335,0.027087052571148178,0,6.6340008292825,4.050055627533125
wand1267,aust1307,3.2012416166237116,0.03448257558516757,0,5.7218572249,3.5082345158940047
wanm1242,pama1250,-4.987304419863481,0.032651286519140586,0,-7.31802593098,3.81275546054418
saka1289,aust1307,5.829104170763745,0.024022069233664563,0,6.19975218081,3.465750858799725
waor1240,waor1240,-4.873464919190591,0.0196419770715087,1,-4.59950893306,4.261611120571095
wapi1253,araw1281,-2.8127124694772947,0.03534436379611446,0,-1.5390340072385,3.376473564809345
wara1303,wara1303,-3.827783500339345,0.011574503098090995,1,-4.8262531866086995,4.342256506015239
wara1300,aust1307,2.2276872268174035,0.02356727445636215,0,4.63416794832,3.23958479805917
ward1246,yang1287,-3.121947380791326,0.01006369555147969,0,-4.288587373792501,4.335715454407585
ware1255,araw1281,-2.0215289944635035,0.042869539285091414,0,-1.74763958346225,3.251137910773065
ware1253,aust1307,2.0855565969511805,0.026736142670507872,0,5.8183898689475,3.47786649208686
wari1268,chap1271,1.1415546884914283,0.008563165776018188,0,-1.048753108891,3.8282152331709502
warj1242,aust1305,1.7382479542839548,0.02479511195243226,0,3.492549048895,3.43943957766537
warl1254,pama1250,-4.747864997371029,0.028027730812876864,0,-7.2878556050575,3.85485243724128
warl1256,pama1250,-2.8040560608937035,0.030515510846145174,0,-6.214816606399999,3.771428829392105
waro1242,aust1307,2.1563525081732458,0.025252561073243193,0,5.8311964975875,3.4771305979422253
warr1255,pama1250,-2.8036065578927087,0.029804718178082945,0,-6.2249045903999995,3.81721488158055
waru1265,pama1250,-4.782905871946605,0.035065242486167665,0,-7.2828079271499995,3.8610970733918597
wash1253,wash1253,-2.10732434224117,0.008527080848083523,1,-3.11900316122,4.0431170231919396
wask1241,nucl1709,-4.727372991542922,0.02537789554992154,0,-5.097733438815,4.2915264024523445
waur1244,araw1281,-2.4290009925102365,0.006283433514517735,0,-3.0037061738875,3.517659424389535
wawa1246,atla1278,3.4256436562468453,0.032607780535827004,0,5.1423451018975,3.8657053721999146
waya1269,cari1283,-4.766850028363567,0.01596317494052834,0,-5.9549807237625,4.04380524808506
wayu1241,sino1245,-4.773620929990454,0.018229911136058787,0,-4.4471541880575,3.58412319294679
wayu1243,araw1281,0.6824155757845003,0.00451872895769305,0,-0.73532421203,3.3193772266136152
wels1247,indo1319,6.247187035806093,0.026062218778847613,0,5.4694207717875,3.861727183841335
nort2864,aust1307,3.7755408657601075,0.032793582038870235,0,5.7550189229025,3.477996561146355
weri1253,kuni1270,-3.660803207749998,0.028571929065656847,0,-4.241417220035,4.278907809314084
west2564,aust1307,4.212387975237061,0.035019097257880126,0,4.9795540442375,3.44782769300669
west2560,aust1307,3.36444216473055,0.024774070561965334,0,4.7528278336037495,3.42498436308777
west2548,aust1307,3.1124314042289463,0.041543970963439154,0,5.446908082049999,3.432062568336675
west2615,atha1245,-3.578688608318041,0.0126130509519454,0,-4.90035085497,3.870145351710325
west2441,pama1250,-3.292536189486894,0.032849679711553524,0,-7.3406564385749995,3.806439806245455
west2397,aust1305,4.053106983901316,0.0349922194880524,0,3.7797162749125,3.4425437682315447
west2555,aust1307,2.7625390597714032,0.03859176535665717,0,2.959966673932,3.1976875318716997
west2618,eski1264,-2.2400683411467797,0.009639782107246588,0,-3.68376183772375,3.693086449250965
west2650,aust1307,4.644044416692212,0.022124145943786144,0,5.540485291075,3.42809915179286
west2594,nucl1709,-3.5006491148812438,0.03610176003180658,0,-5.2470273902825,3.879893823051275
west2778,utoa1244,1.5484853313216922,0.006092061028998785,0,-0.6860294423675,3.348929120039525
west2369,indo1319,4.535397627761819,0.020141540303473635,0,2.2330755758275,3.579816068119725
west2519,aust1307,4.514737834497796,0.0315720935682041,0,6.59504575041,3.402105941029085
west2354,indo1319,4.538679363866747,0.023889956821230914,0,6.3041221068999995,3.6519381108400397
west2644,otom1299,5.510874907245333,0.03356404141286126,0,2.970858368435,3.96800333597633
west2466,atla1278,0.44799701742679154,0.03771066913107025,0,4.677977233268249,3.33856552081845
west2632,kere1287,-1.3824450253212919,0.007423214456635636,0,-4.126578915282501,3.9307565232766253
west2396,aust1305,4.787215825883365,0.02280059836935064,0,3.46307966724225,3.4290712306228
west2418,sino1245,-5.223104699680144,0.023363646790506933,0,-4.2962561760949995,3.60665687007058
west2392,ural1272,-2.1173067316425005,0.021890965587314907,0,-0.41897001032347503,3.4129995420969
west2763,afro1255,1.9276291679768205,0.016891489271392945,0,4.9097685384945,3.640118246685175
west2386,indo1319,-2.243615028226324,0.021868673298694855,0,-1.3434532529585002,3.434089969447335
west2557,aust1307,3.0322368818131555,0.03271403588869065,0,3.5466426285125,3.28654556866564
west2415,sino1245,-5.05329509350029,0.02832793716409525,0,-4.5485186859825,3.577338589653075
sanj1284,otom1299,5.425661786793738,0.011936021325607005,0,2.92594002146825,4.023626020088235
west2430,hmon1336,2.7234072700467915,0.012920449592258255,0,6.187864354345,3.7156440762324
west2599,nucl1709,-4.32493238022844,0.015199732674420027,0,-5.483150764475,3.84697011470615
west2600,nort2923,1.3109063467247504,0.020611009223996182,0,0.39586396339749996,3.743243228479165
saka1291,aust1307,3.1660620841094516,0.038288472536973935,0,3.4582941239054996,3.262768421738895
west2516,aust1307,4.785373799493834,0.04067614103183688,0,6.936339752575,3.368990063316565
whit1269,aust1307,3.904738832353341,0.0057231825080656705,0,5.892746325248,3.45034709838796
wikm1247,pama1250,-1.2938505826182518,0.02254484589496603,0,-4.653358560307501,3.520742622779045
wiru1244,wiru1244,-3.4249877618517566,0.027545886314316086,1,-4.346738690135,4.253050214523579
babi1235,atha1245,-3.850277081267694,0.010541349430977214,0,-4.982589802275,3.823751131857005
woii1237,aust1307,2.8260185261506967,0.02671386362885557,0,5.7493224476975495,3.5018141832361147
wola1253,afro1255,-2.0452207479353084,0.03087378867740077,0,2.7624775015200003,3.437448834538345
wola1242,gong1255,-3.3336726878295844,0.023047853216682648,0,-1.2080133041174999,3.5990254224675198
wole1240,aust1307,5.244459391768803,0.0085828656626741,0,6.4659296336,3.35582239264549
woli1241,aust1307,3.465882885763239,0.028625401046964316,0,5.433387505885,3.4370978864929054
nucl1347,atla1278,1.8758370062470155,0.016109230922391603,0,4.768271864555,3.579973798373525
wood1236,algi1248,1.0330061604902614,0.010877883048900592,0,0.8308469425057501,3.32978406670153
wotu1240,aust1307,5.235856848186523,0.028609872452262226,0,5.3765979571399996,3.4499741832612
woun1238,choc1280,-3.886554415134285,0.011186862441294992,0,-5.491149405205,4.115164516783655
wuch1236,sino1245,0.4237644778894486,0.014808552672221444,0,0.9372484888475,3.2953660472690602
wudi1238,sino1245,-2.0376601292721355,0.03240785919685083,0,-4.3184935438225,3.388008158668375
wuna1249,worr1236,-3.3555949488355674,0.029116337000367844,0,-5.020295571815,4.172030035301431
wusa1235,sino1245,-2.0069512569054657,0.025540009295015872,0,-4.320810995885,3.381954716800675
wutu1241,sino1245,-3.612106409773812,0.020362064954372826,0,-0.70920792593875,3.256552663224555
wuvu1239,aust1307,3.376013260951554,0.027306225991641144,0,5.647496168882499,3.50875260654803
xamt1239,afro1255,-1.1650425882013655,0.02639488513909844,0,-1.78249688804275,3.3106571280126253
xara1244,aust1307,2.7883331834284997,0.014120333970362334,0,5.67915978358,3.41720704222234
xava1240,nucl1710,-4.765485115910653,0.014752541294033373,0,-5.918259562165,4.1024459002984095
xhos1239,atla1278,1.1190908436816662,0.012391373527840269,0,1.93810573732325,3.194497680665235
xish1235,sino1245,-1.5701089464087743,0.026426971653509854,0,-4.352026164394999,3.37496093704263
xokl1240,nucl1710,-3.3121838005394277,0.013686071936178622,0,-5.909754891195,4.09740264539961
yaak1241,afro1255,1.9989856188735005,0.02082638671585648,0,-0.773644755295,3.232907597217795
yabe1254,aust1307,1.6373340033711488,0.019421619185445972,0,5.16346285333725,3.3479602683056697
yaey1239,japo1237,-4.05706660599932,0.0253681435798951,0,-2.9549725188875,3.7783177586723
yaga1260,nucl1709,-4.409016206926146,0.026980969989281175,0,-5.1413752729435,3.945256407411195
yagu1244,peba1241,-4.2105119280518135,0.012416258212384975,0,-4.55514530066,4.250839017080745
yaka1272,atla1278,4.722304847563712,0.017881632003039077,0,4.8853604218775,3.582949015329985
yaka1277,aust1307,3.197748491576121,0.04298281776926489,0,4.7326964471025,3.445953797363155
yakk1236,sino1245,-4.057338169345884,0.02737328873977774,0,-4.4498796294075,3.5799767242780147
yako1252,atla1278,3.622278438846036,0.020822318083784402,0,3.1603599113125,3.298533092935875
yale1246,yale1246,-1.928412618846714,0.01590388797746027,1,-4.85358856355425,4.129138148192675
yama1264,yama1264,1.3735938823556473,0.010920642457751146,1,1.0393200608575,3.94015926538331
yami1254,aust1307,0.842186413514534,0.022349767264926036,0,1.8708553105385,3.2511392134804398
yami1256,pano1259,-3.6582535562764917,0.0112744945216689,0,-4.588690074161001,3.6190252683650552
yamp1242,sino1245,-4.462223725630423,0.04284698492164633,0,-4.4109025751775,3.5875476438339398
yand1253,pama1250,-3.0147744623824897,0.02364474075307526,0,-7.06825844458225,3.853093652080865
yane1238,araw1281,-3.843272050621275,0.006959847202424781,0,-2.565488196545,3.58341957070453
yank1247,pama1250,-5.177798472630739,0.02508843953359764,0,-7.3222393238575005,3.7983377679887997
yano1262,yano1268,-4.071573563326849,0.008428159446681809,0,-5.4548886462725,4.112238807008685
yano1261,yano1268,-3.6755366236561926,0.006020424873851095,0,-5.44723977874545,4.114101197605885
yany1243,pama1250,-3.6732992800027233,0.03184519026527087,0,-6.0598832767025,3.80846972324801
yaoo1241,atla1278,2.1117193693293164,0.02819640934868927,0,1.936891168661,3.2419401129678347
yape1248,aust1307,4.863578942645917,0.015132777653652606,0,5.7697892645275,3.457349685559845
yaqu1251,utoa1244,-2.55997816674481,0.04112971463748639,0,-1.0805429242487499,3.357178355514355
yare1248,yare1250,-4.347957094993999,0.03279668189747188,0,-3.7993820294475,4.46274927725519
yasa1242,atla1278,4.019937579252948,0.02755144144106666,0,4.4564240316875,3.52691990344438
yatz1235,otom1299,5.359341416625117,0.00927959247096774,0,2.952360517433,3.995114485496475
yaum1237,nucl1709,-1.880979410711725,0.025494086478828785,0,-5.7952981576175,3.86711016723834
nucl1454,yawa1259,-1.155236419099372,0.015540080036410107,0,-5.573213667775001,4.064918092174165
yawa1261,araw1281,-2.5762657166992304,0.016611771528804498,0,-3.0174148865475,3.513308254269945
yawu1244,nyul1248,-3.9721990834110716,0.043595575217329964,0,-5.1812444150650006,4.24530937200419
yecu1235,toto1251,0.6830821545501472,0.01105166384779687,0,-0.32169807257475,3.5434637944341
maqu1238,cari1283,-4.3103468686810125,0.012291919293680467,0,-5.956374384015,4.044909520565595
yele1255,yele1255,-2.480209670971537,0.030448852235649148,1,-4.6077556861649995,4.243735924423585
yems1235,gong1255,-2.8467383291159516,0.03911817949783016,0,-0.5739665159967,3.52012248154174
yapu1240,nucl1708,1.0297753325016494,0.029890240678072073,0,1.6971834238475,3.64216996011045
yess1239,sepi1257,-1.738155347008747,0.03832429390192652,0,-0.63169260968825,3.570282015350645
yidi1250,pama1250,-2.230025707788645,0.02341449689142761,0,-2.7986789382625,3.569648079763235
yima1243,lowe1423,-3.307622751530682,0.024158205345134107,0,-4.33483239692025,4.310788594360959
yinc1238,aust1305,5.350120189140977,0.030506729732642828,0,3.4698458581320004,3.441272726379485
yind1247,pama1250,-4.5662423046812926,0.014757742930698725,0,-7.3687728521675,3.819451935533825
yine1238,araw1281,-3.3760261533726146,0.01076834365846486,0,-2.5809094583655,3.42234885847575
yoga1237,aust1307,2.1664544318987167,0.04936662998553516,0,3.240477297035,3.28708666967467
yona1241,japo1237,-4.010126518153333,0.026870678499607226,0,-2.948999662385,3.76367937909225
yong1276,taik1256,4.55956012326771,0.014012594432172083,0,4.57553759215,3.6949658953173152
yong1280,nucl1709,-4.184205603324827,0.02977672727657635,0,-5.482859038485,3.85211683248143
yora1241,pano1259,-3.427690010327964,0.009045759807817586,0,-4.580080220901075,3.626936363754025
youl1235,sino1245,-1.5943826763052416,0.020212989606993245,0,-3.84733664598,3.380223189738635
youn1235,hmon1336,3.559079289054614,0.013028026856125766,0,6.154219845925001,3.71552863812697
yuca1254,maya1287,3.720294901690562,0.007402475675002434,0,3.0664164597375,3.94799798120155
yuch1247,yuch1247,-2.7404626136778587,0.00830401169498111,1,-2.91323924099225,4.0082335297202345
yucu1253,araw1281,-2.6394420429466443,0.024805118440293334,0,-1.7206760625825002,3.241970082024875
yuec1235,sino1245,0.5238277701895327,0.019050311661330862,0,0.8216771969,3.2931627503440453
yulp1239,pama1250,-2.8034374705116756,0.0136816287230812,0,-7.343748836482501,3.795721807003305
yulu1243,cent2225,2.6513736579614537,0.027108178549504158,0,2.8550350824575,3.339293807924065
yura1255,yura1255,-2.3357998256363333,0.011018324102682126,1,-4.5768749113275,4.2104676127601
gami1243,pama1250,-2.4453568228694524,0.022887962095038843,0,-6.71030069153125,3.86722853690514
zaba1237,aust1307,4.917818377030487,0.008797670256956153,0,5.7781349654500005,3.393551363484625
zaca1242,otom1299,5.501587458945336,0.03583368882419054,0,2.9790315959275,3.983170035202725
zaca1241,utoa1244,2.3987363568689126,0.023816065338182035,0,-0.86363547951125,3.3418494182587652
zaiw1241,sino1245,-1.1761171731047524,0.026738370439857422,0,-2.63528231486425,3.241954170209
zakh1243,sino1245,-3.308362310228035,0.02745415586260913,0,-2.49284896299375,3.40822987812089
zamb1245,atla1278,4.461393165110857,0.04462404181015801,0,5.2574471183925,3.559199643115785
zand1248,atla1278,2.201792745234693,0.017807179228521985,0,4.48356404700975,3.316677529208425
zani1235,otom1299,5.525000132441072,0.012029999925656629,0,2.8877138254025,4.014949730447875
zapa1253,zapa1251,-4.9588894707966595,0.006251143157019935,0,-4.68003511560725,4.220791746745305
zarm1239,song1307,3.2332661191581824,0.022316621249373548,0,5.8160531537299995,3.6943027112901596
zays1235,gong1255,-3.247613468048111,0.028045796065644942,0,-1.2158880330100001,3.627670542647815
zeme1240,sino1245,-3.711295504364112,0.030602900828501627,0,-4.24742509105075,3.6396558059289896
zenz1235,otom1299,5.532436464853763,0.01464864971255684,0,2.904076019355,3.9963799764632153
zhab1238,sino1245,-2.9746619324521655,0.026841742494824128,0,-3.805124688188725,3.442945273260545
nort2795,atla1278,1.540490407632965,0.015632891526166495,0,1.92977763404275,3.2007518358754
zinz1238,atla1278,2.3041420984495122,0.019496438516997405,0,3.84029203923,3.32675645488418
zoog1238,otom1299,5.37211240811354,0.011655452845801037,0,2.96317352722,3.98106809864636
zulg1242,afro1255,5.005949349607164,0.03458111908490401,0,6.620765787665,4.055331005938
zuni1245,zuni1245,0.7471741988001336,0.005516762375890201,1,2.008388798136,3.86424419754083
