Glottocode,Family_ID,GPGLMM_3D_Mean,GPGLMM_3D_SE,Isolate_Flag,Verkerk_BRMS_Mean,Verkerk_BRMS_SE
abad1241,aust1307,0.7993089705147502,0.04443511286104887,0,-0.75068590679175,1.7807893869384999
aben1249,aust1307,-0.6834230092007688,0.04859826572759992,0,-1.4554631279380001,1.803028556016225
abkh1244,abkh1242,0.9994221192665462,0.03467216429875802,0,1.0739450572747251,2.02983618880826
abua1245,nucl1708,1.436237861411285,0.07154585438620979,0,0.65029284395275,2.04402060597452
abun1252,abun1252,-0.7915334365671303,0.04764701802814386,1,-1.7228444217025,2.14856972034541
achi1257,aust1307,-2.688539855868121,0.06281614424433006,0,-2.12105247645875,1.82669949442296
ache1245,narr1279,1.8292615303992856,0.030150457021386794,0,1.2725871535155,2.171141396336955
achi1256,maya1287,-0.43232166640458575,0.02674965561900564,0,0.4779814041575,1.92555011457231
achu1248,jiva1245,-3.2217849077880922,0.024709742314338413,0,-2.016753489019,2.00722250226052
achu1247,pala1350,-1.9386765318065644,0.044405153438049856,0,-1.012984318845,2.087034366759925
acol1236,nilo1247,0.5523041601563182,0.037822375689688915,0,-0.011008289849,1.8353092703508649
adan1251,timo1261,-2.7971810405975415,0.05137013240762255,0,-1.379112552415,2.183682747764225
adny1235,pama1250,-0.9850032560842349,0.04194385241941076,0,-1.8870220492424998,1.948559003614795
adon1237,aust1307,-2.8619195935350454,0.0426335804180639,0,-1.681928240436,1.832046636059755
adze1240,aust1307,-1.2504226083266012,0.04189548269077975,0,-1.03282337890325,1.798828750478815
aeky1238,kamu1264,-2.0282220446403554,0.08007355451761032,0,-1.61975543806925,2.127489006621075
afar1241,afro1255,1.3809407482122227,0.04417290446885205,0,1.3236163650980002,1.7951546197081298
aghe1239,atla1278,1.0760276925352537,0.03974842543992518,0,1.4488434810145,1.8470496976535449
aghu1255,nucl1709,-2.3427154699071933,0.06774786724522654,0,-2.0793926062232497,1.98837226550811
agob1244,paho1240,0.23809780140244452,0.022984436704138033,0,0.50133291757,2.04477441617504
agua1253,jiva1245,-1.6361866008108672,0.017811756473907512,0,-2.0392371942,2.01194103266841
agut1237,aust1307,-1.0518121301859111,0.04944728643897877,0,-1.47410689949375,1.80397523929874
aika1237,aika1237,-2.1776471299056497,0.027083815223351095,1,-1.53118963352,2.10370854965573
aime1238,bosa1245,-0.5943987162182532,0.04590263725962544,0,0.17626861308125,2.08915458846538
musa1266,nucl1709,-2.6124410356750944,0.046222998209895685,0,-2.430137248157,2.019698241980405
ayiw1239,aust1307,-1.862677704363945,0.04046407034941834,0,-1.3811421739399998,1.8165495860910998
ajas1235,kres1240,-0.07201707461015044,0.030808350076103493,0,1.7440053309149999,2.155266848558755
ajie1238,aust1307,-2.3427297824005464,0.016477617199393262,0,-1.53541845156,1.81544773392499
west2635,maya1287,-0.901267681310163,0.0480086634342332,0,-0.31484229749250003,1.919832503967285
akei1237,aust1307,-1.8856392172729408,0.05218066841090683,0,-1.303539800931,1.816544798482675
akha1245,sino1245,-4.811721975147465,0.048512477672988524,0,-4.1139196596225,1.902857916907565
akoo1248,atla1278,1.0668434689983866,0.026228324929963718,0,2.04192008215225,1.793101343607705
akun1241,tupi1275,-1.2181959465653531,0.022848081577490367,0,-0.1832696967625,1.908520949036
alab1254,afro1255,1.1109140705391605,0.055678486899021995,0,1.22139358303775,1.763690021337545
alab1237,musk1252,-1.4088058473056706,0.0353955409180113,0,-0.5273594383225,1.962975521361185
alac1244,otom1299,-0.11332210456196425,0.03526244404298559,0,-0.74781392363025,1.9292456459600351
alag1248,afro1255,3.506535801787953,0.07132744464338614,0,1.82182526137075,1.8558811101371049
aleu1260,eski1264,0.512496963708001,0.015123828845437273,0,-0.42393369634699996,1.998239002020445
alor1247,aust1307,-2.7221773940908243,0.03971058936753032,0,-1.68900151037,1.828542326803385
aluk1238,drav1251,-2.199003209642977,0.022279979455492448,0,-2.67956096633,1.877122222729565
amam1246,kuni1270,-0.2286996597548267,0.0430822486015122,0,-1.18564827259025,1.9709319137476302
amap1240,left1242,-0.8176940577570737,0.047799577830862354,0,-1.52451924310185,2.073126441463855
amar1272,aust1307,-0.2880967659582744,0.022149249557606793,0,-0.6275013496674999,1.825309927531055
amar1274,hara1260,-2.460205039066827,0.028269410869657376,0,-1.5030906170025,2.07038342307409
amas1236,nyim1244,0.4117914718971126,0.030985098462898944,0,-1.02143007651225,2.23441901283781
amdo1237,sino1245,-4.35689799146937,0.06966525273948612,0,-3.432364056525,1.812045898669935
amii1238,west2434,-1.0787249416100084,0.06742484934004418,0,-0.7758263259643501,2.038650520059705
amis1246,aust1307,-2.4372780427547998,0.03829086676807779,0,-1.9604278416629999,1.89905385975019
hoaa1235,kxaa1236,0.26652410557526246,0.026508453520334117,0,-0.44281893256925,2.05001143700072
amri1238,sino1245,-2.473078747246506,0.04626914155633859,0,-4.05440757875,1.90628772097527
gily1242,nivk1234,-1.3466573241160966,0.020040202411561535,0,-2.15691406811,2.413759391089935
anei1239,aust1307,-1.569165896964161,0.04443732035349538,0,-1.16728527480025,1.8085641760682498
anfi1235,gong1255,-2.3846479241493315,0.06981614138473291,0,-0.84016337334,1.8297558871436501
anga1290,anga1289,-0.5773433123264766,0.04907596092169875,0,-1.5214610663425,2.1295913991349247
anga1288,sino1245,-2.523143305659411,0.038985309441595443,0,-4.050897923685,1.8762216453710399
wara1294,more1255,-1.9125774786379197,0.06575806658872843,0,-1.8254437175475,2.098434616092325
anta1255,aust1307,-1.379451086978587,0.03918724959628011,0,-2.06761593313075,1.8121066423126448
anua1242,nilo1247,0.2433595538023057,0.03662993854203414,0,-0.111337055478,1.82624033729718
anuf1239,atla1278,-1.7992477967066818,0.04114177110453471,0,-0.5434167154549749,1.855698546531175
anuu1241,sino1245,-4.3613436659439255,0.061999070371797645,0,-3.916950298205,1.8962192038311199
anut1237,aust1307,-1.6480131823431738,0.04329692977236817,0,-1.1946341844244999,1.768706662003885
aona1235,sino1245,-3.9026981186699183,0.044669806753886036,0,-4.0448943034675,1.88880003561651
aoua1234,taik1256,-3.685629244068725,0.020784915436570038,0,-3.491811491475,2.146498528497545
apat1240,sino1245,-3.8257194841113726,0.04821771727067962,0,-4.01237419159,1.914973388018435
apin1244,nucl1710,-3.174181014134206,0.01806875268436499,0,-2.2533869497325,2.009839788742335
apma1240,aust1307,-1.7491808826678863,0.04083446983780767,0,-1.55345965448175,1.78837737766824
apur1254,araw1281,-0.7716233705274038,0.02490958143734253,0,-1.838482285994,1.94209971752787
arak1252,aust1307,-1.8690015877290092,0.040936520268396843,0,-1.3526885848724999,1.788194311836675
arao1248,pano1259,-0.6147341254316138,0.02233967480875854,0,-1.7868280821115001,1.907385842331795
arap1274,algi1248,0.49965027918147575,0.02698005626067003,0,0.1753283088095,1.87171698833478
arbo1245,afro1255,1.5773210774790423,0.02941928320510183,0,1.48413249394725,1.7652646215846648
arch1244,nakh1245,0.856682299637846,0.018949770184386535,0,0.47560636316024996,1.939930806114295
aree1239,aust1307,0.22351187528461194,0.044960853588298766,0,-0.6070244538577501,1.80521316649298
area1240,aust1307,-1.9839294554842093,0.04409453900914232,0,-1.615286711055,1.81680333559513
argo1244,afro1255,1.5786889025576514,0.03671432540597476,0,2.5400703313574997,1.942728146635885
arhu1242,chib1249,-1.6645237523864684,0.034348397006444556,0,-0.606783117531,1.84471708948907
arig1246,atla1278,-1.6964468148075376,0.042464873331505476,0,0.31573319808,1.83786737888752
arom1237,indo1319,2.6132427475327002,0.056262415797885,0,2.62292451919825,1.8782435502138601
arop1243,aust1307,-1.0861897693212375,0.022081619652962455,0,-1.0584606777935002,1.814509914317745
arop1242,aust1307,-1.3401681924928108,0.03132918562183188,0,-1.1174155836917499,1.82302375784673
aros1241,aust1307,-1.9899974435293193,0.04841547084123074,0,-1.60351023645025,1.8288904582461951
arta1239,aust1307,-1.991590299410508,0.05201387661445478,0,-1.813165134542,1.803297094701785
ashe1272,araw1281,-1.6849162100346593,0.021698750872584494,0,-1.8189866549245002,1.94659819808531
asoa1238,cent2225,-1.378257537498178,0.029685852048835254,0,0.42772653181275,1.79025016651408
assi1247,siou1252,-1.3579174725453438,0.029115317267284172,0,-0.55455578230725,1.947815658160555
asur1254,aust1305,-1.648197214052685,0.05043546805919111,0,-3.68557952855,1.89293933722056
asut1235,atla1278,1.4671524249527863,0.033013850718357406,0,2.81266297195,1.8009744481645251
atam1240,aust1307,-1.2424762322490408,0.040440676269655335,0,-1.95101998935325,1.793941898617185
athp1241,sino1245,-2.0758952901284404,0.06798055080033798,0,-2.97725581551,1.83195593777447
aton1241,sino1245,-3.8427062706272306,0.05106818884576096,0,-3.4836423475,1.87400441816985
auuu1241,nucl1708,0.4133203666074208,0.05802790007089565,0,0.86573922124725,2.03934363252192
aulu1238,aust1307,-1.7035110768478758,0.01761661331295564,0,-1.118908501408,1.78935742547757
auye1238,nucl1709,-1.2477091187087979,0.07843365492922753,0,-2.1095720981425,1.9692524901838802
avac1239,tupi1275,-1.3521000979760354,0.02375166094059047,0,-0.6399851982325,1.9298791716933
avat1244,atla1278,-0.3899315395491538,0.04838067705528772,0,-0.6465511593863249,1.864149706722955
katb1237,aust1307,-1.6136417376983725,0.01610997895028263,0,-1.11145403592,1.8103979749039
avok1242,cent2225,-1.2560950999441,0.06496970942402815,0,0.14085340079737502,1.787949125015655
awac1239,barb1265,-3.13950879368854,0.051295905399557584,0,-1.5883207742524998,2.038246158586985
awad1244,aust1307,-1.2727799948975715,0.048599138762253406,0,-0.808769397808,1.803374973866445
awad1243,indo1319,1.2354194715156295,0.04414248837549733,0,1.85975233302559,1.85964855548167
awap1236,nucl1709,-1.3609550003288151,0.05103687324631238,0,-2.0035283010597498,1.988679754062625
awar1249,ramu1234,0.20336340166080946,0.04546487369422473,0,-0.2090616200575,2.1066211389382348
awet1244,tupi1275,0.5535078580355903,0.014658101120397152,0,-0.27794999511475,1.9251381800755851
awji1241,afro1255,2.451512241059044,0.05050291909812203,0,1.1961598854025,1.881896831991845
axam1237,aust1307,-1.5736995998211385,0.04585276925277864,0,-0.8520603443125,1.7919789431758701
axiy1235,sino1245,-4.838497066217613,0.036567558348304566,0,-4.114716640555001,1.8861420122198198
ayac1239,quec1387,-1.2083831072403404,0.03510099602111905,0,-1.8332254041,1.9238449205122898
azha1235,sino1245,-4.962124539526467,0.04507633487236062,0,-4.11144939253,1.89952272943715
baba1264,atla1278,-0.8908886767435192,0.03434275492824342,0,1.102828833211,1.81707463536555
baba1266,atla1278,1.1147693727820158,0.03867150966726915,0,1.4847929285024999,1.8468130490449899
baba1268,aust1307,-0.4912164438321036,0.03566422702870056,0,-1.137579435283,1.81058739603488
bada1257,drav1251,-2.1853299817386205,0.02000111523437605,0,-2.6565813280099997,1.8818737517843949
bafa1247,atla1278,1.0261858712285354,0.043080839942723666,0,2.031167085547,1.785580430674855
bafi1243,atla1278,1.1183646984810176,0.032104667115914406,0,1.6375384125074999,1.8007497711567448
bafu1246,atla1278,1.0875018113294224,0.04159008125825231,0,1.1907411997285,1.829527268449835
baga1273,atla1278,2.0153659369840953,0.0649672616307703,0,1.839231302729,1.829306768569945
baga1272,atla1278,0.21056689013487515,0.06727867702620764,0,1.85619378431325,1.81795545150987
bagi1246,cent2225,0.3039500172935309,0.0461198677668404,0,0.46939384939245,1.718067803974935
bagv1239,nakh1245,0.9474130792085852,0.03866538154694163,0,0.8301837203775,1.94357801409974
baha1259,afro1255,1.5033432508487108,0.04385315383319652,0,2.967778331975,1.86336900447525
bahi1252,sino1245,-2.481229396552191,0.05863068445503237,0,-3.59962197252425,1.84815795056323
bahn1262,aust1305,-4.090850205018919,0.05729505671877701,0,-3.477709788165,1.916509904219725
baik1238,aust1307,-2.6651926110765185,0.07531466187142985,0,-1.55295113132,1.829368153565835
baim1244,sino1245,-4.547944808709901,0.04376421693795083,0,-3.41181381762,1.82906730848117
baka1272,atla1278,1.0225280239533505,0.05343593018843969,0,-0.7474367652261249,1.7479619181715749
baka1274,cent2225,0.8218196408161941,0.04172551808048555,0,0.45099677777975,1.7386309997233251
baki1244,aust1307,-1.7189076050851,0.04207948812727801,0,-1.54720090492575,1.794756860797405
bala1316,aust1307,-2.2964905374063056,0.05071224722532218,0,-1.5622648235777499,1.799826036307325
bala1311,aust1307,-1.5520963650890303,0.04743044300466042,0,-2.11935490841925,1.82615501321072
bala1315,aust1307,-2.6100418727071255,0.04950587508241982,0,-2.1300062714767503,1.8243834325506398
bali1278,aust1307,-2.811304411454085,0.06540859129566283,0,-2.130510529385,1.83403826861538
liki1240,atla1278,1.935858329856086,0.034605362207580065,0,2.735970856,1.80228467691562
bamb1270,aust1307,-3.0760092764854403,0.040840919797359945,0,-2.030530119071,1.85009301225179
bamb1269,mand1469,-0.9245057868951234,0.0460748496970157,0,-1.86477022447,1.83053871722489
bamu1253,atla1278,1.0764024237134908,0.0348323331376983,0,1.15829856300675,1.824257215639075
bamw1238,atla1278,1.8275115665401338,0.03813503535027797,0,2.695761918915,1.803022974570325
band1344,atla1278,1.3488886024302937,0.04311411719316663,0,-0.5251455470774999,1.7359463066811451
bang1363,bang1363,-0.9060054084084799,0.039188975892889624,1,-1.354710102955,2.2596598296255053
bang1369,sino1245,-2.309084687316636,0.05900373279560101,0,-3.9300360103924996,1.89989710562108
bank1256,atla1278,0.9129952443651577,0.04044086945852257,0,1.3473011971192501,1.810668013754175
bant1281,sino1245,-2.2492598769568346,0.0587694539526967,0,-3.56415250009525,1.860630393839965
bant1288,aust1307,-2.13089055071179,0.08043533006713043,0,-1.76690278308975,1.798185516060835
bara1357,sino1245,-2.4599882394569077,0.05087390406482976,0,-3.697388622025,1.8581054397369652
nucl1630,koia1260,0.6961398138248065,0.06948251352271338,0,-0.0650276139775,1.988260942424305
bare1279,afro1255,1.5529011150794139,0.04233757887784107,0,1.0832695508399999,1.820207388730425
bara1369,aust1307,-1.652204413479078,0.04644506945431827,0,-2.0608997881375,1.815070567870125
bara1361,atla1278,1.1895440974377458,0.029763155004268512,0,-0.5756571329897751,1.7423196818888949
bara1370,aust1307,-3.0900615669071723,0.037172722733608436,0,-2.1375894920175,1.8438690023700501
barg1252,nucl1709,-1.452475381543438,0.06694490997762746,0,-2.4436714611575,2.0065795328629648
bari1286,aust1307,-0.33518106258135727,0.04411451960025122,0,-0.415125321522,1.80866264782561
baro1253,aust1307,-1.4080371789012602,0.04494850337330537,0,-1.3437495010645,1.814014940033635
basa1282,atla1278,0.5360053772950693,0.032509195083868826,0,0.7202397158375,1.8305447769800849
bash1264,turk1311,-2.354388476444358,0.03893546531895348,0,-3.1298446870624996,1.96740493998769
basq1248,basq1248,-1.9417580989414014,0.03367034022826481,1,-0.15622949927875,2.300191789663915
bata1289,aust1307,-2.5965709058199495,0.040605688069389655,0,-2.063335138185,1.830890124683995
bata1285,atla1278,1.2279861282644742,0.027865096682324907,0,2.0676956560212503,1.79858271073629
bats1242,nakh1245,0.6960410739028193,0.02786635666976407,0,-0.18042668739950002,1.94240540087726
baur1253,araw1281,-0.6583835569743046,0.022769639645292737,0,-1.88918062960275,1.936828465947165
bawm1236,sino1245,-4.230731995379753,0.046391308785235695,0,-3.772200761645,1.8805229885640702
bayb1234,aust1307,-1.2194628730445978,0.053373868721627214,0,-1.78743846003775,1.77869722608373
bebe1248,atla1278,1.0762318206576729,0.029480263887323905,0,1.8895774123205,1.80116424414453
beem1239,atla1278,1.9795111001323593,0.03816331182830258,0,2.3998184455992497,1.814373602157835
beja1238,afro1255,2.5872887814309298,0.04681497911458645,0,1.82613590444975,1.85447033784401
bekw1241,atla1278,0.5102326970680101,0.04657613370061242,0,1.21080598673825,1.8628850401482802
bekw1242,atla1278,1.413899751354881,0.03429784509894107,0,1.5509152704725,1.774884012105535
bela1256,nilo1247,0.5598486483640719,0.050127227561830655,0,0.0016631087332500006,1.83394136774086
bela1254,indo1319,2.88636959116197,0.04147288866252389,0,2.6358023934865,1.878687783574235
nyal1254,aust1307,-2.234462180541103,0.04550545645432053,0,-1.56606469283,1.803553404268275
belh1239,sino1245,-2.060891859803744,0.07558354248653476,0,-2.9795106774424998,1.833766174058465
beli1257,cent2225,-1.139599451827567,0.03824436951201262,0,0.368004723629975,1.7473133358047899
bell1243,sali1255,1.271127805190356,0.02818474258718701,0,0.24798319052475,1.939539458404775
belu1239,atla1278,1.973554861777016,0.026298361746774027,0,2.2968735921455,1.823906341464835
bemb1257,atla1278,2.158581025068905,0.028407428429356174,0,2.1116298547675,1.76586511160276
bena1262,atla1278,2.934673359823436,0.021949657273524447,0,2.79630799492025,1.7783154566012649
benc1235,gong1255,-0.7679316957077784,0.032546324845641274,0,-0.9271122777881999,1.83739587430488
beng1282,atla1278,1.2626046540811044,0.02591347938721066,0,2.064961784275,1.793290464726315
bent1238,dogo1299,-0.15226434691459725,0.04612902159002658,0,0.389370630045825,2.034711869146835
zagh1240,saha1256,-0.3213918335453987,0.02916621166637485,0,0.5458922952475,1.987206785241535
bert1248,bert1248,-0.04575921387187215,0.042974450584188695,1,-1.01277880640525,2.3310642912381248
bezh1248,nakh1245,0.9248831615347277,0.02913276617017401,0,0.90944483195575,1.9429427184349501
bhoj1244,indo1319,1.106749774482426,0.04514546551198986,0,1.350630396192,1.80783017028158
bian1252,kuni1270,-0.6698315640038959,0.04176036777954231,0,-1.4164925556365,2.00036533725838
biao1254,hmon1336,-3.6314355582444575,0.0172358590958643,0,-3.6208332532475,2.1652281519029852
biao1256,hmon1336,-3.495961213286441,0.02143889063938845,0,-3.6197288739675,2.15777199282992
biat1246,aust1307,-2.5064206393729496,0.06242301218232595,0,-1.95968019878425,1.829883804236655
bier1244,aust1307,-0.6650053789049586,0.01148545881540209,0,-1.558905690446875,1.7965718016459502
bign1238,aust1307,-1.819864940302263,0.048786590808199894,0,-1.33895527058805,1.795268422807935
biha1246,aust1307,-3.3273501361855393,0.04307532163388391,0,-2.1383614190199998,1.801741439861835
bila1255,atla1278,1.9041642222201491,0.03074013238685476,0,2.08174387766,1.7950100960556652
bilb1241,aust1307,-1.4493091754584566,0.04731378950420107,0,-0.7767413992875,1.79834375767979
bili1260,afro1255,2.3696047274928604,0.06545683725846982,0,1.84025502465725,1.838952341026305
bimi1240,nucl1709,-2.5113686991230457,0.07618602212475212,0,-2.06600139706425,1.983427848082475
bina1277,nucl1709,-1.1542112310042942,0.06358615792428708,0,-1.6493040323294998,1.92094747316343
bini1246,atla1278,-1.7701282626662729,0.05119760249902507,0,0.384874302355,1.8112063941981251
gunw1252,gunw1250,-1.8550332180212252,0.05911949913990412,0,-2.08001273628725,2.03423039832322
birr1240,cent2225,-1.294301007783527,0.04178049621790413,0,0.42640255776525,1.791911297449495
bisu1244,sino1245,-4.785458435981486,0.04914079136921701,0,-4.099857778675,1.90161983734608
bitt1240,aust1305,-4.230902927517846,0.04203424497849481,0,-3.3088067455948,1.8815881290943302
biwa1243,yuat1252,-0.942427388983778,0.08152602953815112,0,-1.323981426385,2.1032497889978403
blab1237,aust1307,-1.3360531143220362,0.04081640600226069,0,-1.0340342774725002,1.8130909474257648
blan1242,aust1305,-4.1132036272841965,0.04812822209348045,0,-3.3071662483075,1.87575798247708
bang1354,atla1278,2.0936479786023643,0.034308400855074236,0,2.70342529617,1.796174717111025
bodo1269,sino1245,-2.51788311674612,0.05875327002696419,0,-3.48319905016,1.8648037487270601
boka1249,sino1245,-3.8500235233426605,0.05529517632309435,0,-4.0113538731575,1.92192314851603
bola1250,aust1307,-0.6226294360744025,0.04842534472635666,0,-1.4201531789167499,1.8208519693153549
bolg1251,atla1278,-0.5755524051470798,0.040621339054822556,0,-0.5172380643856,1.7992801461238952
boli1256,aust1307,-1.0167522701095213,0.05644890377384106,0,-1.57848327456085,1.8010170840080302
bolo1262,atla1278,2.075568465412367,0.028738870907738284,0,2.7326137350575,1.79679723586779
boly1239,aust1305,-4.218995956074975,0.04950089435727552,0,-3.4528215272024996,1.9068532008051249
bomb1262,atla1278,1.727982986125333,0.04041154048510813,0,2.6994753386449997,1.807949268432375
bomk1234,atla1278,1.7320585322990383,0.02845142641594452,0,1.84406287456675,1.825922159020245
bona1250,mong1349,-1.9462963696045912,0.008098065963507393,0,-2.22837407773725,1.94189293432453
bond1247,atla1278,3.329438758643174,0.030349797702642036,0,2.7932383854499996,1.7910278112964448
bond1245,aust1305,-1.7713002981259045,0.06727359998935421,0,-3.6669876559998,1.90068016918153
bong1289,aust1307,-2.9105124305386547,0.030100726494358326,0,-2.1177339642975,1.83599995818249
bong1284,atla1278,1.8945495982115261,0.04093068019606498,0,2.48513256471625,1.801811141119925
bong1285,cent2225,1.1258065245851592,0.04701205338231087,0,0.46264400433025,1.7577038249580101
bora1271,afro1255,2.848189573673176,0.053587936321845164,0,1.7008216406024999,1.775051641103645
bord1248,chib1249,-1.575325803033976,0.03375602245063521,0,-0.61178125351275,1.8228287161052799
bori1243,sino1245,-3.8532729236707395,0.06404816873142001,0,-4.0062641249675,1.9017200017859999
boro1277,gong1255,-0.2579876345515865,0.04389735551500872,0,-0.7876150449824999,1.82992355708903
boro1282,boro1281,0.6293677125661172,0.024580266235504078,0,-0.6646165336475001,2.027047927223875
boun1243,atla1278,0.6953373856835201,0.046397789161355535,0,0.46977999698149997,1.81644570752928
brah1256,drav1251,-0.7991639114324083,0.035404004878735296,0,-2.1118164549067497,1.89964267145532
lave1249,aust1305,-4.071550937519806,0.03942282407578488,0,-3.4828711139250004,1.914205947740095
bret1244,indo1319,1.5226746041881252,0.03369909541466242,0,1.8139050928557499,1.878554709875615
brib1243,chib1249,0.5698182113535853,0.03633645791402816,0,-0.44291228497175,1.83199661482471
bubi1250,atla1278,1.3040451878972208,0.02756850528068051,0,1.4646980087485,1.8250050014209451
budu1248,nakh1245,0.07948227877088851,0.030381149062580933,0,0.05860151514857499,1.91271008849046
budu1265,afro1255,1.5616782234703823,0.04572683483740456,0,1.0230048817175001,1.7806795063413001
budz1238,atla1278,1.815914613095821,0.04118001201936068,0,2.66896011217175,1.8146352733019948
buga1247,aust1305,-4.232951492829319,0.036114636178116416,0,-3.4512864697875,1.91091526049762
buga1250,aust1307,-0.8478400311803,0.04148839452331642,0,-1.1154960324152499,1.814242066795085
bugh1239,aust1307,-1.5518550258298238,0.03933902951765329,0,-1.5407097398277498,1.809801845184835
bugi1244,aust1307,-3.082901341943458,0.04360369699393047,0,-2.02482413361125,1.83914560520748
bugl1243,chib1249,0.06947514973066846,0.022228584233530947,0,-0.6803858253627499,1.8227270166991851
bugu1246,sino1245,-2.4332659532252006,0.04741472768565882,0,-3.83789435089,1.884839535345035
buhu1237,aust1307,1.1420532845687843,0.04485964206651245,0,-0.66427305792675,1.83118568295292
bujh1238,sino1245,-2.4812984425830757,0.046071165859444804,0,-3.65653412254825,1.876946885949435
buka1257,aust1307,-1.54593465627448,0.03585797409331561,0,-1.97180341009,1.8166252942312249
buku1249,atla1278,2.900640386208064,0.039814346923484956,0,2.73659917063,1.792127577060165
bull1247,atla1278,0.055458237942021746,0.023727243669623452,0,1.8500211227255,1.827810578937775
bulo1242,aust1305,-4.049846319829893,0.061589416937838336,0,-3.47945189608,1.915099377403215
bulu1251,atla1278,1.2301068149821401,0.031678743250935094,0,1.891910755469,1.79368084123527
bumt1240,sino1245,-2.4285911302391354,0.05887897650771354,0,-3.5540677532745,1.838080194902295
buna1276,aust1307,0.8546443767782539,0.045465052274776555,0,-0.8790966475415001,1.812947686612015
gahr1239,sino1245,-2.095445634322055,0.055965299742824354,0,-3.6626598741325003,1.8515911828669251
bund1253,indo1319,1.4856926896233027,0.030305917242838504,0,1.880907999825,1.859241891775915
bura1292,afro1255,1.010261535932727,0.05297567494106284,0,1.07257583535525,1.79664991787075
bure1242,afro1255,0.8901085586255068,0.054127073653856314,0,0.29183394818499997,1.819849503450465
burj1242,afro1255,1.855638896183634,0.05066070387725366,0,1.3330872436995,1.779892490057955
nucl1310,sino1245,-2.990364106016279,0.04908721337849543,0,-4.109084657125,1.89565839114665
burm1264,burm1264,0.3411003995409402,0.03301226588881083,1,-0.1090062839725,2.101739441393325
buru1320,afro1255,3.504570889593827,0.06513796711228864,0,1.812927663813,1.849637759446495
buru1296,buru1296,0.3687191399641539,0.01570939525019394,1,0.423446955771575,2.378303792625345
busa1253,mand1469,-1.658318424107579,0.03909305146995558,0,-2.06098028904825,1.874137163409255
bush1247,atla1278,2.291471559945966,0.03165105734976126,0,2.6483118191525,1.800356296566765
buwa1243,afro1255,-1.2692832757254944,0.046093012444587085,0,0.662620387413,1.79462529696767
bwai1242,aust1307,1.2211082369262296,0.049008558408845916,0,-0.59422726494875,1.839053169584505
bwat1240,aust1307,-2.352633645269838,0.04794843253111101,0,-1.538699243795,1.81504128998467
byan1241,sino1245,-2.2693126870408435,0.05988362145877035,0,-3.6480941108675,1.86673962567609
caac1237,aust1307,-2.310682847252167,0.03428201744418438,0,-1.5592280001257,1.7961302961396401
cabe1245,chib1249,-0.7959199204773137,0.02446677493380566,0,-0.415366040139,1.824881201710155
cahu1264,utoa1244,0.23860755102581543,0.03219730397404119,0,-0.69573457380125,1.83833637467566
cakf1236,afro1255,-1.181348461171531,0.0363868961461172,0,0.563660254822,1.805560459872945
cald1236,quec1387,-1.4384340204783022,0.021016366096807022,0,-1.88059611393,1.9236704711992152
caml1239,sino1245,-2.400295672695023,0.060660754629406455,0,-3.5606237216175,1.853421794344035
camp1261,indo1319,2.2956512620485263,0.05582138291320796,0,2.6570250357692498,1.864645074029585
cams1241,cams1241,-1.2250598113810112,0.029140548322175986,1,-1.620691612052,2.0455891489347247
cane1242,nucl1710,-3.1048329423503924,0.02310136772135397,0,-2.25189061916225,2.0088792804918603
caom1238,taik1256,-2.169812711383315,0.015414022562778955,0,-3.5323326010425,2.139549664251505
capa1241,pano1259,-1.849827927318651,0.024310326527838884,0,-2.11693205475725,1.886951452514415
carn1240,aust1305,-3.7493278985913605,0.05001090159601405,0,-3.4014187160925,1.891837745291085
caro1242,aust1307,-1.0278819845223262,0.01679709691239192,0,-1.1400513930940002,1.77252580404698
cash1251,pano1259,-1.9604071204729436,0.019954476290188823,0,-2.123137057579,1.9178993548161651
casi1235,aust1307,-1.8688414946127265,0.05447886411820047,0,-1.83986932963275,1.8053717513759
stan1289,indo1319,1.9875236045850502,0.04341934334858185,0,2.6944992488875,1.857160316887475
cavi1250,pano1259,-2.5152374423675212,0.02339974620860029,0,-1.8905920308797501,1.9448312391257851
cayu1262,cayu1262,-0.7387696280919452,0.024872375075601593,1,-1.79293677351,2.0566926454640697
cemu1238,aust1307,-2.3341255716724616,0.050432063617881,0,-1.53755031366125,1.81803005952515
cent2127,eski1264,0.5542866057777411,0.013759047433028918,0,-0.5331651281750001,1.96431089599234
cent2004,sino1245,-4.620972595299675,0.05556079093224582,0,-3.8715400502025,1.917275027839565
cent2292,aust1307,-0.8626688585893378,0.05349851350632236,0,-1.5800717438475,1.799654146007865
cent2084,aust1307,-1.9328236578387283,0.06106118636438714,0,-1.868864572518,1.79680193042824
cent2314,aust1305,-4.04502435897804,0.06065490064393454,0,-3.4271886694525,1.89740059585718
cent2050,saha1256,-0.3699823678327304,0.03877699000652066,0,-0.1828188770775,1.962136933470415
cent1989,aust1305,-3.986700466020562,0.058137666844668916,0,-3.4270640159695,1.90773486077115
cent2058,aust1307,-1.7368903240374383,0.04620540819561575,0,-1.3151945179135,1.79847982787691
mala1479,aust1307,-2.75667654977283,0.08486318324874711,0,-2.2602756756687503,1.800524600776015
cent2322,ural1272,-0.6365277342129572,0.0531525628105086,0,-0.78305931945825,1.85378641301751
cent1992,aust1305,-4.095222728933538,0.062441090151040254,0,-3.48737071505,1.914936455461555
cent1990,aust1305,-3.7291459907530653,0.0501553855932319,0,-3.3979167742509997,1.895893229414435
cent2126,japo1237,-1.7429697021808717,0.029198000515468604,0,-2.9022783289114997,2.06769377574504
cent2140,miwo1274,-1.1020904851904292,0.016957466608488115,0,-1.484440272965,2.0716988723958547
cent2090,aust1307,-1.1690949381089641,0.04383967777367365,0,-1.905751322612,1.817757805686075
cent2131,utoa1244,-1.283461483115014,0.04993597145439472,0,-0.1601776707905,1.8355920453175552
cent2150,chib1249,0.28391272206535384,0.022044856425256557,0,-0.442870624574,1.853636455316545
mbal1255,atla1278,2.298190959801641,0.02302032135415772,0,2.60390705075,1.80722337466325
chac1251,pano1259,-0.5374275462099941,0.024381406147116362,0,-1.981555017923,1.87654237151584
chad1249,afro1255,1.6938310034296444,0.039798000185647664,0,2.9634549364250002,1.8664078993788151
chak1270,sino1245,-2.8127199015920192,0.05484678259773806,0,-3.2639858089375,1.865819809621215
chak1271,atla1278,0.70691025545857,0.044978200510096586,0,0.473865167956,1.7910761085610751
chal1275,afro1255,1.5424603974113578,0.03647226055291782,0,2.9798388176425,1.86085812816674
cham1315,zamu1243,0.7587644858688964,0.022407032990093927,0,-0.6364961706429999,2.03993803393706
cham1309,nakh1245,0.9507232881425396,0.019462275970299557,0,0.859714788013,1.935783587649605
cham1312,aust1307,-1.4559491836307354,0.058853679663317976,0,-1.7827040041885,1.843465245901295
chan1313,sino1245,-3.8700595733852925,0.04149095667729785,0,-3.21263818527,1.874524047117145
chac1249,barb1265,-3.162322804787599,0.01945374631829415,0,-1.64575749288325,2.028221124054555
char1269,gong1255,-2.7891747067741965,0.04541768513966464,0,-0.81047013906575,1.86618401490223
chas1234,sino1245,-4.437056133360599,0.04074472464140437,0,-4.137054023825,1.89043999902343
chec1245,nakh1245,0.7516299125347427,0.034105447339006015,0,0.048512909615,1.92839736389596
chek1238,aust1307,-1.4534084423267062,0.035260056661825995,0,-1.01540527412475,1.8154838987832602
chen1255,drav1251,-1.4491828987975204,0.03172321938315089,0,-2.45377272401445,1.851395920583335
cher1273,iroq1247,0.0586656868569546,0.03559089296222156,0,-0.71342840523075,1.97709595814621
chil1280,atha1245,-0.35855235657382767,0.0351571652078274,0,-1.28617470210275,1.888194079269255
chim1312,atla1278,2.366156614945059,0.061098307471215446,0,2.820779436955,1.786998928536075
chhi1245,sino1245,-3.676687482933893,0.060516651758120696,0,-3.1680233252075,1.84082547289329
chip1261,atha1245,-1.248721495616552,0.03344229532976445,0,-1.0132518750542499,1.893587317153335
chip1241,algi1248,0.04626203990686715,0.027575415439180708,0,-0.03856787972425,1.852823921989725
chir1283,sino1245,-2.464261991901524,0.09968391660817866,0,-3.69883868548,1.8678356413230701
choc1276,musk1252,-1.1979740608490737,0.02972120666125595,0,-0.53772483794125,1.9648607500028699
chon1284,aust1305,-4.0308354481239155,0.05861363141044146,0,-3.4286626085825,1.90254784321675
chot1239,sino1245,-2.643252621615709,0.03856351897937465,0,-3.6579826127335,1.862626799044985
chra1242,aust1305,-3.9185848981268427,0.05649066430747549,0,-3.48986713918,1.913964541933065
chuj1250,maya1287,0.7287356403865839,0.028552074445118973,0,0.094147196598,1.939180640383495
chuk1273,chuk1271,0.5081676846811509,0.020562115145794414,0,-0.31120890178399996,2.2126361393104848
chuu1238,aust1307,-1.3674380361834098,0.046262202566305505,0,-1.2236573201345,1.7706372887490751
chuv1255,turk1311,-2.266715292441785,0.04851610115507106,0,-3.0416557047475,1.989382132144865
chuw1238,atla1278,0.6863048085517491,0.038073589981445576,0,2.464503417345,1.74764850153288
chin1286,chin1490,-0.681380420227928,0.020344523037562866,0,-1.19368989222825,2.042645812436545
cent2087,aust1307,-1.6078526556132524,0.046351868686122726,0,-1.5365123372375,1.79925227324962
sout2912,aust1307,-0.6719307229654805,0.08024916494148097,0,-1.6020799142,1.790262584267325
coat1243,otom1299,-2.1475371026038217,0.02213622403284938,0,-1.234697177945,1.924994408811745
coca1259,tupi1275,-0.32111447753479117,0.02192792751329873,0,-0.76212224461,1.892067603613885
cogu1240,chib1249,0.2554345223802688,0.01773554271479731,0,-0.5034647783325,1.8357618008380299
colu1241,sali1255,0.6620455534564827,0.03589915183419695,0,0.1521073803875,1.9145002361539651
coma1245,utoa1244,-0.1556645244126011,0.02388898086884186,0,-0.7920383270605,1.83674291494895
cong1236,atla1278,2.4653433287042814,0.02637755847555663,0,2.819887975975,1.7815870647984449
copa1237,otom1299,-1.760292214917595,0.04300611978234438,0,-1.0121810523195,1.951993443153055
cors1241,indo1319,2.4150348226028626,0.04165926521514174,0,2.6592368765457497,1.87121464882058
cosa1234,sino1245,-4.838496175808986,0.04501024232582828,0,-4.097144732125001,1.908960056942555
cota1241,aust1307,-2.3695991152418223,0.0477740557426838,0,-1.9265620886125001,1.787967211899065
crim1257,turk1311,-1.7717964541754028,0.035239414081018855,0,-3.104187320575,1.984310446790315
cros1244,atla1278,0.2863700973884787,0.03596532235141144,0,-0.03082422805775,1.85510880230068
crow1244,siou1252,-0.5190987426617778,0.02012418841323645,0,-1.1555468760452499,1.953214493911285
cube1242,tuca1253,0.928704987528264,0.029301608449640453,0,-0.02627789291,1.9590005840803748
culi1244,araw1282,-2.9479767536368406,0.016717018908124322,0,-1.59441371431875,2.04631921238132
cusc1236,quec1387,-0.7162057121521778,0.01863922854229275,0,-1.698753714445,1.91780090004274
cypr1248,afro1255,2.050001317675002,0.048608029292234706,0,2.9688000714775002,1.8608590419749
czec1258,indo1319,2.636475495237784,0.02877566555821385,0,2.6212833757865,1.87623597202904
daai1236,sino1245,-4.367696475181779,0.0417649307985896,0,-3.8678671991025,1.8728481047205099
daas1238,afro1255,1.946695234320427,0.05223914816264808,0,1.54330911961325,1.76509433041397
dadi1250,tebe1251,-1.6961637875326268,0.01994007623638634,0,-1.2897615908720002,2.12878755672231
dagb1246,atla1278,0.46865446603265526,0.04707612475538765,0,0.477966199679,1.78147671264151
dagi1241,narr1279,1.7935097129509718,0.027807948708819946,0,1.2780178674470002,2.16353812285384
daha1245,afro1255,3.1683719348991284,0.033983268816560115,0,1.515499129167,1.80166329870772
daka1243,aust1307,-1.7341205418343288,0.05278147212925313,0,-1.51736100437875,1.81221879104959
damp1237,aust1307,-3.0061309985858053,0.05884434054478073,0,-2.1664013488475,1.836607682941985
dand1238,drav1251,-0.683596678994661,0.020367239128372343,0,-2.03092342855225,1.83419977710629
dani1285,indo1319,2.6856043756497074,0.05301596921448478,0,2.5932128606480003,1.879806731455305
dara1250,indo1319,0.9868081346663118,0.03996456259703177,0,1.1796110927674999,1.80760761781332
darm1243,sino1245,-3.6845339631175036,0.05161323835179786,0,-3.6451402744225003,1.87087899175736
dawr1236,gong1255,-1.0796012891200468,0.05747175587856626,0,-0.9298478277375,1.8313289098370649
daza1242,saha1256,0.5406792498825526,0.02915616932949868,0,0.015846198853375,1.9315568824726501
dege1246,atla1278,0.4961118219442223,0.03333351297692381,0,0.56201376639375,1.8105349525758698
dehu1237,aust1307,-2.0958182517086232,0.013674608246073377,0,-1.438865755755,1.8234400589530049
dera1248,afro1255,0.9850954216646026,0.045628082914404136,0,0.69458394522675,1.804316310926005
desa1247,tuca1253,0.9823000311859869,0.01947104909107221,0,-0.01351764235575,1.94818932772164
dhao1237,aust1307,-2.5716660718903914,0.0505302168336521,0,-1.653744866952575,1.8322056896270849
dhim1246,sino1245,-3.80659715237167,0.05095680288192376,0,-3.869929520325,1.8946679599572351
dhuw1249,pama1250,-1.8453919099027005,0.061360493532076565,0,-1.96894405906925,1.988945727542575
dibo1245,atla1278,1.907452209706248,0.03392408118422489,0,2.496202781835,1.81645967847191
digo1243,atla1278,3.258353396664403,0.03903700669728866,0,2.7965900893624998,1.797475173026825
dima1251,sino1245,-2.4962046137333287,0.06109265554891868,0,-3.4923768956275,1.87617327593266
dime1235,sout2845,0.8990370811203152,0.02841636620838062,0,1.84563596603975,2.17098788024596
diri1252,atla1278,2.46176676560053,0.08861254656408712,0,2.6111217890872496,1.8100601101317
djee1236,mani1293,-0.17629111089114755,0.03580253333650174,0,-0.00563310475475,2.08704725941903
djeo1235,nucl1710,-2.9192196647755213,0.02594456415085188,0,-2.1367383579417503,2.042259897591415
dobe1238,aust1307,-0.5407271702557046,0.04653807177945182,0,-0.9288536026012499,1.8234502971993751
dobu1241,aust1307,1.087875811132394,0.042887081995431155,0,-0.7366662229356,1.81187166010564
domm1246,nucl1709,-2.6317873115059314,0.08550903486942728,0,-1.9922126268175,1.995430950542525
doma1260,indo1319,1.8867397527829461,0.041803223698869345,0,1.8031713395987499,1.86799605162312
dong1285,mong1349,-1.997940102695952,0.015920305534489483,0,-2.225852680354,1.9371248513221802
doro1266,manu1261,-0.4413192432600296,0.05816734758527897,0,-1.9073906876675,2.099097232699515
drun1238,sino1245,-4.304455659128513,0.05937130221057778,0,-3.9003129269250003,1.90199202532093
dual1243,atla1278,1.0516870318507863,0.039055582987945474,0,2.05853351376,1.799380665251265
dumb1241,aust1307,-2.2298017955344784,0.043016290886778275,0,-1.48471449111325,1.8149394747272498
dumi1241,sino1245,-2.347252278143458,0.05817093697919134,0,-3.6098067525425,1.841547259310065
dupa1235,aust1307,-1.952217888846092,0.05058079460520474,0,-1.844078845771525,1.807255525661395
duru1236,drav1251,-0.834640256120367,0.021320239142883318,0,-1.92404721922,1.8674387742089902
dusn1237,aust1307,-0.9801053227902075,0.029802632908922877,0,-0.9751473364815,1.83637974745298
dyul1238,mand1469,-0.8881146149062997,0.03864471414370783,0,-1.74100816846,1.832449705532495
dzao1238,hmon1336,-3.571776532121951,0.01495528875745963,0,-3.6219770836975,2.16319953509453
dzon1239,sino1245,-2.318041054769558,0.045786480871564575,0,-3.42705654417,1.82580765180327
east2443,aust1307,-0.7017505794591345,0.0389135764689709,0,-1.31767039794525,1.800459413250365
tang1336,sino1245,-2.5159642239385724,0.02093579186287247,0,-4.06937942117675,1.8748626262273151
nucl1235,indo1319,2.122345659165844,0.047108710432906514,0,2.0115405887755,1.9671840249603498
sout2896,aust1307,-2.810429432461265,0.044739312611841685,0,-1.667735139995,1.83836442351924
east2332,aust1305,-4.224124308088072,0.07036786181413393,0,-3.4432565237999997,1.88647274298097
east1236,aust1305,-4.098975911009093,0.04943038467560622,0,-3.42305965829875,1.900860319750705
east2342,sino1245,-4.8373065774347515,0.0758553907580496,0,-3.9386160813925,1.90199540107091
east2782,atla1278,2.1397597279623577,0.03644551073421016,0,2.4226481561749997,1.810295534127085
east2328,ural1272,-0.5524589759026883,0.036345571351912125,0,-0.55045318679725,1.837788727182505
east2773,sino1245,-2.388677133593366,0.06216643730947571,0,-3.6876501257800003,1.876003586946015
panj1256,indo1319,1.6390987362722722,0.044415080622970775,0,1.7991417576375,1.84362336502748
east2485,aust1307,-3.0936805444961752,0.0312981050073598,0,-2.133523930847,1.838248037659035
fina1242,aust1307,-0.7784797892207413,0.06114780558799426,0,-1.54252360478025,1.793516866516305
east2694,aust1307,-2.332432964858139,0.053466866415044265,0,-1.7998206750225,1.7774730919206352
east2447,aust1307,-0.8086467546536011,0.032371743949559086,0,-1.216437693185525,1.77049765763025
east2516,nucl1709,-1.5855005327459057,0.059693926814221074,0,-2.051574219053925,1.98260117642637
huaa1248,tuuu1241,1.0939920318025407,0.027711774651840514,0,0.32895620003875004,2.19938481572892
wall1257,aust1307,-0.4789495794464571,0.036630731388186406,0,-0.9287348698427,1.7762882241066
egaa1242,atla1278,0.5686968519157638,0.04515523139768211,0,-0.42440700132875,1.859612719343225
egyp1253,afro1255,2.7490460759707203,0.04657277831552417,0,2.96447830151,1.87048525929643
eipo1242,nucl1709,-1.347174236320125,0.05775023901968444,0,-2.0271850727035,1.967456614493255
ekar1243,nucl1709,-1.1797481749373406,0.06742902931916867,0,-2.1151463279250002,1.96179067314604
elip1238,atla1278,1.2305024016135189,0.037933125643741315,0,2.3560112734587504,1.82104517094356
elna1235,utoa1244,0.07011103559687984,0.030034374246550855,0,-0.42796215419350003,1.812254640148045
emae1237,aust1307,-1.6694555235810387,0.04063223503864421,0,-1.2373458489505,1.75930649260793
emai1241,atla1278,0.27612804647242944,0.03652345623451644,0,0.4281960378225,1.81273533733333
embe1260,choc1280,-1.7759780217556944,0.030903206797154602,0,-0.8994639078860001,1.9019220448035399
embe1262,choc1280,-0.05078384504096895,0.03453517919172606,0,-0.7779151919014999,1.904915413403705
stan1293,indo1319,2.273583215217368,0.026468340509157078,0,2.56582892486,1.874765579272715
enuu1235,sino1245,-4.814933875816521,0.04937147776007853,0,-4.1134937268205,1.90772123283106
epen1239,choc1280,-0.3052573159332048,0.02873341568347905,0,-0.8961004663534999,1.902741877691865
ersu1241,sino1245,-3.1646654146321263,0.05852391556745287,0,-4.1186159289925,1.90400900526511
erzy1239,ural1272,-0.07088466964271845,0.04111162279818297,0,-0.1301023721745,1.8012536268418402
esan1238,atla1278,0.14690086763133264,0.0391309691554613,0,0.37287554688945,1.807123556292805
esee1248,pano1259,-0.7658150501791952,0.019782167252734368,0,-1.8768567917275,1.9129738456823149
esim1238,atla1278,1.032646876879559,0.028473673192713298,0,1.50354841611025,1.87868915865855
esto1258,ural1272,1.2745265105074703,0.04546205279761507,0,0.42615360735425,1.7684266407118598
eton1253,atla1278,1.2188979426575726,0.03757695884419541,0,1.8696169867624999,1.79025154331964
even1259,tung1282,0.1239858793679962,0.022732373456830237,0,-1.371121351029175,1.91195419512476
ewee1241,atla1278,-0.12317185159620495,0.04327939834055498,0,-0.14500671708750001,1.848237275975145
fala1243,sino1245,-4.0684017151760195,0.038556766025127955,0,-3.7682726643024997,1.88416625332457
fare1241,atla1278,0.742736614333926,0.044845361795904044,0,0.4819195414225,1.788477219263525
faro1244,indo1319,1.0229722752151222,0.03605042723970115,0,2.62731648949525,1.86892527605541
fasu1242,fasu1242,-1.7288505489909078,0.03936348902789737,1,-1.2402323200774998,2.1419542600721497
fefe1239,atla1278,0.9543081868479524,0.04193712296673248,0,1.00603320205,1.82600268802436
fiji1243,aust1307,-1.2159466344649141,0.04478560529592735,0,-1.2035942289625,1.7844155988349448
fili1244,aust1307,-1.9882362124411723,0.030102539185942325,0,-1.746556999544475,1.81509602618548
filo1235,toto1251,1.4854585658756336,0.016750518141018505,0,0.13136526805675,1.989298147517945
finn1318,ural1272,0.9701575443742663,0.04325241305030319,0,0.4530980335105,1.767453241491845
fipa1238,atla1278,2.6526399590145298,0.04257144837496792,0,2.3705903037025,1.785252718339825
foii1241,east2499,-1.7637643717326517,0.06368143954824587,0,-1.21198368396825,2.16388866682794
fonn1241,atla1278,-2.1091792925714206,0.04479661098892051,0,-0.38443735033524995,1.8571506666099502
fore1265,ural1272,-0.25839012860239746,0.04817637481853019,0,-0.5092262508034999,1.859710464444915
fran1266,mixe1284,-0.24848925729601584,0.04395138263075046,0,-0.77316558391525,1.936875165901935
stan1290,indo1319,2.1448200511912288,0.03577364078147963,0,2.6856858465049998,1.854147731524845
fuln1247,fuln1247,0.6046536028613649,0.023335405875061815,1,-0.5503792227244999,2.043888724306605
furr1244,fura1235,1.479418827274085,0.03921309524904407,0,1.2023176481888749,2.277945414531025
furu1242,cent2225,-1.2784879971454475,0.03329908254333617,0,0.46938658565964997,1.7166307204477098
futu1245,aust1307,-0.4454087510434376,0.012179032528577211,0,-1.26021301066925,1.76749516563575
fuyu1242,fuyu1242,0.3861138512599732,0.028153067405401563,1,-1.0908672858425,1.9685608326346
gaaa1244,atla1278,0.23429328235032382,0.05501473105351078,0,-0.36726593588175,1.819038953705245
gaam1241,east2386,1.2022316689691253,0.03559187159210296,0,1.040489332735,2.21649084405851
gaan1243,afro1255,0.8934351620417418,0.05730308867974283,0,0.9852668654300001,1.79945962066501
gade1242,atla1278,0.5993981773107675,0.030717916260922892,0,0.5599845162992501,1.8108164584615651
gaga1249,turk1311,-1.658581995179326,0.047792185732168424,0,-3.1462650222125,1.962313086332185
gale1259,nort2923,-1.77792121995799,0.04346766224312316,0,-1.35525849199,1.99923858522437
gali1262,cari1283,-0.40998173764756496,0.020896267859520447,0,-1.2819828866579,1.8926450149504301
gali1258,indo1319,1.7540333380966855,0.04602120582442074,0,2.6956288549997502,1.8595270048718
galo1242,sino1245,-3.850570478098269,0.04642885722100062,0,-4.010377215325001,1.911515236500175
gamo1243,gong1255,-1.0491567768898171,0.043494944864638924,0,-0.9275594094435,1.832968017488875
gand1255,atla1278,2.6471937296151653,0.05638348393917686,0,2.76007184861,1.79549954111918
gang1266,sino1245,-2.606475865376739,0.047858392944882235,0,-3.8803758526124996,1.87550027808058
gant1244,nucl1709,-2.6713114309292054,0.05317770821324837,0,-2.422880370025,2.0187504253553197
gapa1238,aust1307,1.2733828928203965,0.03990132415981294,0,-0.60647606546625,1.804327878255535
boht1238,afro1255,1.5700852172987751,0.04910950769632048,0,2.97999146247225,1.86279086147678
garo1247,sino1245,-2.3691215943937456,0.04565879210353214,0,-3.47638743092,1.88316473968354
gata1239,aust1305,-1.6283832528374824,0.05039318100913928,0,-3.6740741569999997,1.90300689627863
gayo1244,aust1307,-2.714594697009919,0.047814531589822955,0,-2.0803547771075,1.8320128155389201
geba1237,sino1245,-4.73686000674226,0.07138228172528908,0,-3.9541380456299997,1.897438464405015
gebe1237,aust1307,-0.21975437123268343,0.041089850658339706,0,-1.1371624730027499,1.843492908025265
geda1237,aust1307,-1.4507192089917584,0.04208792877925434,0,-0.7527410234075,1.817067622001305
gela1263,aust1307,-1.760668340641176,0.04432745795446387,0,-1.549080302203,1.8217664851767852
nucl1302,kart1248,-0.763817474175897,0.020505019447534908,0,-0.7007691302545,2.031839768322905
ghad1239,afro1255,1.250824942043598,0.04033455590332209,0,0.7477785886620001,1.8668024039962399
ghan1242,aust1307,-0.1883124091264145,0.049638129634714305,0,-0.6575850088149999,1.82164662642144
ghar1239,aust1307,-1.6724142126486634,0.04572180824863395,0,-1.5547271837225,1.817846774606375
gheg1238,indo1319,2.5680353857950804,0.03892296382764296,0,2.0683057505824998,1.965730423119715
ghom1257,afro1255,1.0490066959307276,0.03687850336589042,0,0.77073389527925,1.854045647460425
gida1247,afro1255,0.605096094288756,0.05508048367791208,0,1.26848045056825,1.790906419105585
gilb1244,aust1307,-1.6495656882509109,0.04028783669704462,0,-1.3509642806825,1.79211324959804
gira1247,nucl1709,-2.5880757868666575,0.07237619723031755,0,-2.3248523636065,2.0401242029841002
giry1241,atla1278,3.1519178124120244,0.03768490214295807,0,2.7930654611875,1.7928136058424151
glav1244,afro1255,0.9591557625906798,0.0495183439343241,0,1.2436969660339998,1.782377282469625
gobu1238,atla1278,1.0574959438018774,0.06224107198124357,0,-0.662883709775,1.7280846840764599
ghod1238,nakh1245,0.9153484377010537,0.02544567686916776,0,0.845724042314,1.93833470516267
goem1240,afro1255,0.8404658728303747,0.043012844835773265,0,0.719755792065,1.8042039415123
gofa1235,gong1255,-1.0512530429875233,0.0366245205526193,0,-0.9284227237812499,1.834108814587725
gogo1265,suki1244,-1.4253345167732108,0.04322638449031457,0,-1.34851759841,2.107573269167315
gola1255,atla1278,-0.5919810276933304,0.024838708604999486,0,1.32245701007325,1.8321652485499
guah1255,guah1252,-0.7553168952512878,0.025792476770870983,0,-1.69750035626,2.03517792497389
guat1253,guat1253,-1.827400213779975,0.027585915027130883,1,-1.5625898751075,2.09955045015934
gube1234,atla1278,1.738635305093963,0.050997805358171215,0,1.34159281752275,1.83387480864765
gude1246,afro1255,0.6835113266469319,0.0543109435721425,0,1.048664238628925,1.8104056059118552
guer1243,otom1299,-0.21891428193421095,0.03835550668631356,0,-0.6749048153017501,1.9410198851403502
guhu1244,nucl1709,-0.3215259980107673,0.05608818545642174,0,-1.4347610014428,1.9323286852658499
guiq1238,sino1245,-4.595306500660915,0.04307963566167574,0,-4.1155603463174995,1.8949791560676799
gulf1241,afro1255,1.6816525825941704,0.055625184464462664,0,2.9611518551425,1.8636047957255002
guma1254,aust1307,1.1020422747770118,0.03985841456894667,0,-0.6342917066327001,1.829236847332535
guny1241,pama1250,-0.7667276665195296,0.04092113337002054,0,-2.07583072593,1.980778169739075
gura1251,indo1319,1.9507207787943366,0.04944280600397898,0,1.10088237217975,1.86668244727536
guro1248,mand1469,-1.154886174170152,0.03422231173703115,0,-1.969663258557465,1.8514836934528751
guru1261,sino1245,-2.41084840326301,0.060089580767132424,0,-3.3236354630975002,1.8290711981641898
guru1271,afro1255,0.8535826832498,0.04798252119948637,0,0.646154781579625,1.832103440681125
gusi1247,atla1278,3.134037769460389,0.03078222777438949,0,2.7397487054324996,1.793041523581015
kwam1249,koma1264,-1.1629300727399103,0.029829068387382935,0,0.91576115313345,2.115803407324485
gwen1239,atla1278,3.373846437886102,0.03269505497600356,0,2.7411958710805,1.794225920814935
gyel1242,atla1278,0.9801203180110496,0.04182417491040333,0,1.32249009672,1.79784682528476
haaa1252,atla1278,2.7484998965809235,0.03713873009470071,0,2.7236936997297496,1.7910386218702699
hadi1240,afro1255,0.9979551329193812,0.05167932122859982,0,1.1527982479099999,1.7735462599259901
hadz1240,hadz1240,2.2039317833719716,0.051397532460268895,1,1.24927320417375,2.4450208311726103
haka1240,sino1245,-4.1908616118468025,0.04620393197223121,0,-3.76638428461,1.88666326571412
hakk1236,sino1245,-4.445368361938986,0.048233223457424985,0,-3.7157535660707497,1.895008616618245
halh1238,mong1349,-1.1479662181668937,0.013147986770042109,0,-2.21235480989025,1.944410934315955
hali1244,aust1307,-0.4924329046031515,0.04696952731960707,0,-0.8014640794275001,1.82459127200872
halk1245,sali1255,0.9411953597291391,0.04321263936986673,0,0.174321851626,1.926503569411185
hame1242,sout2845,1.0635946695972045,0.029249160262218604,0,1.8440202791034999,2.167016276038765
hang1263,nduu1242,-1.083678219961383,0.07650963611517686,0,-0.849798651185625,2.043658673714825
hani1248,sino1245,-4.8665909219108645,0.040063753887343644,0,-4.10885633111,1.8896442163834402
hano1246,aust1307,-1.5925922366483276,0.04471438669516909,0,-1.0167832630923752,1.7978143720185549
haru1245,piaw1238,-2.000651310410391,0.05100661417968392,0,-1.3209111917495,2.128335726249615
hass1238,afro1255,1.4885233064307786,0.034692105781933984,0,2.9775100892087503,1.866806501354115
remo1247,aust1307,-1.8963579704202407,0.0562941224595968,0,-1.7384693215890001,1.809578828597965
haus1257,afro1255,1.1594657363057723,0.046924270399299604,0,0.8079619828969999,1.8160259958162701
nige1253,atla1278,1.038232938205567,0.029256669242077687,0,1.6291688168775,1.843813986701
hava1248,coch1271,0.1007539039020955,0.017873678487230107,0,-0.26631975591797996,1.9898800728197998
hawa1245,aust1307,-1.8722757126282132,0.043026215847980206,0,-1.223819040144,1.769889698952905
sabu1255,aust1307,-2.668974806231201,0.054378086278101624,0,-1.658366156799,1.83360835343959
hdii1240,afro1255,0.7578069039453624,0.06091653642841289,0,0.951294620478,1.79064916479918
hehe1240,atla1278,3.1600410132161456,0.02245187699064261,0,2.7960835995710003,1.788410680103115
heil1246,waka1280,-1.501406172954849,0.027380759277326777,0,-1.050731869452375,2.045599178186825
here1253,atla1278,2.2463718550114473,0.03503733479427913,0,2.6056080690025,1.82215428775265
hert1241,afro1255,1.6108336934587784,0.043905353638591216,0,2.9838098914925,1.86975582035311
hida1246,siou1252,-0.5762405661619048,0.031408083400688805,0,-1.154351229141,1.9481227457757901
high1276,mixe1284,-0.37645740464044714,0.05210226149165816,0,-0.890412947317275,1.936003934716685
karb1241,sino1245,-3.972990983690396,0.0411634090528698,0,-4.054464574912499,1.89290435015056
hind1269,indo1319,1.5362005326752102,0.04043115708017985,0,1.8822563756835,1.852056017396225
hooo1248,aust1305,-1.7465667686602475,0.038994987665530396,0,-3.6856946869750002,1.8956834859638398
hoav1238,aust1307,-0.3209291259880428,0.03653452766969164,0,-0.49806708452299997,1.80121119633079
ainu1240,ainu1252,-0.6290369545955175,0.01754039214670857,0,0.488014684034,2.275524147221315
holo1240,atla1278,2.5663735076626404,0.0474714748284191,0,2.5293398326125,1.790479228758585
hone1235,atla1278,-1.0658923730108731,0.03280116968123303,0,0.61689564203275,1.78026598145487
honi1244,sino1245,-4.841215724830316,0.0398979284271427,0,-4.106963862055,1.9009362706786899
hopi1249,utoa1244,-0.3430584703893626,0.02213783210953462,0,-0.8072695889227,1.827178434161445
hote1245,aust1307,-0.9737633314958116,0.017632259503208993,0,-1.13159998894275,1.814004311292655
hozo1236,maoo1243,-0.4849058378644724,0.03387978488150658,0,1.7520943608850001,2.23736024668637
hrus1242,hrus1242,-1.3043358525908872,0.020160099453982793,1,-3.0736846228849997,2.2648216972257202
huuu1240,aust1305,-4.184276073182158,0.04349352816281224,0,-3.30955545864075,1.8776369859973152
hual1241,quec1387,-1.788175343880824,0.030067005544020316,0,-1.8883615816687498,1.9247916511926801
huam1247,jiva1245,-3.3093674302537135,0.021074399243875983,0,-2.02380621567925,2.008562863656395
huar1255,utoa1244,-1.2959609023371574,0.040441163325171794,0,-0.27278455729600004,1.8388381275082302
huas1242,maya1287,1.292550362056778,0.01785270400284438,0,0.072169475241425,2.01170610926576
huba1236,afro1255,0.6494329328985924,0.05012196431092594,0,0.91396025086,1.781760832607155
huic1243,utoa1244,0.1096498216037134,0.033011865323000815,0,-0.421122051553,1.81252965658348
hula1239,aust1307,0.1774382702722292,0.04805873847585118,0,-0.405184235134175,1.7874812292258548
hula1244,afro1255,0.4916314012650792,0.042983870080435645,0,3.0107412351125,1.86013352991381
huli1244,nucl1709,-2.5948309798034837,0.07473321501548713,0,-2.04041187208325,1.983040737089075
humb1243,song1307,-1.4382917426436237,0.04344406293076366,0,-2.37859835113625,2.00056450667176
hung1275,aust1305,-4.213920353276257,0.05795721919337467,0,-3.4270340176575003,1.912332487134425
hung1274,ural1272,0.0995949141638505,0.03820139889021931,0,-0.6293047157212499,1.870609631433565
hunz1247,nakh1245,0.9174298459636777,0.024538768776020854,0,0.90324982641925,1.93663118686645
hupd1244,nada1235,-0.6855773694769014,0.022006975465200078,0,-1.86364372077,2.039769839539045
iaai1238,aust1307,-1.138369085549166,0.03428999576727416,0,-1.47898300157125,1.813015575639915
iatm1242,nduu1242,-1.2159604494600296,0.06561421530155938,0,-0.80429131417025,2.05410240536473
ibal1244,aust1307,-1.94059463383809,0.05931810039739282,0,-1.8059694900099998,1.810900094396085
iban1264,aust1307,-2.9085812283203945,0.046405918424066016,0,-2.2371859724065,1.81120059436503
iban1267,aust1307,-1.840880175064176,0.04933815958445908,0,-1.85191417369525,1.787574550287055
ibat1238,aust1307,-1.7710820420324649,0.05474846254122999,0,-1.584639067755,1.793615722152895
ibib1240,atla1278,-1.481051564103745,0.03484829781281764,0,0.15144214371575,1.8553923111412352
icel1247,indo1319,2.200108909829469,0.04309242023686551,0,2.6150259690215,1.8708684983611201
idii1243,paho1240,0.18472256015927702,0.035044421482703814,0,0.50311519924675,2.0494796691965202
idum1241,sino1245,-3.868201183341018,0.033322784450028016,0,-3.983579043025,1.91202134572339
idun1242,aust1307,1.2248545852142017,0.04975557877735521,0,-0.59586211399975,1.8379335410454152
nucl1417,atla1278,-1.476861365974604,0.03574998251616016,0,0.29704751156425,1.854816251340665
ilaa1246,atla1278,2.3460818586605496,0.024829610609754894,0,2.5131900712305,1.7775920219238701
iliu1237,aust1307,-2.386686484044068,0.04589606256611176,0,-1.6050208818304998,1.824259889639075
ilon1239,aust1307,-1.8951930814279137,0.04273535747434444,0,-1.7735421309271748,1.8165507920828698
imba1240,quec1387,-1.417612270943561,0.018115954877511383,0,-1.8768095725075,1.927367855520115
ingr1248,ural1272,1.2826361293948085,0.04615861088832761,0,0.5067629120111,1.769173845364765
ingu1240,nakh1245,0.7065159986986309,0.033042407630791255,0,-0.10064127044825,1.93318016227646
alba1269,aust1307,-0.6278012379620854,0.04464703985859229,0,-1.5370370576255,1.7975720219303448
iqui1243,zapa1251,-0.46076634815706663,0.0267788899309313,0,-0.89826848102675,1.98828651389527
iran1262,aust1307,-3.0254922097202304,0.05151990335384695,0,-1.854343687044,1.81248707933299
iraq1241,afro1255,3.4878400191969265,0.04858131522559253,0,1.8230491502450001,1.849701529560585
irar1238,aust1307,-1.0985177186487083,0.03320989213831029,0,-1.5379858284724999,1.8371193714860752
iris1253,indo1319,2.121967603673312,0.04232476247904613,0,2.184875123378,1.898794939786485
irul1243,drav1251,-1.8893030268981774,0.027097089540496968,0,-2.70937304306575,1.871345601137975
isco1239,pano1259,-1.9329906844987024,0.033055556417982926,0,-2.14972612481125,1.881594533862545
isin1239,aust1307,-2.003167275160155,0.07199713793446029,0,-1.70139841433425,1.8021625901729652
isir1237,kwer1242,-1.7804860968566016,0.04957065263016262,0,-1.6889926596795002,2.092159436267325
isna1241,aust1307,-1.9506726152324751,0.04742128760860927,0,-1.85478157111005,1.799513662377155
isth1242,utoa1244,0.2134803041205639,0.03135317548966153,0,-0.17215513588424,1.798239660445205
ital1282,indo1319,2.522439924031297,0.040625086468512414,0,2.6783427720175,1.860721588926465
ivat1242,aust1307,-1.2078708053627898,0.06687783664010187,0,-1.686221847519,1.79329237839737
itza1241,maya1287,1.022952194805345,0.016238294304030038,0,0.26301415395575,1.9344622037269001
iumi1238,hmon1336,-3.7730661954834535,0.015055680530377188,0,-3.615462835792,2.15297487310179
iwai1244,iwai1246,-0.6122547666710075,0.05890858049563877,0,-0.75851660721475,2.0542116727406903
iyoo1238,nucl1709,-2.3783633513440776,0.07745412397592137,0,-1.72277898170925,1.990543259894765
jahh1242,aust1305,-1.9899886115376677,0.040392455915022836,0,-3.2294038858125,1.8740627904608549
jalk1242,mand1469,-0.8244470454215529,0.03930588734241928,0,-1.6679036409674999,1.84486732275824
jamb1236,aust1307,-2.4130114084490053,0.0759056035343532,0,-2.2611928539974997,1.808181891495125
djam1255,mirn1241,-1.7331553972725136,0.050363197776204606,0,-1.1348752207469999,2.02242041657301
jams1239,dogo1299,-0.10657422049831014,0.03297216744903823,0,0.18367281123475,1.98867655409551
nucl1643,japo1237,-2.8153164270812203,0.038563713091572895,0,-2.8318845398175,2.09196000947976
japh1234,sino1245,-4.546483586687145,0.04263597408476543,0,-4.100499423116251,1.889939073307895
jaqa1244,ayma1253,-0.9440223498974984,0.02378328583771464,0,-1.13167840474075,1.9754505116796302
jara1266,aust1307,-3.3696290548229264,0.05949623721039376,0,-2.1343008757249997,1.808089269484275
java1254,aust1307,-2.1333382904176323,0.035386687573893724,0,-2.0290335093955,1.831914694456745
jede1239,aust1305,-3.451189749192412,0.04060604710587804,0,-3.2682651532650002,1.875787665793275
jehh1245,aust1305,-4.144008392748571,0.04551019725008448,0,-3.4724379458118753,1.91842899750523
jeha1242,aust1305,-3.485220179614378,0.046078016186386614,0,-3.2684554703749997,1.8720610817043801
jeru1240,sino1245,-2.5010339688884873,0.05804485002548453,0,-3.6117563028725,1.849574479772435
jina1244,afro1255,1.1588404171091917,0.059248542843253565,0,1.0395857325965001,1.77735847915921
djin1251,mirn1241,-0.20728763112215845,0.04575047130622083,0,-1.25032631393635,2.0229587511157447
jita1239,atla1278,3.2204005280305994,0.03582255036213454,0,2.7385509642474997,1.79845562360037
juku1254,atla1278,-1.0910387612756325,0.043218194323517894,0,0.5527358719925,1.7849453013884449
jurm1239,cent2225,-1.1726883092059863,0.037176837842076836,0,0.37175390505649997,1.74814223248018
kaba1281,cent2225,-0.4223405239922122,0.04432832725161659,0,0.2492184993825,1.719701281203725
kaba1278,abkh1242,0.9803285301138884,0.03944666404543166,0,1.0741993796117502,2.04875515094402
kaby1243,afro1255,1.8272295388819786,0.04380119263278174,0,0.9433648276,1.855405142320535
kach1284,gong1255,-1.1319678192782439,0.05318492127479437,0,-0.808960902665,1.8474118952359
kada1242,drav1251,-2.2055296167000877,0.010122928011103859,0,-2.7247884784825,1.862714404020715
cent2100,aust1307,-2.0205589233384704,0.04239458996284029,0,-2.21641630604425,1.8371420729515902
kafa1242,gong1255,-0.8901620830868497,0.055469145458147316,0,-0.8558219008175001,1.833507031388595
kaga1256,aust1307,-2.2916526802997925,0.051237819349963715,0,-1.9196082735375,1.79764957249589
kagu1239,atla1278,1.4195926015543505,0.03262469781998827,0,2.82957958705545,1.8002462421592949
kaik1246,sino1245,-2.223811436945658,0.055546049379282904,0,-3.46677887844375,1.83819451284949
kaki1249,kaki1249,0.6397140532266832,0.061910600802332086,1,-0.22254712968875,2.0792665261918852
cacu1241,kaku1242,-0.6665407274020918,0.024218415866964087,0,-1.85896141373,2.0409185181665697
kala1399,eski1264,-0.5892681970268825,0.02943981543359084,0,-1.0738272980999999,1.951455998333135
kala1388,aust1307,-2.2236269293702966,0.052076687916368686,0,-1.5517471649874999,1.79408108644065
kara1499,west2604,-1.373084899297357,0.06210915459322652,0,-1.38304486472925,2.13198289930675
kala1384,atla1278,2.1742960293035885,0.03537923399381248,0,2.4524055307349997,1.7897021080284299
kali1308,sali1255,-0.6618968927876088,0.03619471863181168,0,0.30919037319025,1.90961398368869
kamm1249,atla1278,-1.3509140444896808,0.05286276010354071,0,-0.5219815613077501,1.8276660856058449
kamb1316,afro1255,0.9605419493238124,0.04929435353669814,0,1.1675947525875001,1.766498513179815
kamb1297,atla1278,3.1812011420745354,0.03551177762840658,0,2.74345419716225,1.781910357177565
kamb1299,aust1307,-2.798196833206717,0.05419804793984528,0,-1.64539940311375,1.8320006307550298
kamu1260,kamu1264,-0.8408663018819761,0.06732798486570273,0,-1.736961965625,2.097641716256925
kana1286,aust1307,-2.4773159045096045,0.04209056608716335,0,-1.782748173663025,1.906285662570275
kani1286,nucl1709,-2.4875168203338163,0.06265116147757545,0,-1.9493767502025,2.0003208036951152
nucl1305,drav1251,-1.8617185944702375,0.021029798346309695,0,-2.6787679886325,1.876153073066345
bidy1244,atla1278,1.9521674581978243,0.030115251837663823,0,1.59168784307175,1.848054562020355
kaon1241,atla1278,2.3808043865313713,0.029452347096817526,0,2.4911530905075,1.81509829933544
kaqc1270,maya1287,0.8663356904835031,0.034296898254192035,0,0.36259091856725,1.930830523634525
kara1482,cent2225,1.247330479437925,0.048615816645672584,0,0.45034187684425,1.734503297026625
kara1500,nucl1710,-3.191431006306221,0.027728492582809093,0,-2.1181519246292497,2.025789331440285
kara1487,aust1307,-0.8544724930286973,0.05191494480195471,0,-1.8355836774225,1.7958547310104902
kara1486,aust1307,-1.5156193832716114,0.04579116843197412,0,-1.3242056146855,1.82782247202096
kare1338,atla1278,-1.4830742422239458,0.040095399187627015,0,-0.13932741215424999,1.75835318267484
kare1335,ural1272,0.9189117059349703,0.03707392628087948,0,0.524644743134,1.767939543328655
kari1306,atla1278,1.616722655569718,0.03844373430647877,0,2.1916639606575,1.82578472138562
kari1311,tupi1275,-0.8188313833566687,0.02258406506909239,0,-0.043237027252500004,1.924731712373255
kark1258,pauw1244,-0.5241378990384054,0.04113092570751991,0,0.0283370821625,2.09391362979444
karn1252,aust1307,-0.6955210581253234,0.02063236754776932,0,-1.0691382438197499,1.81157755575205
karo1304,karo1304,-0.7998593950345736,0.017886169155786415,1,-1.26788231144025,2.100815394880125
kash1277,indo1319,1.786739052049764,0.04062689240704048,0,1.7762610278382498,1.8451251480836048
kask1239,atha1245,-1.7515133051883587,0.05265600026720733,0,-1.243340035445625,1.9053996498231949
newa1246,sino1245,-2.506579719155667,0.04778951862531902,0,-3.6920327544708753,1.8706925931827851
kats1235,sino1245,-4.816411690474958,0.05383573123371728,0,-4.112223048775,1.89373222100477
kaur1271,kaur1274,-1.6452061944402572,0.061223663478401434,0,-1.32841723613275,2.1512339555060347
kava1241,aust1307,-2.6201119909592636,0.04184506201774175,0,-1.950967932705,1.90192752493709
kaya1315,sino1245,-4.662987213879938,0.04689066765399151,0,-3.9567663653449996,1.908180376762765
keap1239,aust1307,0.2090492426980125,0.03714049267129342,0,-0.40282233185575,1.790691040499825
keda1252,aust1307,-1.7324689321121545,0.04518627096779921,0,-1.66313175743025,1.83757648808227
kera1248,atla1278,1.8408925602673236,0.029255487453242468,0,1.6072376832385,1.84783219341913
keig1242,kadu1256,1.5233374195545895,0.044438021905395,0,0.9006251009024999,2.202185182717075
kele1255,atla1278,1.7808297690875865,0.04449382551446201,0,2.4790016332400002,1.810695088105785
kele1258,aust1307,-1.7154952461101245,0.04195128261889356,0,-1.5727362421265,1.828661699218
kele1259,aust1307,-0.8730977439806101,0.05440066601488795,0,-1.82889443433925,1.79761409735252
keme1240,atla1278,1.0114452414783859,0.038203894708438164,0,1.47499472389,1.8533140053363448
keng1240,cent2225,0.899566948914151,0.05128554098591683,0,0.466957545318675,1.72341753584989
kens1248,aust1305,-3.541628965163752,0.04062039761397574,0,-3.27045572319,1.87363532855735
kenu1236,nubi1251,1.6810777371639327,0.03962304368337001,0,1.2887817922270002,2.2707290486777296
keoo1238,aust1307,-2.9187210585349765,0.06042455199249415,0,-1.60547908705475,1.836425792779345
kera1255,afro1255,0.6924551504952462,0.05529490445076007,0,1.0848906217722498,1.8089238305579198
keri1250,aust1307,-2.413057041633615,0.045761768301279745,0,-2.2389123078725,1.813239620459085
kesa1244,nucl1709,-2.5297877692758863,0.09231418657540653,0,-2.239844598745,2.056992983867655
kett1243,yeni1252,0.5818620810348684,0.027928656897332416,0,0.416853414271,2.386690890165005
kgal1244,atla1278,2.0156069594967096,0.029615193741521446,0,2.3601411431250003,1.753252296004485
khak1248,turk1311,-2.3039960661783274,0.03796085672765658,0,-3.15014412037675,1.97078078410944
khal1275,sino1245,-2.316826995082291,0.046446874899665716,0,-3.6189271067825,1.839431118073915
kham1282,sino1245,-1.8557201788349,0.05052730256516129,0,-3.29967242222,1.814514356716245
khan1278,atla1278,-1.4782361698043034,0.03514568827662753,0,0.13024522141575,1.855094945326815
khan1274,aust1305,-4.257568094462286,0.03707107579655523,0,-3.3086217360149996,1.87983394407926
khar1288,sino1245,-2.5545030347056823,0.04536827665942651,0,-3.88482414796725,1.88147445014401
khas1269,aust1305,-3.283894881905698,0.018296969487203857,0,-3.24479415658325,1.8863489363700552
khez1235,sino1245,-2.496842603473143,0.0469685115034708,0,-4.0496018583002495,1.8765934736864498
khin1240,nakh1245,0.18586756090853912,0.023236795528613425,0,0.35225866423749996,1.926930083772445
khmu1256,aust1305,-4.148910853336689,0.049033116883689165,0,-3.4454782173525,1.892341147720205
guan1266,sino1245,-3.0539166880370763,0.03727003275205206,0,-4.099690260112499,1.9043036501622
khum1248,sino1245,-4.209901264268664,0.044002105122870366,0,-3.83249610188225,1.88224468612641
khva1239,nakh1245,0.9461119097766434,0.028561729359531027,0,0.9153993640907501,1.943961695684995
kich1262,maya1287,0.8913958603866815,0.0365613455649586,0,0.45417046141399997,1.9237695337705851
kiku1240,atla1278,3.083386677948348,0.0330291160919044,0,2.74953649740025,1.77952432397402
kile1243,tung1282,-2.228625464085785,0.043510188839523276,0,-1.4950467171525,1.891836536910935
kili1267,aust1307,-0.2209251826406877,0.04264198384212264,0,-0.897282997,1.7823151649885451
kimm1246,atla1278,0.4211199905509553,0.03969001853797598,0,-0.552319981053,1.803534648553455
kima1246,kolo1268,-1.718380070316486,0.04746924395493739,0,-1.59653224831025,2.0919759456568903
kimm1245,hmon1336,-3.822197560083026,0.01755670325010967,0,-3.6108523232575003,2.15909188730658
kina1250,aust1307,-2.2962770525079943,0.07094705150177952,0,-1.7521954778272502,1.78461099273569
kinn1249,sino1245,-2.074829883300303,0.04324872647043886,0,-3.6534427112000003,1.8542784817171198
kiow1266,kiow1265,0.2433531944605352,0.02176614818199822,0,-0.051201105668924995,2.039327077315645
kips1239,nilo1247,1.7845398662968939,0.041229740775417,0,0.76248632224375,1.9093062589977001
miju1243,sino1245,-2.578168316927102,0.04874900950191375,0,-3.9260065421525,1.89247911896472
koda1255,drav1251,-2.0470061745718873,0.013487299675671749,0,-2.7072101074945,1.8687125490447651
koho1244,aust1305,-3.957183043436404,0.06463523953297699,0,-3.47776828750525,1.90768313804842
koir1240,sino1245,-2.5545956711119002,0.05315947058437559,0,-3.669536633386845,1.869631681508665
koit1244,koia1260,0.44840748637762795,0.0750137827419405,0,-0.1589732715675,1.98452304561114
koko1269,aust1307,-1.2229675848756565,0.05092362133677013,0,-1.031355434505,1.806315130701865
kolb1240,atla1278,0.283902386744899,0.0322257988805409,0,-0.4480675116351,1.778125204284305
kolc1235,atla1278,0.989141861691869,0.02787675091580261,0,1.40291038680725,1.784904954190065
komb1274,nucl1709,-2.3474771000687156,0.06885257112620734,0,-2.0647799017199997,1.9945481222422599
komc1235,atla1278,1.1198563282363279,0.029948065880825922,0,1.481787358631,1.8482781136785449
komi1270,sino1245,-3.8781720477933526,0.043492296971393354,0,-3.4780265284875,1.86824257781171
komi1269,ural1272,-0.13723252199500036,0.030653231272005085,0,-0.49563183485,1.83978014562562
komi1268,ural1272,-0.2808218271361147,0.04868105462976042,0,-0.566502596197055,1.833172733459275
komo1260,atla1278,-0.1391050456300019,0.023996964437383986,0,2.0105419608600004,1.801780581642135
kona1242,east2433,-1.7357140283981354,0.058839502961171616,0,-1.22386414119725,2.119852147759415
konk1267,indo1319,1.3232136468555649,0.020635848525057683,0,1.661431759149,1.8355630389600202
kons1243,afro1255,1.5635507764302288,0.04633371105154796,0,1.7115870098100001,1.771723660159925
kony1248,sino1245,-2.235201695729219,0.058010373730627965,0,-3.122421130295,1.877918237387695
konz1239,atla1278,2.2629673156876557,0.03699149124194624,0,2.7249375916375,1.79940754791537
koon1245,atla1278,1.1463828031121335,0.035455893204807784,0,1.55611581153175,1.78393445293618
koor1239,gong1255,-0.8134975265501053,0.04091802255042692,0,-0.71208984513175,1.84644495583392
kore1280,kore1284,-1.339027651785428,0.01935127452915634,0,-2.8713707051475,2.30198884721864
kork1243,aust1305,-1.5328816957021734,0.04042272163416102,0,-3.6749803736824997,1.907933348145015
koro1298,atla1278,0.9945946236233716,0.05016129381248828,0,0.5141019998162499,1.7911448858210801
koro1313,sout2948,0.2279434107906248,0.06148095903281874,0,-0.20484606184600002,2.111532267580375
kosa1249,nucl1709,-2.399069173953043,0.044074973322861796,0,-2.0088255187837003,1.96944564527834
kota1263,drav1251,-2.1824428932527464,0.02132298887742834,0,-2.660620527175,1.882173023573555
koti1238,atla1278,2.487800347498957,0.055946703757515655,0,2.433678482198,1.772847623756535
kove1237,aust1307,-0.38162235919157794,0.05098656613240652,0,-0.366605705063,1.8213483129140302
koya1251,drav1251,-0.9129785488007471,0.02950278325743272,0,-2.05738220937625,1.83960696942717
koyr1240,song1307,-1.4459926638681,0.03805992381804248,0,-2.3665528903675,2.0037433409899004
koys1242,afro1255,1.4764405113005759,0.0370863184076704,0,2.9903635945725,1.86519751422294
gbay1288,kres1240,1.7945540817298058,0.028221180294227505,0,1.62478391934775,2.177917675823665
ngeq1245,aust1305,-4.0954674192046845,0.07339979218154637,0,-3.426897108375,1.9010705228932898
kryt1240,nakh1245,0.08618643534152434,0.033072141847089426,0,0.057203049695750005,1.91590945295678
kuan1248,aust1307,-1.0169276601584831,0.04588057834651583,0,-0.7937453250262501,1.8237376092590099
kuan1247,atla1278,2.3094681493324334,0.027056461497606047,0,2.6103457172224998,1.809348682960495
bayo1255,atla1278,1.7866293923443197,0.027721351300657632,0,1.6102937032615,1.8389052203792602
kuii1252,drav1251,-1.2338717421920358,0.022723138613499318,0,-2.46092851497,1.847020816444025
kuik1246,cari1283,-0.5475842648331332,0.019442378989628164,0,-1.6495286250977501,1.921687530331245
kuku1280,pama1250,-1.995913813700743,0.050250327036079984,0,-2.0451931124525,1.989063616766685
kuku1273,pama1250,-0.5007953824233699,0.039358350214057765,0,-2.1012228455225,1.986176730555015
kulo1237,aust1307,-2.5513109227876445,0.03611141438580254,0,-1.9252848196242498,1.91526739534883
fait1240,nucl1709,-2.5787439871323654,0.04636866575462531,0,-2.42040206359,2.0252521143861353
kuma1280,nucl1709,-2.608610912377916,0.05246135090105005,0,-1.994646199015,1.9944824690462801
kumb1268,pama1250,-0.3726802968779458,0.04674747953096146,0,-1.23963492057125,1.95541864482576
kumz1235,indo1319,1.842516751597992,0.04605176067365961,0,1.41273695852,1.856395577724205
kuna1268,kuna1268,1.2466844681715288,0.04367403516433288,1,1.37932833651725,2.526914026794925
kunb1251,gunw1250,-1.764279978278137,0.06385320842885779,0,-2.0167092949,2.0430535617501997
kuni1267,kuni1270,-0.2760157297742295,0.03340976022293586,0,-1.532952712705375,1.96296608177088
kunj1245,pama1250,-2.1467381953448808,0.054462650278215674,0,-2.0102092677575,1.9948686346223048
kuot1243,kuot1243,0.20515157018463726,0.0402975174143999,1,0.03307260971525,2.1333554356263997
kusa1251,aust1307,-0.2725334031607985,0.036195128694334125,0,-0.50291172170375,1.806917875327425
kusu1250,kusu1250,-2.4732542055656634,0.021049978084381304,1,-2.35475279380925,2.52495417568277
kute1249,kute1249,-0.7341425215915233,0.02002023812737879,1,-1.2127017165249998,2.06427707288351
kute1248,atla1278,0.734810243321318,0.0389114617331198,0,0.28393065128,1.8092126542121099
kuvi1243,drav1251,-1.2694621591035933,0.020716527569424013,0,-2.4600151551475,1.84365045423132
kuyy1240,aust1305,-4.172144575929395,0.06402340357209178,0,-3.4470658056624996,1.89970639662114
kwai1243,aust1307,-1.9465314458225846,0.03964538378989806,0,-1.62860839937375,1.8104463466405
kwam1252,aust1307,-1.4410000364565512,0.04573933864010584,0,-0.9876612990760001,1.8026319267109998
kwar1239,aust1307,-1.9045163042674025,0.052183112048865415,0,-1.62736633064275,1.81901764174405
kwaz1243,kwaz1243,-0.7219297529452111,0.022153492980993252,1,-1.77915006507475,2.060924175106835
kweg1241,surm1244,0.7402311183219286,0.04564433894694301,0,0.7257660485849999,1.9381065128928299
nucl1595,kwer1242,-1.7818825369542515,0.05047710025455953,0,-1.68638574642225,2.1039145508507904
kwin1241,worr1236,-0.9518585220721387,0.03169095445841186,0,-0.14939691592499998,2.01775683750141
kwom1262,sepi1257,-0.940459842227949,0.05699223420794758,0,-0.7869212535915,2.05088331669743
nucl1593,kwom1263,-1.6581180970422789,0.04461714786049433,0,-1.3921588404374998,2.121756721234825
kxoe1243,khoe1240,0.20584077738981035,0.03883717311774899,0,-0.7794268504472499,1.99056330455747
kyer1238,sino1245,-2.422376763179993,0.05961324350535004,0,-3.43817691122375,1.8130342776497
laal1242,laal1242,0.41946124591565603,0.038430604376695494,1,1.3867296324585001,2.29340765362789
labu1248,aust1307,-1.0107403797364194,0.040969227389284976,0,-0.98338886661825,1.8041569924693501
labu1249,aust1307,-3.124631366829812,0.03291927140061725,0,-2.1959552661915,1.8352820094435
lach1248,taik1256,-3.7617745454617166,0.023797185218767745,0,-3.49360318935,2.1598247637172303
lafo1243,tege1244,1.4471790353345129,0.04161476620221012,0,1.310188563989625,2.38221551993999
lagw1237,afro1255,1.080525864408884,0.04605621483758393,0,0.82165892477985,1.795963160080055
zaye1235,sino1245,-4.6088609408328285,0.04240179463353851,0,-3.943677208175,1.8989646498159
lahu1253,sino1245,-4.897451772965674,0.05930492252313468,0,-4.112130674175,1.911669749853165
lahu1252,sino1245,-4.852331160535247,0.03956022876540357,0,-4.117696154532499,1.9104778576864998
laiy1246,aust1307,-1.9798988199002578,0.04226933477037349,0,-2.19627514614975,1.831575404885125
lakk1252,nakh1245,0.7399727053177414,0.03461014441875537,0,0.5471976935985,1.92594939443791
lala1268,aust1307,-0.17850163882806075,0.03126302838585051,0,-0.48882674822149996,1.787481542597025
lala1264,atla1278,2.359265991923406,0.04064676165287286,0,2.2107361560605003,1.7718992191251801
lama1277,aust1307,-2.895000638661912,0.047629901007947006,0,-1.6989956178724999,1.8364717565006798
lama1288,afro1255,0.902327841362407,0.0566666029518917,0,1.00873604330425,1.785796881291925
lamb1269,indo1319,1.0838809933865998,0.03543091577975931,0,1.8344693781702501,1.85359374364171
lamb1273,aust1307,-2.8122141099796902,0.039367942859557775,0,-1.649332662135,1.83696906238882
lamb1272,atla1278,2.715009456450468,0.04638901229566914,0,2.37262416615075,1.79482794371815
hela1238,sino1245,-2.448942975566734,0.03778317067723481,0,-3.4410551691349998,1.8132551211644201
lamk1238,sino1245,-2.6728799981264992,0.03682433465605307,0,-3.6751145834375,1.86750582201701
land1256,atla1278,1.962352823229958,0.05556227381780871,0,1.8266525674125,1.81553193549055
lang1320,atla1278,3.437997979307858,0.038704244918331715,0,2.5122164307195,1.810200219812945
lang1324,nilo1247,1.0276831029903137,0.046561443652083125,0,0.10836934181425001,1.83504607590273
lara1258,lara1258,-0.3073050496657497,0.04956567202890704,1,-0.0481300604745,2.1003479427518954
lash1243,sino1245,-4.404710150786745,0.054323883462876546,0,-4.1351382028,1.89524903705543
teke1275,atla1278,1.8544543755544645,0.040408090249321904,0,2.480070676975,1.820218798190715
latv1249,indo1319,3.2069268032196336,0.03561976684396197,0,2.5189902648949998,1.8979827948006749
lauu1247,aust1307,-1.8935251675625144,0.0413791477498241,0,-1.630643648495,1.81773391501627
lave1248,aust1305,-4.2118686258603795,0.05540208025470338,0,-3.48155174267585,1.909143394382635
lavu1241,lavu1241,0.3675114248048703,0.053616212420567376,1,-0.17603169383884998,2.1558846602088453
lazz1240,kart1248,-0.7667517453559916,0.015166671738471417,0,-0.7143288529975,2.02215833364937
lega1250,atla1278,2.500206866374654,0.03657776074919818,0,2.5347893598244253,1.79860525598032
lega1249,atla1278,2.4269481850494152,0.03558571746058186,0,2.52510817333,1.80317535897314
lele1276,afro1255,0.4454383642490961,0.03701239906770123,0,0.8529940062325001,1.818228047973905
lele1270,aust1307,-1.7199073190342522,0.04213235236684711,0,-1.58125791880025,1.815703360324885
lemb1266,nucl1709,-1.633047158746962,0.06847976455448161,0,-2.0399309286367497,1.9779853020283351
leme1238,aust1307,-1.7670738548182219,0.04202834984939739,0,-1.25825592533225,1.794305820391735
lena1238,aust1307,-0.25560778393826256,0.041668271345226784,0,-0.80761904636525,1.8052865514219398
lend1245,cent2225,1.0156499957079124,0.04772899594630041,0,0.22889996963144998,1.81376716296402
leng1259,aust1307,-1.8442777413706244,0.04755179242056473,0,-1.55648382868775,1.8063642387296102
lepc1244,sino1245,-2.3099587227808325,0.05128478116819649,0,-3.6848885434680003,1.88041997336276
lese1243,cent2225,1.1611490088379028,0.0382836173335625,0,0.55464613127725,1.79684609930074
leti1246,aust1307,-1.9778020667974738,0.0505879488768251,0,-1.6122394056015001,1.8312280186954202
lewo1242,aust1307,-1.690915700516385,0.03260231558047472,0,-1.51911846576475,1.804649241973045
lewo1244,aust1307,-2.8815137206850885,0.03901871725859672,0,-1.6974799012839998,1.833547257589895
lezg1247,nakh1245,0.28507732988697065,0.03139545981051354,0,0.08904556452775,1.936910199971445
lian1251,sino1245,-2.5714028288369755,0.04788261741262297,0,-4.0745082037325,1.88087638308658
libi1244,atla1278,1.867724464086066,0.03118259834437645,0,2.734041073225,1.797601886428975
liby1240,afro1255,2.0016447953288052,0.052062877691614065,0,2.9648737636425,1.8568792641739251
lihi1237,aust1307,-1.429713775634327,0.04125276569952882,0,-1.3796617199235,1.80190982950948
liji1238,atla1278,0.4644182620182467,0.03357153262170476,0,0.099604678057,1.861825184026485
lika1243,atla1278,1.588624033546147,0.03440654936788332,0,2.2194857439274998,1.81177786952609
lill1248,sali1255,-0.2951584283976963,0.02509121730897103,0,0.35565506033600003,1.929851956459665
limb1266,sino1245,-2.3466308716519215,0.06198364502527438,0,-3.5199826557275,1.8545770839790499
nucl1327,limi1242,0.916566145737041,0.055182697395450085,0,-0.44655162207,2.116361202946325
limo1248,aust1307,-1.7069551239460423,0.059075877542413724,0,-1.4705825733325,1.793632567942385
lipo1242,sino1245,-4.737681997526616,0.044316362238823445,0,-4.1047665140500005,1.9097942692713
lish1245,afro1255,1.525801195252443,0.04573292706833517,0,2.99296458536025,1.85913996514827
lisu1250,sino1245,-4.496626641417711,0.04285413302867179,0,-4.111780308875,1.9140803595020048
lith1251,indo1319,3.063566895412748,0.04901024219813993,0,2.5156374549693252,1.89919530605204
lito1235,atla1278,1.652422813093013,0.027158928777475583,0,2.73521946394,1.80052468121734
livv1243,ural1272,1.1797630897515208,0.05528746105538186,0,0.5390160535574999,1.76541885646225
loba1239,atla1278,1.8098754774368147,0.027321917594628327,0,2.7034194680225,1.791034988988075
logo1259,cent2225,-1.2070997579831406,0.060056941192483185,0,0.1678800175395,1.78860764262497
balo1261,atla1278,2.03287325193108,0.030771350890635315,0,2.7018313055375,1.8021299325997902
loka1252,atla1278,0.274477887303467,0.03737412646073682,0,-0.02317214518575,1.863176393864485
araw1276,araw1281,-0.651546120838921,0.0159177571107202,0,-1.66774220661425,1.94617090995858
lolo1259,sino1245,-4.6947973924973,0.04766484908743394,0,-4.101683087775,1.89969344239308
lomb1257,indo1319,2.5066052066659688,0.04232712419555523,0,2.6817946082975,1.862566852128285
chiq1248,chiq1253,0.4983593405340354,0.021850406901016188,0,-0.5869078727393999,2.0220176134391252
acha1249,sino1245,-4.428861271348194,0.039399112184287266,0,-4.1350088553675,1.885729299854715
loni1238,aust1307,-1.7097044876940086,0.016141788173480213,0,-1.5696009741374999,1.8237050522693
lonw1238,aust1307,-1.738338384100563,0.048216194937247804,0,-1.5215567079025,1.80302794748965
lote1237,aust1307,-0.6417827935234923,0.0433992454627233,0,-0.9918746347332501,1.81531805806917
loth1237,sino1245,-3.9583243264713586,0.0509922910959433,0,-4.0441259832575,1.8859396328612101
lotu1250,aust1307,-3.0777675648836293,0.03793494217653909,0,-2.1725613199,1.833520460053925
louu1245,aust1307,-1.662370311649291,0.04957140211302676,0,-1.55166331413725,1.8072108860239
vano1237,aust1307,-1.8755008910558928,0.04815663792256898,0,-1.4825362234625001,1.8286064925999201
lowl1260,tequ1244,-0.6630162026091295,0.02208117769132621,0,-1.270523763640325,2.06753855095875
lowl1265,utoa1244,-1.1792214041910083,0.028801130777743704,0,-0.07102715102500001,1.831574101986305
lozi1239,atla1278,0.1186637407876841,0.03937004717229479,0,2.260663456745,1.74393579490041
luan1263,aust1307,-1.890749903162325,0.05408610638270414,0,-1.61281780375565,1.8310766460091
onto1237,aust1307,-1.3104944977376083,0.044970241489774736,0,-1.194725412535,1.766583557350995
lubu1243,aust1307,-0.8388415870388464,0.05278678419968733,0,-1.635933248367,1.7887265076553551
luch1239,atla1278,2.369836716789668,0.029436933128039116,0,2.56125416348275,1.8030111968638751
ludi1246,ural1272,1.0819680556075952,0.03749866659783206,0,0.54390105618,1.7632288488976902
lugb1240,cent2225,0.7754286758869569,0.0418015016914186,0,0.11117396037499999,1.78563237596521
lugu1238,atla1278,3.3119615862196916,0.03377040289140828,0,2.7853612788987503,1.79693210652984
lule1254,ural1272,-0.981972756884778,0.044224577310233555,0,-0.11342181645875,1.753982566030635
lumb1249,atla1278,1.6873701004201744,0.03071118303791542,0,2.4106675648275,1.82939790451667
lumu1239,narr1279,1.8117113850125073,0.05283496180744914,0,1.2153349090324999,2.18986965537608
lund1266,atla1278,2.3961121855249816,0.04113259489642387,0,2.57227799911325,1.8080205360118402
lund1271,aust1307,-3.135261104673761,0.04495246410087021,0,-2.1331107557199998,1.843784524658005
luok1236,nilo1247,1.750307089514607,0.04871455185057535,0,0.07125821090875001,1.8405400287713598
luse1252,atla1278,2.118410996483279,0.0350516201493426,0,2.68720602911225,1.817117919178855
lusi1240,aust1307,-0.3285024847399839,0.04853514396799601,0,-0.374643390013375,1.8181811129390102
luva1239,atla1278,2.3839467922997217,0.025862522690940817,0,2.564005251938,1.80744163277302
luya1241,atla1278,2.3112424316792533,0.032621803418738375,0,2.429248856556,1.82113783940135
maan1238,aust1307,-2.9002436378422995,0.05134791010304125,0,-2.03993348052625,1.831094923322925
maas1239,atla1278,1.0189134886933777,0.035604893108148995,0,1.6444134262399999,1.838545512104695
maba1270,atla1278,1.9091261611473622,0.027638349683217944,0,2.73252185247,1.79552090429712
maba1277,maba1274,0.7616420020449115,0.023329666091715454,0,0.41821230008861254,2.053883669332035
mace1250,indo1319,2.583044507917492,0.04118857994127749,0,2.61647671368725,1.886152139257975
maco1239,sali1297,0.403530692133149,0.026484947716546067,0,-0.56433036641665,2.013320048679585
mada1285,aust1307,-0.3937966359228476,0.04256234469674388,0,-1.3689815988025,1.809341741642685
madi1260,cent2225,-0.7974738022673585,0.03834102402547253,0,0.46329857442925004,1.790564137389345
jama1261,araw1282,-2.3662037472684023,0.013039229997471402,0,-1.592271104245,2.054277832286235
madn1237,east2374,-1.6092802040177294,0.07520081417554106,0,-1.46645125602,2.171115589481425
mafe1237,aust1307,-0.6286645085126299,0.042019139434947284,0,-1.0259760893325,1.80590161694233
maga1260,indo1319,0.8899510203254645,0.048367506863753365,0,1.15588649320075,1.806903690061465
magd1235,otom1299,-1.6692204786852485,0.02798694003318509,0,-0.638657127365625,1.899332816463605
magu1243,aust1307,-2.3719629662313686,0.0440471333440034,0,-1.85117635756,1.81010889179561
maia1254,nucl1709,-2.549146069144187,0.08578408590314235,0,-2.4490508432325,2.007966795241075
maia1253,nucl1709,-2.5613835598880144,0.10102869604525964,0,-2.44638730282,2.0123467568597952
mail1248,mail1249,-0.4923606933011484,0.0506615236071205,0,-1.7322054996529999,2.105363774751395
mais1250,aust1307,0.2822806264122748,0.014111708807914044,0,-0.630724726875,1.8203850508584152
mait1250,indo1319,-0.4681310270666176,0.0500246833907247,0,1.1724510980592502,1.810120281272635
maja1242,surm1244,0.9957460561126463,0.05843691493401478,0,0.938061657707,1.9629425709877348
maka1304,atla1278,0.9950536850611318,0.0332876089928159,0,1.5059156950550001,1.789700554157605
makc1235,taik1256,-3.7078895179951186,0.020078941457045845,0,-3.5217933455787502,2.1443657718279097
makh1264,atla1278,2.630848477502684,0.043225759841851646,0,2.440456146581,1.7488616642480852
makh1266,atla1278,2.685129402120948,0.03808977504875846,0,2.4510876405207496,1.74598652127564
mako1251,atla1278,2.923195139031372,0.02554199842204593,0,2.5209030360205,1.78236163913343
makw1236,atla1278,2.928211650215344,0.02626835056106354,0,2.5203734580732498,1.78750602794322
mala1463,drav1251,-2.0868000988695297,0.02124859924952941,0,-2.7244260969605,1.856143772188755
mala1464,drav1251,-2.1396978791867167,0.02135340353386555,0,-2.7291701348175,1.8621966877358198
mala1522,chib1249,0.07504750583517755,0.02416959903720816,0,-0.6245761301235,1.840567750125265
male1284,gong1255,-0.9140134852087514,0.04432090319284553,0,-0.947492976661,1.852902315463925
male1297,chib1249,-0.7417075892827445,0.01800473299887298,0,-0.38883740288574997,1.84914885902707
male1289,aust1307,-0.3758871380918991,0.041448683147809154,0,-0.8461361845573749,1.802484848857725
malg1251,afro1255,1.1754007557753665,0.044021795646323705,0,1.25963959870575,1.7873002254236598
malt1254,afro1255,1.6800558465092343,0.042671188946958725,0,2.97906080366925,1.8607222468042801
malu1245,aust1307,-1.832450275295081,0.04353719278914241,0,-1.31606363158675,1.802723832788635
mamm1241,maya1287,0.5229917682032443,0.023497082651330763,0,-0.31092078499775,1.927670974093745
sauk1252,nucl1709,-2.1257500759593713,0.07290036586677671,0,-1.7325965795875,1.98560559797053
mama1275,aust1307,-2.3428391777804967,0.05746173711933657,0,-1.6896974710450001,1.780824422510505
mamb1306,aust1307,-2.382734088264499,0.06197077653076501,0,-1.3389022332295002,1.8363992467527699
mamb1294,atla1278,0.32703158380254876,0.02973230506899238,0,-0.27125918877224997,1.7435483194464751
mamb1296,atla1278,2.5501105797158177,0.04245241736288453,0,2.3747213291625,1.7961289309187651
mamv1243,cent2225,0.8421531534022693,0.039425278154859,0,0.5626725229482501,1.79449339026197
mana1295,aust1307,-0.3006012413523568,0.027973063094229263,0,-0.769840130105,1.821691950505425
mana1298,nduu1242,-1.0337316645795585,0.05680606100246252,0,-0.34956988198875,2.0368089817103048
mana1288,sino1245,-2.208555781972917,0.08813513233843533,0,-3.35780910997,1.83444201033836
payn1244,nucl1709,-2.612469708493709,0.08895515349718881,0,-2.4176488832425003,2.017982024342345
mand1423,atla1278,2.8111370573127235,0.04082316915701334,0,2.7848774844925,1.792943247195225
mand1440,aust1307,-1.5217362628032325,0.0433869272354971,0,-1.38004784105775,1.80591290576927
mand1415,sino1245,-4.047344992948149,0.043440964365937126,0,-3.72422443954,1.89978808830111
mand1436,mand1469,-0.37617045689032347,0.04650567666735047,0,-1.9326433956825,1.841487712771515
mang1378,aust1305,-4.235967464451923,0.04576268074001384,0,-3.448740953485,1.9082500212660949
rapa1245,aust1307,-1.7407279949090921,0.032795427107387046,0,-1.2440401885545,1.7772926546088499
mang1401,aust1307,-1.8431998069825328,0.039413267473461286,0,-1.237226558536,1.7726444534832448
penr1237,aust1307,-0.7353918880469364,0.026170518894339266,0,-1.24598185092525,1.76100306005362
mang1381,mang1423,0.6940450511865348,0.04694490283975503,0,-0.2661375932495,2.10751529900481
mang1394,cent2225,0.5708380971908936,0.030143631805824626,0,0.46177021688425,1.78974411324279
mang1404,aust1307,-1.0681202374339045,0.04628980351043066,0,-1.1587162169125,1.8174930137956449
mang1405,aust1307,-2.986714473601127,0.05178248332668349,0,-1.628904954955,1.8390413325988
mang1403,aust1307,0.6010550841789299,0.03987973443916972,0,-0.6262889802089999,1.81790214013817
moni1237,otom1299,-0.6235383555371357,0.034878769091479425,0,-1.5973509589477501,1.97375781675176
tong1308,aust1305,-2.1834544593892518,0.04023979943395789,0,-3.27027693209,1.8740014618096499
manm1238,aust1305,-4.175318995735955,0.042670200313008166,0,-3.3132768808575,1.8753275656513901
mann1248,mand1469,-0.6008038284794581,0.039065221790284106,0,-1.8230019634965,1.847728780627985
mans1262,aust1307,-2.306546059969731,0.053234234405259914,0,-1.6416957534374998,1.781480268135345
manu1258,aust1307,-0.11280369517944591,0.05332169975014025,0,-1.26012916105375,1.8142457302353199
maor1246,aust1307,-1.8090435096317359,0.03965640441708741,0,-1.1951410620875,1.765572984945785
mapo1242,aust1307,-1.0601872072536491,0.05587329077843378,0,-1.15759995407806,1.808443567715855
mapu1245,arau1255,-2.248604656882322,0.04271269098391968,0,-1.4917005261425,2.102309691090695
mara1399,aust1307,-1.805752268879325,0.03354350304055183,0,-1.33811851518925,1.79612600855915
mara1379,sino1245,-2.5357802485931398,0.03974878998623818,0,-4.0649901796925,1.8909649956653198
mara1386,west2434,-0.967233862418778,0.05397567033102997,0,-0.5047519267175,2.046376681665955
mara1396,tama1329,1.6862578694803747,0.027858830146530292,0,1.332943210487,2.216794474136295
mara1378,indo1319,1.2945386466904039,0.0449112608571957,0,1.65989185838325,1.8291820479981702
marg1265,afro1255,0.939425233513776,0.03264116069872879,0,1.047116310186,1.7812503053500701
mari1414,drav1251,-0.6434587836839264,0.017694616553520396,0,-1.989581854022,1.83540921025753
mari1440,coch1271,-1.430617630859323,0.026037099114937855,0,-0.4380834830061,1.995350016765685
mari1428,aust1307,-1.351996113139677,0.04089428836444533,0,-0.571559586128,1.81132641879752
nucl1622,anim1240,-0.31027238728058076,0.05027500158032016,0,-0.1082649910225,2.09097001574774
mari1416,sino1245,-2.6297220210102994,0.03251241307946499,0,-4.058044698825,1.877101112079745
mari1424,west2434,-1.1129056285005898,0.09190874314201608,0,-1.083879191875,2.080605162259295
maro1244,aust1307,-0.5464691777070328,0.05338676056532124,0,-0.7873937921534999,1.81307037468435
mars1254,aust1307,-1.7669848398014283,0.037258816181611636,0,-1.3399717579325001,1.79745851935908
mart1255,pama1250,-0.5809063512559882,0.03484057351655047,0,-1.5272503788775,1.909160414080495
maru1249,sino1245,-3.137754040597054,0.04002210260676852,0,-4.1337398350125,1.88427393818096
masa1322,afro1255,0.6134676198769912,0.02618522526722822,0,0.5277162820997,1.8445132048253998
masb1238,aust1307,-1.1171339964512272,0.057816169074688374,0,-1.79404612008925,1.7862665301531848
mask1242,aust1307,-0.6421803702077726,0.042010473996330816,0,-1.07023359589475,1.789841863294205
kemb1249,aust1307,-2.5771865464943944,0.036844370976667096,0,-1.9422715582980001,1.82825049068154
mati1250,aust1307,-2.2697871674360033,0.053449129728878574,0,-1.943381498327625,1.793637519737855
mato1252,aust1307,-0.8930705819130553,0.016087988629094767,0,-0.540709509377,1.824009591048175
mats1244,pano1259,-3.3467147430032735,0.019212044288069798,0,-2.0111349734015,1.934410013817025
matu1261,aust1307,-1.4637104653552837,0.05021352449843149,0,-0.7734331404136,1.8178586237297152
matu1259,atla1278,3.1376149540370597,0.04091724525767335,0,2.5096007614489997,1.8030180139429
maun1240,iwai1246,-0.47623913937862583,0.05051555955544587,0,-0.53244882127225,2.046484772850315
maxa1247,nucl1710,-2.9579062685451625,0.02847019433468549,0,-2.13615134539525,2.0344312422505446
maya1285,misu1242,0.08939325041297405,0.04171689917330919,0,-0.69564967942,1.9472218868160098
maib1239,mayb1237,-1.573453754225044,0.06105900648284617,0,-1.460578558346,2.183446243930585
mayo1264,utoa1244,0.3604416784335305,0.029008907353316682,0,-0.064949769627,1.842006178443845
mayo1261,atla1278,1.446372932339092,0.051622044360533664,0,-0.7372591287615,1.763516845409515
maza1304,afro1255,0.5070159429622052,0.03868776929652703,0,0.6095471558647501,1.8000638967572402
mbaa1245,atla1278,1.4226590641581334,0.04298125044821864,0,-0.6565492265497499,1.740967591289515
mban1263,atla1278,1.1546053823609768,0.03661496313434527,0,-0.6627124738150001,1.75648367112574
mbar1260,afro1255,-0.7651041655326667,0.04437163829273438,0,1.312545762537,1.780533558855765
mbay1241,cent2225,-0.57672595076801,0.040974326062472824,0,0.2740668466025,1.7354758945156399
mboc1235,atla1278,1.0933810481407331,0.028350978968453098,0,2.0477389547215,1.787991942201565
mbol1247,atla1278,1.9374017899363556,0.043980362067763054,0,2.4786913710749996,1.7867995023266752
mbug1242,atla1278,3.4322959125664987,0.03693248476150246,0,2.5150234080025,1.810214438257
mbul1263,aust1307,-0.5096174308824437,0.04128062330665311,0,-0.7996826270140001,1.80547643064468
mbya1239,tupi1275,1.0317907505405517,0.024990912019116105,0,-0.48048860475325,1.906658815531635
meen1242,surm1244,0.7673144651577809,0.04743472055327646,0,0.873059092239475,1.94265181337966
mehe1243,sepi1257,-0.7853968391844188,0.058289739302575826,0,-0.26370711877749997,2.04879536498161
saki1248,tupi1275,0.6185719243888639,0.029630138902149446,0,-0.1513250351025,1.909503173637025
meke1243,aust1307,-0.4123268040313468,0.04351405296780398,0,-0.482419535918,1.79361921184641
melo1242,gong1255,-0.8427306666444042,0.05930154750199858,0,-0.765300132775,1.832757100733835
melp1238,nucl1709,-2.724725561047513,0.07971333193125048,0,-2.001133437990035,1.9959924908325801
mend1266,mand1469,-0.6339061789410745,0.03861278989225307,0,-2.0855854739267503,1.8575126861355051
mere1242,aust1307,-0.7967929512277727,0.02267955869471029,0,-1.35659845251875,1.82150752858086
meru1245,atla1278,2.9109438332873103,0.025682395857983112,0,2.7430984077250002,1.781830226018605
mesc1238,atha1245,-2.48570567424669,0.030411517345004503,0,-1.39936395916475,1.89077932109404
meta1238,atla1278,1.0421407464357264,0.04510858433533293,0,1.271406908,1.83843722085491
mezo1235,otom1299,-0.17625489036646164,0.05870959650614125,0,-1.07247989294875,1.8927745456183351
mezq1235,otom1299,-1.606452232359144,0.017655396367497335,0,-1.6442558488445749,1.96098372638714
mich1245,utoa1244,0.7588509382167213,0.01842888558225898,0,0.09245728602075001,1.8017149726488548
midd1327,aust1307,-1.1763813823215332,0.04530462436987458,0,-1.0225052094254998,1.800518234129445
mids1243,atla1278,1.276294925053295,0.07188512210762375,0,-0.6456241367015,1.73277979670761
miga1249,afro1255,1.9958281242400089,0.045941304443417416,0,1.08147274489812,1.82311937263013
mika1239,musk1252,-0.6082218269210821,0.023168942213054888,0,-0.26565064750325,1.96607480886468
mikm1235,algi1248,1.0466218464839638,0.03380553539486433,0,0.3173630021595,1.8912932429434899
mila1245,sino1245,-3.8996185624960065,0.026607456264796787,0,-3.9957260672999997,1.911873437806185
mina1276,afro1255,0.5475717877845294,0.039761996356916664,0,0.61416958782,1.793031192642445
mina1268,aust1307,-2.487142102574227,0.044203430461119714,0,-2.2474488644685,1.80843517057258
mini1256,huit1251,-1.083026148100319,0.02792999812854725,0,-1.6983456042975,2.0453535257482702
mini1251,aust1307,-1.1407968810125821,0.05285424350341025,0,-1.0034828666975,1.82795037452086
minn1241,sino1245,-4.260712658329115,0.05381402398713964,0,-3.699575802315175,1.920702498634365
miri1266,jarr1235,-0.6074761558602653,0.03315451539015346,0,-1.6612604876797499,2.1161258613578102
misi1243,aust1307,-0.4880600837955274,0.04865723775266183,0,-0.8259903527485,1.789940154974345
misk1235,misu1242,-1.4369194844521505,0.01716752389339616,0,-0.7871496481795,1.98560354158383
mixt1426,otom1299,-2.220280325430596,0.03956841764071272,0,-1.17472695988975,1.94055978689088
miya1266,afro1255,1.154047024825513,0.0534015430846078,0,0.96381984154025,1.8105058856270602
miya1259,japo1237,-3.2647423800892756,0.04282110902383908,0,-2.8688517142129752,2.0801530643173
lush1249,sino1245,-4.178068048012406,0.04547910596236416,0,-3.7649750256649996,1.88176038084524
mlab1235,aust1305,-4.1727829496502675,0.05226176521371122,0,-3.4467958016424998,1.89065956830584
moba1244,atla1278,0.28238007761550077,0.046592777681163905,0,0.31438253350025,1.7732801990740499
moch1257,maya1287,-0.9500697438837984,0.036661100562664924,0,-0.277554045989,1.9210228570541998
moco1246,guai1249,1.0230533355184388,0.028447636353602677,0,-0.20812760529500002,1.992575263049885
mode1248,indo1319,2.601212164254066,0.03774150522307484,0,1.994887257293,1.9759975338388
hebr1245,afro1255,2.179371467439141,0.041682084773489184,0,2.8340013422257497,1.89169706937481
moii1235,west1493,-0.41028433694736943,0.03656026746206861,0,-0.0331078489905,2.09389078886086
moke1242,aust1307,-3.047914884143897,0.03960148110023076,0,-2.0358622658025,1.81600610999972
moki1238,aust1307,-0.24484615729598275,0.040401592797168664,0,-1.18261219123125,1.772594368083465
mokl1243,aust1307,-2.966814881026158,0.04150579068479026,0,-2.028931048755,1.82336095569797
mokp1239,atla1278,1.0221082471006881,0.02531750411425136,0,2.050933976514,1.7984149749887
moks1248,ural1272,-0.23725116169293906,0.038358901140676666,0,-0.25016769936,1.80698099981344
nucl1452,momb1255,-1.3982962594199555,0.06713237422471255,0,-1.3922321682155,2.1415204963794148
fass1245,baib1250,-1.656270659674425,0.04894556280336298,0,-1.441107496976,2.12918480432518
mong1338,atla1278,2.2092454488486495,0.0303223435668957,0,2.631808177651325,1.805654476848195
mono1273,aust1307,-0.37540323998973757,0.050360692625961996,0,-0.91549410454925,1.7915826566246
mono1270,atla1278,1.2523038360333696,0.06312413730666876,0,-0.5867350054225,1.723105935046555
mono1275,utoa1244,-0.01553545857102325,0.031945764010347724,0,-0.7649235469605,1.8225606859938202
mont1268,algi1248,0.9810576573044298,0.033687017759777144,0,0.36657269405000004,1.8865499895024
nucl1458,monu1249,0.21053465536153404,0.03264794729088883,0,-0.2468693712975,2.1148648924663798
mori1269,aust1307,-2.9587892990282727,0.04880226653205589,0,-2.1530048094975003,1.8146457502908349
morm1235,aust1307,-0.2769739179066467,0.04739929648805864,0,-1.53871974671,1.814793995274465
moro1285,heib1242,1.8367307349909965,0.02481097445968052,0,1.404692489745,2.1936243668990203
moro1287,aust1307,-1.9185790832540257,0.05366132450470393,0,-2.1790947156175,1.8281389659118599
mort1237,aust1307,-0.3619035280654328,0.038730799443888714,0,-1.2295360879045,1.77257212909126
mose1249,mose1249,-0.8030433099030043,0.021064360477008718,1,-1.801680565975,2.058024617336335
temb1272,atla1278,1.9067703299531096,0.04041450616249794,0,2.68675760535175,1.80161774686272
motu1246,aust1307,-0.056899516498852054,0.0400867066109956,0,-0.707030160795,1.77845543685596
moun1252,koia1260,0.38840476419489695,0.07535139410859812,0,-0.46647141716560003,1.97129251810344
movi1243,movi1243,-2.222498970417962,0.024290017118032938,1,-1.4324030743575,2.08833919854313
tang1347,aust1307,-1.862501685032025,0.04162958187156135,0,-1.3417934039595,1.8075047441336398
mpad1242,afro1255,1.4500725709381392,0.05192824892412227,0,1.0557386492975,1.7925019434218399
mpii1239,sino1245,-4.753684305857799,0.051843516144476,0,-4.111788355622499,1.900658010762285
mpot1240,atla1278,2.832903724564708,0.04806346080057428,0,2.50952994095775,1.787182890065895
mpur1239,mpur1239,-1.6688102305854695,0.06479916838601502,1,-1.4441942316633,2.13487954471727
mual1241,aust1307,-1.5948651274424066,0.03736957243456361,0,-2.2379219027925004,1.813723451922145
mudu1242,aust1307,-0.8448057058083421,0.03284785625001962,0,-1.36480138355775,1.8334449509797999
mudu1239,drav1251,-2.200533882487786,0.034082007523185506,0,-2.7022503357122503,1.87317376824024
mull1237,nort1547,-0.41750158454951547,0.047177346037293136,0,0.13428716710025002,2.07586486672564
nucl1240,atla1278,-1.375746634068165,0.04350146575286551,0,-0.4279302577385,1.793496193634915
munc1235,sino1245,-4.427755982583649,0.057863899075013464,0,-3.867411571875,1.87634687270574
mund1328,atla1278,-0.8134464042292588,0.05917732539400596,0,2.0739132046410003,1.856171203381115
mund1325,atla1278,0.42201362760394845,0.03192780499654117,0,-0.13896627796575,1.735443155809255
mund1320,aust1305,-1.8016899183804371,0.03597364300867742,0,-3.6849501628225,1.9014511470349151
abar1238,atla1278,-0.8116899833016172,0.05467165579315333,0,2.0589584724755,1.84597548173642
murl1244,surm1244,1.1063317390841703,0.04223484759120709,0,0.942812153355,1.92790430850478
muru1266,pama1250,-0.4913865284577737,0.04173465025459779,0,-1.2581528131930249,1.9457272541774948
musg1254,afro1255,1.0113861334119314,0.03659091256726251,0,1.283279996197675,1.7807290582882
muso1238,aust1307,0.1701482432756834,0.041119431006628224,0,-0.8683429110801,1.792245524882485
muth1236,drav1251,-2.1842578425991808,0.018937710831875745,0,-2.7221963120100003,1.8715612401492
muyu1244,aust1307,-0.4451833204484272,0.022688606226627963,0,-0.8962943255789999,1.789532547822625
mwag1236,afro1255,0.9093146721505996,0.05199804868022058,0,0.6622929436195,1.79623444914311
mwan1250,mand1469,-3.106159863290602,0.03419766597687236,0,-2.0153182618477503,1.87100291745576
mwan1247,atla1278,2.7465499173040397,0.03311094859432395,0,2.8117520842475,1.79475545597599
mwer1248,atla1278,3.0266678637602284,0.03352563566942484,0,2.53296402217825,1.7783881809068651
motl1237,aust1307,-1.5927200957816061,0.04194177154692065,0,-1.0613791722515,1.79135892446461
sout2857,aust1307,-1.7248640898664487,0.0624142977133428,0,-1.23679484147,1.803440846858245
naka1262,aust1307,-0.7367384642106837,0.04386369903947103,0,-1.4034168380125,1.825096431188255
nalc1240,nucl1709,-2.402579409074402,0.056037187778818325,0,-2.00503326224425,1.970486571867145
nali1244,aust1307,-1.4931296429756573,0.04472784635995738,0,-1.319055415411,1.827402310101275
nama1268,aust1307,-0.4798332722869958,0.049972155049011334,0,-1.26059114818225,1.8079667420660899
litz1237,aust1307,-1.7745246664043015,0.04731698814618072,0,-1.3422549666215,1.7972829987009402
nama1264,khoe1240,-0.20096619842953384,0.035741837980141904,0,-0.813877500536675,2.004250623762225
namb1293,more1255,-1.830450655984289,0.07755284792006516,0,-1.935163614548,2.0772802793094
namu1246,sino1245,-3.1646661620913465,0.04266768256739299,0,-4.1207404602775,1.88062761050826
nana1257,tung1282,-0.8111595688334069,0.02584333214876391,0,-1.5849940680975,1.880333688301195
nand1266,nilo1247,1.587822142795653,0.03682791913899865,0,0.7729301293075,1.90222286882378
nang1262,aust1307,-0.661007166282179,0.04735595898103119,0,-1.0179866719647501,1.834581107740425
nara1262,nara1262,1.297610433271514,0.04086634217405238,1,1.405724764705,2.4854881848437653
naro1251,aust1307,-3.0395069631737295,0.044032591271962476,0,-2.13071968851225,1.832114248736255
yong1270,sino1245,-3.1141676589421556,0.04069501506886019,0,-4.121707852670751,1.883475132346105
naru1238,pama1250,-1.081980373577606,0.03926223156118268,0,-1.888769009939,1.9481984535057149
nati1244,aust1307,-1.7263983438959631,0.0426021055162651,0,-1.30979453807665,1.78881772480402
nati1243,atla1278,1.102341272785436,0.05048403652423693,0,0.47704178607750003,1.8030676376883
naue1237,aust1307,-2.1621474235211315,0.05108693319844657,0,-1.6147710641375,1.83576532826794
naur1243,aust1307,-1.7675387116499905,0.03875821693891783,0,-1.3927205128122502,1.814534201695115
nava1243,atha1245,-1.178403765199701,0.022958860256178732,0,-1.3982710668865,1.885307771012295
nawu1242,atla1278,-0.1645441479733144,0.037008640634257794,0,-0.59228005124475,1.843390583751765
naxi1245,sino1245,-4.531742428681797,0.05348492494251583,0,-4.122982424791,1.886229816585135
ncan1245,atla1278,0.9459130364665528,0.03369053878525977,0,1.262564342246,1.849174868858415
ndam1251,afro1255,1.1552526415646749,0.050098362548026354,0,1.063748908975,1.8219967636451502
ndam1239,atla1278,3.1459622082232315,0.04198145408908122,0,2.45470640008875,1.801306844658805
nden1248,atla1278,3.21245456027515,0.04006635185622044,0,2.5080153150742497,1.7974192694085152
ndob1238,atla1278,2.005064105793425,0.0229186334062658,0,2.7323279185725,1.79544067365719
ndog1248,atla1278,-0.016918797380236647,0.055222619716785604,0,-0.6180014388395001,1.7740548288005549
ndom1245,kolo1268,-1.7055712590600227,0.0369878925215573,0,-1.54762840257775,2.1027456022223
ndun1249,atla1278,1.7559108109908697,0.04552768730348181,0,-0.604227132275,1.73230793528452
negi1245,tung1282,-1.065552816414278,0.030811223685892005,0,-1.5124275702525,1.91507241162879
neha1247,aust1307,-0.9142849535367619,0.05536499465773377,0,-1.248009123863,1.8097427242174602
kuma1276,aust1307,-2.3058267856508468,0.03437192026165705,0,-1.552627907517,1.807575479900725
nenn1238,more1255,-0.83771081147615,0.06433800004212196,0,-1.968011556245,2.072603998013885
nend1239,nucl1709,-1.598036557884005,0.02804859370564761,0,-2.4343885954425,2.0093809547619497
neng1238,aust1307,-2.0063539678674154,0.04549715122485658,0,-1.43730405420175,1.8190050098374702
nucl1706,afro1255,1.4487243693797,0.04004340170662587,0,2.9311033015034997,1.878047239167955
nepa1254,indo1319,1.1002812176780612,0.050374142237977794,0,1.6899418836875,1.8385643659584852
nese1235,aust1307,-1.830607900183567,0.042352938334952184,0,-1.31314063052025,1.785174301301955
ling1265,aust1307,-1.741844142653337,0.04002907522127686,0,-1.342686564791,1.79230703411144
nezp1238,saha1239,1.0445844979165373,0.039371206096325086,0,0.402861322358,2.0233282051727297
ngab1239,chib1249,-1.2898509970657734,0.0398253842349461,0,-0.6679532414025,1.829392982591025
ngal1292,gunw1250,-0.6135730718067798,0.06213590147801808,0,-2.0957826633995,2.0271383273743453
ngam1268,cent2225,-0.646500382136648,0.04583338191481337,0,0.25254136007075,1.72011610676636
ngan1291,ural1272,0.10583558597528844,0.032992709724241114,0,-0.31861886640025,1.870810018590605
ngar1235,pama1250,-0.7620334518111186,0.03629154866759143,0,-1.8599844831949999,1.94079934959327
ngar1284,worr1236,0.8735373473839706,0.053440281488077626,0,-0.06857638557699999,2.04618804697604
ngar1283,mirn1241,0.01118785937078935,0.03617437353266295,0,-0.9008478561037501,2.01636579702163
ngas1240,afro1255,0.7469867025889904,0.046604733775092284,0,0.46880455257875,1.80897897831375
ngba1284,atla1278,-0.9073898136600108,0.05383322437144794,0,-0.699107013931525,1.75577885524734
ngba1285,atla1278,1.304841702779675,0.04672484253156733,0,-0.65361834575,1.8295037140879
ngit1239,cent2225,1.2547233037472758,0.05001708901316953,0,0.32149143917525,1.81379025154789
ngom1268,atla1278,2.0138965324826827,0.033751144859505845,0,2.69477520066075,1.80900019659211
nhan1238,pama1250,-1.0198365837313932,0.03461551802175363,0,-1.86147589776766,1.934934264469255
niha1238,niha1238,-1.1019977628965978,0.023639598107700076,1,-2.62495806255,2.3209208238235552
nila1242,atla1278,3.186426859370113,0.05176612257084615,0,2.47831175166825,1.7896223219085101
nucl1633,nimb1257,-1.6827571941261876,0.036279631477074976,0,-1.4787433637225,2.137006604135105
nisg1240,tsim1258,-0.17313791376771753,0.027028606052502843,0,0.17496138010425,2.03861735194655
niua1240,aust1307,-0.7992951041562322,0.038151095879488416,0,-0.9608439032989999,1.768989234933285
niva1238,mata1289,-0.485891207737072,0.01881865548996414,0,-1.72180286300775,2.0614395614945
njan1240,atla1278,0.8229468701545126,0.024143181636445674,0,0.58961425954725,1.869848990470155
noct1238,sino1245,-2.317673928017572,0.04769273191751272,0,-3.3891716642075,1.8635449938773
noku1237,aust1307,-0.824229399940716,0.03002636550137424,0,-1.4031966169875,1.7943425429765
noma1260,atla1278,1.2254185580840224,0.01868569322946107,0,2.3629543568475,1.82048434554556
noon1242,atla1278,1.5594380335455924,0.03645961878330148,0,1.57822002088225,1.85497352355639
noon1243,atla1278,0.9761794834442281,0.04214700361336847,0,1.3448878496365002,1.85787770134052
nopa1235,otom1299,-2.088451460610008,0.02222589932619237,0,-1.28119371163075,1.931433220944335
nort2839,aust1307,-1.7426097456768384,0.041723677436001624,0,-1.5179633225345,1.810320573480825
nort2697,turk1311,-1.9005367006240177,0.05137253616097072,0,-3.1464488254075,1.9628591853237851
darg1241,nakh1245,0.7913785973184259,0.03134776826930883,0,0.7029127345475,1.936569098653155
nort2930,kiwa1251,-0.7360322368586055,0.05334105519757908,0,-1.4500609974525,2.09488015869268
nort2724,sino1245,-4.506163444030751,0.03766156508346369,0,-3.8659026363175,1.933426127433095
nort2972,choc1280,-0.0893850050372268,0.01785442267624484,0,-0.9387940891505,1.90326381229399
nort2702,drav1251,-0.7320376463921869,0.01896833392433765,0,-2.005796084315,1.840559759058225
gumu1244,gumu1250,-0.5402259911154426,0.025601981352156754,0,-1.283054384408,2.127895136363575
nort2938,haid1248,-1.6341796502896644,0.02033359746062196,0,-1.2234890041435,2.09482341202325
sing1264,sino1245,-3.6438688011619433,0.04455471633774758,0,-3.0650905351605,1.882904277244525
nort2877,aust1307,-0.7917679402950977,0.07626257756090817,0,-1.6294332377165,1.791098321415485
nort2684,aust1305,-4.1454916974709395,0.053555834133193175,0,-3.4247396510672496,1.90285412428542
lush1252,sali1255,-0.6299931151716599,0.02766930634662379,0,0.07097288424449999,1.91764570007669
nort2774,atla1278,1.7042893344703867,0.050830766242036717,0,-0.38583934887250004,1.746169283269745
nort2954,utoa1244,0.1526084367915656,0.03123277618321306,0,-0.689387510877,1.817677774378545
nort2957,utoa1244,1.1062786194726697,0.028956007368770794,0,0.0160866014925,1.818208707094155
nort2723,sino1245,-4.612450961830175,0.04265173299192731,0,-4.1161807091575,1.89300528517072
nort2747,hmon1336,-3.7406771268302963,0.020523778783152646,0,-3.6282525746825,2.15945277055222
nort2722,sino1245,-3.0924236082928065,0.05168899175437112,0,-4.114905749265,1.892491742750205
nort2994,aust1307,-3.2454297113662376,0.042671730036165895,0,-2.13238175776375,1.81926814834217
nort2885,aust1307,-1.26859391753942,0.05514203979144152,0,-1.80637639776125,1.7813849283037748
nort2959,utoa1244,0.03151957384650035,0.03078521670864252,0,-0.48488335200050003,1.817340814524565
tosk1239,indo1319,2.5977908398547243,0.030671474239603532,0,2.070608596915,1.96436895580641
nort2732,sino1245,-3.2155565376442645,0.0449548421419837,0,-3.919541608055,1.90042315947853
nort2690,turk1311,-2.369289508689506,0.03861186643099877,0,-3.1136535030775,1.9850972564930598
yoku1256,yoku1255,-0.7413626536920415,0.01967587947326909,0,0.4701942196455,2.07410676287864
nort2745,yuka1259,-0.7967322090497475,0.022777906464314237,0,-1.2570308622675,2.295107550979425
nort3047,afro1255,-1.2217897188390152,0.043879273980277536,0,0.976544414357,1.8094953024172948
nort2980,quec1387,-1.7012682327334552,0.019263849167567324,0,-1.8896238158825,1.914295108826765
nort3139,afro1255,2.103608343575363,0.049049608858927646,0,2.97540916612525,1.859609831724905
nort2845,aust1307,-1.7856572498141692,0.006724225123753349,0,-1.23899802662225,1.768976618816005
nort2671,ural1272,0.5858904953234008,0.04669576981537079,0,-0.08954293646725,1.75089853005928
nort2942,atha1245,-1.8763556440367781,0.02722759368908061,0,-1.25173729492225,1.88743923990991
nort2847,aust1307,-1.2842564777365748,0.04683607283997309,0,-0.7622214931325,1.806572437396125
nort2699,drav1251,-0.857191771564077,0.02760887559577329,0,-2.05352119361925,1.87287974554745
nort2961,algi1248,0.24050760199802335,0.035360811096085604,0,-0.035538236263749995,1.86101604000546
nort2775,atla1278,-1.4545003177042355,0.04974763140454498,0,-0.600558873083325,1.827312857938065
yaki1237,saha1239,-0.33748300046077917,0.024698064296701783,0,0.5109128977442501,2.02950185570131
nots1237,aust1307,-1.4822836516670783,0.0349059692533917,0,-1.3748065085595,1.804107009947765
nsen1242,atla1278,2.505191420789486,0.030848855763125804,0,2.30623652910875,1.78100402371605
nukn1238,nucl1709,-1.8799500190476106,0.09260768168769279,0,-1.32531583343,1.9452363248372402
nuku1260,aust1307,-1.0805226331103122,0.04449136589134761,0,-0.965856576338275,1.77769161455414
nung1282,sino1245,-2.8653234630075883,0.05776958428658254,0,-3.903123640425,1.9001505233611349
nupe1254,atla1278,0.3246962362247484,0.06102857765501761,0,0.12774158868,1.83546421465743
nusu1239,sino1245,-2.937236094952209,0.04918603954096168,0,-4.1201673382549995,1.9048179827299498
nyah1249,aust1305,-4.186078182078866,0.03964402394192599,0,-3.4825585914275,1.914003143939125
nyah1250,aust1305,-4.126210772820536,0.04448998713924502,0,-3.3887461181700003,1.899849442503945
nyak1260,atla1278,0.749767721842802,0.02892803679796235,0,2.16345587381725,1.7884827759277
nyal1250,atla1278,1.96571629114122,0.02929477504948469,0,2.2946843416975,1.8265792813997601
nyam1285,afro1255,0.7081720009540562,0.05411750250207582,0,0.29539925065024997,1.82012444827648
nyan1307,atla1278,2.491054512949979,0.038914166446026126,0,2.7769828384975,1.7947647858092202
nyat1246,atla1278,3.20018763434181,0.05144971024392412,0,2.4708376734275,1.788585695076025
nyis1236,sino1245,-3.8089999745731715,0.07864823066348041,0,-4.0099664685525,1.911436758865365
nyor1246,atla1278,2.367081690532755,0.030929412060880346,0,2.76410906762,1.800903556682195
nzad1234,atla1278,2.264922907705876,0.035941094957146216,0,2.503744988541,1.80290180751836
nzak1246,atla1278,0.4362047458082394,0.038407099874621146,0,-0.10512581217691999,1.754943462628775
nzak1247,atla1278,1.563603103307695,0.034443449569501024,0,-0.35121151396350003,1.72109635513895
obok1239,lake1255,-1.545263949813882,0.06457190439549991,0,-1.4948209164155002,2.106681285828635
occi1239,indo1319,2.3610291678461865,0.0395627425219867,0,2.6892048388000003,1.856956492111805
ocot1244,otom1299,-0.4710804402437533,0.02939261595171641,0,-0.93354932887875,1.904494390462765
oriy1255,indo1319,1.1605157303712068,0.046442288441972436,0,1.47442547676775,1.8168696523528398
ofay1240,nucl1710,-0.982624461424642,0.01786286719935382,0,-2.260308131048,2.026686172829065
kalm1243,mong1349,-0.558400429955092,0.014379097909116812,0,-2.2003535216685,1.936294133945605
okin1246,japo1237,-3.197838518522716,0.037733917698040624,0,-2.8817126544067504,2.07567719136914
oksa1245,nucl1709,-2.5147832621405115,0.055828780500897214,0,-2.0654917360625,1.98750759564258
okuu1243,atla1278,1.100367063340521,0.039145626118232725,0,1.482086977025,1.846141090584905
oloo1241,nucl1708,1.4744242151424722,0.07333252669300885,0,0.854399877133,2.036925021194265
olut1240,mixe1284,-0.457348892665972,0.02682789492017281,0,-0.922244259962,1.942019562490385
omah1247,siou1252,-2.0644961058763744,0.04625347259944848,0,-0.8750563956745,1.97464968929696
omie1241,koia1260,0.7183177268891685,0.06035770173112917,0,-0.05895187939525,1.999386096066615
bira1253,bira1253,-0.39411148805282725,0.04914896561279344,1,-1.08453025536175,2.309282424453335
onon1246,iroq1247,-0.7310069920016329,0.022051373414261336,0,-1.3902898597705,1.985148414861065
orma1241,afro1255,3.1659245110683507,0.054930173009939826,0,1.6975262342938748,1.776119498736635
oroc1248,tung1282,-2.4151500160014914,0.03187778299691621,0,-1.5040981665328,1.891903499859935
oroh1237,aust1307,-2.019181660441737,0.045853304082663394,0,-1.6099455065375001,1.811133595086385
orok1265,tung1282,-2.2527533334424286,0.021785411775748074,0,-1.58150650231,1.8914122431458549
orok1269,nucl1709,-0.8727324415232777,0.056968383330203626,0,-1.4890966910025,1.92645181498323
orok1266,atla1278,0.9617980585447929,0.0266008383271651,0,2.0478724941397504,1.7929891456591749
orok1267,nucl1580,-1.598792090217719,0.073274605848648,0,-1.6056983437525,2.09349504577438
orow1242,aust1307,-1.2851637274560477,0.05330811963941673,0,-1.5673886337675,1.814955097971755
otor1240,heib1242,1.8151118204430423,0.03680584884517925,0,1.355745553302,2.205640609899215
otta1242,algi1248,0.6994963122594208,0.023461195998763902,0,0.19473874732097501,1.85335656154394
owaa1237,aust1307,-2.00799201345169,0.04470121149711613,0,-1.61303621810025,1.81244352168585
paaa1242,afro1255,1.1587097024340285,0.04596522312969779,0,0.9600311396804999,1.82137309143334
paas1238,atla1278,-1.2777993687697449,0.03792165742803752,0,0.4284942830120525,1.78980087742791
paco1243,aust1305,-4.195624073938166,0.050291087972114526,0,-3.43028190138025,1.902671732908685
pagi1243,atla1278,1.7733739025301256,0.02876936302301451,0,2.18993110484,1.816784617098725
pagu1249,nort2923,-1.5739000849415061,0.04712385628076701,0,-1.0555809378075,2.0029048482820953
pahn1237,hmon1336,-3.8228262813325538,0.025957125282183535,0,-3.6274988867199998,2.1740486471831053
pait1244,sino1245,-2.670167538788445,0.0436309932718536,0,-3.88642085836,1.8709823662062202
pala1344,aust1307,-1.099354000067999,0.057616550563877024,0,-1.84581012928175,1.8405676967274949
balu1257,aust1307,-1.64064101021678,0.03553961000723221,0,-1.5521494192905,1.810947374043185
pamb1243,atla1278,-0.7171810495183262,0.03437694284794956,0,-0.5423688217607501,1.738464429759415
pamo1252,aust1307,-2.9156421294180372,0.05005726633911982,0,-2.1403539429225,1.832046930385135
pamp1243,aust1307,-0.8330554002661767,0.06420387766850831,0,-1.79682500581275,1.80643909622255
pana1307,nucl1710,-1.450215198496532,0.026051710764337346,0,-2.293882354008,1.99603286282863
enap1235,cari1283,-0.5216919605460253,0.02236325414676339,0,-1.45926591622125,1.890213307984155
pang1290,aust1307,-0.9303395125125411,0.04995420020500615,0,-1.8302086420450001,1.798848130044455
pang1287,atla1278,2.836539363805998,0.03917878813119312,0,2.78991971772,1.78959125241603
pano1254,pano1259,-1.6500747970612462,0.0358728899891054,0,-2.1436905786625,1.8794713906230451
papa1265,aust1307,-0.4511372476378698,0.04899523358616805,0,-1.2578640057419999,1.795788265697165
para1302,sino1245,-2.462509976110694,0.05278190846790943,0,-4.0573650712500005,1.883309758273285
pare1272,araw1281,-0.18712661640668085,0.04148632686935153,0,-1.24201710687475,1.94038892534799
pate1247,aust1307,-1.0985861553370309,0.04143937492520636,0,-1.1505840505545,1.81021053279274
patp1243,aust1307,-1.3244401305396745,0.050864763528120194,0,-1.0771383838675002,1.8242805168327
patt1248,sino1245,-1.9401696257910688,0.04520969057724574,0,-3.649511886465,1.850599998645325
paul1238,aust1307,-0.05850398421403375,0.041885897166624095,0,-1.0891480481496,1.8217515343921051
pawa1255,pawa1255,-1.6589256066502185,0.06252933412409512,1,-1.2051707943275,2.151722980621945
pech1241,chib1249,-1.0982851793733674,0.027606941484352887,0,-0.78451539389,1.9205734178775051
peer1241,atla1278,0.638670272940628,0.042500701886396076,0,-0.28981537899834997,1.75770081391134
pela1242,sino1245,-3.074936884489306,0.05260937786574574,0,-4.131958628965,1.8906958141758299
pemo1248,cari1283,-0.26971030041486865,0.021313789630684674,0,-1.3369569373974999,1.8962017404749698
pend1242,aust1307,-3.143293674228773,0.05647482865411548,0,-2.1755739163825,1.83814046337345
peng1244,drav1251,-1.220438456998787,0.019005421341941654,0,-2.45515562517375,1.846248499817985
peri1253,mong1349,-1.6317742555578871,0.016039299494089023,0,-2.2122019210725004,1.943342711957095
phon1246,aust1305,-4.223508221210844,0.0416347762892038,0,-3.440664091155,1.901537031101485
pila1245,guai1249,1.0288813780884953,0.027174654395299373,0,-0.21153997540000002,2.002501042581665
pima1248,utoa1244,-1.3045215293539196,0.043756280009313,0,-0.357090865731,1.817528689139675
pina1252,piaw1238,-2.0062805194851014,0.049924256085320945,0,-1.32317804740275,2.1405324253651097
ping1243,aust1307,-0.4823138338999312,0.03723089042911263,0,-1.353801044057,1.7767220344268302
pint1250,pama1250,-2.183910997723729,0.04178988893762151,0,-1.713661361362,1.9449266752823
pipi1250,utoa1244,0.677309382494723,0.033696564595401435,0,-0.0105577182425,1.8106806433477352
pite1240,ural1272,-0.8399653434128674,0.030959003140614443,0,-0.0776049635748,1.749969891781005
plai1258,algi1248,0.9674954851805463,0.03235670999665313,0,0.42839232868625,1.877031290121475
pnar1238,aust1305,-1.8357620490914583,0.039701394438320305,0,-3.25336982142995,1.882750914770585
pohn1238,aust1307,-1.4268522861854027,0.040325788091467446,0,-1.344988187148,1.773731405009445
poko1263,nilo1247,1.3864704428768082,0.04047699733882091,0,0.7529957886082975,1.916237464932935
poli1260,indo1319,2.7388981949681934,0.04893528670131943,0,2.6193895416175,1.8865418283262452
popt1235,maya1287,-0.8830731698399111,0.05160647847481718,0,-0.319480531122,1.9262990235189101
port1285,aust1307,-1.5708999488221793,0.04746028721964893,0,-0.8515857170635,1.7955282945747149
port1283,indo1319,1.6804390850942308,0.02410512845620375,0,2.6995256260965,1.858121932858465
phai1238,aust1305,-4.169369949633972,0.03494927582787268,0,-3.4408177606525,1.904976035210895
puka1242,aust1307,-1.42870041818091,0.037967402406119254,0,-1.0424924888495,1.772459912188515
pula1263,atla1278,1.5207914470318058,0.027743442710247725,0,1.6598717932790001,1.839066756206925
pula1262,atla1278,1.670502735096579,0.025508283115450076,0,1.6607482059374998,1.837074379130395
pulu1242,aust1307,-1.0925758363636007,0.0392158751646952,0,-1.1469860727249999,1.771236235888235
puma1239,sino1245,-3.7764225535722407,0.054445430144605185,0,-3.55794472092,1.85643881488729
pume1238,pume1238,-2.2279523069515434,0.030701012436679952,1,-1.4332987344925,2.097178545845685
pure1242,tara1323,0.8474375983207502,0.024734118125169662,0,-0.02624968684725,2.06783604893321
puri1258,sino1245,-1.9061320684832443,0.046668912572863944,0,-3.4910307910425002,1.8230291473397
qanj1241,maya1287,-0.8248749997866792,0.05206405559015655,0,-0.320082807935,1.9212188620997201
qawa1238,kawe1237,-2.408343977398369,0.029855206677329882,0,-1.5081473973615,2.114543272026745
quer1236,otom1299,-1.6648894444499973,0.02496070908848145,0,-1.6449706897025,1.959346781800655
quio1240,otom1299,-1.9827651603576222,0.038203865613858724,0,-1.5711510123524999,1.981579274057395
rabh1238,sino1245,-2.3699174361730373,0.05355093564619958,0,-3.48280603956,1.8740225351720352
rade1240,aust1307,-3.1985616079823522,0.04574118228640309,0,-2.132679434785,1.807412303169635
raji1240,sino1245,-2.3474118998749818,0.06602160436663593,0,-3.91784395067,1.89416296589345
rama1270,chib1249,-0.835876361899887,0.028070313629563345,0,-0.550574481299775,1.84866233871928
rata1244,aust1307,-2.302853082527472,0.03550146981481147,0,-1.93957360727,1.82742305835267
raut1239,sino1245,-2.352991025035519,0.06818994135889905,0,-3.9063921147175,1.9002710396990499
reja1241,aust1307,-3.0355350439975153,0.04927704832293836,0,-2.139742993735,1.8351838330760302
remb1250,aust1307,-2.952850398123077,0.04746793327645907,0,-1.62876343581675,1.8365226514638748
rend1243,afro1255,2.554411470364964,0.04372257983653209,0,1.67445728744,1.7757879864922699
reng1252,aust1305,-4.1194386035321315,0.04729900151087781,0,-3.4838048285600003,1.90963717897165
rere1240,aust1307,-1.7092595049144097,0.05208604794765864,0,-1.03613421805625,1.80074826789222
reye1240,pano1259,-2.5365458709769717,0.04335910523444427,0,-1.81001659717675,1.92129109427119
rian1263,kolo1268,-1.7548502613235057,0.05115322355308539,0,-1.5876295267099998,2.0966669983828448
beka1241,aust1307,-2.2855326488870977,0.030134855764298814,0,-1.63891345833125,1.8114086509826
roma1326,indo1319,2.5254345825498428,0.04140629073332035,0,2.68818155043175,1.86235733439047
romb1245,aust1307,-2.1630719028088476,0.0645349720235809,0,-1.7893186877137501,1.7832409384387549
ronn1241,afro1255,0.882083395411641,0.046023585373183074,0,0.8302785264777499,1.81394959557637
rong1266,sino1245,-2.570049880067475,0.03811005471956582,0,-4.0659525710125,1.890659007688785
rong1264,sino1245,-2.2468962828956935,0.05267627012132489,0,-3.6613433497775,1.841294608350275
roto1249,nort2933,0.9939161675319116,0.0577399795982377,0,-0.4058574811225,2.1185698791305247
rotu1241,aust1307,-0.583202791117837,0.037848831348916485,0,-0.9745049231945,1.7950529254258352
rovi1238,aust1307,-0.2606157639878217,0.018766387297259244,0,-0.54500256733225,1.8091047562690799
ruch1235,aust1305,-3.997909262998701,0.04763398726133841,0,-3.3119435692724997,1.8878038411834601
ruka1240,aust1307,-1.1915234646787352,0.0349315202111291,0,-1.257998651938975,1.8958272292984701
ruma1248,aust1305,-3.802837807501799,0.04046055609083506,0,-3.3002814905799998,1.8864210893956899
rung1258,maba1274,0.047524462457323696,0.021152279526161923,0,-0.13511105025825,2.060296921208655
rung1259,aust1307,-3.0451495844706287,0.05152901796352719,0,-2.2013145612024996,1.836213839567655
russ1264,mong1349,-0.66956693560414,0.019713697509758855,0,-2.10479426542,1.9307530639345298
russ1263,indo1319,2.011691287031129,0.039495119406510924,0,2.6175847248295003,1.875722450866175
rutu1240,nakh1245,0.5934125942370672,0.04138355376342118,0,0.32007149213999997,1.93151344034093
saaa1241,aust1307,-0.6915004549242536,0.03960822779919881,0,-1.57578795411525,1.79780922895363
saaa1240,aust1307,-2.017333028320785,0.040695912901563415,0,-1.5983330214997502,1.8074466343295899
saar1237,aust1307,-2.4644822327532907,0.04506636178642774,0,-1.80176868136195,1.9103665379002202
saba1267,aust1307,-3.112339394674642,0.04733158459567509,0,-2.17954830798625,1.834768546769135
saba1268,namb1299,-2.5763232135610536,0.023642450676454048,0,-1.78759198947325,2.0700491502805702
saga1262,atla1278,3.3146028383243333,0.03441053214621426,0,2.7380166687200003,1.7962314971214601
sais1237,aust1307,-1.5700005119374163,0.045033736747681984,0,-1.9840517519974998,1.919639841986395
yaku1245,turk1311,-2.5471452385744366,0.04936292594346119,0,-3.1106505646425,1.9751901616760401
saki1247,aust1307,-2.566174000559802,0.037146507534748546,0,-1.9623172425972,1.89917168241954
tsis1238,atla1278,0.6018248804907228,0.03653630755167076,0,0.7105402479525,1.8266886990315951
samb1311,atla1278,-1.3443300897063288,0.03381797012487589,0,0.7376258090944,1.8634008337877201
samb1305,atla1278,-1.4596341526783103,0.035601967095059917,0,-0.42632419177625,1.775833900829605
samo1305,aust1307,-0.549054966379783,0.03941605073925155,0,-0.874842422054825,1.762003002258085
sana1295,afro1255,1.3902443308953643,0.04650637916447413,0,2.9538437754167504,1.8659096961004051
sanb1241,otom1299,-2.1607462931743306,0.03777594304289349,0,-1.236373017132,1.9204493288175
sanb1242,chib1249,0.4343103050426843,0.025072230628649807,0,-0.580014995155,1.821328823317635
sand1278,huav1256,-1.8296803186480914,0.02625853364231401,0,-1.0608152390824999,2.075296101564125
sang1331,atla1278,2.3689016672625005,0.026461899719490187,0,2.48011179034,1.8225734944607699
sang1330,atla1278,2.9028499402649057,0.025861930271383466,0,2.79522817167225,1.7921807860815449
sani1269,sino1245,-4.97451497166295,0.07093764718038863,0,-4.110940050757501,1.893247553749545
sanm1301,otom1299,-1.4618008967584868,0.04307701259368817,0,-0.912888753611,1.919299830809095
sanm1295,otom1299,-1.7305681212868278,0.05585105585009556,0,-0.81282550417575,1.91298154766431
sant1451,otom1299,-2.2431817785712322,0.04015597210807137,0,-1.08853163079,1.9039629630979
sant1436,otom1299,-1.8349312132479705,0.03695920218001917,0,-0.9431534732614999,1.9187647546804851
sapo1253,aust1307,-0.5338707319180658,0.04226282006590264,0,-1.1059028687275,1.8124196864791449
sapu1248,aust1305,-4.18286631286718,0.04967284234698652,0,-3.480278653165,1.915595385879115
sara1321,cent2225,-1.5158819107112849,0.04304127508879034,0,0.40046068217725,1.7265584397011549
sara1327,aust1307,-2.2555206478129075,0.055348753268557586,0,-1.9253087737325,1.7821337709477
sars1236,atha1245,-0.6605336446063106,0.046475109691732644,0,-1.2904253428882502,1.88871690276129
sasa1249,aust1307,-2.8866181933765884,0.05695897899924126,0,-2.13430907079,1.82611455905504
sata1237,aust1307,-1.4276961944659694,0.055983245670705,0,-1.2030230136375,1.7764749897299
saur1249,drav1251,-1.0160601356150996,0.0218893099663518,0,-1.85155939605975,1.890311028761625
savo1255,savo1255,-1.0277943226517345,0.01852271080336605,1,-1.63670636135625,2.1540247219923
saya1246,afro1255,-0.9635419694432299,0.05483104115098795,0,1.04856696302275,1.8044985190380851
seda1262,aust1305,-4.122675507389783,0.04870806298023757,0,-3.4812074921525,1.91362658686943
seim1238,aust1307,-1.6657677554459076,0.04583063496465418,0,-1.4827803358365,1.82812995135527
seke1241,aust1307,-0.6978132096839692,0.04539870574654809,0,-1.572148629647,1.79707391218333
sekp1241,atla1278,-0.4601737362776734,0.03871614608269812,0,-0.6521783312989999,1.84097111110548
sela1259,aust1307,0.20981900561409905,0.045095516102943024,0,-1.1352893310427499,1.8289101206803
sela1260,aust1307,-2.0235708671857235,0.04684236387331064,0,-2.0503635235245,1.834075945138065
sele1249,atla1278,-0.46202300604815083,0.032198772890313185,0,-0.6494761541375,1.840196476790085
selk1253,ural1272,-0.5360351968119621,0.04129732616299254,0,-0.5440856342095,1.8807826876038551
sema1266,aust1305,-3.4276454480006753,0.05420596650052006,0,-3.1916078630399998,1.8801868672646251
sema1265,aust1305,-3.4658440102261974,0.05279590138757801,0,-3.2699318494725,1.892749454710295
seme1247,aust1305,-3.459294158619133,0.050284489209587925,0,-3.27058567849,1.89780127336423
sene1264,iroq1247,-2.1554465763467814,0.029323696584766575,0,-1.32339737686,1.9815306548813352
nucl1632,sent1261,-1.7146528127010376,0.04071633505670279,0,-1.2444197188723751,2.11560165364611
sout1528,indo1319,2.514381869018422,0.04585537846010423,0,2.6208237530750003,1.8814626057943151
seri1257,seri1257,-0.6546172977276927,0.021208536144745056,1,-1.29630163398525,2.037322704841875
seve1240,algi1248,0.7414462254895269,0.02588331039506142,0,0.18848446909900002,1.8706383751656799
sgaw1245,sino1245,-3.2236535234121773,0.05535079353176149,0,-3.9480042008425,1.88109408882621
shab1252,shab1252,0.7830369558571447,0.04508113350649342,1,1.3951680913985,2.388810094595965
sham1280,atla1278,3.352311271988338,0.031615104340351814,0,2.795201146433625,1.78717802039077
shan1283,pano1259,-1.7807879782373952,0.04874999480999745,0,-2.1759277861074997,1.875487122925875
shaw1249,algi1248,0.903359801995413,0.02807606691507072,0,0.23290343407215,1.875006441474125
shee1238,hmon1336,-3.341378154877327,0.020479201068924716,0,-3.6145031653724997,2.16600425904873
shek1245,dizo1235,0.7683942815684998,0.04566029496769386,0,1.3478473596685001,2.23377040572891
sher1257,sino1245,-2.426749998530136,0.04323887605998658,0,-3.8464994526275,1.89494806848125
biao1253,taik1256,-3.409469083031263,0.021543544523231546,0,-3.51379604046,2.13283736954014
shil1265,nilo1247,0.6579886736498223,0.0664863191709531,0,-0.10748112923122499,1.8313662302215552
ship1254,pano1259,-1.9152865064243372,0.030991569381442617,0,-2.11719142158425,1.87668345521007
shix1238,sino1245,-3.060736200570366,0.0479103973136198,0,-4.123864397375,1.8811149267700702
shol1240,drav1251,-2.1352428991417343,0.018795760788306942,0,-2.680020900495,1.872355306223065
shon1251,atla1278,2.4337577673348223,0.03460085432259916,0,2.4524085104125,1.793930500371865
shor1247,turk1311,-2.4232925147362856,0.04592810997549865,0,-3.1504292102300004,1.969467963081385
shos1248,utoa1244,0.2483583352314948,0.020733049381186034,0,-0.6395106100607499,1.848162729166405
shua1257,jiva1245,-3.2855449589182406,0.027046938927087923,0,-2.024280788602,2.00651334418283
shwe1236,aust1305,-3.855205443758696,0.05469652111527666,0,-3.306843807255,1.884887679283695
siam1242,siam1242,-2.325228460604918,0.034502417741688794,1,-1.0650159339525,2.2639928208956848
sich1238,sino1245,-4.7576922278016305,0.05622300826947872,0,-4.10977776635,1.889734802579755
sici1248,indo1319,2.427566826861731,0.049182527362052,0,2.678183324195,1.8615380013826601
sici1249,atla1278,0.9380752581770818,0.0350675792186596,0,-0.464068975384,1.782170514213575
sida1246,afro1255,1.0224228299665996,0.05559543403826366,0,1.1518707157153498,1.76875323792406
siee1239,aust1307,-0.42047362531712484,0.02757738159038501,0,-1.248306428151575,1.80184766899102
sier1250,otom1299,-2.0323742993627496,0.04048727442020353,0,-1.2114481739574998,1.92259362293514
sier1248,utoa1244,0.8036912061832391,0.02813472535647394,0,0.013376243247,1.8055469893013898
sika1261,aust1307,-1.981946631089887,0.03892814830855552,0,-1.18460822136825,1.760893173160975
siks1238,algi1248,0.5424527110139334,0.02729599154228827,0,-0.005977566975,1.8646030453534048
siku1242,aust1307,-1.634746409129423,0.036334856952625394,0,-2.0850934376545,1.832765433043775
sina1266,aust1307,0.2116030600225601,0.04329016090461854,0,-0.42598368465325,1.794984342071025
sini1242,mand1469,-1.3076685721093646,0.03775240339166259,0,-2.160653104459975,1.887425523240215
sioo1240,aust1307,-0.8638225976581643,0.04235389788753008,0,-0.964499806728,1.8035965647387449
siri1274,tuca1253,0.9225863822991993,0.016201546894204295,0,-0.007529397815,1.9511944725067352
siri1273,tupi1275,-1.320003259514711,0.03469644292875209,0,-0.6576902317425,1.91636026704152
sile1255,nucl1709,-2.5779244839863904,0.08570514361700683,0,-2.429617241262,2.01333480142282
situ1238,sino1245,-3.09747815170639,0.04629495511501173,0,-4.09964891945,1.90884860384504
siwi1239,afro1255,2.6484326340924116,0.04616462381630978,0,1.19664530133975,1.882449606961175
siwu1238,atla1278,-0.3008146992083416,0.060875182785957355,0,-0.64344231694,1.8419016252034899
skol1241,ural1272,0.23308463365777532,0.03847404466933983,0,-0.2112080857745,1.7686702203475648
slov1268,indo1319,2.5363404571389965,0.042473967815057606,0,2.61878250861295,1.885505496151115
sooo1254,aust1305,-4.252473284839125,0.0657035827294275,0,-3.4440618690224998,1.890903488669285
sobe1238,aust1307,-0.21321442483276715,0.01940505849163832,0,-0.7136136434335001,1.815012135459615
soch1239,otom1299,-1.9373763374090556,0.03616759062158733,0,-1.5711230458137502,1.9586849724904152
soga1242,atla1278,2.885467969333825,0.05434684046115444,0,2.764026130035,1.787623500173925
soli1239,atla1278,2.4021855888252395,0.04151572697551812,0,2.5137684306075,1.776091596065525
soma1255,afro1255,1.9774342845807382,0.04714395399367702,0,1.6748683503855,1.773911220029805
soni1259,mand1469,-0.6943226006489025,0.03620788294187979,0,-2.1585343414655,1.891052857276295
sons1242,aust1307,-1.9902481321568448,0.03295529367019412,0,-1.2268895631749999,1.767000532441885
sora1254,aust1305,-1.863463439504419,0.05565012681333554,0,-3.668541859025,1.9069807441345699
mani1235,east1459,-1.5797214650227343,0.044034857734894496,0,-1.3909400934999998,2.12200498561524
koon1244,atla1278,2.108037078995248,0.03252025479060569,0,2.4182398681425,1.804853722128605
sout2859,aust1307,-1.7296423277321016,0.03180040694334432,0,-1.5201939989785,1.8054888229871402
juho1239,kxaa1236,0.7198010349963259,0.029672662927567664,0,-0.1194623950915,2.06764052472447
sout2976,utoa1244,-1.380348489158323,0.025155049194349202,0,-0.452468823775,1.818990261707695
sout2856,aust1307,-0.6205413997880285,0.041571346209381375,0,-1.526827730872,1.800126947749215
sout2954,japo1237,-3.1739750368112567,0.035723488973625726,0,-2.8892727747125,2.066625346859345
sout2996,ayma1253,0.0942652679953103,0.018894580734039986,0,-0.9759734408435,1.972325418196025
sout2730,sino1245,-4.728141791631494,0.06741611693148139,0,-3.8715639003074998,1.9227852135698251
raro1241,aust1307,-1.496824030015599,0.03879214859518992,0,-1.2372114375024998,1.76107233671817
sout2826,krua1234,0.420685746702265,0.037185693886844416,0,0.025202874732325,1.84863776220539
sout3236,gumu1250,-0.6105044874279066,0.026941450393899277,0,-1.2866246092010751,2.1309324237538503
sout2956,haid1248,-1.673705676701173,0.01944945780452491,0,-1.222806134231,2.0910293258019053
kach1280,sino1245,-4.369807893033721,0.0409925006476572,0,-3.125529730275,1.8733080036336651
sout2994,namb1299,-0.7224439071538189,0.009249139183127688,0,-1.87007202727625,2.0537024994529203
sout2649,indo1319,1.602606145124787,0.04297235005037277,0,1.5061929370507,1.8919614374961249
sout2729,sino1245,-4.5869539490263636,0.038134770408879845,0,-4.11915343055,1.89135622386631
sout2728,sino1245,-3.133281693571952,0.04049451319545612,0,-4.1132223691375,1.88856083346183
sout2918,aust1307,-2.9284872748952395,0.04854824367846203,0,-2.1160237665985,1.83422976217207
sout2985,miwo1274,-1.100127573704456,0.017738586613026217,0,-1.48402802232475,2.070389534859105
sout2807,atla1278,1.783631235393199,0.04307109422537401,0,2.32076660221175,1.740690276409525
khan1277,sino1245,-2.491588824679299,0.04259464380788477,0,-4.056660960346,1.883928548385665
sout2797,atla1278,1.03693265058939,0.0479977074695733,0,0.46641241492275,1.8361596263768951
sout2679,ural1272,1.2277065741244484,0.042847107255669814,0,0.29192109965675,1.79904725045849
sout2782,atla1278,-1.6568883095849132,0.06604090528961438,0,-0.25610419983849997,1.86367265936964
sout2895,aust1307,0.0041269333112273505,0.02399686291188964,0,-1.1510536501700002,1.81407296458886
sout2674,ural1272,-1.0774916940953658,0.05016432680176082,0,-0.15889915393874998,1.7617995763929
sout2959,atha1245,-1.7424570405462738,0.03505693532954135,0,-1.2548541217423002,1.892659440904965
para1301,aust1305,-4.005744831550901,0.04160849408833149,0,-3.3106580221225,1.882479046511085
sout3261,nakh1245,0.6810266998673853,0.034232831121744065,0,0.72308795591875,1.94235687743193
sout2869,aust1307,-1.4386193527294597,0.041530258091337514,0,-0.98916981808075,1.80019763609642
stan1318,afro1255,1.9705582290971517,0.030910793971087685,0,2.961495149949,1.8604900803274602
indo1316,aust1307,-2.183750107074895,0.05272713890187104,0,-2.25980606245,1.813408029461585
stan1306,aust1307,-2.676388588473529,0.06496108588644695,0,-2.25534246215,1.810302113554075
horp1239,sino1245,-4.547000389593018,0.04095641806182472,0,-4.1026744087455,1.90122670320521
suba1238,atla1278,3.0835939967164734,0.02946786637185874,0,2.73850240482,1.79445175756746
sude1239,aust1307,-0.4430824542881161,0.040668726315125095,0,-0.470609449957725,1.81327136725556
suku1259,atla1278,0.09044758288898695,0.02674929013823352,0,2.17075455186,1.7885021625199249
suku1261,atla1278,3.074211487381549,0.041031001500306453,0,2.73554600616,1.7948800562241698
sumi1235,sino1245,-3.9399695113517232,0.05003985654164556,0,-4.0479484981025,1.87475169101609
sund1252,aust1307,-1.7907034744066048,0.05335356330359898,0,-1.6526144181605,1.8277838734676148
mari1426,aust1307,-1.7422192044578484,0.04437244052150087,0,-1.31494144388525,1.79987194819121
sunw1242,sino1245,-2.413222061281216,0.05872677670977853,0,-3.5979327142207502,1.8432639172530152
supy1237,atla1278,0.984528263964801,0.03514453795889639,0,-0.4056039544565,1.787485503928055
surg1248,ural1272,-0.7027613307576424,0.038866236940017,0,-0.7754596889400001,1.8629311105283
surs1246,aust1307,-1.2386576322921872,0.011595021171865694,0,-1.162175959042,1.81781118971
swah1253,atla1278,3.187666713142721,0.023013231273072168,0,2.8151381329925,1.783151609690405
swed1254,indo1319,2.9682058861584464,0.04819813120573846,0,2.590546840139,1.87784057137133
taba1263,nort2923,-1.7622719828408937,0.04819377638351933,0,-1.37887350130325,2.00002197542881
tabo1241,tabo1241,-0.3102592041809338,0.04819166823557364,1,0.072072524838,2.1049832806962447
tafi1243,atla1278,-0.37162006629099587,0.04823252520673782,0,-0.64176050367325,1.8559642853074751
taga1272,aust1307,-2.331761903110969,0.057091795831562424,0,-1.93277487557125,1.7900417603606549
taga1273,aust1307,-3.1456906612868325,0.04336472497329212,0,-2.15837110660135,1.83487359005987
tagi1241,sino1245,-3.7641678908385234,0.07633622900890795,0,-4.01450507716425,1.911514944167755
tago1246,rash1249,1.6958701918450427,0.027663934618102373,0,1.2429629046625,2.2366114639233903
tagw1240,atla1278,0.9815455879358264,0.05605401921698522,0,-0.339454518832575,1.780039769947955
taha1241,afro1255,1.6108362427483294,0.021452727326416853,0,1.32062215641525,1.860106572298055
tahi1242,aust1307,-0.9661658814051366,0.0376380642067387,0,-1.1086726246710001,1.76267029354831
taia1239,taia1239,-1.7617165135863213,0.06770685554947457,1,-1.5316912788405,2.142954775709235
taji1246,aust1307,-3.1322291782537275,0.06181454960651725,0,-2.17160286092175,1.83248133223332
tali1259,aust1307,-1.781502967125078,0.04042433559550509,0,-1.530988431996,1.8254993466696399
tama1331,tama1329,1.742288749916161,0.030493862446237235,0,1.342087401854225,2.20574611610102
malo1243,aust1307,-1.8344931757823573,0.04764631651074177,0,-1.14796645406,1.80526216127491
tama1365,afro1255,1.0726978592100738,0.03982980246200179,0,1.3476385881150001,1.85749213099675
tamb1254,aust1307,-3.0895334575103135,0.05116259279960176,0,-2.20399210005975,1.821547451416425
tami1290,aust1307,0.35539738165535883,0.03995088829671945,0,-1.002917026511125,1.804833114117055
tami1289,drav1251,-2.1029369373732942,0.02023070250395833,0,-2.7176330976675,1.87269625101688
tane1237,aust1307,-1.869310763120681,0.011502171508411228,0,-1.482915310127,1.8292023539679851
tang1377,sino1245,-3.7868651479900457,0.04870116562389247,0,-4.01071387070175,1.912629262021825
tang1348,aust1307,-1.1233556227329293,0.050560175522780214,0,-1.1747110749882501,1.80176581304649
tang1373,sino1245,-2.973354779686889,0.051795984499785154,0,-3.7343844555425,1.900736152879545
tara1313,sino1245,-2.6507393390723584,0.04576690136759461,0,-3.6831318946350002,1.86214456330168
tari1256,araw1281,-0.3686629314803288,0.03525934704576658,0,-1.3204227381845,1.92981562862123
tari1263,afro1255,1.3037928113983344,0.049427711718929145,0,1.0998686562255,1.8780262914010701
tata1258,otom1299,-1.9904354892709415,0.026248434319486834,0,-1.2686748963344998,1.925310143527045
tata1255,turk1311,-2.2921596025977253,0.053076820814535415,0,-3.1298212460875,1.97257469219812
taul1251,taul1250,-1.405201901843626,0.058024495098367955,0,-1.349336750145,2.16034620451841
taus1253,taus1253,-2.831618851262515,0.04508546066768209,1,-1.4857467656724999,2.1045392695569953
taus1251,aust1307,-1.9761671057942392,0.06654051231558596,0,-1.778586284545,1.7987789817114899
tawa1286,afro1255,1.1245293348625687,0.048531880624204424,0,1.347885484772,1.859300020095005
diga1241,sino1245,-2.545189952746181,0.05092415361913745,0,-3.9887184310955,1.90374133474623
tbol1240,aust1307,-2.3783282045677323,0.047874002553554514,0,-1.78566356518875,1.81245357573939
tean1237,aust1307,-1.8735310896281818,0.03838539244282238,0,-1.4783869271349999,1.827137011147065
teda1241,saha1256,0.31687972659776625,0.02304111873765038,0,-0.06454168918674999,1.92471898748407
tedi1235,sino1245,-2.705234747612102,0.044130243647867544,0,-3.8905338011125,1.87043307731506
tega1236,rash1249,1.6778697527497237,0.027179601975483757,0,1.2289320246325,2.235461759908815
tekt1235,maya1287,-0.9936772542006568,0.04294394694986346,0,-0.27350958377625,1.94655194076639
telu1262,drav1251,-1.3496908368808032,0.027282586692657637,0,-2.44926829631105,1.843281353861225
temi1246,aust1305,-1.815569173613127,0.03057785820610229,0,-3.1118782459975,1.879978994436755
temo1245,otom1299,-1.5924198070134354,0.02396307250257138,0,-1.6354269147151,1.9615540015429151
temp1235,aust1307,-3.0575734304594495,0.05102027701930053,0,-2.2093090658025,1.8300777240754749
teng1272,aust1307,-2.5038080950731976,0.05371511783963385,0,-2.0267633460575,1.83235710510683
tene1248,dogo1299,-0.20676051991404484,0.036248077362398955,0,-0.096335624303,1.98689038476541
tenn1246,surm1244,1.2396069754176904,0.04768395245674117,0,0.942633106638,1.93492817034614
teop1238,aust1307,-0.37262769420846376,0.042643989915423,0,-0.8308540885955,1.80333910449974
tera1251,afro1255,1.1578121346174002,0.04700308492663428,0,0.97632651477,1.79051541697971
tere1279,araw1281,-1.9367231555441722,0.025867633659720387,0,-1.849053836355,1.958189731030385
teri1250,chib1249,0.28058017852065104,0.020866656578269197,0,-0.641292772943,1.831493405849245
tern1247,nort2923,-1.772646111248691,0.04504921105292138,0,-1.36651579715325,2.028917376855825
tezo1238,otom1299,-0.28717123567869085,0.03779647445205652,0,-1.0112969888649999,1.9277321839187098
thad1238,sino1245,-2.6688261096340558,0.037272273679078656,0,-3.8869506658975004,1.875019848308215
thak1245,sino1245,-2.1156753300181945,0.050083145655819374,0,-3.2530339094725003,1.8385056419633101
than1259,sino1245,-2.3126390060110227,0.041896392000975745,0,-3.7000719373499997,1.86176439147131
thao1240,aust1307,-2.5564604283786716,0.033717806041332114,0,-1.90663908416,1.92444903214823
thar1283,atla1278,2.954933337350173,0.030351417068014547,0,2.7460529731,1.776092642025145
aheu1239,aust1305,-4.233248716004752,0.049054822901789,0,-3.4236642809875,1.90355511275347
thul1246,sino1245,-2.278563682398455,0.061547774667542084,0,-3.6041707375275003,1.85146114926772
tibe1274,atla1278,0.9890916788261674,0.027519402732902924,0,1.3897365828475001,1.8077401274682101
tibe1272,sino1245,-3.781793666062189,0.052337801744825684,0,-3.4304734295749997,1.814375002235915
tief1242,atla1278,0.9501102991701774,0.04042534566203465,0,0.23859076384425,1.8069495966833649
tief1244,atla1278,0.9239337263304284,0.039200600362939694,0,0.06168681002625,1.8029648798843452
tien1242,atla1278,2.1108472758339216,0.03321060759054946,0,2.49871670777,1.8088340218493602
tiga1245,aust1307,-1.530202724712761,0.042177606413895126,0,-1.3233323768645,1.8272640504266748
tigo1236,atla1278,1.014193290113197,0.06127605668546454,0,0.5939587456735,1.7882480234618
tika1246,atla1278,0.9878130760509569,0.029808807455546246,0,0.82490793120925,1.85823783736926
tiko1237,aust1307,-1.7241571125281645,0.011022182233530103,0,-1.1964063873675,1.7729236269602
tilu1238,sino1245,-2.389590845827972,0.06355009382370815,0,-3.6077063087777,1.844978433862965
tima1241,katl1246,1.5300815223443163,0.03161060660117419,0,1.0487392767109,2.1756471700749502
timn1235,atla1278,1.8952995609761127,0.07537252275929891,0,1.84600238954325,1.823757524487355
timu1262,aust1307,-3.1420569443381057,0.043425012293430224,0,-2.15200260708,1.8319020676095201
tina1248,aust1307,-0.8006436800244058,0.08798988038431531,0,-1.4975186599339998,1.80073148085966
tira1254,heib1242,1.801229563791796,0.021271572836426975,0,1.40086067878645,2.19537588971021
maee1241,aust1307,-1.8236073929376797,0.04128637054297331,0,-1.33761822305475,1.79146619201359
tiri1258,aust1307,-2.322352459024801,0.04351586282307829,0,-1.55477360523325,1.81840856243544
tiru1241,aust1307,-1.3414219303171542,0.03474301242975438,0,-1.8122371852165,1.81890200685959
tita1241,aust1307,-1.7074206095715412,0.05181520316929443,0,-1.57273257298275,1.82042142344368
tivv1240,atla1278,0.7792752213001026,0.028905438696946548,0,1.5412616915275001,1.8904721640126199
toab1237,aust1307,-1.8138114653953994,0.014527800569707537,0,-1.6315158391925,1.816220098162035
toar1246,nucl1580,-1.2743716414544464,0.07485570654081398,0,-1.65016565434025,2.07700673430304
toba1268,leng1261,0.7783040441124716,0.0444721517205873,0,-0.6787233779405,2.03156441610754
tobe1252,nort2923,-1.6406028544484441,0.03951403468197659,0,-1.3729520599735001,2.00469628412129
toda1252,drav1251,-2.1875424324461346,0.014096745696622674,0,-2.67745380450125,1.87369922553943
toho1245,utoa1244,0.26455626916466496,0.036551416022559756,0,-0.3089159746445,1.8138283315570152
tojo1241,maya1287,0.7865050495626782,0.03579840080157558,0,0.0802111866705,1.9380686897188601
toke1240,aust1307,-1.105131992153063,0.03985024174466662,0,-0.91960911737025,1.763569941398835
tolo1255,aust1307,-1.860255906316663,0.03883923452643618,0,-1.373019839515,1.7909537968480849
toma1245,mand1469,-0.8108894349648879,0.02986821670108414,0,-2.09204538771,1.862245253341075
tomb1244,aust1307,-3.098201421975174,0.06953086429825124,0,-2.1692098790865,1.82965636795377
tomm1242,dogo1299,-0.26947779940525973,0.04668356974171685,0,-0.18178049545250002,2.0405061116825802
tond1249,song1307,-1.4367768641442629,0.03345024239765953,0,-2.38532440813,2.004524614975615
tong1325,aust1307,-0.6261654892017897,0.030091477172433167,0,-0.9518084946035,1.7808455824140301
tong1318,atla1278,2.310703218928163,0.025226434407366813,0,2.5135699740225,1.77456498571219
toor1238,atla1278,2.3432882769530767,0.027400985702725277,0,2.766702288975,1.79943042371946
tora1259,aust1307,-0.2734597965644845,0.024438335534591217,0,-0.8379265315375,1.7913369906333352
tote1238,atla1278,2.2215614472955876,0.03519157043333349,0,2.50539949477875,1.77857482850743
toto1302,sino1245,-2.312594990928244,0.04309934437371082,0,-3.87210718149,1.89458443232439
trio1238,cari1283,-0.7435797163988028,0.019843238468961695,0,-1.5371062587775,1.900747465552595
trum1247,trum1247,-2.225473838774257,0.029059586279826237,1,-1.4943790025285,2.087485007764055
colo1256,barb1265,-1.4668390292058866,0.018104352405914705,0,-1.6539526908645001,2.02615183193114
tsam1247,afro1255,-0.28065590734021706,0.03975524922845648,0,1.80748692879975,1.7729847490708952
tsat1238,aust1307,-3.2818639323694887,0.04427162787512943,0,-2.1373469810777497,1.811752089856785
dido1241,nakh1245,0.9271951317890534,0.02091632682767921,0,0.9082408181455,1.936267754675105
tsha1245,sino1245,-2.38823970454346,0.051326959030100136,0,-3.55769994157875,1.844699817443755
tsix1234,khoe1240,0.3056209354810432,0.03665002506823913,0,-0.6392652623342,1.9892654234317901
tsog1243,atla1278,1.3859031472065677,0.04206513517122409,0,1.5476805367775,1.82764283484442
tson1249,atla1278,-0.18869521881709034,0.03401725768028089,0,2.2297774043925,1.7597936828015999
tswa1255,atla1278,1.846687107047474,0.038552270457936605,0,2.26831397562,1.77205359527902
tswa1253,atla1278,1.9506934907140159,0.04459738687030736,0,2.3589293888264997,1.743236656536355
tuba1278,utoa1244,0.01872328703485055,0.029422811175944846,0,-0.7708006099792499,1.834266564164555
tuge1241,nilo1247,1.6168547809199079,0.041069353544081075,0,0.7730796352075,1.90168549737077
tugu1245,aust1307,-1.14349019179009,0.046918521046410866,0,-1.62711953475695,1.816252434342125
tuka1248,aust1307,-2.7287371519111354,0.051776467793568336,0,-2.1377335877125,1.83163313505806
tuki1240,atla1278,1.1925772726876143,0.03360105073365114,0,2.3386794490775,1.8253040395261548
tula1252,atla1278,0.8644409492862136,0.030062199808826733,0,0.556847872425,1.81204922240267
tulu1258,drav1251,-1.9206400970824937,0.021030814941509594,0,-2.571558213315,1.8703863622671
tumu1242,atla1278,0.727991232157412,0.036816804343238585,0,0.44548364854395,1.78584782280526
nene1249,ural1272,0.01473563795319,0.03895005046491005,0,-0.3645932003475,1.8620340242763649
tune1261,atla1278,1.1935273598116067,0.019631228560229644,0,2.36564059370175,1.821992178904785
tung1290,aust1307,-1.5275811623369346,0.04159233922935628,0,-1.33242954567425,1.8191240195260652
tunn1238,afro1255,2.446111138988661,0.038204695538494225,0,1.67488777722075,1.773806957568325
turk1308,nilo1247,0.6824263539795883,0.051339062249823715,0,0.587327445712875,1.93057263160927
turk1303,turk1311,-2.27732168068208,0.06585327549526494,0,-3.1078765436399998,1.97640323450073
nucl1301,turk1311,-1.5998524640172742,0.04142425350252551,0,-3.1479095272524997,1.96320796008084
turk1304,turk1311,-2.5303634114722784,0.04437793714049353,0,-3.139321646025,1.963621621150235
tusc1257,iroq1247,-0.7291827190098059,0.022524639227211523,0,-1.37391680567975,1.9855524318016702
tutu1241,aust1307,-1.8094002423741726,0.05231663633717864,0,-1.06798729123225,1.807103807851515
tuva1244,aust1307,-0.5015571863715678,0.02323293934907567,0,-0.8678521238445001,1.773630404649935
tuvi1240,turk1311,-2.380462680459541,0.04423192509495262,0,-3.1316584087535,1.97302996268008
tuwa1243,aust1307,-1.7669272965323422,0.04560928393128499,0,-1.4465731817075,1.795973850212435
tuwu1238,atla1278,-0.385662533544589,0.03925083088661166,0,-0.62012213241875,1.85713318680061
uuuu1243,aust1305,-4.2061855768255185,0.04457955943316762,0,-3.314406362655,1.879248699056
ubir1237,aust1307,0.1062113714698976,0.04681848384190847,0,-0.8086826738274999,1.8045972601174851
udih1248,tung1282,-0.40855883859835085,0.020421132205016845,0,-1.4735655728645,1.88248067304842
uduk1239,koma1264,0.6917488222238075,0.03559848641984526,0,0.121172119605,2.12023074432025
ughe1237,aust1307,-0.28366864498276595,0.03991032145075304,0,-0.639011298828,1.815743018561385
ugon1239,sino1245,-4.692451938407702,0.05555059353719186,0,-4.0819355025499995,1.90098906876881
ukra1253,indo1319,2.5387117151961203,0.040570855959162266,0,2.6329427491489996,1.881851862376195
ulch1241,tung1282,-1.0887400620902263,0.018081246175911742,0,-1.5864187788825,1.8822482273040149
ulit1238,aust1307,-1.8737584076122067,0.043995991060786666,0,-1.2276289783404999,1.775698598022725
ulwa1239,misu1242,-1.1448163044240325,0.040077823007538774,0,-0.5846519782940001,1.94855696811116
yaul1241,kera1258,-0.9604019886168742,0.05454679434141787,0,-1.438949799595,2.09683929493983
umbu1257,atla1278,0.5704965278595848,0.03561613908640481,0,2.6409306844,1.803177593699925
umbu1258,nucl1709,-1.6459118341500356,0.0717246928193226,0,-2.013930190793,1.9880541442772799
umes1235,ural1272,0.4690193811868405,0.044688769770948385,0,-0.16728770062975,1.758280430042315
unua1237,aust1307,-1.5990189155944334,0.0443771849070122,0,-0.96857338382475,1.794342179783
uppe1275,toto1251,1.4991592278048094,0.01664140063736888,0,0.13525832317325,1.98079699136789
urak1238,aust1307,-3.0273886797796585,0.05348450992316097,0,-2.2601684790125,1.80577008469325
urar1246,urar1246,-0.2397074924670361,0.01946385261566397,1,-0.5847338105475,2.011864256056815
urav1235,aust1307,-0.31674608662614545,0.04709215606964572,0,-1.142738032107,1.810805612816175
urim1252,nucl1708,0.44087821296864416,0.06501486596428564,0,0.7669695064137501,2.027579230562595
urip1239,aust1307,-1.806378616987703,0.048065073290547856,0,-1.20397863744,1.799235462354005
urni1239,giim1238,-1.5317778382664378,0.0582424686341892,0,-1.4524315007475,2.1303874835160803
utes1238,utoa1244,-0.30395211664066557,0.02375900383232008,0,-0.81647610073,1.82344537162547
kagf1238,atla1278,0.7765068107285826,0.03689270375694482,0,0.6885041344125,1.8155819992804751
pile1238,aust1307,-1.8647265573795597,0.03401344103945177,0,-1.2191189637635,1.769793818133965
veps1250,ural1272,1.0232821916228323,0.0480720482085091,0,0.5361241066560001,1.7621047969245
vera1241,aust1307,-1.7699486538363693,0.04348506641420924,0,-1.2618018158085,1.79399131281188
viem1243,atla1278,1.0284124038247202,0.043815223388221206,0,0.4992444904005,1.811068270074235
voti1245,ural1272,1.2165958843252298,0.028136129269538877,0,0.4168490486545,1.767541453227
vunj1238,atla1278,3.3606765931056772,0.03526375451638763,0,2.7390447767954997,1.78656186596528
vure1239,aust1307,-1.7655970720320824,0.03336258510526946,0,-1.2071463747335,1.79734892012378
vwan1235,atla1278,2.844721088525779,0.02707072068357143,0,2.79519840373,1.790225097141985
wadj1254,wadj1254,-1.459714703763375,0.06753670864747663,1,-1.60154409833325,2.130086865281195
waga1260,pama1250,-0.8167837909334981,0.047327154548973925,0,-2.0916184159202498,1.983634806979685
wage1238,wage1238,-1.5575383506972802,0.04134402587276305,1,-1.412315564485,2.14092797850385
waig1244,aust1307,-1.3792710883587174,0.048966384711218405,0,-1.43997707255475,1.846973557776845
waim1251,aust1307,0.7493228925281944,0.04442716352083572,0,-0.4963074393775,1.791906229550815
waim1252,aust1307,-2.2699637761440488,0.055125835281116586,0,-1.61385365947925,1.83462183991193
waim1253,cari1283,-2.320143263053282,0.03134663809817195,0,-1.52090781914675,1.925243514510615
waiw1244,cari1283,-2.346351268783248,0.025262310873973317,0,-1.561242396100425,1.926294685539065
waja1259,atla1278,0.8656352647302379,0.030049717804539796,0,0.551868138453,1.8060280678982
wala1266,aust1307,-1.8999461893702496,0.04398559297896121,0,-1.6333665106225,1.81046505826931
wamb1257,sino1245,-3.956965737806102,0.06754670206119329,0,-3.613160815045,1.849884554531715
wann1242,mand1469,-1.1761652478594224,0.034459789184700974,0,-2.0153271276225,1.862182039647385
wand1278,afro1255,1.0373040716276871,0.04103273417698228,0,1.26303970375025,1.7832767095433
wand1267,aust1307,0.00214166950358185,0.04457015517736938,0,-1.13658086610955,1.83067393736891
wanm1242,pama1250,-0.3575180858962953,0.03778908599349801,0,-1.44944292024,1.923128524631865
saka1289,aust1307,-1.6820905063656824,0.04106223241157001,0,-0.969200772839,1.81001416911147
waor1240,waor1240,-0.16018407210261953,0.028880790739751343,1,-0.554744178069,2.020402347100325
wara1303,wara1303,-0.7784043433132724,0.027778849508796215,1,-1.7630296151237501,2.07238285187597
ward1246,yang1287,-0.49691357430372096,0.03471170690702567,0,-1.8168083813975,2.179961827160255
ware1255,araw1281,-2.208964248668985,0.0516126472114881,0,-1.4023287745725,1.9296711706054448
ware1253,aust1307,-0.4217134201011299,0.011190097464008033,0,-1.530298360657,1.8255959269019502
wari1268,chap1271,-0.7472853945844236,0.027099632122258074,0,-0.36702091638875,2.0107638154693
warj1242,aust1305,-3.063361727828477,0.05394462716314326,0,-3.0713987701875,1.87911944321274
waru1265,pama1250,-2.284047993074706,0.03645291029502881,0,-1.8246786669825,1.944979436242085
wawa1246,atla1278,0.7776912484537841,0.03305926053760158,0,0.77265347723485,1.847998997734595
waya1269,cari1283,-2.392705039350736,0.035770601231824066,0,-1.3750291882774999,1.900697858002715
wayu1241,sino1245,-3.9162562853801495,0.048143785605519476,0,-3.59946184937425,1.854623908527675
weda1241,aust1307,0.162877174766451,0.020671717737218917,0,-0.57470751988775,1.818906165528595
wels1247,indo1319,2.106144286402276,0.04290734094407612,0,2.017535473535,1.895867950309135
weri1253,kuni1270,-0.4327422431365516,0.04720721021710353,0,-1.3752452562075,1.9646812722480052
west2564,aust1307,-3.0757411574360844,0.03574333362199871,0,-2.1421024438022496,1.8347863897994499
west2560,aust1307,-3.0758874402417162,0.0453800448205807,0,-2.0991633896949997,1.831958126328715
west2548,aust1307,-1.64964705522883,0.050667203811772435,0,-1.44459676738,1.8316424415378
west2615,atha1245,-2.419719361722012,0.03533173229659299,0,-1.3868745623824998,1.89323909157105
west2441,pama1250,-0.4204231072373288,0.05649574143077984,0,-1.4679353284949999,1.9430857904805299
west2397,aust1305,-4.239546238335505,0.046296457158817785,0,-3.4433190801825004,1.88717275289205
west2618,eski1264,-0.3431195845976348,0.01386468613348932,0,-1.0736197848669748,1.96031323526307
west2650,aust1307,-3.3024724777087364,0.043005087169660644,0,-2.1136476479475,1.83031691017296
west2594,nucl1709,-2.0775985110855135,0.07974255705859525,0,-1.22237844470625,1.978288420914125
west2778,utoa1244,0.27108121471622587,0.019321761420822474,0,0.09985278921999999,1.8126610275422
west2369,indo1319,1.2987176781306258,0.041890532950058165,0,1.1664288313552,1.85738253280117
west2519,aust1307,-1.2392499828437622,0.04850263797911905,0,-1.1426395837349999,1.79314814064879
west2354,indo1319,2.525083260495401,0.05321037732434323,0,2.562338354375,1.8708587415281799
west2644,otom1299,-2.045680021744393,0.02238703512041988,0,-1.27929147434875,1.937417341992115
west2624,utoa1244,0.985609893889406,0.0373475812695043,0,-0.049086149842350005,1.80483663632267
west2466,atla1278,1.0430525105310855,0.05697689326705751,0,-0.5544954002225,1.7903206259248852
west2632,kere1287,-2.257783690263241,0.04208392642905029,0,-0.871725091022,2.0730480017612702
west2396,aust1305,-4.113647099221591,0.04756347341069187,0,-3.31427569856,1.8777748090359752
west2418,sino1245,-2.3787690657887843,0.046839650842442494,0,-3.66533524566925,1.8711054110682301
west2392,ural1272,-0.44227582112289604,0.04767487595189101,0,-0.5541969781275,1.823288733438295
west2763,afro1255,2.111863164703495,0.04497962838945173,0,2.8996290204135002,1.8723565279935799
west2386,indo1319,1.6552044850050758,0.05647713155700432,0,1.7970652524525002,1.8420707704963748
west2557,aust1307,-1.114874548587753,0.053123465361796726,0,-1.6973766158705001,1.77931946029585
west2415,sino1245,-2.3784596141220713,0.04912220805302792,0,-3.382875754305,1.82766750508598
sanj1284,otom1299,-2.0259354819561697,0.04865474959899386,0,-1.08184978238,1.9146216945419199
west2430,hmon1336,-3.653396345611207,0.012467522620708393,0,-3.6271455864767503,2.1765968375962403
west2600,nort2923,-1.698248032635795,0.04218165551687648,0,-1.407585271585225,2.0448058009740153
saka1291,aust1307,-1.398974123943435,0.045613767714403036,0,-2.0594388498875,1.81642738106925
west2538,aust1307,-0.49039809241699656,0.05158781783068606,0,-0.9399110569860001,1.814519439089605
west2516,aust1307,-2.1691324046828044,0.03743583778909503,0,-1.2249569352582501,1.781740469238175
whit1269,aust1307,-1.296478424910481,0.041679953298532,0,-0.76136174118625,1.8057076957263298
wikm1247,pama1250,-1.9701205471200414,0.058212004246538385,0,-2.040681957405,1.986066913112295
wiru1244,wiru1244,-0.9496174402613897,0.03732284801061112,1,-1.38603737506,2.13395783168502
babi1235,atha1245,0.13748360935483506,0.04576154706527325,0,-1.0698635392028502,1.879372548899185
woii1237,aust1307,-0.3906010471254894,0.03882107044796289,0,-1.2486196410885,1.82834732812411
wola1253,afro1255,1.2436864372682195,0.03976215224836833,0,2.556132631325,1.936329948238845
wola1242,gong1255,-1.0736364190682952,0.05871788336455754,0,-0.9026502743197624,1.829807678016445
woli1241,aust1307,-1.940758021283398,0.05543135574897068,0,-2.203424154786,1.8322246083285951
nucl1347,atla1278,1.2439455715789998,0.04163630465651764,0,1.1686076745375,1.83935585826447
wood1236,algi1248,1.2259336848609528,0.032954078149551015,0,0.4218342086705,1.879610714042115
wotu1240,aust1307,-3.0653050374561657,0.05844696254071684,0,-2.1817538747,1.8322779560326299
woun1238,choc1280,-1.3491032634670153,0.025818353130456394,0,-0.538864038905,1.92723140728402
wuch1236,sino1245,-4.279428752709148,0.056199771470485084,0,-3.7145307612574996,1.920653092190985
wudi1238,sino1245,-4.770939181946173,0.05007940371342421,0,-4.1118238426,1.901644878335625
wuna1249,worr1236,-0.7138281684708584,0.029663629428782864,0,-0.048931814920250005,2.02951668865397
wusa1235,sino1245,-4.854604040574026,0.044763555711628225,0,-4.109676920675,1.906234355363885
wutu1241,sino1245,-2.883787887885496,0.03643872144963591,0,-3.748507198625,1.912312557967625
wuvu1239,aust1307,-1.57280146682429,0.04415906571180523,0,-1.4930845105125,1.82532957049954
xamt1239,afro1255,1.877253121002361,0.05425860173494649,0,1.8425610958395,1.8380902773520549
xara1244,aust1307,-2.3052512597163117,0.03770056438778142,0,-1.5557569044025001,1.81988329147096
xava1240,nucl1710,-2.9908541192977505,0.025092789278897874,0,-2.220585108005,2.0132650637196248
xhos1239,atla1278,1.893927639427487,0.04533578831902243,0,2.3000610031632496,1.7645648433536851
xish1235,sino1245,-4.676341907289741,0.05552059711286756,0,-4.10316743765,1.886610042726055
xokl1240,nucl1710,-2.742011300442071,0.021362373868778053,0,-2.2207377539885,2.01523965839653
yaak1241,afro1255,3.0686940437828447,0.05025824812904898,0,1.743893098374425,1.7801687973103
yaey1239,japo1237,-3.314223246026068,0.04808403755546134,0,-2.8819479963125003,2.080809556057635
yagu1244,peba1241,-2.6527979077088304,0.03094306245335752,0,-1.522673142658,2.086163405080085
yaka1272,atla1278,1.2853154646418807,0.035919272272448406,0,2.49514713408563,1.8158423680429352
yaka1277,aust1307,-2.5334817562154672,0.0585611431612289,0,-2.0825271070575,1.82922858645192
yaka1269,atla1278,2.081389056352661,0.029942521519379095,0,2.2338457705300003,1.796841445600635
yakk1236,sino1245,-3.7108086208694377,0.05786621240890024,0,-3.1486201153825,1.838913694164995
yala1266,aust1307,0.0249873122706179,0.036597795039147174,0,-1.09011419142925,1.8264190160032898
yale1246,yale1246,-0.7929774794824114,0.03342283215235347,1,-1.732489219046025,2.12862104557443
yama1264,yama1264,-1.0140573099080905,0.015548812000997706,1,-1.81253080281,2.126162121937925
yami1254,aust1307,-1.3638708717937091,0.045952915187616815,0,-1.6856405144914999,1.7929113317631602
yami1256,pano1259,-1.5645143606170941,0.04525391309762307,0,-2.175273566025,1.8730697215220249
yano1261,yano1268,-2.1240396339003076,0.031320671730848924,0,-1.43744137296025,2.04611535990185
yaoo1241,atla1278,2.698861053353724,0.03268274936206732,0,2.53102022803925,1.775059713668305
yaou1238,mand1469,-3.203515268783731,0.03338536467646693,0,-1.9497362275455,1.85627380728279
yape1248,aust1307,-1.9515862847690555,0.02053673163297602,0,-1.4451718594965,1.8484908702402798
yaqu1251,utoa1244,0.3245470664022667,0.027019359550155466,0,-0.06156887373975,1.84037675283864
yare1248,yare1250,0.6589054346378795,0.06611943967791153,0,-0.38699882797630003,2.138234870860955
yasa1242,atla1278,1.1890485970194256,0.03714948365467124,0,2.06411370588,1.78890387416743
yatz1235,otom1299,-2.0889890884763185,0.03505812124384959,0,-1.2020306314735,1.9143213810282749
yaum1237,nucl1709,-2.058746628531784,0.07638253379377728,0,-1.47294776946275,1.9491452291161249
yawa1260,pano1259,-1.6769154653199503,0.03970799781474924,0,-2.1732838001125,1.876807304076205
yawu1244,nyul1248,-0.692899604108516,0.07042686958738452,0,-1.725435693692475,2.123310907835275
yecu1235,toto1251,1.3717598090193472,0.02201078829590445,0,0.13449311742475,1.9829022118642552
yele1255,yele1255,-0.23306938225167814,0.056751916282944424,1,-1.8901874994117498,2.144237697504625
yems1235,gong1255,-3.1134138030237346,0.04506601579678976,0,-0.8885288085184999,1.86775943157179
yapu1240,nucl1708,1.443805480051787,0.06805239292973288,0,0.678469368768,2.04857772714449
yidi1250,pama1250,-2.1179269358315698,0.024322366171048302,0,-2.0471582832285,1.98251226357675
yind1247,pama1250,-0.7418628861664833,0.05008964772810667,0,-1.74132172463125,1.9122767526967448
yoga1237,aust1307,-1.9815291083824693,0.05598956373804958,0,-1.86598386918575,1.7961821967055749
yona1241,japo1237,-1.8745885327855516,0.03391913270021119,0,-2.9088998381474998,2.082587108843745
yong1280,nucl1709,-2.4074139024035777,0.07059749086965346,0,-2.06159074206,1.99149727174945
youl1235,sino1245,-4.81352444874787,0.04399848966259737,0,-4.107385754547,1.9033625907036251
youn1235,hmon1336,-3.6781576166012324,0.021791685527580817,0,-3.6236641944125,2.176437722753695
yuca1254,maya1287,1.054454141515054,0.01351438415470656,0,0.27430071222499997,1.93980606971826
yuch1247,yuch1247,-0.5411150925213715,0.021752519750869587,1,-1.2373761349445,2.0385529357882097
yuec1235,sino1245,-4.559895095866627,0.04151858863555648,0,-3.7094464450175,1.9051462632733749
yulu1243,cent2225,1.0682891887115347,0.04043552399850122,0,0.467705189289375,1.7421378089778852
yura1255,yura1255,-0.7761414374243673,0.022071843082440038,1,-1.74150950590125,2.04982300618728
gami1243,pama1250,-0.6738246807634671,0.05189788898789895,0,-1.6552298583025,1.968517748230365
zaba1237,aust1307,-0.8132893316455553,0.04088265036935289,0,-0.8075184494600001,1.80190513485437
zaca1242,otom1299,-2.0689985634550463,0.030117494960578712,0,-1.28168427987925,1.94060542511802
zaca1241,utoa1244,1.1167932249623307,0.030901585973902086,0,0.008645262209,1.80575127288365
zaiw1241,sino1245,-3.0324460779573084,0.046113824973425685,0,-4.140318955925,1.889969837580705
zakh1243,sino1245,-2.577371417356472,0.040618734111856736,0,-3.9176163953299996,1.892884915514765
zamb1245,atla1278,1.9995257867611924,0.02603002537113144,0,2.7093842226175,1.79531738826135
zand1248,atla1278,1.5423757828405247,0.0353661343159233,0,-0.35075159620675,1.7207365698672699
zani1235,otom1299,-1.9651526211865353,0.0354563451820763,0,-1.22517525723075,1.92969752964422
zapa1253,zapa1251,-0.6379219730212811,0.02693907589407314,0,-1.35530567291295,1.9939570126528001
zarm1239,song1307,-1.6325330380919607,0.03593980031075653,0,-2.3852782512461,1.999311726241225
zays1235,gong1255,-0.9247057246066513,0.05437969792670603,0,-0.81635720798275,1.83360340324159
zeme1240,sino1245,-2.554718841630981,0.038126980813892195,0,-4.07295582709,1.880021679034595
zhab1238,sino1245,-3.0088539014135125,0.03256244152019915,0,-4.113525788875,1.9057138256819899
zigu1244,atla1278,3.332822626996461,0.04932506196527826,0,2.7878040140750002,1.7909675646625298
zinz1238,atla1278,2.9536717716627745,0.044388283342144744,0,2.76639448411475,1.79635183564962
zoog1238,otom1299,-2.080385447949878,0.042729772409169635,0,-1.1969403697695,1.919653110587565
zulg1242,afro1255,-1.179967107397004,0.03602038091438627,0,0.98403963549725,1.789173951515805
