Glottocode,Family_ID,GPGLMM_3D_Mean,GPGLMM_3D_SE,Isolate_Flag,Verkerk_BRMS_Mean,Verkerk_BRMS_SE
abad1241,aust1307,-1.1423142856968669,0.16249263418000562,0,-0.77222216584,3.1315563962091497
abee1242,atla1278,-6.67850175835729,0.29579055575202906,0,-4.632888538825,3.872502846275795
aben1249,aust1307,-0.052079922250882704,0.04311405790965876,0,-0.2018771823085,3.1646802072891003
abkh1244,abkh1242,-1.496122751055224,0.11347318082821888,0,-0.37052766607875,3.521616352594055
abua1245,nucl1708,-8.20848717950214,0.32487257640280204,0,-1.32294108504475,3.729665835515505
abun1252,abun1252,-9.927136576982125,0.7168351826266037,1,-0.85717773682,3.7396830531385348
achi1257,aust1307,-4.296188506192429,0.3585666444015592,0,-1.5322824437347502,3.2023835057260452
ache1245,narr1279,-9.236328575028164,0.4704171697007347,0,-4.6572179884075,4.825768890130725
achi1256,maya1287,-4.622704658496674,0.25924811103049844,0,-1.7434638789115,3.57285667619775
achu1248,jiva1245,-9.043987568194929,0.4621796731038498,0,-1.9667642803265002,3.6660361172820197
achu1247,pala1350,-8.666739262977382,0.5135769415707963,0,-1.53816815451675,3.799806078444385
acol1236,nilo1247,-9.486776007023927,0.5056286620880626,0,-4.574626624741249,4.654154886248705
adan1251,timo1261,-9.832992876794847,0.6354993466279536,0,-0.8438874167674999,3.810268647310485
adon1237,aust1307,-3.6753142188526495,0.15257830365868577,0,-1.554117633208075,3.2330849625343996
adze1240,aust1307,-3.7523556008914314,0.09337662703867368,0,-1.44281180677475,3.208401309246575
aeky1238,kamu1264,2.60336863424029,0.06466201593959706,0,1.2794868782914999,3.5199903217743
afar1241,afro1255,-10.72442819853736,0.4602856728502034,0,-4.240543725324001,3.852081641855775
aghe1239,atla1278,-5.256119938637367,0.11505320165730443,0,-4.4845944082052505,3.851540900420815
aghu1255,nucl1709,-1.7744269294282784,0.09618565974134013,0,0.0358021557025,3.290706527785325
agob1244,paho1240,-6.523953054981246,0.37186269068649386,0,-1.605890266615,3.699824512703215
agua1253,jiva1245,-8.820353754586357,0.42728590904026625,0,-1.96583926468475,3.681427728131725
agus1235,aust1307,-2.282525700026542,0.10621478951846794,0,0.1130028886925,3.1522688434617647
agut1237,aust1307,-0.7397127143013495,0.05727261918671005,0,-1.0137579661024998,3.203851195751395
ahin1234,aust1307,0.6745603151046122,0.10124642897368237,0,-0.19610699014712502,3.167361612280895
aime1238,bosa1245,2.8201211431890005,0.07462843246695498,0,0.6498802504250001,3.530115743082265
musa1266,nucl1709,-2.531620489268464,0.09284410186864764,0,-1.4865266818725,3.50381499827676
ayiw1239,aust1307,0.8097991326800438,0.13856005219548667,0,-0.532016019205,3.176625444287605
ajab1235,atla1278,-6.320759912393599,0.20723538342684375,0,-4.635125880252501,3.8766500705445948
ajie1238,aust1307,-3.2908020503823834,0.12738998934936985,0,-1.595216506675,3.22210331142008
west2635,maya1287,-4.015388843645151,0.15506602730918292,0,-1.75905297496,3.561881653938265
akei1237,aust1307,-4.738554121491668,0.22465253642316255,0,-1.410020944955,3.215144227367035
akha1245,sino1245,-4.595672592850304,0.4361568286777328,0,0.1885248155025,3.20831759691971
akoo1248,atla1278,-5.888111332445916,0.11202907215148047,0,-4.77980260263625,3.82138178412222
akun1241,tupi1275,0.47944296399797004,0.12535954573014757,0,0.617600030987,3.3719931636878453
alab1254,afro1255,-10.603450669772592,0.42559316240530454,0,-4.2704648623849994,3.867342163003085
alab1237,musk1252,-9.011054293237148,0.42840193814200567,0,-2.398822189845,3.680968998667955
alac1244,otom1299,-8.961980770882693,0.32659154060410844,0,-2.593000983805,3.688431190197215
alag1248,afro1255,-11.055934482157703,0.5199044947923597,0,-4.2326410959725,3.871663901656785
aleu1260,eski1264,3.6153078297577528,0.0745396215182944,0,2.888017836487,3.46998999417675
alor1247,aust1307,-4.103414646743822,0.2525443483303925,0,-1.5298709380764501,3.24291114332211
aluk1238,drav1251,-9.682566720775704,0.40978161101600996,0,-4.4802480339174995,4.0783899861422945
amam1246,kuni1270,-0.5830458452805711,0.057979768472180324,0,0.6651554885265,3.382200482739885
amap1240,left1242,-7.741058681159102,0.3543138117635566,0,-1.1398305566397502,3.745459755647205
amar1272,aust1307,-4.629206853658599,0.2351006135297876,0,-1.30057601939625,3.207128093825585
amas1236,nyim1244,-9.301568960251185,0.524450575553656,0,-4.2732558104875,4.94317735101259
amdo1237,sino1245,1.1113952251219548,0.15453711710167725,0,3.34098392348,3.03351701838069
amii1238,west2434,-7.306043384568306,0.3224866107880477,0,-1.442314443925,3.70338406370161
amis1246,aust1307,-1.7410798987499998,0.06009499897722849,0,-1.941839934391,3.35290886135802
hoaa1235,kxaa1236,-9.537936076129432,0.5710971420223468,0,-4.38974633787375,5.217597747975525
anei1239,aust1307,-1.9821483794073342,0.08846504708548071,0,-1.595069564565,3.23202225558635
anfi1235,gong1255,-8.992718706883963,0.34971713744677935,0,-4.938866771595,4.656820097395045
anga1290,anga1289,-8.886388651768119,0.43674133982570235,0,-1.050191665815,3.74493512209597
anga1288,sino1245,-2.928265293332256,0.09223452152657087,0,1.3242705448774998,3.1396801031626502
ango1257,chib1249,1.5837332494160385,0.13641241214275435,0,0.6238550166645,3.4998347619663397
wara1294,more1255,0.9825095048328674,0.05717519941466359,0,1.5781606120510001,3.4789528556944447
anuf1239,atla1278,-6.441828441590559,0.23735256507192554,0,-4.633119996032,3.877122558641455
anuu1241,sino1245,-1.5002544427214524,0.1070162748377077,0,0.91891363414225,3.15480749501949
anut1237,aust1307,0.5431053819352822,0.1738187133257046,0,0.32536437493500003,3.115294453907025
aona1235,sino1245,-1.5244803015516517,0.028130487037637146,0,1.5169017537505,3.11980394971776
aoua1234,taik1256,-11.400060785236208,0.8991333553730131,0,-2.373231790879575,3.776372778777195
apat1240,sino1245,-0.5884416129647896,0.08548290365923171,0,1.670591135505,3.0691703972180298
apin1244,nucl1710,-2.8462567542354558,0.23223742158965413,0,0.127327349528,3.401154947432535
apma1240,aust1307,-3.982562132046011,0.09429060782343152,0,-1.2818720853875,3.1991192926713152
apma1241,kera1258,-6.907469094009299,0.27923636237294597,0,-1.30217240170375,3.692176013421455
arak1252,aust1307,-4.768435232482949,0.20215323284469727,0,-1.38988427239125,3.2381152965029
arao1248,pano1259,1.1086634712559293,0.09058926040622285,0,1.6561598073875001,3.347839331659745
arap1274,algi1248,-9.190599579936501,0.4102231755668115,0,-2.4235594362225,3.683571398233045
araw1273,tupi1275,-3.1742599660667743,0.2171346886689323,0,-1.12934911210575,3.4882048620311
arbo1245,afro1255,-10.73091424283362,0.44926111070753194,0,-4.251522067749249,3.856860334691865
aree1239,aust1307,-3.0842887418879155,0.10335999790374494,0,-1.42834347618,3.218468053728305
area1240,aust1307,-4.425582089715165,0.20543777204606906,0,-1.5486510728237501,3.242221960809885
argo1244,afro1255,-10.60091692795528,0.4304686642523349,0,-4.021036344275,3.9479898768798902
arig1246,atla1278,-4.803640489577949,0.16370600583434278,0,-3.27384612078,3.70172805186086
arom1237,indo1319,-6.303848983509315,0.349593200851867,0,-3.49762918270125,3.4981666930172004
arop1243,aust1307,-4.207394138779202,0.15612301398227343,0,-1.33137392297,3.215476162600395
arop1242,aust1307,-2.9392648256960574,0.08355146668457661,0,-1.35604499826625,3.2242340831351646
aros1241,aust1307,-4.3649658073517354,0.25935875171364997,0,-1.5405045475355,3.218484372268705
arta1239,aust1307,-0.4063254385291799,0.04259261496298465,0,0.070039786031,3.1519903930026
ashe1272,araw1281,-8.855798127477954,0.5100277905907564,0,-2.0240367015425003,3.6750644875235396
assi1247,siou1252,-2.3016891115125073,0.1091612881577031,0,-0.5756493464700001,3.472126642281705
asur1254,aust1305,-2.945449074294766,0.16724010604871875,0,-1.4676819038350901,3.3505428551191647
atam1240,aust1307,-2.150974838662531,0.07762270580826819,0,0.070555264795,3.1498466078845997
atay1247,aust1307,-2.491811769628129,0.10490536288897213,0,-1.0778357226162498,3.31584190781503
athp1241,sino1245,1.3727524187634765,0.06920079566951058,0,3.1572189152685,3.1051722541129454
aton1241,sino1245,-2.678229173604458,0.1448256889216401,0,0.54728583001625,3.1417404500614197
auuu1241,nucl1708,-8.357696840816107,0.3295442934472623,0,-1.3270807187565001,3.690808450049845
aulu1238,aust1307,-3.883821366866546,0.06841375486718593,0,-1.4040064512825001,3.19729882116359
auye1238,nucl1709,-3.6840643822049017,0.34201368328228277,0,0.24109403531945,3.297427573565365
avac1239,tupi1275,-3.0088808355122323,0.18041889771308126,0,-1.0673752765,3.498832920732095
katb1237,aust1307,-4.2611378381068485,0.09991969696181634,0,-1.40330343695,3.2231900208567854
awad1244,aust1307,-3.46878419328851,0.020524063826075335,0,-1.0285251300081502,3.196217317993635
awad1243,indo1319,-2.875764355797806,0.18900426013065527,0,-2.8863991373489997,3.390567216352405
awar1249,ramu1234,-8.050973864910539,0.3763801910015676,0,-1.1043612233225,3.696075393656795
awar1248,nucl1709,-3.877592147568669,0.23546516753034535,0,0.03056535170503245,3.3158199262735097
awet1244,tupi1275,-2.3054091774213776,0.08960245088025261,0,-1.04712511461575,3.470920837668225
awji1241,afro1255,-10.512073655324425,0.5702444661859924,0,-4.2851257019902,3.9407434003878
awtu1239,sepi1257,-8.35377248143455,0.3337119084638315,0,-1.161608209245,3.7042574755394453
axam1237,aust1307,-3.6520727651470715,0.05567153497548226,0,-1.4005089349389999,3.21669594727897
axiy1235,sino1245,-4.408675466731328,0.44926568740850975,0,0.2102067924435,3.2058753952500503
ayac1239,quec1387,-9.648668978954667,0.5428805459725086,0,-2.15666508154,3.6057124069153597
azha1235,sino1245,-4.290068544178442,0.4513392235468062,0,0.22286368849514998,3.207729625242035
baba1264,atla1278,-5.6036743392393245,0.09599081071383445,0,-4.4974829888325,3.8512353904795598
baba1266,atla1278,-5.608890842864101,0.09279222965230643,0,-4.490896207735,3.846106107243765
baba1268,aust1307,-1.6110020100998073,0.15373538296330413,0,-1.134936250187025,3.180358778135105
bada1257,drav1251,-9.67442103537584,0.41090542495609506,0,-4.476400960687499,4.082758501419216
bafa1247,atla1278,-6.00555930750191,0.13471791198623997,0,-4.7781694822225,3.8159792270976247
bafi1243,atla1278,-6.2385193092314415,0.17050862312681742,0,-4.76052364477475,3.8070017332146247
bafu1246,atla1278,-5.4316380258782,0.09805301147670768,0,-4.4874806879274995,3.85464481268429
baga1273,atla1278,-6.743636671324855,0.30478412519966347,0,-4.5700640580325,3.9265320099880396
baga1272,atla1278,-6.737923365763793,0.3008911726280743,0,-4.572006144365,3.91577331280607
bahi1252,sino1245,1.1229104731493829,0.024226550257710235,0,2.7498352527275,3.07986939493469
bahn1262,aust1305,-4.59169840561629,0.20029801729306734,0,-1.4577273591050002,3.236688401579225
baim1244,sino1245,-1.5267697474020485,0.07439579628856381,0,3.0719902675435,3.0255755369610853
baki1244,aust1307,-2.2557395023358318,0.09155889393434914,0,-0.6510776360024999,3.16401966222577
bala1316,aust1307,-3.4544021377771634,0.20470563205003994,0,-1.61715276112075,3.21686842489688
bala1311,aust1307,1.203478108668433,0.12623227341003904,0,-0.8710473692155001,3.1795907492694697
bamb1270,aust1307,1.38807402206547,0.2645963709070729,0,-0.0110798567005,3.18486951359691
bamu1253,atla1278,-5.9467384469770845,0.12546042243735478,0,-4.4967968013499995,3.85766451809867
band1344,atla1278,-6.601927840245883,0.28454097078210777,0,-4.7161187105205,3.832799718815285
bang1369,sino1245,-1.4850060733940262,0.0839187886997747,0,0.89208909566425,3.168116338630745
bant1281,sino1245,0.9799711131049484,0.020205131321694797,0,2.55186211304125,3.083776254158975
bant1288,aust1307,-2.0411141682622125,0.11573900099176385,0,0.21359097517775,3.14302280495982
bara1357,sino1245,1.9295820079112405,0.10769596704718831,0,3.5404087034397502,3.08752114116283
nucl1630,koia1260,-5.233747057573445,0.1722604666058266,0,-3.1694981625325,3.620044573310725
bara1369,aust1307,-3.793712086061437,0.317366431380935,0,-1.255267729320225,3.214178971104015
barg1252,nucl1709,-2.8161069645014636,0.201280514106187,0,-1.2029217457799999,3.5221120540099298
bari1286,aust1307,-4.647998846962878,0.24053083241864848,0,-1.3463018148885,3.22171106766491
baro1253,aust1307,-4.0982594584945975,0.16486561553071297,0,-1.2995917226009999,3.23421974505785
basa1282,atla1278,-3.531584159501601,0.2853847188314992,0,-3.412606930875,3.692369278988595
basq1248,basq1248,2.3297998833968734,0.070560696052763,1,1.3237901220175,3.757582142523495
bata1289,aust1307,-3.2827855897669043,0.3220008262437032,0,-1.5111245064905,3.22942471089854
bawm1236,sino1245,0.5025859798661303,0.06819195576604534,0,2.49397057295975,3.0741098295319897
bayb1234,aust1307,1.3149007640491632,0.1492622158532194,0,0.524436772331,3.143532644828065
bebe1248,atla1278,-6.368825032604384,0.21266891623666656,0,-4.8037965159725005,3.8185899907192997
beel1236,afro1255,-8.260530335682706,0.27083192106086557,0,-4.4986164140375,3.828751261667925
beem1239,atla1278,-6.711355726829295,0.3028051965843438,0,-4.769050956872,3.802551314551515
bekw1241,atla1278,-4.167586340696273,0.23086242677530303,0,-4.6043881869875,3.844646251695345
bekw1242,atla1278,-6.6372606258815985,0.2961666055395444,0,-4.789643199835,3.800418293009455
bela1254,indo1319,-6.250381418147149,0.34412302133473766,0,-3.4332768594925,3.505297598837495
nyal1254,aust1307,-3.4933887712532683,0.2778071576148135,0,-1.617551433513,3.211016241459825
belh1239,sino1245,1.4464362484826871,0.0705694183522469,0,3.15464174979975,3.10920580804219
bell1243,sali1255,-3.0079986499591085,0.25370186938097294,0,0.0038975734915000495,3.4870010909641502
belu1239,atla1278,-6.744126403484538,0.29966196830370195,0,-4.786135816165,3.79910992881938
bemb1257,atla1278,-6.750281846572717,0.3158514240885409,0,-4.868406881975,3.7558729129582398
zagh1240,saha1256,-2.8834555398372412,0.20966232826490322,0,0.17031751400224998,3.67986501444798
bert1248,bert1248,2.334976471685284,0.07214806848249768,1,2.75481504785375,3.941400297818695
bhoj1244,indo1319,-3.716915960258965,0.09817416832612202,0,-2.9338180194375,3.356373637686915
biaf1240,atla1278,-6.369869655174382,0.41737862064723946,0,-4.52497882767825,3.928634448259155
bian1252,kuni1270,-2.2517322711895673,0.06734309560428685,0,-0.33522747297875,3.4565356427585954
biao1254,hmon1336,-10.813822481896793,0.7590617297160981,0,-3.1385465814574998,3.8100215598385097
biao1256,hmon1336,-10.852535922144375,0.7384551641519346,0,-3.144649150905,3.817226337596
bier1244,aust1307,-2.086426243443934,0.11995348955568631,0,-0.501216967245,3.1577345916922
bign1238,aust1307,-4.555147487905793,0.13974626841295634,0,-1.40676494848875,3.20755422657109
biha1246,aust1307,-5.447457132559368,0.47173965945644103,0,-1.5577409666275,3.207900616985415
bila1255,atla1278,-6.748732352095576,0.30173744767997585,0,-4.812782284025,3.79950981221425
bilb1241,aust1307,-1.7176034878015503,0.14442153909463204,0,-0.439100163012,3.167550027489745
bili1260,afro1255,-10.683897122590917,0.4529297589978524,0,-4.2409227014574995,3.8689523846865947
bimi1240,nucl1709,-1.291784259241962,0.12079198124700113,0,0.1432259227675,3.27845242457987
bina1277,nucl1709,0.6829106142612016,0.08915291149032688,0,1.02055343844,3.24225797737385
bini1246,atla1278,-4.9240736015731965,0.1742607442071954,0,-3.4050881835725004,3.66828419818096
gunw1252,gunw1250,-1.9207332307990859,0.09109123553228345,0,0.5285667534175,3.42960820424661
bitt1240,aust1305,-5.819237207783757,0.35111161219979536,0,-1.723105972565,3.25904442756696
biwa1243,yuat1252,-6.582205038642424,0.2928744108544615,0,-1.1216493501075,3.71201297909812
blab1237,aust1307,-3.7677674997999824,0.13413148157336582,0,-0.88872852342,3.1796226335046
blan1242,aust1305,-5.790521269708011,0.359107123590615,0,-1.7189553520224998,3.2596579375502053
bodo1269,sino1245,-2.219021047574154,0.09681565832479878,0,0.5421615257550001,3.1473784122391253
boka1249,sino1245,-2.5682304365214996,0.10415217122641898,0,1.517317779824125,3.07429391152272
bola1250,aust1307,-4.533301952816675,0.25876405432240945,0,-1.3262903556225,3.23661757572058
chim1302,quec1387,-9.215791540520273,0.4587277108587974,0,-2.20284047375075,3.61080036848008
boly1239,aust1305,-5.246430609075301,0.3361490849426022,0,-1.534466551073,3.253433952998535
bomb1262,atla1278,-6.721333261555271,0.29733590001981114,0,-4.8075146383975,3.7956845499353
bomk1234,atla1278,-6.73195840156867,0.306374673426733,0,-4.55530902816,3.915298520563695
bona1250,mong1349,-9.682655839878027,0.5218552394515684,0,-4.198508334684,4.51930068033842
bond1247,atla1278,-6.800636454105719,0.3171351678129376,0,-4.86987749499,3.7579914250232997
bong1289,aust1307,-3.3229372896558558,0.13706108979342188,0,-1.3768131994875001,3.24850886030159
bora1263,bora1262,-8.457949512400708,0.4253825370673122,0,-1.2214619581892499,3.712697061958285
bori1243,sino1245,-2.370118562564378,0.06318288809584949,0,1.3248895986525,3.08828292299495
boro1277,gong1255,-8.617119329033125,0.3300599026702859,0,-4.937760848505,4.6556915097116995
boro1282,boro1281,-8.431547069209492,0.4328534145869805,0,-1.2737108780900002,3.7506588451638754
boto1242,aust1307,-0.5466577982668648,0.03520590071658752,0,-0.33981821856525,3.16323680845752
boun1243,atla1278,-6.673488928270537,0.29588186591794713,0,-4.676276709416,3.846695788877615
boun1245,nucl1709,1.7854189601130113,0.14987602282943338,0,1.121053718415,3.262257442270955
lave1249,aust1305,-4.8826401278149,0.2624387382081296,0,-1.441225644495,3.24267780188671
bret1244,indo1319,-5.6817274209302315,0.3890237265367764,0,-3.40340958339,3.554245269647855
bube1242,atla1278,-5.786171211946139,0.2880510984407589,0,-4.786341007927501,3.7988132849958403
budu1265,afro1255,-9.401072249809545,0.2561089219809291,0,-4.51013234584,3.8138947160497247
budz1238,atla1278,-6.726616609473915,0.3039838930300063,0,-4.81703427676,3.8113757729662447
buga1247,aust1305,-5.273033908094398,0.3394709095896949,0,-1.54045568353025,3.25714524935816
buga1250,aust1307,-3.980374693165507,0.08073751428194269,0,-1.4299042143374998,3.2236958871266
bugh1239,aust1307,-3.474892291534496,0.19487142502055155,0,-1.53638830495,3.221620301432525
bugi1244,aust1307,1.2308490999999133,0.2292539037710642,0,0.1218102003825,3.197819033862575
bugu1246,sino1245,-0.7545655363023496,0.05174028857608729,0,1.1064653239925,3.1106628823233198
buhu1237,aust1307,-2.994606244888851,0.0935064882489903,0,-1.2091123821075,3.19160182883506
bujh1238,sino1245,2.561315249992905,0.1692786907525976,0,3.318470921095,3.1100450819174847
bull1247,atla1278,-6.7351190351514445,0.30569776507147317,0,-4.5674711930475,3.90394917545396
bulo1242,aust1305,-4.445200826033943,0.20182623722895424,0,-1.4561881523000002,3.2298727222509553
bulu1251,atla1278,-6.506588383085642,0.24532997418743396,0,-4.8062034537475,3.812223932129405
bumt1240,sino1245,1.6460097000916125,0.16122517467857678,0,3.397575531225,3.0869008696687
buna1276,aust1307,-3.8366907866469626,0.16544836509214272,0,-1.361488841740425,3.2152803716083147
gahr1239,sino1245,-1.2682113688289665,0.16048950798722095,0,2.42364072706,3.08111003519263
bund1253,indo1319,-4.924606355674262,0.147919402789908,0,-2.87270971181125,3.395552085022865
buol1237,aust1307,-2.7845778028999257,0.11082284046982901,0,-0.43277354074275,3.18719612217482
bura1292,afro1255,-8.602232227982114,0.22411633712347745,0,-4.4897047981425,3.805815472040215
bure1242,afro1255,-8.324908992461712,0.26844306434767834,0,-4.4678011466025005,3.8253858522266198
burj1242,afro1255,-10.78570758848519,0.470930031181535,0,-4.2590013555125,3.870398993535015
nucl1310,sino1245,-0.3917232840841729,0.048940352465087614,0,0.2328992316509275,3.2202511989067
buru1320,afro1255,-11.06080809469406,0.5221349284053535,0,-4.232566260306,3.86184834628953
busa1253,mand1469,-8.36634455630594,0.37952417577911657,0,-4.5188059739,4.8300222869704
bush1247,atla1278,-6.705506808386223,0.3059276299261016,0,-4.8110348392725,3.802966802436795
buwa1243,afro1255,-8.865964831273494,0.2182370200444337,0,-4.4590910648255,3.8170191678422
bwai1242,aust1307,-3.535403199012773,0.11748511990361687,0,-1.4036890208494999,3.210950956366905
bwat1240,aust1307,-3.1513245093732123,0.16903909872574693,0,-1.605894500195,3.227208944231295
byan1241,sino1245,1.9293982638815121,0.1566741559957314,0,3.1646183003827497,3.103068212318475
caac1237,aust1307,-3.2049474756255996,0.16601407143652036,0,-1.6000308550225,3.23355777818327
cahu1264,utoa1244,-9.853667512922847,0.40310118426341757,0,-2.9697941570027497,3.6129022831170703
cakf1236,afro1255,-6.651472041665899,0.2988882425471256,0,-4.47433508655825,3.82347814765624
cald1236,quec1387,-9.213176719914859,0.456897945022443,0,-2.20102993254325,3.611438893717375
caml1239,sino1245,0.2802128663100394,0.07625986748258991,0,2.1948482112515,3.095478621646845
camp1261,indo1319,-6.197429922453168,0.32954761582062614,0,-3.5054836450674998,3.496619764177415
cams1241,cams1241,-9.045299020783872,0.5231626535542518,1,-1.19293333742,3.749335874215685
cane1242,nucl1710,-2.842830008959603,0.23043483380962568,0,0.12924763989687502,3.41592724942178
caom1238,taik1256,-10.887725244200903,0.8113758425565628,0,-2.3856586002975,3.766764704822915
capa1241,pano1259,-0.9048837733171702,0.08376623731874576,0,1.0404851332090002,3.2746517792218297
carn1240,aust1305,-3.4166746523444838,0.1647073960531261,0,-1.48054893445275,3.251643009793315
caro1242,aust1307,-4.0869110054535875,0.31023180009757956,0,-2.0861150982425,3.23794205889758
cash1251,pano1259,0.9936248662997329,0.09603741109335057,0,1.5285448409565001,3.337627591233465
casi1235,aust1307,-1.0705456955072745,0.0567377886016832,0,-0.5421179294975,3.16611788438017
stan1289,indo1319,-5.752899858665254,0.22076038111141175,0,-3.52475859481975,3.49349458768812
cayu1262,cayu1262,-8.713934161698473,0.5465836249871279,1,-1.281000822005,3.7146446375252804
cemu1238,aust1307,-2.7506162610970377,0.11423449145425438,0,-1.60227018831225,3.2167902936528296
cent2127,eski1264,3.6118259116095635,0.07559077573592338,0,3.1041804210075,3.447014935108805
cent2004,sino1245,-4.770610619482355,0.4508745427764454,0,0.716052572996175,3.17008009890182
cent2292,aust1307,-2.218225289796973,0.15908660452409637,0,-0.5104170594249999,3.16908461685672
cent2084,aust1307,-2.027982698994608,0.05225527308535576,0,-0.553482330572,3.1769861100731003
cent2050,saha1256,1.1740427106959332,0.18259755063399058,0,0.988767870625,3.55656261250861
cent1989,aust1305,-4.377624576807104,0.21042011497545998,0,-1.356671016585,3.232551344703305
mala1479,aust1307,-2.2276450219615067,0.06818270802850111,0,-1.803437247029,3.1682477054006197
cent2322,ural1272,-9.664649653423155,0.40730891659737584,0,-4.315170910055,3.9417683838439252
cent1992,aust1305,-4.57685993876496,0.2078956865745583,0,-1.4610980911785,3.23385736439244
cent1990,aust1305,-3.4636579700499275,0.1743955172358236,0,-1.45927520826,3.23515177897059
cent2126,japo1237,-9.44698322500187,0.46686520319012054,0,-3.784239009682,4.15671656862907
cent2140,miwo1274,-9.23931999262173,0.5074041830081396,0,-1.363009609647325,3.653390851910445
cent2131,utoa1244,-9.645600139271576,0.37125179922338813,0,-3.0813898023024997,3.6045304957444
chac1251,pano1259,-0.7775599896165826,0.09916486621920571,0,0.8808883319475,3.294954425437675
chak1270,sino1245,-1.5745894420348865,0.10595650640566659,0,0.526603203066,3.14336307052473
chak1271,atla1278,-6.663612373615441,0.282771678581164,0,-4.6896927555875,3.864510959081985
cham1315,zamu1243,-9.382560313846616,0.5931294729157826,0,-1.1789324333475,3.74371041401668
cham1312,aust1307,-3.6201465040556178,0.3770058435692015,0,-1.2673391122644,3.245918319236675
chan1313,sino1245,-1.417803615540187,0.05872263577982866,0,0.8939803800017501,3.10365162692399
char1269,gong1255,-9.327045956689549,0.39444153136253757,0,-4.916705103802499,4.690323653950335
chas1234,sino1245,-4.607911389789796,0.40550102285354583,0,0.28796654612025,3.2133616555835953
chek1238,aust1307,-3.93258990160032,0.14012178768840644,0,-0.8702116206125,3.164956347607945
chen1255,drav1251,-9.679745495085001,0.41295227163497095,0,-4.453263958559999,4.0720844599453
chep1245,sino1245,2.364566611725822,0.13474593979282667,0,3.3193265308025,3.106352790260785
cher1273,iroq1247,-9.42944353609543,0.4957622686502456,0,-2.10819436772,3.735630589647875
chey1247,algi1248,-9.067352352342276,0.37861474542107726,0,-2.42177346580125,3.6746180152247696
chic1270,musk1252,-9.356004890375118,0.48743893529046056,0,-2.39646051026,3.6889469733028752
chil1280,atha1245,-10.586488679820159,0.6535302886634341,0,-1.9092683749325001,3.5825265082572653
chim1312,atla1278,-6.653962450542368,0.2916322713240163,0,-4.8634243112575,3.770121187769825
chip1261,atha1245,-9.397961483834152,0.4630527329701258,0,-1.93586332815,3.5600026107650447
chip1241,algi1248,-8.497876190279097,0.3839136377448937,0,-2.4157978464815,3.67217945614264
chir1283,sino1245,-2.6622021864205205,0.0545996888834735,0,1.74584031047,3.12703546687471
choc1276,musk1252,-9.335735992727983,0.4844553799167598,0,-2.3951237278865,3.6912305339896703
chon1284,aust1305,-4.339442372626502,0.21615109133531785,0,-1.4835358805949999,3.248232511514905
chot1239,sino1245,-2.4538297918871104,0.08027988338330655,0,1.68025418383775,3.12040165393259
chra1242,aust1305,-4.081408058527274,0.1430624942932555,0,-1.46813752226,3.23403609631472
chuj1250,maya1287,-3.9261491344588393,0.14591861092659675,0,-1.721809802775,3.57318840735363
chuk1273,chuk1271,-9.474498749203793,0.5534200031433052,0,-2.94987999897265,4.43585952787707
chuu1238,aust1307,-4.1274554371729,0.32801212413586184,0,-2.0852394219150003,3.23111802749429
chuv1255,turk1311,-9.560867539492344,0.44232250831265446,0,-3.8698340318650004,3.8015629641113247
chuw1238,atla1278,-6.751677746380398,0.31578625522578513,0,-4.879389150795,3.7643364121516703
cici1237,atla1278,-5.2646847114894815,0.11693321573780549,0,-3.3891529091,3.71845532113282
chin1286,chin1490,-8.143236387362617,0.376169590783931,0,-1.33130532897925,3.74147855691276
sout2912,aust1307,-1.2007489741679813,0.10636890509774229,0,0.05418933356,3.1406621616406802
coat1243,otom1299,-9.4990808787072,0.42619110904611995,0,-2.64420361506175,3.670157587843505
coca1259,tupi1275,-2.4226280298172913,0.08042622418253137,0,-1.2640631606755,3.4756576484583652
coeu1236,sali1255,1.5008504836828802,0.21013849841711232,0,1.0751493939052499,3.36405285695756
cofa1242,cofa1242,-9.05277098754152,0.5280247603542921,1,-1.32002994175,3.7476796908073053
colu1241,sali1255,1.048284477325427,0.14254569050633623,0,1.08722760313725,3.373183051187455
coma1245,utoa1244,-9.036139219107008,0.30578162744861515,0,-3.0094348028275,3.610392024805475
como1259,sali1255,-3.1708825460400676,0.26728995761326524,0,-0.10013703414475,3.487438325262105
cors1241,indo1319,-6.197951195616569,0.3274654065881138,0,-3.50712684473375,3.506524581488125
cosa1234,sino1245,-4.625216823325038,0.4700909229403056,0,0.2334752351,3.21267868491553
cree1270,musk1252,-9.362493281457073,0.48905494460517285,0,-2.3943947091892497,3.6795635801476347
crim1257,turk1311,-9.60018085229831,0.45194201223495634,0,-3.9011302053,3.778787506404965
crow1244,siou1252,-2.4544868647025746,0.12728063237872997,0,-0.044582770055,3.419477629719745
cube1242,tuca1253,-8.685501873341018,0.38179189213095627,0,-1.7612836019009999,3.66894408091575
culi1244,araw1282,-8.203770032897445,0.401530329772772,0,-1.5596536794392502,3.684968470193
cusc1236,quec1387,-9.743935502984112,0.5534967596281978,0,-2.164991153805,3.62943571807498
czec1258,indo1319,-6.27147507791673,0.34677245988838357,0,-3.4283130807625,3.4977804163991397
daai1236,sino1245,0.18541371824132463,0.059235170766160146,0,2.89886150022175,3.0767066769643954
daas1238,afro1255,-10.746831663034563,0.4529928085619109,0,-4.25077021052925,3.850091992593195
dadi1250,tebe1251,2.648976153403921,0.06370501097314292,0,1.1138737028644998,3.55571576554466
dagb1246,atla1278,-6.5512815682633,0.25948395464582413,0,-4.682978017137501,3.835689331934875
dagi1241,narr1279,-9.273220149906281,0.47719858960605466,0,-4.65490589972275,4.79542137493541
daka1243,aust1307,-3.567623256839104,0.04842649492608996,0,-1.33618813115075,3.22064304196593
damp1237,aust1307,-1.9206281870903443,0.11363568010764984,0,-1.0266530741116,3.187424236862375
dana1252,aust1305,-4.425590425212234,0.10701037705666884,0,-1.6996714187025,3.262377843451405
dand1238,drav1251,-9.678156688226295,0.41692753947043476,0,-4.4711828643175,4.068707565122249
dani1285,indo1319,-6.262946359281062,0.3457677096567134,0,-3.44318243056,3.518816155096885
dara1250,indo1319,-2.3895000261932307,0.04078283542181063,0,-2.9469800644,3.342018459137865
dard1243,daju1249,-9.268605417924697,0.522144952965346,0,-4.109410385110374,4.906157491513374
darm1243,sino1245,1.9031890537003573,0.15508549971770644,0,3.162028423735,3.105896984704935
dawr1236,gong1255,-9.32673235372835,0.39021029494509984,0,-4.907677063065,4.67593602252817
daza1242,saha1256,-2.6265180730200224,0.15237559811525764,0,0.37374811537124997,3.60450504438696
defa1248,ijoi1239,-8.618044015908431,0.42029695108220666,0,-4.4614328827574,4.88551218885557
dege1246,atla1278,-5.731027746528266,0.10148179407811982,0,-3.387257953035,3.670044273141725
dehu1237,aust1307,0.8097034983004723,0.1263155223155619,0,-0.731771479525,3.17908177781597
dera1248,afro1255,-8.7818484608512,0.23159223601520545,0,-4.4746181306185004,3.831032960118785
desa1247,tuca1253,-8.686854804707156,0.38656010062458024,0,-1.7682628601002501,3.6670621263919854
dhao1237,aust1307,-2.151701959888405,0.08520435110779276,0,-0.9770510221095,3.2149444063030304
dhim1246,sino1245,-0.7393665484496381,0.09476058420249853,0,0.6450774906797501,3.1500233963531
dibo1245,atla1278,-6.719643174224487,0.30118747249190203,0,-4.8035110302425,3.8087925933842453
dier1241,pama1250,-1.634925553821895,0.11922388332645384,0,0.71219912944,3.459790703389015
digo1243,atla1278,-6.780827452596222,0.3149150179022076,0,-4.8515092255835,3.76847775547133
dima1251,sino1245,-2.9562943190683235,0.11655786184656833,0,0.5437840782125,3.135588870910135
djee1236,mani1293,-8.68551661710055,0.40984576177938037,0,-1.013455060375,3.71707871462592
djeo1235,nucl1710,-1.7225315800917382,0.10496851550267176,0,-0.5002551528032501,3.499899157610195
dobe1238,aust1307,-3.7961908606401167,0.2281240936502099,0,-1.5734792067204,3.2553275568753453
dobu1241,aust1307,-3.89946322073557,0.15010107506315123,0,-1.35605712672125,3.2105551359379847
domm1246,nucl1709,-1.5866068347213078,0.08396858717266971,0,0.15692084060675,3.2899167406209298
doma1260,indo1319,-4.691916682888107,0.11826103555735214,0,-2.8256845005275,3.41511814721456
doro1266,manu1261,2.8443013369929115,0.05875796129956378,0,0.5904668144427501,3.56481369185944
drun1238,sino1245,-4.066052769894478,0.35027739567649113,0,1.168797626935,3.190368367695005
chug1252,sino1245,0.6027066039693922,0.08290959215796792,0,1.5814889998447499,3.1010356239445853
dumb1241,aust1307,-2.8562823719134514,0.10725373039421675,0,-1.521183816937,3.217806624954525
dumi1241,sino1245,0.8665050867167468,0.022422266477873317,0,2.8926389980950002,3.0754499217422246
dusn1237,aust1307,-4.189683653796917,0.25825197598183514,0,-1.5600986157082501,3.26170262310716
dutc1256,indo1319,-6.240618732276444,0.33778326989753615,0,-3.43086249544165,3.51114473719621
dyul1238,mand1469,-9.5805980439238,0.544345486993051,0,-4.4907262780899995,4.83021115463464
dzao1238,hmon1336,-10.829700552810312,0.750687501787207,0,-3.1370120559762498,3.831588882864915
east2443,aust1307,-4.396857385269755,0.15851017154226357,0,-1.413245720563,3.223963184797465
tang1336,sino1245,-3.0503197772222173,0.09377461628940101,0,1.20216699777225,3.1554815695564953
nucl1235,indo1319,-5.235666569130146,0.10943688628933683,0,-3.1044878986724997,3.578890143800185
east2379,pama1250,-1.2493593532049427,0.10642753501898707,0,1.3367891155175,3.4020101844852952
sout2896,aust1307,-3.8074677254970304,0.17809340460131512,0,-1.51105522637575,3.2369369935959247
east2555,tupi1275,-3.4794794574047465,0.28736390551206387,0,-1.20142835836225,3.485177239895545
east2690,afro1255,-10.507435714018388,0.5473122436310426,0,-4.03352792021,3.909493779199745
east2556,otom1299,-6.9067625246140345,0.20444979433634333,0,-2.6609004622350003,3.624626577916695
east1236,aust1305,-4.7721907434374256,0.2537327159098523,0,-1.353130787824,3.2415401584725148
east2342,sino1245,-3.9235446577534168,0.3730891025546693,0,0.8463925324615,3.159344274247765
east2328,ural1272,-9.627402273782236,0.3983978940503709,0,-4.33852214983,3.8890228089373053
east2773,sino1245,1.4643190405573305,0.039480088199192014,0,3.52720383544325,3.10270709187594
panj1256,indo1319,-1.4596150786993816,0.2137187140177101,0,-2.1574058437029997,3.2848582991716
east2485,aust1307,-4.142933446892794,0.27913087836821,0,-1.375368165415,3.24478583370244
fina1242,aust1307,-1.7081453496562062,0.07888953988952789,0,-0.514271741887,3.179536435301805
east2694,aust1307,1.3173656892277643,0.1259427144079919,0,0.6590793892044999,3.1733676643082953
east2447,aust1307,1.0172281574057047,0.23185489599613385,0,0.36956152497350003,3.118149636640835
east2516,nucl1709,1.965821871658922,0.19002155227003478,0,1.1941566520075,3.28306069776564
huaa1248,tuuu1241,-9.492332652885633,0.5683732650157302,0,-4.79338361360525,5.33476303128961
wall1257,aust1307,1.3626335455233987,0.20224324331904636,0,0.19207102807999998,3.11206202618557
egaa1242,atla1278,-6.694069787689735,0.2985220161330693,0,-4.62518223853,3.8949536690734297
eipo1242,nucl1709,-1.730016660574905,0.053297424739020535,0,0.4983525050075,3.30007387693505
elip1238,atla1278,-6.304385256449583,0.1881616909264847,0,-4.8389946540015,3.82995110596729
elna1235,utoa1244,-8.837713210044605,0.30584073062893774,0,-3.09175857363,3.59433305990895
emae1237,aust1307,-2.824739874739241,0.015393418357909703,0,0.0368270983375,3.117344907550865
emai1241,atla1278,-5.016616100523649,0.135924404376756,0,-3.4168859016775,3.6657379737702502
stan1293,indo1319,-6.233733983148518,0.33816056888258006,0,-3.4428824889375003,3.522721797323045
enuu1235,sino1245,-4.691750379171362,0.5207194441717645,0,0.19020153216,3.20974644377029
ersu1241,sino1245,-3.1652121088498237,0.21901799785132284,0,0.8045842101645,3.17237989301968
erzy1239,ural1272,-9.54051279372127,0.3826023334595101,0,-4.38023929779125,3.9058069282336803
esee1248,pano1259,1.2561411472789379,0.09340716956433222,0,1.68749547639625,3.350831909618445
esim1238,atla1278,-5.019691783824859,0.13737899969839673,0,-4.46707947867825,3.884169918420315
esto1258,ural1272,-9.690839948683806,0.41386967804720587,0,-4.4109355953325,3.89084224362563
even1260,tung1282,-9.53385716830695,0.4798559418118169,0,-4.7163887652325,4.46051472719164
even1259,tung1282,-9.532087377211525,0.48103599689062104,0,-4.71272663539075,4.4622329810253
fala1243,sino1245,-1.3395042723576314,0.0685466153708737,0,2.4404004042125,3.06475501302467
fare1241,atla1278,-6.575972797476226,0.2667939169326053,0,-4.676566853264999,3.84355200305742
faro1244,indo1319,-6.228654026465645,0.340902770929905,0,-3.4498541809325,3.512083739758965
fasu1242,fasu1242,2.863956783005789,0.07301928066125558,1,0.651785389495,3.58870807634439
fiji1243,aust1307,-3.2146954904970015,0.13511473966818535,0,-0.41829380226074997,3.1371816323208703
fili1244,aust1307,-0.4318649917031623,0.07146362453662791,0,-0.244477619528375,3.1526151447173447
filo1235,toto1251,-7.379708241388739,0.2620304352746491,0,-1.99354629394,3.692893568889495
finn1318,ural1272,-9.671634594153542,0.4092966703177221,0,-4.411228120340001,3.8808807036511803
fipa1238,atla1278,-6.7810147862303545,0.3210629863622948,0,-4.836296370535,3.76488498388505
fonn1241,atla1278,-6.314871349153463,0.20625892538134186,0,-4.6223761504375,3.883664338889415
fore1265,ural1272,-9.665470126551849,0.40890663972216507,0,-4.280174947853499,3.94612851378441
fran1266,mixe1284,0.674816293181002,0.12171807824638868,0,0.4766163161825,3.4495331436340653
stan1290,indo1319,-6.060986696989774,0.2911709703756225,0,-3.51099301587,3.49625174023797
fuln1247,fuln1247,2.359056647187826,0.06684322575986806,1,1.182370612505,3.585465485487775
furr1244,fura1235,-9.542152563338977,0.5731050465336952,0,-4.50392187250025,5.091864894095311
futu1245,aust1307,-0.25369030132311465,0.13477114094519765,0,0.3609481352895,3.11782295852958
fuyu1242,fuyu1242,-6.400600335839465,0.2973278945492802,1,-0.54659481232,3.452275181562455
gaaa1244,atla1278,-6.535504732653022,0.2613276934444251,0,-4.625620215585,3.8852423106428002
gaaa1245,atla1278,-5.146548658005207,0.1342131705633006,0,-4.471739115875,3.861476669108595
gaan1243,afro1255,-8.301077466772838,0.192965363632309,0,-4.45404834913925,3.816435489788045
gada1258,aust1307,-1.7371919043821138,0.06388870027752538,0,-0.5768838208275,3.16440517009434
gade1242,atla1278,-2.7634957488579768,0.3056105812931938,0,-3.3331076142644998,3.678316085281785
gaga1249,turk1311,-9.634066680088086,0.45787634449214015,0,-3.9237903020775,3.76015763928498
gala1264,afro1255,-8.168448956006344,0.27753099944740767,0,-4.49347927143025,3.83465172039538
gale1259,nort2923,-2.129355382470317,0.06407428354796967,0,-0.4177126159975,3.4310266455965897
gali1262,cari1283,-2.217714805305155,0.14815734469866604,0,0.407270828655,3.351341344870245
gali1258,indo1319,-5.9664435930189965,0.26876314604239077,0,-3.5159357342449997,3.4777195388126847
galo1242,sino1245,-3.012487956709017,0.12059352728193448,0,1.3626743949455,3.078058454727525
gamo1243,gong1255,-9.389513075885471,0.4057012302472278,0,-4.9057220835525,4.66474783657947
gang1266,sino1245,-2.58415834451256,0.08725171019788698,0,2.59312563654625,3.079316990019195
gant1244,nucl1709,-1.7116585379533222,0.06883039231750945,0,-1.4834635230150002,3.4900775386846696
gapa1238,aust1307,-2.778891579687061,0.09826492736552654,0,-1.44001479791125,3.222105792045175
boht1238,afro1255,-9.379652664025802,0.25370923693529596,0,-4.0892506350515,3.8752889223686
garo1247,sino1245,-2.626950387868588,0.14471564502674042,0,0.560493312584275,3.151350444436085
gayo1244,aust1307,-4.3424698097808685,0.3681544431272794,0,-1.45621403859725,3.23644845560161
geba1237,sino1245,-3.1510125751816016,0.18996556790093133,0,0.84201361999075,3.1701196440705353
gebe1237,aust1307,-4.306641029704469,0.33258829849946747,0,-1.54009875441,3.263033588628205
geda1237,aust1307,-2.0915956254739383,0.10178785862823735,0,-0.9838308593462499,3.1837896970785753
gela1263,aust1307,-3.8355943839345836,0.24344483686173235,0,-1.5243635026045,3.21633804604562
nucl1302,kart1248,-8.111918998389108,0.37440873832467103,0,-0.967535599616125,3.72475456110751
geru1240,afro1255,-8.112981332069287,0.2835785579100323,0,-4.473406480429375,3.84222155766137
ghar1239,aust1307,-3.8146773505330858,0.263753678883508,0,-1.5322653585800001,3.224038155999405
gheg1238,indo1319,-6.307027332162123,0.3501136717177315,0,-3.1520121172325,3.5793670854479203
giiw1236,afro1255,-8.309977422924156,0.2688769529573107,0,-4.476233509897501,3.8323440298823703
gilb1244,aust1307,-3.723395191309809,0.23826353981875567,0,-1.867615673715,3.238942850106235
gira1247,nucl1709,-2.5643990511391705,0.1069400122230714,0,-1.2016955736075001,3.5387688143871703
glav1244,afro1255,-8.171257971164344,0.20863517383237395,0,-4.48955128037725,3.8042548932928604
gofa1235,gong1255,-9.359962608777689,0.40191810852911414,0,-4.910785812512501,4.665754608293344
gogo1265,suki1244,-5.54978033612157,0.42479359030219416,0,-1.447957987211,3.660784629966025
gola1255,atla1278,-6.703814052627894,0.30575491243996045,0,-4.5632099477775,3.93230778610455
guah1255,guah1252,-8.173014202337296,0.4001045216119329,0,-1.4121289058725002,3.695483320843965
guam1248,barb1265,-8.990768891858774,0.5194196882218173,0,-1.2684807110037,3.719630905198845
guat1253,guat1253,-8.506399852658788,0.5160185476638711,1,-1.21920623848,3.74179355453252
gube1234,atla1278,-6.714556695850713,0.30198023293453535,0,-4.5081038305700005,3.9315158128454897
gude1246,afro1255,-8.923031704494123,0.221428718022723,0,-4.4718055199475,3.82451451566122
guer1243,otom1299,-9.160734004417645,0.36006037534698543,0,-2.57117908866,3.68642074175826
guhu1244,nucl1709,-1.7252455230214387,0.10680218965527398,0,0.42214854402025004,3.252649256768945
guiq1238,sino1245,-1.602053022211516,0.060145916145523545,0,0.7333666229585001,3.17548243909008
guma1254,aust1307,-3.855286723121012,0.13753565521767175,0,-1.3338914544625,3.2210043729833098
guny1241,pama1250,1.1902742636228574,0.1059830468226074,0,1.6522684876725,3.447992642607375
guri1248,guri1248,-8.051355593602503,0.3781734034326338,1,-0.833346554787575,3.818632359421885
guru1261,sino1245,1.1804040221648977,0.018911852190789363,0,3.58434304201575,3.06379960382405
guru1271,afro1255,-8.059897468357388,0.28376931499145025,0,-4.459083522187,3.850499099277945
gusi1247,atla1278,-6.761384139754456,0.31015903426619734,0,-4.8839542597875,3.76260140472339
kwam1249,koma1264,-8.665854164050423,0.4322132288219699,0,-4.3785511435965,4.794718815244595
gwen1239,atla1278,-6.797517084842855,0.31623480587536745,0,-4.8837565940475,3.773585909068435
gyel1242,atla1278,-6.467550880867993,0.24182314216122883,0,-4.78616762041925,3.82297974247671
haaa1252,atla1278,-6.766248374080656,0.31600480918844703,0,-4.872871480275,3.7788396011323098
hadi1240,afro1255,-10.561161516207237,0.41639507005666226,0,-4.2629583751424995,3.857623990899775
hadz1240,hadz1240,-9.605265183813378,0.5855693058843664,1,-4.412032247732499,5.1191268075491
haka1240,sino1245,0.5956237725877518,0.06539459524604073,0,2.5164978016687503,3.076371062388075
hakk1236,sino1245,-2.899043372134326,0.23079374509990028,0,0.300238437907,3.17217123919407
hala1252,aust1305,-4.8682629850237475,0.24326490522088703,0,-1.4490012592375,3.249409535629785
hali1244,aust1307,-2.0563966651624908,0.08380824148232392,0,-1.06898262137625,3.206518357220895
halk1245,sali1255,-2.92403144594645,0.18925874218161348,0,-0.083609440315,3.48870735570869
hame1242,sout2845,-9.312585999869636,0.5219751313311342,0,-4.5154091747325005,5.021074513635044
hang1263,nduu1242,-7.79654397866256,0.2992963919332352,0,-1.122689153025,3.71173218711497
hani1248,sino1245,-4.515452005186983,0.5099398381530451,0,0.18028595158075,3.208832726850395
hano1246,aust1307,-4.155682972605604,0.12734752204386598,0,-1.42257393288625,3.21754805441432
haro1237,aust1307,-5.332624228875732,0.4610087234468415,0,-1.52879480402,3.218588833696945
haru1245,piaw1238,-6.4581135948464485,0.2458103392238572,0,-1.798785359361725,3.694796872871295
remo1247,aust1307,-1.4653650085876428,0.09815961253839701,0,-0.6073065508275,3.17972617480736
hava1248,coch1271,-9.030466671229382,0.4682847596769139,0,-1.8755588258837501,3.7092095752717
hawa1245,aust1307,-3.3667247201360597,0.32468951007988617,0,-0.59509484921,3.11121321556013
sabu1255,aust1307,0.32287404575285716,0.12769514644354707,0,-0.6873087313465001,3.19564181719155
hehe1240,atla1278,-6.834172145162812,0.3259638692992584,0,-4.8659712895515,3.766541662645655
heil1246,waka1280,-10.1260650441019,0.7490347224628761,0,-0.874837093345,3.650692835930645
here1253,atla1278,-6.693556280023476,0.3001811803504082,0,-4.7866921740675,3.791293208178045
hida1246,siou1252,0.910018399043695,0.14669778323542512,0,0.33281500659850005,3.3971030321078253
high1276,mixe1284,-1.6556586106994309,0.10384347584324227,0,0.1576284311525,3.464970470804105
high1278,utoa1244,-8.209378489777137,0.2407546920011303,0,-3.12157015076425,3.58811813591538
karb1241,sino1245,-2.819131855990909,0.11365283564206768,0,1.23367181265575,3.167738787696665
hind1269,indo1319,-4.946606191086618,0.14887982480142953,0,-2.8809286781225003,3.39719601822746
hixk1239,cari1283,-1.8200475904386146,0.09726609528670359,0,0.023673532605000002,3.3812748236655947
ainu1240,ainu1252,-9.483800636759835,0.5581597421177986,0,-3.3238210598849998,4.6789220077963805
hone1235,atla1278,-4.291864595851566,0.27605149716715216,0,-3.4417008886050002,3.677866679063465
hopi1249,utoa1244,-9.326237812133485,0.3248893410637118,0,-2.9786907410165,3.5964855379369602
hote1245,aust1307,-3.675432419720774,0.09366677515755248,0,-1.44354949218575,3.21144954173982
hozo1236,maoo1243,-8.655921632411903,0.4274119714769216,0,-4.45118998601,4.84326001577589
huuu1240,aust1305,-6.005352706767765,0.31682013560930145,0,-1.7170661405275,3.256485125424385
hual1241,quec1387,-8.226349736181042,0.35243237930100557,0,-2.159378606656,3.6133673931649053
huam1247,jiva1245,-8.983149866862767,0.45427225031691504,0,-1.9698080304335002,3.67517434494787
huar1255,utoa1244,-9.703090423257468,0.37941718952076103,0,-3.0818425735929997,3.60134799243571
huas1242,maya1287,0.7825629400637197,0.2598476805988138,0,0.1819038638475,3.46018509111246
huba1236,afro1255,-8.765289787680459,0.2170732246877284,0,-4.491406659922999,3.81584021272963
huic1243,utoa1244,-9.194128724304012,0.3039343562639963,0,-3.090584728862,3.616609323789485
hula1239,aust1307,1.9889986783933402,0.18704231199749735,0,-0.455029904516825,3.14877564075044
hula1244,afro1255,-10.812942693813854,0.4661649314108652,0,-4.08909859627,3.88348111933258
huli1244,nucl1709,1.7364274760579432,0.1931040747317204,0,1.238598324645,3.288645570025615
hung1275,aust1305,-4.963344020370233,0.3543505578650824,0,-1.3960806404845,3.2307213970729247
hung1274,ural1272,-9.733679109156522,0.4174622129098841,0,-4.318376444217501,3.938815908985015
hunz1247,nakh1245,3.175540156302958,0.0717583738710881,0,1.8702946500225,3.54036648385857
wyan1247,iroq1247,-9.445870003520096,0.4988893738061177,0,-2.23380176464,3.7097512095350202
hyam1245,atla1278,-3.1239616906478034,0.32108371528660457,0,-2.9557229843700004,3.613011822506305
iaai1238,aust1307,1.0612061251700275,0.14811966986108438,0,-0.7302347356509999,3.1848115285734346
iama1237,aust1307,-3.797464190493307,0.12964490923836516,0,-1.36473163849275,3.219639137184795
iatm1242,nduu1242,-6.905385976303285,0.2742507440634385,0,-1.1591961401552502,3.698034495236655
ibal1244,aust1307,0.5830297326096767,0.09795341787982584,0,-0.2299988058375,3.185344204467895
iban1264,aust1307,-3.905941245725875,0.265801267845469,0,-1.7282543261,3.18889929593264
iban1267,aust1307,-0.4873562658664862,0.09858715743018912,0,-0.11658917362474999,3.156935159168425
ibat1238,aust1307,-2.5828355821368802,0.11290546974418726,0,-0.3001668539225,3.146646615527985
ibib1240,atla1278,-5.486581820566149,0.0861013449860686,0,-3.306385068815,3.70457842499433
icel1247,indo1319,-6.218717542857405,0.3389750289568076,0,-3.4509421988755,3.51776168605865
idii1243,paho1240,-6.265137615412264,0.38452225187198663,0,-1.61771576757875,3.678625221433295
idum1241,sino1245,-3.041992537711617,0.17339103708066353,0,1.1757076117965,3.1324944351625
idun1242,aust1307,-3.4112802371741036,0.10800354650467171,0,-1.397998430877575,3.21088825257526
iliu1237,aust1307,-4.471194472099133,0.32429960211082515,0,-1.6120491505399999,3.25312308623869
ilon1239,aust1307,-0.6556974806912557,0.027786489993599537,0,-0.6691269857475,3.172627372080485
imba1240,quec1387,-9.228893672005348,0.46534570653391744,0,-2.1968645939425,3.60990338809164
ingr1248,ural1272,-9.682414472579282,0.4126393091133318,0,-4.42412014186,3.8747977211436053
alba1269,aust1307,0.43580841039214313,0.07936596732366606,0,0.36352680524000003,3.1423652845884753
irar1238,aust1307,-4.309406236824772,0.31095700746291727,0,-1.4851128874685,3.254631054952235
iris1253,indo1319,-6.227516950951495,0.3370737547413278,0,-3.423923281735,3.541234561538505
irul1243,drav1251,-9.692290140520278,0.4144023193299876,0,-4.48469525362,4.0757058988622905
isco1239,pano1259,-0.9507859851147584,0.07047682611039699,0,0.8743469558195001,3.30012940326123
isin1239,aust1307,0.4230355657543114,0.08020431645600076,0,-0.1333657923425,3.172076547616615
isir1237,kwer1242,-8.526633367070282,0.4079515149364554,0,-1.197202826995,3.6687443057144904
isna1241,aust1307,-2.6355169599998396,0.10942178529815848,0,-0.53067633953,3.18039956768464
isth1240,utoa1244,-10.650946234289428,0.43440308477918627,0,-3.135138664341,3.60305332196977
isth1241,utoa1244,-10.576930013607349,0.42911814262378406,0,-3.1284767112500003,3.594972277603235
ital1282,indo1319,-6.259184118654021,0.3434808244522182,0,-3.4993446597949998,3.49360363251474
ivat1242,aust1307,-1.8809761374585836,0.060318583362147266,0,-0.26505894220875004,3.1451634221145053
iton1250,iton1250,-8.61416777643893,0.5072586192044155,1,-1.25262331699,3.7378505375773
itza1241,maya1287,-3.797520639313884,0.21627197233259474,0,-1.80045221079325,3.571854841503205
iumi1238,hmon1336,-12.539291610247862,0.8829248988700743,0,-3.1387248198292497,3.82265712415413
iwal1237,aust1307,-3.429118104019654,0.09104277597152632,0,-1.4562502602675,3.225120313982365
iwam1256,sepi1257,-7.834811132431106,0.3019907179442068,0,-1.1786290160239998,3.699672829289375
iyoo1238,nucl1709,-3.365872329445284,0.19187284735570018,0,0.01849796893249995,3.31438053510943
jahh1242,aust1305,0.8334877201727622,0.16415767934717534,0,-0.302292481772,3.1271407402994598
jamb1236,aust1307,-3.6356547279828355,0.22442873363268476,0,-1.7982694481950001,3.179282673606215
djam1255,mirn1241,2.51230096865691,0.0651962808514889,0,1.5715610397745001,3.573782490408835
nucl1643,japo1237,-9.564444878876206,0.4928528491408027,0,-3.7530718223950004,4.1152060546384455
japh1234,sino1245,1.2190582699971912,0.12521563502262512,0,1.775688854257,3.102726809817425
jara1266,aust1307,-5.675197445317179,0.5119431645430764,0,-1.553919431931,3.2052158361818
jehh1245,aust1305,-4.814804161085068,0.24005696150505618,0,-1.453889341842,3.247404537856595
jeha1242,aust1305,-2.865393626135787,0.13783753096318843,0,-0.5121828127975,3.1376373553066497
jenn1240,drav1251,-9.677834125345928,0.4079533678041041,0,-4.4799727863962495,4.066916808751245
jeru1240,sino1245,1.2262944348469285,0.034041258834954534,0,2.7138296385855,3.0680369062957453
jiba1237,atla1278,-4.68389019637495,0.20817788354242261,0,-3.45239286435375,3.670945026108555
jina1244,afro1255,-9.286005204396352,0.2419683727870697,0,-4.512825758205,3.81495991459885
juku1254,atla1278,-4.672572656199228,0.18550118607776378,0,-3.453300712519,3.670082173520735
kaba1278,abkh1242,1.1035886621012505,0.09265027325867917,0,0.560217418465,3.4834374337224547
kach1284,gong1255,-9.404485785810744,0.4083214290775932,0,-4.9425097658325,4.67547029884789
kada1242,drav1251,-9.67875539375936,0.4070483273444689,0,-4.477829711825001,4.063245913535241
cent2100,aust1307,-3.243801271732302,0.17064024613353954,0,-1.4791062305185,3.24479636344089
kado1242,sino1245,-4.540650971080314,0.45628258154429796,0,0.53820043723,3.143893828361575
kafa1242,gong1255,-9.236909156788752,0.3782752268463194,0,-4.935480771483499,4.65188406936776
kaga1256,aust1307,0.0881670394188383,0.06266021482367044,0,0.43429116190875,3.15438525503962
kagu1239,atla1278,-6.822640136798816,0.32385223799262897,0,-4.878399650562001,3.78062875217529
kaik1246,sino1245,2.8976461985271103,0.3086012354761486,0,3.40187073312975,3.09192855018241
kaki1249,kaki1249,2.4344205231074145,0.06292076485041097,1,1.7476307810165,3.526656418689725
cacu1241,kaku1242,-8.629811678482698,0.4516638473172009,0,-1.03348262423,3.72464575690694
kala1399,eski1264,3.6067541705165667,0.07659626886256274,0,3.37421759112,3.4285565645428298
kara1499,west2604,-10.006577451363782,0.7176687372065429,0,-0.99455334308525,3.735947166275345
kala1384,atla1278,-6.694221893263548,0.3066532366706712,0,-4.869328107982501,3.78002860084389
kamm1249,atla1278,-4.66740408892991,0.20105635473739178,0,-4.6447301281125,3.859580967040865
kama1370,nucl1709,-3.1021502756224684,0.13480179078173982,0,0.048605279895,3.3392738468406753
kamb1297,atla1278,-6.759861134386017,0.3105807536684607,0,-4.8836444994475,3.773640045654495
kamb1299,aust1307,-1.953362637735283,0.13103900589175796,0,-1.3595603604000002,3.2264530210619897
kana1286,aust1307,-2.4469149161346198,0.09278496852476979,0,-1.8221024455675,3.353974471470035
kani1286,nucl1709,-2.770386562347369,0.11458758873516149,0,0.04595656300075,3.32919839824035
kank1243,aust1307,-0.1511644342965876,0.07195322120859864,0,-0.316341251245,3.1768878092337998
nucl1305,drav1251,-9.67450301885949,0.40880401024106156,0,-4.475546395415,4.07064056607925
kaon1241,atla1278,-6.72864560457441,0.30921672601472316,0,-4.784377329345,3.7763611081592696
kaqc1270,maya1287,-4.190558937070955,0.25171388275252204,0,-1.73726936650025,3.559833814467815
kara1500,nucl1710,-2.01062383623416,0.08951261522304663,0,-0.47799369255,3.4772810001838304
kara1487,aust1307,-0.4567346468844953,0.032427705259311546,0,-0.4765873067575,3.1803556620244198
kara1486,aust1307,-4.6626860989324985,0.29926087422092107,0,-1.3184087286500001,3.22552192705469
kare1338,atla1278,-6.1559952269935945,0.17176900138894152,0,-4.6881898878685,3.854218734493165
kare1335,ural1272,-9.664374862130476,0.4097176008873779,0,-4.422552542875,3.87862599108769
kari1311,tupi1275,0.9412835254446542,0.17803656448867053,0,0.6836991763,3.407271102349565
kark1258,pauw1244,-7.742799398162507,0.3559938751895199,0,-1.19350295618375,3.747330750658085
karn1252,aust1307,-4.4981039543390615,0.19231797694742486,0,-1.3304295785025,3.215538715095255
karo1304,karo1304,-9.205270959367997,0.5213023290365348,1,-1.46207887719235,3.755059027697495
kash1277,indo1319,-3.7468090145636244,0.19098570526380312,0,-2.5011705076125,3.35481132412605
kask1239,atha1245,-9.575527221942728,0.4969303370644504,0,-1.9272955470987498,3.58175462114217
newa1246,sino1245,2.1102310000668707,0.09378976137029736,0,3.5258336832575,3.10419259248886
kats1235,sino1245,-4.688484363415936,0.497964362104123,0,0.24952853812975,3.2138187832301304
kana1291,katu1274,2.491371292831544,0.06314407011094955,0,1.009722212332,3.58675415751053
kaur1271,kaur1274,-7.190292428020954,0.3269160165771966,0,-1.1736096597825,3.76037398038105
kava1241,aust1307,-2.709641920558066,0.13073616123066037,0,-1.8878297878645,3.354329542295015
kaya1315,sino1245,-3.5010498895166764,0.250112763166273,0,0.85828369850325,3.158574429804985
keap1239,aust1307,1.8606764278000316,0.19559319356464586,0,-0.44853414395625,3.14536565497436
keig1242,kadu1256,-8.907630184656226,0.5501874802437933,0,-4.415608716205,4.988635760610141
kele1258,aust1307,-4.5582257117748615,0.28209644893740543,0,-1.6222210543980249,3.2426880874112403
keme1240,atla1278,-5.232935982097528,0.11845031840176996,0,-4.5372223316574996,3.8317038525646048
kens1248,aust1305,-3.333161568901136,0.11219949665534998,0,-0.5118141634992499,3.137522960778915
kenu1236,nubi1251,-9.449433271206818,0.5616086671414234,0,-4.4371757385875,4.8805257276836755
keoo1238,aust1307,-2.063524919280857,0.09987772479236129,0,-1.2992343284825,3.2340915462493154
kera1255,afro1255,-9.684321211146806,0.2765732364153635,0,-4.44639660843,3.853306054089965
kesa1244,nucl1709,-2.8121049007871024,0.11616960213896686,0,-1.1317407535125001,3.5471845510690647
kett1243,yeni1252,-9.481101636688209,0.554235557426317,0,-3.9668410689174998,4.723202722265985
kgal1244,atla1278,-6.690807244734069,0.2993350792349294,0,-4.8924994151425,3.7671624683424003
khak1248,turk1311,-9.632224667198527,0.4586881308558508,0,-3.911244276483,3.7826599034150252
khal1275,sino1245,1.2251941202798884,0.03961767959553933,0,2.89175609874175,3.0862783239394096
kham1282,sino1245,1.5664575302566348,0.23672186917411514,0,3.307398568844225,3.03052876151846
khan1278,atla1278,-5.7106447965138365,0.09850537875687064,0,-3.28479346031,3.6911884254481997
khan1274,aust1305,-5.441218148494373,0.40132540990504967,0,-1.7239286073495,3.26266963170496
khar1288,sino1245,-3.15002900214394,0.10657704032778935,0,2.81383164153675,3.0704736084406052
khas1269,aust1305,-3.929062322347558,0.14688032517187627,0,-1.6832983121205,3.2823003030841447
khez1235,sino1245,-2.3981644066035983,0.03662252524328166,0,1.3097618130750002,3.150384578120735
khmu1256,aust1305,-5.5975412253826695,0.39465081139855246,0,-1.470992359326,3.2373943924635498
guan1266,sino1245,1.22244119530108,0.12251729939163154,0,1.913933166165,3.1135282356605503
khum1248,sino1245,0.02375107648559455,0.056128399495810215,0,2.0142159372975,3.09607828350644
kich1262,maya1287,-4.190232058645021,0.2426779576780305,0,-1.75601807854325,3.5749886678969
kiku1240,atla1278,-6.744000764169849,0.30487150848722905,0,-4.87248520333425,3.78734317756067
kile1243,tung1282,-9.553625968032861,0.48240799657278355,0,-4.7231202700225,4.44890228142466
kili1267,aust1307,-3.131477614428329,0.21449350273545695,0,-0.9450029942975,3.14399942048236
kimm1245,hmon1336,-11.9351952067788,0.906493473582723,0,-3.1426636469604,3.8318133730841204
kina1250,aust1307,-1.3996731880935953,0.1520696416598357,0,0.16078387561250002,3.13794836083921
kinn1249,sino1245,-1.5124957931952272,0.1718892285352606,0,2.702718034927725,3.094858500906945
kiow1266,kiow1265,2.3573138299654532,0.06775283536860308,0,0.88705690509,3.5101983125779697
miju1243,sino1245,-3.811819249015156,0.26837923505549516,0,0.7869483185520001,3.1572682124436904
koda1255,drav1251,-9.672692488726005,0.4080050623989381,0,-4.49684955852975,4.053288105634405
koho1244,aust1305,-4.262507201940657,0.16111626370784735,0,-1.4570112340177501,3.246734198169885
koir1240,sino1245,-3.081877097861673,0.09278233516215847,0,1.74776101558025,3.12397177242499
koit1244,koia1260,-7.087292204099931,0.24984315970449059,0,-2.9675038952355752,3.653529985997025
koka1244,pama1250,1.4060566508224754,0.11939707371504915,0,2.4294478092912497,3.3970435802266348
koko1269,aust1307,-3.007958689956979,0.14164133194741535,0,-0.904155307915,3.1796362329384102
kolb1240,atla1278,-5.543502255478995,0.08692909257477263,0,-4.7135866343,3.851672387592175
kolc1235,atla1278,-6.527472763877796,0.2478910418984698,0,-4.7594984415275,3.81913110841218
kolu1245,aust1307,-3.7082214738234294,0.12417074958553226,0,-1.39262930705,3.212893870511465
komb1274,nucl1709,-2.097951468791986,0.09451774096061248,0,0.06121097051725,3.297327317098095
komc1235,atla1278,-5.476824014139368,0.09903809824971167,0,-4.501534649145,3.8566024662001848
komi1270,sino1245,-2.9789432892849206,0.09490476635357865,0,1.6980265585,3.13243592878007
komi1269,ural1272,-9.662467435524933,0.40662963551707426,0,-4.3054719243405,3.89980232433639
komi1268,ural1272,-9.663669548164911,0.4082013787715779,0,-4.31432067609975,3.905468086347515
komo1260,atla1278,-6.74299221757742,0.3090715481692326,0,-4.81754352333,3.8082107876679103
kona1242,east2433,-6.7416288439885275,0.27844235057733596,0,-1.9841034120955001,3.63957159435676
konk1267,indo1319,-6.091502028468741,0.3118396997238334,0,-2.830487146175,3.3769584093343203
kony1248,sino1245,-1.9146612349201486,0.03987596350101286,0,0.8598626170525,3.113986738391415
konz1239,atla1278,-6.75999055878356,0.30549607864382733,0,-4.856586399199999,3.79372333191147
koon1245,atla1278,-6.540361381967257,0.26870912291368493,0,-4.780086360692501,3.81449932276777
koor1239,gong1255,-9.436285455937686,0.4167968892259934,0,-4.9443067441475,4.673368690842535
koro1298,atla1278,-6.616666367291947,0.280658515208401,0,-4.6921944374575,3.8659476451607553
koro1313,sout2948,-7.093672971524683,0.334784503770363,0,-1.274629058784,3.7184065054086197
korr1238,drav1251,-9.6707563260805,0.407988781124036,0,-4.44432488355,4.0926889922175995
kosa1249,nucl1709,-0.3536519352514791,0.11365462401164285,0,0.9269695668492499,3.27846186362311
kosr1238,aust1307,-4.002039760631101,0.2959946955967638,0,-1.8059633140470002,3.24740009014457
kota1263,drav1251,-9.675524285753708,0.40683935879400246,0,-4.4619360353435,4.061098107243504
koti1238,atla1278,-6.767243526497934,0.3201314556988479,0,-4.8610908655225,3.78814325320497
guan1269,tuca1253,-8.687135064369087,0.3856565772378115,0,-1.7119740787967501,3.64984346095993
kove1237,aust1307,-4.579674618190889,0.25342212440569567,0,-1.3481366189363,3.229403262155405
koya1251,drav1251,-9.684213494585986,0.41858026668424453,0,-4.48713002044625,4.06696039952053
kren1239,nucl1710,-1.8258147765448922,0.08898641959719794,0,-0.0031475375660449997,3.4282769207137953
ngeq1245,aust1305,-4.900932770563365,0.2732746472637681,0,-1.3362991948261,3.23791192051341
kuan1248,aust1307,-3.8935746307152765,0.15355360349716182,0,-1.16737669065675,3.218568088451695
kuan1247,atla1278,-6.680102175731143,0.2974706237126025,0,-4.78879643801425,3.77381591762791
kuii1252,drav1251,-9.761824381254467,0.4343600898899612,0,-4.474068566674999,4.083319379723755
kuik1246,cari1283,-1.4990215307833257,0.07357510337335378,0,0.03763958425875,3.3705759193728397
kuku1273,pama1250,-1.3782615991743987,0.10016954345928149,0,0.4551884411425,3.485651424585685
kulo1237,aust1307,-1.611102537299245,0.07201323981187494,0,-1.4955791242899998,3.36141156032316
fait1240,nucl1709,-2.5912718662593965,0.09706699021616405,0,-1.4810130428075001,3.504083558074405
kulu1253,sino1245,1.5173039751635522,0.07562136484089885,0,2.78512204736435,3.106434663998005
kuma1280,nucl1709,-1.9305140726368935,0.0886097586592868,0,0.165197857285,3.2895759991070648
kumb1268,pama1250,-1.72811392917705,0.12520487850776282,0,0.5471132275174999,3.465457263245945
kunb1251,gunw1250,-2.255604491121548,0.13416632682305588,0,0.38944044748625,3.44719712789554
kuni1267,kuni1270,-0.9204552086103002,0.040392621909102366,0,-0.3552915074798,3.45094860243923
kunj1245,pama1250,1.0853831758885457,0.09456850865566087,0,1.821736663574,3.4504975454319853
kuot1243,kuot1243,-9.592223128336206,0.667921953128468,1,-0.994538639157,3.814196204982175
kurr1243,pama1250,-2.592920748608144,0.2965859481014915,0,0.604161786265,3.411263891664065
kusa1251,aust1307,-0.8808501860927587,0.03247432890679491,0,-0.7569897103675001,3.155371637706375
kusu1250,kusu1250,-5.842482511870916,0.2683033378096253,1,-3.4702011929725,4.28025321751431
kute1249,kute1249,-7.296072510118652,0.3233494884183413,1,-1.457984319395,3.716932386244955
kuyy1240,aust1305,-4.815799869485135,0.3064603345615952,0,-1.3572912021099999,3.24908190239923
kwai1243,aust1307,-4.398329698217218,0.18911424873488158,0,-1.5393574820209999,3.238556878494845
kwam1252,aust1307,-2.51510060716202,0.08881101862616378,0,-1.658658504051,3.20962763322016
kwar1239,aust1307,-4.3452779385709785,0.17802390659498565,0,-1.5607904334909999,3.240643460186055
kweg1241,surm1244,-9.358654227269158,0.455748447454191,0,-4.73864393319875,4.840844744735286
nucl1595,kwer1242,-8.326792690346567,0.39098173027552147,0,-1.19321999094725,3.6821591055778997
kwin1241,worr1236,-8.039555479557157,0.342115067116691,0,-1.4042552390295,3.6834544819274
kwom1262,sepi1257,-7.604470826527125,0.3013362233616777,0,-1.1659769824212498,3.7186246671589602
nucl1593,kwom1263,-8.035606501834849,0.37485833439268207,0,-0.8929536759600001,3.76410322980865
kxoe1243,khoe1240,-9.537937973490223,0.557931118125027,0,-5.0202288511275,5.28857098166269
kyer1238,sino1245,0.7677696971657717,0.15499741968624522,0,3.0298764238557503,3.00733086876803
cori1240,atla1278,-3.063725659808412,0.3272269380679047,0,-2.93656990637675,3.6115390907564953
laal1242,laal1242,-8.976285288616149,0.47093685568672083,1,-4.22610751857,5.00997198456499
labu1248,aust1307,-4.025942991166589,0.0859121258398732,0,-1.45612081315475,3.2134400881789302
lach1248,taik1256,-12.000651100187413,0.9421787939883791,0,-2.375367365004,3.762612840645065
lafo1243,tege1244,-9.159198769799318,0.49230708002118023,0,-4.20757776590725,5.08459755852435
lagw1237,afro1255,-9.298109796971955,0.24340851515669631,0,-4.5033896590474995,3.815661873128415
zaye1235,sino1245,-3.0982684496629327,0.19564355527283384,0,0.8643587855165,3.1557023669873248
lahu1253,sino1245,-4.531027944737245,0.45026079139117153,0,0.27755732358749996,3.20625102288465
lahu1252,sino1245,-4.596311570220274,0.4371443210276299,0,0.276941971758625,3.2042915134894647
laiy1246,aust1307,-0.7944367817266267,0.14282479497656603,0,-1.476803101745,3.211681043154615
lala1268,aust1307,-1.6757174392405774,0.16674988139063157,0,-0.8187275843399999,3.13968462713927
lala1264,atla1278,-6.745951070055629,0.3150056656835705,0,-4.8770089233325,3.767346117194155
lama1277,aust1307,-3.434716966071278,0.12422595557776596,0,-1.5494201788075,3.232035524983055
lama1288,afro1255,-8.141555002248248,0.20442754744338593,0,-4.5082816992725,3.842363916475515
lamb1269,indo1319,-6.189324142714865,0.3313672152068417,0,-2.8426602434295,3.409787470613895
lamb1273,aust1307,-2.130425788178993,0.13535622455592802,0,-1.35989089444875,3.22654055897173
lamb1272,atla1278,-6.806038906187595,0.32192966975568665,0,-4.833612158185,3.7665322986159753
lame1260,aust1307,-2.3882076486470565,0.08104185540897806,0,-0.87980677339,3.171719362401845
hela1238,sino1245,1.6973205094395203,0.0556583370885934,0,3.1059408712575,3.01023703332511
lamk1238,sino1245,-1.9093314982869156,0.051193065200046566,0,1.68433376475,3.1171437124528047
land1256,atla1278,-6.741796919215947,0.3034938070950474,0,-4.5639007687925,3.919618920444155
lang1320,atla1278,-6.823323371599916,0.32505053821242247,0,-4.859702558095,3.756901569197725
lara1258,lara1258,-7.573333230647406,0.36225358318382633,1,-1.354677528869,3.7288462361267154
lash1243,sino1245,-4.542591693046747,0.39921417292119893,0,0.28883101089170005,3.216053914563065
teke1275,atla1278,-6.721005373738366,0.3052365907839505,0,-4.791585568255,3.78958113381964
latv1249,indo1319,-6.259233290198307,0.3450124376660672,0,-3.369211607485,3.51934238073683
lavu1241,lavu1241,-9.53090296776527,0.557235859089541,1,-0.9524645061425,3.821148372245805
lega1249,atla1278,-6.734049241022535,0.3119538932718477,0,-4.8249040055400005,3.7670140869506348
lele1276,afro1255,-10.047639215865248,0.3282641179927833,0,-4.4550852614875005,3.860959728117275
lele1267,aust1307,-3.0613627754029427,0.04824996126515795,0,-1.0241202749595,3.19057930077878
lele1270,aust1307,-4.599120111047923,0.2908854498736957,0,-1.64924457188225,3.24004920805403
lemb1266,nucl1709,0.8539543066776103,0.10902028712468534,0,1.3467368926024998,3.28594452439098
leme1238,aust1307,-4.1242968415365535,0.19539531198413665,0,-1.4345796251160001,3.21871441800074
lena1238,aust1307,-2.7500165772734295,0.10034663934772645,0,-1.66039619698,3.2215096506377447
lend1245,cent2225,-9.571134015044532,0.503473036194518,0,-5.0216007878925,4.99027797839384
leng1259,aust1307,-3.9620149376839504,0.27144232488918923,0,-1.54005657526975,3.221985457779625
lepc1244,sino1245,0.763312690549296,0.05394460345885537,0,2.974896847438,3.125189673828865
leti1246,aust1307,-4.425320588629917,0.3009416216978427,0,-1.6377856427330002,3.25300710379326
lewo1242,aust1307,-2.5670654678094316,0.03593189911930725,0,-0.8798974650975,3.1720918931524498
lewo1244,aust1307,-3.3392137619028732,0.11332232972006863,0,-1.55603028074875,3.228040080524395
lezg1247,nakh1245,2.9436493764192893,0.07022966884506096,0,1.8714805006597501,3.535429839570395
lian1251,sino1245,-2.9690134846487712,0.10597195187105114,0,1.2382209373975,3.17059563365412
lihi1237,aust1307,-3.7379292185429467,0.1309639708662031,0,-1.3496650102087,3.2099678571381602
liji1238,atla1278,-0.5303339031679268,0.29891032410056595,0,-1.93140708551625,3.55879892186313
lill1248,sali1255,-2.9750713317946698,0.22696313119526937,0,0.48969059802899995,3.42419465708225
limb1266,sino1245,1.323771659938675,0.06096948769312828,0,2.958286896625,3.117033651545245
nucl1327,limi1242,-7.748262415859523,0.3700403970350907,0,-1.1144128974775,3.682571062478515
limo1248,aust1307,-2.135423278554151,0.07222284251233108,0,-0.5072120150225,3.17852452152352
lipo1242,sino1245,-4.828339107483838,0.4789297660237207,0,0.24967234455850001,3.206859676710625
lish1245,afro1255,-10.60420778720322,0.41991167487358994,0,-4.091548695805,3.89389743672759
lisu1250,sino1245,-4.572360437514617,0.3746766074832881,0,0.242538445286175,3.2114994701599002
lith1251,indo1319,-6.2663906131172835,0.34641027120636675,0,-3.3696803309014998,3.517714857168585
livv1243,ural1272,-9.685986915228549,0.4085994175678016,0,-4.423754587965,3.878130906434145
logo1259,cent2225,-9.53985621899746,0.5008337687956741,0,-4.9969489062875,4.986811331840229
balo1261,atla1278,-6.732561230339451,0.301473241338933,0,-4.824514573355,3.792021001620345
loka1252,atla1278,-4.939701525098523,0.13521920789463956,0,-3.2817106814792503,3.68520518133689
lolo1259,sino1245,-4.804681413635121,0.47831292815860305,0,0.2437945174125,3.2051997812677904
lomb1257,indo1319,-6.225144505912264,0.33092280744815705,0,-3.4958089826250003,3.5108597041111347
chiq1248,chiq1253,-9.022902615449222,0.5244830303587718,0,-1.2040564329649999,3.70090185700277
acha1249,sino1245,-4.083981447147115,0.35272760723119695,0,0.29721688461374995,3.22121529673071
long1395,aust1307,-3.9565484076897883,0.29315373933181876,0,-1.5038095376146,3.220447673241145
loni1238,aust1307,-4.624469969448598,0.30329139426985674,0,-1.62977689883075,3.24399607879841
lote1237,aust1307,-4.165843916240997,0.20929747768146778,0,-1.3259685333925,3.20819428995595
loth1237,sino1245,-2.334788434704649,0.05567052982170323,0,1.55700782041625,3.11830482566059
louu1245,aust1307,-4.6212370338033635,0.2971312239321382,0,-1.6055026550674998,3.2514262117883552
vano1237,aust1307,-2.679386834373853,0.10038126658176691,0,-1.46585262276025,3.2071997663161502
lowl1260,tequ1244,-9.1075188716705,0.5928487961454487,0,-1.72320539518,3.811503198373185
lowl1265,utoa1244,-9.684167762032185,0.37608395278100554,0,-3.0678286438032503,3.59971526478189
lozi1239,atla1278,-6.7274105938126,0.30550775618642356,0,-4.8710036930465,3.78144630320838
luan1263,aust1307,-4.391104384388285,0.30337820855791653,0,-1.6452010308975,3.240341844869805
onto1237,aust1307,0.4802939631628131,0.17173247193282992,0,0.1229256162425,3.11162307289478
ludi1246,ural1272,-9.676044790812272,0.4079680934277976,0,-4.418533779080001,3.88007660984207
lugb1240,cent2225,-9.537235896600013,0.4995854959016851,0,-4.9956757290725005,4.967538001571475
lugu1238,atla1278,-6.802716162047672,0.3233929419695951,0,-4.8696925900135,3.78082614186866
lule1254,ural1272,-9.674408997902297,0.40874670190432605,0,-4.40349552899,3.88315914052113
lumb1249,atla1278,-6.68262694302748,0.2965240351469849,0,-4.760565572367,3.79409006532798
lumu1239,narr1279,-9.200119248361291,0.4728160834457918,0,-4.666523693213151,4.86442967150512
luok1236,nilo1247,-9.65352882772718,0.5351751201032577,0,-4.58241281891475,4.65779977186048
lusi1240,aust1307,-4.628848121051702,0.2482969306825476,0,-1.3476005070572499,3.22391707588882
luva1239,atla1278,-6.715155312198197,0.30430283840270556,0,-4.78745514126875,3.7752282906734598
luya1241,atla1278,-6.705743855129478,0.3056560437694583,0,-4.787363118435,3.8110398773499803
maan1238,aust1307,-2.7664950040847325,0.10726645117803778,0,-1.2682410636719,3.2235569599947302
mace1250,indo1319,-6.303418110301067,0.3491396281512479,0,-3.4251650787935,3.512556876795715
macu1260,tuca1253,-8.627921965149227,0.3776136173947687,0,-1.7357843092575,3.663852876178935
mada1285,aust1307,-4.287771692037236,0.1961451468679906,0,-1.28379337334225,3.2214776534438148
madi1260,cent2225,-9.477864450884146,0.48741446510401193,0,-5.003372903069749,4.966114313024475
madn1237,east2374,-6.829942467102011,0.3828810393740121,0,-1.5313143205625,3.78144263006115
mafe1237,aust1307,-4.743528477773878,0.19333813225088547,0,-1.4175391592675,3.216765497371275
maga1260,indo1319,-4.932083193214732,0.1517679833510697,0,-2.9269875858075,3.351143700031395
maga1263,aust1307,0.31196624600891276,0.07582316140103743,0,-0.07139310392,3.164192772566895
magu1243,aust1307,-2.385148046763148,0.15525394007501278,0,-0.44478703204000003,3.1695118108313
mail1248,mail1249,2.427921074960027,0.06708446424519042,0,1.4615913678610002,3.50476447434031
mais1250,aust1307,1.0386349446000303,0.17418748433843148,0,-0.61365726278775,3.1660668139870554
mait1250,indo1319,-4.312562668321114,0.1615422903311376,0,-2.92564830853,3.3434467770508647
maja1242,surm1244,-8.66782900949294,0.44033183599619297,0,-4.7078817360575,4.83206590001683
maka1304,atla1278,-6.479398145560777,0.2366501910086627,0,-4.771433679699999,3.813326894611405
makc1235,taik1256,-11.121753866362013,0.8571086224807667,0,-2.3837164873675,3.771857973290035
makh1264,atla1278,-6.758972195511531,0.31735063923692036,0,-4.8789595039245,3.78102586450273
makh1266,atla1278,-6.761072512635355,0.31699304068408185,0,-4.87003745146,3.780173536869025
mako1251,atla1278,-6.776721645282689,0.3186514882443797,0,-4.8742167871025,3.773781680763585
mala1463,drav1251,-9.676746362635853,0.4089578555199154,0,-4.4848680722725,4.04631545660295
mala1534,aust1307,-2.3709030137941687,0.08229973333306345,0,-0.34995890970050003,3.16305362596038
mala1464,drav1251,-9.676813605118596,0.4075847251554027,0,-4.4838958230575,4.0520113189094555
male1284,gong1255,-9.40859877289489,0.40727707682541,0,-4.9090548789825,4.6826561700110645
male1297,chib1249,-2.224110691115864,0.21413455334381185,0,0.041741175017999996,3.519217432653675
male1289,aust1307,-4.58704321573052,0.2258710037824824,0,-1.27136610672475,3.2127686477508197
malg1251,afro1255,-8.153040017402857,0.20217179447914452,0,-4.485759765739,3.80308643547116
mali1285,otom1299,-9.420970544161499,0.33190824737102687,0,-2.562801213545,3.667942385349125
malu1245,aust1307,-4.634985803309705,0.14874754864435571,0,-1.3804450667122001,3.2148987196483603
mamm1241,maya1287,-4.1095061605169905,0.21403359807417577,0,-1.7327441304025002,3.56477181094654
sauk1252,nucl1709,-4.208460497857395,0.2784084789445517,0,0.055807596585750005,3.334241604032315
mama1275,aust1307,-2.0960456036703214,0.16978064353827674,0,0.0725438508125,3.1394211367578153
mamb1306,aust1307,-4.098974543996733,0.25527278435500794,0,-1.5399874436685,3.260439449354225
mamb1294,atla1278,-5.207202428168193,0.08950807436487651,0,-4.7366505796150005,3.880292012188135
mamb1296,atla1278,-6.781044755862585,0.3204176570993248,0,-4.8382061577325,3.7690400576864
mana1295,aust1307,-2.6779211426548857,0.04796477156371212,0,-1.3945512954115,3.20937565528358
mana1298,nduu1242,-7.391340149524513,0.2874239520852424,0,-1.1422649717775002,3.6957251825705946
mana1288,sino1245,2.8247957733459677,0.23157810209865054,0,3.58435024568175,3.072644427779755
payn1244,nucl1709,-2.2617785245873105,0.08763119166283768,0,-1.471898969138,3.4990073880379304
mand1440,aust1307,-4.293877271602143,0.22401689005453396,0,-1.346376844635,3.21523228236927
mand1415,sino1245,-2.577460224038261,0.17300778147656048,0,0.31561170771245,3.17143543962706
mang1378,aust1305,-5.7886824536830925,0.36539217771988436,0,-1.527528407665,3.236581135421255
rapa1245,aust1307,-3.4053903659217184,0.3324696967730387,0,-0.6027461715894751,3.125477406632145
mang1401,aust1307,-3.395279342464383,0.3318756942112836,0,-0.5476959950975,3.12676287009236
mang1381,mang1423,-6.400405399337697,0.37541614554260977,0,-1.333292291705,3.72103320657529
mang1394,cent2225,-9.550758422623995,0.5097994410813264,0,-5.0254629530549995,5.01093840210458
mang1404,aust1307,-3.7365860716641883,0.09698742210165055,0,-1.4626255346825001,3.2295751731366398
mang1405,aust1307,0.09862703519191825,0.11505262805002234,0,-0.60607293893825,3.1951690968092548
mang1403,aust1307,-4.268397203639054,0.21862493303517422,0,-1.3226177753975001,3.21608513835458
tong1308,aust1305,-3.718204193943561,0.11055495878556956,0,-0.51319312990275,3.14331063404037
manm1238,aust1305,-6.005152352954594,0.32439067450159115,0,-1.7215263748575,3.25498397434926
mans1260,hata1242,-9.757658144780281,0.6690473140917496,0,-1.044675113167,3.77624592256166
manu1258,aust1307,-4.598063045225375,0.36990008893220166,0,-1.5428059938015,3.261901602459785
maor1246,aust1307,-3.355257733794543,0.32216033320592075,0,-0.60221694103625,3.1038407161548447
mapo1242,aust1307,-3.909390443048226,0.09045333772185081,0,-1.4557274559039999,3.22752340163465
mapu1245,arau1255,-9.25703597070046,0.575072453927942,0,-1.3816811176225,3.7516067171167498
mara1382,sino1245,-0.8322676479359385,0.07149566706839117,0,1.95368320444925,3.10684393583961
mara1399,aust1307,-4.545811705143199,0.1308180317912789,0,-1.4068280402625,3.2223631359750398
mara1379,sino1245,-2.957234424780946,0.08069782365543579,0,1.2726292043580751,3.17969532577243
mara1404,aust1307,-1.1395152699001767,0.09572222467200804,0,-0.5261815656575,3.1843784166446047
mara1386,west2434,-7.22107510401251,0.3266810553682741,0,-1.43598078995,3.69392389910198
mara1396,tama1329,-9.687346534634926,0.5841017937848828,0,-4.564223099708,4.770369001329955
mara1378,indo1319,-6.136963860220363,0.32141782844529243,0,-2.83946497258,3.37588606616607
marg1265,afro1255,-8.355977858497406,0.20327174103697143,0,-4.499399930345,3.83248011065565
mari1414,drav1251,-9.553609223214757,0.39455171607506145,0,-4.48281570317125,4.073554248856745
mari1440,coch1271,-8.942592240246093,0.4551708406045232,0,-1.8636228202325,3.70506763940485
mari1428,aust1307,-2.3133417145437076,0.10903675060018758,0,-0.9147218203381751,3.183539414087305
nucl1622,anim1240,-6.82256043388171,0.34568470646563526,0,-1.059935410735425,3.68521145283316
mari1416,sino1245,-1.8274320756821745,0.04716798121039625,0,1.18760610872225,3.1533276686034153
mari1424,west2434,-7.106347434068294,0.34103654309753934,0,-1.38100256911675,3.7293846927115153
moro1289,moro1289,-6.361300630965057,0.36363185289701083,1,-1.3687714475432,3.688286903670085
mars1254,aust1307,-3.887980265384585,0.2796095261414173,0,-1.9569009207949999,3.245465339099285
mart1255,pama1250,-2.754184693692239,0.26088655546792244,0,0.6419731333650001,3.41529600641643
maru1249,sino1245,-4.776887711618567,0.49738705605761646,0,0.31465791973025004,3.223615007079665
maru1252,pano1259,1.6071603554705174,0.13147189202470322,0,1.388549244022,3.297096071685175
masa1322,afro1255,-9.758119044109053,0.28521045383698895,0,-4.43588421708715,3.845831926745925
masb1238,aust1307,0.3579295062455765,0.06285451046902939,0,0.516018702407,3.15516566632631
mask1242,aust1307,-3.3903620315787073,0.040671567422550264,0,-1.407840509309,3.212454502889025
matb1237,aust1307,-4.5251022349731915,0.3829529890278876,0,-1.52030139489925,3.26379887289723
kemb1249,aust1307,-3.9869264746868165,0.25764465724618896,0,-1.38051131893025,3.231811540265785
mati1250,aust1307,-1.8235893160750645,0.05287680833632468,0,0.0568483715355,3.1511907157739047
mato1252,aust1307,-4.204184453008311,0.06770792553673234,0,-1.11358744527625,3.20472230963906
mats1244,pano1259,1.619823897958292,0.13079326442411734,0,1.5181188315965,3.38060515351844
matu1261,aust1307,-2.7222716324555902,0.05816623687381929,0,-0.91591130126325,3.18415522008267
matu1259,atla1278,-6.789416116151132,0.31977592412207534,0,-4.8922208855575,3.776075624907725
maun1240,iwai1246,-8.94251940259994,0.42924926588347506,0,-1.04794138008775,3.70642777878726
maxa1247,nucl1710,0.9739589963984709,0.1374241045326922,0,0.4142550212575,3.388132593760815
maib1239,mayb1237,-9.983676522615838,0.7199176161438924,0,-0.9508800081625,3.7394991689396804
mayo1264,utoa1244,-9.762680999757118,0.3888014962753802,0,-3.06357483045625,3.6154306337483453
mayo1261,atla1278,-6.713182699976411,0.2988074697722427,0,-4.73055786609175,3.862882971721695
maza1304,afro1255,-9.033818945969434,0.22514941637930908,0,-4.4650465140375,3.8207375359540503
mbaa1245,atla1278,-6.721624575083938,0.30642195435682507,0,-4.73317327338,3.85650076876943
mban1263,atla1278,-6.689955772077304,0.2912436074770154,0,-4.7211797013475,3.85326249707826
mbar1260,afro1255,-9.647566133171395,0.2733743613005512,0,-4.498142741323,3.812460048414205
mboc1235,atla1278,-5.866420879485365,0.10958674987207788,0,-4.7780633691075,3.8343451358244103
mbul1263,aust1307,-4.536907462472184,0.20593519707547514,0,-1.31471634735125,3.211498980510475
meen1242,surm1244,-9.238376498333487,0.43365324561486174,0,-4.7287706809,4.8113973228108105
mehe1243,sepi1257,-8.134470246174477,0.31830543573331205,0,-1.18335613162825,3.7047301644788346
saki1248,tupi1275,-1.6927877100879662,0.08255919789261264,0,0.535362558651,3.372127613206175
mele1250,aust1307,-3.055703133843541,0.051256877534370464,0,0.29373944424275,3.11321999677962
melo1242,gong1255,-9.353646661510732,0.39693184608265497,0,-4.9149134088299995,4.6721285916903
melp1238,nucl1709,0.8906113093398735,0.10286848027647642,0,1.1560412893507501,3.265888890583085
mere1242,aust1307,-4.766009197482257,0.23196794441279303,0,-1.3979899260295001,3.2138438883671148
meru1245,atla1278,-6.715815301591636,0.30109562610947804,0,-4.858904433239999,3.7823671729681
meta1238,atla1278,-5.464797252996664,0.09447054912608009,0,-4.4905371856035,3.85497042694809
mezo1235,otom1299,-8.901961448651615,0.3113735144792528,0,-2.5955870574924997,3.679612475111755
mezq1235,otom1299,-7.768614143254059,0.28043056530896093,0,-2.65393998221275,3.62416548757736
mich1245,utoa1244,-9.411043192925977,0.32815779875017903,0,-3.1247046555924998,3.59550157060673
midd1327,aust1307,-3.591641810625009,0.09927861063144376,0,-1.4253991785350002,3.2078255446189052
miga1249,afro1255,-10.700073185006243,0.45338660768493805,0,-4.42824872427075,3.850407829640545
mika1239,musk1252,-9.41993246072806,0.5012807509667234,0,-2.38778860774775,3.68254771427561
mikm1235,algi1248,-9.525087449022763,0.4786576668282367,0,-2.3862568696132502,3.641476466875125
mila1245,sino1245,-3.3800133806855612,0.17824910301008762,0,1.3387966762935,3.107008776259965
mina1276,afro1255,-8.97554717412675,0.22223975126834958,0,-4.43928698723,3.815158453828265
mini1256,huit1251,-8.656821560057772,0.4341953652447673,0,-1.4621221282025,3.6935084544613597
mini1251,aust1307,-3.988072509389157,0.1666619358912154,0,-1.1842820527366,3.2206149206090346
minn1241,sino1245,-2.3816561390552256,0.11799056332355473,0,0.4016293315125,3.1848498283155147
miri1266,jarr1235,-7.243433361548013,0.3799391842088244,0,-1.35064811853,3.735693686568565
misi1243,aust1307,-3.6275963739463224,0.17740611210823237,0,-0.9499349520075,3.13841455900893
mixt1426,otom1299,-9.56258652051591,0.43592067699239506,0,-2.62756522836,3.67188759731094
miya1266,afro1255,-8.299200932175784,0.27194779144274217,0,-4.466861337125,3.839018312770895
miya1259,japo1237,-9.22978753543994,0.4199467673427721,0,-3.7858356243275,4.126311204822279
lush1249,sino1245,0.780399793816823,0.09022474035756581,0,2.4649522481475,3.0901536957477154
mlab1235,aust1305,-5.2801373541269925,0.3619351318853375,0,-1.4714660529175,3.244257780579085
moba1244,atla1278,-6.4996835816664245,0.24984268199296908,0,-4.669346622227501,3.858610935658835
moch1257,maya1287,-3.884555281706363,0.1487460886077666,0,-1.73274855294475,3.573854047652495
moco1246,guai1249,-9.466257466180501,0.5961417015263718,0,-1.544186937209,3.7060513181576953
mode1248,indo1319,-6.266025031468384,0.3476313088689265,0,-3.115333228687,3.595517488805075
moha1258,iroq1247,-9.452871825767435,0.4995890881866876,0,-2.26853979922575,3.714982326418705
moii1235,west1493,-10.05021490148263,0.726150037303341,0,-1.081366763533,3.740904062704885
moke1242,aust1307,-4.87254204723526,0.40550554110505244,0,-1.3911289037475,3.21676136099252
moki1238,aust1307,-4.1600823861800675,0.30969561677363294,0,-1.9930114231624998,3.2256784790874153
mokl1243,aust1307,-4.828295697258092,0.3845390083871127,0,-1.3916528159150001,3.225867637743495
moks1248,ural1272,-9.594072819775972,0.3924616744164971,0,-4.3838791486375,3.905158191882745
fass1245,baib1250,-8.312631164802827,0.3995409939999044,0,-0.8635734963375,3.74645295824892
mono1273,aust1307,0.3432402574109421,0.14331083496877028,0,-0.55321560961175,3.14819218160322
mono1270,atla1278,-6.636993097594341,0.28918089323780266,0,-4.726547575785499,3.8615952307090797
mono1275,utoa1244,-9.85211398435407,0.40055431736920927,0,-3.0067519281085,3.6022730046436697
nucl1458,monu1249,-8.143624993288528,0.3802361234232531,0,-1.102402588525,3.721331387944135
mopa1243,maya1287,-3.9518111086523655,0.2607459483421338,0,-1.7916233545775,3.579367442400275
more1259,utoa1244,-8.27949393415896,0.22896254101483662,0,-3.136784918165,3.6018953476965603
morm1235,aust1307,-3.6986659339079093,0.13094789557073172,0,-1.55740073240375,3.27672805572612
moro1287,aust1307,-2.322905168836946,0.10872734574335714,0,-1.3191993221445002,3.212613410254185
mose1249,mose1249,-9.80776057884048,0.6098863930360949,1,-1.24221685331,3.7351393816099
motu1246,aust1307,1.533408264947016,0.16679684808873138,0,-0.64348095620625,3.1370247550657098
mouk1239,aust1307,-4.540376271532132,0.23180187333838106,0,-1.3039388407675,3.22196475588122
moun1252,koia1260,-6.798083204100079,0.221776201433518,0,-2.95835536668875,3.669040424639155
movi1243,movi1243,2.292101584677323,0.08558001434346366,1,1.57928663859225,3.581490661741925
tang1347,aust1307,-4.776102063644,0.20642861472748217,0,-1.400378205072,3.2410651138660898
moyo1238,sino1245,-2.7184553264029967,0.09042145470061735,0,1.67015768729725,3.13820616386308
mpad1242,afro1255,-9.14446401414078,0.2365818389380579,0,-4.496341215605,3.8268938152075798
mpii1239,sino1245,-3.9071429505469135,0.44190761207488133,0,0.19620055769525,3.210304355416395
mpot1240,atla1278,-6.798550922589081,0.3220260840774863,0,-4.8898069386300005,3.7707312603032896
mpur1239,mpur1239,-9.870654851630395,0.7005030720415096,1,-0.99707090582725,3.783755897409605
mual1241,aust1307,-3.9645032714202255,0.2599442826810618,0,-1.72634192627,3.19243824795824
mudu1242,aust1307,-4.801478479793738,0.3480476605976848,0,-1.3110223085889752,3.2260250855035997
mudu1239,drav1251,-9.674931583921207,0.40650844044875345,0,-4.490193632055,4.06946077460852
mull1237,nort1547,-6.979099858285602,0.36836283103742246,0,-1.4293277769425,3.7547962821664402
nucl1240,atla1278,-4.886509108776702,0.17351164712726574,0,-4.723828758325,3.861970730162345
munc1235,sino1245,0.6367456009047929,0.10975614458750262,0,2.89149727226375,3.068069430065
mund1328,atla1278,-5.20796900798217,0.12259942550312003,0,-4.627909187535,3.831422044706145
mund1330,tupi1275,-2.8153641437345858,0.14358916594228985,0,0.13302119851744998,3.43233671165775
abar1238,atla1278,-5.177742441935828,0.12593596977160737,0,-4.5743670370434995,3.820146660827975
murl1244,surm1244,-8.770517250834043,0.46747092817427344,0,-4.7442488552575,4.80523837752816
muru1274,huit1251,-8.793767236287849,0.4491169999213685,0,-1.4579328923117498,3.692849055172925
muru1266,pama1250,-1.2404184236288405,0.09108707951514852,0,0.6168287610325001,3.44580897976853
musg1254,afro1255,-9.438219173695739,0.2524506033307351,0,-4.4894685220534996,3.808887540599915
muso1238,aust1307,-4.159762735213444,0.08222259470485267,0,-1.44470423234,3.217001668877745
mwag1236,afro1255,-6.974892313598241,0.2993808308386519,0,-4.4949023779835,3.82196636399837
mwan1247,atla1278,-6.747670569507839,0.3180477913694901,0,-4.878531723229999,3.7823400366822453
mwer1248,atla1278,-6.792062373930013,0.3199914067789202,0,-4.881871404812025,3.779507888000785
motl1237,aust1307,-3.9322501181598497,0.1717523335654096,0,-1.447045856882,3.229244298743285
sout2857,aust1307,-3.9258373561096156,0.0823296152954547,0,-1.402284439453,3.22027637123464
naka1262,aust1307,-4.299422127774121,0.2321235806766428,0,-1.3257006759775,3.2358236228452553
nalc1240,nucl1709,-1.4426658326761421,0.02478234884749604,0,0.670531782286372,3.2788847925302553
nali1244,aust1307,-4.607224427429395,0.27484814001491337,0,-1.3122741858425,3.220469608524625
nama1268,aust1307,-2.828517706052076,0.015449634970571039,0,-1.156836365085,3.1931277571608803
litz1237,aust1307,-4.447606786921078,0.11860758658039136,0,-1.382471441915,3.21165724307576
namb1293,more1255,0.1421599841684191,0.06249008944499512,0,0.6510840476624999,3.46553784464687
namu1246,sino1245,-3.7652986212543818,0.28589082379702946,0,0.7844057659620001,3.16187268801225
nana1257,tung1282,-9.547076380411427,0.4813237825114566,0,-4.733335227612525,4.448106301643859
nang1262,aust1307,-1.3910186192939564,0.08266843999983922,0,-1.4610215505975002,3.24092161082446
nati1244,aust1307,-3.9750325754584424,0.08111758471310754,0,-1.38448955565575,3.22006973997632
naue1237,aust1307,-4.351737588863507,0.2827357064675011,0,-1.6433746937557498,3.25100034519272
naur1243,aust1307,-3.5556423372685777,0.20043867691377534,0,-1.7483854371875,3.2564472495170254
nava1243,atha1245,-8.678747080505776,0.3525201108190114,0,-1.910724347258,3.589231455893175
nawu1242,atla1278,-6.511459478139588,0.2519719392873463,0,-4.65421424588625,3.88925698969822
naxi1245,sino1245,-4.432636256836863,0.39282861026423327,0,0.7766986813075,3.1703560796916452
ncan1245,atla1278,-5.4036194306129826,0.10512222446278789,0,-4.541593503424499,3.8344301930149802
ndam1239,atla1278,-6.838225847568556,0.32716039889893944,0,-4.858785773239999,3.756129777849845
ndog1248,atla1278,-6.591195246426274,0.2710921138611241,0,-4.70596276977,3.8600366328225197
nege1240,aust1307,-1.6947934464032635,0.03145113267336989,0,-1.790694923290105,3.16750496695345
negi1245,tung1282,-9.534173188906937,0.48034809917235377,0,-4.702937768,4.45579240119152
neha1247,aust1307,-0.13096496824951925,0.1564400364286106,0,-0.35536225872625,3.17223338326806
kuma1276,aust1307,-3.493047742752752,0.20896212310706924,0,-1.5967469859935899,3.229225288615935
nenn1238,more1255,0.7737497682677033,0.020860124644880795,0,1.38986239164975,3.4620501415776
nend1239,nucl1709,-2.2472680405915533,0.08503949478936133,0,-1.457954728043,3.505189691697095
neng1238,aust1307,-1.5539541190071056,0.06892808446968582,0,-1.3387334819582501,3.20830348282745
nepa1254,indo1319,-2.5637397691810797,0.17272215223013743,0,-2.8889392443475,3.368730657914805
nese1235,aust1307,-4.64860841260557,0.1504090278942474,0,-1.36229371637,3.2121309866626797
vinm1237,aust1307,-4.355148126229786,0.10887100138911707,0,-1.3787633246075,3.2280331326734997
ling1265,aust1307,-4.324033182729584,0.10514759887659741,0,-1.3803202770674998,3.22362451914787
nezp1238,saha1239,-7.183505010790297,0.3093677949780143,0,-1.68821651399025,3.72118267942265
ngaa1240,pama1250,2.0709704480961033,0.24793796749517974,0,2.5990210358125,3.41257642974168
ngal1292,gunw1250,0.9625138013823146,0.11468525171005961,0,0.6531269853387001,3.43081742062801
ngan1291,ural1272,-9.66442511294089,0.40814204524725156,0,-4.2675064063625,3.951484563384885
ngar1284,worr1236,-7.653189963642102,0.3534607605111532,0,-1.3818834889625,3.701039151125025
ngas1240,afro1255,-6.812104015541967,0.22571516613494355,0,-4.4972997099375,3.822593439795465
ngba1284,atla1278,-6.655251802551643,0.2841254574438319,0,-4.743781036350001,3.8572484177921753
ngba1285,atla1278,-6.707725172571708,0.2963853729692502,0,-4.635466574620525,3.8714481701295753
ngit1239,cent2225,-9.60842385468029,0.5088399622601714,0,-5.0178790328175005,4.9734915942158295
nhan1238,pama1250,-2.31679491870136,0.24560654483830158,0,0.9278881943135,3.44101419394137
nhen1239,tupi1275,-2.443326508104616,0.09093751307945966,0,-1.25932425207565,3.465847909092925
nila1242,atla1278,-6.803598154961916,0.32355361494657775,0,-4.87265155887,3.784259877322775
nucl1633,nimb1257,2.410325655449207,0.06739754684039258,0,1.9059902920449998,3.52071166704973
labo1244,aust1307,-4.082011350451225,0.09070348591165131,0,-1.39612152587075,3.20497830447189
nisg1240,tsim1258,-9.438684519435188,0.6823266483408512,0,-1.47212770911975,3.73095957267745
niua1240,aust1307,-1.529717051426267,0.15626356048131562,0,0.1143845408675,3.1089929634084648
niue1239,aust1307,1.1390449348588474,0.1757988743538517,0,0.36629111253900004,3.1408337719428703
niva1238,mata1289,-9.187223102205813,0.6619588427624973,0,-1.20420141666325,3.74047215577093
njan1240,atla1278,-5.770109961299852,0.09970824929409304,0,-4.4606465718325,3.8646956646709647
nkon1248,atla1278,-6.4968010773125435,0.2466181808420174,0,-4.6335830655277,3.8748423813338
noct1238,sino1245,-2.873262024943167,0.11408215768041012,0,0.64644616539,3.1382279729676
noku1237,aust1307,-4.6597814718997785,0.27983387114648767,0,-1.420946581625,3.20796600693444
noma1260,atla1278,-6.248882767477632,0.17269151177795738,0,-4.8170436263775,3.8101825060203653
noon1242,atla1278,-6.693560139398305,0.29927590480227106,0,-4.519030560752,3.9346343263919197
noon1243,atla1278,-5.5019049510275355,0.09887473992324755,0,-4.5692484897900005,3.84319604629989
nopa1235,otom1299,-9.440386038896202,0.4143748889756295,0,-2.67091370681725,3.67151165977327
nort2839,aust1307,-3.6212715166118326,0.05646049759509794,0,-1.3555670918999998,3.222827823075095
nort2697,turk1311,-8.18585824814907,0.3027877580984408,0,-3.9369899264574997,3.760624932725065
nort2930,kiwa1251,2.5996995837021073,0.06345142391843071,0,1.3616454468475,3.50874325440335
nort2724,sino1245,-4.642102898415668,0.41140804796858116,0,0.728614145425,3.178081605944535
nort2702,drav1251,-9.686483834431293,0.41707847581147106,0,-4.49619544624,4.082227792942135
nort2938,haid1248,-9.843757326880642,0.6331744015949233,0,-1.3543391596287502,3.717471873418805
sing1264,sino1245,-3.172027393379187,0.15703329544421388,0,0.534432081945,3.14378715896879
nort2877,aust1307,-1.4556965659619374,0.05186596034462609,0,-0.44887057947375,3.183751604682535
nort2684,aust1305,-4.743454145693583,0.2982766898042141,0,-1.35284947303675,3.23307965532583
lush1252,sali1255,-2.6369111141111854,0.1461735002755424,0,-0.0758620247525,3.47733066458735
nort2954,utoa1244,-9.719072978285963,0.3759902585267749,0,-3.012358585765,3.61069886160459
nort2957,utoa1244,-8.030100314819947,0.23890178164543094,0,-3.133865853609,3.6016344345408697
nort2723,sino1245,-3.6959218123824176,0.27199117302510045,0,1.27334712879,3.131938951520565
nort2747,hmon1336,-11.025122767621447,0.8043368872092329,0,-3.096253692402,3.819348133199825
nort2722,sino1245,0.5628062778710499,0.08223850730377522,0,1.5016644266024999,3.093628789311285
nort2885,aust1307,1.3499301296194257,0.13303148830148395,0,0.6561896903775,3.17161222043601
tosk1239,indo1319,-6.306934041189432,0.35053662125341173,0,-3.1592034912104996,3.58891800547927
nort2732,sino1245,-2.9451296947475063,0.2589411100504933,0,0.82523998780225,3.18094119898907
nort2690,turk1311,-9.340339842826012,0.407872939727847,0,-3.9203541977625,3.78846788772123
yoku1256,yoku1255,-9.266074672927164,0.5335623054079873,0,-1.65756938814825,3.7882205481810747
nort2745,yuka1259,-9.476131033390601,0.5547170854805513,0,-2.9577288150075,4.39367073633923
nort3047,afro1255,-9.00460066526689,0.223477404091975,0,-4.499414830965,3.81970411131073
nort2845,aust1307,-3.383704772462659,0.3274395828597385,0,-0.5451413589625,3.113315153916245
nort2942,atha1245,-9.527150994293851,0.48810825186884604,0,-1.936114536196,3.574814678501125
nort2847,aust1307,-2.719811188817589,0.09473412648007774,0,-1.6656311802900001,3.219119289253935
nort2699,drav1251,-9.467963556259573,0.38062238376279545,0,-4.39002637515275,4.142754261293005
nort2961,algi1248,-9.394718175738653,0.45196217189451293,0,-2.416051416727,3.644904162084055
nort2951,maid1262,-9.196074417313913,0.5187888263367968,0,-1.475592223606,3.7583218060519
yaki1237,saha1239,-8.587047894216871,0.3867425939483413,0,-1.6399525937575001,3.689374600803365
nots1237,aust1307,-4.47615282435974,0.23900583101038053,0,-1.3367135268775,3.22025172682461
nsen1242,atla1278,-6.752403521414656,0.313736379658085,0,-4.868577008732499,3.761509705494875
nuer1246,nilo1247,-9.090296523972366,0.4429050869149275,0,-4.575731136885,4.72224311379877
nugu1242,atla1278,-6.269118509211998,0.1796803682277379,0,-4.82201605648515,3.8021723217418497
nukn1238,nucl1709,-4.322840839984869,0.3161581133243782,0,0.0093619356625,3.32143219273047
nuku1260,aust1307,-3.964626181849675,0.28839570802751585,0,-0.28652137880825,3.13202825595721
nung1282,sino1245,-4.4244756215758905,0.37098527056477715,0,1.17523490267875,3.1879585778445847
nusu1239,sino1245,-4.5973013321441165,0.3805564102430501,0,0.27505941680199997,3.2189795146333253
nuuc1236,waka1280,-10.081551905689334,0.7563008183738991,0,-0.86242782417,3.68055613068094
nyah1250,aust1305,-4.808118841285825,0.31655577343790403,0,-1.37388606777075,3.24812090884291
nyak1260,atla1278,-6.830267989908366,0.3215627439946391,0,-4.84154881145625,3.76424344563997
nyan1307,atla1278,-6.766259184370993,0.30883690226603283,0,-4.873154335175,3.77796220338467
nyat1246,atla1278,-6.812164437352461,0.3249071604608515,0,-4.8707179172426756,3.777209145428035
nyaw1247,pama1250,-1.9585926848128024,0.16767901412163583,0,0.782491004458,3.46183928597803
nyis1236,sino1245,-0.9963619742381082,0.02834849817408826,0,1.3536663788725,3.080675408100955
nyor1246,atla1278,-6.743124307082846,0.30178729496430245,0,-4.8756838195215,3.762734373549595
obok1239,lake1255,2.3527037377675866,0.06976083117230888,0,1.7456466137875,3.568085729953475
obom1235,aust1307,-0.6693168768059081,0.10378500905872402,0,0.516858256218,3.1653093225606304
occi1239,indo1319,-6.1119813553633655,0.3052704806532615,0,-3.5275145755235,3.491720776834795
ocot1244,otom1299,-9.48325711927983,0.4111453341241032,0,-2.6396795983175,3.669535253395435
oriy1255,indo1319,-6.265842163776679,0.3549912226545453,0,-2.850915135278,3.36759038466579
ofay1240,nucl1710,-2.6845775347690126,0.20045507089888706,0,-0.24796061137125003,3.46189360633289
kalm1243,mong1349,-8.590871835406944,0.38904878502274975,0,-4.208234565475999,4.50505747399329
okan1243,sali1255,-1.889301656660598,0.144568039341257,0,0.97801043294,3.3638432039407
okin1246,japo1237,-9.522944492062294,0.4811482029733452,0,-3.772572700505,4.161188525284835
oksa1245,nucl1709,-1.4427980985006505,0.11722105727204797,0,0.1204091111975,3.289011664418725
oloo1241,nucl1708,-8.59842742777034,0.3513916613746429,0,-1.32531050210425,3.6898426900518153
olut1240,mixe1284,-2.0516211903035475,0.15139541112740648,0,0.0040756363815,3.46776697638951
omah1247,siou1252,-2.7367914707069936,0.1773907841427918,0,-0.57783453890575,3.473015866996435
omie1241,koia1260,-5.535740019568623,0.176098742204679,0,-3.1521757163652504,3.61029009516938
bira1253,bira1253,-9.304500401057329,0.5224858580366623,1,-4.12461569908,5.229212082103995
onon1246,iroq1247,-9.457904926552823,0.4992123418794598,0,-2.2459545904157503,3.7058685025524447
oroc1248,tung1282,-9.541778010815026,0.4798130625346712,0,-4.7217264151275,4.43821477626208
orok1265,tung1282,-9.538505652674218,0.4811471555194883,0,-4.729027618817501,4.457702676726065
orok1269,nucl1709,1.4157337153126903,0.09365538904425838,0,0.94486113277875,3.24340741195134
orok1266,atla1278,-5.7812004684906,0.1022126970817563,0,-4.773782030045,3.817740953354745
orok1267,nucl1580,-7.005778989631978,0.3257578624197418,0,-1.6808375507875,3.70005712729446
orow1242,aust1307,-2.940047856502665,0.14315522402258624,0,-1.5999279637725001,3.22091765413201
osam1235,atla1278,-6.692219583190788,0.2974511267637071,0,-4.7692687727775,3.80390111389516
otta1242,algi1248,-9.054178580649609,0.4977910531973311,0,-2.3948800256455,3.663777033997745
owaa1237,aust1307,-3.9782727781578004,0.24439573076969298,0,-1.56070188368225,3.22913291990524
paaa1242,afro1255,-8.313087174859628,0.27048063799574346,0,-4.4580490216725,3.8421914443336096
paam1238,aust1307,-2.8508328715786013,0.033612342363228936,0,-1.3516947762815001,3.21282688420243
paas1238,atla1278,-6.657589918857452,0.28136088652403285,0,-4.68608730318,3.85713210658641
paco1243,aust1305,-4.802801505959351,0.27819563371192946,0,-1.3455200651600001,3.22988560481578
pagi1243,atla1278,-6.721550079125133,0.30078472648993904,0,-4.8193444195475,3.8075525374893298
pagu1249,nort2923,-1.5927197265490816,0.02568175815233775,0,-0.34470615267675,3.43982787856545
pahn1237,hmon1336,-11.870732396054384,0.9095583441764364,0,-3.106347007042,3.8548265694083703
pait1244,sino1245,0.6530958516321004,0.13795818799517767,0,2.9427391723075,3.06907654587722
pala1344,aust1307,-3.523909457350929,0.3558183054587625,0,-1.2993817794767502,3.2643138477923648
balu1257,aust1307,-4.579415191882189,0.29768472211704916,0,-1.60010898954125,3.2579336793272846
pamo1252,aust1307,-1.7797040997213736,0.10428978845473699,0,-1.32009299863275,3.2179665535596
pana1307,nucl1710,0.8609960487249673,0.13237078916761355,0,0.6460406034515,3.392692192310675
pang1290,aust1307,-0.6602915856282134,0.06555037243008739,0,-0.6941549957175,3.19187376160323
pang1291,aust1307,-1.013098865429903,0.14869232238213526,0,-1.123995165583,3.1929422063764603
pang1287,atla1278,-6.822114954845573,0.32477446200664695,0,-4.86521233175975,3.76310235458348
pano1254,pano1259,1.0190948875503842,0.09017370939270387,0,1.41692268040625,3.29246393714239
pany1241,pama1250,-2.3049551169087596,0.19819642970252502,0,0.6027656344450001,3.4180053495886
papa1238,toto1251,-7.2394359661134535,0.2562359948441849,0,-2.0004743810625,3.71633967706035
papa1265,aust1307,-2.3428963956385553,0.11471446343792557,0,-0.46021948584,3.1701073933408352
pate1247,aust1307,-3.7985433198458276,0.0962449280197169,0,-1.46349239174275,3.213204608064135
patp1243,aust1307,-3.7218673790210373,0.11578635199461103,0,-1.1733409539575002,3.2206495636211496
patt1248,sino1245,1.4978038349419904,0.202857188949136,0,3.137135141505,3.10715953407931
paul1238,aust1307,-4.5741760123926785,0.37225843970693734,0,-1.5267904695949999,3.249842352998045
pawa1255,pawa1255,-6.944218037539175,0.3463076708691584,1,-1.21933195425,3.69208814386104
pawn1254,cadd1255,-8.256212829237114,0.441250777146926,0,-1.776613090425,3.75382892239777
pela1242,sino1245,-4.1554485154382546,0.3623220711112395,0,0.312793054135,3.212667491100955
pemo1248,cari1283,1.2159284784220326,0.1469282060615266,0,0.7927465612625,3.3728994822579947
pend1242,aust1307,-0.0678561975790552,0.09105701065919344,0,-0.70986607953,3.18855094594302
peng1244,drav1251,-9.758833618987566,0.4365444675064178,0,-4.4801900532325,4.07799895717205
phom1236,sino1245,-0.6925986397858761,0.12697661454627937,0,1.1040773412495,3.09973799173512
pila1245,guai1249,-9.525652234861116,0.605094796238457,0,-1.5414743283115,3.69130198365619
pima1248,utoa1244,-9.666387738849455,0.37447142084022406,0,-3.05259302765,3.60649684995292
pina1252,piaw1238,-5.792101146165958,0.23345750401295967,0,-1.82628352203225,3.676079933292775
ping1243,aust1307,-4.133257641042455,0.3083639150770802,0,-2.014545574524,3.2338350040530752
pint1250,pama1250,2.310168595905801,0.2957126678126394,0,2.60060055276325,3.417564918859725
pite1240,ural1272,-9.675009766854917,0.40890083189612997,0,-4.4098955040275,3.874717218470585
pnar1238,aust1305,-3.36325400747328,0.14730903046081978,0,-1.6812353932250002,3.28810936281543
pohn1238,aust1307,-4.113532254745973,0.31572109345889027,0,-2.016980372073,3.23246740717995
poli1260,indo1319,-6.270101405608576,0.34696540439424023,0,-3.4374122542050003,3.514748981072175
popt1235,maya1287,-4.055865070764631,0.16092418464770344,0,-1.7552983764025,3.572428267660105
port1283,indo1319,-6.05932969951121,0.2935917527957779,0,-3.52009893915,3.4816397358641398
phai1238,aust1305,-5.372749748180594,0.37868424300833725,0,-1.4697513208735,3.23660319523098
psik1239,afro1255,-8.689273552435562,0.21145877028166693,0,-4.4867999136625,3.81738248816251
puin1248,puin1248,-7.86613055618016,0.3972968723889771,1,-1.1301490361862,3.70600546688806
puka1242,aust1307,-2.8805970283067506,0.21568928091401196,0,-0.06265134740615,3.11282340492603
pulu1242,aust1307,-4.194248036161891,0.3391452160252746,0,-2.08959993849875,3.229395887254765
puma1239,sino1245,0.08556809039531466,0.0912732242955365,0,2.2097716192291497,3.0875838022073303
pura1257,pura1257,-6.584582514576439,0.34523100311600396,1,-1.5510667262775,3.6843643847160203
pure1242,tara1323,-8.310041585692673,0.3876386981382628,0,-1.9069736008775,3.761415782562315
puri1258,sino1245,1.647833967605984,0.2314637003973826,0,3.4277896868475004,3.0556148253999202
qanj1241,maya1287,-4.101686361152416,0.19157650440267862,0,-1.7520560320874998,3.564964643474975
qawa1238,kawe1237,-9.019521464417721,0.5297658987418163,0,-1.2214003303625,3.781081670494925
qima1242,afro1255,-10.3959954532646,0.3926859358282704,0,-4.23946358188295,3.8809826644310697
quer1236,otom1299,-8.010353805655228,0.28141834917892844,0,-2.65180763578525,3.62768535896691
quio1240,otom1299,-9.45864396661742,0.39465011080078216,0,-2.60771244259,3.652281708252625
rabh1238,sino1245,-2.3792895062976154,0.1173195090692655,0,0.54154935206425,3.14431526064008
rade1240,aust1307,-5.455151453498738,0.4683136057083647,0,-1.55061958252025,3.205705282030705
raji1240,sino1245,2.634394674705832,0.30624144947080656,0,1.949721038755,3.0974426856944
rapo1238,nort2933,-7.55245908393427,0.38210318713456626,0,-1.56583506032,3.713076321541415
rata1244,aust1307,-3.353961114567391,0.1534515132765592,0,-1.245147786365,3.24002614279908
raut1239,sino1245,2.553187201589181,0.2793612834482576,0,1.9420475182799999,3.096842294688015
remb1250,aust1307,-1.6691878815625207,0.0957452699330082,0,-1.07268427722,3.195960888959455
reng1252,aust1305,-4.769608560489905,0.22261645256661955,0,-1.4590433618279999,3.2371143490917698
rere1240,aust1307,-4.04950514647736,0.08049411877352503,0,-1.4038713694325,3.223685310027655
reye1240,pano1259,-1.6256115603679135,0.17800220218035726,0,1.608111930901,3.349955209606015
rikb1245,nucl1710,-1.8142688507064535,0.10451449765643422,0,-0.5902104296275,3.4794695581756248
beka1241,aust1307,-3.853072513903594,0.24520650626150142,0,-1.3957807759925,3.228894537554985
roma1326,indo1319,-6.235270894805148,0.33357454370173595,0,-3.5067961795525,3.498631795203595
romb1245,aust1307,-1.7450690693019735,0.10872196900760436,0,0.33567155447499997,3.13616158928171
ronn1241,afro1255,-6.790772837986273,0.2992081088565914,0,-4.4749234963925,3.85205068909284
rong1266,sino1245,-3.027949530590301,0.1064790422148051,0,1.24146972281675,3.163738140109645
rong1264,sino1245,-0.9643319171629319,0.17679842241660318,0,2.4187789418325,3.08329498846638
roto1249,nort2933,-8.121250345233555,0.36427926709169756,0,-1.5144950011625,3.71731273144852
rotu1241,aust1307,-2.8425678700401704,0.11978068113090522,0,-0.672465064705,3.168484137938015
rovi1238,aust1307,-0.3053676794382553,0.06442457216089068,0,-0.4594595830375,3.16605930248914
ruch1235,aust1305,-5.078353706836182,0.2881452050220679,0,-1.7076440134275002,3.264628783753505
ruka1240,aust1307,-1.7895363718646795,0.0600361048681715,0,-1.8204400867675,3.35258388664846
ruma1248,aust1305,-4.951164629405541,0.2121466915560996,0,-1.7103323924202498,3.2675240137530652
rung1258,maba1274,-9.362817848467497,0.5443953221851695,0,-4.533501732807251,4.990792978501036
russ1263,indo1319,-6.202841604823927,0.3344370258150404,0,-3.4327239303992503,3.50680974250813
saaa1241,aust1307,-3.85351364814895,0.08075556851994896,0,-1.2805779717317498,3.20336559354996
saaa1240,aust1307,-4.359978256486521,0.22728906922693587,0,-1.5243692043525,3.228050497635115
saam1283,atla1278,-6.743358735441613,0.3015273460173657,0,-4.8814676970225,3.774712106301455
saar1237,aust1307,-1.9418044660740863,0.06932328619133336,0,-1.84481967772425,3.3694782593633
saba1268,namb1299,-6.857246010125941,0.2932542393631469,0,-1.900815996937425,3.693333100089825
sais1237,aust1307,-3.035227901804241,0.08097590785150087,0,-1.4278084152247499,3.37236851113637
yaku1245,turk1311,-9.604836448181516,0.4531706797588307,0,-3.9216276834999997,3.7641939560685147
saki1247,aust1307,-2.024106603601207,0.06664747210968987,0,-1.9412074447785,3.352904607721195
tsis1238,atla1278,-5.283180229485305,0.11265274975018516,0,-3.3923576636325,3.703669251624815
samb1311,atla1278,-5.179678323573202,0.12877845131412802,0,-4.4784933565725,3.858282106828505
samb1305,atla1278,-5.141532355328311,0.13458514409533237,0,-4.723290399870001,3.856381795570755
samo1303,east2433,-5.519597412152722,0.30076310329992023,0,-2.057119225626,3.63829705251084
samo1305,aust1307,-2.0988891065361583,0.11898760534730193,0,0.06598820430675,3.10574126728996
sand1278,huav1256,-8.98786194283264,0.5750828460555599,0,-1.7919960893868998,3.73789634904554
sang1331,atla1278,-6.733624313026715,0.31052539425136594,0,-4.7963644360375,3.79227096964634
sang1321,sino1245,-0.935152125446698,0.1369710862844608,0,1.812873692255,3.1106867731445202
sang1330,atla1278,-6.8213077904557435,0.3250517182288053,0,-4.86551555459525,3.7564939748858404
sani1269,sino1245,-4.41533858942896,0.44140218029548234,0,0.2134392399255,3.1971693873274
sanm1301,otom1299,-8.602251858321118,0.27112178520199015,0,-2.60475413765075,3.664944501910915
sanm1289,quec1387,-8.333187239492325,0.3382901494953226,0,-2.1827918145975,3.6175167702474953
sanm1295,otom1299,-9.220431134844189,0.3712764694456279,0,-2.57295842954075,3.687423843234785
sant1451,otom1299,-9.578338615822272,0.44400236120159625,0,-2.64069489419125,3.6824040273940097
sant1436,otom1299,-9.216080545164084,0.37125480776996983,0,-2.5950305374025,3.683101379279735
sanu1240,yano1268,3.2430909209162486,0.07487657815041626,0,1.8308719424855,3.49422901170354
sapo1253,aust1307,-2.412146214072516,0.09779040946371381,0,-1.0421277685630002,3.202156883652275
sapu1248,aust1305,-4.91333593263991,0.2719064453553767,0,-1.439049353773,3.2373802030448697
sars1236,atha1245,-8.839870463365827,0.3700166199448376,0,-1.9114020376395,3.5732958724860646
sata1237,aust1307,-4.202914425984812,0.3409776302175194,0,-2.0837642136485,3.23018930560182
saur1249,drav1251,-9.311964194329361,0.3931186430218805,0,-4.36762316197925,4.144549581757725
savo1255,savo1255,-10.058204363134529,0.5816103668708833,1,-1.04210776395073,3.855479596246135
saya1246,afro1255,-7.6751243828458335,0.3004624028916314,0,-4.472567262345,3.84382666642364
seda1262,aust1305,-4.760458315046723,0.22564715435945146,0,-1.4514316127825,3.24233519707795
seim1238,aust1307,-3.7376852483664447,0.21039159760165632,0,-1.5636763044275002,3.2390062725200446
seke1241,aust1307,-3.9519795428631563,0.09184374596617914,0,-1.2799867472650002,3.209549208669075
sela1259,aust1307,-3.989036652481952,0.27594034311000465,0,-1.503210462615,3.2597930512458753
sela1260,aust1307,0.33067049946338933,0.1178376556440022,0,0.204553747534425,3.207498162211525
selk1253,ural1272,-9.663457763959398,0.4043885193401428,0,-4.2585440120225,3.9332876807023203
sema1266,aust1305,-1.865122714044639,0.16677267208911384,0,-0.53911737915,3.13660921336664
sema1265,aust1305,1.0969406439307408,0.2155817930718831,0,-0.05616598391435,3.110611802113535
seme1247,aust1305,0.7634709041926966,0.2039710888810952,0,-0.04818363422775,3.109114178536625
sene1264,iroq1247,-9.451119194625145,0.4988662452242703,0,-2.26160694145225,3.71379231492649
seng1281,aust1307,-4.205939970983887,0.2051900337293481,0,-1.30347363852675,3.215562039821055
nucl1632,sent1261,-7.708783362538629,0.36856098023495026,0,-1.2480259159984999,3.6697835675212698
sout1528,indo1319,-6.291119502996322,0.35222512449280635,0,-3.4253767694975,3.508257507960915
seri1257,seri1257,-9.195600839142223,0.523399189816756,1,-1.7918140570999999,3.77791547885501
sgaw1245,sino1245,-3.3349927794375773,0.29537191342451447,0,0.879460783385,3.16134172324976
shab1252,shab1252,-9.016111926213746,0.47275122491580446,1,-4.489734640857501,5.20186467038496
sham1280,atla1278,-6.803057267983835,0.3169964645632697,0,-4.870855811825,3.76162201993982
shan1283,pano1259,-1.4209171236520133,0.09688119855413282,0,0.70755850865,3.290504798829565
shaw1249,algi1248,-9.067663889367008,0.5012084340415137,0,-2.40201197233075,3.6661499658584598
shee1238,hmon1336,-10.614763291245648,0.6840628460162498,0,-3.1038091656024998,3.81107759028962
biao1253,taik1256,-10.875573923193105,0.7430606647909318,0,-2.3873210516205,3.8008567958388397
shil1265,nilo1247,-9.05158243476173,0.4334018762454759,0,-4.58192304212,4.71141013320032
ship1254,pano1259,0.4524522614955053,0.06648050043809262,0,1.24720485351475,3.2861086787844203
shix1238,sino1245,-3.880097149738778,0.30846399504395877,0,0.7715753951775,3.16162893944843
shol1240,drav1251,-9.679749690359765,0.4091397820875744,0,-4.4717602498525,4.0712977328348945
shon1251,atla1278,-6.716284963222623,0.31022570844453373,0,-4.84654733789,3.783792349860575
shor1247,turk1311,-9.59423580638471,0.4531036683041367,0,-3.91005987866675,3.7827296803805304
shos1248,utoa1244,-9.540003770111685,0.35066018395978404,0,-3.017319184728,3.621938431045735
shua1257,jiva1245,-9.035430641822986,0.463040988788377,0,-1.959076442814725,3.6715762417679203
shwe1236,aust1305,-5.262224573885398,0.24526369920029412,0,-1.7041233400909999,3.26594930693767
siaw1243,amto1249,-7.7699737160152225,0.3574114442986751,0,-1.0830598701,3.7830027074035897
sich1238,sino1245,-3.96434844708197,0.35285530264019155,0,0.21004594600280002,3.2019060644905197
sici1248,indo1319,-6.248120275031143,0.34297488448952856,0,-3.50004322385,3.4962422502748254
sici1249,atla1278,-6.730324943513978,0.30260285985769675,0,-4.6784020043595,3.8821260538633453
siee1239,aust1307,-2.8120709083893787,0.08269113929623165,0,-1.5595393795199999,3.21085848946095
sier1250,otom1299,-9.471883885396704,0.3997501533174213,0,-2.6427729923606,3.670938122319535
sier1248,utoa1244,-9.187988431858365,0.3514040905844526,0,-3.13770050697565,3.599754594897755
sika1261,aust1307,-3.294888346908784,0.11503655060899164,0,-0.28498734925275,3.1337225640351853
siks1238,algi1248,-8.399057479339122,0.3214911032072863,0,-2.3956030490830003,3.654764110824
simb1256,aust1307,0.8219419209064363,0.1313997409307982,0,-0.42190300881675,3.18112029843953
sina1266,aust1307,2.10453909199654,0.1984928513790315,0,-0.49378486564199997,3.14772235597267
sioo1240,aust1307,-4.37730106427022,0.1257966764078862,0,-1.2895637023375,3.207053744492055
siri1274,tuca1253,-8.686732196803266,0.38059953348560777,0,-1.77440403009075,3.67097963181374
sile1255,nucl1709,-2.6544415437956843,0.10949503018160425,0,-1.472937081570975,3.495341857585935
situ1238,sino1245,-0.6348780405263703,0.06975370407672875,0,1.391447637702,3.1169287407035897
skol1241,ural1272,-9.664747961018193,0.40774100741318653,0,-4.4251405011159495,3.899373230068195
slov1268,indo1319,-6.273496946553861,0.3486877873252173,0,-3.4239747990450002,3.51623096801177
sooo1254,aust1305,-4.928336159881613,0.32613185801130545,0,-1.36534492291475,3.2358276307733
sobe1238,aust1307,-2.7862341085131406,0.040494792702766375,0,-1.42271869891,3.2404231699161548
soch1239,otom1299,-9.412776479782135,0.3867556079802671,0,-2.6059166444012503,3.65910636034323
soga1242,atla1278,-6.744400136468801,0.30614214479041124,0,-4.872008499970001,3.790770591341235
sons1242,aust1307,-3.997270295792764,0.2898631704272977,0,-2.085598790238,3.23794682734167
mani1235,east1459,-9.85161381291671,0.6679245925979118,0,-1.12641263544175,3.7509870157668352
sout2859,aust1307,-3.312760206773672,0.03712226896595338,0,-1.346233995025,3.21325911571909
sout2976,utoa1244,-8.741220876329423,0.292517880444244,0,-3.0403538984825,3.60049187167913
sout2954,japo1237,-9.551069571196122,0.4871052772041967,0,-3.7801361016325,4.1520418634348
sout2996,ayma1253,-9.66970537009206,0.6556157303465798,0,-1.3939224449849998,3.7212919113438403
sout2730,sino1245,-4.837594021254999,0.48037271530561154,0,0.7101011324090001,3.171757452293615
raro1241,aust1307,-3.227424924748985,0.29357137165348485,0,-0.5815237544,3.1129728455848253
sout2715,sino1245,2.364267907113603,0.11717202848755824,0,3.509417752155,3.090453647899385
sout2826,krua1234,-9.49518235797315,0.5701435116759102,0,-4.6161806587867495,3.88578148482895
sout2956,haid1248,-9.900601908555451,0.6427363386317501,0,-1.365382620805,3.695613869980455
kach1280,sino1245,-3.8895243903371095,0.34529380117954245,0,0.5374614506715,3.1473259804469302
sout2994,namb1299,-7.989972903249711,0.34187365199768693,0,-1.8559689439875,3.712437048063055
sout2649,indo1319,-5.685657900684794,0.2316740356686506,0,-2.8578974521735,3.484477658008995
sout2729,sino1245,-4.258150367405333,0.37047954720679427,0,1.278232994606,3.133217268265155
sout2728,sino1245,-1.4656218181403249,0.07429311676283964,0,1.358285949813,3.1040136975856
sout2918,aust1307,-1.2122520498774514,0.08666285234272399,0,-0.962423042148,3.17901295742669
sout2985,miwo1274,-9.2449024726203,0.5050405681064803,0,-1.3593185641662502,3.66481010620178
sout2807,atla1278,-6.682232076913949,0.29819524979648115,0,-4.88657463168,3.78164261531884
khan1277,sino1245,-2.4824471127130945,0.04774583239498808,0,1.18495941714975,3.1590685580176148
sout2679,ural1272,-9.703824375556717,0.41201142344879393,0,-4.396345917708,3.877230797911685
sout2782,atla1278,-5.130491421305339,0.10122570490146812,0,-4.616300416277,3.8893626767760603
sout2895,aust1307,-4.604894109701624,0.3638752789381061,0,-1.536479599065,3.2523175351436846
sout2674,ural1272,-9.688773387556376,0.410247748034341,0,-4.4193323602025,3.8851070822626452
sout2959,atha1245,-9.549193590783657,0.4911331055069332,0,-1.9473391761798249,3.581555638720915
para1301,aust1305,-5.738153955737048,0.3970920424959522,0,-1.7164694111315,3.2634066692226
sout2869,aust1307,-2.645348188102462,0.09783535419516524,0,-1.6676658134625,3.210959318342095
stan1306,aust1307,-2.2463553678302697,0.05889161476516895,0,-1.7937758127075,3.18333997724957
horp1239,sino1245,0.7911606235918365,0.10328220935701175,0,1.9379018858725,3.109831021632915
suba1238,atla1278,-6.7653152758779935,0.3113556269592874,0,-4.88163189778825,3.748455683461945
sude1239,aust1307,-3.537981444716235,0.1731100564786127,0,-0.9498592659475,3.161749329050725
sumi1235,sino1245,-1.683043099465639,0.02041931467035138,0,1.28229607649945,3.14778156194108
mari1426,aust1307,-4.2479172335841495,0.17539077153295837,0,-1.39754545669675,3.2264611067996247
sunw1242,sino1245,0.7971323008795697,0.06721477578070365,0,2.6425547031725003,3.076169242967305
supy1237,atla1278,-6.72224500519329,0.30458206704318747,0,-4.67642379889175,3.8780561385076897
surg1248,ural1272,-9.66425971371524,0.4078142256054683,0,-4.2926220005425,3.95219979347433
surs1246,aust1307,-3.249692589286124,0.07135626451994957,0,-1.2107329299275,3.21161284967346
swah1253,atla1278,-6.81199048389777,0.32454316780285786,0,-4.8719883310374446,3.7721890464216603
swed1254,indo1319,-6.244787183208163,0.3432243417782776,0,-3.4332652994524997,3.513471734560485
taba1263,nort2923,-0.4295814778269609,0.10699756761755871,0,0.094388528955,3.4184416446092847
taga1272,aust1307,-1.6336748119414435,0.04078330684882102,0,0.076997684493,3.164173667279875
tagi1241,sino1245,-2.6194331870733176,0.0918033998198842,0,1.37612903907,3.08272151194115
tago1246,rash1249,-9.157746702359823,0.47751253305142977,0,-4.628275489476749,5.19089229148495
tagw1240,atla1278,-6.720155008175609,0.30572365721196076,0,-4.68259812268275,3.87237050826889
taha1241,afro1255,-10.477432748607768,0.5607133646042183,0,-4.2920140119350005,3.93496724574661
tahi1242,aust1307,-3.4032757891981893,0.3319969898824443,0,-0.596505857355,3.1078763950901953
taia1239,taia1239,2.40564109612464,0.0691170466175063,1,2.1248173044325,3.50304139896723
taji1246,aust1307,-0.8123436355051412,0.10527304029529153,0,-1.04114156205475,3.184583582247635
taku1257,aust1307,-2.220866018045571,0.14499339446238316,0,-0.06713434585,3.117533022946905
binu1244,aust1307,-1.8307727848631514,0.09084913255446816,0,0.189394622638,3.1663985852884
tali1259,aust1307,-4.563478798166848,0.22120527171246404,0,-1.50495632797475,3.2218809846587
tama1331,tama1329,-9.724910127450457,0.5906632947556955,0,-4.541073400675,4.8154175137297255
malo1243,aust1307,-4.74345347830006,0.17930207831576456,0,-1.41492760231525,3.22216878227026
tama1365,afro1255,-10.476324844117816,0.5544295164252254,0,-4.31025895418,3.928458350992845
tami1290,aust1307,-3.749772742875731,0.08339922598946041,0,-1.3437521339375,3.20269386994796
tami1289,drav1251,-9.679094531105179,0.41040635457946056,0,-4.4861603026275,4.066041750568836
tane1237,aust1307,-2.73008857269966,0.1038476424170656,0,-1.48721077180925,3.21510124473703
tang1377,sino1245,-3.142051143595557,0.15641269523017215,0,1.3629976502977499,3.103509516925585
tang1373,sino1245,-2.3523194374418726,0.13490347590734783,0,0.2980489034375,3.18106179037944
tara1313,sino1245,-2.3987544537083005,0.08051453027980146,0,1.6669013352375002,3.124103496410045
tari1263,afro1255,-10.388323148328615,0.5400587400676118,0,-4.25168626320975,3.9524595798276296
tata1258,otom1299,-9.353868744664961,0.39676236736314846,0,-2.653405805155,3.682701447578275
tata1257,aust1307,-3.654131426154515,0.2740530085103216,0,-1.4317054607409752,3.2335499522907396
tata1255,turk1311,-9.568119002276813,0.44353034631734745,0,-3.9174209429812503,3.7834470382620298
taul1251,taul1250,-9.533637020990977,0.5448786223727936,0,-1.244376486245,3.82009759086374
taus1253,taus1253,-8.536015762454934,0.5118151245949341,1,-1.217568660574525,3.742483747821465
taus1251,aust1307,0.2317323552831736,0.10150108459858698,0,0.48120419694,3.13727905949602
tawa1286,afro1255,-10.273266634251641,0.37443592327375397,0,-4.322460100984999,3.93213172993463
diga1241,sino1245,-3.7811671996283645,0.26255036552259214,0,1.1916255745675,3.132524828264425
tbol1240,aust1307,-2.148183067048061,0.08839372422523979,0,-0.94194810981,3.19263490533914
tean1237,aust1307,-2.771319993556058,0.10351177591970225,0,-1.454831321915,3.23065427422577
teda1241,saha1256,-2.840886824531153,0.19742712960730194,0,0.3770955463625,3.602552454881705
tedi1235,sino1245,0.90969895475755,0.12289996596300615,0,2.91193593142275,3.073643708222415
tega1236,rash1249,-9.13202481779047,0.47327135004715687,0,-4.683461087735,5.20488492500818
tehu1242,chon1288,2.349842521050972,0.06797632015368164,0,0.99129568093925,3.61002188938057
tekt1235,maya1287,-3.922466772027771,0.1501946617022498,0,-1.7220842496528,3.5792827986094897
temi1246,aust1305,-2.541273173535915,0.14735019311791003,0,-0.51366152436325,3.132822140450365
temo1245,otom1299,-8.225063318988262,0.27470050388293993,0,-2.6398022677525,3.630537628918585
temp1235,aust1307,-3.3248603949457545,0.1964760687790585,0,-1.482593049722,3.23325270069894
teng1272,aust1307,-3.3753264481001377,0.16822406972344264,0,-1.23519053630325,3.248065801518395
tenn1246,surm1244,-8.96948564178345,0.5101651831354801,0,-4.74844851573725,4.7902701181163145
teop1238,aust1307,-2.471815938951385,0.11025050998230823,0,-1.0383012640759999,3.183333669319925
tera1251,afro1255,-8.422006566418219,0.23143253241358314,0,-4.4600433375515,3.823416465231915
tere1279,araw1281,-9.165321650936,0.5704605563495229,0,-2.0226690424062497,3.67262408994738
term1237,aust1307,-2.7207438554656536,0.07738931470382986,0,-1.6159161828975,3.2548967291507402
tern1247,nort2923,-2.1457335037041467,0.0621174141125009,0,-0.5552940196425,3.47114514462978
tete1251,utoa1244,-8.783604832541204,0.2595391741799993,0,-3.14258046996,3.595428186699315
thad1238,sino1245,0.36527693471170153,0.12041666359034772,0,2.96181286112475,3.079329008303895
thak1245,sino1245,2.944162717228708,0.25291989093983624,0,3.5813818778575,3.0750043475488047
than1259,sino1245,1.651141277225456,0.14927636842710354,0,3.5491873201475,3.09593975293505
thao1240,aust1307,-1.238783103733228,0.11985751120044083,0,0.0004259350300000013,3.2794929601848803
aheu1239,aust1305,-4.988205041113183,0.3517087194560212,0,-1.3940446678649998,3.238852634487995
thul1246,sino1245,0.5485942292867625,0.10733050437445103,0,2.5204714468400002,3.0702208725336346
tibe1272,sino1245,1.9897659229654567,0.24426500947662946,0,3.2710252697785,3.03189575999887
ticu1245,ticu1244,-7.74845030157026,0.36660198352900386,0,-1.25648802121275,3.695081508711695
tief1242,atla1278,-6.737387222676772,0.29906789142229345,0,-4.670760249095251,3.84956236685828
tief1244,atla1278,-6.735135806951654,0.29891572856236837,0,-4.670804753564999,3.84320526664951
tien1242,atla1278,-6.71523006284446,0.3068029097897372,0,-4.7954062778025,3.814411289023115
tiga1245,aust1307,-4.69527274423198,0.3217166491039771,0,-1.3126900290410002,3.207486796040895
tika1246,atla1278,-5.983235491786852,0.13056431114018796,0,-4.46626636145,3.8760732483224203
tiko1237,aust1307,-2.036448266629029,0.11126856356862613,0,0.0710192329895,3.1071460750222952
tilu1238,sino1245,0.7602886014332828,0.0238671244456168,0,2.79368187074,3.06827292782593
timn1235,atla1278,-6.73735608895538,0.3051257061940873,0,-4.56728249910375,3.9161015886229498
timu1262,aust1307,-3.523739372101441,0.2425128153846633,0,-1.4310436764735,3.23576623687436
tina1248,aust1307,-0.7751935605127915,0.051760386646547134,0,-0.4607472758775,3.18195942982509
maee1241,aust1307,-4.610320359731508,0.14089948255566254,0,-1.41202938228925,3.2128095041917097
tiri1258,aust1307,-2.7405219772133047,0.13322184447757224,0,-1.6169212230899999,3.224100134382555
tiru1241,aust1307,-1.729604304890906,0.09570572072825866,0,-0.9638288008425,3.20115238201427
tita1241,aust1307,-4.481825469174276,0.2769577448219209,0,-1.6469209569025,3.24926385247152
toab1237,aust1307,-4.084009478636151,0.1574663566655323,0,-1.5622209480275,3.23619256059851
toar1246,nucl1580,-7.759774242167865,0.34253518283109136,0,-1.6060090426142501,3.695904710361985
toba1268,leng1261,-9.108396837739097,0.6451994916881812,0,-1.08915586468325,3.737149656694765
tobe1252,nort2923,-2.205300738726435,0.05850814504857854,0,-0.32535919064749996,3.4472940597277146
toda1252,drav1251,-9.679877969888143,0.40789669303643816,0,-4.4668493322725,4.071359185053185
toho1245,utoa1244,-9.667108775366426,0.3706022046424208,0,-3.0590672354875,3.60229667687976
tojo1241,maya1287,-3.6228085330744113,0.12979269190977266,0,-1.72849723766875,3.568446465705305
toke1240,aust1307,1.068786970253175,0.16416837563480952,0,0.15404297982,3.1163949585071498
tong1325,aust1307,1.178153968224665,0.1826185695224936,0,0.36733853847349995,3.1153778022967353
tong1318,atla1278,-6.725305295403091,0.30817177736641227,0,-4.844862288257,3.780072813878445
toor1238,atla1278,-6.75861912911469,0.3037119129235224,0,-4.87574930491,3.7795963384727047
tora1259,aust1307,-1.9509562236819082,0.11234596752499064,0,-0.65037667133575,3.14843747260162
tote1238,atla1278,-6.719976317203487,0.3054371330891437,0,-4.8465071416075,3.787238336520725
toto1302,sino1245,-1.0544831623770943,0.10834921186950701,0,0.6482427041155,3.1367267570573203
touo1238,touo1238,-7.312172908500029,0.37114137235065014,1,-1.634143296235,3.751647846553075
trin1274,araw1281,-9.749242934698202,0.5584252518861043,0,-2.0395096061649998,3.67024070818394
trio1238,cari1283,-1.6426272184941326,0.08012826000761801,0,0.23542223449355,3.380511859722735
trum1247,trum1247,2.368706702081793,0.06603058478658112,1,1.330909627683,3.54150507351813
tsam1247,afro1255,-10.71397824734311,0.44617437861020753,0,-4.25269764139,3.86530873093587
tsat1238,aust1307,-5.171980160798773,0.4833207373989323,0,-1.536804974193,3.21089286056928
tsha1245,sino1245,1.1235361788347982,0.11363671908457823,0,3.392688013909,3.077158979368595
tsix1234,khoe1240,-9.535892074938427,0.5579012771640469,0,-5.0308415991095,5.296511078688395
tsog1243,atla1278,-6.663756695490038,0.2926055345961254,0,-4.78832878620275,3.817355043112535
tson1249,atla1278,-6.698936316695374,0.30269092600280356,0,-4.8731006298975,3.7732959072537398
tswa1255,atla1278,-6.707284121721308,0.3038187185087087,0,-4.868622187645,3.77923395775916
tswa1253,atla1278,-6.699099513565351,0.30099388601664745,0,-4.870352319108999,3.7991718019542953
tuba1278,utoa1244,-9.838488295833349,0.3996053222397741,0,-2.97383277044925,3.618123633848545
tugu1245,aust1307,-4.534311242739555,0.33195034773007365,0,-1.600437644575,3.257146730201725
tuka1248,aust1307,-3.822810824236416,0.22295419284385962,0,-1.2880158684625,3.208012787490705
tuki1240,atla1278,-6.304405687174836,0.18526185965542316,0,-4.8189868843975,3.817736217077605
tula1252,atla1278,-4.548470612661898,0.22672845059738217,0,-4.6581166081525005,3.83820512982311
tulu1258,drav1251,-9.670238343799308,0.4079906492255477,0,-4.448171185349125,4.06538038152412
tuml1238,aust1307,-2.298960836276375,0.07632496477261505,0,-1.3671685572105,3.246071133558505
nene1249,ural1272,-9.660998063489679,0.40892976571473527,0,-4.277212031325,3.953685125167095
tune1261,atla1278,-6.167368847223041,0.15718542468270055,0,-4.827219698625,3.80644093452862
tung1290,aust1307,-4.739109401102727,0.38362091856505137,0,-1.3278982573275,3.2146884580613504
tunn1238,afro1255,-10.897380573057646,0.4943390784613217,0,-4.265076876605,3.855504908998835
turk1303,turk1311,-9.42755892008297,0.4187207472549636,0,-3.909191704104,3.777264413182975
nucl1301,turk1311,-9.631991794342262,0.4574492805883269,0,-3.9317985824964996,3.76912363973534
turk1304,turk1311,-9.444140907757514,0.4249498963222261,0,-3.935231595055,3.777640033092315
tusc1257,iroq1247,-9.445273021854856,0.49836831830004413,0,-2.2726039403145,3.702562129640675
tutu1241,aust1307,-4.731116862856931,0.17698828648990328,0,-1.4181736623274999,3.2280252646519347
tuvi1240,turk1311,-9.593489752826581,0.4517936354958661,0,-3.8923802457925003,3.75355174456753
tuwa1243,aust1307,-0.9889925872418228,0.05598955546601592,0,-0.60335128726725,3.17505927903971
tuwu1238,atla1278,-6.487205800907901,0.24429810528021328,0,-4.637628298225,3.8895901036612397
uuuu1243,aust1305,-5.998013324145441,0.36168044939275223,0,-1.72325801007,3.2552501824426248
ubir1237,aust1307,-1.6203287675171136,0.10472503339852145,0,-1.4721142812669998,3.205417069850135
ughe1237,aust1307,-0.9256402175423162,0.0317271413197851,0,-0.923534684975,3.17323666107068
ugon1239,sino1245,-3.2585290957493855,0.3234787916664754,0,0.313276127098,3.202369853166275
ulch1241,tung1282,-9.539573822460564,0.48101742861010355,0,-4.726192992003,4.463282669563769
ulit1238,aust1307,-4.210941917030471,0.3301174522666263,0,-2.07656311346575,3.23890694972274
yaul1241,kera1258,-6.738260174372218,0.2692395158767419,0,-1.2564125255025,3.718112913284825
umaa1242,aust1307,1.1192333349594472,0.1385353967232604,0,-0.817587544697,3.199490372505625
umbu1257,atla1278,-6.6711951323440015,0.29774706677301366,0,-4.761245156485,3.79223601562749
umbu1258,nucl1709,2.00911768364731,0.1652921184656938,0,1.0389084556072499,3.27699822748132
umes1235,ural1272,-9.679699750647778,0.408729696441036,0,-4.419867111415501,3.885249951707955
unua1237,aust1307,-4.152987223261475,0.08942303780911089,0,-1.40219248992,3.22516804849605
uppe1427,aust1307,-2.876575650200365,0.1375492997034283,0,-1.4690876085300002,3.237568700946575
uppe1275,toto1251,-7.189523731018255,0.25367799282689235,0,-2.00148719163625,3.7034358679703097
urak1238,aust1307,-4.8047176215342535,0.37590604264197747,0,-1.7874276183775,3.1721196697548
urar1246,urar1246,-8.863805841363092,0.48349471095215196,1,-1.361072229036,3.7202771132107753
urav1235,aust1307,-2.860603527315653,0.08224853724088456,0,-1.5551198072574999,3.220505202666275
urim1252,nucl1708,-8.189892076139719,0.3202291077188069,0,-1.3260826381665,3.73162956200457
urip1239,aust1307,-4.575398379738743,0.13632620408812077,0,-1.39076103745,3.22190410158367
urni1239,giim1238,-6.921387897264047,0.364727530940774,0,-1.180251690577,3.75588998238922
utes1238,utoa1244,-9.570985765635122,0.35867666824685535,0,-2.9869192069317503,3.605571672157345
pile1238,aust1307,0.8714374203498627,0.1446166378169943,0,0.37297763715825,3.12394074221295
veps1250,ural1272,-9.670826923173646,0.4069333117248527,0,-4.4131924676861,3.885042025548155
vera1241,aust1307,-4.217161401757108,0.20011751352686344,0,-1.43436781153725,3.229224687300545
viem1243,atla1278,-6.73096781585463,0.2989621980589886,0,-4.667731628877499,3.85508856207209
viet1252,aust1305,-4.856063282955559,0.3376534023399442,0,-1.40022398101875,3.232013506919035
vunj1238,atla1278,-6.8007887803292775,0.3160587390490733,0,-4.8882194556125,3.7987576302727
vure1239,aust1307,-4.215566044993891,0.19694276205354547,0,-1.4232409273714999,3.2072939498217847
vwan1235,atla1278,-6.8239252280696725,0.32381146749530465,0,-4.8606580129250005,3.76302266181634
wadj1254,wadj1254,2.457870813640202,0.06385471828893428,1,1.8745067258725001,3.573691457326915
waga1260,pama1250,-1.5229477692952247,0.15412110299743437,0,0.617730552721,3.48111129059101
wage1238,wage1238,2.5257725069013643,0.06486167592775909,1,1.435456122555,3.59207146665329
waig1244,aust1307,-4.33622654711294,0.3524424201391184,0,-1.550304150221375,3.250774688851715
waim1251,aust1307,-1.9585007564636416,0.1644994610887551,0,-0.8122382049175,3.1413411399036653
waim1252,aust1307,-4.40541002515997,0.28772587393229504,0,-1.64291930724975,3.23509703525188
waim1253,cari1283,0.9112068335823142,0.11326054909490309,0,0.7625115562845,3.37313274942296
waiw1244,cari1283,-1.9749150855774715,0.10814504549856972,0,0.041141109440000004,3.370578565921795
waja1259,atla1278,-4.578485738995516,0.2164031888656688,0,-4.66603405161,3.8504431671667048
wala1266,aust1307,-4.400764091590009,0.1803931445690294,0,-1.55855755535,3.2358645688746304
wamb1257,sino1245,0.3705361512377916,0.07059607438879636,0,2.5808816166475,3.07535039771375
wand1278,afro1255,-8.532986874922964,0.20800343002661534,0,-4.4854092399435,3.8040880411445004
wand1267,aust1307,-4.252791925470021,0.2851921083176419,0,-1.5873258138000002,3.268150154306955
wanm1242,pama1250,1.8345264930937208,0.15595559611596319,0,2.56946682887825,3.440513333129825
saka1289,aust1307,-4.723881533470844,0.2343730416155439,0,-1.425287036700325,3.2142255025549797
waor1240,waor1240,-9.02624868756747,0.518107441506157,1,-1.25005579114575,3.76380472599679
wara1303,wara1303,-8.413847862578589,0.4326043436212515,1,-1.2286737269575,3.701547878110075
wara1300,aust1307,1.416199992208802,0.16025745519648057,0,0.506665275255,3.14178748401966
ware1255,araw1281,-8.360056418682069,0.36634326995497923,0,-1.9785193323025,3.6777620220996603
ware1253,aust1307,-3.196754580208006,0.08038030886539774,0,-1.599818948615,3.261695066128115
wari1268,chap1271,-7.061568829746772,0.3200071093349156,0,-1.2768575407475,3.69257712742767
warj1242,aust1305,-4.013043756506234,0.14917048033930794,0,-1.675481188685,3.281386790321375
waro1242,aust1307,-3.3419912534708973,0.10030712201967992,0,-1.594436058675,3.26410308939004
waru1265,pama1250,1.5383167571299055,0.14314746105084902,0,2.19831790162025,3.42489794081793
wash1253,wash1253,-9.182420679296833,0.5166543731906659,1,-1.58555374330175,3.76990098404643
wawa1246,atla1278,-5.722808487830935,0.09664865984982908,0,-4.4568637262149995,3.86185284713692
waya1269,cari1283,0.7057239332737293,0.1069341218245577,0,0.66274944147275,3.349345679323
wayu1241,sino1245,1.4819550291887298,0.04707771023578867,0,2.7769749311850003,3.0757482524758046
weda1241,aust1307,-3.180493055612558,0.1035201815155521,0,-1.37008773633675,3.218231454518695
wels1247,indo1319,-5.864898079688869,0.43397021080526876,0,-3.4069416121775,3.57030610781606
weri1253,kuni1270,-1.3393868744998763,0.025840610145732138,0,0.3463185170075,3.3966500768440353
west2560,aust1307,-3.556051813542488,0.2277993571932674,0,-1.0389843082225,3.19698958599614
west2548,aust1307,-4.4422329825270825,0.36115096155768145,0,-1.5009007813622501,3.25908927207724
west2615,atha1245,-8.784418022256897,0.3622298325497305,0,-1.91035630765925,3.592899574731155
west2441,pama1250,1.5958085004068225,0.14497911698673177,0,1.5168444979090001,3.4059412572286503
west2397,aust1305,-4.928164852763253,0.3274751177554949,0,-1.3710645608325,3.23384168225975
west2618,eski1264,3.6153907349403562,0.07736773104428525,0,3.3867648288099996,3.418843989059135
west2650,aust1307,-5.4279745727783695,0.5206872028019147,0,-1.5524936981125,3.2122426825181103
west2594,nucl1709,-2.382076655025319,0.11068008343491259,0,0.1318804272025,3.3096878365810802
west2369,indo1319,-6.11682603778935,0.3145507901069326,0,-2.8736619255075,3.46600748699727
west2519,aust1307,-2.7072432299059597,0.17487400607665463,0,-0.65814047964,3.1631009111771053
west2354,indo1319,-6.250530169955151,0.34343915964821053,0,-3.4403360225625,3.516800297166355
west2644,otom1299,-9.393390139602388,0.4037396144135031,0,-2.678270449462,3.67734794536617
west2624,utoa1244,-6.056322175981899,0.18517479901194886,0,-3.1513573840625,3.590147796042255
west2466,atla1278,-6.744865491162844,0.2990303052960268,0,-4.6846335963425005,3.88187146454919
west2632,kere1287,2.3595479402742674,0.0676600266994967,0,1.0883127914946,3.51189621829856
west2396,aust1305,-5.4232912565111135,0.32691871678514106,0,-1.7221909407432499,3.2601704507409046
west2418,sino1245,2.802240082044455,0.2628468968682779,0,3.31329931555475,3.107973388065775
west2392,ural1272,-9.636471826443087,0.39949677582809523,0,-4.33543723692305,3.90617509159425
west2763,afro1255,-10.481828550086853,0.5383718164790908,0,-4.0707325865275,3.8804314137944598
west2386,indo1319,-0.4366135783548319,0.21795752635452315,0,-1.7721705356725002,3.281568000124875
west2557,aust1307,1.714254648396543,0.20745565501147478,0,0.5684099740933024,3.1716182170511598
west2415,sino1245,2.128437656157325,0.09878128001082573,0,3.5382328097249998,3.074466971624785
sanj1284,otom1299,-9.50945127905692,0.4109266899046921,0,-2.6408684494325003,3.671773281716065
west2430,hmon1336,-10.927437847645368,0.7425151385103365,0,-3.118686623,3.838251233952085
west2600,nort2923,-2.594456865930775,0.08875545740998883,0,-0.640808255894,3.5353030877676552
saka1291,aust1307,-4.108094607055718,0.23946938863348535,0,-1.25900077607025,3.21105442208831
west2516,aust1307,1.080299103843303,0.15230361732779163,0,0.245476693475,3.10956547903376
whit1269,aust1307,-2.652034489916111,0.09530024637423694,0,-1.663148504664,3.21430531222035
babi1235,atha1245,-10.065030934610334,0.5861669483934372,0,-1.949442623254475,3.587115388326305
woii1237,aust1307,-3.7556687902251316,0.20068114817537216,0,-1.5964149844075,3.272209371814835
wola1242,gong1255,-9.406191622743012,0.4081471109977978,0,-4.9142264364925,4.65795408864597
wole1240,aust1307,-4.14059834668343,0.3335520438582408,0,-2.0808834939366,3.228294425136535
woli1241,aust1307,-2.634713359494212,0.17862839987484855,0,-1.4516870289497499,3.18635074408327
wotu1240,aust1307,-1.7054564409912283,0.1639920650551891,0,-1.45333601276675,3.200519085158945
wuch1236,sino1245,-2.6564842494120686,0.18841505195887823,0,0.3065221200325,3.176919005785075
wudi1238,sino1245,-4.624466551598474,0.4725717439883827,0,0.21397808364499998,3.203739248643245
wusa1235,sino1245,-4.595370736793189,0.4774838267177621,0,0.212392718777,3.20815010250587
wutu1241,sino1245,-1.5863155123012067,0.09556414990524274,0,0.2886569978475,3.18488997405781
xamt1239,afro1255,-10.544142799707938,0.42313440874039976,0,-4.24337766832,3.86213500425544
xara1244,aust1307,-3.0057650110613094,0.1185190482916849,0,-1.6256626305565,3.219350115432845
xava1240,nucl1710,0.9700902497510544,0.13935829386262,0,0.72609791384675,3.39814877255394
xhos1239,atla1278,-6.669444897614808,0.29679201934272126,0,-4.8781372622225,3.7693583035862153
xish1235,sino1245,-4.833547662488879,0.5009352736414975,0,0.2379783465875,3.21375087063233
xokl1240,nucl1710,-2.8106880488839363,0.23073599571661227,0,0.134666688467,3.427823630238735
yaak1241,afro1255,-10.944839544096762,0.5004768085540776,0,-4.2572856812285,3.85645806742642
yaey1239,japo1237,-9.037716361777179,0.3808907300560159,0,-3.78110892227,4.10720821548661
yagu1244,peba1241,-7.690648613187181,0.3753397464713068,0,-1.127546139029,3.703458300428955
yaka1277,aust1307,1.5389513145142324,0.16108029567408086,0,-0.72944514546075,3.19438017598721
yaka1269,atla1278,-6.701180752294053,0.3033940400285542,0,-4.792600883035,3.795631157103135
yako1252,atla1278,-6.707547458649271,0.30005037785795013,0,-4.69989993338,3.8549707076143402
yale1246,yale1246,-7.927254496989065,0.3672197029558686,1,-1.046320164435,3.7602414634401597
yama1264,yama1264,-9.201683740570642,0.5672794984595576,1,-1.265443937916075,3.758080181421835
yami1254,aust1307,-0.16271229943245746,0.14641083022949453,0,-0.11997968972850001,3.13379363698221
yami1256,pano1259,-2.018940113581015,0.14404589800597667,0,0.7147036939657501,3.2864164400002753
yamp1242,sino1245,1.254939641473812,0.04355032844201823,0,3.09764226357875,3.10553064203768
yano1261,yano1268,2.950846465203253,0.06755377315268356,0,1.8569334296085,3.48987284010572
yaoo1241,atla1278,-6.767738504611122,0.31783537114663324,0,-4.881776331645,3.773547481495905
yape1248,aust1307,-3.628168329567832,0.37050550617051126,0,-1.55032755351075,3.23728588701263
yaqu1251,utoa1244,-9.706395049622392,0.37802913684926753,0,-3.0637225687725,3.617271080858755
yare1248,yare1250,-5.23287917874796,0.22266255087779674,0,-2.0692861528625004,3.652954408428505
yasa1242,atla1278,-6.534817800222125,0.2563944174808132,0,-4.75790353583925,3.812954530192565
yatz1235,otom1299,-9.593866174653321,0.4239009190922967,0,-2.6446923089305,3.675896768437205
yaum1237,nucl1709,-4.2628591936488505,0.2954355533995188,0,0.00515958800225,3.32087834085254
nucl1454,yawa1259,2.2690243217455066,0.0770631383336431,0,1.918439308246,3.584900943795295
yawa1261,araw1281,-8.636593217648272,0.38053914858867627,0,-1.9799170349525,3.6631055931078
yawa1260,pano1259,-1.4185765267628865,0.08799007316186389,0,0.71206467069325,3.2833821385655
yawu1244,nyul1248,2.492154355812751,0.06313514835206763,0,1.1805674801850001,3.638658032100255
yecu1235,toto1251,-7.767755488525129,0.28969824652214765,0,-2.0060071008450002,3.70368005329437
yele1255,yele1255,-8.993995690826164,0.5312417770786751,1,-1.1351552511945,3.7929907482026
yems1235,gong1255,-9.268568997496526,0.3850112775264131,0,-4.933873243415,4.663489161211765
yapu1240,nucl1708,-8.411061962252816,0.3335319781927203,0,-1.2652635628884998,3.7252909744121903
yinc1238,aust1305,-5.078608983151008,0.19555585337689835,0,-1.71305348913,3.250822431640795
yind1247,pama1250,-2.6356974374836972,0.29071680598582855,0,0.6071127549875,3.42180881811504
yoga1237,aust1307,-1.2002002441739332,0.04972466971658956,0,-0.6030815343125,3.175942033985465
yona1241,japo1237,-9.078070195165324,0.3739244503731192,0,-3.78139533961,4.1108226925244296
yong1280,nucl1709,0.8399690196193923,0.12611136880471796,0,0.58358025077675,3.2602014939373047
yora1241,pano1259,-2.182977697517547,0.19068688637622938,0,0.7055283774950001,3.292602694614085
youl1235,sino1245,-4.693281627045324,0.47360741091920455,0,0.25677865218999996,3.2153762350281303
youn1235,hmon1336,-10.840804350547796,0.7676282991293583,0,-3.10554894669275,3.839762726587065
yuca1254,maya1287,-3.482391021489787,0.1815883432722866,0,-1.7655900396147501,3.564771812762645
yuch1247,yuch1247,-9.349948430720609,0.5531047253613661,1,-1.88493828893,3.777125216224335
yuec1235,sino1245,-2.932691313112786,0.24849986302732627,0,0.30051339183250003,3.1676188223408603
yukp1241,cari1283,-2.3905385901072806,0.17880247747025732,0,0.2229768979825,3.4085645586007702
yulp1239,pama1250,2.0670315125115257,0.2453959674352076,0,2.53700422578025,3.4110230384147746
yuqu1240,tupi1275,-3.5263030762539027,0.28555008306761437,0,-1.2148514201924998,3.478403271054185
yura1255,yura1255,-9.86108300784403,0.6312452535963912,1,-1.1065104624775,3.68181873664584
gami1243,pama1250,1.1682805501322662,0.10183129586690136,0,1.5297867169525001,3.446653723297
zaba1237,aust1307,-2.398127035925385,0.09502081785370345,0,-0.704278351393975,3.164703709600145
zaca1242,otom1299,-9.415701580027084,0.4109983804525594,0,-2.6700799442825,3.6813926522285403
zaca1241,utoa1244,-8.126311483218576,0.23901573033042237,0,-3.1432952459775,3.598941955773435
zaiw1241,sino1245,-4.3333186078998684,0.41770817070637434,0,0.287252033355275,3.2209522273422753
zakh1243,sino1245,-3.9065718472821533,0.2904514465794103,0,0.79226336506,3.156381984833335
zamb1245,atla1278,-6.731943817831139,0.3007312414909335,0,-4.80518505004,3.80340094865708
zani1235,otom1299,-9.363990739810253,0.3944231556978008,0,-2.64126079520325,3.6816345883163
zarm1239,song1307,-9.058147799019075,0.49185473610922453,0,-4.2871585440825,4.672953098956335
zays1235,gong1255,-9.423671721693154,0.4130772141025865,0,-4.9487760939875,4.692019979418269
zeme1240,sino1245,-3.1278528310439686,0.11190672551570771,0,1.24112717669175,3.17692672593204
zenz1235,otom1299,-9.337683397872304,0.39170517379840947,0,-2.6309219162925004,3.6834598168183748
zoog1238,otom1299,-9.581180172528367,0.4199047355673689,0,-2.6595524314150003,3.67101134746288
zulg1242,afro1255,-8.85333591343824,0.2161527910912037,0,-4.475912819527,3.81261899218529
zuni1245,zuni1245,-8.37137236363488,0.41050654661767894,1,-1.8696222959275,3.768476530776695
